Source,Treatment,Block,Row,PosInRow,Tag,ID,Surv_2022,Surv_2023,Harvested_AGB,SentForSeq_2023,DryLeafMass_g,LeafSurfaceArea_cm2,SLA_mm2permg,Notes.x,AGB2022_MinusBag,InfBM2022_Wobag_g,InfBM2022smpls_HEADS_2024weigh,InfBM2022smpls_CHAFF_2024weigh,Notes.1,ExcludeBcHarvest,ObjectID,GlobalID,Phenology,Survival,Length.In.Cm,Notes.y,eventDate,ParentGlobalID,CreationDate,Creator,EditDate,Editor,plantID_db,phenology,Plant.Position.In.Row,SOURCE_CODE,HexCode_Indv,Long,Lat,SdZone,Notes,Tmin_Class,AHM_class,seed_zone,New_label,PopAbbrev,SdZnCol,SdZnAbbrev,PopCol,PopOrder,ARFR22$ExcludeBcNotReplaced,ARFR23$ExcludeSurvDueToInconsistData
ARFR-CO932-294-11,black,1,1,1,141,1,1,1,NA,N,0.0149,1.889,12.67785235,NA,NA,NA,NA,NA,"HEADS weight is flower heads, aster bracts with some inner disk florets. Weighed 2024 after infl cleaning",NA,NA,NA,NA,NA,NA,NA,NA,NA,NA,NA,NA,NA,NA,NA,NA,ARFR4-SOS-CO932-294-11,#ABDDA4,-105.2030833,39.78458333,15 - 20 Deg. F. / 3 - 6,,15 - 20 Deg. F.,6-Mar,15 - 20 Deg. F. / 3 - 6,15 - 20 / semi-humid,CO.4,#698b69,"semi-humid, warm",#ABDDA4,H,NA,NA
ARFR-WY050-49-FREMONT-12,black,1,1,2,NA,2,1,1,NA,N,0.0027,0.618,22.88888889,NA,NA,NA,NA,NA,CHAFF weight is inner inflor disk florets and seeds that had fallen out of flower heads. Weighed 2024 after infl cleaning ,NA,NA,NA,NA,NA,NA,NA,NA,NA,NA,NA,NA,NA,NA,NA,NA,ARFR4-SOS-WY050-49-FREMONT-12,#5E4FA2,-109.34775,43.42663611,5 - 10 Deg. F. / 6 - 12,,5 - 10 Deg. F.,12-Jun,5 - 10 Deg. F. / 6 - 12,5 - 10 / semi-arid,WY.3,#ffb90f,"semi-arid, cold",#5E4FA2,K,NA,NA
ARFR-WY930-44-LASANIMAS-13,black,1,1,3,NA,3,1,1,NA,N,0.0019,0.287,15.10526316,NA,NA,NA,NA,NA,NA,NA,NA,NA,NA,NA,NA,NA,NA,NA,NA,NA,NA,NA,NA,NA,NA,ARFR4-SOS-WY930-44-LASANIMAS-13,#FDAE61,-104.6423889,37.16547222,15 - 20 Deg. F. / 3 - 6,,15 - 20 Deg. F.,6-Mar,15 - 20 Deg. F. / 3 - 6,15 - 20 / semi-humid,CO.1,#698b69,"semi-humid, warm",#FDAE61,D,NA,NA
ARFR-CO932-314-JEFFERSON-12,black,1,1,4,NA,4,1,1,NA,N,0.0073,1.264,17.31506849,NA,NA,NA,NA,NA,NA,NA,NA,NA,NA,NA,NA,NA,NA,NA,NA,NA,NA,NA,NA,NA,NA,ARFR4-SOS-CO932-314-JEFFERSON-12,#FEE08B,-105.3553333,39.40902778,10 - 15 Deg. F. / 3 - 6,,10 - 15 Deg. F.,6-Mar,10 - 15 Deg. F. / 3 - 6,10 - 15 / semi-humid,CO.2,#66e566,"semi-humid, cool",#FEE08B,E,NA,NA
ARFR-CO932-316-JEFFERSON-12,black,1,1,5,142,5,1,1,NA,N,0.0049,0.505,10.30612245,NA,NA,NA,NA,NA,NA,NA,NA,NA,NA,NA,NA,NA,NA,NA,NA,NA,NA,NA,NA,NA,NA,ARFR4-SOS-CO932-316-JEFFERSON-12,#FFFF85,-105.358,39.66325,15 - 20 Deg. F. / 3 - 6,,15 - 20 Deg. F.,6-Mar,15 - 20 Deg. F. / 3 - 6,15 - 20 / semi-humid,CO.3,#698b69,"semi-humid, warm",#FFFF85,F,NA,NA
ARFR-CO932-314-JEFFERSON-12,black,1,1,6,NA,6,1,1,NA,N,0.0064,0.813,12.703125,NA,NA,NA,NA,NA,NA,NA,NA,NA,NA,NA,NA,NA,NA,NA,NA,NA,NA,NA,NA,NA,NA,ARFR4-SOS-CO932-314-JEFFERSON-12,#FEE08B,-105.3553333,39.40902778,10 - 15 Deg. F. / 3 - 6,,10 - 15 Deg. F.,6-Mar,10 - 15 Deg. F. / 3 - 6,10 - 15 / semi-humid,CO.2,#66e566,"semi-humid, cool",#FEE08B,E,NA,NA
ARFR-CO932-316-JEFFERSON-12,black,1,1,7,NA,7,1,1,NA,N,0.0082,0.902,11,NA,NA,NA,NA,NA,NA,NA,NA,NA,NA,NA,NA,NA,NA,NA,NA,NA,NA,NA,NA,NA,NA,ARFR4-SOS-CO932-316-JEFFERSON-12,#FFFF85,-105.358,39.66325,15 - 20 Deg. F. / 3 - 6,,15 - 20 Deg. F.,6-Mar,15 - 20 Deg. F. / 3 - 6,15 - 20 / semi-humid,CO.3,#698b69,"semi-humid, warm",#FFFF85,F,NA,NA
ARFR-CO932-314-JEFFERSON-12,black,1,1,8,NA,8,1,1,NA,N,0.011,1.162,10.56363636,NA,NA,NA,NA,NA,NA,NA,NA,NA,NA,NA,NA,NA,NA,NA,NA,NA,NA,NA,NA,NA,NA,ARFR4-SOS-CO932-314-JEFFERSON-12,#FEE08B,-105.3553333,39.40902778,10 - 15 Deg. F. / 3 - 6,,10 - 15 Deg. F.,6-Mar,10 - 15 Deg. F. / 3 - 6,10 - 15 / semi-humid,CO.2,#66e566,"semi-humid, cool",#FEE08B,E,NA,NA
ARFR-WY050-151-FREMONT-16,black,1,1,9,NA,9,1,1,NA,N,0.0074,1.144,15.45945946,NA,NA,NA,NA,NA,NA,NA,NA,NA,NA,NA,NA,NA,NA,NA,NA,NA,NA,NA,NA,NA,NA,ARFR4-SOS-WY050-151-FREMONT-16,#3288BD,-108.1704472,42.47886111,10 - 15 Deg. F. / 6 - 12,,10 - 15 Deg. F.,12-Jun,10 - 15 Deg. F. / 6 - 12,10 - 15 / semi-arid,WY.2,#cd8500,"semi-arid, cool",#3288BD,J,NA,NA
ARFR-WY050-151-FREMONT-16,black,1,1,10,143,10,1,1,NA,N,0.0036,0.63,17.5,NA,NA,NA,NA,NA,NA,NA,NA,NA,NA,NA,NA,NA,NA,NA,NA,NA,NA,NA,NA,NA,NA,ARFR4-SOS-WY050-151-FREMONT-16,#3288BD,-108.1704472,42.47886111,10 - 15 Deg. F. / 6 - 12,,10 - 15 Deg. F.,12-Jun,10 - 15 Deg. F. / 6 - 12,10 - 15 / semi-arid,WY.2,#cd8500,"semi-arid, cool",#3288BD,J,NA,NA
ARFR-CO932-294-11,black,1,1,11,NA,11,1,1,NA,N,0.0052,1.034,19.88461538,NA,NA,NA,NA,NA,NA,NA,NA,NA,NA,NA,NA,NA,NA,NA,NA,NA,NA,NA,NA,NA,NA,ARFR4-SOS-CO932-294-11,#ABDDA4,-105.2030833,39.78458333,15 - 20 Deg. F. / 3 - 6,,15 - 20 Deg. F.,6-Mar,15 - 20 Deg. F. / 3 - 6,15 - 20 / semi-humid,CO.4,#698b69,"semi-humid, warm",#ABDDA4,H,NA,NA
ARFR-NM930N-66-11,black,1,1,12,NA,12,1,1,NA,N,0.0021,0.397,18.9047619,NA,NA,NA,NA,NA,NA,NA,NA,NA,NA,NA,NA,NA,NA,NA,NA,NA,NA,NA,NA,NA,NA,ARFR4-SOS-NM930N-66-11,#F46D43,-107.2045028,36.76818611,10 - 15 Deg. F. / 3 - 6,,10 - 15 Deg. F.,6-Mar,10 - 15 Deg. F. / 3 - 6,10 - 15 / semi-humid,NM.1,#66e566,"semi-humid, cool",#F46D43,C,NA,NA
ARFR-WY050-49-FREMONT-12,black,1,1,13,NA,13,1,1,NA,N,0.0123,1.455,11.82926829,NA,NA,NA,NA,NA,NA,NA,NA,NA,NA,NA,NA,NA,NA,NA,NA,NA,NA,NA,NA,NA,NA,ARFR4-SOS-WY050-49-FREMONT-12,#5E4FA2,-109.34775,43.42663611,5 - 10 Deg. F. / 6 - 12,,5 - 10 Deg. F.,12-Jun,5 - 10 Deg. F. / 6 - 12,5 - 10 / semi-arid,WY.3,#ffb90f,"semi-arid, cold",#5E4FA2,K,NA,NA
ARFR-AZ930-423-NAVAJO-18,black,1,1,14,NA,14,1,1,NA,N,0.0053,0.591,11.1509434,NA,NA,NA,NA,NA,NA,NA,NA,NA,NA,NA,NA,NA,NA,NA,NA,NA,NA,NA,NA,NA,NA,ARFR4-SOS-AZ930-423-NAVAJO-18,#9E0142,-110.431,36.45877,15 - 20 Deg. F. / 6 - 12,SdZones downloaded 20230823,15 - 20 Deg. F.,12-Jun,15 - 20 Deg. F. / 6 - 12,15 - 20 / semi-arid,AZ.1,#ee5c42,"semi-arid, warm",#9E0142,A,NA,NA
ARFR-WY050-151-FREMONT-16,black,1,1,15,144,15,1,1,NA,N,0.0052,0.446,8.576923077,NA,NA,NA,NA,NA,NA,NA,NA,NA,NA,NA,NA,NA,NA,NA,NA,NA,NA,NA,NA,NA,NA,ARFR4-SOS-WY050-151-FREMONT-16,#3288BD,-108.1704472,42.47886111,10 - 15 Deg. F. / 6 - 12,,10 - 15 Deg. F.,12-Jun,10 - 15 Deg. F. / 6 - 12,10 - 15 / semi-arid,WY.2,#cd8500,"semi-arid, cool",#3288BD,J,NA,NA
ARFR-WY040-71-10,black,1,1,16,NA,16,1,1,NA,N,0.0106,0.832,7.849056604,NA,NA,NA,NA,NA,NA,NA,NA,NA,NA,NA,NA,NA,NA,NA,NA,NA,NA,NA,NA,NA,NA,ARFR4-SOS-WY040-71-10,#66C2A5,-109.2433156,41.13271889,5 - 10 Deg. F. / 3 - 6,,5 - 10 Deg. F.,6-Mar,5 - 10 Deg. F. / 3 - 6,5 - 10 / semi-humid,WY.1,#a5c2f1,"semi-humid, cold",#66C2A5,I,NA,NA
ARFR-CO932-294-11,black,1,1,17,NA,17,1,1,NA,N,0.0021,0.232,11.04761905,NA,NA,NA,NA,NA,NA,NA,NA,NA,NA,NA,NA,NA,NA,NA,NA,NA,NA,NA,NA,NA,NA,ARFR4-SOS-CO932-294-11,#ABDDA4,-105.2030833,39.78458333,15 - 20 Deg. F. / 3 - 6,,15 - 20 Deg. F.,6-Mar,15 - 20 Deg. F. / 3 - 6,15 - 20 / semi-humid,CO.4,#698b69,"semi-humid, warm",#ABDDA4,H,NA,NA
ARFR-WY050-49-FREMONT-12,black,1,1,18,NA,18,1,1,NA,N,0.0143,1.411,9.867132867,NA,NA,NA,NA,NA,NA,NA,NA,NA,NA,NA,NA,NA,NA,NA,NA,NA,NA,NA,NA,NA,NA,ARFR4-SOS-WY050-49-FREMONT-12,#5E4FA2,-109.34775,43.42663611,5 - 10 Deg. F. / 6 - 12,,5 - 10 Deg. F.,12-Jun,5 - 10 Deg. F. / 6 - 12,5 - 10 / semi-arid,WY.3,#ffb90f,"semi-arid, cold",#5E4FA2,K,NA,NA
ARFR-CO932-314-JEFFERSON-12,black,1,1,19,NA,19,1,1,NA,N,0.0024,0.302,12.58333333,NA,NA,NA,NA,NA,NA,NA,NA,NA,NA,NA,NA,NA,NA,NA,NA,NA,NA,NA,NA,NA,NA,ARFR4-SOS-CO932-314-JEFFERSON-12,#FEE08B,-105.3553333,39.40902778,10 - 15 Deg. F. / 3 - 6,,10 - 15 Deg. F.,6-Mar,10 - 15 Deg. F. / 3 - 6,10 - 15 / semi-humid,CO.2,#66e566,"semi-humid, cool",#FEE08B,E,NA,NA
ARFR-CO932-314-JEFFERSON-12,black,1,1,20,145,20,1,1,NA,N,0.0075,1.094,14.58666667,NA,NA,NA,NA,NA,NA,NA,NA,NA,NA,NA,NA,NA,NA,NA,NA,NA,NA,NA,NA,NA,NA,ARFR4-SOS-CO932-314-JEFFERSON-12,#FEE08B,-105.3553333,39.40902778,10 - 15 Deg. F. / 3 - 6,,10 - 15 Deg. F.,6-Mar,10 - 15 Deg. F. / 3 - 6,10 - 15 / semi-humid,CO.2,#66e566,"semi-humid, cool",#FEE08B,E,NA,NA
ARFR-WY050-151-FREMONT-16,black,1,1,21,NA,21,1,1,NA,N,0.0033,0.782,23.6969697,NA,NA,NA,NA,NA,NA,NA,NA,NA,NA,NA,NA,NA,NA,NA,NA,NA,NA,NA,NA,NA,NA,ARFR4-SOS-WY050-151-FREMONT-16,#3288BD,-108.1704472,42.47886111,10 - 15 Deg. F. / 6 - 12,,10 - 15 Deg. F.,12-Jun,10 - 15 Deg. F. / 6 - 12,10 - 15 / semi-arid,WY.2,#cd8500,"semi-arid, cool",#3288BD,J,NA,NA
ARFR-WY040-71-10,black,1,1,22,NA,22,1,1,NA,N,0.0038,0.481,12.65789474,NA,NA,NA,NA,NA,NA,NA,NA,NA,NA,NA,NA,NA,NA,NA,NA,NA,NA,NA,NA,NA,NA,ARFR4-SOS-WY040-71-10,#66C2A5,-109.2433156,41.13271889,5 - 10 Deg. F. / 3 - 6,,5 - 10 Deg. F.,6-Mar,5 - 10 Deg. F. / 3 - 6,5 - 10 / semi-humid,WY.1,#a5c2f1,"semi-humid, cold",#66C2A5,I,NA,NA
ARFR-CO932-316-JEFFERSON-12,black,1,1,23,NA,23,1,1,NA,N,0.0096,1.008,10.5,NA,NA,NA,NA,NA,NA,NA,NA,NA,NA,NA,NA,NA,NA,NA,NA,NA,NA,NA,NA,NA,NA,ARFR4-SOS-CO932-316-JEFFERSON-12,#FFFF85,-105.358,39.66325,15 - 20 Deg. F. / 3 - 6,,15 - 20 Deg. F.,6-Mar,15 - 20 Deg. F. / 3 - 6,15 - 20 / semi-humid,CO.3,#698b69,"semi-humid, warm",#FFFF85,F,NA,NA
ARFR-AZ930-422-NAVAJO-18,black,1,1,24,NA,24,1,1,NA,N,0.0098,0.921,9.397959184,NA,NA,NA,NA,NA,NA,NA,NA,NA,NA,NA,NA,NA,NA,NA,NA,NA,NA,NA,NA,NA,NA,ARFR4-SOS-AZ930-422-NAVAJO-18,#D53E4F,-110.431,36.56805,15 - 20 Deg. F. / 6 - 12,Lats corrected 20230127,15 - 20 Deg. F.,12-Jun,15 - 20 Deg. F. / 6 - 12,15 - 20 / semi-arid,AZ.2,#ee5c42,"semi-arid, warm",#D53E4F,B,NA,NA
ARFR-AZ930-423-NAVAJO-18,black,1,1,25,146,25,1,1,NA,Y,0.0037,0.609,16.45945946,NA,NA,NA,NA,NA,NA,NA,NA,NA,NA,NA,NA,NA,NA,NA,NA,NA,NA,NA,NA,NA,NA,ARFR4-SOS-AZ930-423-NAVAJO-18,#9E0142,-110.431,36.45877,15 - 20 Deg. F. / 6 - 12,SdZones downloaded 20230823,15 - 20 Deg. F.,12-Jun,15 - 20 Deg. F. / 6 - 12,15 - 20 / semi-arid,AZ.1,#ee5c42,"semi-arid, warm",#9E0142,A,NA,NA
ARFR-AZ930-422-NAVAJO-18,black,1,1,26,NA,26,1,1,NA,N,0.0086,0.632,7.348837209,NA,NA,NA,NA,NA,NA,NA,NA,NA,NA,NA,NA,NA,NA,NA,NA,NA,NA,NA,NA,NA,NA,ARFR4-SOS-AZ930-422-NAVAJO-18,#D53E4F,-110.431,36.56805,15 - 20 Deg. F. / 6 - 12,Lats corrected 20230127,15 - 20 Deg. F.,12-Jun,15 - 20 Deg. F. / 6 - 12,15 - 20 / semi-arid,AZ.2,#ee5c42,"semi-arid, warm",#D53E4F,B,NA,NA
ARFR-NM930N-66-11,black,1,1,27,NA,27,1,1,NA,N,0.0034,0.391,11.5,NA,NA,NA,NA,NA,NA,NA,NA,NA,NA,NA,NA,NA,NA,NA,NA,NA,NA,NA,NA,NA,NA,ARFR4-SOS-NM930N-66-11,#F46D43,-107.2045028,36.76818611,10 - 15 Deg. F. / 3 - 6,,10 - 15 Deg. F.,6-Mar,10 - 15 Deg. F. / 3 - 6,10 - 15 / semi-humid,NM.1,#66e566,"semi-humid, cool",#F46D43,C,NA,NA
ARFR-WY040-71-10,black,1,1,28,NA,28,1,1,NA,N,0.0034,0.416,12.23529412,NA,NA,NA,NA,NA,NA,NA,NA,NA,NA,NA,NA,NA,NA,NA,NA,NA,NA,NA,NA,NA,NA,ARFR4-SOS-WY040-71-10,#66C2A5,-109.2433156,41.13271889,5 - 10 Deg. F. / 3 - 6,,5 - 10 Deg. F.,6-Mar,5 - 10 Deg. F. / 3 - 6,5 - 10 / semi-humid,WY.1,#a5c2f1,"semi-humid, cold",#66C2A5,I,NA,NA
ARFR-WY040-71-10,black,1,1,29,NA,29,1,1,NA,N,0.0043,0.503,11.69767442,NA,NA,NA,NA,NA,NA,NA,NA,NA,NA,NA,NA,NA,NA,NA,NA,NA,NA,NA,NA,NA,NA,ARFR4-SOS-WY040-71-10,#66C2A5,-109.2433156,41.13271889,5 - 10 Deg. F. / 3 - 6,,5 - 10 Deg. F.,6-Mar,5 - 10 Deg. F. / 3 - 6,5 - 10 / semi-humid,WY.1,#a5c2f1,"semi-humid, cold",#66C2A5,I,NA,NA
ARFR-NM930N-66-11,black,1,1,30,147,30,1,1,NA,N,0.0034,0.532,15.64705882,NA,NA,NA,NA,NA,NA,NA,NA,NA,NA,NA,NA,NA,NA,NA,NA,NA,NA,NA,NA,NA,NA,ARFR4-SOS-NM930N-66-11,#F46D43,-107.2045028,36.76818611,10 - 15 Deg. F. / 3 - 6,,10 - 15 Deg. F.,6-Mar,10 - 15 Deg. F. / 3 - 6,10 - 15 / semi-humid,NM.1,#66e566,"semi-humid, cool",#F46D43,C,NA,NA
ARFR-CO932-294-11,black,1,1,31,NA,31,1,1,NA,Y,0.0033,0.546,16.54545455,NA,NA,NA,NA,NA,NA,NA,NA,NA,NA,NA,NA,NA,NA,NA,NA,NA,NA,NA,NA,NA,NA,ARFR4-SOS-CO932-294-11,#ABDDA4,-105.2030833,39.78458333,15 - 20 Deg. F. / 3 - 6,,15 - 20 Deg. F.,6-Mar,15 - 20 Deg. F. / 3 - 6,15 - 20 / semi-humid,CO.4,#698b69,"semi-humid, warm",#ABDDA4,H,NA,NA
ARFR-WY050-49-FREMONT-12,black,1,1,32,NA,32,1,1,NA,N,0.0022,0.546,24.81818182,NA,NA,NA,NA,NA,NA,NA,NA,NA,NA,NA,NA,NA,NA,NA,NA,NA,NA,NA,NA,NA,NA,ARFR4-SOS-WY050-49-FREMONT-12,#5E4FA2,-109.34775,43.42663611,5 - 10 Deg. F. / 6 - 12,,5 - 10 Deg. F.,12-Jun,5 - 10 Deg. F. / 6 - 12,5 - 10 / semi-arid,WY.3,#ffb90f,"semi-arid, cold",#5E4FA2,K,NA,NA
ARFR-WY040-71-10,black,1,1,33,NA,33,1,1,NA,N,0.007,0.813,11.61428571,NA,NA,NA,NA,NA,NA,NA,NA,NA,NA,NA,NA,NA,NA,NA,NA,NA,NA,NA,NA,NA,NA,ARFR4-SOS-WY040-71-10,#66C2A5,-109.2433156,41.13271889,5 - 10 Deg. F. / 3 - 6,,5 - 10 Deg. F.,6-Mar,5 - 10 Deg. F. / 3 - 6,5 - 10 / semi-humid,WY.1,#a5c2f1,"semi-humid, cold",#66C2A5,I,NA,NA
ARFR-AZ930-422-NAVAJO-18,black,1,1,34,NA,34,1,1,NA,N,0.0152,1.142,7.513157895,NA,NA,NA,NA,NA,NA,NA,NA,NA,NA,NA,NA,NA,NA,NA,NA,NA,NA,NA,NA,NA,NA,ARFR4-SOS-AZ930-422-NAVAJO-18,#D53E4F,-110.431,36.56805,15 - 20 Deg. F. / 6 - 12,Lats corrected 20230127,15 - 20 Deg. F.,12-Jun,15 - 20 Deg. F. / 6 - 12,15 - 20 / semi-arid,AZ.2,#ee5c42,"semi-arid, warm",#D53E4F,B,NA,NA
ARFR-UT080-109-UINTAH-12,black,1,1,35,148,35,1,1,NA,N,0.0083,0.654,7.879518072,NA,NA,NA,NA,NA,NA,NA,NA,NA,NA,NA,NA,NA,NA,NA,NA,NA,NA,NA,NA,NA,NA,ARFR4-SOS-UT080-109-UINTAH-12,#aabe7f,-109.1426444,39.70802222,10 - 15 Deg. F. / 3 - 6,,10 - 15 Deg. F.,6-Mar,10 - 15 Deg. F. / 3 - 6,10 - 15 / semi-humid,UT.1,#66e566,"semi-humid, cool",#aabe7f,G,NA,NA
ARFR-WY050-49-FREMONT-12,black,1,1,36,NA,36,1,1,NA,N,0.0093,1.285,13.8172043,NA,NA,NA,NA,NA,NA,NA,NA,NA,NA,NA,NA,NA,NA,NA,NA,NA,NA,NA,NA,NA,NA,ARFR4-SOS-WY050-49-FREMONT-12,#5E4FA2,-109.34775,43.42663611,5 - 10 Deg. F. / 6 - 12,,5 - 10 Deg. F.,12-Jun,5 - 10 Deg. F. / 6 - 12,5 - 10 / semi-arid,WY.3,#ffb90f,"semi-arid, cold",#5E4FA2,K,NA,NA
ARFR-WY040-71-10,black,1,1,37,NA,37,1,1,NA,N,0.0079,0.728,9.215189873,NA,NA,NA,NA,NA,NA,NA,NA,NA,NA,NA,NA,NA,NA,NA,NA,NA,NA,NA,NA,NA,NA,ARFR4-SOS-WY040-71-10,#66C2A5,-109.2433156,41.13271889,5 - 10 Deg. F. / 3 - 6,,5 - 10 Deg. F.,6-Mar,5 - 10 Deg. F. / 3 - 6,5 - 10 / semi-humid,WY.1,#a5c2f1,"semi-humid, cold",#66C2A5,I,NA,NA
ARFR-AZ930-423-NAVAJO-18,black,1,1,38,NA,38,1,1,NA,N,0.0088,0.657,7.465909091,NA,NA,NA,NA,NA,NA,NA,NA,NA,NA,NA,NA,NA,NA,NA,NA,NA,NA,NA,NA,NA,NA,ARFR4-SOS-AZ930-423-NAVAJO-18,#9E0142,-110.431,36.45877,15 - 20 Deg. F. / 6 - 12,SdZones downloaded 20230823,15 - 20 Deg. F.,12-Jun,15 - 20 Deg. F. / 6 - 12,15 - 20 / semi-arid,AZ.1,#ee5c42,"semi-arid, warm",#9E0142,A,NA,NA
ARFR-WY930-44-LASANIMAS-13,black,1,1,39,NA,39,1,1,NA,N,0.0028,0.474,16.92857143,NA,NA,NA,NA,NA,NA,NA,NA,NA,NA,NA,NA,NA,NA,NA,NA,NA,NA,NA,NA,NA,NA,ARFR4-SOS-WY930-44-LASANIMAS-13,#FDAE61,-104.6423889,37.16547222,15 - 20 Deg. F. / 3 - 6,,15 - 20 Deg. F.,6-Mar,15 - 20 Deg. F. / 3 - 6,15 - 20 / semi-humid,CO.1,#698b69,"semi-humid, warm",#FDAE61,D,NA,NA
ARFR-AZ930-422-NAVAJO-18,black,1,1,40,149,40,1,1,NA,N,NA,NA,NA,envelope empty,NA,NA,NA,NA,NA,NA,NA,NA,NA,NA,NA,NA,NA,NA,NA,NA,NA,NA,NA,NA,NA,ARFR4-SOS-AZ930-422-NAVAJO-18,#D53E4F,-110.431,36.56805,15 - 20 Deg. F. / 6 - 12,Lats corrected 20230127,15 - 20 Deg. F.,12-Jun,15 - 20 Deg. F. / 6 - 12,15 - 20 / semi-arid,AZ.2,#ee5c42,"semi-arid, warm",#D53E4F,B,NA,NA
ARFR-AZ930-422-NAVAJO-18,black,1,1,41,NA,41,1,1,NA,N,0.0063,0.532,8.444444444,NA,NA,NA,NA,NA,NA,NA,NA,NA,NA,NA,NA,NA,NA,NA,NA,NA,NA,NA,NA,NA,NA,ARFR4-SOS-AZ930-422-NAVAJO-18,#D53E4F,-110.431,36.56805,15 - 20 Deg. F. / 6 - 12,Lats corrected 20230127,15 - 20 Deg. F.,12-Jun,15 - 20 Deg. F. / 6 - 12,15 - 20 / semi-arid,AZ.2,#ee5c42,"semi-arid, warm",#D53E4F,B,NA,NA
ARFR-CO932-294-11,black,1,1,42,NA,42,1,1,NA,Y,0.0172,1.231,7.156976744,NA,NA,NA,NA,NA,NA,NA,NA,NA,NA,NA,NA,NA,NA,NA,NA,NA,NA,NA,NA,NA,NA,ARFR4-SOS-CO932-294-11,#ABDDA4,-105.2030833,39.78458333,15 - 20 Deg. F. / 3 - 6,,15 - 20 Deg. F.,6-Mar,15 - 20 Deg. F. / 3 - 6,15 - 20 / semi-humid,CO.4,#698b69,"semi-humid, warm",#ABDDA4,H,NA,NA
ARFR-AZ930-422-NAVAJO-18,black,1,1,43,NA,43,1,1,NA,N,0.0154,1.113,7.227272727,NA,NA,NA,NA,NA,NA,NA,NA,NA,NA,NA,NA,NA,NA,NA,NA,NA,NA,NA,NA,NA,NA,ARFR4-SOS-AZ930-422-NAVAJO-18,#D53E4F,-110.431,36.56805,15 - 20 Deg. F. / 6 - 12,Lats corrected 20230127,15 - 20 Deg. F.,12-Jun,15 - 20 Deg. F. / 6 - 12,15 - 20 / semi-arid,AZ.2,#ee5c42,"semi-arid, warm",#D53E4F,B,NA,NA
ARFR-AZ930-422-NAVAJO-18,black,1,1,44,NA,44,1,1,NA,N,0.0099,0.907,9.161616162,NA,NA,NA,NA,NA,NA,NA,NA,NA,NA,NA,NA,NA,NA,NA,NA,NA,NA,NA,NA,NA,NA,ARFR4-SOS-AZ930-422-NAVAJO-18,#D53E4F,-110.431,36.56805,15 - 20 Deg. F. / 6 - 12,Lats corrected 20230127,15 - 20 Deg. F.,12-Jun,15 - 20 Deg. F. / 6 - 12,15 - 20 / semi-arid,AZ.2,#ee5c42,"semi-arid, warm",#D53E4F,B,NA,NA
ARFR-CO932-314-JEFFERSON-12,black,1,1,45,150,45,1,1,NA,N,0.0042,0.714,17,NA,NA,NA,NA,NA,NA,NA,NA,NA,NA,NA,NA,NA,NA,NA,NA,NA,NA,NA,NA,NA,NA,ARFR4-SOS-CO932-314-JEFFERSON-12,#FEE08B,-105.3553333,39.40902778,10 - 15 Deg. F. / 3 - 6,,10 - 15 Deg. F.,6-Mar,10 - 15 Deg. F. / 3 - 6,10 - 15 / semi-humid,CO.2,#66e566,"semi-humid, cool",#FEE08B,E,NA,NA
ARFR-WY050-49-FREMONT-12,black,1,1,46,NA,46,1,1,NA,N,0.0072,1.1,15.27777778,NA,NA,NA,NA,NA,NA,NA,NA,NA,NA,NA,NA,NA,NA,NA,NA,NA,NA,NA,NA,NA,NA,ARFR4-SOS-WY050-49-FREMONT-12,#5E4FA2,-109.34775,43.42663611,5 - 10 Deg. F. / 6 - 12,,5 - 10 Deg. F.,12-Jun,5 - 10 Deg. F. / 6 - 12,5 - 10 / semi-arid,WY.3,#ffb90f,"semi-arid, cold",#5E4FA2,K,NA,NA
ARFR-WY040-71-10,black,1,1,47,NA,47,1,1,NA,N,0.0045,0.525,11.66666667,NA,NA,NA,NA,NA,NA,NA,NA,NA,NA,NA,NA,NA,NA,NA,NA,NA,NA,NA,NA,NA,NA,ARFR4-SOS-WY040-71-10,#66C2A5,-109.2433156,41.13271889,5 - 10 Deg. F. / 3 - 6,,5 - 10 Deg. F.,6-Mar,5 - 10 Deg. F. / 3 - 6,5 - 10 / semi-humid,WY.1,#a5c2f1,"semi-humid, cold",#66C2A5,I,NA,NA
ARFR-AZ930-423-NAVAJO-18,black,1,1,48,NA,48,1,1,NA,N,0.007,0.798,11.4,NA,NA,NA,NA,NA,NA,NA,NA,NA,NA,NA,NA,NA,NA,NA,NA,NA,NA,NA,NA,NA,NA,ARFR4-SOS-AZ930-423-NAVAJO-18,#9E0142,-110.431,36.45877,15 - 20 Deg. F. / 6 - 12,SdZones downloaded 20230823,15 - 20 Deg. F.,12-Jun,15 - 20 Deg. F. / 6 - 12,15 - 20 / semi-arid,AZ.1,#ee5c42,"semi-arid, warm",#9E0142,A,NA,NA
ARFR-WY040-71-10,black,1,1,49,NA,49,1,1,NA,N,0.0051,0.613,12.01960784,NA,NA,NA,NA,NA,NA,NA,NA,NA,NA,NA,NA,NA,NA,NA,NA,NA,NA,NA,NA,NA,NA,ARFR4-SOS-WY040-71-10,#66C2A5,-109.2433156,41.13271889,5 - 10 Deg. F. / 3 - 6,,5 - 10 Deg. F.,6-Mar,5 - 10 Deg. F. / 3 - 6,5 - 10 / semi-humid,WY.1,#a5c2f1,"semi-humid, cold",#66C2A5,I,NA,NA
ARFR-CO932-294-11,black,1,1,50,151,50,1,1,NA,N,0.0065,1.189,18.29230769,NA,NA,NA,NA,NA,NA,NA,NA,NA,NA,NA,NA,NA,NA,NA,NA,NA,NA,NA,NA,NA,NA,ARFR4-SOS-CO932-294-11,#ABDDA4,-105.2030833,39.78458333,15 - 20 Deg. F. / 3 - 6,,15 - 20 Deg. F.,6-Mar,15 - 20 Deg. F. / 3 - 6,15 - 20 / semi-humid,CO.4,#698b69,"semi-humid, warm",#ABDDA4,H,NA,NA
ARFR-WY040-71-10,black,1,1,51,NA,51,1,1,NA,N,0.0037,0.562,15.18918919,NA,NA,NA,NA,NA,NA,NA,NA,NA,NA,NA,NA,NA,NA,NA,NA,NA,NA,NA,NA,NA,NA,ARFR4-SOS-WY040-71-10,#66C2A5,-109.2433156,41.13271889,5 - 10 Deg. F. / 3 - 6,,5 - 10 Deg. F.,6-Mar,5 - 10 Deg. F. / 3 - 6,5 - 10 / semi-humid,WY.1,#a5c2f1,"semi-humid, cold",#66C2A5,I,NA,NA
ARFR-WY050-151-FREMONT-16,black,1,1,52,NA,52,1,1,NA,Y,0.0037,0.385,10.40540541,NA,NA,NA,NA,NA,NA,NA,NA,NA,NA,NA,NA,NA,NA,NA,NA,NA,NA,NA,NA,NA,NA,ARFR4-SOS-WY050-151-FREMONT-16,#3288BD,-108.1704472,42.47886111,10 - 15 Deg. F. / 6 - 12,,10 - 15 Deg. F.,12-Jun,10 - 15 Deg. F. / 6 - 12,10 - 15 / semi-arid,WY.2,#cd8500,"semi-arid, cool",#3288BD,J,NA,NA
ARFR-WY050-151-FREMONT-16,black,1,1,53,NA,53,1,1,NA,N,0.0033,0.416,12.60606061,NA,NA,NA,NA,NA,NA,NA,NA,NA,NA,NA,NA,NA,NA,NA,NA,NA,NA,NA,NA,NA,NA,ARFR4-SOS-WY050-151-FREMONT-16,#3288BD,-108.1704472,42.47886111,10 - 15 Deg. F. / 6 - 12,,10 - 15 Deg. F.,12-Jun,10 - 15 Deg. F. / 6 - 12,10 - 15 / semi-arid,WY.2,#cd8500,"semi-arid, cool",#3288BD,J,NA,NA
ARFR-WY930-44-LASANIMAS-13,black,1,1,54,NA,54,1,1,NA,N,0.0046,0.709,15.41304348,NA,NA,NA,NA,NA,NA,NA,NA,NA,NA,NA,NA,NA,NA,NA,NA,NA,NA,NA,NA,NA,NA,ARFR4-SOS-WY930-44-LASANIMAS-13,#FDAE61,-104.6423889,37.16547222,15 - 20 Deg. F. / 3 - 6,,15 - 20 Deg. F.,6-Mar,15 - 20 Deg. F. / 3 - 6,15 - 20 / semi-humid,CO.1,#698b69,"semi-humid, warm",#FDAE61,D,NA,NA
ARFR-WY050-151-FREMONT-16,black,1,1,55,152,55,1,1,NA,N,0.0039,0.604,15.48717949,NA,NA,NA,NA,NA,NA,NA,NA,NA,NA,NA,NA,NA,NA,NA,NA,NA,NA,NA,NA,NA,NA,ARFR4-SOS-WY050-151-FREMONT-16,#3288BD,-108.1704472,42.47886111,10 - 15 Deg. F. / 6 - 12,,10 - 15 Deg. F.,12-Jun,10 - 15 Deg. F. / 6 - 12,10 - 15 / semi-arid,WY.2,#cd8500,"semi-arid, cool",#3288BD,J,NA,NA
ARFR-AZ930-422-NAVAJO-18,black,1,2,1,141,56,1,1,NA,N,0.0129,1.456,11.28682171,NA,NA,NA,NA,NA,NA,NA,NA,NA,NA,NA,NA,NA,NA,NA,NA,NA,NA,NA,NA,NA,NA,ARFR4-SOS-AZ930-422-NAVAJO-18,#D53E4F,-110.431,36.56805,15 - 20 Deg. F. / 6 - 12,Lats corrected 20230127,15 - 20 Deg. F.,12-Jun,15 - 20 Deg. F. / 6 - 12,15 - 20 / semi-arid,AZ.2,#ee5c42,"semi-arid, warm",#D53E4F,B,NA,NA
ARFR-CO932-294-11,black,1,2,2,NA,57,1,1,NA,Y,0.0081,1.095,13.51851852,NA,NA,NA,NA,NA,NA,NA,NA,NA,NA,NA,NA,NA,NA,NA,NA,NA,NA,NA,NA,NA,NA,ARFR4-SOS-CO932-294-11,#ABDDA4,-105.2030833,39.78458333,15 - 20 Deg. F. / 3 - 6,,15 - 20 Deg. F.,6-Mar,15 - 20 Deg. F. / 3 - 6,15 - 20 / semi-humid,CO.4,#698b69,"semi-humid, warm",#ABDDA4,H,NA,NA
ARFR-NM930N-66-11,black,1,2,3,NA,58,1,1,NA,N,0.0123,1.215,9.87804878,NA,NA,NA,NA,NA,NA,NA,NA,NA,NA,NA,NA,NA,NA,NA,NA,NA,NA,NA,NA,NA,NA,ARFR4-SOS-NM930N-66-11,#F46D43,-107.2045028,36.76818611,10 - 15 Deg. F. / 3 - 6,,10 - 15 Deg. F.,6-Mar,10 - 15 Deg. F. / 3 - 6,10 - 15 / semi-humid,NM.1,#66e566,"semi-humid, cool",#F46D43,C,NA,NA
ARFR-NM930N-66-11,black,1,2,4,NA,59,1,1,NA,N,0.0078,0.961,12.32051282,NA,NA,NA,NA,NA,NA,NA,NA,NA,NA,NA,NA,NA,NA,NA,NA,NA,NA,NA,NA,NA,NA,ARFR4-SOS-NM930N-66-11,#F46D43,-107.2045028,36.76818611,10 - 15 Deg. F. / 3 - 6,,10 - 15 Deg. F.,6-Mar,10 - 15 Deg. F. / 3 - 6,10 - 15 / semi-humid,NM.1,#66e566,"semi-humid, cool",#F46D43,C,NA,NA
ARFR-NM930N-66-11,black,1,2,5,142,60,1,1,NA,N,0.0061,0.673,11.03278689,NA,NA,NA,NA,NA,NA,NA,NA,NA,NA,NA,NA,NA,NA,NA,NA,NA,NA,NA,NA,NA,NA,ARFR4-SOS-NM930N-66-11,#F46D43,-107.2045028,36.76818611,10 - 15 Deg. F. / 3 - 6,,10 - 15 Deg. F.,6-Mar,10 - 15 Deg. F. / 3 - 6,10 - 15 / semi-humid,NM.1,#66e566,"semi-humid, cool",#F46D43,C,NA,NA
ARFR-WY050-151-FREMONT-16,black,1,2,6,NA,61,1,1,NA,N,0.0099,1.349,13.62626263,NA,NA,NA,NA,NA,NA,NA,NA,NA,NA,NA,NA,NA,NA,NA,NA,NA,NA,NA,NA,NA,NA,ARFR4-SOS-WY050-151-FREMONT-16,#3288BD,-108.1704472,42.47886111,10 - 15 Deg. F. / 6 - 12,,10 - 15 Deg. F.,12-Jun,10 - 15 Deg. F. / 6 - 12,10 - 15 / semi-arid,WY.2,#cd8500,"semi-arid, cool",#3288BD,J,NA,NA
ARFR-WY930-44-LASANIMAS-13,black,1,2,7,NA,62,1,1,NA,N,0.0071,0.896,12.61971831,NA,NA,NA,NA,NA,NA,NA,NA,NA,NA,NA,NA,NA,NA,NA,NA,NA,NA,NA,NA,NA,NA,ARFR4-SOS-WY930-44-LASANIMAS-13,#FDAE61,-104.6423889,37.16547222,15 - 20 Deg. F. / 3 - 6,,15 - 20 Deg. F.,6-Mar,15 - 20 Deg. F. / 3 - 6,15 - 20 / semi-humid,CO.1,#698b69,"semi-humid, warm",#FDAE61,D,NA,NA
ARFR-CO932-294-11,black,1,2,8,NA,63,1,1,NA,N,0.0081,0.976,12.04938272,NA,NA,NA,NA,NA,NA,NA,NA,NA,NA,NA,NA,NA,NA,NA,NA,NA,NA,NA,NA,NA,NA,ARFR4-SOS-CO932-294-11,#ABDDA4,-105.2030833,39.78458333,15 - 20 Deg. F. / 3 - 6,,15 - 20 Deg. F.,6-Mar,15 - 20 Deg. F. / 3 - 6,15 - 20 / semi-humid,CO.4,#698b69,"semi-humid, warm",#ABDDA4,H,NA,NA
ARFR-WY040-71-10,black,1,2,9,NA,64,1,1,NA,Y,0.0048,0.578,12.04166667,NA,NA,NA,NA,NA,NA,NA,NA,NA,NA,NA,NA,NA,NA,NA,NA,NA,NA,NA,NA,NA,NA,ARFR4-SOS-WY040-71-10,#66C2A5,-109.2433156,41.13271889,5 - 10 Deg. F. / 3 - 6,,5 - 10 Deg. F.,6-Mar,5 - 10 Deg. F. / 3 - 6,5 - 10 / semi-humid,WY.1,#a5c2f1,"semi-humid, cold",#66C2A5,I,NA,NA
ARFR-AZ930-422-NAVAJO-18,black,1,2,10,143,65,1,1,NA,N,0.0029,0.516,17.79310345,NA,NA,NA,NA,NA,NA,NA,NA,NA,NA,NA,NA,NA,NA,NA,NA,NA,NA,NA,NA,NA,NA,ARFR4-SOS-AZ930-422-NAVAJO-18,#D53E4F,-110.431,36.56805,15 - 20 Deg. F. / 6 - 12,Lats corrected 20230127,15 - 20 Deg. F.,12-Jun,15 - 20 Deg. F. / 6 - 12,15 - 20 / semi-arid,AZ.2,#ee5c42,"semi-arid, warm",#D53E4F,B,NA,NA
ARFR-WY050-49-FREMONT-12,black,1,2,11,NA,66,1,1,NA,Y,0.0056,1.039,18.55357143,NA,NA,NA,NA,NA,NA,NA,NA,NA,NA,NA,NA,NA,NA,NA,NA,NA,NA,NA,NA,NA,NA,ARFR4-SOS-WY050-49-FREMONT-12,#5E4FA2,-109.34775,43.42663611,5 - 10 Deg. F. / 6 - 12,,5 - 10 Deg. F.,12-Jun,5 - 10 Deg. F. / 6 - 12,5 - 10 / semi-arid,WY.3,#ffb90f,"semi-arid, cold",#5E4FA2,K,NA,NA
ARFR-UT080-109-UINTAH-12,black,1,2,12,NA,67,1,1,NA,N,0.0084,0.936,11.14285714,NA,NA,NA,NA,NA,NA,NA,NA,NA,NA,NA,NA,NA,NA,NA,NA,NA,NA,NA,NA,NA,NA,ARFR4-SOS-UT080-109-UINTAH-12,#aabe7f,-109.1426444,39.70802222,10 - 15 Deg. F. / 3 - 6,,10 - 15 Deg. F.,6-Mar,10 - 15 Deg. F. / 3 - 6,10 - 15 / semi-humid,UT.1,#66e566,"semi-humid, cool",#aabe7f,G,NA,NA
ARFR-WY930-44-LASANIMAS-13,black,1,2,13,NA,68,1,1,NA,Y,0.0051,0.614,12.03921569,NA,NA,NA,NA,NA,NA,NA,NA,NA,NA,NA,NA,NA,NA,NA,NA,NA,NA,NA,NA,NA,NA,ARFR4-SOS-WY930-44-LASANIMAS-13,#FDAE61,-104.6423889,37.16547222,15 - 20 Deg. F. / 3 - 6,,15 - 20 Deg. F.,6-Mar,15 - 20 Deg. F. / 3 - 6,15 - 20 / semi-humid,CO.1,#698b69,"semi-humid, warm",#FDAE61,D,NA,NA
ARFR-AZ930-423-NAVAJO-18,black,1,2,14,NA,69,1,1,NA,N,0.0033,0.492,14.90909091,NA,NA,NA,NA,NA,NA,NA,NA,NA,NA,NA,NA,NA,NA,NA,NA,NA,NA,NA,NA,NA,NA,ARFR4-SOS-AZ930-423-NAVAJO-18,#9E0142,-110.431,36.45877,15 - 20 Deg. F. / 6 - 12,SdZones downloaded 20230823,15 - 20 Deg. F.,12-Jun,15 - 20 Deg. F. / 6 - 12,15 - 20 / semi-arid,AZ.1,#ee5c42,"semi-arid, warm",#9E0142,A,NA,NA
ARFR-WY050-151-FREMONT-16,black,1,2,15,144,70,1,1,NA,N,0.0028,0.503,17.96428571,NA,NA,NA,NA,NA,NA,NA,NA,NA,NA,NA,NA,NA,NA,NA,NA,NA,NA,NA,NA,NA,NA,ARFR4-SOS-WY050-151-FREMONT-16,#3288BD,-108.1704472,42.47886111,10 - 15 Deg. F. / 6 - 12,,10 - 15 Deg. F.,12-Jun,10 - 15 Deg. F. / 6 - 12,10 - 15 / semi-arid,WY.2,#cd8500,"semi-arid, cool",#3288BD,J,NA,NA
ARFR-WY050-151-FREMONT-16,black,1,2,16,NA,71,1,1,NA,N,0.0047,0.74,15.74468085,NA,NA,NA,NA,NA,NA,NA,NA,NA,NA,NA,NA,NA,NA,NA,NA,NA,NA,NA,NA,NA,NA,ARFR4-SOS-WY050-151-FREMONT-16,#3288BD,-108.1704472,42.47886111,10 - 15 Deg. F. / 6 - 12,,10 - 15 Deg. F.,12-Jun,10 - 15 Deg. F. / 6 - 12,10 - 15 / semi-arid,WY.2,#cd8500,"semi-arid, cool",#3288BD,J,NA,NA
ARFR-CO932-314-JEFFERSON-12,black,1,2,17,NA,72,1,1,NA,N,0.0044,0.573,13.02272727,NA,NA,NA,NA,NA,NA,NA,NA,NA,NA,NA,NA,NA,NA,NA,NA,NA,NA,NA,NA,NA,NA,ARFR4-SOS-CO932-314-JEFFERSON-12,#FEE08B,-105.3553333,39.40902778,10 - 15 Deg. F. / 3 - 6,,10 - 15 Deg. F.,6-Mar,10 - 15 Deg. F. / 3 - 6,10 - 15 / semi-humid,CO.2,#66e566,"semi-humid, cool",#FEE08B,E,NA,NA
ARFR-UT080-109-UINTAH-12,black,1,2,18,NA,73,1,1,NA,N,0.0037,0.487,13.16216216,NA,NA,NA,NA,NA,NA,NA,NA,NA,NA,NA,NA,NA,NA,NA,NA,NA,NA,NA,NA,NA,NA,ARFR4-SOS-UT080-109-UINTAH-12,#aabe7f,-109.1426444,39.70802222,10 - 15 Deg. F. / 3 - 6,,10 - 15 Deg. F.,6-Mar,10 - 15 Deg. F. / 3 - 6,10 - 15 / semi-humid,UT.1,#66e566,"semi-humid, cool",#aabe7f,G,NA,NA
ARFR-CO932-316-JEFFERSON-12,black,1,2,19,NA,74,1,1,NA,N,0.0158,1.758,11.12658228,NA,NA,NA,NA,NA,NA,NA,NA,NA,NA,NA,NA,NA,NA,NA,NA,NA,NA,NA,NA,NA,NA,ARFR4-SOS-CO932-316-JEFFERSON-12,#FFFF85,-105.358,39.66325,15 - 20 Deg. F. / 3 - 6,,15 - 20 Deg. F.,6-Mar,15 - 20 Deg. F. / 3 - 6,15 - 20 / semi-humid,CO.3,#698b69,"semi-humid, warm",#FFFF85,F,NA,NA
ARFR-CO932-316-JEFFERSON-12,black,1,2,20,145,75,1,1,NA,N,0.0099,0.994,10.04040404,NA,NA,NA,NA,NA,NA,NA,NA,NA,NA,NA,NA,NA,NA,NA,NA,NA,NA,NA,NA,NA,NA,ARFR4-SOS-CO932-316-JEFFERSON-12,#FFFF85,-105.358,39.66325,15 - 20 Deg. F. / 3 - 6,,15 - 20 Deg. F.,6-Mar,15 - 20 Deg. F. / 3 - 6,15 - 20 / semi-humid,CO.3,#698b69,"semi-humid, warm",#FFFF85,F,NA,NA
ARFR-UT080-109-UINTAH-12,black,1,2,21,NA,76,1,1,126.032,N,0.0015,0.378,25.2,NA,126.032,29.99,9.29,9.24,NA,Y,NA,NA,NA,NA,NA,NA,NA,NA,NA,NA,NA,NA,NA,NA,NA,ARFR4-SOS-UT080-109-UINTAH-12,#aabe7f,-109.1426444,39.70802222,10 - 15 Deg. F. / 3 - 6,,10 - 15 Deg. F.,6-Mar,10 - 15 Deg. F. / 3 - 6,10 - 15 / semi-humid,UT.1,#66e566,"semi-humid, cool",#aabe7f,G,NA,NA
ARFR-WY050-49-FREMONT-12,black,1,2,22,NA,77,1,1,NA,N,0.0031,0.54,17.41935484,NA,NA,NA,NA,NA,NA,NA,NA,NA,NA,NA,NA,NA,NA,NA,NA,NA,NA,NA,NA,NA,NA,ARFR4-SOS-WY050-49-FREMONT-12,#5E4FA2,-109.34775,43.42663611,5 - 10 Deg. F. / 6 - 12,,5 - 10 Deg. F.,12-Jun,5 - 10 Deg. F. / 6 - 12,5 - 10 / semi-arid,WY.3,#ffb90f,"semi-arid, cold",#5E4FA2,K,NA,NA
ARFR-AZ930-423-NAVAJO-18,black,1,2,23,NA,78,1,1,NA,N,0.0046,0.58,12.60869565,NA,NA,NA,NA,NA,NA,NA,NA,NA,NA,NA,NA,NA,NA,NA,NA,NA,NA,NA,NA,NA,NA,ARFR4-SOS-AZ930-423-NAVAJO-18,#9E0142,-110.431,36.45877,15 - 20 Deg. F. / 6 - 12,SdZones downloaded 20230823,15 - 20 Deg. F.,12-Jun,15 - 20 Deg. F. / 6 - 12,15 - 20 / semi-arid,AZ.1,#ee5c42,"semi-arid, warm",#9E0142,A,NA,NA
ARFR-WY050-151-FREMONT-16,black,1,2,24,NA,79,1,1,NA,N,0.0012,0.262,21.83333333,NA,NA,NA,NA,NA,NA,NA,NA,NA,NA,NA,NA,NA,NA,NA,NA,NA,NA,NA,NA,NA,NA,ARFR4-SOS-WY050-151-FREMONT-16,#3288BD,-108.1704472,42.47886111,10 - 15 Deg. F. / 6 - 12,,10 - 15 Deg. F.,12-Jun,10 - 15 Deg. F. / 6 - 12,10 - 15 / semi-arid,WY.2,#cd8500,"semi-arid, cool",#3288BD,J,NA,Y
ARFR-CO932-314-JEFFERSON-12,black,1,2,25,146,80,1,1,NA,N,0.0031,0.463,14.93548387,NA,NA,NA,NA,NA,NA,NA,NA,NA,NA,NA,NA,NA,NA,NA,NA,NA,NA,NA,NA,NA,NA,ARFR4-SOS-CO932-314-JEFFERSON-12,#FEE08B,-105.3553333,39.40902778,10 - 15 Deg. F. / 3 - 6,,10 - 15 Deg. F.,6-Mar,10 - 15 Deg. F. / 3 - 6,10 - 15 / semi-humid,CO.2,#66e566,"semi-humid, cool",#FEE08B,E,NA,NA
ARFR-WY050-49-FREMONT-12,black,1,2,26,NA,81,0,0,NA,N,NA,NA,NA,no envelope,NA,NA,NA,NA,NA,NA,NA,NA,NA,NA,NA,NA,NA,NA,NA,NA,NA,NA,NA,NA,NA,ARFR4-SOS-WY050-49-FREMONT-12,#5E4FA2,-109.34775,43.42663611,5 - 10 Deg. F. / 6 - 12,,5 - 10 Deg. F.,12-Jun,5 - 10 Deg. F. / 6 - 12,5 - 10 / semi-arid,WY.3,#ffb90f,"semi-arid, cold",#5E4FA2,K,NA,NA
ARFR-WY930-44-LASANIMAS-13,black,1,2,27,NA,82,1,1,NA,N,0.0037,0.536,14.48648649,NA,NA,NA,NA,NA,NA,NA,NA,NA,NA,NA,NA,NA,NA,NA,NA,NA,NA,NA,NA,NA,NA,ARFR4-SOS-WY930-44-LASANIMAS-13,#FDAE61,-104.6423889,37.16547222,15 - 20 Deg. F. / 3 - 6,,15 - 20 Deg. F.,6-Mar,15 - 20 Deg. F. / 3 - 6,15 - 20 / semi-humid,CO.1,#698b69,"semi-humid, warm",#FDAE61,D,NA,NA
ARFR-WY050-49-FREMONT-12,black,1,2,28,NA,83,1,1,NA,N,0.0015,0.297,19.8,NA,NA,NA,NA,NA,NA,NA,NA,NA,NA,NA,NA,NA,NA,NA,NA,NA,NA,NA,NA,NA,NA,ARFR4-SOS-WY050-49-FREMONT-12,#5E4FA2,-109.34775,43.42663611,5 - 10 Deg. F. / 6 - 12,,5 - 10 Deg. F.,12-Jun,5 - 10 Deg. F. / 6 - 12,5 - 10 / semi-arid,WY.3,#ffb90f,"semi-arid, cold",#5E4FA2,K,NA,NA
ARFR-WY050-151-FREMONT-16,black,1,2,29,NA,84,1,1,NA,N,0.0023,0.413,17.95652174,NA,NA,NA,NA,NA,NA,NA,NA,NA,NA,NA,NA,NA,NA,NA,NA,NA,NA,NA,NA,NA,NA,ARFR4-SOS-WY050-151-FREMONT-16,#3288BD,-108.1704472,42.47886111,10 - 15 Deg. F. / 6 - 12,,10 - 15 Deg. F.,12-Jun,10 - 15 Deg. F. / 6 - 12,10 - 15 / semi-arid,WY.2,#cd8500,"semi-arid, cool",#3288BD,J,NA,NA
ARFR-CO932-316-JEFFERSON-12,black,1,2,30,147,85,1,1,NA,N,0.0046,0.932,20.26086957,NA,NA,NA,NA,NA,NA,NA,NA,NA,NA,NA,NA,NA,NA,NA,NA,NA,NA,NA,NA,NA,NA,ARFR4-SOS-CO932-316-JEFFERSON-12,#FFFF85,-105.358,39.66325,15 - 20 Deg. F. / 3 - 6,,15 - 20 Deg. F.,6-Mar,15 - 20 Deg. F. / 3 - 6,15 - 20 / semi-humid,CO.3,#698b69,"semi-humid, warm",#FFFF85,F,NA,NA
ARFR-WY930-44-LASANIMAS-13,black,1,2,31,NA,86,1,1,NA,N,0.0021,0.343,16.33333333,NA,NA,NA,NA,NA,NA,NA,NA,NA,NA,NA,NA,NA,NA,NA,NA,NA,NA,NA,NA,NA,NA,ARFR4-SOS-WY930-44-LASANIMAS-13,#FDAE61,-104.6423889,37.16547222,15 - 20 Deg. F. / 3 - 6,,15 - 20 Deg. F.,6-Mar,15 - 20 Deg. F. / 3 - 6,15 - 20 / semi-humid,CO.1,#698b69,"semi-humid, warm",#FDAE61,D,NA,NA
ARFR-WY930-44-LASANIMAS-13,black,1,2,32,NA,87,1,1,NA,N,0.0025,0.417,16.68,NA,NA,NA,NA,NA,NA,NA,NA,NA,NA,NA,NA,NA,NA,NA,NA,NA,NA,NA,NA,NA,NA,ARFR4-SOS-WY930-44-LASANIMAS-13,#FDAE61,-104.6423889,37.16547222,15 - 20 Deg. F. / 3 - 6,,15 - 20 Deg. F.,6-Mar,15 - 20 Deg. F. / 3 - 6,15 - 20 / semi-humid,CO.1,#698b69,"semi-humid, warm",#FDAE61,D,NA,NA
ARFR-CO932-314-JEFFERSON-12,black,1,2,33,NA,88,1,1,NA,N,0.0064,1.184,18.5,NA,NA,NA,NA,NA,NA,NA,NA,NA,NA,NA,NA,NA,NA,NA,NA,NA,NA,NA,NA,NA,NA,ARFR4-SOS-CO932-314-JEFFERSON-12,#FEE08B,-105.3553333,39.40902778,10 - 15 Deg. F. / 3 - 6,,10 - 15 Deg. F.,6-Mar,10 - 15 Deg. F. / 3 - 6,10 - 15 / semi-humid,CO.2,#66e566,"semi-humid, cool",#FEE08B,E,NA,NA
ARFR-UT080-109-UINTAH-12,black,1,2,34,NA,89,0,0,NA,N,NA,NA,NA,no envelope,NA,NA,NA,NA,NA,NA,NA,NA,NA,NA,NA,NA,NA,NA,NA,NA,NA,NA,NA,NA,NA,ARFR4-SOS-UT080-109-UINTAH-12,#aabe7f,-109.1426444,39.70802222,10 - 15 Deg. F. / 3 - 6,,10 - 15 Deg. F.,6-Mar,10 - 15 Deg. F. / 3 - 6,10 - 15 / semi-humid,UT.1,#66e566,"semi-humid, cool",#aabe7f,G,NA,NA
ARFR-WY050-49-FREMONT-12,black,1,2,35,148,90,1,1,NA,N,0.0062,1.142,18.41935484,NA,NA,NA,NA,NA,NA,NA,NA,NA,NA,NA,NA,NA,NA,NA,NA,NA,NA,NA,NA,NA,NA,ARFR4-SOS-WY050-49-FREMONT-12,#5E4FA2,-109.34775,43.42663611,5 - 10 Deg. F. / 6 - 12,,5 - 10 Deg. F.,12-Jun,5 - 10 Deg. F. / 6 - 12,5 - 10 / semi-arid,WY.3,#ffb90f,"semi-arid, cold",#5E4FA2,K,NA,NA
ARFR-CO932-314-JEFFERSON-12,black,1,2,36,NA,91,0,0,NA,N,NA,NA,NA,no envelope,NA,NA,NA,NA,NA,NA,NA,NA,NA,NA,NA,NA,NA,NA,NA,NA,NA,NA,NA,NA,NA,ARFR4-SOS-CO932-314-JEFFERSON-12,#FEE08B,-105.3553333,39.40902778,10 - 15 Deg. F. / 3 - 6,,10 - 15 Deg. F.,6-Mar,10 - 15 Deg. F. / 3 - 6,10 - 15 / semi-humid,CO.2,#66e566,"semi-humid, cool",#FEE08B,E,NA,NA
ARFR-CO932-314-JEFFERSON-12,black,1,2,37,NA,92,1,1,NA,Y,NA,NA,NA,no envelope,NA,NA,NA,NA,NA,NA,NA,NA,NA,NA,NA,NA,NA,NA,NA,NA,NA,NA,NA,NA,NA,ARFR4-SOS-CO932-314-JEFFERSON-12,#FEE08B,-105.3553333,39.40902778,10 - 15 Deg. F. / 3 - 6,,10 - 15 Deg. F.,6-Mar,10 - 15 Deg. F. / 3 - 6,10 - 15 / semi-humid,CO.2,#66e566,"semi-humid, cool",#FEE08B,E,NA,Y
ARFR-WY930-44-LASANIMAS-13,black,1,2,38,NA,93,1,1,NA,N,0.0044,0.802,18.22727273,NA,NA,NA,NA,NA,NA,NA,NA,NA,NA,NA,NA,NA,NA,NA,NA,NA,NA,NA,NA,NA,NA,ARFR4-SOS-WY930-44-LASANIMAS-13,#FDAE61,-104.6423889,37.16547222,15 - 20 Deg. F. / 3 - 6,,15 - 20 Deg. F.,6-Mar,15 - 20 Deg. F. / 3 - 6,15 - 20 / semi-humid,CO.1,#698b69,"semi-humid, warm",#FDAE61,D,NA,NA
ARFR-NM930N-66-11,black,1,2,39,NA,94,1,1,NA,N,0.0078,0.897,11.5,NA,NA,NA,NA,NA,NA,NA,NA,NA,NA,NA,NA,NA,NA,NA,NA,NA,NA,NA,NA,NA,NA,ARFR4-SOS-NM930N-66-11,#F46D43,-107.2045028,36.76818611,10 - 15 Deg. F. / 3 - 6,,10 - 15 Deg. F.,6-Mar,10 - 15 Deg. F. / 3 - 6,10 - 15 / semi-humid,NM.1,#66e566,"semi-humid, cool",#F46D43,C,NA,NA
ARFR-WY050-49-FREMONT-12,black,1,2,40,149,95,1,1,NA,Y,0.0021,0.681,32.42857143,NA,NA,NA,NA,NA,NA,NA,NA,NA,NA,NA,NA,NA,NA,NA,NA,NA,NA,NA,NA,NA,NA,ARFR4-SOS-WY050-49-FREMONT-12,#5E4FA2,-109.34775,43.42663611,5 - 10 Deg. F. / 6 - 12,,5 - 10 Deg. F.,12-Jun,5 - 10 Deg. F. / 6 - 12,5 - 10 / semi-arid,WY.3,#ffb90f,"semi-arid, cold",#5E4FA2,K,NA,NA
ARFR-CO932-314-JEFFERSON-12,black,1,2,41,NA,96,0,0,NA,N,NA,NA,NA,no envelope,NA,NA,NA,NA,NA,NA,NA,NA,NA,NA,NA,NA,NA,NA,NA,NA,NA,NA,NA,NA,NA,ARFR4-SOS-CO932-314-JEFFERSON-12,#FEE08B,-105.3553333,39.40902778,10 - 15 Deg. F. / 3 - 6,,10 - 15 Deg. F.,6-Mar,10 - 15 Deg. F. / 3 - 6,10 - 15 / semi-humid,CO.2,#66e566,"semi-humid, cool",#FEE08B,E,NA,NA
ARFR-UT080-109-UINTAH-12,black,1,2,42,NA,97,1,1,NA,N,0.0113,1.382,12.2300885,NA,NA,NA,NA,NA,NA,NA,NA,NA,NA,NA,NA,NA,NA,NA,NA,NA,NA,NA,NA,NA,NA,ARFR4-SOS-UT080-109-UINTAH-12,#aabe7f,-109.1426444,39.70802222,10 - 15 Deg. F. / 3 - 6,,10 - 15 Deg. F.,6-Mar,10 - 15 Deg. F. / 3 - 6,10 - 15 / semi-humid,UT.1,#66e566,"semi-humid, cool",#aabe7f,G,NA,NA
ARFR-CO932-314-JEFFERSON-12,black,1,2,43,NA,98,1,1,NA,N,0.003,0.601,20.03333333,NA,NA,NA,NA,NA,NA,NA,NA,NA,NA,NA,NA,NA,NA,NA,NA,NA,NA,NA,NA,NA,NA,ARFR4-SOS-CO932-314-JEFFERSON-12,#FEE08B,-105.3553333,39.40902778,10 - 15 Deg. F. / 3 - 6,,10 - 15 Deg. F.,6-Mar,10 - 15 Deg. F. / 3 - 6,10 - 15 / semi-humid,CO.2,#66e566,"semi-humid, cool",#FEE08B,E,NA,NA
ARFR-AZ930-422-NAVAJO-18,black,1,2,44,NA,99,1,1,NA,N,0.0037,0.633,17.10810811,NA,NA,NA,NA,NA,NA,NA,NA,NA,NA,NA,NA,NA,NA,NA,NA,NA,NA,NA,NA,NA,NA,ARFR4-SOS-AZ930-422-NAVAJO-18,#D53E4F,-110.431,36.56805,15 - 20 Deg. F. / 6 - 12,Lats corrected 20230127,15 - 20 Deg. F.,12-Jun,15 - 20 Deg. F. / 6 - 12,15 - 20 / semi-arid,AZ.2,#ee5c42,"semi-arid, warm",#D53E4F,B,NA,NA
ARFR-CO932-316-JEFFERSON-12,black,1,2,45,150,100,1,1,NA,N,0.0104,1.075,10.33653846,NA,NA,NA,NA,NA,NA,NA,NA,NA,NA,NA,NA,NA,NA,NA,NA,NA,NA,NA,NA,NA,NA,ARFR4-SOS-CO932-316-JEFFERSON-12,#FFFF85,-105.358,39.66325,15 - 20 Deg. F. / 3 - 6,,15 - 20 Deg. F.,6-Mar,15 - 20 Deg. F. / 3 - 6,15 - 20 / semi-humid,CO.3,#698b69,"semi-humid, warm",#FFFF85,F,NA,NA
ARFR-CO932-314-JEFFERSON-12,black,1,2,46,NA,101,1,1,NA,N,0.0041,0.6,14.63414634,NA,NA,NA,NA,NA,NA,NA,NA,NA,NA,NA,NA,NA,NA,NA,NA,NA,NA,NA,NA,NA,NA,ARFR4-SOS-CO932-314-JEFFERSON-12,#FEE08B,-105.3553333,39.40902778,10 - 15 Deg. F. / 3 - 6,,10 - 15 Deg. F.,6-Mar,10 - 15 Deg. F. / 3 - 6,10 - 15 / semi-humid,CO.2,#66e566,"semi-humid, cool",#FEE08B,E,NA,NA
ARFR-UT080-109-UINTAH-12,black,1,2,47,NA,102,1,1,NA,N,0.0054,1.051,19.46296296,NA,NA,NA,NA,NA,NA,NA,NA,NA,NA,NA,NA,NA,NA,NA,NA,NA,NA,NA,NA,NA,NA,ARFR4-SOS-UT080-109-UINTAH-12,#aabe7f,-109.1426444,39.70802222,10 - 15 Deg. F. / 3 - 6,,10 - 15 Deg. F.,6-Mar,10 - 15 Deg. F. / 3 - 6,10 - 15 / semi-humid,UT.1,#66e566,"semi-humid, cool",#aabe7f,G,NA,NA
ARFR-AZ930-423-NAVAJO-18,black,1,2,48,NA,103,1,1,NA,N,0.003,0.438,14.6,NA,NA,NA,NA,NA,NA,NA,NA,NA,NA,NA,NA,NA,NA,NA,NA,NA,NA,NA,NA,NA,NA,ARFR4-SOS-AZ930-423-NAVAJO-18,#9E0142,-110.431,36.45877,15 - 20 Deg. F. / 6 - 12,SdZones downloaded 20230823,15 - 20 Deg. F.,12-Jun,15 - 20 Deg. F. / 6 - 12,15 - 20 / semi-arid,AZ.1,#ee5c42,"semi-arid, warm",#9E0142,A,NA,NA
ARFR-WY050-49-FREMONT-12,black,1,2,49,NA,104,1,1,NA,N,0.0083,1.185,14.27710843,NA,NA,NA,NA,NA,NA,NA,NA,NA,NA,NA,NA,NA,NA,NA,NA,NA,NA,NA,NA,NA,NA,ARFR4-SOS-WY050-49-FREMONT-12,#5E4FA2,-109.34775,43.42663611,5 - 10 Deg. F. / 6 - 12,,5 - 10 Deg. F.,12-Jun,5 - 10 Deg. F. / 6 - 12,5 - 10 / semi-arid,WY.3,#ffb90f,"semi-arid, cold",#5E4FA2,K,NA,NA
ARFR-WY050-49-FREMONT-12,black,1,2,50,151,105,1,1,NA,N,0.0038,0.642,16.89473684,NA,NA,NA,NA,NA,NA,NA,NA,NA,NA,NA,NA,NA,NA,NA,NA,NA,NA,NA,NA,NA,NA,ARFR4-SOS-WY050-49-FREMONT-12,#5E4FA2,-109.34775,43.42663611,5 - 10 Deg. F. / 6 - 12,,5 - 10 Deg. F.,12-Jun,5 - 10 Deg. F. / 6 - 12,5 - 10 / semi-arid,WY.3,#ffb90f,"semi-arid, cold",#5E4FA2,K,NA,NA
ARFR-AZ930-422-NAVAJO-18,black,1,2,51,NA,106,1,1,NA,N,0.0086,0.985,11.45348837,NA,NA,NA,NA,NA,NA,NA,NA,NA,NA,NA,NA,NA,NA,NA,NA,NA,NA,NA,NA,NA,NA,ARFR4-SOS-AZ930-422-NAVAJO-18,#D53E4F,-110.431,36.56805,15 - 20 Deg. F. / 6 - 12,Lats corrected 20230127,15 - 20 Deg. F.,12-Jun,15 - 20 Deg. F. / 6 - 12,15 - 20 / semi-arid,AZ.2,#ee5c42,"semi-arid, warm",#D53E4F,B,NA,NA
ARFR-WY050-151-FREMONT-16,black,1,2,52,NA,107,1,1,NA,N,0.0046,0.656,14.26086957,NA,NA,NA,NA,NA,NA,NA,NA,NA,NA,NA,NA,NA,NA,NA,NA,NA,NA,NA,NA,NA,NA,ARFR4-SOS-WY050-151-FREMONT-16,#3288BD,-108.1704472,42.47886111,10 - 15 Deg. F. / 6 - 12,,10 - 15 Deg. F.,12-Jun,10 - 15 Deg. F. / 6 - 12,10 - 15 / semi-arid,WY.2,#cd8500,"semi-arid, cool",#3288BD,J,NA,NA
ARFR-WY050-49-FREMONT-12,black,1,2,53,NA,108,1,1,NA,N,0.0026,0.638,24.53846154,NA,NA,NA,NA,NA,NA,NA,NA,NA,NA,NA,NA,NA,NA,NA,NA,NA,NA,NA,NA,NA,NA,ARFR4-SOS-WY050-49-FREMONT-12,#5E4FA2,-109.34775,43.42663611,5 - 10 Deg. F. / 6 - 12,,5 - 10 Deg. F.,12-Jun,5 - 10 Deg. F. / 6 - 12,5 - 10 / semi-arid,WY.3,#ffb90f,"semi-arid, cold",#5E4FA2,K,NA,NA
ARFR-WY040-71-10,black,1,2,54,NA,109,1,1,NA,N,0.0048,1.124,23.41666667,NA,NA,NA,NA,NA,NA,NA,NA,NA,NA,NA,NA,NA,NA,NA,NA,NA,NA,NA,NA,NA,NA,ARFR4-SOS-WY040-71-10,#66C2A5,-109.2433156,41.13271889,5 - 10 Deg. F. / 3 - 6,,5 - 10 Deg. F.,6-Mar,5 - 10 Deg. F. / 3 - 6,5 - 10 / semi-humid,WY.1,#a5c2f1,"semi-humid, cold",#66C2A5,I,NA,NA
ARFR-UT080-109-UINTAH-12,black,1,2,55,152,110,1,1,NA,N,0.0036,0.563,15.63888889,NA,NA,NA,NA,NA,NA,NA,NA,NA,NA,NA,NA,NA,NA,NA,NA,NA,NA,NA,NA,NA,NA,ARFR4-SOS-UT080-109-UINTAH-12,#aabe7f,-109.1426444,39.70802222,10 - 15 Deg. F. / 3 - 6,,10 - 15 Deg. F.,6-Mar,10 - 15 Deg. F. / 3 - 6,10 - 15 / semi-humid,UT.1,#66e566,"semi-humid, cool",#aabe7f,G,NA,NA
ARFR-CO932-316-JEFFERSON-12,black,1,3,1,153,111,1,1,20.922,N,0.0077,1.11,14.41558442,NA,20.922,0.023,0.02,NA,Head/chaff combined/weighed with Mettler Toledo,Y,NA,NA,NA,NA,NA,NA,NA,NA,NA,NA,NA,NA,NA,NA,NA,ARFR4-SOS-CO932-316-JEFFERSON-12,#FFFF85,-105.358,39.66325,15 - 20 Deg. F. / 3 - 6,,15 - 20 Deg. F.,6-Mar,15 - 20 Deg. F. / 3 - 6,15 - 20 / semi-humid,CO.3,#698b69,"semi-humid, warm",#FFFF85,F,NA,NA
ARFR-AZ930-423-NAVAJO-18,black,1,3,2,NA,112,1,1,NA,N,0.0069,0.999,14.47826087,NA,NA,NA,NA,NA,NA,NA,NA,NA,NA,NA,NA,NA,NA,NA,NA,NA,NA,NA,NA,NA,NA,ARFR4-SOS-AZ930-423-NAVAJO-18,#9E0142,-110.431,36.45877,15 - 20 Deg. F. / 6 - 12,SdZones downloaded 20230823,15 - 20 Deg. F.,12-Jun,15 - 20 Deg. F. / 6 - 12,15 - 20 / semi-arid,AZ.1,#ee5c42,"semi-arid, warm",#9E0142,A,NA,NA
ARFR-CO932-294-11,black,1,3,3,NA,113,1,1,NA,N,0.018,1.89,10.5,NA,NA,NA,NA,NA,NA,NA,NA,NA,NA,NA,NA,NA,NA,NA,NA,NA,NA,NA,NA,NA,NA,ARFR4-SOS-CO932-294-11,#ABDDA4,-105.2030833,39.78458333,15 - 20 Deg. F. / 3 - 6,,15 - 20 Deg. F.,6-Mar,15 - 20 Deg. F. / 3 - 6,15 - 20 / semi-humid,CO.4,#698b69,"semi-humid, warm",#ABDDA4,H,NA,NA
ARFR-CO932-294-11,black,1,3,4,NA,114,1,1,NA,N,NA,NA,NA,no envelope,NA,NA,NA,NA,NA,NA,NA,NA,NA,NA,NA,NA,NA,NA,NA,NA,NA,NA,NA,NA,NA,ARFR4-SOS-CO932-294-11,#ABDDA4,-105.2030833,39.78458333,15 - 20 Deg. F. / 3 - 6,,15 - 20 Deg. F.,6-Mar,15 - 20 Deg. F. / 3 - 6,15 - 20 / semi-humid,CO.4,#698b69,"semi-humid, warm",#ABDDA4,H,NA,Y
ARFR-WY050-49-FREMONT-12,black,1,3,5,154,115,1,1,NA,N,0.0057,0.911,15.98245614,NA,NA,NA,NA,NA,NA,NA,NA,NA,NA,NA,NA,NA,NA,NA,NA,NA,NA,NA,NA,NA,NA,ARFR4-SOS-WY050-49-FREMONT-12,#5E4FA2,-109.34775,43.42663611,5 - 10 Deg. F. / 6 - 12,,5 - 10 Deg. F.,12-Jun,5 - 10 Deg. F. / 6 - 12,5 - 10 / semi-arid,WY.3,#ffb90f,"semi-arid, cold",#5E4FA2,K,NA,NA
ARFR-WY040-71-10,black,1,3,6,NA,116,1,1,NA,N,0.0024,0.511,21.29166667,NA,NA,NA,NA,NA,NA,NA,NA,NA,NA,NA,NA,NA,NA,NA,NA,NA,NA,NA,NA,NA,NA,ARFR4-SOS-WY040-71-10,#66C2A5,-109.2433156,41.13271889,5 - 10 Deg. F. / 3 - 6,,5 - 10 Deg. F.,6-Mar,5 - 10 Deg. F. / 3 - 6,5 - 10 / semi-humid,WY.1,#a5c2f1,"semi-humid, cold",#66C2A5,I,NA,NA
ARFR-CO932-316-JEFFERSON-12,black,1,3,7,NA,117,1,1,NA,N,0.0028,0.669,23.89285714,NA,NA,NA,NA,NA,NA,NA,NA,NA,NA,NA,NA,NA,NA,NA,NA,NA,NA,NA,NA,NA,NA,ARFR4-SOS-CO932-316-JEFFERSON-12,#FFFF85,-105.358,39.66325,15 - 20 Deg. F. / 3 - 6,,15 - 20 Deg. F.,6-Mar,15 - 20 Deg. F. / 3 - 6,15 - 20 / semi-humid,CO.3,#698b69,"semi-humid, warm",#FFFF85,F,NA,NA
ARFR-WY050-49-FREMONT-12,black,1,3,8,NA,118,1,1,NA,N,0.0034,0.498,14.64705882,NA,NA,NA,NA,NA,NA,NA,NA,NA,NA,NA,NA,NA,NA,NA,NA,NA,NA,NA,NA,NA,NA,ARFR4-SOS-WY050-49-FREMONT-12,#5E4FA2,-109.34775,43.42663611,5 - 10 Deg. F. / 6 - 12,,5 - 10 Deg. F.,12-Jun,5 - 10 Deg. F. / 6 - 12,5 - 10 / semi-arid,WY.3,#ffb90f,"semi-arid, cold",#5E4FA2,K,NA,NA
ARFR-CO932-314-JEFFERSON-12,black,1,3,9,NA,119,1,1,NA,N,0.0035,0.716,20.45714286,NA,NA,NA,NA,NA,NA,NA,NA,NA,NA,NA,NA,NA,NA,NA,NA,NA,NA,NA,NA,NA,NA,ARFR4-SOS-CO932-314-JEFFERSON-12,#FEE08B,-105.3553333,39.40902778,10 - 15 Deg. F. / 3 - 6,,10 - 15 Deg. F.,6-Mar,10 - 15 Deg. F. / 3 - 6,10 - 15 / semi-humid,CO.2,#66e566,"semi-humid, cool",#FEE08B,E,NA,NA
ARFR-CO932-316-JEFFERSON-12,black,1,3,10,155,120,1,1,NA,N,0.0042,0.742,17.66666667,NA,NA,NA,NA,NA,NA,NA,NA,NA,NA,NA,NA,NA,NA,NA,NA,NA,NA,NA,NA,NA,NA,ARFR4-SOS-CO932-316-JEFFERSON-12,#FFFF85,-105.358,39.66325,15 - 20 Deg. F. / 3 - 6,,15 - 20 Deg. F.,6-Mar,15 - 20 Deg. F. / 3 - 6,15 - 20 / semi-humid,CO.3,#698b69,"semi-humid, warm",#FFFF85,F,NA,NA
ARFR-WY050-151-FREMONT-16,black,1,3,11,NA,121,1,1,NA,N,0.0038,0.641,16.86842105,NA,NA,NA,NA,NA,NA,NA,NA,NA,NA,NA,NA,NA,NA,NA,NA,NA,NA,NA,NA,NA,NA,ARFR4-SOS-WY050-151-FREMONT-16,#3288BD,-108.1704472,42.47886111,10 - 15 Deg. F. / 6 - 12,,10 - 15 Deg. F.,12-Jun,10 - 15 Deg. F. / 6 - 12,10 - 15 / semi-arid,WY.2,#cd8500,"semi-arid, cool",#3288BD,J,NA,NA
ARFR-WY050-49-FREMONT-12,black,1,3,12,NA,122,1,1,NA,N,0.0047,0.824,17.53191489,NA,NA,NA,NA,NA,NA,NA,NA,NA,NA,NA,NA,NA,NA,NA,NA,NA,NA,NA,NA,NA,NA,ARFR4-SOS-WY050-49-FREMONT-12,#5E4FA2,-109.34775,43.42663611,5 - 10 Deg. F. / 6 - 12,,5 - 10 Deg. F.,12-Jun,5 - 10 Deg. F. / 6 - 12,5 - 10 / semi-arid,WY.3,#ffb90f,"semi-arid, cold",#5E4FA2,K,NA,NA
ARFR-CO932-314-JEFFERSON-12,black,1,3,13,NA,123,1,1,NA,N,0.0057,0.875,15.35087719,NA,NA,NA,NA,NA,NA,NA,NA,NA,NA,NA,NA,NA,NA,NA,NA,NA,NA,NA,NA,NA,NA,ARFR4-SOS-CO932-314-JEFFERSON-12,#FEE08B,-105.3553333,39.40902778,10 - 15 Deg. F. / 3 - 6,,10 - 15 Deg. F.,6-Mar,10 - 15 Deg. F. / 3 - 6,10 - 15 / semi-humid,CO.2,#66e566,"semi-humid, cool",#FEE08B,E,NA,NA
ARFR-WY050-151-FREMONT-16,black,1,3,14,NA,124,1,1,NA,N,0.0044,0.839,19.06818182,NA,NA,NA,NA,NA,NA,NA,NA,NA,NA,NA,NA,NA,NA,NA,NA,NA,NA,NA,NA,NA,NA,ARFR4-SOS-WY050-151-FREMONT-16,#3288BD,-108.1704472,42.47886111,10 - 15 Deg. F. / 6 - 12,,10 - 15 Deg. F.,12-Jun,10 - 15 Deg. F. / 6 - 12,10 - 15 / semi-arid,WY.2,#cd8500,"semi-arid, cool",#3288BD,J,NA,NA
ARFR-WY040-71-10,black,1,3,15,156,125,1,1,NA,N,0.003,0.491,16.36666667,NA,NA,NA,NA,NA,NA,NA,NA,NA,NA,NA,NA,NA,NA,NA,NA,NA,NA,NA,NA,NA,NA,ARFR4-SOS-WY040-71-10,#66C2A5,-109.2433156,41.13271889,5 - 10 Deg. F. / 3 - 6,,5 - 10 Deg. F.,6-Mar,5 - 10 Deg. F. / 3 - 6,5 - 10 / semi-humid,WY.1,#a5c2f1,"semi-humid, cold",#66C2A5,I,NA,NA
ARFR-CO932-294-11,black,1,3,16,NA,126,1,1,NA,N,0.0021,0.482,22.95238095,NA,NA,NA,NA,NA,NA,NA,NA,NA,NA,NA,NA,NA,NA,NA,NA,NA,NA,NA,NA,NA,NA,ARFR4-SOS-CO932-294-11,#ABDDA4,-105.2030833,39.78458333,15 - 20 Deg. F. / 3 - 6,,15 - 20 Deg. F.,6-Mar,15 - 20 Deg. F. / 3 - 6,15 - 20 / semi-humid,CO.4,#698b69,"semi-humid, warm",#ABDDA4,H,NA,NA
ARFR-NM930N-66-11,black,1,3,17,NA,127,1,1,NA,N,0.0077,0.815,10.58441558,NA,NA,NA,NA,NA,NA,NA,NA,NA,NA,NA,NA,NA,NA,NA,NA,NA,NA,NA,NA,NA,NA,ARFR4-SOS-NM930N-66-11,#F46D43,-107.2045028,36.76818611,10 - 15 Deg. F. / 3 - 6,,10 - 15 Deg. F.,6-Mar,10 - 15 Deg. F. / 3 - 6,10 - 15 / semi-humid,NM.1,#66e566,"semi-humid, cool",#F46D43,C,NA,NA
ARFR-CO932-294-11,black,1,3,18,NA,128,1,1,NA,N,0.0048,0.821,17.10416667,NA,NA,NA,NA,NA,NA,NA,NA,NA,NA,NA,NA,NA,NA,NA,NA,NA,NA,NA,NA,NA,NA,ARFR4-SOS-CO932-294-11,#ABDDA4,-105.2030833,39.78458333,15 - 20 Deg. F. / 3 - 6,,15 - 20 Deg. F.,6-Mar,15 - 20 Deg. F. / 3 - 6,15 - 20 / semi-humid,CO.4,#698b69,"semi-humid, warm",#ABDDA4,H,NA,NA
ARFR-WY930-44-LASANIMAS-13,black,1,3,19,NA,129,1,1,NA,Y,0.0042,0.629,14.97619048,NA,NA,NA,NA,NA,NA,NA,NA,NA,NA,NA,NA,NA,NA,NA,NA,NA,NA,NA,NA,NA,NA,ARFR4-SOS-WY930-44-LASANIMAS-13,#FDAE61,-104.6423889,37.16547222,15 - 20 Deg. F. / 3 - 6,,15 - 20 Deg. F.,6-Mar,15 - 20 Deg. F. / 3 - 6,15 - 20 / semi-humid,CO.1,#698b69,"semi-humid, warm",#FDAE61,D,NA,NA
ARFR-NM930N-66-11,black,1,3,20,157,130,1,1,NA,N,0.0051,0.582,11.41176471,NA,NA,NA,NA,NA,NA,NA,NA,NA,NA,NA,NA,NA,NA,NA,NA,NA,NA,NA,NA,NA,NA,ARFR4-SOS-NM930N-66-11,#F46D43,-107.2045028,36.76818611,10 - 15 Deg. F. / 3 - 6,,10 - 15 Deg. F.,6-Mar,10 - 15 Deg. F. / 3 - 6,10 - 15 / semi-humid,NM.1,#66e566,"semi-humid, cool",#F46D43,C,NA,NA
ARFR-WY930-44-LASANIMAS-13,black,1,3,21,NA,131,1,1,NA,N,0.0027,0.499,18.48148148,NA,NA,NA,NA,NA,NA,NA,NA,NA,NA,NA,NA,NA,NA,NA,NA,NA,NA,NA,NA,NA,NA,ARFR4-SOS-WY930-44-LASANIMAS-13,#FDAE61,-104.6423889,37.16547222,15 - 20 Deg. F. / 3 - 6,,15 - 20 Deg. F.,6-Mar,15 - 20 Deg. F. / 3 - 6,15 - 20 / semi-humid,CO.1,#698b69,"semi-humid, warm",#FDAE61,D,NA,NA
ARFR-AZ930-423-NAVAJO-18,black,1,3,22,NA,132,1,1,NA,N,0.0036,0.674,18.72222222,NA,NA,NA,NA,NA,NA,NA,NA,NA,NA,NA,NA,NA,NA,NA,NA,NA,NA,NA,NA,NA,NA,ARFR4-SOS-AZ930-423-NAVAJO-18,#9E0142,-110.431,36.45877,15 - 20 Deg. F. / 6 - 12,SdZones downloaded 20230823,15 - 20 Deg. F.,12-Jun,15 - 20 Deg. F. / 6 - 12,15 - 20 / semi-arid,AZ.1,#ee5c42,"semi-arid, warm",#9E0142,A,NA,NA
ARFR-WY930-44-LASANIMAS-13,black,1,3,23,NA,133,1,1,NA,Y,0.0059,1.176,19.93220339,NA,NA,NA,NA,NA,NA,NA,NA,NA,NA,NA,NA,NA,NA,NA,NA,NA,NA,NA,NA,NA,NA,ARFR4-SOS-WY930-44-LASANIMAS-13,#FDAE61,-104.6423889,37.16547222,15 - 20 Deg. F. / 3 - 6,,15 - 20 Deg. F.,6-Mar,15 - 20 Deg. F. / 3 - 6,15 - 20 / semi-humid,CO.1,#698b69,"semi-humid, warm",#FDAE61,D,NA,NA
ARFR-WY040-71-10,black,1,3,24,NA,134,1,1,NA,N,0.0049,0.99,20.20408163,NA,NA,NA,NA,NA,NA,NA,NA,NA,NA,NA,NA,NA,NA,NA,NA,NA,NA,NA,NA,NA,NA,ARFR4-SOS-WY040-71-10,#66C2A5,-109.2433156,41.13271889,5 - 10 Deg. F. / 3 - 6,,5 - 10 Deg. F.,6-Mar,5 - 10 Deg. F. / 3 - 6,5 - 10 / semi-humid,WY.1,#a5c2f1,"semi-humid, cold",#66C2A5,I,NA,NA
ARFR-NM930N-66-11,black,1,3,25,158,135,1,1,NA,N,0.0121,1.323,10.9338843,NA,NA,NA,NA,NA,NA,NA,NA,NA,NA,NA,NA,NA,NA,NA,NA,NA,NA,NA,NA,NA,NA,ARFR4-SOS-NM930N-66-11,#F46D43,-107.2045028,36.76818611,10 - 15 Deg. F. / 3 - 6,,10 - 15 Deg. F.,6-Mar,10 - 15 Deg. F. / 3 - 6,10 - 15 / semi-humid,NM.1,#66e566,"semi-humid, cool",#F46D43,C,NA,NA
ARFR-AZ930-422-NAVAJO-18,black,1,3,26,NA,136,1,1,NA,N,0.0076,0.744,9.789473684,NA,NA,NA,NA,NA,NA,NA,NA,NA,NA,NA,NA,NA,NA,NA,NA,NA,NA,NA,NA,NA,NA,ARFR4-SOS-AZ930-422-NAVAJO-18,#D53E4F,-110.431,36.56805,15 - 20 Deg. F. / 6 - 12,Lats corrected 20230127,15 - 20 Deg. F.,12-Jun,15 - 20 Deg. F. / 6 - 12,15 - 20 / semi-arid,AZ.2,#ee5c42,"semi-arid, warm",#D53E4F,B,NA,NA
ARFR-UT080-109-UINTAH-12,black,1,3,27,NA,137,1,1,NA,Y,0.0035,0.391,11.17142857,NA,NA,NA,NA,NA,NA,NA,NA,NA,NA,NA,NA,NA,NA,NA,NA,NA,NA,NA,NA,NA,NA,ARFR4-SOS-UT080-109-UINTAH-12,#aabe7f,-109.1426444,39.70802222,10 - 15 Deg. F. / 3 - 6,,10 - 15 Deg. F.,6-Mar,10 - 15 Deg. F. / 3 - 6,10 - 15 / semi-humid,UT.1,#66e566,"semi-humid, cool",#aabe7f,G,NA,NA
ARFR-CO932-316-JEFFERSON-12,black,1,3,28,NA,138,1,1,NA,N,0.0057,0.593,10.40350877,NA,NA,NA,NA,NA,NA,NA,NA,NA,NA,NA,NA,NA,NA,NA,NA,NA,NA,NA,NA,NA,NA,ARFR4-SOS-CO932-316-JEFFERSON-12,#FFFF85,-105.358,39.66325,15 - 20 Deg. F. / 3 - 6,,15 - 20 Deg. F.,6-Mar,15 - 20 Deg. F. / 3 - 6,15 - 20 / semi-humid,CO.3,#698b69,"semi-humid, warm",#FFFF85,F,NA,NA
ARFR-AZ930-423-NAVAJO-18,black,1,3,29,NA,139,1,1,NA,N,0.0027,1.413,52.33333333,NA,NA,NA,NA,NA,NA,NA,NA,NA,NA,NA,NA,NA,NA,NA,NA,NA,NA,NA,NA,NA,NA,ARFR4-SOS-AZ930-423-NAVAJO-18,#9E0142,-110.431,36.45877,15 - 20 Deg. F. / 6 - 12,SdZones downloaded 20230823,15 - 20 Deg. F.,12-Jun,15 - 20 Deg. F. / 6 - 12,15 - 20 / semi-arid,AZ.1,#ee5c42,"semi-arid, warm",#9E0142,A,NA,NA
ARFR-WY930-44-LASANIMAS-13,black,1,3,30,159,140,1,1,NA,N,0.0057,1.264,22.1754386,NA,NA,NA,NA,NA,NA,NA,NA,NA,NA,NA,NA,NA,NA,NA,NA,NA,NA,NA,NA,NA,NA,ARFR4-SOS-WY930-44-LASANIMAS-13,#FDAE61,-104.6423889,37.16547222,15 - 20 Deg. F. / 3 - 6,,15 - 20 Deg. F.,6-Mar,15 - 20 Deg. F. / 3 - 6,15 - 20 / semi-humid,CO.1,#698b69,"semi-humid, warm",#FDAE61,D,NA,NA
ARFR-CO932-294-11,black,1,3,31,NA,141,1,1,NA,N,0.0094,0.65,6.914893617,NA,NA,NA,NA,NA,NA,NA,NA,NA,NA,NA,NA,NA,NA,NA,NA,NA,NA,NA,NA,NA,NA,ARFR4-SOS-CO932-294-11,#ABDDA4,-105.2030833,39.78458333,15 - 20 Deg. F. / 3 - 6,,15 - 20 Deg. F.,6-Mar,15 - 20 Deg. F. / 3 - 6,15 - 20 / semi-humid,CO.4,#698b69,"semi-humid, warm",#ABDDA4,H,NA,NA
ARFR-AZ930-422-NAVAJO-18,black,1,3,32,NA,142,1,1,NA,N,0.0081,0.895,11.04938272,NA,NA,NA,NA,NA,NA,NA,NA,NA,NA,NA,NA,NA,NA,NA,NA,NA,NA,NA,NA,NA,NA,ARFR4-SOS-AZ930-422-NAVAJO-18,#D53E4F,-110.431,36.56805,15 - 20 Deg. F. / 6 - 12,Lats corrected 20230127,15 - 20 Deg. F.,12-Jun,15 - 20 Deg. F. / 6 - 12,15 - 20 / semi-arid,AZ.2,#ee5c42,"semi-arid, warm",#D53E4F,B,NA,NA
ARFR-CO932-294-11,black,1,3,33,NA,143,1,1,NA,N,0.0064,0.415,6.484375,NA,NA,NA,NA,NA,NA,NA,NA,NA,NA,NA,NA,NA,NA,NA,NA,NA,NA,NA,NA,NA,NA,ARFR4-SOS-CO932-294-11,#ABDDA4,-105.2030833,39.78458333,15 - 20 Deg. F. / 3 - 6,,15 - 20 Deg. F.,6-Mar,15 - 20 Deg. F. / 3 - 6,15 - 20 / semi-humid,CO.4,#698b69,"semi-humid, warm",#ABDDA4,H,NA,NA
ARFR-AZ930-423-NAVAJO-18,black,1,3,34,NA,144,1,1,NA,N,0.0036,0.771,21.41666667,NA,NA,NA,NA,NA,NA,NA,NA,NA,NA,NA,NA,NA,NA,NA,NA,NA,NA,NA,NA,NA,NA,ARFR4-SOS-AZ930-423-NAVAJO-18,#9E0142,-110.431,36.45877,15 - 20 Deg. F. / 6 - 12,SdZones downloaded 20230823,15 - 20 Deg. F.,12-Jun,15 - 20 Deg. F. / 6 - 12,15 - 20 / semi-arid,AZ.1,#ee5c42,"semi-arid, warm",#9E0142,A,NA,NA
ARFR-CO932-314-JEFFERSON-12,black,1,3,35,160,145,1,1,NA,N,0.0045,1.025,22.77777778,NA,NA,NA,NA,NA,NA,NA,NA,NA,NA,NA,NA,NA,NA,NA,NA,NA,NA,NA,NA,NA,NA,ARFR4-SOS-CO932-314-JEFFERSON-12,#FEE08B,-105.3553333,39.40902778,10 - 15 Deg. F. / 3 - 6,,10 - 15 Deg. F.,6-Mar,10 - 15 Deg. F. / 3 - 6,10 - 15 / semi-humid,CO.2,#66e566,"semi-humid, cool",#FEE08B,E,NA,NA
ARFR-WY930-44-LASANIMAS-13,black,1,3,36,NA,146,1,1,NA,N,0.0057,1.059,18.57894737,NA,NA,NA,NA,NA,NA,NA,NA,NA,NA,NA,NA,NA,NA,NA,NA,NA,NA,NA,NA,NA,NA,ARFR4-SOS-WY930-44-LASANIMAS-13,#FDAE61,-104.6423889,37.16547222,15 - 20 Deg. F. / 3 - 6,,15 - 20 Deg. F.,6-Mar,15 - 20 Deg. F. / 3 - 6,15 - 20 / semi-humid,CO.1,#698b69,"semi-humid, warm",#FDAE61,D,NA,NA
ARFR-WY040-71-10,black,1,3,37,NA,147,1,1,NA,N,0.0075,0.772,10.29333333,NA,NA,NA,NA,NA,NA,NA,NA,NA,NA,NA,NA,NA,NA,NA,NA,NA,NA,NA,NA,NA,NA,ARFR4-SOS-WY040-71-10,#66C2A5,-109.2433156,41.13271889,5 - 10 Deg. F. / 3 - 6,,5 - 10 Deg. F.,6-Mar,5 - 10 Deg. F. / 3 - 6,5 - 10 / semi-humid,WY.1,#a5c2f1,"semi-humid, cold",#66C2A5,I,NA,NA
ARFR-WY040-71-10,black,1,3,38,NA,148,1,1,NA,N,0.0095,1.788,18.82105263,NA,NA,NA,NA,NA,NA,NA,NA,NA,NA,NA,NA,NA,NA,NA,NA,NA,NA,NA,NA,NA,NA,ARFR4-SOS-WY040-71-10,#66C2A5,-109.2433156,41.13271889,5 - 10 Deg. F. / 3 - 6,,5 - 10 Deg. F.,6-Mar,5 - 10 Deg. F. / 3 - 6,5 - 10 / semi-humid,WY.1,#a5c2f1,"semi-humid, cold",#66C2A5,I,NA,NA
ARFR-NM930N-66-11,black,1,3,39,NA,149,1,1,NA,N,0.0043,0.761,17.69767442,NA,NA,NA,NA,NA,NA,NA,NA,NA,NA,NA,NA,NA,NA,NA,NA,NA,NA,NA,NA,NA,NA,ARFR4-SOS-NM930N-66-11,#F46D43,-107.2045028,36.76818611,10 - 15 Deg. F. / 3 - 6,,10 - 15 Deg. F.,6-Mar,10 - 15 Deg. F. / 3 - 6,10 - 15 / semi-humid,NM.1,#66e566,"semi-humid, cool",#F46D43,C,NA,NA
ARFR-UT080-109-UINTAH-12,black,1,3,40,161,150,1,1,NA,Y,0.0035,0.609,17.4,NA,NA,NA,NA,NA,NA,NA,NA,NA,NA,NA,NA,NA,NA,NA,NA,NA,NA,NA,NA,NA,NA,ARFR4-SOS-UT080-109-UINTAH-12,#aabe7f,-109.1426444,39.70802222,10 - 15 Deg. F. / 3 - 6,,10 - 15 Deg. F.,6-Mar,10 - 15 Deg. F. / 3 - 6,10 - 15 / semi-humid,UT.1,#66e566,"semi-humid, cool",#aabe7f,G,NA,NA
ARFR-CO932-316-JEFFERSON-12,black,1,3,41,NA,151,1,1,NA,N,0.0069,0.518,7.507246377,NA,NA,NA,NA,NA,NA,NA,NA,NA,NA,NA,NA,NA,NA,NA,NA,NA,NA,NA,NA,NA,NA,ARFR4-SOS-CO932-316-JEFFERSON-12,#FFFF85,-105.358,39.66325,15 - 20 Deg. F. / 3 - 6,,15 - 20 Deg. F.,6-Mar,15 - 20 Deg. F. / 3 - 6,15 - 20 / semi-humid,CO.3,#698b69,"semi-humid, warm",#FFFF85,F,NA,NA
ARFR-CO932-294-11,black,1,3,42,NA,152,1,1,NA,N,0.0049,1.066,21.75510204,NA,NA,NA,NA,NA,NA,NA,NA,NA,NA,NA,NA,NA,NA,NA,NA,NA,NA,NA,NA,NA,NA,ARFR4-SOS-CO932-294-11,#ABDDA4,-105.2030833,39.78458333,15 - 20 Deg. F. / 3 - 6,,15 - 20 Deg. F.,6-Mar,15 - 20 Deg. F. / 3 - 6,15 - 20 / semi-humid,CO.4,#698b69,"semi-humid, warm",#ABDDA4,H,NA,NA
ARFR-AZ930-422-NAVAJO-18,black,1,3,43,NA,153,1,1,NA,N,0.0019,1.202,63.26315789,NA,NA,NA,NA,NA,NA,NA,NA,NA,NA,NA,NA,NA,NA,NA,NA,NA,NA,NA,NA,NA,NA,ARFR4-SOS-AZ930-422-NAVAJO-18,#D53E4F,-110.431,36.56805,15 - 20 Deg. F. / 6 - 12,Lats corrected 20230127,15 - 20 Deg. F.,12-Jun,15 - 20 Deg. F. / 6 - 12,15 - 20 / semi-arid,AZ.2,#ee5c42,"semi-arid, warm",#D53E4F,B,NA,NA
ARFR-AZ930-422-NAVAJO-18,black,1,3,44,NA,154,1,1,NA,N,0.0068,1.909,28.07352941,NA,NA,NA,NA,NA,NA,NA,NA,NA,NA,NA,NA,NA,NA,NA,NA,NA,NA,NA,NA,NA,NA,ARFR4-SOS-AZ930-422-NAVAJO-18,#D53E4F,-110.431,36.56805,15 - 20 Deg. F. / 6 - 12,Lats corrected 20230127,15 - 20 Deg. F.,12-Jun,15 - 20 Deg. F. / 6 - 12,15 - 20 / semi-arid,AZ.2,#ee5c42,"semi-arid, warm",#D53E4F,B,NA,NA
ARFR-WY930-44-LASANIMAS-13,black,1,3,45,162,155,1,1,NA,N,0.0029,0.695,23.96551724,NA,NA,NA,NA,NA,NA,NA,NA,NA,NA,NA,NA,NA,NA,NA,NA,NA,NA,NA,NA,NA,NA,ARFR4-SOS-WY930-44-LASANIMAS-13,#FDAE61,-104.6423889,37.16547222,15 - 20 Deg. F. / 3 - 6,,15 - 20 Deg. F.,6-Mar,15 - 20 Deg. F. / 3 - 6,15 - 20 / semi-humid,CO.1,#698b69,"semi-humid, warm",#FDAE61,D,NA,NA
ARFR-WY040-71-10,black,1,3,46,NA,156,1,1,NA,N,0.0052,0.465,8.942307692,NA,NA,NA,NA,NA,NA,NA,NA,NA,NA,NA,NA,NA,NA,NA,NA,NA,NA,NA,NA,NA,NA,ARFR4-SOS-WY040-71-10,#66C2A5,-109.2433156,41.13271889,5 - 10 Deg. F. / 3 - 6,,5 - 10 Deg. F.,6-Mar,5 - 10 Deg. F. / 3 - 6,5 - 10 / semi-humid,WY.1,#a5c2f1,"semi-humid, cold",#66C2A5,I,NA,NA
ARFR-UT080-109-UINTAH-12,black,1,3,47,NA,157,1,1,NA,N,0.0055,0.393,7.145454545,NA,NA,NA,NA,NA,NA,NA,NA,NA,NA,NA,NA,NA,NA,NA,NA,NA,NA,NA,NA,NA,NA,ARFR4-SOS-UT080-109-UINTAH-12,#aabe7f,-109.1426444,39.70802222,10 - 15 Deg. F. / 3 - 6,,10 - 15 Deg. F.,6-Mar,10 - 15 Deg. F. / 3 - 6,10 - 15 / semi-humid,UT.1,#66e566,"semi-humid, cool",#aabe7f,G,NA,NA
ARFR-AZ930-423-NAVAJO-18,black,1,3,48,NA,158,1,1,NA,N,0.006,0.561,9.35,NA,NA,NA,NA,NA,NA,NA,NA,NA,NA,NA,NA,NA,NA,NA,NA,NA,NA,NA,NA,NA,NA,ARFR4-SOS-AZ930-423-NAVAJO-18,#9E0142,-110.431,36.45877,15 - 20 Deg. F. / 6 - 12,SdZones downloaded 20230823,15 - 20 Deg. F.,12-Jun,15 - 20 Deg. F. / 6 - 12,15 - 20 / semi-arid,AZ.1,#ee5c42,"semi-arid, warm",#9E0142,A,NA,NA
ARFR-WY050-151-FREMONT-16,black,1,3,49,NA,159,1,1,NA,N,0.0067,0.313,4.671641791,NA,NA,NA,NA,NA,NA,NA,NA,NA,NA,NA,NA,NA,NA,NA,NA,NA,NA,NA,NA,NA,NA,ARFR4-SOS-WY050-151-FREMONT-16,#3288BD,-108.1704472,42.47886111,10 - 15 Deg. F. / 6 - 12,,10 - 15 Deg. F.,12-Jun,10 - 15 Deg. F. / 6 - 12,10 - 15 / semi-arid,WY.2,#cd8500,"semi-arid, cool",#3288BD,J,NA,NA
ARFR-CO932-314-JEFFERSON-12,black,1,3,50,163,160,1,1,109.162,N,0.0068,0.663,9.75,NA,109.162,44.728,17.67,11.27,NA,Y,NA,NA,NA,NA,NA,NA,NA,NA,NA,NA,NA,NA,NA,NA,NA,ARFR4-SOS-CO932-314-JEFFERSON-12,#FEE08B,-105.3553333,39.40902778,10 - 15 Deg. F. / 3 - 6,,10 - 15 Deg. F.,6-Mar,10 - 15 Deg. F. / 3 - 6,10 - 15 / semi-humid,CO.2,#66e566,"semi-humid, cool",#FEE08B,E,NA,NA
ARFR-AZ930-423-NAVAJO-18,black,1,3,51,NA,161,1,1,114.312,N,0.0032,1.403,43.84375,NA,114.312,57.058,25.12,16.44,NA,Y,NA,NA,NA,NA,NA,NA,NA,NA,NA,NA,NA,NA,NA,NA,NA,ARFR4-SOS-AZ930-423-NAVAJO-18,#9E0142,-110.431,36.45877,15 - 20 Deg. F. / 6 - 12,SdZones downloaded 20230823,15 - 20 Deg. F.,12-Jun,15 - 20 Deg. F. / 6 - 12,15 - 20 / semi-arid,AZ.1,#ee5c42,"semi-arid, warm",#9E0142,A,NA,NA
ARFR-WY050-151-FREMONT-16,black,1,3,52,NA,162,1,1,NA,N,0.0037,0.899,24.2972973,NA,NA,NA,NA,NA,NA,NA,NA,NA,NA,NA,NA,NA,NA,NA,NA,NA,NA,NA,NA,NA,NA,ARFR4-SOS-WY050-151-FREMONT-16,#3288BD,-108.1704472,42.47886111,10 - 15 Deg. F. / 6 - 12,,10 - 15 Deg. F.,12-Jun,10 - 15 Deg. F. / 6 - 12,10 - 15 / semi-arid,WY.2,#cd8500,"semi-arid, cool",#3288BD,J,NA,NA
ARFR-AZ930-422-NAVAJO-18,black,1,3,53,NA,163,1,1,NA,N,0.0044,0.769,17.47727273,NA,NA,NA,NA,NA,NA,NA,NA,NA,NA,NA,NA,NA,NA,NA,NA,NA,NA,NA,NA,NA,NA,ARFR4-SOS-AZ930-422-NAVAJO-18,#D53E4F,-110.431,36.56805,15 - 20 Deg. F. / 6 - 12,Lats corrected 20230127,15 - 20 Deg. F.,12-Jun,15 - 20 Deg. F. / 6 - 12,15 - 20 / semi-arid,AZ.2,#ee5c42,"semi-arid, warm",#D53E4F,B,NA,NA
ARFR-CO932-316-JEFFERSON-12,black,1,3,54,NA,164,1,1,NA,N,0.0084,0.464,5.523809524,NA,NA,NA,NA,NA,NA,NA,NA,NA,NA,NA,NA,NA,NA,NA,NA,NA,NA,NA,NA,NA,NA,ARFR4-SOS-CO932-316-JEFFERSON-12,#FFFF85,-105.358,39.66325,15 - 20 Deg. F. / 3 - 6,,15 - 20 Deg. F.,6-Mar,15 - 20 Deg. F. / 3 - 6,15 - 20 / semi-humid,CO.3,#698b69,"semi-humid, warm",#FFFF85,F,NA,NA
ARFR-AZ930-422-NAVAJO-18,black,1,3,55,164,165,1,1,NA,N,NA,NA,NA,no leaf collected,NA,NA,NA,NA,NA,NA,NA,NA,NA,NA,NA,NA,NA,NA,NA,NA,NA,NA,NA,NA,NA,ARFR4-SOS-AZ930-422-NAVAJO-18,#D53E4F,-110.431,36.56805,15 - 20 Deg. F. / 6 - 12,Lats corrected 20230127,15 - 20 Deg. F.,12-Jun,15 - 20 Deg. F. / 6 - 12,15 - 20 / semi-arid,AZ.2,#ee5c42,"semi-arid, warm",#D53E4F,B,NA,NA
ARFR-WY930-44-LASANIMAS-13,black,1,4,1,153,166,1,1,NA,N,0.0061,0.546,8.950819672,NA,NA,NA,NA,NA,NA,NA,NA,NA,NA,NA,NA,NA,NA,NA,NA,NA,NA,NA,NA,NA,NA,ARFR4-SOS-WY930-44-LASANIMAS-13,#FDAE61,-104.6423889,37.16547222,15 - 20 Deg. F. / 3 - 6,,15 - 20 Deg. F.,6-Mar,15 - 20 Deg. F. / 3 - 6,15 - 20 / semi-humid,CO.1,#698b69,"semi-humid, warm",#FDAE61,D,NA,NA
ARFR-CO932-294-11,black,1,4,2,NA,167,1,1,NA,N,0.0075,0.638,8.506666667,NA,NA,NA,NA,NA,NA,NA,NA,NA,NA,NA,NA,NA,NA,NA,NA,NA,NA,NA,NA,NA,NA,ARFR4-SOS-CO932-294-11,#ABDDA4,-105.2030833,39.78458333,15 - 20 Deg. F. / 3 - 6,,15 - 20 Deg. F.,6-Mar,15 - 20 Deg. F. / 3 - 6,15 - 20 / semi-humid,CO.4,#698b69,"semi-humid, warm",#ABDDA4,H,NA,NA
ARFR-NM930N-66-11,black,1,4,3,NA,168,1,1,NA,N,0.0032,0.896,28,NA,NA,NA,NA,NA,NA,NA,NA,NA,NA,NA,NA,NA,NA,NA,NA,NA,NA,NA,NA,NA,NA,ARFR4-SOS-NM930N-66-11,#F46D43,-107.2045028,36.76818611,10 - 15 Deg. F. / 3 - 6,,10 - 15 Deg. F.,6-Mar,10 - 15 Deg. F. / 3 - 6,10 - 15 / semi-humid,NM.1,#66e566,"semi-humid, cool",#F46D43,C,NA,NA
ARFR-CO932-314-JEFFERSON-12,black,1,4,4,NA,169,1,1,NA,N,0.0037,0.936,25.2972973,NA,NA,NA,NA,NA,NA,NA,NA,NA,NA,NA,NA,NA,NA,NA,NA,NA,NA,NA,NA,NA,NA,ARFR4-SOS-CO932-314-JEFFERSON-12,#FEE08B,-105.3553333,39.40902778,10 - 15 Deg. F. / 3 - 6,,10 - 15 Deg. F.,6-Mar,10 - 15 Deg. F. / 3 - 6,10 - 15 / semi-humid,CO.2,#66e566,"semi-humid, cool",#FEE08B,E,NA,NA
ARFR-AZ930-422-NAVAJO-18,black,1,4,5,154,170,1,1,NA,N,0.0015,0.739,49.26666667,NA,NA,NA,NA,NA,NA,NA,NA,NA,NA,NA,NA,NA,NA,NA,NA,NA,NA,NA,NA,NA,NA,ARFR4-SOS-AZ930-422-NAVAJO-18,#D53E4F,-110.431,36.56805,15 - 20 Deg. F. / 6 - 12,Lats corrected 20230127,15 - 20 Deg. F.,12-Jun,15 - 20 Deg. F. / 6 - 12,15 - 20 / semi-arid,AZ.2,#ee5c42,"semi-arid, warm",#D53E4F,B,NA,NA
ARFR-CO932-294-11,black,1,4,6,NA,171,1,1,NA,N,0.0037,0.597,16.13513514,NA,NA,NA,NA,NA,NA,NA,NA,NA,NA,NA,NA,NA,NA,NA,NA,NA,NA,NA,NA,NA,NA,ARFR4-SOS-CO932-294-11,#ABDDA4,-105.2030833,39.78458333,15 - 20 Deg. F. / 3 - 6,,15 - 20 Deg. F.,6-Mar,15 - 20 Deg. F. / 3 - 6,15 - 20 / semi-humid,CO.4,#698b69,"semi-humid, warm",#ABDDA4,H,NA,NA
ARFR-WY050-151-FREMONT-16,black,1,4,7,NA,172,1,1,NA,N,0.0064,0.897,14.015625,NA,NA,NA,NA,NA,NA,NA,NA,NA,NA,NA,NA,NA,NA,NA,NA,NA,NA,NA,NA,NA,NA,ARFR4-SOS-WY050-151-FREMONT-16,#3288BD,-108.1704472,42.47886111,10 - 15 Deg. F. / 6 - 12,,10 - 15 Deg. F.,12-Jun,10 - 15 Deg. F. / 6 - 12,10 - 15 / semi-arid,WY.2,#cd8500,"semi-arid, cool",#3288BD,J,NA,NA
ARFR-CO932-294-11,black,1,4,8,NA,173,1,1,103.972,N,0.006,0.757,12.61666667,NA,103.972,57.73,44.21,1.52,NA,Y,NA,NA,NA,NA,NA,NA,NA,NA,NA,NA,NA,NA,NA,NA,NA,ARFR4-SOS-CO932-294-11,#ABDDA4,-105.2030833,39.78458333,15 - 20 Deg. F. / 3 - 6,,15 - 20 Deg. F.,6-Mar,15 - 20 Deg. F. / 3 - 6,15 - 20 / semi-humid,CO.4,#698b69,"semi-humid, warm",#ABDDA4,H,NA,NA
ARFR-WY930-44-LASANIMAS-13,black,1,4,9,NA,174,1,1,NA,N,0.003,0.35,11.66666667,NA,NA,NA,NA,NA,NA,NA,NA,NA,NA,NA,NA,NA,NA,NA,NA,NA,NA,NA,NA,NA,NA,ARFR4-SOS-WY930-44-LASANIMAS-13,#FDAE61,-104.6423889,37.16547222,15 - 20 Deg. F. / 3 - 6,,15 - 20 Deg. F.,6-Mar,15 - 20 Deg. F. / 3 - 6,15 - 20 / semi-humid,CO.1,#698b69,"semi-humid, warm",#FDAE61,D,NA,NA
ARFR-UT080-109-UINTAH-12,black,1,4,10,155,175,1,1,NA,N,0.0117,1.033,8.829059829,NA,NA,NA,NA,NA,NA,NA,NA,NA,NA,NA,NA,NA,NA,NA,NA,NA,NA,NA,NA,NA,NA,ARFR4-SOS-UT080-109-UINTAH-12,#aabe7f,-109.1426444,39.70802222,10 - 15 Deg. F. / 3 - 6,,10 - 15 Deg. F.,6-Mar,10 - 15 Deg. F. / 3 - 6,10 - 15 / semi-humid,UT.1,#66e566,"semi-humid, cool",#aabe7f,G,NA,NA
ARFR-NM930N-66-11,black,1,4,11,NA,176,1,1,NA,N,0.0044,0.413,9.386363636,NA,NA,NA,NA,NA,NA,NA,NA,NA,NA,NA,NA,NA,NA,NA,NA,NA,NA,NA,NA,NA,NA,ARFR4-SOS-NM930N-66-11,#F46D43,-107.2045028,36.76818611,10 - 15 Deg. F. / 3 - 6,,10 - 15 Deg. F.,6-Mar,10 - 15 Deg. F. / 3 - 6,10 - 15 / semi-humid,NM.1,#66e566,"semi-humid, cool",#F46D43,C,NA,NA
ARFR-NM930N-66-11,black,1,4,12,NA,177,1,1,NA,N,0.0035,0.539,15.4,NA,NA,NA,NA,NA,NA,NA,NA,NA,NA,NA,NA,NA,NA,NA,NA,NA,NA,NA,NA,NA,NA,ARFR4-SOS-NM930N-66-11,#F46D43,-107.2045028,36.76818611,10 - 15 Deg. F. / 3 - 6,,10 - 15 Deg. F.,6-Mar,10 - 15 Deg. F. / 3 - 6,10 - 15 / semi-humid,NM.1,#66e566,"semi-humid, cool",#F46D43,C,NA,NA
ARFR-AZ930-423-NAVAJO-18,black,1,4,13,NA,178,1,1,NA,Y,0.0022,0.679,30.86363636,NA,NA,NA,NA,NA,NA,NA,NA,NA,NA,NA,NA,NA,NA,NA,NA,NA,NA,NA,NA,NA,NA,ARFR4-SOS-AZ930-423-NAVAJO-18,#9E0142,-110.431,36.45877,15 - 20 Deg. F. / 6 - 12,SdZones downloaded 20230823,15 - 20 Deg. F.,12-Jun,15 - 20 Deg. F. / 6 - 12,15 - 20 / semi-arid,AZ.1,#ee5c42,"semi-arid, warm",#9E0142,A,NA,NA
ARFR-UT080-109-UINTAH-12,black,1,4,14,NA,179,1,1,NA,N,0.0074,0.677,9.148648649,NA,NA,NA,NA,NA,NA,NA,NA,NA,NA,NA,NA,NA,NA,NA,NA,NA,NA,NA,NA,NA,NA,ARFR4-SOS-UT080-109-UINTAH-12,#aabe7f,-109.1426444,39.70802222,10 - 15 Deg. F. / 3 - 6,,10 - 15 Deg. F.,6-Mar,10 - 15 Deg. F. / 3 - 6,10 - 15 / semi-humid,UT.1,#66e566,"semi-humid, cool",#aabe7f,G,NA,NA
ARFR-WY050-151-FREMONT-16,black,1,4,15,156,180,1,1,NA,N,0.0069,0.694,10.05797101,NA,NA,NA,NA,NA,NA,NA,NA,NA,NA,NA,NA,NA,NA,NA,NA,NA,NA,NA,NA,NA,NA,ARFR4-SOS-WY050-151-FREMONT-16,#3288BD,-108.1704472,42.47886111,10 - 15 Deg. F. / 6 - 12,,10 - 15 Deg. F.,12-Jun,10 - 15 Deg. F. / 6 - 12,10 - 15 / semi-arid,WY.2,#cd8500,"semi-arid, cool",#3288BD,J,NA,NA
ARFR-AZ930-422-NAVAJO-18,black,1,4,16,NA,181,1,1,191.09873,N,0.0143,1.217,8.51048951,NA,191.09873,92.81,57.83,17.21,NA,Y,NA,NA,NA,NA,NA,NA,NA,NA,NA,NA,NA,NA,NA,NA,NA,ARFR4-SOS-AZ930-422-NAVAJO-18,#D53E4F,-110.431,36.56805,15 - 20 Deg. F. / 6 - 12,Lats corrected 20230127,15 - 20 Deg. F.,12-Jun,15 - 20 Deg. F. / 6 - 12,15 - 20 / semi-arid,AZ.2,#ee5c42,"semi-arid, warm",#D53E4F,B,NA,NA
ARFR-CO932-316-JEFFERSON-12,black,1,4,17,NA,182,1,1,NA,N,0.0052,0.543,10.44230769,NA,NA,NA,NA,NA,NA,NA,NA,NA,NA,NA,NA,NA,NA,NA,NA,NA,NA,NA,NA,NA,NA,ARFR4-SOS-CO932-316-JEFFERSON-12,#FFFF85,-105.358,39.66325,15 - 20 Deg. F. / 3 - 6,,15 - 20 Deg. F.,6-Mar,15 - 20 Deg. F. / 3 - 6,15 - 20 / semi-humid,CO.3,#698b69,"semi-humid, warm",#FFFF85,F,NA,NA
ARFR-UT080-109-UINTAH-12,black,1,4,18,NA,183,1,1,NA,N,0.0021,0.673,32.04761905,NA,NA,NA,NA,NA,NA,NA,NA,NA,NA,NA,NA,NA,NA,NA,NA,NA,NA,NA,NA,NA,NA,ARFR4-SOS-UT080-109-UINTAH-12,#aabe7f,-109.1426444,39.70802222,10 - 15 Deg. F. / 3 - 6,,10 - 15 Deg. F.,6-Mar,10 - 15 Deg. F. / 3 - 6,10 - 15 / semi-humid,UT.1,#66e566,"semi-humid, cool",#aabe7f,G,NA,NA
ARFR-CO932-316-JEFFERSON-12,black,1,4,19,NA,184,1,1,NA,N,0.0023,0.618,26.86956522,NA,NA,NA,NA,NA,NA,NA,NA,NA,NA,NA,NA,NA,NA,NA,NA,NA,NA,NA,NA,NA,NA,ARFR4-SOS-CO932-316-JEFFERSON-12,#FFFF85,-105.358,39.66325,15 - 20 Deg. F. / 3 - 6,,15 - 20 Deg. F.,6-Mar,15 - 20 Deg. F. / 3 - 6,15 - 20 / semi-humid,CO.3,#698b69,"semi-humid, warm",#FFFF85,F,NA,NA
ARFR-WY930-44-LASANIMAS-13,black,1,4,20,157,185,1,1,NA,N,0.0033,1.417,42.93939394,NA,NA,NA,NA,NA,NA,NA,NA,NA,NA,NA,NA,NA,NA,NA,NA,NA,NA,NA,NA,NA,NA,ARFR4-SOS-WY930-44-LASANIMAS-13,#FDAE61,-104.6423889,37.16547222,15 - 20 Deg. F. / 3 - 6,,15 - 20 Deg. F.,6-Mar,15 - 20 Deg. F. / 3 - 6,15 - 20 / semi-humid,CO.1,#698b69,"semi-humid, warm",#FDAE61,D,NA,NA
ARFR-WY040-71-10,black,1,4,21,NA,186,1,1,NA,N,0.0034,0.521,15.32352941,NA,NA,NA,NA,NA,NA,NA,NA,NA,NA,NA,NA,NA,NA,NA,NA,NA,NA,NA,NA,NA,NA,ARFR4-SOS-WY040-71-10,#66C2A5,-109.2433156,41.13271889,5 - 10 Deg. F. / 3 - 6,,5 - 10 Deg. F.,6-Mar,5 - 10 Deg. F. / 3 - 6,5 - 10 / semi-humid,WY.1,#a5c2f1,"semi-humid, cold",#66C2A5,I,NA,NA
ARFR-WY040-71-10,black,1,4,22,NA,187,1,1,NA,Y,0.0043,0.609,14.1627907,NA,NA,NA,NA,NA,NA,NA,NA,NA,NA,NA,NA,NA,NA,NA,NA,NA,NA,NA,NA,NA,NA,ARFR4-SOS-WY040-71-10,#66C2A5,-109.2433156,41.13271889,5 - 10 Deg. F. / 3 - 6,,5 - 10 Deg. F.,6-Mar,5 - 10 Deg. F. / 3 - 6,5 - 10 / semi-humid,WY.1,#a5c2f1,"semi-humid, cold",#66C2A5,I,NA,NA
ARFR-WY050-49-FREMONT-12,black,1,4,23,NA,188,1,1,NA,N,0.0024,0.514,21.41666667,NA,NA,NA,NA,NA,NA,NA,NA,NA,NA,NA,NA,NA,NA,NA,NA,NA,NA,NA,NA,NA,NA,ARFR4-SOS-WY050-49-FREMONT-12,#5E4FA2,-109.34775,43.42663611,5 - 10 Deg. F. / 6 - 12,,5 - 10 Deg. F.,12-Jun,5 - 10 Deg. F. / 6 - 12,5 - 10 / semi-arid,WY.3,#ffb90f,"semi-arid, cold",#5E4FA2,K,NA,NA
ARFR-CO932-316-JEFFERSON-12,black,1,4,24,NA,189,1,1,NA,N,0.0067,0.797,11.89552239,NA,NA,NA,NA,NA,NA,NA,NA,NA,NA,NA,NA,NA,NA,NA,NA,NA,NA,NA,NA,NA,NA,ARFR4-SOS-CO932-316-JEFFERSON-12,#FFFF85,-105.358,39.66325,15 - 20 Deg. F. / 3 - 6,,15 - 20 Deg. F.,6-Mar,15 - 20 Deg. F. / 3 - 6,15 - 20 / semi-humid,CO.3,#698b69,"semi-humid, warm",#FFFF85,F,NA,NA
ARFR-UT080-109-UINTAH-12,black,1,4,25,158,190,1,1,NA,N,0.0108,1.3,12.03703704,NA,NA,NA,NA,NA,NA,NA,NA,NA,NA,NA,NA,NA,NA,NA,NA,NA,NA,NA,NA,NA,NA,ARFR4-SOS-UT080-109-UINTAH-12,#aabe7f,-109.1426444,39.70802222,10 - 15 Deg. F. / 3 - 6,,10 - 15 Deg. F.,6-Mar,10 - 15 Deg. F. / 3 - 6,10 - 15 / semi-humid,UT.1,#66e566,"semi-humid, cool",#aabe7f,G,NA,NA
ARFR-UT080-109-UINTAH-12,black,1,4,26,NA,191,1,1,NA,N,0.0027,0.463,17.14814815,NA,NA,NA,NA,NA,NA,NA,NA,NA,NA,NA,NA,NA,NA,NA,NA,NA,NA,NA,NA,NA,NA,ARFR4-SOS-UT080-109-UINTAH-12,#aabe7f,-109.1426444,39.70802222,10 - 15 Deg. F. / 3 - 6,,10 - 15 Deg. F.,6-Mar,10 - 15 Deg. F. / 3 - 6,10 - 15 / semi-humid,UT.1,#66e566,"semi-humid, cool",#aabe7f,G,NA,NA
ARFR-NM930N-66-11,black,1,4,27,NA,192,1,1,NA,N,0.0105,0.774,7.371428571,NA,NA,NA,NA,NA,NA,NA,NA,NA,NA,NA,NA,NA,NA,NA,NA,NA,NA,NA,NA,NA,NA,ARFR4-SOS-NM930N-66-11,#F46D43,-107.2045028,36.76818611,10 - 15 Deg. F. / 3 - 6,,10 - 15 Deg. F.,6-Mar,10 - 15 Deg. F. / 3 - 6,10 - 15 / semi-humid,NM.1,#66e566,"semi-humid, cool",#F46D43,C,NA,NA
ARFR-WY050-49-FREMONT-12,black,1,4,28,NA,193,1,1,NA,N,0.0034,0.577,16.97058824,NA,NA,NA,NA,NA,NA,NA,NA,NA,NA,NA,NA,NA,NA,NA,NA,NA,NA,NA,NA,NA,NA,ARFR4-SOS-WY050-49-FREMONT-12,#5E4FA2,-109.34775,43.42663611,5 - 10 Deg. F. / 6 - 12,,5 - 10 Deg. F.,12-Jun,5 - 10 Deg. F. / 6 - 12,5 - 10 / semi-arid,WY.3,#ffb90f,"semi-arid, cold",#5E4FA2,K,NA,NA
ARFR-NM930N-66-11,black,1,4,29,NA,194,1,1,NA,N,0.0066,0.801,12.13636364,NA,NA,NA,NA,NA,NA,NA,NA,NA,NA,NA,NA,NA,NA,NA,NA,NA,NA,NA,NA,NA,NA,ARFR4-SOS-NM930N-66-11,#F46D43,-107.2045028,36.76818611,10 - 15 Deg. F. / 3 - 6,,10 - 15 Deg. F.,6-Mar,10 - 15 Deg. F. / 3 - 6,10 - 15 / semi-humid,NM.1,#66e566,"semi-humid, cool",#F46D43,C,NA,NA
ARFR-AZ930-422-NAVAJO-18,black,1,4,30,159,195,1,1,NA,N,0.0042,0.493,11.73809524,NA,NA,NA,NA,NA,NA,NA,NA,NA,NA,NA,NA,NA,NA,NA,NA,NA,NA,NA,NA,NA,NA,ARFR4-SOS-AZ930-422-NAVAJO-18,#D53E4F,-110.431,36.56805,15 - 20 Deg. F. / 6 - 12,Lats corrected 20230127,15 - 20 Deg. F.,12-Jun,15 - 20 Deg. F. / 6 - 12,15 - 20 / semi-arid,AZ.2,#ee5c42,"semi-arid, warm",#D53E4F,B,NA,NA
ARFR-UT080-109-UINTAH-12,black,1,4,31,NA,196,1,1,NA,N,0.0076,0.705,9.276315789,NA,NA,NA,NA,NA,NA,NA,NA,NA,NA,NA,NA,NA,NA,NA,NA,NA,NA,NA,NA,NA,NA,ARFR4-SOS-UT080-109-UINTAH-12,#aabe7f,-109.1426444,39.70802222,10 - 15 Deg. F. / 3 - 6,,10 - 15 Deg. F.,6-Mar,10 - 15 Deg. F. / 3 - 6,10 - 15 / semi-humid,UT.1,#66e566,"semi-humid, cool",#aabe7f,G,NA,NA
ARFR-WY930-44-LASANIMAS-13,black,1,4,32,NA,197,1,1,NA,N,0.003,0.305,10.16666667,NA,NA,NA,NA,NA,NA,NA,NA,NA,NA,NA,NA,NA,NA,NA,NA,NA,NA,NA,NA,NA,NA,ARFR4-SOS-WY930-44-LASANIMAS-13,#FDAE61,-104.6423889,37.16547222,15 - 20 Deg. F. / 3 - 6,,15 - 20 Deg. F.,6-Mar,15 - 20 Deg. F. / 3 - 6,15 - 20 / semi-humid,CO.1,#698b69,"semi-humid, warm",#FDAE61,D,NA,NA
ARFR-CO932-316-JEFFERSON-12,black,1,4,33,NA,198,1,0,NA,N,NA,NA,NA,no envelope,NA,NA,NA,NA,NA,NA,NA,NA,NA,NA,NA,NA,NA,NA,NA,NA,NA,NA,NA,NA,NA,ARFR4-SOS-CO932-316-JEFFERSON-12,#FFFF85,-105.358,39.66325,15 - 20 Deg. F. / 3 - 6,,15 - 20 Deg. F.,6-Mar,15 - 20 Deg. F. / 3 - 6,15 - 20 / semi-humid,CO.3,#698b69,"semi-humid, warm",#FFFF85,F,NA,NA
ARFR-CO932-316-JEFFERSON-12,black,1,4,34,NA,199,1,1,NA,N,0.0045,0.558,12.4,NA,NA,NA,NA,NA,NA,NA,NA,NA,NA,NA,NA,NA,NA,NA,NA,NA,NA,NA,NA,NA,NA,ARFR4-SOS-CO932-316-JEFFERSON-12,#FFFF85,-105.358,39.66325,15 - 20 Deg. F. / 3 - 6,,15 - 20 Deg. F.,6-Mar,15 - 20 Deg. F. / 3 - 6,15 - 20 / semi-humid,CO.3,#698b69,"semi-humid, warm",#FFFF85,F,NA,NA
ARFR-NM930N-66-11,black,1,4,35,160,200,1,1,NA,N,0.0052,0.491,9.442307692,NA,NA,NA,NA,NA,NA,NA,NA,NA,NA,NA,NA,NA,NA,NA,NA,NA,NA,NA,NA,NA,NA,ARFR4-SOS-NM930N-66-11,#F46D43,-107.2045028,36.76818611,10 - 15 Deg. F. / 3 - 6,,10 - 15 Deg. F.,6-Mar,10 - 15 Deg. F. / 3 - 6,10 - 15 / semi-humid,NM.1,#66e566,"semi-humid, cool",#F46D43,C,NA,NA
ARFR-CO932-294-11,black,1,4,36,NA,201,1,1,NA,N,0.0075,0.713,9.506666667,NA,NA,NA,NA,NA,NA,NA,NA,NA,NA,NA,NA,NA,NA,NA,NA,NA,NA,NA,NA,NA,NA,ARFR4-SOS-CO932-294-11,#ABDDA4,-105.2030833,39.78458333,15 - 20 Deg. F. / 3 - 6,,15 - 20 Deg. F.,6-Mar,15 - 20 Deg. F. / 3 - 6,15 - 20 / semi-humid,CO.4,#698b69,"semi-humid, warm",#ABDDA4,H,NA,NA
ARFR-NM930N-66-11,black,1,4,37,NA,202,1,1,NA,N,NA,NA,NA,no leaf collected,NA,NA,NA,NA,NA,NA,NA,NA,NA,NA,NA,NA,NA,NA,NA,NA,NA,NA,NA,NA,NA,ARFR4-SOS-NM930N-66-11,#F46D43,-107.2045028,36.76818611,10 - 15 Deg. F. / 3 - 6,,10 - 15 Deg. F.,6-Mar,10 - 15 Deg. F. / 3 - 6,10 - 15 / semi-humid,NM.1,#66e566,"semi-humid, cool",#F46D43,C,NA,NA
ARFR-CO932-294-11,black,1,4,38,NA,203,1,1,NA,N,0.0046,0.544,11.82608696,NA,NA,NA,NA,NA,NA,NA,NA,NA,NA,NA,NA,NA,NA,NA,NA,NA,NA,NA,NA,NA,NA,ARFR4-SOS-CO932-294-11,#ABDDA4,-105.2030833,39.78458333,15 - 20 Deg. F. / 3 - 6,,15 - 20 Deg. F.,6-Mar,15 - 20 Deg. F. / 3 - 6,15 - 20 / semi-humid,CO.4,#698b69,"semi-humid, warm",#ABDDA4,H,NA,NA
ARFR-WY050-151-FREMONT-16,black,1,4,39,NA,204,1,1,NA,N,0.0041,0.69,16.82926829,NA,NA,NA,NA,NA,NA,NA,NA,NA,NA,NA,NA,NA,NA,NA,NA,NA,NA,NA,NA,NA,NA,ARFR4-SOS-WY050-151-FREMONT-16,#3288BD,-108.1704472,42.47886111,10 - 15 Deg. F. / 6 - 12,,10 - 15 Deg. F.,12-Jun,10 - 15 Deg. F. / 6 - 12,10 - 15 / semi-arid,WY.2,#cd8500,"semi-arid, cool",#3288BD,J,NA,NA
ARFR-NM930N-66-11,black,1,4,40,161,205,1,1,NA,N,0.0047,0.621,13.21276596,NA,NA,NA,NA,NA,NA,NA,NA,NA,NA,NA,NA,NA,NA,NA,NA,NA,NA,NA,NA,NA,NA,ARFR4-SOS-NM930N-66-11,#F46D43,-107.2045028,36.76818611,10 - 15 Deg. F. / 3 - 6,,10 - 15 Deg. F.,6-Mar,10 - 15 Deg. F. / 3 - 6,10 - 15 / semi-humid,NM.1,#66e566,"semi-humid, cool",#F46D43,C,NA,NA
ARFR-AZ930-423-NAVAJO-18,black,1,4,41,NA,206,1,1,NA,N,0.0021,0.225,10.71428571,NA,NA,NA,NA,NA,NA,NA,NA,NA,NA,NA,NA,NA,NA,NA,NA,NA,NA,NA,NA,NA,NA,ARFR4-SOS-AZ930-423-NAVAJO-18,#9E0142,-110.431,36.45877,15 - 20 Deg. F. / 6 - 12,SdZones downloaded 20230823,15 - 20 Deg. F.,12-Jun,15 - 20 Deg. F. / 6 - 12,15 - 20 / semi-arid,AZ.1,#ee5c42,"semi-arid, warm",#9E0142,A,NA,NA
ARFR-AZ930-423-NAVAJO-18,black,1,4,42,NA,207,0,0,NA,N,NA,NA,NA,no envelope,NA,NA,NA,NA,NA,NA,NA,NA,NA,NA,NA,NA,NA,NA,NA,NA,NA,NA,NA,NA,NA,ARFR4-SOS-AZ930-423-NAVAJO-18,#9E0142,-110.431,36.45877,15 - 20 Deg. F. / 6 - 12,SdZones downloaded 20230823,15 - 20 Deg. F.,12-Jun,15 - 20 Deg. F. / 6 - 12,15 - 20 / semi-arid,AZ.1,#ee5c42,"semi-arid, warm",#9E0142,A,Y,NA
ARFR-UT080-109-UINTAH-12,black,1,4,43,NA,208,1,1,NA,N,0.0038,0.497,13.07894737,NA,NA,NA,NA,NA,NA,NA,NA,NA,NA,NA,NA,NA,NA,NA,NA,NA,NA,NA,NA,NA,NA,ARFR4-SOS-UT080-109-UINTAH-12,#aabe7f,-109.1426444,39.70802222,10 - 15 Deg. F. / 3 - 6,,10 - 15 Deg. F.,6-Mar,10 - 15 Deg. F. / 3 - 6,10 - 15 / semi-humid,UT.1,#66e566,"semi-humid, cool",#aabe7f,G,NA,NA
ARFR-UT080-109-UINTAH-12,black,1,4,44,NA,209,1,1,NA,Y,0.0031,0.403,13,NA,NA,NA,NA,NA,NA,NA,NA,NA,NA,NA,NA,NA,NA,NA,NA,NA,NA,NA,NA,NA,NA,ARFR4-SOS-UT080-109-UINTAH-12,#aabe7f,-109.1426444,39.70802222,10 - 15 Deg. F. / 3 - 6,,10 - 15 Deg. F.,6-Mar,10 - 15 Deg. F. / 3 - 6,10 - 15 / semi-humid,UT.1,#66e566,"semi-humid, cool",#aabe7f,G,NA,NA
ARFR-WY930-44-LASANIMAS-13,black,1,4,45,162,210,1,1,NA,N,0.0014,0.254,18.14285714,NA,NA,NA,NA,NA,NA,NA,NA,NA,NA,NA,NA,NA,NA,NA,NA,NA,NA,NA,NA,NA,NA,ARFR4-SOS-WY930-44-LASANIMAS-13,#FDAE61,-104.6423889,37.16547222,15 - 20 Deg. F. / 3 - 6,,15 - 20 Deg. F.,6-Mar,15 - 20 Deg. F. / 3 - 6,15 - 20 / semi-humid,CO.1,#698b69,"semi-humid, warm",#FDAE61,D,NA,NA
ARFR-UT080-109-UINTAH-12,black,1,4,46,NA,211,1,1,NA,N,0.0033,0.304,9.212121212,NA,NA,NA,NA,NA,NA,NA,NA,NA,NA,NA,NA,NA,NA,NA,NA,NA,NA,NA,NA,NA,NA,ARFR4-SOS-UT080-109-UINTAH-12,#aabe7f,-109.1426444,39.70802222,10 - 15 Deg. F. / 3 - 6,,10 - 15 Deg. F.,6-Mar,10 - 15 Deg. F. / 3 - 6,10 - 15 / semi-humid,UT.1,#66e566,"semi-humid, cool",#aabe7f,G,NA,NA
ARFR-AZ930-423-NAVAJO-18,black,1,4,47,NA,212,1,1,NA,N,0.0036,0.419,11.63888889,NA,NA,NA,NA,NA,NA,NA,NA,NA,NA,NA,NA,NA,NA,NA,NA,NA,NA,NA,NA,NA,NA,ARFR4-SOS-AZ930-423-NAVAJO-18,#9E0142,-110.431,36.45877,15 - 20 Deg. F. / 6 - 12,SdZones downloaded 20230823,15 - 20 Deg. F.,12-Jun,15 - 20 Deg. F. / 6 - 12,15 - 20 / semi-arid,AZ.1,#ee5c42,"semi-arid, warm",#9E0142,A,NA,NA
ARFR-AZ930-423-NAVAJO-18,black,1,4,48,NA,213,1,1,NA,N,0.0035,0.587,16.77142857,NA,NA,NA,NA,NA,NA,NA,NA,NA,NA,NA,NA,NA,NA,NA,NA,NA,NA,NA,NA,NA,NA,ARFR4-SOS-AZ930-423-NAVAJO-18,#9E0142,-110.431,36.45877,15 - 20 Deg. F. / 6 - 12,SdZones downloaded 20230823,15 - 20 Deg. F.,12-Jun,15 - 20 Deg. F. / 6 - 12,15 - 20 / semi-arid,AZ.1,#ee5c42,"semi-arid, warm",#9E0142,A,NA,NA
ARFR-CO932-316-JEFFERSON-12,black,1,4,49,NA,214,1,1,NA,N,0.0055,0.654,11.89090909,NA,NA,NA,NA,NA,NA,NA,NA,NA,NA,NA,NA,NA,NA,NA,NA,NA,NA,NA,NA,NA,NA,ARFR4-SOS-CO932-316-JEFFERSON-12,#FFFF85,-105.358,39.66325,15 - 20 Deg. F. / 3 - 6,,15 - 20 Deg. F.,6-Mar,15 - 20 Deg. F. / 3 - 6,15 - 20 / semi-humid,CO.3,#698b69,"semi-humid, warm",#FFFF85,F,NA,NA
ARFR-WY040-71-10,black,1,4,50,163,215,1,1,NA,N,0.0033,0.401,12.15151515,NA,NA,NA,NA,NA,NA,NA,NA,NA,NA,NA,NA,NA,NA,NA,NA,NA,NA,NA,NA,NA,NA,ARFR4-SOS-WY040-71-10,#66C2A5,-109.2433156,41.13271889,5 - 10 Deg. F. / 3 - 6,,5 - 10 Deg. F.,6-Mar,5 - 10 Deg. F. / 3 - 6,5 - 10 / semi-humid,WY.1,#a5c2f1,"semi-humid, cold",#66C2A5,I,NA,NA
ARFR-CO932-314-JEFFERSON-12,black,1,4,51,NA,216,1,1,NA,N,0.0033,0.286,8.666666667,NA,NA,NA,NA,NA,NA,NA,NA,NA,NA,NA,NA,NA,NA,NA,NA,NA,NA,NA,NA,NA,NA,ARFR4-SOS-CO932-314-JEFFERSON-12,#FEE08B,-105.3553333,39.40902778,10 - 15 Deg. F. / 3 - 6,,10 - 15 Deg. F.,6-Mar,10 - 15 Deg. F. / 3 - 6,10 - 15 / semi-humid,CO.2,#66e566,"semi-humid, cool",#FEE08B,E,NA,NA
ARFR-AZ930-423-NAVAJO-18,black,1,4,52,NA,217,1,1,NA,N,0.0021,0.265,12.61904762,NA,NA,NA,NA,NA,NA,NA,NA,NA,NA,NA,NA,NA,NA,NA,NA,NA,NA,NA,NA,NA,NA,ARFR4-SOS-AZ930-423-NAVAJO-18,#9E0142,-110.431,36.45877,15 - 20 Deg. F. / 6 - 12,SdZones downloaded 20230823,15 - 20 Deg. F.,12-Jun,15 - 20 Deg. F. / 6 - 12,15 - 20 / semi-arid,AZ.1,#ee5c42,"semi-arid, warm",#9E0142,A,NA,NA
ARFR-CO932-316-JEFFERSON-12,black,1,4,53,NA,218,1,1,NA,N,0.0022,0.363,16.5,NA,NA,NA,NA,NA,NA,NA,NA,NA,NA,NA,NA,NA,NA,NA,NA,NA,NA,NA,NA,NA,NA,ARFR4-SOS-CO932-316-JEFFERSON-12,#FFFF85,-105.358,39.66325,15 - 20 Deg. F. / 3 - 6,,15 - 20 Deg. F.,6-Mar,15 - 20 Deg. F. / 3 - 6,15 - 20 / semi-humid,CO.3,#698b69,"semi-humid, warm",#FFFF85,F,NA,NA
ARFR-NM930N-66-11,black,1,4,54,NA,219,1,NA,NA,N,0.0071,0.774,10.90140845,NA,NA,NA,NA,NA,NA,NA,NA,NA,NA,NA,NA,NA,NA,NA,NA,NA,NA,NA,NA,NA,NA,ARFR4-SOS-NM930N-66-11,#F46D43,-107.2045028,36.76818611,10 - 15 Deg. F. / 3 - 6,,10 - 15 Deg. F.,6-Mar,10 - 15 Deg. F. / 3 - 6,10 - 15 / semi-humid,NM.1,#66e566,"semi-humid, cool",#F46D43,C,NA,Y
ARFR-CO932-294-11,white,2,5,1,165,220,1,1,NA,N,0.005,0.607,12.14,NA,NA,NA,NA,NA,NA,NA,NA,NA,NA,NA,NA,NA,NA,NA,NA,NA,NA,NA,NA,NA,NA,ARFR4-SOS-CO932-294-11,#ABDDA4,-105.2030833,39.78458333,15 - 20 Deg. F. / 3 - 6,,15 - 20 Deg. F.,6-Mar,15 - 20 Deg. F. / 3 - 6,15 - 20 / semi-humid,CO.4,#698b69,"semi-humid, warm",#ABDDA4,H,NA,NA
ARFR-CO932-316-JEFFERSON-12,white,2,5,2,NA,221,1,1,NA,N,0.0066,0.73,11.06060606,NA,NA,NA,NA,NA,NA,NA,NA,NA,NA,NA,NA,NA,NA,NA,NA,NA,NA,NA,NA,NA,NA,ARFR4-SOS-CO932-316-JEFFERSON-12,#FFFF85,-105.358,39.66325,15 - 20 Deg. F. / 3 - 6,,15 - 20 Deg. F.,6-Mar,15 - 20 Deg. F. / 3 - 6,15 - 20 / semi-humid,CO.3,#698b69,"semi-humid, warm",#FFFF85,F,NA,NA
ARFR-CO932-314-JEFFERSON-12,white,2,5,3,NA,222,1,1,NA,N,0.0039,0.446,11.43589744,NA,NA,NA,NA,NA,NA,NA,NA,NA,NA,NA,NA,NA,NA,NA,NA,NA,NA,NA,NA,NA,NA,ARFR4-SOS-CO932-314-JEFFERSON-12,#FEE08B,-105.3553333,39.40902778,10 - 15 Deg. F. / 3 - 6,,10 - 15 Deg. F.,6-Mar,10 - 15 Deg. F. / 3 - 6,10 - 15 / semi-humid,CO.2,#66e566,"semi-humid, cool",#FEE08B,E,NA,NA
ARFR-AZ930-423-NAVAJO-18,white,2,5,4,NA,223,1,1,84.912,N,NA,NA,NA,harvested,84.912,NA,26.7,1.79,NA,Y,NA,NA,NA,NA,NA,NA,NA,NA,NA,NA,NA,NA,NA,NA,NA,ARFR4-SOS-AZ930-423-NAVAJO-18,#9E0142,-110.431,36.45877,15 - 20 Deg. F. / 6 - 12,SdZones downloaded 20230823,15 - 20 Deg. F.,12-Jun,15 - 20 Deg. F. / 6 - 12,15 - 20 / semi-arid,AZ.1,#ee5c42,"semi-arid, warm",#9E0142,A,NA,NA
ARFR-WY930-44-LASANIMAS-13,white,2,5,5,166,224,1,1,NA,Y,0.0031,0.339,10.93548387,NA,NA,NA,NA,NA,NA,NA,NA,NA,NA,NA,NA,NA,NA,NA,NA,NA,NA,NA,NA,NA,NA,ARFR4-SOS-WY930-44-LASANIMAS-13,#FDAE61,-104.6423889,37.16547222,15 - 20 Deg. F. / 3 - 6,,15 - 20 Deg. F.,6-Mar,15 - 20 Deg. F. / 3 - 6,15 - 20 / semi-humid,CO.1,#698b69,"semi-humid, warm",#FDAE61,D,NA,NA
ARFR-AZ930-422-NAVAJO-18,white,2,5,6,NA,225,1,1,NA,N,0.0047,0.582,12.38297872,NA,NA,NA,NA,NA,NA,NA,NA,NA,NA,NA,NA,NA,NA,NA,NA,NA,NA,NA,NA,NA,NA,ARFR4-SOS-AZ930-422-NAVAJO-18,#D53E4F,-110.431,36.56805,15 - 20 Deg. F. / 6 - 12,Lats corrected 20230127,15 - 20 Deg. F.,12-Jun,15 - 20 Deg. F. / 6 - 12,15 - 20 / semi-arid,AZ.2,#ee5c42,"semi-arid, warm",#D53E4F,B,NA,NA
ARFR-CO932-294-11,white,2,5,7,NA,226,1,1,NA,Y,0.0038,0.263,6.921052632,NA,NA,NA,NA,NA,NA,NA,NA,NA,NA,NA,NA,NA,NA,NA,NA,NA,NA,NA,NA,NA,NA,ARFR4-SOS-CO932-294-11,#ABDDA4,-105.2030833,39.78458333,15 - 20 Deg. F. / 3 - 6,,15 - 20 Deg. F.,6-Mar,15 - 20 Deg. F. / 3 - 6,15 - 20 / semi-humid,CO.4,#698b69,"semi-humid, warm",#ABDDA4,H,NA,NA
ARFR-CO932-316-JEFFERSON-12,white,2,5,8,NA,227,1,1,NA,N,0.0034,0.531,15.61764706,NA,NA,NA,NA,NA,NA,NA,NA,NA,NA,NA,NA,NA,NA,NA,NA,NA,NA,NA,NA,NA,NA,ARFR4-SOS-CO932-316-JEFFERSON-12,#FFFF85,-105.358,39.66325,15 - 20 Deg. F. / 3 - 6,,15 - 20 Deg. F.,6-Mar,15 - 20 Deg. F. / 3 - 6,15 - 20 / semi-humid,CO.3,#698b69,"semi-humid, warm",#FFFF85,F,NA,NA
ARFR-NM930N-66-11,white,2,5,9,NA,228,1,1,NA,N,0.0045,0.662,14.71111111,NA,NA,NA,NA,NA,NA,NA,NA,NA,NA,NA,NA,NA,NA,NA,NA,NA,NA,NA,NA,NA,NA,ARFR4-SOS-NM930N-66-11,#F46D43,-107.2045028,36.76818611,10 - 15 Deg. F. / 3 - 6,,10 - 15 Deg. F.,6-Mar,10 - 15 Deg. F. / 3 - 6,10 - 15 / semi-humid,NM.1,#66e566,"semi-humid, cool",#F46D43,C,NA,NA
ARFR-CO932-294-11,white,2,5,10,167,229,1,1,NA,N,0.0101,1.168,11.56435644,NA,NA,NA,NA,NA,NA,NA,NA,NA,NA,NA,NA,NA,NA,NA,NA,NA,NA,NA,NA,NA,NA,ARFR4-SOS-CO932-294-11,#ABDDA4,-105.2030833,39.78458333,15 - 20 Deg. F. / 3 - 6,,15 - 20 Deg. F.,6-Mar,15 - 20 Deg. F. / 3 - 6,15 - 20 / semi-humid,CO.4,#698b69,"semi-humid, warm",#ABDDA4,H,NA,NA
ARFR-WY050-151-FREMONT-16,white,2,5,11,NA,230,1,1,NA,N,0.0029,0.325,11.20689655,NA,NA,NA,NA,NA,NA,NA,NA,NA,NA,NA,NA,NA,NA,NA,NA,NA,NA,NA,NA,NA,NA,ARFR4-SOS-WY050-151-FREMONT-16,#3288BD,-108.1704472,42.47886111,10 - 15 Deg. F. / 6 - 12,,10 - 15 Deg. F.,12-Jun,10 - 15 Deg. F. / 6 - 12,10 - 15 / semi-arid,WY.2,#cd8500,"semi-arid, cool",#3288BD,J,NA,NA
ARFR-NM930N-66-11,white,2,5,12,NA,231,1,1,NA,N,0.0037,0.513,13.86486486,NA,NA,NA,NA,NA,NA,NA,NA,NA,NA,NA,NA,NA,NA,NA,NA,NA,NA,NA,NA,NA,NA,ARFR4-SOS-NM930N-66-11,#F46D43,-107.2045028,36.76818611,10 - 15 Deg. F. / 3 - 6,,10 - 15 Deg. F.,6-Mar,10 - 15 Deg. F. / 3 - 6,10 - 15 / semi-humid,NM.1,#66e566,"semi-humid, cool",#F46D43,C,NA,NA
ARFR-AZ930-422-NAVAJO-18,white,2,5,13,NA,232,1,1,NA,N,0.004,0.44,11,NA,NA,NA,NA,NA,NA,NA,NA,NA,NA,NA,NA,NA,NA,NA,NA,NA,NA,NA,NA,NA,NA,ARFR4-SOS-AZ930-422-NAVAJO-18,#D53E4F,-110.431,36.56805,15 - 20 Deg. F. / 6 - 12,Lats corrected 20230127,15 - 20 Deg. F.,12-Jun,15 - 20 Deg. F. / 6 - 12,15 - 20 / semi-arid,AZ.2,#ee5c42,"semi-arid, warm",#D53E4F,B,NA,NA
ARFR-UT080-109-UINTAH-12,white,2,5,14,NA,233,1,1,NA,N,0.003,0.366,12.2,NA,NA,NA,NA,NA,NA,NA,NA,NA,NA,NA,NA,NA,NA,NA,NA,NA,NA,NA,NA,NA,NA,ARFR4-SOS-UT080-109-UINTAH-12,#aabe7f,-109.1426444,39.70802222,10 - 15 Deg. F. / 3 - 6,,10 - 15 Deg. F.,6-Mar,10 - 15 Deg. F. / 3 - 6,10 - 15 / semi-humid,UT.1,#66e566,"semi-humid, cool",#aabe7f,G,NA,NA
ARFR-WY050-151-FREMONT-16,white,2,5,15,168,234,1,1,NA,N,0.0029,0.454,15.65517241,NA,NA,NA,NA,NA,NA,NA,NA,NA,NA,NA,NA,NA,NA,NA,NA,NA,NA,NA,NA,NA,NA,ARFR4-SOS-WY050-151-FREMONT-16,#3288BD,-108.1704472,42.47886111,10 - 15 Deg. F. / 6 - 12,,10 - 15 Deg. F.,12-Jun,10 - 15 Deg. F. / 6 - 12,10 - 15 / semi-arid,WY.2,#cd8500,"semi-arid, cool",#3288BD,J,NA,NA
ARFR-CO932-316-JEFFERSON-12,white,2,5,16,NA,235,1,1,NA,N,0.004,0.477,11.925,NA,NA,NA,NA,NA,NA,NA,NA,NA,NA,NA,NA,NA,NA,NA,NA,NA,NA,NA,NA,NA,NA,ARFR4-SOS-CO932-316-JEFFERSON-12,#FFFF85,-105.358,39.66325,15 - 20 Deg. F. / 3 - 6,,15 - 20 Deg. F.,6-Mar,15 - 20 Deg. F. / 3 - 6,15 - 20 / semi-humid,CO.3,#698b69,"semi-humid, warm",#FFFF85,F,NA,NA
ARFR-UT080-109-UINTAH-12,white,2,5,17,NA,236,1,1,NA,N,0.0042,0.577,13.73809524,NA,NA,NA,NA,NA,NA,NA,NA,NA,NA,NA,NA,NA,NA,NA,NA,NA,NA,NA,NA,NA,NA,ARFR4-SOS-UT080-109-UINTAH-12,#aabe7f,-109.1426444,39.70802222,10 - 15 Deg. F. / 3 - 6,,10 - 15 Deg. F.,6-Mar,10 - 15 Deg. F. / 3 - 6,10 - 15 / semi-humid,UT.1,#66e566,"semi-humid, cool",#aabe7f,G,NA,NA
ARFR-CO932-294-11,white,2,5,18,NA,237,1,1,NA,N,0.006,0.767,12.78333333,NA,NA,NA,NA,NA,NA,NA,NA,NA,NA,NA,NA,NA,NA,NA,NA,NA,NA,NA,NA,NA,NA,ARFR4-SOS-CO932-294-11,#ABDDA4,-105.2030833,39.78458333,15 - 20 Deg. F. / 3 - 6,,15 - 20 Deg. F.,6-Mar,15 - 20 Deg. F. / 3 - 6,15 - 20 / semi-humid,CO.4,#698b69,"semi-humid, warm",#ABDDA4,H,NA,NA
ARFR-WY040-71-10,white,2,5,19,NA,238,1,1,NA,N,0.0032,0.444,13.875,NA,NA,NA,NA,NA,NA,NA,NA,NA,NA,NA,NA,NA,NA,NA,NA,NA,NA,NA,NA,NA,NA,ARFR4-SOS-WY040-71-10,#66C2A5,-109.2433156,41.13271889,5 - 10 Deg. F. / 3 - 6,,5 - 10 Deg. F.,6-Mar,5 - 10 Deg. F. / 3 - 6,5 - 10 / semi-humid,WY.1,#a5c2f1,"semi-humid, cold",#66C2A5,I,NA,NA
ARFR-WY050-49-FREMONT-12,white,2,5,20,169,239,1,NA,NA,N,0.0022,0.403,18.31818182,NA,NA,NA,NA,NA,NA,NA,NA,NA,NA,NA,NA,NA,NA,NA,NA,NA,NA,NA,NA,NA,NA,ARFR4-SOS-WY050-49-FREMONT-12,#5E4FA2,-109.34775,43.42663611,5 - 10 Deg. F. / 6 - 12,,5 - 10 Deg. F.,12-Jun,5 - 10 Deg. F. / 6 - 12,5 - 10 / semi-arid,WY.3,#ffb90f,"semi-arid, cold",#5E4FA2,K,NA,NA
ARFR-WY930-44-LASANIMAS-13,white,2,5,21,NA,240,1,1,NA,N,0.0051,0.707,13.8627451,NA,NA,NA,NA,NA,NA,NA,NA,NA,NA,NA,NA,NA,NA,NA,NA,NA,NA,NA,NA,NA,NA,ARFR4-SOS-WY930-44-LASANIMAS-13,#FDAE61,-104.6423889,37.16547222,15 - 20 Deg. F. / 3 - 6,,15 - 20 Deg. F.,6-Mar,15 - 20 Deg. F. / 3 - 6,15 - 20 / semi-humid,CO.1,#698b69,"semi-humid, warm",#FDAE61,D,NA,NA
ARFR-WY930-44-LASANIMAS-13,white,2,5,22,NA,241,1,1,NA,N,0.0057,0.748,13.12280702,NA,NA,NA,NA,NA,NA,NA,NA,NA,NA,NA,NA,NA,NA,NA,NA,NA,NA,NA,NA,NA,NA,ARFR4-SOS-WY930-44-LASANIMAS-13,#FDAE61,-104.6423889,37.16547222,15 - 20 Deg. F. / 3 - 6,,15 - 20 Deg. F.,6-Mar,15 - 20 Deg. F. / 3 - 6,15 - 20 / semi-humid,CO.1,#698b69,"semi-humid, warm",#FDAE61,D,NA,NA
ARFR-NM930N-66-11,white,2,5,23,NA,242,1,1,NA,N,0.0025,0.332,13.28,NA,NA,NA,NA,NA,NA,NA,NA,NA,NA,NA,NA,NA,NA,NA,NA,NA,NA,NA,NA,NA,NA,ARFR4-SOS-NM930N-66-11,#F46D43,-107.2045028,36.76818611,10 - 15 Deg. F. / 3 - 6,,10 - 15 Deg. F.,6-Mar,10 - 15 Deg. F. / 3 - 6,10 - 15 / semi-humid,NM.1,#66e566,"semi-humid, cool",#F46D43,C,NA,NA
ARFR-UT080-109-UINTAH-12,white,2,5,24,NA,243,1,1,NA,N,0.0064,0.701,10.953125,NA,NA,NA,NA,NA,NA,NA,NA,NA,NA,NA,NA,NA,NA,NA,NA,NA,NA,NA,NA,NA,NA,ARFR4-SOS-UT080-109-UINTAH-12,#aabe7f,-109.1426444,39.70802222,10 - 15 Deg. F. / 3 - 6,,10 - 15 Deg. F.,6-Mar,10 - 15 Deg. F. / 3 - 6,10 - 15 / semi-humid,UT.1,#66e566,"semi-humid, cool",#aabe7f,G,NA,NA
ARFR-CO932-314-JEFFERSON-12,white,2,5,25,170,244,1,1,NA,N,0.0044,0.733,16.65909091,NA,NA,NA,NA,NA,NA,NA,NA,NA,NA,NA,NA,NA,NA,NA,NA,NA,NA,NA,NA,NA,NA,ARFR4-SOS-CO932-314-JEFFERSON-12,#FEE08B,-105.3553333,39.40902778,10 - 15 Deg. F. / 3 - 6,,10 - 15 Deg. F.,6-Mar,10 - 15 Deg. F. / 3 - 6,10 - 15 / semi-humid,CO.2,#66e566,"semi-humid, cool",#FEE08B,E,NA,NA
ARFR-AZ930-422-NAVAJO-18,white,2,5,26,NA,245,1,1,NA,N,0.0019,0.242,12.73684211,NA,NA,NA,NA,NA,NA,NA,NA,NA,NA,NA,NA,NA,NA,NA,NA,NA,NA,NA,NA,NA,NA,ARFR4-SOS-AZ930-422-NAVAJO-18,#D53E4F,-110.431,36.56805,15 - 20 Deg. F. / 6 - 12,Lats corrected 20230127,15 - 20 Deg. F.,12-Jun,15 - 20 Deg. F. / 6 - 12,15 - 20 / semi-arid,AZ.2,#ee5c42,"semi-arid, warm",#D53E4F,B,NA,NA
ARFR-CO932-316-JEFFERSON-12,white,2,5,27,NA,246,1,1,NA,N,0.0019,0.309,16.26315789,NA,NA,NA,NA,NA,NA,NA,NA,NA,NA,NA,NA,NA,NA,NA,NA,NA,NA,NA,NA,NA,NA,ARFR4-SOS-CO932-316-JEFFERSON-12,#FFFF85,-105.358,39.66325,15 - 20 Deg. F. / 3 - 6,,15 - 20 Deg. F.,6-Mar,15 - 20 Deg. F. / 3 - 6,15 - 20 / semi-humid,CO.3,#698b69,"semi-humid, warm",#FFFF85,F,NA,NA
ARFR-UT080-109-UINTAH-12,white,2,5,28,NA,247,1,1,NA,N,0.0057,0.608,10.66666667,NA,NA,NA,NA,NA,NA,NA,NA,NA,NA,NA,NA,NA,NA,NA,NA,NA,NA,NA,NA,NA,NA,ARFR4-SOS-UT080-109-UINTAH-12,#aabe7f,-109.1426444,39.70802222,10 - 15 Deg. F. / 3 - 6,,10 - 15 Deg. F.,6-Mar,10 - 15 Deg. F. / 3 - 6,10 - 15 / semi-humid,UT.1,#66e566,"semi-humid, cool",#aabe7f,G,NA,NA
ARFR-AZ930-423-NAVAJO-18,white,2,5,29,NA,248,1,1,NA,Y,0.0026,0.371,14.26923077,NA,NA,NA,NA,NA,NA,NA,NA,NA,NA,NA,NA,NA,NA,NA,NA,NA,NA,NA,NA,NA,NA,ARFR4-SOS-AZ930-423-NAVAJO-18,#9E0142,-110.431,36.45877,15 - 20 Deg. F. / 6 - 12,SdZones downloaded 20230823,15 - 20 Deg. F.,12-Jun,15 - 20 Deg. F. / 6 - 12,15 - 20 / semi-arid,AZ.1,#ee5c42,"semi-arid, warm",#9E0142,A,NA,NA
ARFR-WY050-49-FREMONT-12,white,2,5,30,171,249,1,1,NA,N,0.0037,0.472,12.75675676,NA,NA,NA,NA,NA,NA,NA,NA,NA,NA,NA,NA,NA,NA,NA,NA,NA,NA,NA,NA,NA,NA,ARFR4-SOS-WY050-49-FREMONT-12,#5E4FA2,-109.34775,43.42663611,5 - 10 Deg. F. / 6 - 12,,5 - 10 Deg. F.,12-Jun,5 - 10 Deg. F. / 6 - 12,5 - 10 / semi-arid,WY.3,#ffb90f,"semi-arid, cold",#5E4FA2,K,NA,NA
ARFR-CO932-314-JEFFERSON-12,white,2,5,31,NA,250,1,1,NA,N,0.0053,0.781,14.73584906,NA,NA,NA,NA,NA,NA,NA,NA,NA,NA,NA,NA,NA,NA,NA,NA,NA,NA,NA,NA,NA,NA,ARFR4-SOS-CO932-314-JEFFERSON-12,#FEE08B,-105.3553333,39.40902778,10 - 15 Deg. F. / 3 - 6,,10 - 15 Deg. F.,6-Mar,10 - 15 Deg. F. / 3 - 6,10 - 15 / semi-humid,CO.2,#66e566,"semi-humid, cool",#FEE08B,E,NA,NA
ARFR-AZ930-423-NAVAJO-18,white,2,5,32,NA,251,1,1,NA,N,0.003,0.349,11.63333333,NA,NA,NA,NA,NA,NA,NA,NA,NA,NA,NA,NA,NA,NA,NA,NA,NA,NA,NA,NA,NA,NA,ARFR4-SOS-AZ930-423-NAVAJO-18,#9E0142,-110.431,36.45877,15 - 20 Deg. F. / 6 - 12,SdZones downloaded 20230823,15 - 20 Deg. F.,12-Jun,15 - 20 Deg. F. / 6 - 12,15 - 20 / semi-arid,AZ.1,#ee5c42,"semi-arid, warm",#9E0142,A,NA,NA
ARFR-NM930N-66-11,white,2,5,33,NA,252,1,1,NA,N,0.0044,0.455,10.34090909,NA,NA,NA,NA,NA,NA,NA,NA,NA,NA,NA,NA,NA,NA,NA,NA,NA,NA,NA,NA,NA,NA,ARFR4-SOS-NM930N-66-11,#F46D43,-107.2045028,36.76818611,10 - 15 Deg. F. / 3 - 6,,10 - 15 Deg. F.,6-Mar,10 - 15 Deg. F. / 3 - 6,10 - 15 / semi-humid,NM.1,#66e566,"semi-humid, cool",#F46D43,C,NA,NA
ARFR-CO932-294-11,white,2,5,34,NA,253,1,1,NA,N,0.0047,0.654,13.91489362,NA,NA,NA,NA,NA,NA,NA,NA,NA,NA,NA,NA,NA,NA,NA,NA,NA,NA,NA,NA,NA,NA,ARFR4-SOS-CO932-294-11,#ABDDA4,-105.2030833,39.78458333,15 - 20 Deg. F. / 3 - 6,,15 - 20 Deg. F.,6-Mar,15 - 20 Deg. F. / 3 - 6,15 - 20 / semi-humid,CO.4,#698b69,"semi-humid, warm",#ABDDA4,H,NA,NA
ARFR-WY930-44-LASANIMAS-13,white,2,5,35,172,254,1,1,NA,N,0.0038,0.461,12.13157895,NA,NA,NA,NA,NA,NA,NA,NA,NA,NA,NA,NA,NA,NA,NA,NA,NA,NA,NA,NA,NA,NA,ARFR4-SOS-WY930-44-LASANIMAS-13,#FDAE61,-104.6423889,37.16547222,15 - 20 Deg. F. / 3 - 6,,15 - 20 Deg. F.,6-Mar,15 - 20 Deg. F. / 3 - 6,15 - 20 / semi-humid,CO.1,#698b69,"semi-humid, warm",#FDAE61,D,NA,NA
ARFR-AZ930-423-NAVAJO-18,white,2,5,36,NA,255,1,1,NA,N,0.0031,0.4,12.90322581,NA,NA,NA,NA,NA,NA,NA,NA,NA,NA,NA,NA,NA,NA,NA,NA,NA,NA,NA,NA,NA,NA,ARFR4-SOS-AZ930-423-NAVAJO-18,#9E0142,-110.431,36.45877,15 - 20 Deg. F. / 6 - 12,SdZones downloaded 20230823,15 - 20 Deg. F.,12-Jun,15 - 20 Deg. F. / 6 - 12,15 - 20 / semi-arid,AZ.1,#ee5c42,"semi-arid, warm",#9E0142,A,NA,NA
ARFR-WY050-49-FREMONT-12,white,2,5,37,NA,256,1,1,27.5,N,0.0024,0.34,14.16666667,NA,27.5,0,0,0,Missing? Zeros for inf added since didn't flwr,Y,NA,NA,NA,NA,NA,NA,NA,NA,NA,NA,NA,NA,NA,NA,NA,ARFR4-SOS-WY050-49-FREMONT-12,#5E4FA2,-109.34775,43.42663611,5 - 10 Deg. F. / 6 - 12,,5 - 10 Deg. F.,12-Jun,5 - 10 Deg. F. / 6 - 12,5 - 10 / semi-arid,WY.3,#ffb90f,"semi-arid, cold",#5E4FA2,K,NA,NA
ARFR-CO932-294-11,white,2,5,38,NA,257,1,1,NA,N,0.0067,0.818,12.20895522,NA,NA,NA,NA,NA,NA,NA,NA,NA,NA,NA,NA,NA,NA,NA,NA,NA,NA,NA,NA,NA,NA,ARFR4-SOS-CO932-294-11,#ABDDA4,-105.2030833,39.78458333,15 - 20 Deg. F. / 3 - 6,,15 - 20 Deg. F.,6-Mar,15 - 20 Deg. F. / 3 - 6,15 - 20 / semi-humid,CO.4,#698b69,"semi-humid, warm",#ABDDA4,H,NA,NA
ARFR-CO932-294-11,white,2,5,39,NA,258,1,1,NA,N,0.0036,0.68,18.88888889,NA,NA,NA,NA,NA,NA,NA,NA,NA,NA,NA,NA,NA,NA,NA,NA,NA,NA,NA,NA,NA,NA,ARFR4-SOS-CO932-294-11,#ABDDA4,-105.2030833,39.78458333,15 - 20 Deg. F. / 3 - 6,,15 - 20 Deg. F.,6-Mar,15 - 20 Deg. F. / 3 - 6,15 - 20 / semi-humid,CO.4,#698b69,"semi-humid, warm",#ABDDA4,H,NA,NA
ARFR-UT080-109-UINTAH-12,white,2,5,40,173,259,0,0,NA,N,NA,NA,NA,no envelope,NA,NA,NA,NA,NA,NA,NA,NA,NA,NA,NA,NA,NA,NA,NA,NA,NA,NA,NA,NA,NA,ARFR4-SOS-UT080-109-UINTAH-12,#aabe7f,-109.1426444,39.70802222,10 - 15 Deg. F. / 3 - 6,,10 - 15 Deg. F.,6-Mar,10 - 15 Deg. F. / 3 - 6,10 - 15 / semi-humid,UT.1,#66e566,"semi-humid, cool",#aabe7f,G,NA,NA
ARFR-CO932-316-JEFFERSON-12,white,2,5,41,NA,260,1,1,NA,Y,0.0043,0.539,12.53488372,NA,NA,NA,NA,NA,NA,NA,NA,NA,NA,NA,NA,NA,NA,NA,NA,NA,NA,NA,NA,NA,NA,ARFR4-SOS-CO932-316-JEFFERSON-12,#FFFF85,-105.358,39.66325,15 - 20 Deg. F. / 3 - 6,,15 - 20 Deg. F.,6-Mar,15 - 20 Deg. F. / 3 - 6,15 - 20 / semi-humid,CO.3,#698b69,"semi-humid, warm",#FFFF85,F,NA,NA
ARFR-CO932-314-JEFFERSON-12,white,2,5,42,NA,261,1,1,NA,N,0.0083,0.917,11.04819277,NA,NA,NA,NA,NA,NA,NA,NA,NA,NA,NA,NA,NA,NA,NA,NA,NA,NA,NA,NA,NA,NA,ARFR4-SOS-CO932-314-JEFFERSON-12,#FEE08B,-105.3553333,39.40902778,10 - 15 Deg. F. / 3 - 6,,10 - 15 Deg. F.,6-Mar,10 - 15 Deg. F. / 3 - 6,10 - 15 / semi-humid,CO.2,#66e566,"semi-humid, cool",#FEE08B,E,NA,NA
ARFR-CO932-314-JEFFERSON-12,white,2,5,43,NA,262,1,1,NA,N,0.0038,0.579,15.23684211,NA,NA,NA,NA,NA,NA,NA,NA,NA,NA,NA,NA,NA,NA,NA,NA,NA,NA,NA,NA,NA,NA,ARFR4-SOS-CO932-314-JEFFERSON-12,#FEE08B,-105.3553333,39.40902778,10 - 15 Deg. F. / 3 - 6,,10 - 15 Deg. F.,6-Mar,10 - 15 Deg. F. / 3 - 6,10 - 15 / semi-humid,CO.2,#66e566,"semi-humid, cool",#FEE08B,E,NA,NA
ARFR-UT080-109-UINTAH-12,white,2,5,44,NA,263,1,1,NA,N,NA,NA,NA,no leaf collected,NA,NA,NA,NA,NA,NA,NA,NA,NA,NA,NA,NA,NA,NA,NA,NA,NA,NA,NA,NA,NA,ARFR4-SOS-UT080-109-UINTAH-12,#aabe7f,-109.1426444,39.70802222,10 - 15 Deg. F. / 3 - 6,,10 - 15 Deg. F.,6-Mar,10 - 15 Deg. F. / 3 - 6,10 - 15 / semi-humid,UT.1,#66e566,"semi-humid, cool",#aabe7f,G,NA,NA
ARFR-UT080-109-UINTAH-12,white,2,5,45,174,264,1,1,NA,N,0.0049,0.59,12.04081633,NA,NA,NA,NA,NA,NA,NA,NA,NA,NA,NA,NA,NA,NA,NA,NA,NA,NA,NA,NA,NA,NA,ARFR4-SOS-UT080-109-UINTAH-12,#aabe7f,-109.1426444,39.70802222,10 - 15 Deg. F. / 3 - 6,,10 - 15 Deg. F.,6-Mar,10 - 15 Deg. F. / 3 - 6,10 - 15 / semi-humid,UT.1,#66e566,"semi-humid, cool",#aabe7f,G,NA,NA
ARFR-NM930N-66-11,white,2,5,46,NA,265,1,1,NA,N,0.004,0.549,13.725,NA,NA,NA,NA,NA,NA,NA,NA,NA,NA,NA,NA,NA,NA,NA,NA,NA,NA,NA,NA,NA,NA,ARFR4-SOS-NM930N-66-11,#F46D43,-107.2045028,36.76818611,10 - 15 Deg. F. / 3 - 6,,10 - 15 Deg. F.,6-Mar,10 - 15 Deg. F. / 3 - 6,10 - 15 / semi-humid,NM.1,#66e566,"semi-humid, cool",#F46D43,C,NA,NA
ARFR-WY930-44-LASANIMAS-13,white,2,5,47,NA,266,1,1,NA,N,0.0051,0.559,10.96078431,NA,NA,NA,NA,NA,NA,NA,NA,NA,NA,NA,NA,NA,NA,NA,NA,NA,NA,NA,NA,NA,NA,ARFR4-SOS-WY930-44-LASANIMAS-13,#FDAE61,-104.6423889,37.16547222,15 - 20 Deg. F. / 3 - 6,,15 - 20 Deg. F.,6-Mar,15 - 20 Deg. F. / 3 - 6,15 - 20 / semi-humid,CO.1,#698b69,"semi-humid, warm",#FDAE61,D,NA,NA
ARFR-AZ930-423-NAVAJO-18,white,2,5,48,NA,267,0,0,NA,N,NA,NA,NA,no envelope,NA,NA,NA,NA,NA,NA,NA,NA,NA,NA,NA,NA,NA,NA,NA,NA,NA,NA,NA,NA,NA,ARFR4-SOS-AZ930-423-NAVAJO-18,#9E0142,-110.431,36.45877,15 - 20 Deg. F. / 6 - 12,SdZones downloaded 20230823,15 - 20 Deg. F.,12-Jun,15 - 20 Deg. F. / 6 - 12,15 - 20 / semi-arid,AZ.1,#ee5c42,"semi-arid, warm",#9E0142,A,Y,NA
ARFR-AZ930-423-NAVAJO-18,white,2,5,49,NA,268,1,1,NA,N,0.0026,0.397,15.26923077,NA,NA,NA,NA,NA,NA,NA,NA,NA,NA,NA,NA,NA,NA,NA,NA,NA,NA,NA,NA,NA,NA,ARFR4-SOS-AZ930-423-NAVAJO-18,#9E0142,-110.431,36.45877,15 - 20 Deg. F. / 6 - 12,SdZones downloaded 20230823,15 - 20 Deg. F.,12-Jun,15 - 20 Deg. F. / 6 - 12,15 - 20 / semi-arid,AZ.1,#ee5c42,"semi-arid, warm",#9E0142,A,NA,NA
ARFR-AZ930-422-NAVAJO-18,white,2,5,50,175,269,1,1,NA,N,0.0035,0.413,11.8,NA,NA,NA,NA,NA,NA,NA,NA,NA,NA,NA,NA,NA,NA,NA,NA,NA,NA,NA,NA,NA,NA,ARFR4-SOS-AZ930-422-NAVAJO-18,#D53E4F,-110.431,36.56805,15 - 20 Deg. F. / 6 - 12,Lats corrected 20230127,15 - 20 Deg. F.,12-Jun,15 - 20 Deg. F. / 6 - 12,15 - 20 / semi-arid,AZ.2,#ee5c42,"semi-arid, warm",#D53E4F,B,NA,NA
ARFR-AZ930-423-NAVAJO-18,white,2,5,51,NA,270,1,1,92.862,N,NA,NA,NA,no leaf collected,92.862,41.95,29.61,3.11,NA,Y,NA,NA,NA,NA,NA,NA,NA,NA,NA,NA,NA,NA,NA,NA,NA,ARFR4-SOS-AZ930-423-NAVAJO-18,#9E0142,-110.431,36.45877,15 - 20 Deg. F. / 6 - 12,SdZones downloaded 20230823,15 - 20 Deg. F.,12-Jun,15 - 20 Deg. F. / 6 - 12,15 - 20 / semi-arid,AZ.1,#ee5c42,"semi-arid, warm",#9E0142,A,NA,NA
ARFR-NM930N-66-11,white,2,5,52,NA,271,1,1,NA,N,0.0028,0.35,12.5,NA,NA,NA,NA,NA,NA,NA,NA,NA,NA,NA,NA,NA,NA,NA,NA,NA,NA,NA,NA,NA,NA,ARFR4-SOS-NM930N-66-11,#F46D43,-107.2045028,36.76818611,10 - 15 Deg. F. / 3 - 6,,10 - 15 Deg. F.,6-Mar,10 - 15 Deg. F. / 3 - 6,10 - 15 / semi-humid,NM.1,#66e566,"semi-humid, cool",#F46D43,C,NA,NA
ARFR-AZ930-423-NAVAJO-18,white,2,5,53,NA,272,1,1,NA,N,0.0045,0.572,12.71111111,NA,NA,NA,NA,NA,NA,NA,NA,NA,NA,NA,NA,NA,NA,NA,NA,NA,NA,NA,NA,NA,NA,ARFR4-SOS-AZ930-423-NAVAJO-18,#9E0142,-110.431,36.45877,15 - 20 Deg. F. / 6 - 12,SdZones downloaded 20230823,15 - 20 Deg. F.,12-Jun,15 - 20 Deg. F. / 6 - 12,15 - 20 / semi-arid,AZ.1,#ee5c42,"semi-arid, warm",#9E0142,A,NA,NA
ARFR-WY050-49-FREMONT-12,white,2,5,54,NA,273,1,1,NA,N,0.0046,0.573,12.45652174,NA,NA,NA,NA,NA,NA,NA,NA,NA,NA,NA,NA,NA,NA,NA,NA,NA,NA,NA,NA,NA,NA,ARFR4-SOS-WY050-49-FREMONT-12,#5E4FA2,-109.34775,43.42663611,5 - 10 Deg. F. / 6 - 12,,5 - 10 Deg. F.,12-Jun,5 - 10 Deg. F. / 6 - 12,5 - 10 / semi-arid,WY.3,#ffb90f,"semi-arid, cold",#5E4FA2,K,NA,NA
ARFR-UT080-109-UINTAH-12,white,2,5,55,176,274,1,1,NA,N,0.0032,0.337,10.53125,NA,NA,NA,NA,NA,NA,NA,NA,NA,NA,NA,NA,NA,NA,NA,NA,NA,NA,NA,NA,NA,NA,ARFR4-SOS-UT080-109-UINTAH-12,#aabe7f,-109.1426444,39.70802222,10 - 15 Deg. F. / 3 - 6,,10 - 15 Deg. F.,6-Mar,10 - 15 Deg. F. / 3 - 6,10 - 15 / semi-humid,UT.1,#66e566,"semi-humid, cool",#aabe7f,G,NA,NA
ARFR-WY930-44-LASANIMAS-13,white,2,6,1,165,275,1,1,NA,Y,0.0073,0.495,6.780821918,NA,NA,NA,NA,NA,NA,NA,NA,NA,NA,NA,NA,NA,NA,NA,NA,NA,NA,NA,NA,NA,NA,ARFR4-SOS-WY930-44-LASANIMAS-13,#FDAE61,-104.6423889,37.16547222,15 - 20 Deg. F. / 3 - 6,,15 - 20 Deg. F.,6-Mar,15 - 20 Deg. F. / 3 - 6,15 - 20 / semi-humid,CO.1,#698b69,"semi-humid, warm",#FDAE61,D,NA,NA
ARFR-NM930N-66-11,white,2,6,2,NA,276,1,1,NA,N,0.0062,0.765,12.33870968,NA,NA,NA,NA,NA,NA,NA,NA,NA,NA,NA,NA,NA,NA,NA,NA,NA,NA,NA,NA,NA,NA,ARFR4-SOS-NM930N-66-11,#F46D43,-107.2045028,36.76818611,10 - 15 Deg. F. / 3 - 6,,10 - 15 Deg. F.,6-Mar,10 - 15 Deg. F. / 3 - 6,10 - 15 / semi-humid,NM.1,#66e566,"semi-humid, cool",#F46D43,C,NA,NA
ARFR-WY040-71-10,white,2,6,3,NA,277,1,1,NA,N,0.0034,0.828,24.35294118,NA,NA,NA,NA,NA,NA,NA,NA,NA,NA,NA,NA,NA,NA,NA,NA,NA,NA,NA,NA,NA,NA,ARFR4-SOS-WY040-71-10,#66C2A5,-109.2433156,41.13271889,5 - 10 Deg. F. / 3 - 6,,5 - 10 Deg. F.,6-Mar,5 - 10 Deg. F. / 3 - 6,5 - 10 / semi-humid,WY.1,#a5c2f1,"semi-humid, cold",#66C2A5,I,NA,NA
ARFR-AZ930-423-NAVAJO-18,white,2,6,4,NA,278,1,1,NA,N,0.0085,0.508,5.976470588,NA,NA,NA,NA,NA,NA,NA,NA,NA,NA,NA,NA,NA,NA,NA,NA,NA,NA,NA,NA,NA,NA,ARFR4-SOS-AZ930-423-NAVAJO-18,#9E0142,-110.431,36.45877,15 - 20 Deg. F. / 6 - 12,SdZones downloaded 20230823,15 - 20 Deg. F.,12-Jun,15 - 20 Deg. F. / 6 - 12,15 - 20 / semi-arid,AZ.1,#ee5c42,"semi-arid, warm",#9E0142,A,NA,NA
ARFR-UT080-109-UINTAH-12,white,2,6,5,166,279,1,1,NA,N,0.0045,1.382,30.71111111,NA,NA,NA,NA,NA,NA,NA,NA,NA,NA,NA,NA,NA,NA,NA,NA,NA,NA,NA,NA,NA,NA,ARFR4-SOS-UT080-109-UINTAH-12,#aabe7f,-109.1426444,39.70802222,10 - 15 Deg. F. / 3 - 6,,10 - 15 Deg. F.,6-Mar,10 - 15 Deg. F. / 3 - 6,10 - 15 / semi-humid,UT.1,#66e566,"semi-humid, cool",#aabe7f,G,NA,NA
ARFR-WY930-44-LASANIMAS-13,white,2,6,6,NA,280,1,1,NA,N,0.0027,1.811,67.07407407,NA,NA,NA,NA,NA,NA,NA,NA,NA,NA,NA,NA,NA,NA,NA,NA,NA,NA,NA,NA,NA,NA,ARFR4-SOS-WY930-44-LASANIMAS-13,#FDAE61,-104.6423889,37.16547222,15 - 20 Deg. F. / 3 - 6,,15 - 20 Deg. F.,6-Mar,15 - 20 Deg. F. / 3 - 6,15 - 20 / semi-humid,CO.1,#698b69,"semi-humid, warm",#FDAE61,D,NA,NA
ARFR-CO932-314-JEFFERSON-12,white,2,6,7,NA,281,1,1,NA,N,0.0087,0.777,8.931034483,NA,NA,NA,NA,NA,NA,NA,NA,NA,NA,NA,NA,NA,NA,NA,NA,NA,NA,NA,NA,NA,NA,ARFR4-SOS-CO932-314-JEFFERSON-12,#FEE08B,-105.3553333,39.40902778,10 - 15 Deg. F. / 3 - 6,,10 - 15 Deg. F.,6-Mar,10 - 15 Deg. F. / 3 - 6,10 - 15 / semi-humid,CO.2,#66e566,"semi-humid, cool",#FEE08B,E,NA,NA
ARFR-AZ930-422-NAVAJO-18,white,2,6,8,NA,282,1,1,NA,N,0.0024,0.82,34.16666667,NA,NA,NA,NA,NA,NA,NA,NA,NA,NA,NA,NA,NA,NA,NA,NA,NA,NA,NA,NA,NA,NA,ARFR4-SOS-AZ930-422-NAVAJO-18,#D53E4F,-110.431,36.56805,15 - 20 Deg. F. / 6 - 12,Lats corrected 20230127,15 - 20 Deg. F.,12-Jun,15 - 20 Deg. F. / 6 - 12,15 - 20 / semi-arid,AZ.2,#ee5c42,"semi-arid, warm",#D53E4F,B,NA,NA
ARFR-WY050-151-FREMONT-16,white,2,6,9,NA,283,1,1,NA,N,0.0052,1.382,26.57692308,NA,NA,NA,NA,NA,NA,NA,NA,NA,NA,NA,NA,NA,NA,NA,NA,NA,NA,NA,NA,NA,NA,ARFR4-SOS-WY050-151-FREMONT-16,#3288BD,-108.1704472,42.47886111,10 - 15 Deg. F. / 6 - 12,,10 - 15 Deg. F.,12-Jun,10 - 15 Deg. F. / 6 - 12,10 - 15 / semi-arid,WY.2,#cd8500,"semi-arid, cool",#3288BD,J,NA,NA
ARFR-WY040-71-10,white,2,6,10,167,284,1,1,NA,N,0.0022,1.351,61.40909091,NA,NA,NA,NA,NA,NA,NA,NA,NA,NA,NA,NA,NA,NA,NA,NA,NA,NA,NA,NA,NA,NA,ARFR4-SOS-WY040-71-10,#66C2A5,-109.2433156,41.13271889,5 - 10 Deg. F. / 3 - 6,,5 - 10 Deg. F.,6-Mar,5 - 10 Deg. F. / 3 - 6,5 - 10 / semi-humid,WY.1,#a5c2f1,"semi-humid, cold",#66C2A5,I,NA,NA
ARFR-CO932-294-11,white,2,6,11,NA,285,1,1,NA,N,0.0056,1.155,20.625,NA,NA,NA,NA,NA,NA,NA,NA,NA,NA,NA,NA,NA,NA,NA,NA,NA,NA,NA,NA,NA,NA,ARFR4-SOS-CO932-294-11,#ABDDA4,-105.2030833,39.78458333,15 - 20 Deg. F. / 3 - 6,,15 - 20 Deg. F.,6-Mar,15 - 20 Deg. F. / 3 - 6,15 - 20 / semi-humid,CO.4,#698b69,"semi-humid, warm",#ABDDA4,H,NA,NA
ARFR-WY040-71-10,white,2,6,12,NA,286,1,1,NA,N,0.0061,0.699,11.45901639,NA,NA,NA,NA,NA,NA,NA,NA,NA,NA,NA,NA,NA,NA,NA,NA,NA,NA,NA,NA,NA,NA,ARFR4-SOS-WY040-71-10,#66C2A5,-109.2433156,41.13271889,5 - 10 Deg. F. / 3 - 6,,5 - 10 Deg. F.,6-Mar,5 - 10 Deg. F. / 3 - 6,5 - 10 / semi-humid,WY.1,#a5c2f1,"semi-humid, cold",#66C2A5,I,NA,NA
ARFR-CO932-316-JEFFERSON-12,white,2,6,13,NA,287,1,1,NA,N,0.005,1.549,30.98,NA,NA,NA,NA,NA,NA,NA,NA,NA,NA,NA,NA,NA,NA,NA,NA,NA,NA,NA,NA,NA,NA,ARFR4-SOS-CO932-316-JEFFERSON-12,#FFFF85,-105.358,39.66325,15 - 20 Deg. F. / 3 - 6,,15 - 20 Deg. F.,6-Mar,15 - 20 Deg. F. / 3 - 6,15 - 20 / semi-humid,CO.3,#698b69,"semi-humid, warm",#FFFF85,F,NA,NA
ARFR-WY050-49-FREMONT-12,white,2,6,14,NA,288,1,1,NA,N,0.0047,1.102,23.44680851,NA,NA,NA,NA,NA,NA,NA,NA,NA,NA,NA,NA,NA,NA,NA,NA,NA,NA,NA,NA,NA,NA,ARFR4-SOS-WY050-49-FREMONT-12,#5E4FA2,-109.34775,43.42663611,5 - 10 Deg. F. / 6 - 12,,5 - 10 Deg. F.,12-Jun,5 - 10 Deg. F. / 6 - 12,5 - 10 / semi-arid,WY.3,#ffb90f,"semi-arid, cold",#5E4FA2,K,NA,NA
ARFR-CO932-316-JEFFERSON-12,white,2,6,15,168,289,1,1,NA,N,0.0063,0.639,10.14285714,NA,NA,NA,NA,NA,NA,NA,NA,NA,NA,NA,NA,NA,NA,NA,NA,NA,NA,NA,NA,NA,NA,ARFR4-SOS-CO932-316-JEFFERSON-12,#FFFF85,-105.358,39.66325,15 - 20 Deg. F. / 3 - 6,,15 - 20 Deg. F.,6-Mar,15 - 20 Deg. F. / 3 - 6,15 - 20 / semi-humid,CO.3,#698b69,"semi-humid, warm",#FFFF85,F,NA,NA
ARFR-WY050-151-FREMONT-16,white,2,6,16,NA,290,1,1,NA,N,0.002,0.977,48.85,NA,NA,NA,NA,NA,NA,NA,NA,NA,NA,NA,NA,NA,NA,NA,NA,NA,NA,NA,NA,NA,NA,ARFR4-SOS-WY050-151-FREMONT-16,#3288BD,-108.1704472,42.47886111,10 - 15 Deg. F. / 6 - 12,,10 - 15 Deg. F.,12-Jun,10 - 15 Deg. F. / 6 - 12,10 - 15 / semi-arid,WY.2,#cd8500,"semi-arid, cool",#3288BD,J,NA,NA
ARFR-CO932-316-JEFFERSON-12,white,2,6,17,NA,291,1,1,NA,N,0.0032,1.009,31.53125,NA,NA,NA,NA,NA,NA,NA,NA,NA,NA,NA,NA,NA,NA,NA,NA,NA,NA,NA,NA,NA,NA,ARFR4-SOS-CO932-316-JEFFERSON-12,#FFFF85,-105.358,39.66325,15 - 20 Deg. F. / 3 - 6,,15 - 20 Deg. F.,6-Mar,15 - 20 Deg. F. / 3 - 6,15 - 20 / semi-humid,CO.3,#698b69,"semi-humid, warm",#FFFF85,F,NA,NA
ARFR-AZ930-422-NAVAJO-18,white,2,6,18,NA,292,1,1,NA,Y,0.0061,1.235,20.24590164,NA,NA,NA,NA,NA,NA,NA,NA,NA,NA,NA,NA,NA,NA,NA,NA,NA,NA,NA,NA,NA,NA,ARFR4-SOS-AZ930-422-NAVAJO-18,#D53E4F,-110.431,36.56805,15 - 20 Deg. F. / 6 - 12,Lats corrected 20230127,15 - 20 Deg. F.,12-Jun,15 - 20 Deg. F. / 6 - 12,15 - 20 / semi-arid,AZ.2,#ee5c42,"semi-arid, warm",#D53E4F,B,NA,NA
ARFR-WY930-44-LASANIMAS-13,white,2,6,19,NA,293,1,1,NA,N,0.0063,0.881,13.98412698,NA,NA,NA,NA,NA,NA,NA,NA,NA,NA,NA,NA,NA,NA,NA,NA,NA,NA,NA,NA,NA,NA,ARFR4-SOS-WY930-44-LASANIMAS-13,#FDAE61,-104.6423889,37.16547222,15 - 20 Deg. F. / 3 - 6,,15 - 20 Deg. F.,6-Mar,15 - 20 Deg. F. / 3 - 6,15 - 20 / semi-humid,CO.1,#698b69,"semi-humid, warm",#FDAE61,D,NA,NA
ARFR-WY050-151-FREMONT-16,white,2,6,20,169,294,1,1,NA,N,0.0035,0.423,12.08571429,NA,NA,NA,NA,NA,NA,NA,NA,NA,NA,NA,NA,NA,NA,NA,NA,NA,NA,NA,NA,NA,NA,ARFR4-SOS-WY050-151-FREMONT-16,#3288BD,-108.1704472,42.47886111,10 - 15 Deg. F. / 6 - 12,,10 - 15 Deg. F.,12-Jun,10 - 15 Deg. F. / 6 - 12,10 - 15 / semi-arid,WY.2,#cd8500,"semi-arid, cool",#3288BD,J,NA,NA
ARFR-AZ930-423-NAVAJO-18,white,2,6,21,NA,295,1,1,NA,N,0.006,1.348,22.46666667,NA,NA,NA,NA,NA,NA,NA,NA,NA,NA,NA,NA,NA,NA,NA,NA,NA,NA,NA,NA,NA,NA,ARFR4-SOS-AZ930-423-NAVAJO-18,#9E0142,-110.431,36.45877,15 - 20 Deg. F. / 6 - 12,SdZones downloaded 20230823,15 - 20 Deg. F.,12-Jun,15 - 20 Deg. F. / 6 - 12,15 - 20 / semi-arid,AZ.1,#ee5c42,"semi-arid, warm",#9E0142,A,NA,NA
ARFR-WY050-49-FREMONT-12,white,2,6,22,NA,296,1,1,33.56,N,NA,NA,NA,no leaf collected,33.56,1.896,1.49,NA,Head/chaff combined,Y,NA,NA,NA,NA,NA,NA,NA,NA,NA,NA,NA,NA,NA,NA,NA,ARFR4-SOS-WY050-49-FREMONT-12,#5E4FA2,-109.34775,43.42663611,5 - 10 Deg. F. / 6 - 12,,5 - 10 Deg. F.,12-Jun,5 - 10 Deg. F. / 6 - 12,5 - 10 / semi-arid,WY.3,#ffb90f,"semi-arid, cold",#5E4FA2,K,NA,NA
ARFR-NM930N-66-11,white,2,6,23,NA,297,1,1,NA,Y,0.0059,0.763,12.93220339,NA,NA,NA,NA,NA,NA,NA,NA,NA,NA,NA,NA,NA,NA,NA,NA,NA,NA,NA,NA,NA,NA,ARFR4-SOS-NM930N-66-11,#F46D43,-107.2045028,36.76818611,10 - 15 Deg. F. / 3 - 6,,10 - 15 Deg. F.,6-Mar,10 - 15 Deg. F. / 3 - 6,10 - 15 / semi-humid,NM.1,#66e566,"semi-humid, cool",#F46D43,C,NA,NA
ARFR-NM930N-66-11,white,2,6,24,NA,298,1,1,NA,N,0.0063,1.139,18.07936508,NA,NA,NA,NA,NA,NA,NA,NA,NA,NA,NA,NA,NA,NA,NA,NA,NA,NA,NA,NA,NA,NA,ARFR4-SOS-NM930N-66-11,#F46D43,-107.2045028,36.76818611,10 - 15 Deg. F. / 3 - 6,,10 - 15 Deg. F.,6-Mar,10 - 15 Deg. F. / 3 - 6,10 - 15 / semi-humid,NM.1,#66e566,"semi-humid, cool",#F46D43,C,NA,NA
ARFR-WY050-49-FREMONT-12,white,2,6,25,170,299,1,1,NA,N,0.0061,0.898,14.72131148,NA,NA,NA,NA,NA,NA,NA,NA,NA,NA,NA,NA,NA,NA,NA,NA,NA,NA,NA,NA,NA,NA,ARFR4-SOS-WY050-49-FREMONT-12,#5E4FA2,-109.34775,43.42663611,5 - 10 Deg. F. / 6 - 12,,5 - 10 Deg. F.,12-Jun,5 - 10 Deg. F. / 6 - 12,5 - 10 / semi-arid,WY.3,#ffb90f,"semi-arid, cold",#5E4FA2,K,NA,NA
ARFR-AZ930-423-NAVAJO-18,white,2,6,26,NA,300,1,1,NA,N,0.0025,0.982,39.28,NA,NA,NA,NA,NA,NA,NA,NA,NA,NA,NA,NA,NA,NA,NA,NA,NA,NA,NA,NA,NA,NA,ARFR4-SOS-AZ930-423-NAVAJO-18,#9E0142,-110.431,36.45877,15 - 20 Deg. F. / 6 - 12,SdZones downloaded 20230823,15 - 20 Deg. F.,12-Jun,15 - 20 Deg. F. / 6 - 12,15 - 20 / semi-arid,AZ.1,#ee5c42,"semi-arid, warm",#9E0142,A,NA,NA
ARFR-UT080-109-UINTAH-12,white,2,6,27,NA,301,1,1,NA,N,0.0062,0.998,16.09677419,NA,NA,NA,NA,NA,NA,NA,NA,NA,NA,NA,NA,NA,NA,NA,NA,NA,NA,NA,NA,NA,NA,ARFR4-SOS-UT080-109-UINTAH-12,#aabe7f,-109.1426444,39.70802222,10 - 15 Deg. F. / 3 - 6,,10 - 15 Deg. F.,6-Mar,10 - 15 Deg. F. / 3 - 6,10 - 15 / semi-humid,UT.1,#66e566,"semi-humid, cool",#aabe7f,G,NA,NA
ARFR-CO932-316-JEFFERSON-12,white,2,6,28,NA,302,1,1,NA,N,0.0052,0.763,14.67307692,NA,NA,NA,NA,NA,NA,NA,NA,NA,NA,NA,NA,NA,NA,NA,NA,NA,NA,NA,NA,NA,NA,ARFR4-SOS-CO932-316-JEFFERSON-12,#FFFF85,-105.358,39.66325,15 - 20 Deg. F. / 3 - 6,,15 - 20 Deg. F.,6-Mar,15 - 20 Deg. F. / 3 - 6,15 - 20 / semi-humid,CO.3,#698b69,"semi-humid, warm",#FFFF85,F,NA,NA
ARFR-CO932-314-JEFFERSON-12,white,2,6,29,NA,303,1,1,NA,N,0.0065,0.663,10.2,NA,NA,NA,NA,NA,NA,NA,NA,NA,NA,NA,NA,NA,NA,NA,NA,NA,NA,NA,NA,NA,NA,ARFR4-SOS-CO932-314-JEFFERSON-12,#FEE08B,-105.3553333,39.40902778,10 - 15 Deg. F. / 3 - 6,,10 - 15 Deg. F.,6-Mar,10 - 15 Deg. F. / 3 - 6,10 - 15 / semi-humid,CO.2,#66e566,"semi-humid, cool",#FEE08B,E,NA,NA
ARFR-WY050-151-FREMONT-16,white,2,6,30,171,304,1,1,NA,N,0.0026,0.641,24.65384615,NA,NA,NA,NA,NA,NA,NA,NA,NA,NA,NA,NA,NA,NA,NA,NA,NA,NA,NA,NA,NA,NA,ARFR4-SOS-WY050-151-FREMONT-16,#3288BD,-108.1704472,42.47886111,10 - 15 Deg. F. / 6 - 12,,10 - 15 Deg. F.,12-Jun,10 - 15 Deg. F. / 6 - 12,10 - 15 / semi-arid,WY.2,#cd8500,"semi-arid, cool",#3288BD,J,NA,NA
ARFR-CO932-294-11,white,2,6,31,NA,305,1,1,NA,N,0.0128,1.416,11.0625,NA,NA,NA,NA,NA,NA,NA,NA,NA,NA,NA,NA,NA,NA,NA,NA,NA,NA,NA,NA,NA,NA,ARFR4-SOS-CO932-294-11,#ABDDA4,-105.2030833,39.78458333,15 - 20 Deg. F. / 3 - 6,,15 - 20 Deg. F.,6-Mar,15 - 20 Deg. F. / 3 - 6,15 - 20 / semi-humid,CO.4,#698b69,"semi-humid, warm",#ABDDA4,H,NA,NA
ARFR-WY930-44-LASANIMAS-13,white,2,6,32,NA,306,1,1,NA,N,0.0037,1.27,34.32432432,NA,NA,NA,NA,NA,NA,NA,NA,NA,NA,NA,NA,NA,NA,NA,NA,NA,NA,NA,NA,NA,NA,ARFR4-SOS-WY930-44-LASANIMAS-13,#FDAE61,-104.6423889,37.16547222,15 - 20 Deg. F. / 3 - 6,,15 - 20 Deg. F.,6-Mar,15 - 20 Deg. F. / 3 - 6,15 - 20 / semi-humid,CO.1,#698b69,"semi-humid, warm",#FDAE61,D,NA,NA
ARFR-CO932-314-JEFFERSON-12,white,2,6,33,NA,307,1,1,NA,N,0.0031,1.1,35.48387097,NA,NA,NA,NA,NA,NA,NA,NA,NA,NA,NA,NA,NA,NA,NA,NA,NA,NA,NA,NA,NA,NA,ARFR4-SOS-CO932-314-JEFFERSON-12,#FEE08B,-105.3553333,39.40902778,10 - 15 Deg. F. / 3 - 6,,10 - 15 Deg. F.,6-Mar,10 - 15 Deg. F. / 3 - 6,10 - 15 / semi-humid,CO.2,#66e566,"semi-humid, cool",#FEE08B,E,NA,NA
ARFR-CO932-294-11,white,2,6,34,NA,308,1,1,NA,N,0.0049,1.189,24.26530612,NA,NA,NA,NA,NA,NA,NA,NA,NA,NA,NA,NA,NA,NA,NA,NA,NA,NA,NA,NA,NA,NA,ARFR4-SOS-CO932-294-11,#ABDDA4,-105.2030833,39.78458333,15 - 20 Deg. F. / 3 - 6,,15 - 20 Deg. F.,6-Mar,15 - 20 Deg. F. / 3 - 6,15 - 20 / semi-humid,CO.4,#698b69,"semi-humid, warm",#ABDDA4,H,NA,NA
ARFR-NM930N-66-11,white,2,6,35,172,309,1,1,NA,N,0.005,1.535,30.7,NA,NA,NA,NA,NA,NA,NA,NA,NA,NA,NA,NA,NA,NA,NA,NA,NA,NA,NA,NA,NA,NA,ARFR4-SOS-NM930N-66-11,#F46D43,-107.2045028,36.76818611,10 - 15 Deg. F. / 3 - 6,,10 - 15 Deg. F.,6-Mar,10 - 15 Deg. F. / 3 - 6,10 - 15 / semi-humid,NM.1,#66e566,"semi-humid, cool",#F46D43,C,NA,NA
ARFR-AZ930-422-NAVAJO-18,white,2,6,36,NA,310,1,1,NA,N,0.0063,0.518,8.222222222,NA,NA,NA,NA,NA,NA,NA,NA,NA,NA,NA,NA,NA,NA,NA,NA,NA,NA,NA,NA,NA,NA,ARFR4-SOS-AZ930-422-NAVAJO-18,#D53E4F,-110.431,36.56805,15 - 20 Deg. F. / 6 - 12,Lats corrected 20230127,15 - 20 Deg. F.,12-Jun,15 - 20 Deg. F. / 6 - 12,15 - 20 / semi-arid,AZ.2,#ee5c42,"semi-arid, warm",#D53E4F,B,NA,NA
ARFR-NM930N-66-11,white,2,6,37,NA,311,1,1,108.202,N,0.0055,0.995,18.09090909,NA,108.202,49.61,32.89,3.78,NA,Y,NA,NA,NA,NA,NA,NA,NA,NA,NA,NA,NA,NA,NA,NA,NA,ARFR4-SOS-NM930N-66-11,#F46D43,-107.2045028,36.76818611,10 - 15 Deg. F. / 3 - 6,,10 - 15 Deg. F.,6-Mar,10 - 15 Deg. F. / 3 - 6,10 - 15 / semi-humid,NM.1,#66e566,"semi-humid, cool",#F46D43,C,NA,NA
ARFR-UT080-109-UINTAH-12,white,2,6,38,NA,312,1,1,NA,N,0.0076,0.916,12.05263158,NA,NA,NA,NA,NA,NA,NA,NA,NA,NA,NA,NA,NA,NA,NA,NA,NA,NA,NA,NA,NA,NA,ARFR4-SOS-UT080-109-UINTAH-12,#aabe7f,-109.1426444,39.70802222,10 - 15 Deg. F. / 3 - 6,,10 - 15 Deg. F.,6-Mar,10 - 15 Deg. F. / 3 - 6,10 - 15 / semi-humid,UT.1,#66e566,"semi-humid, cool",#aabe7f,G,NA,NA
ARFR-WY040-71-10,white,2,6,39,NA,313,1,1,NA,N,0.0043,1.134,26.37209302,NA,NA,NA,NA,NA,NA,NA,NA,NA,NA,NA,NA,NA,NA,NA,NA,NA,NA,NA,NA,NA,NA,ARFR4-SOS-WY040-71-10,#66C2A5,-109.2433156,41.13271889,5 - 10 Deg. F. / 3 - 6,,5 - 10 Deg. F.,6-Mar,5 - 10 Deg. F. / 3 - 6,5 - 10 / semi-humid,WY.1,#a5c2f1,"semi-humid, cold",#66C2A5,I,NA,NA
ARFR-AZ930-422-NAVAJO-18,white,2,6,40,173,314,1,1,NA,N,0.0035,0.685,19.57142857,NA,NA,NA,NA,NA,NA,NA,NA,NA,NA,NA,NA,NA,NA,NA,NA,NA,NA,NA,NA,NA,NA,ARFR4-SOS-AZ930-422-NAVAJO-18,#D53E4F,-110.431,36.56805,15 - 20 Deg. F. / 6 - 12,Lats corrected 20230127,15 - 20 Deg. F.,12-Jun,15 - 20 Deg. F. / 6 - 12,15 - 20 / semi-arid,AZ.2,#ee5c42,"semi-arid, warm",#D53E4F,B,NA,NA
ARFR-WY050-151-FREMONT-16,white,2,6,41,NA,315,1,1,NA,N,0.0039,0.9,23.07692308,NA,NA,NA,NA,NA,NA,NA,NA,NA,NA,NA,NA,NA,NA,NA,NA,NA,NA,NA,NA,NA,NA,ARFR4-SOS-WY050-151-FREMONT-16,#3288BD,-108.1704472,42.47886111,10 - 15 Deg. F. / 6 - 12,,10 - 15 Deg. F.,12-Jun,10 - 15 Deg. F. / 6 - 12,10 - 15 / semi-arid,WY.2,#cd8500,"semi-arid, cool",#3288BD,J,NA,NA
ARFR-CO932-316-JEFFERSON-12,white,2,6,42,NA,316,1,1,NA,N,0.0047,0.566,12.04255319,NA,NA,NA,NA,NA,NA,NA,NA,NA,NA,NA,NA,NA,NA,NA,NA,NA,NA,NA,NA,NA,NA,ARFR4-SOS-CO932-316-JEFFERSON-12,#FFFF85,-105.358,39.66325,15 - 20 Deg. F. / 3 - 6,,15 - 20 Deg. F.,6-Mar,15 - 20 Deg. F. / 3 - 6,15 - 20 / semi-humid,CO.3,#698b69,"semi-humid, warm",#FFFF85,F,NA,NA
ARFR-WY050-151-FREMONT-16,white,2,6,43,NA,317,1,1,NA,N,0.0032,0.832,26,NA,NA,NA,NA,NA,NA,NA,NA,NA,NA,NA,NA,NA,NA,NA,NA,NA,NA,NA,NA,NA,NA,ARFR4-SOS-WY050-151-FREMONT-16,#3288BD,-108.1704472,42.47886111,10 - 15 Deg. F. / 6 - 12,,10 - 15 Deg. F.,12-Jun,10 - 15 Deg. F. / 6 - 12,10 - 15 / semi-arid,WY.2,#cd8500,"semi-arid, cool",#3288BD,J,NA,NA
ARFR-WY040-71-10,white,2,6,44,NA,318,1,1,135.462,N,0.0036,1.045,29.02777778,NA,135.462,52.49,37.08,7.34,NA,Y,NA,NA,NA,NA,NA,NA,NA,NA,NA,NA,NA,NA,NA,NA,NA,ARFR4-SOS-WY040-71-10,#66C2A5,-109.2433156,41.13271889,5 - 10 Deg. F. / 3 - 6,,5 - 10 Deg. F.,6-Mar,5 - 10 Deg. F. / 3 - 6,5 - 10 / semi-humid,WY.1,#a5c2f1,"semi-humid, cold",#66C2A5,I,NA,NA
ARFR-WY930-44-LASANIMAS-13,white,2,6,45,174,319,1,1,NA,N,0.0029,0.564,19.44827586,NA,NA,NA,NA,NA,NA,NA,NA,NA,NA,NA,NA,NA,NA,NA,NA,NA,NA,NA,NA,NA,NA,ARFR4-SOS-WY930-44-LASANIMAS-13,#FDAE61,-104.6423889,37.16547222,15 - 20 Deg. F. / 3 - 6,,15 - 20 Deg. F.,6-Mar,15 - 20 Deg. F. / 3 - 6,15 - 20 / semi-humid,CO.1,#698b69,"semi-humid, warm",#FDAE61,D,NA,NA
ARFR-WY930-44-LASANIMAS-13,white,2,6,46,NA,320,1,1,NA,N,0.0055,0.438,7.963636364,NA,NA,NA,NA,NA,NA,NA,NA,NA,NA,NA,NA,NA,NA,NA,NA,NA,NA,NA,NA,NA,NA,ARFR4-SOS-WY930-44-LASANIMAS-13,#FDAE61,-104.6423889,37.16547222,15 - 20 Deg. F. / 3 - 6,,15 - 20 Deg. F.,6-Mar,15 - 20 Deg. F. / 3 - 6,15 - 20 / semi-humid,CO.1,#698b69,"semi-humid, warm",#FDAE61,D,NA,NA
ARFR-AZ930-423-NAVAJO-18,white,2,6,47,NA,321,1,1,NA,N,0.0022,0.947,43.04545455,NA,NA,NA,NA,NA,NA,NA,NA,NA,NA,NA,NA,NA,NA,NA,NA,NA,NA,NA,NA,NA,NA,ARFR4-SOS-AZ930-423-NAVAJO-18,#9E0142,-110.431,36.45877,15 - 20 Deg. F. / 6 - 12,SdZones downloaded 20230823,15 - 20 Deg. F.,12-Jun,15 - 20 Deg. F. / 6 - 12,15 - 20 / semi-arid,AZ.1,#ee5c42,"semi-arid, warm",#9E0142,A,NA,NA
ARFR-WY040-71-10,white,2,6,48,NA,322,1,1,NA,N,NA,NA,NA,no leaf collected,NA,NA,NA,NA,NA,NA,NA,NA,NA,NA,NA,NA,NA,NA,NA,NA,NA,NA,NA,NA,NA,ARFR4-SOS-WY040-71-10,#66C2A5,-109.2433156,41.13271889,5 - 10 Deg. F. / 3 - 6,,5 - 10 Deg. F.,6-Mar,5 - 10 Deg. F. / 3 - 6,5 - 10 / semi-humid,WY.1,#a5c2f1,"semi-humid, cold",#66C2A5,I,NA,NA
ARFR-WY040-71-10,white,2,6,49,NA,323,1,0,NA,N,NA,NA,NA,no envelope,NA,NA,NA,NA,NA,NA,NA,NA,NA,NA,NA,NA,NA,NA,NA,NA,NA,NA,NA,NA,NA,ARFR4-SOS-WY040-71-10,#66C2A5,-109.2433156,41.13271889,5 - 10 Deg. F. / 3 - 6,,5 - 10 Deg. F.,6-Mar,5 - 10 Deg. F. / 3 - 6,5 - 10 / semi-humid,WY.1,#a5c2f1,"semi-humid, cold",#66C2A5,I,NA,NA
ARFR-WY040-71-10,white,2,6,50,175,324,1,1,NA,N,0.0046,0.753,16.36956522,NA,NA,NA,NA,NA,NA,NA,NA,NA,NA,NA,NA,NA,NA,NA,NA,NA,NA,NA,NA,NA,NA,ARFR4-SOS-WY040-71-10,#66C2A5,-109.2433156,41.13271889,5 - 10 Deg. F. / 3 - 6,,5 - 10 Deg. F.,6-Mar,5 - 10 Deg. F. / 3 - 6,5 - 10 / semi-humid,WY.1,#a5c2f1,"semi-humid, cold",#66C2A5,I,NA,NA
ARFR-CO932-294-11,white,2,6,51,NA,325,1,1,NA,N,0.0043,0.607,14.11627907,NA,NA,NA,NA,NA,NA,NA,NA,NA,NA,NA,NA,NA,NA,NA,NA,NA,NA,NA,NA,NA,NA,ARFR4-SOS-CO932-294-11,#ABDDA4,-105.2030833,39.78458333,15 - 20 Deg. F. / 3 - 6,,15 - 20 Deg. F.,6-Mar,15 - 20 Deg. F. / 3 - 6,15 - 20 / semi-humid,CO.4,#698b69,"semi-humid, warm",#ABDDA4,H,NA,NA
ARFR-UT080-109-UINTAH-12,white,2,6,52,NA,326,0,0,NA,N,NA,NA,NA,no envelope,NA,NA,NA,NA,NA,NA,NA,NA,NA,NA,NA,NA,NA,NA,NA,NA,NA,NA,NA,NA,NA,ARFR4-SOS-UT080-109-UINTAH-12,#aabe7f,-109.1426444,39.70802222,10 - 15 Deg. F. / 3 - 6,,10 - 15 Deg. F.,6-Mar,10 - 15 Deg. F. / 3 - 6,10 - 15 / semi-humid,UT.1,#66e566,"semi-humid, cool",#aabe7f,G,NA,NA
ARFR-CO932-294-11,white,2,6,53,NA,327,1,1,NA,N,0.0077,0.682,8.857142857,NA,NA,NA,NA,NA,NA,NA,NA,NA,NA,NA,NA,NA,NA,NA,NA,NA,NA,NA,NA,NA,NA,ARFR4-SOS-CO932-294-11,#ABDDA4,-105.2030833,39.78458333,15 - 20 Deg. F. / 3 - 6,,15 - 20 Deg. F.,6-Mar,15 - 20 Deg. F. / 3 - 6,15 - 20 / semi-humid,CO.4,#698b69,"semi-humid, warm",#ABDDA4,H,NA,NA
ARFR-WY930-44-LASANIMAS-13,white,2,6,54,NA,328,1,1,NA,N,0.0038,1.206,31.73684211,NA,NA,NA,NA,NA,NA,NA,NA,NA,NA,NA,NA,NA,NA,NA,NA,NA,NA,NA,NA,NA,NA,ARFR4-SOS-WY930-44-LASANIMAS-13,#FDAE61,-104.6423889,37.16547222,15 - 20 Deg. F. / 3 - 6,,15 - 20 Deg. F.,6-Mar,15 - 20 Deg. F. / 3 - 6,15 - 20 / semi-humid,CO.1,#698b69,"semi-humid, warm",#FDAE61,D,NA,NA
ARFR-AZ930-423-NAVAJO-18,white,2,6,55,176,329,1,1,NA,N,0.004,0.431,10.775,NA,NA,NA,NA,NA,NA,NA,NA,NA,NA,NA,NA,NA,NA,NA,NA,NA,NA,NA,NA,NA,NA,ARFR4-SOS-AZ930-423-NAVAJO-18,#9E0142,-110.431,36.45877,15 - 20 Deg. F. / 6 - 12,SdZones downloaded 20230823,15 - 20 Deg. F.,12-Jun,15 - 20 Deg. F. / 6 - 12,15 - 20 / semi-arid,AZ.1,#ee5c42,"semi-arid, warm",#9E0142,A,NA,NA
ARFR-WY050-151-FREMONT-16,white,2,7,1,177,330,1,1,NA,N,0.0039,0.441,11.30769231,NA,NA,NA,NA,NA,NA,NA,12,67e2d1e8-dc48-49b0-8c4a-fe838a793e35,NA,1,NA,NA,7/30/2024 18:00,2938eb35-c561-49a7-af6c-5cc108dc8767,7/30/2024 22:35,agoebl,7/30/2024 22:35,agoebl,3695,NA,1,ARFR4-SOS-WY050-151-FREMONT-16,#3288BD,-108.1704472,42.47886111,10 - 15 Deg. F. / 6 - 12,,10 - 15 Deg. F.,12-Jun,10 - 15 Deg. F. / 6 - 12,10 - 15 / semi-arid,WY.2,#cd8500,"semi-arid, cool",#3288BD,J,NA,NA
ARFR-UT080-109-UINTAH-12,white,2,7,2,NA,331,1,1,NA,N,0.0028,0.705,25.17857143,NA,NA,NA,NA,NA,NA,NA,13,0513f31a-38c0-40a6-9b9d-7dc13fda39f1,NA,1,NA,NA,7/30/2024 18:00,2938eb35-c561-49a7-af6c-5cc108dc8767,7/30/2024 22:35,agoebl,7/30/2024 22:35,agoebl,3696,NA,2,ARFR4-SOS-UT080-109-UINTAH-12,#aabe7f,-109.1426444,39.70802222,10 - 15 Deg. F. / 3 - 6,,10 - 15 Deg. F.,6-Mar,10 - 15 Deg. F. / 3 - 6,10 - 15 / semi-humid,UT.1,#66e566,"semi-humid, cool",#aabe7f,G,NA,NA
ARFR-CO932-294-11,white,2,7,3,NA,332,1,1,NA,Y,0.0065,0.419,6.446153846,NA,NA,NA,NA,NA,NA,NA,14,1f08335b-c9f5-45c2-8abb-fe94cefc58c0,NA,1,NA,NA,7/30/2024 18:00,2938eb35-c561-49a7-af6c-5cc108dc8767,7/30/2024 22:35,agoebl,7/30/2024 22:35,agoebl,3697,NA,3,ARFR4-SOS-CO932-294-11,#ABDDA4,-105.2030833,39.78458333,15 - 20 Deg. F. / 3 - 6,,15 - 20 Deg. F.,6-Mar,15 - 20 Deg. F. / 3 - 6,15 - 20 / semi-humid,CO.4,#698b69,"semi-humid, warm",#ABDDA4,H,NA,NA
ARFR-CO932-314-JEFFERSON-12,white,2,7,4,NA,333,1,1,NA,N,0.0063,0.397,6.301587302,NA,NA,NA,NA,NA,NA,NA,15,2ae65a59-1f25-4429-9d54-9236e6b6b980,NA,1,NA,NA,7/30/2024 18:00,2938eb35-c561-49a7-af6c-5cc108dc8767,7/30/2024 22:35,agoebl,7/30/2024 22:35,agoebl,3698,NA,4,ARFR4-SOS-CO932-314-JEFFERSON-12,#FEE08B,-105.3553333,39.40902778,10 - 15 Deg. F. / 3 - 6,,10 - 15 Deg. F.,6-Mar,10 - 15 Deg. F. / 3 - 6,10 - 15 / semi-humid,CO.2,#66e566,"semi-humid, cool",#FEE08B,E,NA,NA
ARFR-CO932-316-JEFFERSON-12,white,2,7,5,178,334,1,1,NA,N,0.0028,0.291,10.39285714,NA,NA,NA,NA,NA,NA,NA,16,7ccc3693-fd05-4848-b955-4c0eac7a73a6,NA,1,NA,NA,7/30/2024 18:00,2938eb35-c561-49a7-af6c-5cc108dc8767,7/30/2024 22:35,agoebl,7/30/2024 22:35,agoebl,3699,NA,5,ARFR4-SOS-CO932-316-JEFFERSON-12,#FFFF85,-105.358,39.66325,15 - 20 Deg. F. / 3 - 6,,15 - 20 Deg. F.,6-Mar,15 - 20 Deg. F. / 3 - 6,15 - 20 / semi-humid,CO.3,#698b69,"semi-humid, warm",#FFFF85,F,NA,NA
ARFR-WY050-49-FREMONT-12,white,2,7,6,NA,335,1,1,NA,N,0.0051,0.544,10.66666667,NA,NA,NA,NA,NA,NA,NA,17,548f132c-5b8d-4abc-886c-870f1b22c13c,NA,1,NA,NA,7/30/2024 18:00,2938eb35-c561-49a7-af6c-5cc108dc8767,7/30/2024 22:35,agoebl,7/30/2024 22:35,agoebl,3700,NA,6,ARFR4-SOS-WY050-49-FREMONT-12,#5E4FA2,-109.34775,43.42663611,5 - 10 Deg. F. / 6 - 12,,5 - 10 Deg. F.,12-Jun,5 - 10 Deg. F. / 6 - 12,5 - 10 / semi-arid,WY.3,#ffb90f,"semi-arid, cold",#5E4FA2,K,NA,NA
ARFR-WY930-44-LASANIMAS-13,white,2,7,7,NA,336,1,1,NA,N,0.0062,0.371,5.983870968,NA,NA,NA,NA,NA,NA,NA,18,9715d6c2-ba9e-4f5d-8eb0-a2f4bd5b5004,NA,1,NA,NA,7/30/2024 18:00,2938eb35-c561-49a7-af6c-5cc108dc8767,7/30/2024 22:35,agoebl,7/30/2024 22:35,agoebl,3701,NA,7,ARFR4-SOS-WY930-44-LASANIMAS-13,#FDAE61,-104.6423889,37.16547222,15 - 20 Deg. F. / 3 - 6,,15 - 20 Deg. F.,6-Mar,15 - 20 Deg. F. / 3 - 6,15 - 20 / semi-humid,CO.1,#698b69,"semi-humid, warm",#FDAE61,D,NA,NA
ARFR-NM930N-66-11,white,2,7,8,NA,337,1,1,NA,N,NA,NA,NA,no leaf collected,NA,NA,NA,NA,NA,NA,19,d3e822ae-0471-41d4-b4bd-b6557291415a,NA,1,NA,NA,7/30/2024 18:00,2938eb35-c561-49a7-af6c-5cc108dc8767,7/30/2024 22:35,agoebl,7/30/2024 22:35,agoebl,3702,NA,8,ARFR4-SOS-NM930N-66-11,#F46D43,-107.2045028,36.76818611,10 - 15 Deg. F. / 3 - 6,,10 - 15 Deg. F.,6-Mar,10 - 15 Deg. F. / 3 - 6,10 - 15 / semi-humid,NM.1,#66e566,"semi-humid, cool",#F46D43,C,NA,NA
ARFR-WY050-49-FREMONT-12,white,2,7,9,NA,338,1,1,NA,N,0.0019,0.402,21.15789474,NA,NA,NA,NA,NA,NA,NA,20,93150740-e04a-4788-9ce0-fa03fe56e8b2,NA,1,NA,NA,7/30/2024 18:00,2938eb35-c561-49a7-af6c-5cc108dc8767,7/30/2024 22:35,agoebl,7/30/2024 22:35,agoebl,3703,NA,9,ARFR4-SOS-WY050-49-FREMONT-12,#5E4FA2,-109.34775,43.42663611,5 - 10 Deg. F. / 6 - 12,,5 - 10 Deg. F.,12-Jun,5 - 10 Deg. F. / 6 - 12,5 - 10 / semi-arid,WY.3,#ffb90f,"semi-arid, cold",#5E4FA2,K,NA,NA
ARFR-WY050-49-FREMONT-12,white,2,7,10,179,339,1,1,NA,N,0.0031,0.39,12.58064516,NA,NA,NA,NA,NA,NA,NA,21,10aa7a8d-503c-468e-944b-63e2f038714b,NA,1,NA,NA,7/30/2024 18:00,2938eb35-c561-49a7-af6c-5cc108dc8767,7/30/2024 22:35,agoebl,7/30/2024 22:35,agoebl,3704,NA,10,ARFR4-SOS-WY050-49-FREMONT-12,#5E4FA2,-109.34775,43.42663611,5 - 10 Deg. F. / 6 - 12,,5 - 10 Deg. F.,12-Jun,5 - 10 Deg. F. / 6 - 12,5 - 10 / semi-arid,WY.3,#ffb90f,"semi-arid, cold",#5E4FA2,K,NA,NA
ARFR-CO932-294-11,white,2,7,11,NA,340,1,1,NA,N,0.0059,0.767,13,NA,NA,NA,NA,NA,NA,NA,22,eea5f158-7f7b-4967-9edd-dfb48d871e0c,NA,1,NA,NA,7/30/2024 18:00,2938eb35-c561-49a7-af6c-5cc108dc8767,7/30/2024 22:35,agoebl,7/30/2024 22:35,agoebl,3705,NA,11,ARFR4-SOS-CO932-294-11,#ABDDA4,-105.2030833,39.78458333,15 - 20 Deg. F. / 3 - 6,,15 - 20 Deg. F.,6-Mar,15 - 20 Deg. F. / 3 - 6,15 - 20 / semi-humid,CO.4,#698b69,"semi-humid, warm",#ABDDA4,H,NA,NA
ARFR-UT080-109-UINTAH-12,white,2,7,12,NA,341,1,1,NA,N,0.0035,0.281,8.028571429,NA,NA,NA,NA,NA,NA,NA,23,d060c19e-07b4-4bca-82d2-1af0d550f7d4,NA,1,NA,NA,7/30/2024 18:00,2938eb35-c561-49a7-af6c-5cc108dc8767,7/30/2024 22:35,agoebl,7/30/2024 22:35,agoebl,3706,NA,12,ARFR4-SOS-UT080-109-UINTAH-12,#aabe7f,-109.1426444,39.70802222,10 - 15 Deg. F. / 3 - 6,,10 - 15 Deg. F.,6-Mar,10 - 15 Deg. F. / 3 - 6,10 - 15 / semi-humid,UT.1,#66e566,"semi-humid, cool",#aabe7f,G,NA,NA
ARFR-WY930-44-LASANIMAS-13,white,2,7,13,NA,342,1,1,NA,N,0.0026,0.794,30.53846154,NA,NA,NA,NA,NA,NA,NA,24,7da2dc17-6b4c-49fb-aed8-d14b007df604,NA,1,NA,NA,7/30/2024 18:00,2938eb35-c561-49a7-af6c-5cc108dc8767,7/30/2024 22:35,agoebl,7/30/2024 22:35,agoebl,3707,NA,13,ARFR4-SOS-WY930-44-LASANIMAS-13,#FDAE61,-104.6423889,37.16547222,15 - 20 Deg. F. / 3 - 6,,15 - 20 Deg. F.,6-Mar,15 - 20 Deg. F. / 3 - 6,15 - 20 / semi-humid,CO.1,#698b69,"semi-humid, warm",#FDAE61,D,NA,NA
ARFR-AZ930-423-NAVAJO-18,white,2,7,14,NA,343,1,1,NA,N,0.0025,0.422,16.88,NA,NA,NA,NA,NA,NA,NA,25,92ec7c86-60b4-47eb-8f06-fc958de3f3cf,NA,1,NA,NA,7/30/2024 18:00,2938eb35-c561-49a7-af6c-5cc108dc8767,7/30/2024 22:35,agoebl,7/30/2024 22:35,agoebl,3708,NA,14,ARFR4-SOS-AZ930-423-NAVAJO-18,#9E0142,-110.431,36.45877,15 - 20 Deg. F. / 6 - 12,SdZones downloaded 20230823,15 - 20 Deg. F.,12-Jun,15 - 20 Deg. F. / 6 - 12,15 - 20 / semi-arid,AZ.1,#ee5c42,"semi-arid, warm",#9E0142,A,NA,NA
ARFR-CO932-314-JEFFERSON-12,white,2,7,15,180,344,1,1,NA,N,0.0036,0.523,14.52777778,NA,NA,NA,NA,NA,NA,NA,26,92b47819-1742-4790-8219-299d309bf91d,NA,1,NA,NA,7/30/2024 18:00,2938eb35-c561-49a7-af6c-5cc108dc8767,7/30/2024 22:35,agoebl,7/30/2024 22:35,agoebl,3709,NA,15,ARFR4-SOS-CO932-314-JEFFERSON-12,#FEE08B,-105.3553333,39.40902778,10 - 15 Deg. F. / 3 - 6,,10 - 15 Deg. F.,6-Mar,10 - 15 Deg. F. / 3 - 6,10 - 15 / semi-humid,CO.2,#66e566,"semi-humid, cool",#FEE08B,E,NA,NA
ARFR-WY050-151-FREMONT-16,white,2,7,16,NA,345,1,1,NA,N,0.0031,0.478,15.41935484,NA,NA,NA,NA,NA,NA,NA,27,b3c8033c-9708-440d-b02b-bcbc82b47613,NA,1,NA,"Small, very dry, dying?",7/30/2024 18:00,2938eb35-c561-49a7-af6c-5cc108dc8767,7/30/2024 22:35,agoebl,7/30/2024 22:35,agoebl,3710,NA,16,ARFR4-SOS-WY050-151-FREMONT-16,#3288BD,-108.1704472,42.47886111,10 - 15 Deg. F. / 6 - 12,,10 - 15 Deg. F.,12-Jun,10 - 15 Deg. F. / 6 - 12,10 - 15 / semi-arid,WY.2,#cd8500,"semi-arid, cool",#3288BD,J,NA,NA
ARFR-WY930-44-LASANIMAS-13,white,2,7,17,NA,346,1,1,141.512,N,NA,NA,NA,no leaf collected,141.512,80.5,50.74,5.43,NA,Y,28,66b8c917-6c41-4238-b05b-8b86273323d0,NA,NA,NA,H,7/30/2024 18:00,2938eb35-c561-49a7-af6c-5cc108dc8767,7/30/2024 22:35,agoebl,7/30/2024 22:35,agoebl,3711,NA,17,ARFR4-SOS-WY930-44-LASANIMAS-13,#FDAE61,-104.6423889,37.16547222,15 - 20 Deg. F. / 3 - 6,,15 - 20 Deg. F.,6-Mar,15 - 20 Deg. F. / 3 - 6,15 - 20 / semi-humid,CO.1,#698b69,"semi-humid, warm",#FDAE61,D,NA,NA
ARFR-WY050-151-FREMONT-16,white,2,7,18,NA,347,1,1,NA,N,0.0037,0.72,19.45945946,NA,NA,NA,NA,NA,NA,NA,29,1a06e45d-f26e-466b-b1f9-37dffe026f48,NA,1,NA,NA,7/30/2024 18:00,2938eb35-c561-49a7-af6c-5cc108dc8767,7/30/2024 22:35,agoebl,7/30/2024 22:35,agoebl,3712,NA,18,ARFR4-SOS-WY050-151-FREMONT-16,#3288BD,-108.1704472,42.47886111,10 - 15 Deg. F. / 6 - 12,,10 - 15 Deg. F.,12-Jun,10 - 15 Deg. F. / 6 - 12,10 - 15 / semi-arid,WY.2,#cd8500,"semi-arid, cool",#3288BD,J,NA,NA
ARFR-WY930-44-LASANIMAS-13,white,2,7,19,NA,348,1,1,NA,N,0.0026,0.618,23.76923077,NA,NA,NA,NA,NA,NA,NA,30,4318c003-78f7-4087-bbfe-b53f68f858ad,NA,1,NA,NA,7/30/2024 18:00,2938eb35-c561-49a7-af6c-5cc108dc8767,7/30/2024 22:35,agoebl,7/30/2024 22:35,agoebl,3713,NA,19,ARFR4-SOS-WY930-44-LASANIMAS-13,#FDAE61,-104.6423889,37.16547222,15 - 20 Deg. F. / 3 - 6,,15 - 20 Deg. F.,6-Mar,15 - 20 Deg. F. / 3 - 6,15 - 20 / semi-humid,CO.1,#698b69,"semi-humid, warm",#FDAE61,D,NA,NA
ARFR-CO932-314-JEFFERSON-12,white,2,7,20,181,349,1,1,NA,N,NA,NA,NA,no leaf collected,NA,NA,NA,NA,NA,NA,31,cf7cc0f4-4655-470f-bd17-f990abf8ad43,NA,1,NA,"Very dry, dying?",7/30/2024 18:00,2938eb35-c561-49a7-af6c-5cc108dc8767,7/30/2024 22:35,agoebl,7/30/2024 22:35,agoebl,3714,NA,20,ARFR4-SOS-CO932-314-JEFFERSON-12,#FEE08B,-105.3553333,39.40902778,10 - 15 Deg. F. / 3 - 6,,10 - 15 Deg. F.,6-Mar,10 - 15 Deg. F. / 3 - 6,10 - 15 / semi-humid,CO.2,#66e566,"semi-humid, cool",#FEE08B,E,NA,NA
ARFR-WY040-71-10,white,2,7,21,NA,350,1,NA,37.842,N,NA,NA,NA,no leaf collected,37.842,5.66,0.44,1.72,NA,Y,32,62fd6313-05da-471d-b71b-180abab2e4b2,NA,NA,NA,H,7/30/2024 18:00,2938eb35-c561-49a7-af6c-5cc108dc8767,7/30/2024 22:35,agoebl,7/30/2024 22:35,agoebl,3715,NA,21,ARFR4-SOS-WY040-71-10,#66C2A5,-109.2433156,41.13271889,5 - 10 Deg. F. / 3 - 6,,5 - 10 Deg. F.,6-Mar,5 - 10 Deg. F. / 3 - 6,5 - 10 / semi-humid,WY.1,#a5c2f1,"semi-humid, cold",#66C2A5,I,NA,Y
ARFR-WY050-49-FREMONT-12,white,2,7,22,NA,351,1,1,NA,N,0.0048,1.005,20.9375,NA,NA,NA,NA,NA,NA,NA,33,d159ba75-73d9-4024-842b-581300a56685,NA,1,NA,NA,7/30/2024 18:00,2938eb35-c561-49a7-af6c-5cc108dc8767,7/30/2024 22:35,agoebl,7/30/2024 22:35,agoebl,3716,NA,22,ARFR4-SOS-WY050-49-FREMONT-12,#5E4FA2,-109.34775,43.42663611,5 - 10 Deg. F. / 6 - 12,,5 - 10 Deg. F.,12-Jun,5 - 10 Deg. F. / 6 - 12,5 - 10 / semi-arid,WY.3,#ffb90f,"semi-arid, cold",#5E4FA2,K,NA,NA
ARFR-AZ930-423-NAVAJO-18,white,2,7,23,NA,352,1,1,NA,N,0.0022,0.788,35.81818182,NA,NA,NA,NA,NA,NA,NA,34,a9fd7d21-dd85-45d8-aac8-6cfe2cd6f1d4,NA,1,NA,Dry,7/30/2024 18:00,2938eb35-c561-49a7-af6c-5cc108dc8767,7/30/2024 22:35,agoebl,7/30/2024 22:35,agoebl,3717,NA,23,ARFR4-SOS-AZ930-423-NAVAJO-18,#9E0142,-110.431,36.45877,15 - 20 Deg. F. / 6 - 12,SdZones downloaded 20230823,15 - 20 Deg. F.,12-Jun,15 - 20 Deg. F. / 6 - 12,15 - 20 / semi-arid,AZ.1,#ee5c42,"semi-arid, warm",#9E0142,A,NA,NA
ARFR-WY930-44-LASANIMAS-13,white,2,7,24,NA,353,1,1,NA,N,0.007,0.378,5.4,NA,NA,NA,NA,NA,NA,NA,35,557bcf94-eca3-4db3-9efa-97ebc946de22,NA,1,NA,NA,7/30/2024 18:00,2938eb35-c561-49a7-af6c-5cc108dc8767,7/30/2024 22:35,agoebl,7/30/2024 22:35,agoebl,3718,NA,24,ARFR4-SOS-WY930-44-LASANIMAS-13,#FDAE61,-104.6423889,37.16547222,15 - 20 Deg. F. / 3 - 6,,15 - 20 Deg. F.,6-Mar,15 - 20 Deg. F. / 3 - 6,15 - 20 / semi-humid,CO.1,#698b69,"semi-humid, warm",#FDAE61,D,NA,NA
ARFR-WY040-71-10,white,2,7,25,182,354,1,1,NA,N,0.0027,1.16,42.96296296,NA,NA,NA,NA,NA,NA,NA,36,815e061d-5f86-4f68-a106-2b988e61f947,NA,1,NA,"Dry, dieback",7/30/2024 18:00,2938eb35-c561-49a7-af6c-5cc108dc8767,7/30/2024 22:35,agoebl,7/30/2024 22:35,agoebl,3719,NA,25,ARFR4-SOS-WY040-71-10,#66C2A5,-109.2433156,41.13271889,5 - 10 Deg. F. / 3 - 6,,5 - 10 Deg. F.,6-Mar,5 - 10 Deg. F. / 3 - 6,5 - 10 / semi-humid,WY.1,#a5c2f1,"semi-humid, cold",#66C2A5,I,NA,NA
ARFR-WY050-151-FREMONT-16,white,2,7,26,NA,355,1,1,NA,N,NA,NA,NA,no leaf collected,NA,NA,NA,NA,NA,NA,37,6a4f87d2-cc4c-46a9-8052-2e3149522ac0,NA,1,NA,NA,7/30/2024 18:00,2938eb35-c561-49a7-af6c-5cc108dc8767,7/30/2024 22:35,agoebl,7/30/2024 22:35,agoebl,3720,NA,26,ARFR4-SOS-WY050-151-FREMONT-16,#3288BD,-108.1704472,42.47886111,10 - 15 Deg. F. / 6 - 12,,10 - 15 Deg. F.,12-Jun,10 - 15 Deg. F. / 6 - 12,10 - 15 / semi-arid,WY.2,#cd8500,"semi-arid, cool",#3288BD,J,NA,NA
ARFR-UT080-109-UINTAH-12,white,2,7,27,NA,356,1,1,NA,N,0.0041,0.606,14.7804878,NA,NA,NA,NA,NA,NA,NA,38,6a5bdd33-ae7b-4519-8145-a93460cca2d6,NA,1,NA,NA,7/30/2024 18:00,2938eb35-c561-49a7-af6c-5cc108dc8767,7/30/2024 22:35,agoebl,7/30/2024 22:35,agoebl,3721,NA,27,ARFR4-SOS-UT080-109-UINTAH-12,#aabe7f,-109.1426444,39.70802222,10 - 15 Deg. F. / 3 - 6,,10 - 15 Deg. F.,6-Mar,10 - 15 Deg. F. / 3 - 6,10 - 15 / semi-humid,UT.1,#66e566,"semi-humid, cool",#aabe7f,G,NA,NA
ARFR-CO932-314-JEFFERSON-12,white,2,7,28,NA,357,1,1,NA,N,0.0031,0.464,14.96774194,NA,NA,NA,NA,NA,NA,NA,39,dfef6efc-302b-4ad6-adc9-5a51c2fbac94,NA,1,NA,NA,7/30/2024 18:00,2938eb35-c561-49a7-af6c-5cc108dc8767,7/30/2024 22:35,agoebl,7/30/2024 22:35,agoebl,3722,NA,28,ARFR4-SOS-CO932-314-JEFFERSON-12,#FEE08B,-105.3553333,39.40902778,10 - 15 Deg. F. / 3 - 6,,10 - 15 Deg. F.,6-Mar,10 - 15 Deg. F. / 3 - 6,10 - 15 / semi-humid,CO.2,#66e566,"semi-humid, cool",#FEE08B,E,NA,NA
ARFR-WY050-151-FREMONT-16,white,2,7,29,NA,358,1,1,NA,N,0.0049,0.793,16.18367347,NA,NA,NA,NA,NA,NA,NA,40,c9c224bb-f4c3-47fd-8377-4c79e19a8f9c,NA,1,NA,NA,7/30/2024 18:00,2938eb35-c561-49a7-af6c-5cc108dc8767,7/30/2024 22:35,agoebl,7/30/2024 22:35,agoebl,3723,NA,29,ARFR4-SOS-WY050-151-FREMONT-16,#3288BD,-108.1704472,42.47886111,10 - 15 Deg. F. / 6 - 12,,10 - 15 Deg. F.,12-Jun,10 - 15 Deg. F. / 6 - 12,10 - 15 / semi-arid,WY.2,#cd8500,"semi-arid, cool",#3288BD,J,NA,NA
ARFR-CO932-314-JEFFERSON-12,white,2,7,30,183,359,0,0,NA,N,NA,NA,NA,no envelope,NA,NA,NA,NA,NA,NA,41,7c20aea7-32b0-4435-88ed-1c84eb47a13f,NA,0,NA,"New recruits,?",7/30/2024 18:00,2938eb35-c561-49a7-af6c-5cc108dc8767,7/30/2024 22:35,agoebl,7/30/2024 22:35,agoebl,3724,NA,30,ARFR4-SOS-CO932-314-JEFFERSON-12,#FEE08B,-105.3553333,39.40902778,10 - 15 Deg. F. / 3 - 6,,10 - 15 Deg. F.,6-Mar,10 - 15 Deg. F. / 3 - 6,10 - 15 / semi-humid,CO.2,#66e566,"semi-humid, cool",#FEE08B,E,NA,NA
ARFR-AZ930-422-NAVAJO-18,white,2,7,31,NA,360,1,1,NA,N,0.0041,1.521,37.09756098,NA,NA,NA,NA,NA,NA,NA,42,5c29f9df-3ccb-42a1-b68e-c9d24679a030,NA,1,NA,NA,7/30/2024 18:00,2938eb35-c561-49a7-af6c-5cc108dc8767,7/30/2024 22:35,agoebl,7/30/2024 22:35,agoebl,3725,NA,31,ARFR4-SOS-AZ930-422-NAVAJO-18,#D53E4F,-110.431,36.56805,15 - 20 Deg. F. / 6 - 12,Lats corrected 20230127,15 - 20 Deg. F.,12-Jun,15 - 20 Deg. F. / 6 - 12,15 - 20 / semi-arid,AZ.2,#ee5c42,"semi-arid, warm",#D53E4F,B,NA,NA
ARFR-CO932-316-JEFFERSON-12,white,2,7,32,NA,361,1,1,NA,N,0.0063,1.082,17.17460317,NA,NA,NA,NA,NA,NA,NA,43,160f1545-f187-47cc-9e2f-84f044dcd684,NA,1,NA,NA,7/30/2024 18:00,2938eb35-c561-49a7-af6c-5cc108dc8767,7/30/2024 22:35,agoebl,7/30/2024 22:35,agoebl,3726,NA,32,ARFR4-SOS-CO932-316-JEFFERSON-12,#FFFF85,-105.358,39.66325,15 - 20 Deg. F. / 3 - 6,,15 - 20 Deg. F.,6-Mar,15 - 20 Deg. F. / 3 - 6,15 - 20 / semi-humid,CO.3,#698b69,"semi-humid, warm",#FFFF85,F,NA,NA
ARFR-CO932-314-JEFFERSON-12,white,2,7,33,NA,362,1,1,NA,N,0.0053,1.064,20.0754717,NA,NA,NA,NA,NA,NA,NA,44,8c0a84b8-62d3-4f77-a3af-23e17a0626bb,NA,1,NA,NA,7/30/2024 18:00,2938eb35-c561-49a7-af6c-5cc108dc8767,7/30/2024 22:35,agoebl,7/30/2024 22:35,agoebl,3727,NA,33,ARFR4-SOS-CO932-314-JEFFERSON-12,#FEE08B,-105.3553333,39.40902778,10 - 15 Deg. F. / 3 - 6,,10 - 15 Deg. F.,6-Mar,10 - 15 Deg. F. / 3 - 6,10 - 15 / semi-humid,CO.2,#66e566,"semi-humid, cool",#FEE08B,E,NA,NA
ARFR-WY040-71-10,white,2,7,34,NA,363,1,1,NA,N,NA,NA,NA,no leaf collected,NA,NA,NA,NA,NA,NA,45,f64c3898-4444-4a1d-9b22-5596d857cfef,NA,0,NA,New recruits? Possibly original still alive,7/30/2024 18:00,2938eb35-c561-49a7-af6c-5cc108dc8767,7/30/2024 22:35,agoebl,7/30/2024 22:35,agoebl,3728,NA,34,ARFR4-SOS-WY040-71-10,#66C2A5,-109.2433156,41.13271889,5 - 10 Deg. F. / 3 - 6,,5 - 10 Deg. F.,6-Mar,5 - 10 Deg. F. / 3 - 6,5 - 10 / semi-humid,WY.1,#a5c2f1,"semi-humid, cold",#66C2A5,I,NA,NA
ARFR-AZ930-422-NAVAJO-18,white,2,7,35,184,364,1,1,NA,N,NA,NA,NA,no leaf collected,NA,NA,NA,NA,NA,NA,46,1fc1ed0a-7793-42bb-96f7-c4d9978069ba,NA,0,NA,New recruits? Poss original still alive,7/30/2024 18:00,2938eb35-c561-49a7-af6c-5cc108dc8767,7/30/2024 22:35,agoebl,7/30/2024 22:35,agoebl,3729,NA,35,ARFR4-SOS-AZ930-422-NAVAJO-18,#D53E4F,-110.431,36.56805,15 - 20 Deg. F. / 6 - 12,Lats corrected 20230127,15 - 20 Deg. F.,12-Jun,15 - 20 Deg. F. / 6 - 12,15 - 20 / semi-arid,AZ.2,#ee5c42,"semi-arid, warm",#D53E4F,B,NA,NA
ARFR-CO932-316-JEFFERSON-12,white,2,7,36,NA,365,1,1,NA,N,0.0028,0.532,19,NA,NA,NA,NA,NA,NA,NA,47,5b80ebb7-2ade-49df-abb5-020b34fcc8b0,NA,1,NA,NA,7/30/2024 18:00,2938eb35-c561-49a7-af6c-5cc108dc8767,7/30/2024 22:35,agoebl,7/30/2024 22:35,agoebl,3730,NA,36,ARFR4-SOS-CO932-316-JEFFERSON-12,#FFFF85,-105.358,39.66325,15 - 20 Deg. F. / 3 - 6,,15 - 20 Deg. F.,6-Mar,15 - 20 Deg. F. / 3 - 6,15 - 20 / semi-humid,CO.3,#698b69,"semi-humid, warm",#FFFF85,F,NA,NA
ARFR-CO932-294-11,white,2,7,37,NA,366,1,1,NA,N,0.0108,0.363,3.361111111,NA,NA,NA,NA,NA,NA,NA,48,b9c27bce-ab09-431e-97c0-8dcfd65b0d3b,NA,1,NA,NA,7/30/2024 18:00,2938eb35-c561-49a7-af6c-5cc108dc8767,7/30/2024 22:35,agoebl,7/30/2024 22:35,agoebl,3731,NA,37,ARFR4-SOS-CO932-294-11,#ABDDA4,-105.2030833,39.78458333,15 - 20 Deg. F. / 3 - 6,,15 - 20 Deg. F.,6-Mar,15 - 20 Deg. F. / 3 - 6,15 - 20 / semi-humid,CO.4,#698b69,"semi-humid, warm",#ABDDA4,H,NA,NA
ARFR-NM930N-66-11,white,2,7,38,NA,367,1,1,NA,N,0.0037,0.719,19.43243243,NA,NA,NA,NA,NA,NA,NA,49,2ee5a01c-ac7b-45b1-b0bf-7c484295fe60,NA,1,NA,NA,7/30/2024 18:00,2938eb35-c561-49a7-af6c-5cc108dc8767,7/30/2024 22:35,agoebl,7/30/2024 22:35,agoebl,3732,NA,38,ARFR4-SOS-NM930N-66-11,#F46D43,-107.2045028,36.76818611,10 - 15 Deg. F. / 3 - 6,,10 - 15 Deg. F.,6-Mar,10 - 15 Deg. F. / 3 - 6,10 - 15 / semi-humid,NM.1,#66e566,"semi-humid, cool",#F46D43,C,NA,NA
ARFR-WY040-71-10,white,2,7,39,NA,368,1,1,NA,N,NA,NA,NA,no leaf collected,NA,NA,NA,NA,NA,NA,50,495e6043-dc12-4716-9447-ccb4e0969867,NA,1,NA,"Very dry, dying",7/30/2024 18:00,2938eb35-c561-49a7-af6c-5cc108dc8767,7/30/2024 22:35,agoebl,7/30/2024 22:35,agoebl,3733,NA,39,ARFR4-SOS-WY040-71-10,#66C2A5,-109.2433156,41.13271889,5 - 10 Deg. F. / 3 - 6,,5 - 10 Deg. F.,6-Mar,5 - 10 Deg. F. / 3 - 6,5 - 10 / semi-humid,WY.1,#a5c2f1,"semi-humid, cold",#66C2A5,I,NA,NA
ARFR-WY050-49-FREMONT-12,white,2,7,40,185,369,1,1,NA,N,0.0035,0.74,21.14285714,NA,NA,NA,NA,NA,NA,NA,51,bd66b693-b112-4899-96e9-5080677919d3,NA,1,NA,NA,7/30/2024 18:00,2938eb35-c561-49a7-af6c-5cc108dc8767,7/30/2024 22:35,agoebl,7/30/2024 22:35,agoebl,3734,NA,40,ARFR4-SOS-WY050-49-FREMONT-12,#5E4FA2,-109.34775,43.42663611,5 - 10 Deg. F. / 6 - 12,,5 - 10 Deg. F.,12-Jun,5 - 10 Deg. F. / 6 - 12,5 - 10 / semi-arid,WY.3,#ffb90f,"semi-arid, cold",#5E4FA2,K,NA,NA
ARFR-WY050-49-FREMONT-12,white,2,7,41,NA,370,1,1,NA,N,0.0053,0.808,15.24528302,NA,NA,NA,NA,NA,NA,NA,52,84d171bd-7fcd-44ee-bf3d-f8c89349a8c8,NA,1,NA,NA,7/30/2024 18:00,2938eb35-c561-49a7-af6c-5cc108dc8767,7/30/2024 22:35,agoebl,7/30/2024 22:35,agoebl,3735,NA,41,ARFR4-SOS-WY050-49-FREMONT-12,#5E4FA2,-109.34775,43.42663611,5 - 10 Deg. F. / 6 - 12,,5 - 10 Deg. F.,12-Jun,5 - 10 Deg. F. / 6 - 12,5 - 10 / semi-arid,WY.3,#ffb90f,"semi-arid, cold",#5E4FA2,K,NA,NA
ARFR-CO932-314-JEFFERSON-12,white,2,7,42,NA,371,1,1,NA,N,0.0089,0.592,6.651685393,NA,NA,NA,NA,NA,NA,NA,53,bd00fbed-1661-422b-a043-8c53a2943f44,NA,1,NA,NA,7/30/2024 18:00,2938eb35-c561-49a7-af6c-5cc108dc8767,7/30/2024 22:35,agoebl,7/30/2024 22:35,agoebl,3736,NA,42,ARFR4-SOS-CO932-314-JEFFERSON-12,#FEE08B,-105.3553333,39.40902778,10 - 15 Deg. F. / 3 - 6,,10 - 15 Deg. F.,6-Mar,10 - 15 Deg. F. / 3 - 6,10 - 15 / semi-humid,CO.2,#66e566,"semi-humid, cool",#FEE08B,E,NA,NA
ARFR-WY050-151-FREMONT-16,white,2,7,43,NA,372,1,0,NA,N,NA,NA,NA,no envelope,NA,NA,NA,NA,NA,NA,54,b87afc6a-5540-4e1d-909e-5f03a5cdcc28,NA,0,NA,Possible new recruits,7/30/2024 18:00,2938eb35-c561-49a7-af6c-5cc108dc8767,7/30/2024 22:35,agoebl,7/30/2024 22:35,agoebl,3737,NA,43,ARFR4-SOS-WY050-151-FREMONT-16,#3288BD,-108.1704472,42.47886111,10 - 15 Deg. F. / 6 - 12,,10 - 15 Deg. F.,12-Jun,10 - 15 Deg. F. / 6 - 12,10 - 15 / semi-arid,WY.2,#cd8500,"semi-arid, cool",#3288BD,J,NA,NA
ARFR-NM930N-66-11,white,2,7,44,NA,373,1,1,NA,N,0.0082,1.412,17.2195122,NA,NA,NA,NA,NA,NA,NA,55,8ed980df-b25e-4d48-a18e-090793f07d75,NA,1,NA,NA,7/30/2024 18:00,2938eb35-c561-49a7-af6c-5cc108dc8767,7/30/2024 22:35,agoebl,7/30/2024 22:35,agoebl,3738,NA,44,ARFR4-SOS-NM930N-66-11,#F46D43,-107.2045028,36.76818611,10 - 15 Deg. F. / 3 - 6,,10 - 15 Deg. F.,6-Mar,10 - 15 Deg. F. / 3 - 6,10 - 15 / semi-humid,NM.1,#66e566,"semi-humid, cool",#F46D43,C,NA,NA
ARFR-AZ930-422-NAVAJO-18,white,2,7,45,186,374,1,1,NA,N,0.0064,1.831,28.609375,NA,NA,NA,NA,NA,NA,NA,56,d7ebe1e2-2c7b-481e-934a-af1ccab89b98,NA,1,NA,Dry,7/30/2024 18:00,2938eb35-c561-49a7-af6c-5cc108dc8767,7/30/2024 22:35,agoebl,7/30/2024 22:35,agoebl,3739,NA,45,ARFR4-SOS-AZ930-422-NAVAJO-18,#D53E4F,-110.431,36.56805,15 - 20 Deg. F. / 6 - 12,Lats corrected 20230127,15 - 20 Deg. F.,12-Jun,15 - 20 Deg. F. / 6 - 12,15 - 20 / semi-arid,AZ.2,#ee5c42,"semi-arid, warm",#D53E4F,B,NA,NA
ARFR-WY040-71-10,white,2,7,46,NA,375,1,1,NA,N,NA,NA,NA,no leaf collected,NA,NA,NA,NA,NA,NA,57,376d6a20-0c5f-4c8f-9661-6b9a596849f2,NA,0,NA,NA,7/30/2024 18:00,2938eb35-c561-49a7-af6c-5cc108dc8767,7/30/2024 22:35,agoebl,7/30/2024 22:35,agoebl,3740,NA,46,ARFR4-SOS-WY040-71-10,#66C2A5,-109.2433156,41.13271889,5 - 10 Deg. F. / 3 - 6,,5 - 10 Deg. F.,6-Mar,5 - 10 Deg. F. / 3 - 6,5 - 10 / semi-humid,WY.1,#a5c2f1,"semi-humid, cold",#66C2A5,I,NA,NA
ARFR-AZ930-422-NAVAJO-18,white,2,7,47,NA,376,1,1,NA,N,0.0046,0.687,14.93478261,NA,NA,NA,NA,NA,NA,NA,58,8bd1f7b5-708a-4ed4-8010-07e4ac5de916,NA,1,NA,NA,7/30/2024 18:00,2938eb35-c561-49a7-af6c-5cc108dc8767,7/30/2024 22:35,agoebl,7/30/2024 22:35,agoebl,3741,NA,47,ARFR4-SOS-AZ930-422-NAVAJO-18,#D53E4F,-110.431,36.56805,15 - 20 Deg. F. / 6 - 12,Lats corrected 20230127,15 - 20 Deg. F.,12-Jun,15 - 20 Deg. F. / 6 - 12,15 - 20 / semi-arid,AZ.2,#ee5c42,"semi-arid, warm",#D53E4F,B,NA,NA
ARFR-WY040-71-10,white,2,7,48,NA,377,1,1,NA,Y,NA,NA,NA,no leaf collected,NA,NA,NA,NA,NA,NA,59,3273629c-9452-44e3-a498-275386e54da7,NA,0,NA,"Very dry, dying",7/30/2024 18:00,2938eb35-c561-49a7-af6c-5cc108dc8767,7/30/2024 22:35,agoebl,7/30/2024 22:35,agoebl,3742,NA,48,ARFR4-SOS-WY040-71-10,#66C2A5,-109.2433156,41.13271889,5 - 10 Deg. F. / 3 - 6,,5 - 10 Deg. F.,6-Mar,5 - 10 Deg. F. / 3 - 6,5 - 10 / semi-humid,WY.1,#a5c2f1,"semi-humid, cold",#66C2A5,I,NA,NA
ARFR-AZ930-422-NAVAJO-18,white,2,7,49,NA,378,1,1,103.492,N,NA,NA,NA,no leaf collected,103.492,53.21,26.49,8.28,NA,Y,60,1bfe6fe7-c020-4287-87df-cbc79fa964ff,NA,NA,NA,H,7/30/2024 18:00,2938eb35-c561-49a7-af6c-5cc108dc8767,7/30/2024 22:35,agoebl,7/30/2024 22:35,agoebl,3743,NA,49,ARFR4-SOS-AZ930-422-NAVAJO-18,#D53E4F,-110.431,36.56805,15 - 20 Deg. F. / 6 - 12,Lats corrected 20230127,15 - 20 Deg. F.,12-Jun,15 - 20 Deg. F. / 6 - 12,15 - 20 / semi-arid,AZ.2,#ee5c42,"semi-arid, warm",#D53E4F,B,NA,NA
ARFR-WY040-71-10,white,2,7,50,187,379,1,1,NA,Y,0.0019,0.807,42.47368421,NA,NA,NA,NA,NA,NA,NA,61,c6f9743a-02e4-4640-bf6d-ddcc01e55675,NA,1,NA,Dry,7/30/2024 18:00,2938eb35-c561-49a7-af6c-5cc108dc8767,7/30/2024 22:35,agoebl,7/30/2024 22:35,agoebl,3744,NA,50,ARFR4-SOS-WY040-71-10,#66C2A5,-109.2433156,41.13271889,5 - 10 Deg. F. / 3 - 6,,5 - 10 Deg. F.,6-Mar,5 - 10 Deg. F. / 3 - 6,5 - 10 / semi-humid,WY.1,#a5c2f1,"semi-humid, cold",#66C2A5,I,NA,NA
ARFR-CO932-314-JEFFERSON-12,white,2,7,51,NA,380,1,1,NA,N,0.0054,0.632,11.7037037,NA,NA,NA,NA,NA,NA,NA,62,5d6dc546-5524-47f2-ba3e-1724856770ea,NA,1,NA,NA,7/30/2024 18:00,2938eb35-c561-49a7-af6c-5cc108dc8767,7/30/2024 22:35,agoebl,7/30/2024 22:35,agoebl,3745,NA,51,ARFR4-SOS-CO932-314-JEFFERSON-12,#FEE08B,-105.3553333,39.40902778,10 - 15 Deg. F. / 3 - 6,,10 - 15 Deg. F.,6-Mar,10 - 15 Deg. F. / 3 - 6,10 - 15 / semi-humid,CO.2,#66e566,"semi-humid, cool",#FEE08B,E,NA,NA
ARFR-CO932-316-JEFFERSON-12,white,2,7,52,NA,381,1,1,NA,Y,0.0063,0.644,10.22222222,NA,NA,NA,NA,NA,NA,NA,63,e34543e1-49b9-4031-8ea9-65ff242769b1,NA,1,NA,NA,7/30/2024 18:00,2938eb35-c561-49a7-af6c-5cc108dc8767,7/30/2024 22:35,agoebl,7/30/2024 22:35,agoebl,3746,NA,52,ARFR4-SOS-CO932-316-JEFFERSON-12,#FFFF85,-105.358,39.66325,15 - 20 Deg. F. / 3 - 6,,15 - 20 Deg. F.,6-Mar,15 - 20 Deg. F. / 3 - 6,15 - 20 / semi-humid,CO.3,#698b69,"semi-humid, warm",#FFFF85,F,NA,NA
ARFR-NM930N-66-11,white,2,7,53,NA,382,1,1,NA,N,0.0079,0.692,8.759493671,NA,NA,NA,NA,NA,NA,NA,64,39cfdd22-51a2-4bbf-a30a-9fc682df6b15,NA,1,NA,NA,7/30/2024 18:00,2938eb35-c561-49a7-af6c-5cc108dc8767,7/30/2024 22:35,agoebl,7/30/2024 22:35,agoebl,3747,NA,53,ARFR4-SOS-NM930N-66-11,#F46D43,-107.2045028,36.76818611,10 - 15 Deg. F. / 3 - 6,,10 - 15 Deg. F.,6-Mar,10 - 15 Deg. F. / 3 - 6,10 - 15 / semi-humid,NM.1,#66e566,"semi-humid, cool",#F46D43,C,NA,NA
ARFR-WY040-71-10,white,2,7,54,NA,383,1,1,NA,N,NA,NA,NA,no leaf collected,NA,NA,NA,NA,NA,NA,65,86fe12be-cf7f-420e-a769-aeec6970b558,NA,0,NA,NA,7/30/2024 18:00,2938eb35-c561-49a7-af6c-5cc108dc8767,7/30/2024 22:35,agoebl,7/30/2024 22:35,agoebl,3748,NA,54,ARFR4-SOS-WY040-71-10,#66C2A5,-109.2433156,41.13271889,5 - 10 Deg. F. / 3 - 6,,5 - 10 Deg. F.,6-Mar,5 - 10 Deg. F. / 3 - 6,5 - 10 / semi-humid,WY.1,#a5c2f1,"semi-humid, cold",#66C2A5,I,NA,NA
ARFR-WY040-71-10,white,2,7,55,188,384,1,1,NA,N,NA,NA,NA,no leaf collected,NA,NA,NA,NA,NA,NA,66,1ba87da8-a883-4df9-94ce-75d1c1726af6,NA,0,NA,"New recruits poss, origi alive poss?",7/30/2024 18:00,2938eb35-c561-49a7-af6c-5cc108dc8767,7/30/2024 22:35,agoebl,7/30/2024 22:35,agoebl,3749,NA,55,ARFR4-SOS-WY040-71-10,#66C2A5,-109.2433156,41.13271889,5 - 10 Deg. F. / 3 - 6,,5 - 10 Deg. F.,6-Mar,5 - 10 Deg. F. / 3 - 6,5 - 10 / semi-humid,WY.1,#a5c2f1,"semi-humid, cold",#66C2A5,I,NA,NA
ARFR-WY050-151-FREMONT-16,white,2,8,1,177,385,0,0,NA,N,NA,NA,NA,no envelope,NA,NA,NA,NA,NA,NA,834,0f2f08f8-07c5-4f04-9b5e-b2afba46e03b,NA,0,NA,NA,8/8/2024 18:00,e6d596d7-7b62-4270-9095-c803606c8a3f,8/12/2024 16:44,agoebl,8/12/2024 16:44,agoebl,3750,NA,1,ARFR4-SOS-WY050-151-FREMONT-16,#3288BD,-108.1704472,42.47886111,10 - 15 Deg. F. / 6 - 12,,10 - 15 Deg. F.,12-Jun,10 - 15 Deg. F. / 6 - 12,10 - 15 / semi-arid,WY.2,#cd8500,"semi-arid, cool",#3288BD,J,NA,NA
ARFR-CO932-316-JEFFERSON-12,white,2,8,2,NA,386,1,1,NA,N,0.0034,0.472,13.88235294,NA,NA,NA,NA,NA,NA,NA,835,142515a1-b8d1-41ac-9beb-f8f4108da066,NA,1,NA,NA,8/8/2024 18:00,e6d596d7-7b62-4270-9095-c803606c8a3f,8/12/2024 16:44,agoebl,8/12/2024 16:44,agoebl,3751,NA,2,ARFR4-SOS-CO932-316-JEFFERSON-12,#FFFF85,-105.358,39.66325,15 - 20 Deg. F. / 3 - 6,,15 - 20 Deg. F.,6-Mar,15 - 20 Deg. F. / 3 - 6,15 - 20 / semi-humid,CO.3,#698b69,"semi-humid, warm",#FFFF85,F,NA,NA
ARFR-WY050-151-FREMONT-16,white,2,8,3,NA,387,0,0,NA,N,NA,NA,NA,no envelope,NA,NA,NA,NA,NA,NA,836,f1e5215e-b128-4216-9f18-f595dc84167d,NA,0,NA,NA,8/8/2024 18:00,e6d596d7-7b62-4270-9095-c803606c8a3f,8/12/2024 16:44,agoebl,8/12/2024 16:44,agoebl,3752,NA,3,ARFR4-SOS-WY050-151-FREMONT-16,#3288BD,-108.1704472,42.47886111,10 - 15 Deg. F. / 6 - 12,,10 - 15 Deg. F.,12-Jun,10 - 15 Deg. F. / 6 - 12,10 - 15 / semi-arid,WY.2,#cd8500,"semi-arid, cool",#3288BD,J,NA,NA
ARFR-NM930N-66-11,white,2,8,4,NA,388,1,1,NA,N,0.0033,0.471,14.27272727,NA,NA,NA,NA,NA,NA,NA,837,4dd0c98b-9101-499f-9fe4-38d444b20fc2,NA,1,NA,NA,8/8/2024 18:00,e6d596d7-7b62-4270-9095-c803606c8a3f,8/12/2024 16:44,agoebl,8/12/2024 16:44,agoebl,3753,NA,4,ARFR4-SOS-NM930N-66-11,#F46D43,-107.2045028,36.76818611,10 - 15 Deg. F. / 3 - 6,,10 - 15 Deg. F.,6-Mar,10 - 15 Deg. F. / 3 - 6,10 - 15 / semi-humid,NM.1,#66e566,"semi-humid, cool",#F46D43,C,NA,NA
ARFR-CO932-316-JEFFERSON-12,white,2,8,5,178,389,1,1,NA,N,0.0022,0.425,19.31818182,NA,NA,NA,NA,NA,NA,NA,838,8d660377-270d-4970-98a2-e6c4fd9d4217,NA,1,NA,NA,8/8/2024 18:00,e6d596d7-7b62-4270-9095-c803606c8a3f,8/12/2024 16:44,agoebl,8/12/2024 16:44,agoebl,3754,NA,5,ARFR4-SOS-CO932-316-JEFFERSON-12,#FFFF85,-105.358,39.66325,15 - 20 Deg. F. / 3 - 6,,15 - 20 Deg. F.,6-Mar,15 - 20 Deg. F. / 3 - 6,15 - 20 / semi-humid,CO.3,#698b69,"semi-humid, warm",#FFFF85,F,NA,NA
ARFR-CO932-314-JEFFERSON-12,white,2,8,6,NA,390,1,1,NA,N,0.0055,0.699,12.70909091,NA,NA,NA,NA,NA,NA,NA,839,703e3f06-95b3-48ff-8a0a-b6cd8672556f,NA,1,NA,NA,8/8/2024 18:00,e6d596d7-7b62-4270-9095-c803606c8a3f,8/12/2024 16:44,agoebl,8/12/2024 16:44,agoebl,3755,NA,6,ARFR4-SOS-CO932-314-JEFFERSON-12,#FEE08B,-105.3553333,39.40902778,10 - 15 Deg. F. / 3 - 6,,10 - 15 Deg. F.,6-Mar,10 - 15 Deg. F. / 3 - 6,10 - 15 / semi-humid,CO.2,#66e566,"semi-humid, cool",#FEE08B,E,NA,NA
ARFR-CO932-294-11,white,2,8,7,NA,391,1,1,NA,N,0.0055,0.831,15.10909091,NA,NA,NA,NA,NA,NA,NA,840,98d93d77-a84e-4a7b-b4f6-b586e1000192,NA,1,NA,NA,8/8/2024 18:00,e6d596d7-7b62-4270-9095-c803606c8a3f,8/12/2024 16:44,agoebl,8/12/2024 16:44,agoebl,3756,NA,7,ARFR4-SOS-CO932-294-11,#ABDDA4,-105.2030833,39.78458333,15 - 20 Deg. F. / 3 - 6,,15 - 20 Deg. F.,6-Mar,15 - 20 Deg. F. / 3 - 6,15 - 20 / semi-humid,CO.4,#698b69,"semi-humid, warm",#ABDDA4,H,NA,NA
ARFR-NM930N-66-11,white,2,8,8,NA,392,1,1,NA,N,0.0032,0.429,13.40625,NA,NA,NA,NA,NA,NA,NA,841,ef8ebea9-362c-4636-a3ad-fa1f54d1cfbc,NA,1,NA,NA,8/8/2024 18:00,e6d596d7-7b62-4270-9095-c803606c8a3f,8/12/2024 16:44,agoebl,8/12/2024 16:44,agoebl,3757,NA,8,ARFR4-SOS-NM930N-66-11,#F46D43,-107.2045028,36.76818611,10 - 15 Deg. F. / 3 - 6,,10 - 15 Deg. F.,6-Mar,10 - 15 Deg. F. / 3 - 6,10 - 15 / semi-humid,NM.1,#66e566,"semi-humid, cool",#F46D43,C,NA,NA
ARFR-UT080-109-UINTAH-12,white,2,8,9,NA,393,1,1,NA,N,NA,NA,NA,no leaf collected,NA,NA,NA,NA,NA,NA,842,c5f96263-d2ba-4386-9f4e-34aaf8b73d72,NA,1,NA,Dry,8/8/2024 18:00,e6d596d7-7b62-4270-9095-c803606c8a3f,8/12/2024 16:44,agoebl,8/12/2024 16:44,agoebl,3758,NA,9,ARFR4-SOS-UT080-109-UINTAH-12,#aabe7f,-109.1426444,39.70802222,10 - 15 Deg. F. / 3 - 6,,10 - 15 Deg. F.,6-Mar,10 - 15 Deg. F. / 3 - 6,10 - 15 / semi-humid,UT.1,#66e566,"semi-humid, cool",#aabe7f,G,NA,NA
ARFR-WY050-49-FREMONT-12,white,2,8,10,179,394,1,1,NA,N,NA,NA,NA,no leaf collected,NA,NA,NA,NA,NA,NA,843,ad979911-2554-410c-925c-00610d8c06d7,NA,1,NA,Dry,8/8/2024 18:00,e6d596d7-7b62-4270-9095-c803606c8a3f,8/12/2024 16:44,agoebl,8/12/2024 16:44,agoebl,3759,NA,10,ARFR4-SOS-WY050-49-FREMONT-12,#5E4FA2,-109.34775,43.42663611,5 - 10 Deg. F. / 6 - 12,,5 - 10 Deg. F.,12-Jun,5 - 10 Deg. F. / 6 - 12,5 - 10 / semi-arid,WY.3,#ffb90f,"semi-arid, cold",#5E4FA2,K,NA,NA
ARFR-CO932-314-JEFFERSON-12,white,2,8,11,NA,395,1,1,NA,N,0.0035,0.425,12.14285714,NA,NA,NA,NA,NA,NA,NA,844,78d9cd16-86d7-4c3b-a91d-6ef4ee78507d,NA,1,NA,NA,8/8/2024 18:00,e6d596d7-7b62-4270-9095-c803606c8a3f,8/12/2024 16:44,agoebl,8/12/2024 16:44,agoebl,3760,NA,11,ARFR4-SOS-CO932-314-JEFFERSON-12,#FEE08B,-105.3553333,39.40902778,10 - 15 Deg. F. / 3 - 6,,10 - 15 Deg. F.,6-Mar,10 - 15 Deg. F. / 3 - 6,10 - 15 / semi-humid,CO.2,#66e566,"semi-humid, cool",#FEE08B,E,NA,NA
ARFR-WY050-49-FREMONT-12,white,2,8,12,NA,396,1,1,NA,N,0.0045,0.629,13.97777778,NA,NA,NA,NA,NA,NA,NA,845,191f944e-2606-42bd-bc6b-3c7dc3a397f3,NA,1,NA,Dry,8/8/2024 18:00,e6d596d7-7b62-4270-9095-c803606c8a3f,8/12/2024 16:44,agoebl,8/12/2024 16:44,agoebl,3761,NA,12,ARFR4-SOS-WY050-49-FREMONT-12,#5E4FA2,-109.34775,43.42663611,5 - 10 Deg. F. / 6 - 12,,5 - 10 Deg. F.,12-Jun,5 - 10 Deg. F. / 6 - 12,5 - 10 / semi-arid,WY.3,#ffb90f,"semi-arid, cold",#5E4FA2,K,NA,NA
ARFR-WY050-49-FREMONT-12,white,2,8,13,NA,397,1,1,NA,N,0.0033,0.537,16.27272727,NA,NA,NA,NA,NA,NA,NA,846,c81d1726-1b8d-4a53-9064-31c005d10ba6,NA,1,NA,NA,8/8/2024 18:00,e6d596d7-7b62-4270-9095-c803606c8a3f,8/12/2024 16:44,agoebl,8/12/2024 16:44,agoebl,3762,NA,13,ARFR4-SOS-WY050-49-FREMONT-12,#5E4FA2,-109.34775,43.42663611,5 - 10 Deg. F. / 6 - 12,,5 - 10 Deg. F.,12-Jun,5 - 10 Deg. F. / 6 - 12,5 - 10 / semi-arid,WY.3,#ffb90f,"semi-arid, cold",#5E4FA2,K,NA,NA
ARFR-UT080-109-UINTAH-12,white,2,8,14,NA,398,1,1,NA,N,0.0033,0.482,14.60606061,NA,NA,NA,NA,NA,NA,NA,847,c72cfe95-d731-432f-a780-93bee9afa2c3,NA,1,NA,NA,8/8/2024 18:00,e6d596d7-7b62-4270-9095-c803606c8a3f,8/12/2024 16:44,agoebl,8/12/2024 16:44,agoebl,3763,NA,14,ARFR4-SOS-UT080-109-UINTAH-12,#aabe7f,-109.1426444,39.70802222,10 - 15 Deg. F. / 3 - 6,,10 - 15 Deg. F.,6-Mar,10 - 15 Deg. F. / 3 - 6,10 - 15 / semi-humid,UT.1,#66e566,"semi-humid, cool",#aabe7f,G,NA,NA
ARFR-AZ930-423-NAVAJO-18,white,2,8,15,180,399,1,1,NA,N,0.0026,0.351,13.5,NA,NA,NA,NA,NA,NA,NA,848,b07ef9fa-f767-494c-ba7f-c7bc80ff65ec,NA,1,NA,NA,8/8/2024 18:00,e6d596d7-7b62-4270-9095-c803606c8a3f,8/12/2024 16:44,agoebl,8/12/2024 16:44,agoebl,3764,NA,15,ARFR4-SOS-AZ930-423-NAVAJO-18,#9E0142,-110.431,36.45877,15 - 20 Deg. F. / 6 - 12,SdZones downloaded 20230823,15 - 20 Deg. F.,12-Jun,15 - 20 Deg. F. / 6 - 12,15 - 20 / semi-arid,AZ.1,#ee5c42,"semi-arid, warm",#9E0142,A,NA,NA
ARFR-WY040-71-10,white,2,8,16,NA,400,1,1,NA,N,0.0044,0.756,17.18181818,NA,NA,NA,NA,NA,NA,NA,849,61366af6-48fb-41ca-b113-ec19938b1ca9,NA,1,NA,NA,8/8/2024 18:00,e6d596d7-7b62-4270-9095-c803606c8a3f,8/12/2024 16:44,agoebl,8/12/2024 16:44,agoebl,3765,NA,16,ARFR4-SOS-WY040-71-10,#66C2A5,-109.2433156,41.13271889,5 - 10 Deg. F. / 3 - 6,,5 - 10 Deg. F.,6-Mar,5 - 10 Deg. F. / 3 - 6,5 - 10 / semi-humid,WY.1,#a5c2f1,"semi-humid, cold",#66C2A5,I,NA,NA
ARFR-CO932-294-11,white,2,8,17,NA,401,1,1,NA,N,0.0025,0.542,21.68,NA,NA,NA,NA,NA,NA,NA,850,e9cf857f-1951-4aa1-89cc-32725be8068f,NA,1,NA,NA,8/8/2024 18:00,e6d596d7-7b62-4270-9095-c803606c8a3f,8/12/2024 16:44,agoebl,8/12/2024 16:44,agoebl,3766,NA,17,ARFR4-SOS-CO932-294-11,#ABDDA4,-105.2030833,39.78458333,15 - 20 Deg. F. / 3 - 6,,15 - 20 Deg. F.,6-Mar,15 - 20 Deg. F. / 3 - 6,15 - 20 / semi-humid,CO.4,#698b69,"semi-humid, warm",#ABDDA4,H,NA,NA
ARFR-WY050-151-FREMONT-16,white,2,8,18,NA,402,1,1,NA,N,0.0042,0.583,13.88095238,NA,NA,NA,NA,NA,NA,NA,851,2dc95920-b6c0-41fd-994c-2ad56f633c03,NA,1,NA,NA,8/8/2024 18:00,e6d596d7-7b62-4270-9095-c803606c8a3f,8/12/2024 16:44,agoebl,8/12/2024 16:44,agoebl,3767,NA,18,ARFR4-SOS-WY050-151-FREMONT-16,#3288BD,-108.1704472,42.47886111,10 - 15 Deg. F. / 6 - 12,,10 - 15 Deg. F.,12-Jun,10 - 15 Deg. F. / 6 - 12,10 - 15 / semi-arid,WY.2,#cd8500,"semi-arid, cool",#3288BD,J,NA,NA
ARFR-WY050-49-FREMONT-12,white,2,8,19,NA,403,1,1,NA,N,0.0022,0.344,15.63636364,NA,NA,NA,NA,NA,NA,NA,852,a474060b-9177-4f61-b92a-e4bb9e35079d,NA,1,NA,NA,8/8/2024 18:00,e6d596d7-7b62-4270-9095-c803606c8a3f,8/12/2024 16:44,agoebl,8/12/2024 16:44,agoebl,3768,NA,19,ARFR4-SOS-WY050-49-FREMONT-12,#5E4FA2,-109.34775,43.42663611,5 - 10 Deg. F. / 6 - 12,,5 - 10 Deg. F.,12-Jun,5 - 10 Deg. F. / 6 - 12,5 - 10 / semi-arid,WY.3,#ffb90f,"semi-arid, cold",#5E4FA2,K,NA,NA
ARFR-CO932-294-11,white,2,8,20,181,404,1,1,138.662,N,NA,NA,NA,no leaf collected,138.662,76.69,45.32,11.61,NA,Y,853,6cb13ad2-2ff8-45af-b812-dd68d2193ac1,NA,NA,NA,H,8/8/2024 18:00,e6d596d7-7b62-4270-9095-c803606c8a3f,8/12/2024 16:44,agoebl,8/12/2024 16:44,agoebl,3769,NA,20,ARFR4-SOS-CO932-294-11,#ABDDA4,-105.2030833,39.78458333,15 - 20 Deg. F. / 3 - 6,,15 - 20 Deg. F.,6-Mar,15 - 20 Deg. F. / 3 - 6,15 - 20 / semi-humid,CO.4,#698b69,"semi-humid, warm",#ABDDA4,H,NA,NA
ARFR-WY930-44-LASANIMAS-13,white,2,8,21,NA,405,1,1,NA,N,0.0025,0.292,11.68,NA,NA,NA,NA,NA,NA,NA,854,ea9574f3-74a5-48d2-a042-dd0c92d5dcd4,NA,1,NA,NA,8/8/2024 18:00,e6d596d7-7b62-4270-9095-c803606c8a3f,8/12/2024 16:44,agoebl,8/12/2024 16:44,agoebl,3770,NA,21,ARFR4-SOS-WY930-44-LASANIMAS-13,#FDAE61,-104.6423889,37.16547222,15 - 20 Deg. F. / 3 - 6,,15 - 20 Deg. F.,6-Mar,15 - 20 Deg. F. / 3 - 6,15 - 20 / semi-humid,CO.1,#698b69,"semi-humid, warm",#FDAE61,D,NA,NA
ARFR-UT080-109-UINTAH-12,white,2,8,22,NA,406,1,1,NA,N,0.0036,0.474,13.16666667,NA,NA,NA,NA,NA,NA,NA,855,713f6bf3-8d82-46c4-b3d6-0e517a4ceaaa,NA,1,NA,NA,8/8/2024 18:00,e6d596d7-7b62-4270-9095-c803606c8a3f,8/12/2024 16:44,agoebl,8/12/2024 16:44,agoebl,3771,NA,22,ARFR4-SOS-UT080-109-UINTAH-12,#aabe7f,-109.1426444,39.70802222,10 - 15 Deg. F. / 3 - 6,,10 - 15 Deg. F.,6-Mar,10 - 15 Deg. F. / 3 - 6,10 - 15 / semi-humid,UT.1,#66e566,"semi-humid, cool",#aabe7f,G,NA,NA
ARFR-WY050-151-FREMONT-16,white,2,8,23,NA,407,1,1,NA,N,0.0034,0.437,12.85294118,NA,NA,NA,NA,NA,NA,NA,856,48a19dd3-d7fe-44b8-b8f5-c9ccf0d6d07f,NA,1,NA,NA,8/8/2024 18:00,e6d596d7-7b62-4270-9095-c803606c8a3f,8/12/2024 16:44,agoebl,8/12/2024 16:44,agoebl,3772,NA,23,ARFR4-SOS-WY050-151-FREMONT-16,#3288BD,-108.1704472,42.47886111,10 - 15 Deg. F. / 6 - 12,,10 - 15 Deg. F.,12-Jun,10 - 15 Deg. F. / 6 - 12,10 - 15 / semi-arid,WY.2,#cd8500,"semi-arid, cool",#3288BD,J,NA,NA
ARFR-CO932-314-JEFFERSON-12,white,2,8,24,NA,408,1,1,NA,N,0.0031,0.365,11.77419355,NA,NA,NA,NA,NA,NA,NA,857,7f5ac57f-61dc-4187-8b66-2d03359e7a98,NA,1,NA,NA,8/8/2024 18:00,e6d596d7-7b62-4270-9095-c803606c8a3f,8/12/2024 16:44,agoebl,8/12/2024 16:44,agoebl,3773,NA,24,ARFR4-SOS-CO932-314-JEFFERSON-12,#FEE08B,-105.3553333,39.40902778,10 - 15 Deg. F. / 3 - 6,,10 - 15 Deg. F.,6-Mar,10 - 15 Deg. F. / 3 - 6,10 - 15 / semi-humid,CO.2,#66e566,"semi-humid, cool",#FEE08B,E,NA,NA
ARFR-WY050-49-FREMONT-12,white,2,8,25,182,409,1,1,NA,N,0.0052,0.709,13.63461538,NA,NA,NA,NA,NA,NA,NA,858,ab28a4bf-6cf6-4cd6-ae83-dc1c0c57bd36,NA,1,NA,NA,8/8/2024 18:00,e6d596d7-7b62-4270-9095-c803606c8a3f,8/12/2024 16:44,agoebl,8/12/2024 16:44,agoebl,3774,NA,25,ARFR4-SOS-WY050-49-FREMONT-12,#5E4FA2,-109.34775,43.42663611,5 - 10 Deg. F. / 6 - 12,,5 - 10 Deg. F.,12-Jun,5 - 10 Deg. F. / 6 - 12,5 - 10 / semi-arid,WY.3,#ffb90f,"semi-arid, cold",#5E4FA2,K,NA,NA
ARFR-AZ930-423-NAVAJO-18,white,2,8,26,NA,410,1,1,NA,N,0.0022,0.371,16.86363636,NA,NA,NA,NA,NA,NA,NA,859,fbb92a7f-a95e-45f4-b73a-2170824d5fd7,NA,1,NA,NA,8/8/2024 18:00,e6d596d7-7b62-4270-9095-c803606c8a3f,8/12/2024 16:44,agoebl,8/12/2024 16:44,agoebl,3775,NA,26,ARFR4-SOS-AZ930-423-NAVAJO-18,#9E0142,-110.431,36.45877,15 - 20 Deg. F. / 6 - 12,SdZones downloaded 20230823,15 - 20 Deg. F.,12-Jun,15 - 20 Deg. F. / 6 - 12,15 - 20 / semi-arid,AZ.1,#ee5c42,"semi-arid, warm",#9E0142,A,NA,NA
ARFR-WY050-151-FREMONT-16,white,2,8,27,NA,411,1,0,NA,N,NA,NA,NA,no envelope,NA,NA,NA,NA,NA,NA,860,3af82a5e-226e-4885-9a14-4b46a4fe4d47,NA,0,NA,"New recruits present, original plant dead",8/8/2024 18:00,e6d596d7-7b62-4270-9095-c803606c8a3f,8/12/2024 16:44,agoebl,8/12/2024 16:44,agoebl,3776,NA,27,ARFR4-SOS-WY050-151-FREMONT-16,#3288BD,-108.1704472,42.47886111,10 - 15 Deg. F. / 6 - 12,,10 - 15 Deg. F.,12-Jun,10 - 15 Deg. F. / 6 - 12,10 - 15 / semi-arid,WY.2,#cd8500,"semi-arid, cool",#3288BD,J,NA,NA
ARFR-AZ930-422-NAVAJO-18,white,2,8,28,NA,412,1,1,NA,N,0.0028,0.329,11.75,NA,NA,NA,NA,NA,NA,NA,861,5798cb93-4230-4c54-999e-05b92f4220df,NA,1,NA,NA,8/8/2024 18:00,e6d596d7-7b62-4270-9095-c803606c8a3f,8/12/2024 16:44,agoebl,8/12/2024 16:44,agoebl,3777,NA,28,ARFR4-SOS-AZ930-422-NAVAJO-18,#D53E4F,-110.431,36.56805,15 - 20 Deg. F. / 6 - 12,Lats corrected 20230127,15 - 20 Deg. F.,12-Jun,15 - 20 Deg. F. / 6 - 12,15 - 20 / semi-arid,AZ.2,#ee5c42,"semi-arid, warm",#D53E4F,B,NA,NA
ARFR-CO932-316-JEFFERSON-12,white,2,8,29,NA,413,1,1,NA,N,0.0054,0.71,13.14814815,NA,NA,NA,NA,NA,NA,NA,862,0a5393e1-a987-410f-8f71-9419bd0025e8,NA,1,NA,NA,8/8/2024 18:00,e6d596d7-7b62-4270-9095-c803606c8a3f,8/12/2024 16:44,agoebl,8/12/2024 16:44,agoebl,3778,NA,29,ARFR4-SOS-CO932-316-JEFFERSON-12,#FFFF85,-105.358,39.66325,15 - 20 Deg. F. / 3 - 6,,15 - 20 Deg. F.,6-Mar,15 - 20 Deg. F. / 3 - 6,15 - 20 / semi-humid,CO.3,#698b69,"semi-humid, warm",#FFFF85,F,NA,NA
ARFR-AZ930-422-NAVAJO-18,white,2,8,30,183,414,1,1,NA,N,0.0081,1.009,12.45679012,NA,NA,NA,NA,NA,NA,NA,863,e4b8381a-b60c-49f1-80b0-717a0882f3e4,NA,1,NA,NA,8/8/2024 18:00,e6d596d7-7b62-4270-9095-c803606c8a3f,8/12/2024 16:44,agoebl,8/12/2024 16:44,agoebl,3779,NA,30,ARFR4-SOS-AZ930-422-NAVAJO-18,#D53E4F,-110.431,36.56805,15 - 20 Deg. F. / 6 - 12,Lats corrected 20230127,15 - 20 Deg. F.,12-Jun,15 - 20 Deg. F. / 6 - 12,15 - 20 / semi-arid,AZ.2,#ee5c42,"semi-arid, warm",#D53E4F,B,NA,NA
ARFR-CO932-316-JEFFERSON-12,white,2,8,31,NA,415,1,1,NA,N,0.0023,0.359,15.60869565,NA,NA,NA,NA,NA,NA,NA,864,0fbf94a4-3554-4e2f-a27d-1778301f0fbf,NA,1,NA,NA,8/8/2024 18:00,e6d596d7-7b62-4270-9095-c803606c8a3f,8/12/2024 16:44,agoebl,8/12/2024 16:44,agoebl,3780,NA,31,ARFR4-SOS-CO932-316-JEFFERSON-12,#FFFF85,-105.358,39.66325,15 - 20 Deg. F. / 3 - 6,,15 - 20 Deg. F.,6-Mar,15 - 20 Deg. F. / 3 - 6,15 - 20 / semi-humid,CO.3,#698b69,"semi-humid, warm",#FFFF85,F,NA,NA
ARFR-AZ930-423-NAVAJO-18,white,2,8,32,NA,416,0,0,NA,N,NA,NA,NA,no envelope,NA,NA,NA,NA,NA,NA,865,163d2ce8-790b-459b-b222-fe5d57b5558d,NA,0,NA,NA,8/8/2024 18:00,e6d596d7-7b62-4270-9095-c803606c8a3f,8/12/2024 16:44,agoebl,8/12/2024 16:44,agoebl,3781,NA,32,ARFR4-SOS-AZ930-423-NAVAJO-18,#9E0142,-110.431,36.45877,15 - 20 Deg. F. / 6 - 12,SdZones downloaded 20230823,15 - 20 Deg. F.,12-Jun,15 - 20 Deg. F. / 6 - 12,15 - 20 / semi-arid,AZ.1,#ee5c42,"semi-arid, warm",#9E0142,A,Y,NA
ARFR-WY930-44-LASANIMAS-13,white,2,8,33,NA,417,1,0,NA,N,NA,NA,NA,no envelope,NA,NA,NA,NA,NA,NA,866,74d5904b-42ce-4561-a8c5-fb55bd51e5c2,NA,0,NA,New recruits? Original possibly alive,8/8/2024 18:00,e6d596d7-7b62-4270-9095-c803606c8a3f,8/12/2024 16:44,agoebl,8/12/2024 16:44,agoebl,3782,NA,33,ARFR4-SOS-WY930-44-LASANIMAS-13,#FDAE61,-104.6423889,37.16547222,15 - 20 Deg. F. / 3 - 6,,15 - 20 Deg. F.,6-Mar,15 - 20 Deg. F. / 3 - 6,15 - 20 / semi-humid,CO.1,#698b69,"semi-humid, warm",#FDAE61,D,NA,NA
ARFR-WY930-44-LASANIMAS-13,white,2,8,34,NA,418,1,1,NA,N,0.0063,0.739,11.73015873,NA,NA,NA,NA,NA,NA,NA,867,0acba8ba-da08-4be6-a838-6895fb5cd8c2,NA,1,NA,NA,8/8/2024 18:00,e6d596d7-7b62-4270-9095-c803606c8a3f,8/12/2024 16:44,agoebl,8/12/2024 16:44,agoebl,3783,NA,34,ARFR4-SOS-WY930-44-LASANIMAS-13,#FDAE61,-104.6423889,37.16547222,15 - 20 Deg. F. / 3 - 6,,15 - 20 Deg. F.,6-Mar,15 - 20 Deg. F. / 3 - 6,15 - 20 / semi-humid,CO.1,#698b69,"semi-humid, warm",#FDAE61,D,NA,NA
ARFR-WY050-151-FREMONT-16,white,2,8,35,184,419,1,1,NA,N,NA,NA,NA,no leaf collected,NA,NA,NA,NA,NA,NA,868,9c6169a6-4b3f-43fa-9fb0-300d5dbf21ef,NA,1,NA,Dry,8/8/2024 18:00,e6d596d7-7b62-4270-9095-c803606c8a3f,8/12/2024 16:44,agoebl,8/12/2024 16:44,agoebl,3784,NA,35,ARFR4-SOS-WY050-151-FREMONT-16,#3288BD,-108.1704472,42.47886111,10 - 15 Deg. F. / 6 - 12,,10 - 15 Deg. F.,12-Jun,10 - 15 Deg. F. / 6 - 12,10 - 15 / semi-arid,WY.2,#cd8500,"semi-arid, cool",#3288BD,J,NA,NA
ARFR-AZ930-422-NAVAJO-18,white,2,8,36,NA,420,1,1,NA,N,0.0079,0.919,11.63291139,NA,NA,NA,NA,NA,NA,NA,869,45f58f45-b888-40c9-ac6b-8b369e82f1ee,NA,1,NA,NA,8/8/2024 18:00,e6d596d7-7b62-4270-9095-c803606c8a3f,8/12/2024 16:44,agoebl,8/12/2024 16:44,agoebl,3785,NA,36,ARFR4-SOS-AZ930-422-NAVAJO-18,#D53E4F,-110.431,36.56805,15 - 20 Deg. F. / 6 - 12,Lats corrected 20230127,15 - 20 Deg. F.,12-Jun,15 - 20 Deg. F. / 6 - 12,15 - 20 / semi-arid,AZ.2,#ee5c42,"semi-arid, warm",#D53E4F,B,NA,NA
ARFR-UT080-109-UINTAH-12,white,2,8,37,NA,421,1,1,NA,N,0.0045,0.592,13.15555556,NA,NA,NA,NA,NA,NA,NA,870,23f35cfd-5496-4562-be1a-63514a7f8c80,NA,1,NA,NA,8/8/2024 18:00,e6d596d7-7b62-4270-9095-c803606c8a3f,8/12/2024 16:44,agoebl,8/12/2024 16:44,agoebl,3786,NA,37,ARFR4-SOS-UT080-109-UINTAH-12,#aabe7f,-109.1426444,39.70802222,10 - 15 Deg. F. / 3 - 6,,10 - 15 Deg. F.,6-Mar,10 - 15 Deg. F. / 3 - 6,10 - 15 / semi-humid,UT.1,#66e566,"semi-humid, cool",#aabe7f,G,NA,NA
ARFR-WY050-49-FREMONT-12,white,2,8,38,NA,422,1,1,NA,N,0.0084,1.306,15.54761905,NA,NA,NA,NA,NA,NA,NA,871,dbfe787b-97aa-40c2-bbe5-031136718c50,NA,1,NA,NA,8/8/2024 18:00,e6d596d7-7b62-4270-9095-c803606c8a3f,8/12/2024 16:44,agoebl,8/12/2024 16:44,agoebl,3787,NA,38,ARFR4-SOS-WY050-49-FREMONT-12,#5E4FA2,-109.34775,43.42663611,5 - 10 Deg. F. / 6 - 12,,5 - 10 Deg. F.,12-Jun,5 - 10 Deg. F. / 6 - 12,5 - 10 / semi-arid,WY.3,#ffb90f,"semi-arid, cold",#5E4FA2,K,NA,NA
ARFR-CO932-316-JEFFERSON-12,white,2,8,39,NA,423,1,1,NA,N,0.0071,0.893,12.57746479,NA,NA,NA,NA,NA,NA,NA,872,24dcca06-652c-41d6-b381-23c52edb1e17,NA,1,NA,NA,8/8/2024 18:00,e6d596d7-7b62-4270-9095-c803606c8a3f,8/12/2024 16:44,agoebl,8/12/2024 16:44,agoebl,3788,NA,39,ARFR4-SOS-CO932-316-JEFFERSON-12,#FFFF85,-105.358,39.66325,15 - 20 Deg. F. / 3 - 6,,15 - 20 Deg. F.,6-Mar,15 - 20 Deg. F. / 3 - 6,15 - 20 / semi-humid,CO.3,#698b69,"semi-humid, warm",#FFFF85,F,NA,NA
ARFR-UT080-109-UINTAH-12,white,2,8,40,185,424,1,1,NA,N,0.0037,0.484,13.08108108,NA,NA,NA,NA,NA,NA,NA,873,8b011ccf-b095-4867-84c0-d4be5a271961,NA,1,NA,NA,8/8/2024 18:00,e6d596d7-7b62-4270-9095-c803606c8a3f,8/12/2024 16:44,agoebl,8/12/2024 16:44,agoebl,3789,NA,40,ARFR4-SOS-UT080-109-UINTAH-12,#aabe7f,-109.1426444,39.70802222,10 - 15 Deg. F. / 3 - 6,,10 - 15 Deg. F.,6-Mar,10 - 15 Deg. F. / 3 - 6,10 - 15 / semi-humid,UT.1,#66e566,"semi-humid, cool",#aabe7f,G,NA,NA
ARFR-AZ930-422-NAVAJO-18,white,2,8,41,NA,425,1,1,NA,N,0.0067,0.924,13.79104478,NA,NA,NA,NA,NA,NA,NA,874,0a8547d4-9b7d-4f3e-aba7-c4e9835e7de1,NA,1,NA,NA,8/8/2024 18:00,e6d596d7-7b62-4270-9095-c803606c8a3f,8/12/2024 16:44,agoebl,8/12/2024 16:44,agoebl,3790,NA,41,ARFR4-SOS-AZ930-422-NAVAJO-18,#D53E4F,-110.431,36.56805,15 - 20 Deg. F. / 6 - 12,Lats corrected 20230127,15 - 20 Deg. F.,12-Jun,15 - 20 Deg. F. / 6 - 12,15 - 20 / semi-arid,AZ.2,#ee5c42,"semi-arid, warm",#D53E4F,B,NA,NA
ARFR-CO932-294-11,white,2,8,42,NA,426,1,1,NA,N,0.012,1.736,14.46666667,NA,NA,NA,NA,NA,NA,NA,875,69744b21-cc5e-47b0-9900-6a7891db2e19,NA,1,NA,NA,8/8/2024 18:00,e6d596d7-7b62-4270-9095-c803606c8a3f,8/12/2024 16:44,agoebl,8/12/2024 16:44,agoebl,3791,NA,42,ARFR4-SOS-CO932-294-11,#ABDDA4,-105.2030833,39.78458333,15 - 20 Deg. F. / 3 - 6,,15 - 20 Deg. F.,6-Mar,15 - 20 Deg. F. / 3 - 6,15 - 20 / semi-humid,CO.4,#698b69,"semi-humid, warm",#ABDDA4,H,NA,NA
ARFR-AZ930-423-NAVAJO-18,white,2,8,43,NA,427,1,1,56.462,N,NA,NA,NA,no leaf collected,56.462,24.09,17.35,1.82,NA,Y,876,2be7465e-d435-4128-9e21-27a411dba019,NA,0,NA,NA,8/8/2024 18:00,e6d596d7-7b62-4270-9095-c803606c8a3f,8/12/2024 16:44,agoebl,8/12/2024 16:44,agoebl,3792,NA,43,ARFR4-SOS-AZ930-423-NAVAJO-18,#9E0142,-110.431,36.45877,15 - 20 Deg. F. / 6 - 12,SdZones downloaded 20230823,15 - 20 Deg. F.,12-Jun,15 - 20 Deg. F. / 6 - 12,15 - 20 / semi-arid,AZ.1,#ee5c42,"semi-arid, warm",#9E0142,A,NA,NA
ARFR-AZ930-422-NAVAJO-18,white,2,8,44,NA,428,1,1,NA,N,0.0037,0.507,13.7027027,NA,NA,NA,NA,NA,NA,NA,877,59289c12-9ba7-4e95-b2d7-1616c62decbf,NA,1,NA,NA,8/8/2024 18:00,e6d596d7-7b62-4270-9095-c803606c8a3f,8/12/2024 16:44,agoebl,8/12/2024 16:44,agoebl,3793,NA,44,ARFR4-SOS-AZ930-422-NAVAJO-18,#D53E4F,-110.431,36.56805,15 - 20 Deg. F. / 6 - 12,Lats corrected 20230127,15 - 20 Deg. F.,12-Jun,15 - 20 Deg. F. / 6 - 12,15 - 20 / semi-arid,AZ.2,#ee5c42,"semi-arid, warm",#D53E4F,B,NA,NA
ARFR-WY040-71-10,white,2,8,45,186,429,1,1,NA,N,0.0044,0.633,14.38636364,NA,NA,NA,NA,NA,NA,NA,878,b13758d5-474f-406f-bddb-1ec1f6adb86e,NA,1,NA,Dry,8/8/2024 18:00,e6d596d7-7b62-4270-9095-c803606c8a3f,8/12/2024 16:44,agoebl,8/12/2024 16:44,agoebl,3794,NA,45,ARFR4-SOS-WY040-71-10,#66C2A5,-109.2433156,41.13271889,5 - 10 Deg. F. / 3 - 6,,5 - 10 Deg. F.,6-Mar,5 - 10 Deg. F. / 3 - 6,5 - 10 / semi-humid,WY.1,#a5c2f1,"semi-humid, cold",#66C2A5,I,NA,NA
ARFR-AZ930-422-NAVAJO-18,white,2,8,46,NA,430,1,1,NA,N,NA,NA,NA,no leaf collected,NA,NA,NA,NA,NA,NA,879,5507d73d-472b-4e7e-8821-08038274d8d6,NA,1,NA,Dry,8/8/2024 18:00,e6d596d7-7b62-4270-9095-c803606c8a3f,8/12/2024 16:44,agoebl,8/12/2024 16:44,agoebl,3795,NA,46,ARFR4-SOS-AZ930-422-NAVAJO-18,#D53E4F,-110.431,36.56805,15 - 20 Deg. F. / 6 - 12,Lats corrected 20230127,15 - 20 Deg. F.,12-Jun,15 - 20 Deg. F. / 6 - 12,15 - 20 / semi-arid,AZ.2,#ee5c42,"semi-arid, warm",#D53E4F,B,NA,NA
ARFR-CO932-316-JEFFERSON-12,white,2,8,47,NA,431,1,1,NA,N,0.0043,0.628,14.60465116,NA,NA,NA,NA,NA,NA,NA,880,bcfe4b79-b955-46b3-ad95-33e9712f75a0,NA,1,NA,NA,8/8/2024 18:00,e6d596d7-7b62-4270-9095-c803606c8a3f,8/12/2024 16:44,agoebl,8/12/2024 16:44,agoebl,3796,NA,47,ARFR4-SOS-CO932-316-JEFFERSON-12,#FFFF85,-105.358,39.66325,15 - 20 Deg. F. / 3 - 6,,15 - 20 Deg. F.,6-Mar,15 - 20 Deg. F. / 3 - 6,15 - 20 / semi-humid,CO.3,#698b69,"semi-humid, warm",#FFFF85,F,NA,NA
ARFR-NM930N-66-11,white,2,8,48,NA,432,1,1,NA,N,0.0057,0.717,12.57894737,NA,NA,NA,NA,NA,NA,NA,881,54927042-ea5b-423f-91df-d28a55fb2738,NA,1,NA,NA,8/8/2024 18:00,e6d596d7-7b62-4270-9095-c803606c8a3f,8/12/2024 16:44,agoebl,8/12/2024 16:44,agoebl,3797,NA,48,ARFR4-SOS-NM930N-66-11,#F46D43,-107.2045028,36.76818611,10 - 15 Deg. F. / 3 - 6,,10 - 15 Deg. F.,6-Mar,10 - 15 Deg. F. / 3 - 6,10 - 15 / semi-humid,NM.1,#66e566,"semi-humid, cool",#F46D43,C,NA,NA
ARFR-CO932-314-JEFFERSON-12,white,2,8,49,NA,433,1,1,NA,N,0.0024,0.417,17.375,NA,NA,NA,NA,NA,NA,NA,882,759feccf-58b9-4e43-b264-1bb042792d6a,NA,1,NA,Dry,8/8/2024 18:00,e6d596d7-7b62-4270-9095-c803606c8a3f,8/12/2024 16:44,agoebl,8/12/2024 16:44,agoebl,3798,NA,49,ARFR4-SOS-CO932-314-JEFFERSON-12,#FEE08B,-105.3553333,39.40902778,10 - 15 Deg. F. / 3 - 6,,10 - 15 Deg. F.,6-Mar,10 - 15 Deg. F. / 3 - 6,10 - 15 / semi-humid,CO.2,#66e566,"semi-humid, cool",#FEE08B,E,NA,NA
ARFR-WY050-49-FREMONT-12,white,2,8,50,187,434,1,1,NA,N,0.0076,1.038,13.65789474,NA,NA,NA,NA,NA,NA,NA,883,c9cfc75f-8b3e-453a-8520-05cd03ff98c4,NA,1,NA,NA,8/8/2024 18:00,e6d596d7-7b62-4270-9095-c803606c8a3f,8/12/2024 16:44,agoebl,8/12/2024 16:44,agoebl,3799,NA,50,ARFR4-SOS-WY050-49-FREMONT-12,#5E4FA2,-109.34775,43.42663611,5 - 10 Deg. F. / 6 - 12,,5 - 10 Deg. F.,12-Jun,5 - 10 Deg. F. / 6 - 12,5 - 10 / semi-arid,WY.3,#ffb90f,"semi-arid, cold",#5E4FA2,K,NA,NA
ARFR-NM930N-66-11,white,2,8,51,NA,435,1,1,NA,N,0.0075,0.887,11.82666667,NA,NA,NA,NA,NA,NA,NA,884,5b427408-9cce-46f6-8d2b-7e7da8ec10ec,NA,1,NA,NA,8/8/2024 18:00,e6d596d7-7b62-4270-9095-c803606c8a3f,8/12/2024 16:44,agoebl,8/12/2024 16:44,agoebl,3800,NA,51,ARFR4-SOS-NM930N-66-11,#F46D43,-107.2045028,36.76818611,10 - 15 Deg. F. / 3 - 6,,10 - 15 Deg. F.,6-Mar,10 - 15 Deg. F. / 3 - 6,10 - 15 / semi-humid,NM.1,#66e566,"semi-humid, cool",#F46D43,C,NA,NA
ARFR-CO932-294-11,white,2,8,52,NA,436,1,1,NA,Y,0.0087,1.075,12.35632184,NA,NA,NA,NA,NA,NA,NA,885,b7cd2653-8f6c-42ea-acae-659951662a43,NA,1,NA,NA,8/8/2024 18:00,e6d596d7-7b62-4270-9095-c803606c8a3f,8/12/2024 16:44,agoebl,8/12/2024 16:44,agoebl,3801,NA,52,ARFR4-SOS-CO932-294-11,#ABDDA4,-105.2030833,39.78458333,15 - 20 Deg. F. / 3 - 6,,15 - 20 Deg. F.,6-Mar,15 - 20 Deg. F. / 3 - 6,15 - 20 / semi-humid,CO.4,#698b69,"semi-humid, warm",#ABDDA4,H,NA,NA
ARFR-NM930N-66-11,white,2,8,53,NA,437,1,1,NA,N,NA,NA,NA,no leaf collected,NA,NA,NA,NA,NA,NA,886,f29ca39e-14ba-410c-adf9-a5b294fef65f,NA,1,NA,NA,8/8/2024 18:00,e6d596d7-7b62-4270-9095-c803606c8a3f,8/12/2024 16:44,agoebl,8/12/2024 16:44,agoebl,3802,NA,53,ARFR4-SOS-NM930N-66-11,#F46D43,-107.2045028,36.76818611,10 - 15 Deg. F. / 3 - 6,,10 - 15 Deg. F.,6-Mar,10 - 15 Deg. F. / 3 - 6,10 - 15 / semi-humid,NM.1,#66e566,"semi-humid, cool",#F46D43,C,NA,NA
ARFR-AZ930-422-NAVAJO-18,white,2,8,54,NA,438,1,1,NA,N,0.0043,0.657,15.27906977,NA,NA,NA,NA,NA,NA,NA,887,63d862a0-e8e0-47ab-b6aa-4df7b100f9f7,NA,1,NA,NA,8/8/2024 18:00,e6d596d7-7b62-4270-9095-c803606c8a3f,8/12/2024 16:44,agoebl,8/12/2024 16:44,agoebl,3803,NA,54,ARFR4-SOS-AZ930-422-NAVAJO-18,#D53E4F,-110.431,36.56805,15 - 20 Deg. F. / 6 - 12,Lats corrected 20230127,15 - 20 Deg. F.,12-Jun,15 - 20 Deg. F. / 6 - 12,15 - 20 / semi-arid,AZ.2,#ee5c42,"semi-arid, warm",#D53E4F,B,NA,NA
ARFR-AZ930-423-NAVAJO-18,black,3,9,1,189,439,1,1,NA,Y,NA,NA,NA,no leaf collected,NA,NA,NA,NA,NA,NA,67,8713c33d-3032-4e67-bdc3-549b055832e0,NA,1,NA,NA,8/8/2024 18:00,5f3e3c70-a878-47a9-98e8-62a2f03d0553,8/8/2024 21:43,agoebl,8/8/2024 21:43,agoebl,3804,NA,1,ARFR4-SOS-AZ930-423-NAVAJO-18,#9E0142,-110.431,36.45877,15 - 20 Deg. F. / 6 - 12,SdZones downloaded 20230823,15 - 20 Deg. F.,12-Jun,15 - 20 Deg. F. / 6 - 12,15 - 20 / semi-arid,AZ.1,#ee5c42,"semi-arid, warm",#9E0142,A,NA,NA
ARFR-CO932-294-11,black,3,9,2,NA,440,1,1,NA,N,NA,NA,NA,NA,NA,NA,NA,NA,NA,NA,68,9b8a2a8f-0ebd-40c2-8fef-61d7f37d3be4,NA,1,NA,NA,8/8/2024 18:00,5f3e3c70-a878-47a9-98e8-62a2f03d0553,8/8/2024 21:43,agoebl,8/8/2024 21:43,agoebl,3805,NA,2,ARFR4-SOS-CO932-294-11,#ABDDA4,-105.2030833,39.78458333,15 - 20 Deg. F. / 3 - 6,,15 - 20 Deg. F.,6-Mar,15 - 20 Deg. F. / 3 - 6,15 - 20 / semi-humid,CO.4,#698b69,"semi-humid, warm",#ABDDA4,H,NA,NA
ARFR-UT080-109-UINTAH-12,black,3,9,3,NA,441,1,1,12.582,N,NA,NA,NA,NA,12.582,1.666,0.88,0.22,Weighed with Mettler Toledo,Y,69,2d029bd6-b61b-4ae2-899a-f56ac4ed1325,NA,1,NA,"Small, dry",8/8/2024 18:00,5f3e3c70-a878-47a9-98e8-62a2f03d0553,8/8/2024 21:43,agoebl,8/8/2024 21:43,agoebl,3806,NA,3,ARFR4-SOS-UT080-109-UINTAH-12,#aabe7f,-109.1426444,39.70802222,10 - 15 Deg. F. / 3 - 6,,10 - 15 Deg. F.,6-Mar,10 - 15 Deg. F. / 3 - 6,10 - 15 / semi-humid,UT.1,#66e566,"semi-humid, cool",#aabe7f,G,NA,NA
ARFR-AZ930-422-NAVAJO-18,black,3,9,4,NA,442,1,1,NA,N,NA,NA,NA,NA,NA,NA,NA,NA,NA,NA,70,4f5ac332-d0ce-40e6-a34e-c1928f87b1d3,NA,1,NA,NA,8/8/2024 18:00,5f3e3c70-a878-47a9-98e8-62a2f03d0553,8/8/2024 21:43,agoebl,8/8/2024 21:43,agoebl,3807,NA,4,ARFR4-SOS-AZ930-422-NAVAJO-18,#D53E4F,-110.431,36.56805,15 - 20 Deg. F. / 6 - 12,Lats corrected 20230127,15 - 20 Deg. F.,12-Jun,15 - 20 Deg. F. / 6 - 12,15 - 20 / semi-arid,AZ.2,#ee5c42,"semi-arid, warm",#D53E4F,B,NA,NA
ARFR-UT080-109-UINTAH-12,black,3,9,5,190,443,1,1,NA,N,NA,NA,NA,NA,NA,NA,NA,NA,NA,NA,71,76908cc6-c09e-454b-a3e7-9558e88e3794,NA,1,NA,NA,8/8/2024 18:00,5f3e3c70-a878-47a9-98e8-62a2f03d0553,8/8/2024 21:43,agoebl,8/8/2024 21:43,agoebl,3808,NA,5,ARFR4-SOS-UT080-109-UINTAH-12,#aabe7f,-109.1426444,39.70802222,10 - 15 Deg. F. / 3 - 6,,10 - 15 Deg. F.,6-Mar,10 - 15 Deg. F. / 3 - 6,10 - 15 / semi-humid,UT.1,#66e566,"semi-humid, cool",#aabe7f,G,NA,NA
ARFR-AZ930-423-NAVAJO-18,black,3,9,6,NA,444,1,1,NA,N,NA,NA,NA,NA,NA,NA,NA,NA,NA,NA,72,404426e5-878d-4415-a3a9-3b391c20ff7d,NA,1,NA,NA,8/8/2024 18:00,5f3e3c70-a878-47a9-98e8-62a2f03d0553,8/8/2024 21:43,agoebl,8/8/2024 21:43,agoebl,3809,NA,6,ARFR4-SOS-AZ930-423-NAVAJO-18,#9E0142,-110.431,36.45877,15 - 20 Deg. F. / 6 - 12,SdZones downloaded 20230823,15 - 20 Deg. F.,12-Jun,15 - 20 Deg. F. / 6 - 12,15 - 20 / semi-arid,AZ.1,#ee5c42,"semi-arid, warm",#9E0142,A,NA,NA
ARFR-AZ930-422-NAVAJO-18,black,3,9,7,NA,445,1,1,NA,N,NA,NA,NA,NA,NA,NA,NA,NA,NA,NA,73,616e886e-7e36-4d77-95fe-a986c88011ea,NA,1,NA,NA,8/8/2024 18:00,5f3e3c70-a878-47a9-98e8-62a2f03d0553,8/8/2024 21:43,agoebl,8/8/2024 21:43,agoebl,3810,NA,7,ARFR4-SOS-AZ930-422-NAVAJO-18,#D53E4F,-110.431,36.56805,15 - 20 Deg. F. / 6 - 12,Lats corrected 20230127,15 - 20 Deg. F.,12-Jun,15 - 20 Deg. F. / 6 - 12,15 - 20 / semi-arid,AZ.2,#ee5c42,"semi-arid, warm",#D53E4F,B,NA,NA
ARFR-WY040-71-10,black,3,9,8,NA,446,1,1,NA,N,NA,NA,NA,NA,NA,NA,NA,NA,NA,NA,74,c323ad4c-f2b1-4a46-9027-f78d86d50b9b,NA,1,NA,"New recruits nearby, possible original alive.",8/8/2024 18:00,5f3e3c70-a878-47a9-98e8-62a2f03d0553,8/8/2024 21:43,agoebl,8/8/2024 21:43,agoebl,3811,NA,8,ARFR4-SOS-WY040-71-10,#66C2A5,-109.2433156,41.13271889,5 - 10 Deg. F. / 3 - 6,,5 - 10 Deg. F.,6-Mar,5 - 10 Deg. F. / 3 - 6,5 - 10 / semi-humid,WY.1,#a5c2f1,"semi-humid, cold",#66C2A5,I,NA,NA
ARFR-AZ930-422-NAVAJO-18,black,3,9,9,NA,447,1,1,NA,N,NA,NA,NA,NA,NA,NA,NA,NA,NA,NA,75,cafd1499-c0f5-47a4-8f99-8b9d47bdc103,NA,1,NA,NA,8/8/2024 18:00,5f3e3c70-a878-47a9-98e8-62a2f03d0553,8/8/2024 21:43,agoebl,8/8/2024 21:43,agoebl,3812,NA,9,ARFR4-SOS-AZ930-422-NAVAJO-18,#D53E4F,-110.431,36.56805,15 - 20 Deg. F. / 6 - 12,Lats corrected 20230127,15 - 20 Deg. F.,12-Jun,15 - 20 Deg. F. / 6 - 12,15 - 20 / semi-arid,AZ.2,#ee5c42,"semi-arid, warm",#D53E4F,B,NA,NA
ARFR-WY040-71-10,black,3,9,10,191,448,1,1,NA,N,NA,NA,NA,NA,NA,NA,NA,NA,NA,NA,76,a78c0a84-dd63-4e96-b0da-d0fa43b9d81f,NA,0,NA,Recent mortality,8/8/2024 18:00,5f3e3c70-a878-47a9-98e8-62a2f03d0553,8/8/2024 21:43,agoebl,8/8/2024 21:43,agoebl,3813,NA,10,ARFR4-SOS-WY040-71-10,#66C2A5,-109.2433156,41.13271889,5 - 10 Deg. F. / 3 - 6,,5 - 10 Deg. F.,6-Mar,5 - 10 Deg. F. / 3 - 6,5 - 10 / semi-humid,WY.1,#a5c2f1,"semi-humid, cold",#66C2A5,I,NA,NA
ARFR-UT080-109-UINTAH-12,black,3,9,11,NA,449,1,1,NA,N,NA,NA,NA,NA,NA,NA,NA,NA,NA,NA,77,6893a549-f7f9-41b1-afd8-f70a018e8012,NA,1,NA,NA,8/8/2024 18:00,5f3e3c70-a878-47a9-98e8-62a2f03d0553,8/8/2024 21:43,agoebl,8/8/2024 21:43,agoebl,3814,NA,11,ARFR4-SOS-UT080-109-UINTAH-12,#aabe7f,-109.1426444,39.70802222,10 - 15 Deg. F. / 3 - 6,,10 - 15 Deg. F.,6-Mar,10 - 15 Deg. F. / 3 - 6,10 - 15 / semi-humid,UT.1,#66e566,"semi-humid, cool",#aabe7f,G,NA,NA
ARFR-WY040-71-10,black,3,9,12,NA,450,1,1,NA,N,NA,NA,NA,NA,NA,NA,NA,NA,NA,NA,78,9c03efa5-5f6e-4401-ba52-29d16641ed2b,NA,1,NA,"Very dry, small",8/8/2024 18:00,5f3e3c70-a878-47a9-98e8-62a2f03d0553,8/8/2024 21:43,agoebl,8/8/2024 21:43,agoebl,3815,NA,12,ARFR4-SOS-WY040-71-10,#66C2A5,-109.2433156,41.13271889,5 - 10 Deg. F. / 3 - 6,,5 - 10 Deg. F.,6-Mar,5 - 10 Deg. F. / 3 - 6,5 - 10 / semi-humid,WY.1,#a5c2f1,"semi-humid, cold",#66C2A5,I,NA,NA
ARFR-UT080-109-UINTAH-12,black,3,9,13,NA,451,1,1,122.952,N,NA,NA,NA,NA,122.952,52.35,39.87,5.29,NA,Y,79,09c80f16-8486-435d-ae5d-51a93e46785c,NA,NA,NA,H,8/8/2024 18:00,5f3e3c70-a878-47a9-98e8-62a2f03d0553,8/8/2024 21:43,agoebl,8/8/2024 21:43,agoebl,3816,NA,13,ARFR4-SOS-UT080-109-UINTAH-12,#aabe7f,-109.1426444,39.70802222,10 - 15 Deg. F. / 3 - 6,,10 - 15 Deg. F.,6-Mar,10 - 15 Deg. F. / 3 - 6,10 - 15 / semi-humid,UT.1,#66e566,"semi-humid, cool",#aabe7f,G,NA,NA
ARFR-AZ930-423-NAVAJO-18,black,3,9,14,NA,452,1,1,NA,N,NA,NA,NA,NA,NA,NA,NA,NA,NA,NA,80,be35556d-4fd3-4a0f-9e71-25fe281d0287,NA,1,NA,NA,8/8/2024 18:00,5f3e3c70-a878-47a9-98e8-62a2f03d0553,8/8/2024 21:43,agoebl,8/8/2024 21:43,agoebl,3817,NA,14,ARFR4-SOS-AZ930-423-NAVAJO-18,#9E0142,-110.431,36.45877,15 - 20 Deg. F. / 6 - 12,SdZones downloaded 20230823,15 - 20 Deg. F.,12-Jun,15 - 20 Deg. F. / 6 - 12,15 - 20 / semi-arid,AZ.1,#ee5c42,"semi-arid, warm",#9E0142,A,NA,NA
ARFR-WY930-44-LASANIMAS-13,black,3,9,15,192,453,1,1,NA,N,NA,NA,NA,NA,NA,NA,NA,NA,NA,NA,81,de32d09a-0cca-437c-a6e1-3852c91bc5f7,NA,1,NA,NA,8/8/2024 18:00,5f3e3c70-a878-47a9-98e8-62a2f03d0553,8/8/2024 21:43,agoebl,8/8/2024 21:43,agoebl,3818,NA,15,ARFR4-SOS-WY930-44-LASANIMAS-13,#FDAE61,-104.6423889,37.16547222,15 - 20 Deg. F. / 3 - 6,,15 - 20 Deg. F.,6-Mar,15 - 20 Deg. F. / 3 - 6,15 - 20 / semi-humid,CO.1,#698b69,"semi-humid, warm",#FDAE61,D,NA,NA
ARFR-UT080-109-UINTAH-12,black,3,9,16,NA,454,1,1,NA,N,NA,NA,NA,NA,NA,NA,NA,NA,NA,NA,82,56fddab9-fa01-41b5-b57a-d6b2bbffbf46,NA,1,NA,NA,8/8/2024 18:00,5f3e3c70-a878-47a9-98e8-62a2f03d0553,8/8/2024 21:43,agoebl,8/8/2024 21:43,agoebl,3819,NA,16,ARFR4-SOS-UT080-109-UINTAH-12,#aabe7f,-109.1426444,39.70802222,10 - 15 Deg. F. / 3 - 6,,10 - 15 Deg. F.,6-Mar,10 - 15 Deg. F. / 3 - 6,10 - 15 / semi-humid,UT.1,#66e566,"semi-humid, cool",#aabe7f,G,NA,NA
ARFR-WY040-71-10,black,3,9,17,NA,455,1,1,NA,N,NA,NA,NA,NA,NA,NA,NA,NA,NA,NA,83,7ba7a9ff-7918-4655-b4f1-9357ef86e721,NA,1,NA,"Very dry, close to death?",8/8/2024 18:00,5f3e3c70-a878-47a9-98e8-62a2f03d0553,8/8/2024 21:43,agoebl,8/8/2024 21:43,agoebl,3820,NA,17,ARFR4-SOS-WY040-71-10,#66C2A5,-109.2433156,41.13271889,5 - 10 Deg. F. / 3 - 6,,5 - 10 Deg. F.,6-Mar,5 - 10 Deg. F. / 3 - 6,5 - 10 / semi-humid,WY.1,#a5c2f1,"semi-humid, cold",#66C2A5,I,NA,NA
ARFR-CO932-294-11,black,3,9,18,NA,456,1,1,NA,N,NA,NA,NA,NA,NA,NA,NA,NA,NA,NA,84,097b3e5e-3cf5-479f-9ccc-3e7eafa02b5b,NA,1,NA,NA,8/8/2024 18:00,5f3e3c70-a878-47a9-98e8-62a2f03d0553,8/8/2024 21:43,agoebl,8/8/2024 21:43,agoebl,3821,NA,18,ARFR4-SOS-CO932-294-11,#ABDDA4,-105.2030833,39.78458333,15 - 20 Deg. F. / 3 - 6,,15 - 20 Deg. F.,6-Mar,15 - 20 Deg. F. / 3 - 6,15 - 20 / semi-humid,CO.4,#698b69,"semi-humid, warm",#ABDDA4,H,NA,NA
ARFR-CO932-294-11,black,3,9,19,NA,457,1,1,NA,N,NA,NA,NA,NA,NA,NA,NA,NA,NA,NA,85,fb4ba6d4-45f5-4a6f-812a-dd92b4f68d47,NA,1,NA,NA,8/8/2024 18:00,5f3e3c70-a878-47a9-98e8-62a2f03d0553,8/8/2024 21:43,agoebl,8/8/2024 21:43,agoebl,3822,NA,19,ARFR4-SOS-CO932-294-11,#ABDDA4,-105.2030833,39.78458333,15 - 20 Deg. F. / 3 - 6,,15 - 20 Deg. F.,6-Mar,15 - 20 Deg. F. / 3 - 6,15 - 20 / semi-humid,CO.4,#698b69,"semi-humid, warm",#ABDDA4,H,NA,NA
ARFR-UT080-109-UINTAH-12,black,3,9,20,193,458,1,1,NA,N,NA,NA,NA,NA,NA,NA,NA,NA,NA,NA,86,b71d44c7-dc15-4b19-a0f4-a215dddef291,NA,1,NA,NA,8/8/2024 18:00,5f3e3c70-a878-47a9-98e8-62a2f03d0553,8/8/2024 21:43,agoebl,8/8/2024 21:43,agoebl,3823,NA,20,ARFR4-SOS-UT080-109-UINTAH-12,#aabe7f,-109.1426444,39.70802222,10 - 15 Deg. F. / 3 - 6,,10 - 15 Deg. F.,6-Mar,10 - 15 Deg. F. / 3 - 6,10 - 15 / semi-humid,UT.1,#66e566,"semi-humid, cool",#aabe7f,G,NA,NA
ARFR-CO932-316-JEFFERSON-12,black,3,9,21,NA,459,1,1,NA,Y,0.009,1.046,11.62222222,NA,NA,NA,NA,NA,NA,NA,87,d7a345a2-0305-42f2-b395-dbee3488103c,NA,1,NA,NA,8/8/2024 18:00,5f3e3c70-a878-47a9-98e8-62a2f03d0553,8/8/2024 21:43,agoebl,8/8/2024 21:43,agoebl,3824,NA,21,ARFR4-SOS-CO932-316-JEFFERSON-12,#FFFF85,-105.358,39.66325,15 - 20 Deg. F. / 3 - 6,,15 - 20 Deg. F.,6-Mar,15 - 20 Deg. F. / 3 - 6,15 - 20 / semi-humid,CO.3,#698b69,"semi-humid, warm",#FFFF85,F,NA,NA
ARFR-NM930N-66-11,black,3,9,22,NA,460,1,1,NA,N,NA,NA,NA,NA,NA,NA,NA,NA,NA,NA,88,3c0381ca-352e-4b2d-a9d1-53bd201d229f,NA,1,NA,NA,8/8/2024 18:00,5f3e3c70-a878-47a9-98e8-62a2f03d0553,8/8/2024 21:43,agoebl,8/8/2024 21:43,agoebl,3825,NA,22,ARFR4-SOS-NM930N-66-11,#F46D43,-107.2045028,36.76818611,10 - 15 Deg. F. / 3 - 6,,10 - 15 Deg. F.,6-Mar,10 - 15 Deg. F. / 3 - 6,10 - 15 / semi-humid,NM.1,#66e566,"semi-humid, cool",#F46D43,C,NA,NA
ARFR-AZ930-423-NAVAJO-18,black,3,9,23,NA,461,1,1,NA,N,NA,NA,NA,NA,NA,NA,NA,NA,NA,NA,89,58c85e1c-ecae-45cc-b81f-50dc1059d70c,NA,1,NA,Dry,8/8/2024 18:00,5f3e3c70-a878-47a9-98e8-62a2f03d0553,8/8/2024 21:43,agoebl,8/8/2024 21:43,agoebl,3826,NA,23,ARFR4-SOS-AZ930-423-NAVAJO-18,#9E0142,-110.431,36.45877,15 - 20 Deg. F. / 6 - 12,SdZones downloaded 20230823,15 - 20 Deg. F.,12-Jun,15 - 20 Deg. F. / 6 - 12,15 - 20 / semi-arid,AZ.1,#ee5c42,"semi-arid, warm",#9E0142,A,NA,NA
ARFR-CO932-294-11,black,3,9,24,NA,462,1,1,49.162,N,NA,NA,NA,NA,49.162,5.63,3.77,0.49,NA,Y,90,44f72504-53a9-415b-b24b-51db67f6142a,NA,NA,NA,H,8/8/2024 18:00,5f3e3c70-a878-47a9-98e8-62a2f03d0553,8/8/2024 21:43,agoebl,8/8/2024 21:43,agoebl,3827,NA,24,ARFR4-SOS-CO932-294-11,#ABDDA4,-105.2030833,39.78458333,15 - 20 Deg. F. / 3 - 6,,15 - 20 Deg. F.,6-Mar,15 - 20 Deg. F. / 3 - 6,15 - 20 / semi-humid,CO.4,#698b69,"semi-humid, warm",#ABDDA4,H,NA,NA
ARFR-AZ930-422-NAVAJO-18,black,3,9,25,194,463,1,1,NA,N,NA,NA,NA,NA,NA,NA,NA,NA,NA,NA,91,ac206d57-3f03-4940-80f9-570aad0691d0,NA,1,NA,"Dry, Nearly dead?",8/8/2024 18:00,5f3e3c70-a878-47a9-98e8-62a2f03d0553,8/8/2024 21:43,agoebl,8/8/2024 21:43,agoebl,3828,NA,25,ARFR4-SOS-AZ930-422-NAVAJO-18,#D53E4F,-110.431,36.56805,15 - 20 Deg. F. / 6 - 12,Lats corrected 20230127,15 - 20 Deg. F.,12-Jun,15 - 20 Deg. F. / 6 - 12,15 - 20 / semi-arid,AZ.2,#ee5c42,"semi-arid, warm",#D53E4F,B,NA,NA
ARFR-WY930-44-LASANIMAS-13,black,3,9,26,NA,464,1,1,NA,N,NA,NA,NA,NA,NA,NA,NA,NA,NA,NA,92,2ca11665-2697-4c09-8346-268037627b9d,NA,1,NA,NA,8/8/2024 18:00,5f3e3c70-a878-47a9-98e8-62a2f03d0553,8/8/2024 21:43,agoebl,8/8/2024 21:43,agoebl,3829,NA,26,ARFR4-SOS-WY930-44-LASANIMAS-13,#FDAE61,-104.6423889,37.16547222,15 - 20 Deg. F. / 3 - 6,,15 - 20 Deg. F.,6-Mar,15 - 20 Deg. F. / 3 - 6,15 - 20 / semi-humid,CO.1,#698b69,"semi-humid, warm",#FDAE61,D,NA,NA
ARFR-AZ930-422-NAVAJO-18,black,3,9,27,NA,465,1,1,NA,N,NA,NA,NA,NA,NA,NA,NA,NA,NA,NA,93,7463e41d-3ebe-4e28-9729-576972546a50,NA,1,NA,"Dry, nearly dead",8/8/2024 18:00,5f3e3c70-a878-47a9-98e8-62a2f03d0553,8/8/2024 21:43,agoebl,8/8/2024 21:43,agoebl,3830,NA,27,ARFR4-SOS-AZ930-422-NAVAJO-18,#D53E4F,-110.431,36.56805,15 - 20 Deg. F. / 6 - 12,Lats corrected 20230127,15 - 20 Deg. F.,12-Jun,15 - 20 Deg. F. / 6 - 12,15 - 20 / semi-arid,AZ.2,#ee5c42,"semi-arid, warm",#D53E4F,B,NA,NA
ARFR-WY050-151-FREMONT-16,black,3,9,28,NA,466,1,1,29.512,N,NA,NA,NA,NA,29.512,0.19,0.07,NA,"Heads/chaff combined, weighed with Mettler Toledo ",Y,94,74da460c-3ba8-465c-969b-09ce9a2a387e,NA,NA,NA,H,8/8/2024 18:00,5f3e3c70-a878-47a9-98e8-62a2f03d0553,8/8/2024 21:43,agoebl,8/8/2024 21:43,agoebl,3831,NA,28,ARFR4-SOS-WY050-151-FREMONT-16,#3288BD,-108.1704472,42.47886111,10 - 15 Deg. F. / 6 - 12,,10 - 15 Deg. F.,12-Jun,10 - 15 Deg. F. / 6 - 12,10 - 15 / semi-arid,WY.2,#cd8500,"semi-arid, cool",#3288BD,J,NA,NA
ARFR-WY930-44-LASANIMAS-13,black,3,9,29,NA,467,1,1,NA,N,NA,NA,NA,NA,NA,NA,NA,NA,NA,NA,95,dc82aadf-0bc8-4245-9ff3-7e5c02eb0213,NA,1,NA,NA,8/8/2024 18:00,5f3e3c70-a878-47a9-98e8-62a2f03d0553,8/8/2024 21:43,agoebl,8/8/2024 21:43,agoebl,3832,NA,29,ARFR4-SOS-WY930-44-LASANIMAS-13,#FDAE61,-104.6423889,37.16547222,15 - 20 Deg. F. / 3 - 6,,15 - 20 Deg. F.,6-Mar,15 - 20 Deg. F. / 3 - 6,15 - 20 / semi-humid,CO.1,#698b69,"semi-humid, warm",#FDAE61,D,NA,NA
ARFR-CO932-314-JEFFERSON-12,black,3,9,30,195,468,1,1,NA,N,NA,NA,NA,NA,NA,NA,NA,NA,NA,NA,96,20e58699-c6c5-45c4-98ad-b5fd71579e86,NA,1,NA,NA,8/8/2024 18:00,5f3e3c70-a878-47a9-98e8-62a2f03d0553,8/8/2024 21:43,agoebl,8/8/2024 21:43,agoebl,3833,NA,30,ARFR4-SOS-CO932-314-JEFFERSON-12,#FEE08B,-105.3553333,39.40902778,10 - 15 Deg. F. / 3 - 6,,10 - 15 Deg. F.,6-Mar,10 - 15 Deg. F. / 3 - 6,10 - 15 / semi-humid,CO.2,#66e566,"semi-humid, cool",#FEE08B,E,NA,NA
ARFR-WY040-71-10,black,3,9,31,NA,469,1,1,NA,N,NA,NA,NA,NA,NA,NA,NA,NA,NA,NA,97,1e1f1f82-e947-4f53-94a2-38ca8c7a2324,NA,1,NA,"Dry, nearly dead",8/8/2024 18:00,5f3e3c70-a878-47a9-98e8-62a2f03d0553,8/8/2024 21:43,agoebl,8/8/2024 21:43,agoebl,3834,NA,31,ARFR4-SOS-WY040-71-10,#66C2A5,-109.2433156,41.13271889,5 - 10 Deg. F. / 3 - 6,,5 - 10 Deg. F.,6-Mar,5 - 10 Deg. F. / 3 - 6,5 - 10 / semi-humid,WY.1,#a5c2f1,"semi-humid, cold",#66C2A5,I,NA,NA
ARFR-AZ930-423-NAVAJO-18,black,3,9,32,NA,470,1,1,75.762,N,NA,NA,NA,NA,75.762,32.41,19.81,3.73,NA,Y,98,bcda6be4-a49e-4d4e-8e79-82c3ced5a3ba,NA,NA,NA,H,8/8/2024 18:00,5f3e3c70-a878-47a9-98e8-62a2f03d0553,8/8/2024 21:43,agoebl,8/8/2024 21:43,agoebl,3835,NA,32,ARFR4-SOS-AZ930-423-NAVAJO-18,#9E0142,-110.431,36.45877,15 - 20 Deg. F. / 6 - 12,SdZones downloaded 20230823,15 - 20 Deg. F.,12-Jun,15 - 20 Deg. F. / 6 - 12,15 - 20 / semi-arid,AZ.1,#ee5c42,"semi-arid, warm",#9E0142,A,NA,NA
ARFR-AZ930-423-NAVAJO-18,black,3,9,33,NA,471,1,1,NA,N,NA,NA,NA,NA,NA,NA,NA,NA,NA,NA,99,bf30248f-4b61-43fb-8c35-e28be243bce7,NA,1,NA,NA,8/8/2024 18:00,5f3e3c70-a878-47a9-98e8-62a2f03d0553,8/8/2024 21:43,agoebl,8/8/2024 21:43,agoebl,3836,NA,33,ARFR4-SOS-AZ930-423-NAVAJO-18,#9E0142,-110.431,36.45877,15 - 20 Deg. F. / 6 - 12,SdZones downloaded 20230823,15 - 20 Deg. F.,12-Jun,15 - 20 Deg. F. / 6 - 12,15 - 20 / semi-arid,AZ.1,#ee5c42,"semi-arid, warm",#9E0142,A,NA,NA
ARFR-CO932-314-JEFFERSON-12,black,3,9,34,NA,472,1,1,NA,N,NA,NA,NA,NA,NA,NA,NA,NA,NA,NA,100,407bf9f8-22f3-46c2-a293-2c7e4ad4444c,NA,1,NA,NA,8/8/2024 18:00,5f3e3c70-a878-47a9-98e8-62a2f03d0553,8/8/2024 21:43,agoebl,8/8/2024 21:43,agoebl,3837,NA,34,ARFR4-SOS-CO932-314-JEFFERSON-12,#FEE08B,-105.3553333,39.40902778,10 - 15 Deg. F. / 3 - 6,,10 - 15 Deg. F.,6-Mar,10 - 15 Deg. F. / 3 - 6,10 - 15 / semi-humid,CO.2,#66e566,"semi-humid, cool",#FEE08B,E,NA,NA
ARFR-WY930-44-LASANIMAS-13,black,3,9,35,196,473,1,1,194.183156,N,NA,NA,NA,NA,194.183156,90.38,56.49,2.92,NA,Y,101,c16d1689-dc03-40a7-871d-60d069eb92f3,NA,NA,NA,H,8/8/2024 18:00,5f3e3c70-a878-47a9-98e8-62a2f03d0553,8/8/2024 21:43,agoebl,8/8/2024 21:43,agoebl,3838,NA,35,ARFR4-SOS-WY930-44-LASANIMAS-13,#FDAE61,-104.6423889,37.16547222,15 - 20 Deg. F. / 3 - 6,,15 - 20 Deg. F.,6-Mar,15 - 20 Deg. F. / 3 - 6,15 - 20 / semi-humid,CO.1,#698b69,"semi-humid, warm",#FDAE61,D,NA,NA
ARFR-NM930N-66-11,black,3,9,36,NA,474,1,1,NA,N,NA,NA,NA,NA,NA,NA,NA,NA,NA,NA,102,039f4028-d279-460c-bd9a-009c591b5bc4,NA,1,NA,NA,8/8/2024 18:00,5f3e3c70-a878-47a9-98e8-62a2f03d0553,8/8/2024 21:43,agoebl,8/8/2024 21:43,agoebl,3839,NA,36,ARFR4-SOS-NM930N-66-11,#F46D43,-107.2045028,36.76818611,10 - 15 Deg. F. / 3 - 6,,10 - 15 Deg. F.,6-Mar,10 - 15 Deg. F. / 3 - 6,10 - 15 / semi-humid,NM.1,#66e566,"semi-humid, cool",#F46D43,C,NA,NA
ARFR-CO932-314-JEFFERSON-12,black,3,9,37,NA,475,1,1,NA,N,NA,NA,NA,NA,NA,NA,NA,NA,NA,NA,103,9c62b4ff-d18f-42f6-b8f5-633546321e83,NA,1,NA,NA,8/8/2024 18:00,5f3e3c70-a878-47a9-98e8-62a2f03d0553,8/8/2024 21:43,agoebl,8/8/2024 21:43,agoebl,3840,NA,37,ARFR4-SOS-CO932-314-JEFFERSON-12,#FEE08B,-105.3553333,39.40902778,10 - 15 Deg. F. / 3 - 6,,10 - 15 Deg. F.,6-Mar,10 - 15 Deg. F. / 3 - 6,10 - 15 / semi-humid,CO.2,#66e566,"semi-humid, cool",#FEE08B,E,NA,NA
ARFR-NM930N-66-11,black,3,9,38,NA,476,1,1,NA,N,NA,NA,NA,NA,NA,NA,NA,NA,NA,NA,104,b7f0a717-7c57-4458-8f13-bc1b394095dc,NA,1,NA,NA,8/8/2024 18:00,5f3e3c70-a878-47a9-98e8-62a2f03d0553,8/8/2024 21:43,agoebl,8/8/2024 21:43,agoebl,3841,NA,38,ARFR4-SOS-NM930N-66-11,#F46D43,-107.2045028,36.76818611,10 - 15 Deg. F. / 3 - 6,,10 - 15 Deg. F.,6-Mar,10 - 15 Deg. F. / 3 - 6,10 - 15 / semi-humid,NM.1,#66e566,"semi-humid, cool",#F46D43,C,NA,NA
ARFR-WY050-49-FREMONT-12,black,3,9,39,NA,477,1,1,NA,N,NA,NA,NA,NA,NA,NA,NA,NA,NA,NA,105,84208951-4fe3-4bbd-9654-69a4540e47fe,NA,1,NA,NA,8/8/2024 18:00,5f3e3c70-a878-47a9-98e8-62a2f03d0553,8/8/2024 21:43,agoebl,8/8/2024 21:43,agoebl,3842,NA,39,ARFR4-SOS-WY050-49-FREMONT-12,#5E4FA2,-109.34775,43.42663611,5 - 10 Deg. F. / 6 - 12,,5 - 10 Deg. F.,12-Jun,5 - 10 Deg. F. / 6 - 12,5 - 10 / semi-arid,WY.3,#ffb90f,"semi-arid, cold",#5E4FA2,K,NA,NA
ARFR-WY050-151-FREMONT-16,black,3,9,40,197,478,1,1,NA,N,NA,NA,NA,NA,NA,NA,NA,NA,NA,NA,106,0532904e-eeb2-42e6-95f3-3b22f2cc0ec6,NA,1,NA,NA,8/8/2024 18:00,5f3e3c70-a878-47a9-98e8-62a2f03d0553,8/8/2024 21:43,agoebl,8/8/2024 21:43,agoebl,3843,NA,40,ARFR4-SOS-WY050-151-FREMONT-16,#3288BD,-108.1704472,42.47886111,10 - 15 Deg. F. / 6 - 12,,10 - 15 Deg. F.,12-Jun,10 - 15 Deg. F. / 6 - 12,10 - 15 / semi-arid,WY.2,#cd8500,"semi-arid, cool",#3288BD,J,NA,NA
ARFR-CO932-316-JEFFERSON-12,black,3,9,41,NA,479,1,1,NA,N,NA,NA,NA,NA,NA,NA,NA,NA,NA,NA,107,a6d961e9-92a5-4794-a870-c94a2e5e0e9d,NA,1,NA,"Dry, Nearly dead",8/8/2024 18:00,5f3e3c70-a878-47a9-98e8-62a2f03d0553,8/8/2024 21:43,agoebl,8/8/2024 21:43,agoebl,3844,NA,41,ARFR4-SOS-CO932-316-JEFFERSON-12,#FFFF85,-105.358,39.66325,15 - 20 Deg. F. / 3 - 6,,15 - 20 Deg. F.,6-Mar,15 - 20 Deg. F. / 3 - 6,15 - 20 / semi-humid,CO.3,#698b69,"semi-humid, warm",#FFFF85,F,NA,NA
ARFR-CO932-294-11,black,3,9,42,NA,480,1,1,100.072,N,NA,NA,NA,NA,100.072,54.93,33.68,3.38,NA,Y,108,bd47af85-c9c4-4bad-bd06-1608131c5e15,NA,NA,NA,H,8/8/2024 18:00,5f3e3c70-a878-47a9-98e8-62a2f03d0553,8/8/2024 21:43,agoebl,8/8/2024 21:43,agoebl,3845,NA,42,ARFR4-SOS-CO932-294-11,#ABDDA4,-105.2030833,39.78458333,15 - 20 Deg. F. / 3 - 6,,15 - 20 Deg. F.,6-Mar,15 - 20 Deg. F. / 3 - 6,15 - 20 / semi-humid,CO.4,#698b69,"semi-humid, warm",#ABDDA4,H,NA,NA
ARFR-WY930-44-LASANIMAS-13,black,3,9,43,NA,481,1,1,NA,N,NA,NA,NA,NA,NA,NA,NA,NA,NA,NA,109,52d12791-a38b-4967-ba5e-c19950c5b321,NA,1,NA,NA,8/8/2024 18:00,5f3e3c70-a878-47a9-98e8-62a2f03d0553,8/8/2024 21:43,agoebl,8/8/2024 21:43,agoebl,3846,NA,43,ARFR4-SOS-WY930-44-LASANIMAS-13,#FDAE61,-104.6423889,37.16547222,15 - 20 Deg. F. / 3 - 6,,15 - 20 Deg. F.,6-Mar,15 - 20 Deg. F. / 3 - 6,15 - 20 / semi-humid,CO.1,#698b69,"semi-humid, warm",#FDAE61,D,NA,NA
ARFR-AZ930-423-NAVAJO-18,black,3,9,44,NA,482,1,1,NA,N,NA,NA,NA,NA,NA,NA,NA,NA,NA,NA,110,b7c5b088-edf3-455e-add0-55e292f122c3,NA,1,NA,NA,8/8/2024 18:00,5f3e3c70-a878-47a9-98e8-62a2f03d0553,8/8/2024 21:43,agoebl,8/8/2024 21:43,agoebl,3847,NA,44,ARFR4-SOS-AZ930-423-NAVAJO-18,#9E0142,-110.431,36.45877,15 - 20 Deg. F. / 6 - 12,SdZones downloaded 20230823,15 - 20 Deg. F.,12-Jun,15 - 20 Deg. F. / 6 - 12,15 - 20 / semi-arid,AZ.1,#ee5c42,"semi-arid, warm",#9E0142,A,NA,NA
ARFR-CO932-316-JEFFERSON-12,black,3,9,45,198,483,1,1,NA,N,NA,NA,NA,NA,NA,NA,NA,NA,NA,NA,111,d8c3e3ed-0a1d-4d46-b4bc-2d370c7c9173,NA,1,NA,NA,8/8/2024 18:00,5f3e3c70-a878-47a9-98e8-62a2f03d0553,8/8/2024 21:43,agoebl,8/8/2024 21:43,agoebl,3848,NA,45,ARFR4-SOS-CO932-316-JEFFERSON-12,#FFFF85,-105.358,39.66325,15 - 20 Deg. F. / 3 - 6,,15 - 20 Deg. F.,6-Mar,15 - 20 Deg. F. / 3 - 6,15 - 20 / semi-humid,CO.3,#698b69,"semi-humid, warm",#FFFF85,F,NA,NA
ARFR-UT080-109-UINTAH-12,black,3,9,46,NA,484,1,1,NA,N,NA,NA,NA,NA,NA,NA,NA,NA,NA,NA,112,8b276910-de18-4dba-8cf9-dd109c8112c7,NA,1,NA,NA,8/8/2024 18:00,5f3e3c70-a878-47a9-98e8-62a2f03d0553,8/8/2024 21:43,agoebl,8/8/2024 21:43,agoebl,3849,NA,46,ARFR4-SOS-UT080-109-UINTAH-12,#aabe7f,-109.1426444,39.70802222,10 - 15 Deg. F. / 3 - 6,,10 - 15 Deg. F.,6-Mar,10 - 15 Deg. F. / 3 - 6,10 - 15 / semi-humid,UT.1,#66e566,"semi-humid, cool",#aabe7f,G,NA,NA
ARFR-CO932-316-JEFFERSON-12,black,3,9,47,NA,485,1,1,NA,N,NA,NA,NA,NA,NA,NA,NA,NA,NA,NA,113,fb7c30dd-e111-4c08-8eb9-079e49d3c5de,NA,1,NA,NA,8/8/2024 18:00,5f3e3c70-a878-47a9-98e8-62a2f03d0553,8/8/2024 21:43,agoebl,8/8/2024 21:43,agoebl,3850,NA,47,ARFR4-SOS-CO932-316-JEFFERSON-12,#FFFF85,-105.358,39.66325,15 - 20 Deg. F. / 3 - 6,,15 - 20 Deg. F.,6-Mar,15 - 20 Deg. F. / 3 - 6,15 - 20 / semi-humid,CO.3,#698b69,"semi-humid, warm",#FFFF85,F,NA,NA
ARFR-WY050-151-FREMONT-16,black,3,9,48,NA,486,1,1,NA,N,NA,NA,NA,NA,NA,NA,NA,NA,NA,NA,114,121a960b-049e-4c71-a4a7-dc32f647dca7,NA,1,NA,NA,8/8/2024 18:00,5f3e3c70-a878-47a9-98e8-62a2f03d0553,8/8/2024 21:43,agoebl,8/8/2024 21:43,agoebl,3851,NA,48,ARFR4-SOS-WY050-151-FREMONT-16,#3288BD,-108.1704472,42.47886111,10 - 15 Deg. F. / 6 - 12,,10 - 15 Deg. F.,12-Jun,10 - 15 Deg. F. / 6 - 12,10 - 15 / semi-arid,WY.2,#cd8500,"semi-arid, cool",#3288BD,J,NA,NA
ARFR-NM930N-66-11,black,3,9,49,NA,487,1,1,NA,N,NA,NA,NA,NA,NA,NA,NA,NA,NA,NA,115,90770a68-7af6-4ad5-b4fb-0679a28b5bc1,NA,1,NA,NA,8/8/2024 18:00,5f3e3c70-a878-47a9-98e8-62a2f03d0553,8/8/2024 21:43,agoebl,8/8/2024 21:43,agoebl,3852,NA,49,ARFR4-SOS-NM930N-66-11,#F46D43,-107.2045028,36.76818611,10 - 15 Deg. F. / 3 - 6,,10 - 15 Deg. F.,6-Mar,10 - 15 Deg. F. / 3 - 6,10 - 15 / semi-humid,NM.1,#66e566,"semi-humid, cool",#F46D43,C,NA,NA
ARFR-WY930-44-LASANIMAS-13,black,3,9,50,199,488,1,1,158.652,N,NA,NA,NA,NA,158.652,69.87,49.12,3.15,NA,Y,116,4aef6f58-ed7b-4c8d-92f2-fd47bfb067ea,NA,NA,NA,H,8/8/2024 18:00,5f3e3c70-a878-47a9-98e8-62a2f03d0553,8/8/2024 21:43,agoebl,8/8/2024 21:43,agoebl,3853,NA,50,ARFR4-SOS-WY930-44-LASANIMAS-13,#FDAE61,-104.6423889,37.16547222,15 - 20 Deg. F. / 3 - 6,,15 - 20 Deg. F.,6-Mar,15 - 20 Deg. F. / 3 - 6,15 - 20 / semi-humid,CO.1,#698b69,"semi-humid, warm",#FDAE61,D,NA,NA
ARFR-AZ930-422-NAVAJO-18,black,3,9,51,NA,489,1,1,NA,N,NA,NA,NA,NA,NA,NA,NA,NA,NA,NA,117,add0fcd4-0539-4a91-8b20-8d77b010e2ff,NA,1,NA,NA,8/8/2024 18:00,5f3e3c70-a878-47a9-98e8-62a2f03d0553,8/8/2024 21:43,agoebl,8/8/2024 21:43,agoebl,3854,NA,51,ARFR4-SOS-AZ930-422-NAVAJO-18,#D53E4F,-110.431,36.56805,15 - 20 Deg. F. / 6 - 12,Lats corrected 20230127,15 - 20 Deg. F.,12-Jun,15 - 20 Deg. F. / 6 - 12,15 - 20 / semi-arid,AZ.2,#ee5c42,"semi-arid, warm",#D53E4F,B,NA,NA
ARFR-WY050-151-FREMONT-16,black,3,9,52,NA,490,1,1,NA,N,NA,NA,NA,NA,NA,NA,NA,NA,NA,NA,118,ee28ca1a-a0ff-4c2d-915b-750c0a89e8ee,NA,1,NA,"Small, dry",8/8/2024 18:00,5f3e3c70-a878-47a9-98e8-62a2f03d0553,8/8/2024 21:43,agoebl,8/8/2024 21:43,agoebl,3855,NA,52,ARFR4-SOS-WY050-151-FREMONT-16,#3288BD,-108.1704472,42.47886111,10 - 15 Deg. F. / 6 - 12,,10 - 15 Deg. F.,12-Jun,10 - 15 Deg. F. / 6 - 12,10 - 15 / semi-arid,WY.2,#cd8500,"semi-arid, cool",#3288BD,J,NA,NA
ARFR-CO932-316-JEFFERSON-12,black,3,9,53,NA,491,1,1,NA,N,NA,NA,NA,NA,NA,NA,NA,NA,NA,NA,119,d58a48f2-d892-4d3b-80a6-589a7fda4112,NA,1,NA,NA,8/8/2024 18:00,5f3e3c70-a878-47a9-98e8-62a2f03d0553,8/8/2024 21:43,agoebl,8/8/2024 21:43,agoebl,3856,NA,53,ARFR4-SOS-CO932-316-JEFFERSON-12,#FFFF85,-105.358,39.66325,15 - 20 Deg. F. / 3 - 6,,15 - 20 Deg. F.,6-Mar,15 - 20 Deg. F. / 3 - 6,15 - 20 / semi-humid,CO.3,#698b69,"semi-humid, warm",#FFFF85,F,NA,NA
ARFR-CO932-294-11,black,3,9,54,NA,492,1,1,NA,N,NA,NA,NA,NA,NA,NA,NA,NA,NA,NA,120,dec25e22-f57a-4163-99b2-96beaf981e23,NA,1,NA,NA,8/8/2024 18:00,5f3e3c70-a878-47a9-98e8-62a2f03d0553,8/8/2024 21:43,agoebl,8/8/2024 21:43,agoebl,3857,NA,54,ARFR4-SOS-CO932-294-11,#ABDDA4,-105.2030833,39.78458333,15 - 20 Deg. F. / 3 - 6,,15 - 20 Deg. F.,6-Mar,15 - 20 Deg. F. / 3 - 6,15 - 20 / semi-humid,CO.4,#698b69,"semi-humid, warm",#ABDDA4,H,NA,NA
ARFR-AZ930-423-NAVAJO-18,black,3,9,55,200,493,1,1,NA,N,NA,NA,NA,NA,NA,NA,NA,NA,NA,NA,121,c06159c9-b2ff-4a4d-bce2-a935eb14fc7d,NA,1,NA,NA,8/8/2024 18:00,5f3e3c70-a878-47a9-98e8-62a2f03d0553,8/8/2024 21:43,agoebl,8/8/2024 21:43,agoebl,3858,NA,55,ARFR4-SOS-AZ930-423-NAVAJO-18,#9E0142,-110.431,36.45877,15 - 20 Deg. F. / 6 - 12,SdZones downloaded 20230823,15 - 20 Deg. F.,12-Jun,15 - 20 Deg. F. / 6 - 12,15 - 20 / semi-arid,AZ.1,#ee5c42,"semi-arid, warm",#9E0142,A,NA,NA
ARFR-CO932-316-JEFFERSON-12,black,3,10,1,189,494,1,1,NA,N,NA,NA,NA,NA,NA,NA,NA,NA,NA,NA,122,d0cfaec1-cbe4-4c60-ab43-188f0a305566,NA,1,NA,NA,8/8/2024 18:00,78336f01-b50a-4f86-8696-4a6bffcfc293,8/8/2024 21:43,agoebl,8/8/2024 21:43,agoebl,3859,NA,1,ARFR4-SOS-CO932-316-JEFFERSON-12,#FFFF85,-105.358,39.66325,15 - 20 Deg. F. / 3 - 6,,15 - 20 Deg. F.,6-Mar,15 - 20 Deg. F. / 3 - 6,15 - 20 / semi-humid,CO.3,#698b69,"semi-humid, warm",#FFFF85,F,NA,NA
ARFR-CO932-314-JEFFERSON-12,black,3,10,2,NA,495,1,1,NA,N,NA,NA,NA,NA,NA,NA,NA,NA,NA,NA,123,77a9e69a-2a4a-484f-8138-addd268e8254,NA,1,NA,NA,8/8/2024 18:00,78336f01-b50a-4f86-8696-4a6bffcfc293,8/8/2024 21:43,agoebl,8/8/2024 21:43,agoebl,3860,NA,2,ARFR4-SOS-CO932-314-JEFFERSON-12,#FEE08B,-105.3553333,39.40902778,10 - 15 Deg. F. / 3 - 6,,10 - 15 Deg. F.,6-Mar,10 - 15 Deg. F. / 3 - 6,10 - 15 / semi-humid,CO.2,#66e566,"semi-humid, cool",#FEE08B,E,NA,NA
ARFR-WY050-49-FREMONT-12,black,3,10,3,NA,496,1,1,NA,N,NA,NA,NA,NA,NA,NA,NA,NA,NA,NA,124,7fd57c40-349d-4777-8c95-ed4a174e5ebc,NA,1,NA,NA,8/8/2024 18:00,78336f01-b50a-4f86-8696-4a6bffcfc293,8/8/2024 21:43,agoebl,8/8/2024 21:43,agoebl,3861,NA,3,ARFR4-SOS-WY050-49-FREMONT-12,#5E4FA2,-109.34775,43.42663611,5 - 10 Deg. F. / 6 - 12,,5 - 10 Deg. F.,12-Jun,5 - 10 Deg. F. / 6 - 12,5 - 10 / semi-arid,WY.3,#ffb90f,"semi-arid, cold",#5E4FA2,K,NA,NA
ARFR-AZ930-423-NAVAJO-18,black,3,10,4,NA,497,1,1,NA,N,NA,NA,NA,NA,NA,NA,NA,NA,NA,NA,125,d29c4b4c-a3a0-4785-8a6c-62856c33333c,NA,1,NA,NA,8/8/2024 18:00,78336f01-b50a-4f86-8696-4a6bffcfc293,8/8/2024 21:43,agoebl,8/8/2024 21:43,agoebl,3862,NA,4,ARFR4-SOS-AZ930-423-NAVAJO-18,#9E0142,-110.431,36.45877,15 - 20 Deg. F. / 6 - 12,SdZones downloaded 20230823,15 - 20 Deg. F.,12-Jun,15 - 20 Deg. F. / 6 - 12,15 - 20 / semi-arid,AZ.1,#ee5c42,"semi-arid, warm",#9E0142,A,NA,NA
ARFR-NM930N-66-11,black,3,10,5,190,498,1,NA,123.092,N,NA,NA,NA,NA,123.092,47.61,19.83,9.53,NA,Y,126,9fa77ac3-64d3-48ca-b2dd-bee76ea14ab7,NA,NA,NA,H,8/8/2024 18:00,78336f01-b50a-4f86-8696-4a6bffcfc293,8/8/2024 21:43,agoebl,8/8/2024 21:43,agoebl,3863,NA,5,ARFR4-SOS-NM930N-66-11,#F46D43,-107.2045028,36.76818611,10 - 15 Deg. F. / 3 - 6,,10 - 15 Deg. F.,6-Mar,10 - 15 Deg. F. / 3 - 6,10 - 15 / semi-humid,NM.1,#66e566,"semi-humid, cool",#F46D43,C,NA,Y
ARFR-WY930-44-LASANIMAS-13,black,3,10,6,NA,499,1,1,NA,N,NA,NA,NA,NA,NA,NA,NA,NA,NA,NA,127,51e85e4a-955c-4574-ab88-58ac468ef2de,NA,1,NA,NA,8/8/2024 18:00,78336f01-b50a-4f86-8696-4a6bffcfc293,8/8/2024 21:43,agoebl,8/8/2024 21:43,agoebl,3864,NA,6,ARFR4-SOS-WY930-44-LASANIMAS-13,#FDAE61,-104.6423889,37.16547222,15 - 20 Deg. F. / 3 - 6,,15 - 20 Deg. F.,6-Mar,15 - 20 Deg. F. / 3 - 6,15 - 20 / semi-humid,CO.1,#698b69,"semi-humid, warm",#FDAE61,D,NA,NA
ARFR-WY040-71-10,black,3,10,7,NA,500,1,1,NA,N,NA,NA,NA,NA,NA,NA,NA,NA,NA,NA,128,c2185bb9-b479-4f4e-8098-a6873631e948,NA,1,NA,"Sm, dry",8/8/2024 18:00,78336f01-b50a-4f86-8696-4a6bffcfc293,8/8/2024 21:43,agoebl,8/8/2024 21:43,agoebl,3865,NA,7,ARFR4-SOS-WY040-71-10,#66C2A5,-109.2433156,41.13271889,5 - 10 Deg. F. / 3 - 6,,5 - 10 Deg. F.,6-Mar,5 - 10 Deg. F. / 3 - 6,5 - 10 / semi-humid,WY.1,#a5c2f1,"semi-humid, cold",#66C2A5,I,NA,NA
ARFR-WY050-151-FREMONT-16,black,3,10,8,NA,501,1,1,NA,N,NA,NA,NA,NA,NA,NA,NA,NA,NA,NA,129,f02847fd-9eeb-4fd3-83f6-38b928624427,NA,1,NA,Dry,8/8/2024 18:00,78336f01-b50a-4f86-8696-4a6bffcfc293,8/8/2024 21:43,agoebl,8/8/2024 21:43,agoebl,3866,NA,8,ARFR4-SOS-WY050-151-FREMONT-16,#3288BD,-108.1704472,42.47886111,10 - 15 Deg. F. / 6 - 12,,10 - 15 Deg. F.,12-Jun,10 - 15 Deg. F. / 6 - 12,10 - 15 / semi-arid,WY.2,#cd8500,"semi-arid, cool",#3288BD,J,NA,NA
ARFR-CO932-294-11,black,3,10,9,NA,502,1,1,NA,N,NA,NA,NA,NA,NA,NA,NA,NA,NA,NA,130,939d4c8d-ff7d-4bd0-a038-70f708dbb720,NA,1,NA,NA,8/8/2024 18:00,78336f01-b50a-4f86-8696-4a6bffcfc293,8/8/2024 21:43,agoebl,8/8/2024 21:43,agoebl,3867,NA,9,ARFR4-SOS-CO932-294-11,#ABDDA4,-105.2030833,39.78458333,15 - 20 Deg. F. / 3 - 6,,15 - 20 Deg. F.,6-Mar,15 - 20 Deg. F. / 3 - 6,15 - 20 / semi-humid,CO.4,#698b69,"semi-humid, warm",#ABDDA4,H,NA,NA
ARFR-CO932-314-JEFFERSON-12,black,3,10,10,191,503,1,1,NA,N,NA,NA,NA,NA,NA,NA,NA,NA,NA,NA,131,6e6ece29-4045-4db2-aab6-dbe27833a990,NA,1,NA,NA,8/8/2024 18:00,78336f01-b50a-4f86-8696-4a6bffcfc293,8/8/2024 21:43,agoebl,8/8/2024 21:43,agoebl,3868,NA,10,ARFR4-SOS-CO932-314-JEFFERSON-12,#FEE08B,-105.3553333,39.40902778,10 - 15 Deg. F. / 3 - 6,,10 - 15 Deg. F.,6-Mar,10 - 15 Deg. F. / 3 - 6,10 - 15 / semi-humid,CO.2,#66e566,"semi-humid, cool",#FEE08B,E,NA,NA
ARFR-WY930-44-LASANIMAS-13,black,3,10,11,NA,504,1,1,NA,N,NA,NA,NA,NA,NA,NA,NA,NA,NA,NA,132,108cf5fb-469a-453d-ab0f-8db99e51246a,NA,0,NA,Recent death,8/8/2024 18:00,78336f01-b50a-4f86-8696-4a6bffcfc293,8/8/2024 21:43,agoebl,8/8/2024 21:43,agoebl,3869,NA,11,ARFR4-SOS-WY930-44-LASANIMAS-13,#FDAE61,-104.6423889,37.16547222,15 - 20 Deg. F. / 3 - 6,,15 - 20 Deg. F.,6-Mar,15 - 20 Deg. F. / 3 - 6,15 - 20 / semi-humid,CO.1,#698b69,"semi-humid, warm",#FDAE61,D,NA,NA
ARFR-WY050-49-FREMONT-12,black,3,10,12,NA,505,1,1,NA,N,NA,NA,NA,NA,NA,NA,NA,NA,NA,NA,133,6857d6ca-556d-4fec-9884-c32b5377e3f4,NA,1,NA,NA,8/8/2024 18:00,78336f01-b50a-4f86-8696-4a6bffcfc293,8/8/2024 21:43,agoebl,8/8/2024 21:43,agoebl,3870,NA,12,ARFR4-SOS-WY050-49-FREMONT-12,#5E4FA2,-109.34775,43.42663611,5 - 10 Deg. F. / 6 - 12,,5 - 10 Deg. F.,12-Jun,5 - 10 Deg. F. / 6 - 12,5 - 10 / semi-arid,WY.3,#ffb90f,"semi-arid, cold",#5E4FA2,K,NA,NA
ARFR-WY040-71-10,black,3,10,13,NA,506,1,1,NA,N,NA,NA,NA,NA,NA,NA,NA,NA,NA,NA,134,9f0f4861-0ce8-4508-8592-8bbf96fd5a17,NA,1,NA,"Near death, dry",8/8/2024 18:00,78336f01-b50a-4f86-8696-4a6bffcfc293,8/8/2024 21:43,agoebl,8/8/2024 21:43,agoebl,3871,NA,13,ARFR4-SOS-WY040-71-10,#66C2A5,-109.2433156,41.13271889,5 - 10 Deg. F. / 3 - 6,,5 - 10 Deg. F.,6-Mar,5 - 10 Deg. F. / 3 - 6,5 - 10 / semi-humid,WY.1,#a5c2f1,"semi-humid, cold",#66C2A5,I,NA,NA
ARFR-WY930-44-LASANIMAS-13,black,3,10,14,NA,507,1,1,NA,N,NA,NA,NA,NA,NA,NA,NA,NA,NA,NA,135,506f3b3c-791b-4a72-bf04-aab1a19c7428,NA,1,NA,NA,8/8/2024 18:00,78336f01-b50a-4f86-8696-4a6bffcfc293,8/8/2024 21:43,agoebl,8/8/2024 21:43,agoebl,3872,NA,14,ARFR4-SOS-WY930-44-LASANIMAS-13,#FDAE61,-104.6423889,37.16547222,15 - 20 Deg. F. / 3 - 6,,15 - 20 Deg. F.,6-Mar,15 - 20 Deg. F. / 3 - 6,15 - 20 / semi-humid,CO.1,#698b69,"semi-humid, warm",#FDAE61,D,NA,NA
ARFR-WY930-44-LASANIMAS-13,black,3,10,15,192,508,1,1,NA,N,NA,NA,NA,NA,NA,NA,NA,NA,NA,NA,136,afcc6393-870d-48d6-9de6-efa22564c3bb,NA,1,NA,NA,8/8/2024 18:00,78336f01-b50a-4f86-8696-4a6bffcfc293,8/8/2024 21:43,agoebl,8/8/2024 21:43,agoebl,3873,NA,15,ARFR4-SOS-WY930-44-LASANIMAS-13,#FDAE61,-104.6423889,37.16547222,15 - 20 Deg. F. / 3 - 6,,15 - 20 Deg. F.,6-Mar,15 - 20 Deg. F. / 3 - 6,15 - 20 / semi-humid,CO.1,#698b69,"semi-humid, warm",#FDAE61,D,NA,NA
ARFR-AZ930-423-NAVAJO-18,black,3,10,16,NA,509,1,1,NA,N,NA,NA,NA,NA,NA,NA,NA,NA,NA,NA,137,6f367058-edb9-4185-ad58-e2ace92e2b64,NA,1,NA,NA,8/8/2024 18:00,78336f01-b50a-4f86-8696-4a6bffcfc293,8/8/2024 21:43,agoebl,8/8/2024 21:43,agoebl,3874,NA,16,ARFR4-SOS-AZ930-423-NAVAJO-18,#9E0142,-110.431,36.45877,15 - 20 Deg. F. / 6 - 12,SdZones downloaded 20230823,15 - 20 Deg. F.,12-Jun,15 - 20 Deg. F. / 6 - 12,15 - 20 / semi-arid,AZ.1,#ee5c42,"semi-arid, warm",#9E0142,A,NA,NA
ARFR-WY050-151-FREMONT-16,black,3,10,17,NA,510,1,1,NA,N,NA,NA,NA,NA,NA,NA,NA,NA,NA,NA,138,1fad865a-7e1b-407d-992c-c1c3371be7c2,NA,1,NA,Sm,8/8/2024 18:00,78336f01-b50a-4f86-8696-4a6bffcfc293,8/8/2024 21:43,agoebl,8/8/2024 21:43,agoebl,3875,NA,17,ARFR4-SOS-WY050-151-FREMONT-16,#3288BD,-108.1704472,42.47886111,10 - 15 Deg. F. / 6 - 12,,10 - 15 Deg. F.,12-Jun,10 - 15 Deg. F. / 6 - 12,10 - 15 / semi-arid,WY.2,#cd8500,"semi-arid, cool",#3288BD,J,NA,NA
ARFR-CO932-314-JEFFERSON-12,black,3,10,18,NA,511,1,1,NA,N,NA,NA,NA,NA,NA,NA,NA,NA,NA,NA,139,5949c27f-9055-4ee2-9b46-06b3d92b5506,NA,1,NA,NA,8/8/2024 18:00,78336f01-b50a-4f86-8696-4a6bffcfc293,8/8/2024 21:43,agoebl,8/8/2024 21:43,agoebl,3876,NA,18,ARFR4-SOS-CO932-314-JEFFERSON-12,#FEE08B,-105.3553333,39.40902778,10 - 15 Deg. F. / 3 - 6,,10 - 15 Deg. F.,6-Mar,10 - 15 Deg. F. / 3 - 6,10 - 15 / semi-humid,CO.2,#66e566,"semi-humid, cool",#FEE08B,E,NA,NA
ARFR-UT080-109-UINTAH-12,black,3,10,19,NA,512,1,1,NA,N,NA,NA,NA,NA,NA,NA,NA,NA,NA,NA,140,9a490d59-8474-47bc-a88f-0335cea39fc1,NA,1,NA,NA,8/8/2024 18:00,78336f01-b50a-4f86-8696-4a6bffcfc293,8/8/2024 21:43,agoebl,8/8/2024 21:43,agoebl,3877,NA,19,ARFR4-SOS-UT080-109-UINTAH-12,#aabe7f,-109.1426444,39.70802222,10 - 15 Deg. F. / 3 - 6,,10 - 15 Deg. F.,6-Mar,10 - 15 Deg. F. / 3 - 6,10 - 15 / semi-humid,UT.1,#66e566,"semi-humid, cool",#aabe7f,G,NA,NA
ARFR-UT080-109-UINTAH-12,black,3,10,20,193,513,1,1,NA,N,NA,NA,NA,NA,NA,NA,NA,NA,NA,NA,141,0285a1a3-17ee-4823-9f1c-d5a3c328d8d5,NA,1,NA,NA,8/8/2024 18:00,78336f01-b50a-4f86-8696-4a6bffcfc293,8/8/2024 21:43,agoebl,8/8/2024 21:43,agoebl,3878,NA,20,ARFR4-SOS-UT080-109-UINTAH-12,#aabe7f,-109.1426444,39.70802222,10 - 15 Deg. F. / 3 - 6,,10 - 15 Deg. F.,6-Mar,10 - 15 Deg. F. / 3 - 6,10 - 15 / semi-humid,UT.1,#66e566,"semi-humid, cool",#aabe7f,G,NA,NA
ARFR-AZ930-422-NAVAJO-18,black,3,10,21,NA,514,1,1,95.552,N,NA,NA,NA,NA,95.552,30.47,17.01,8.91,NA,Y,142,99a08082-23d8-4261-8e54-052e1ff808d1,NA,NA,NA,H,8/8/2024 18:00,78336f01-b50a-4f86-8696-4a6bffcfc293,8/8/2024 21:43,agoebl,8/8/2024 21:43,agoebl,3879,NA,21,ARFR4-SOS-AZ930-422-NAVAJO-18,#D53E4F,-110.431,36.56805,15 - 20 Deg. F. / 6 - 12,Lats corrected 20230127,15 - 20 Deg. F.,12-Jun,15 - 20 Deg. F. / 6 - 12,15 - 20 / semi-arid,AZ.2,#ee5c42,"semi-arid, warm",#D53E4F,B,NA,NA
ARFR-AZ930-422-NAVAJO-18,black,3,10,22,NA,515,1,1,NA,N,NA,NA,NA,NA,NA,NA,NA,NA,NA,NA,143,7b930004-9d1c-42f3-be0e-3ca46886dc6f,NA,1,NA,Dry,8/8/2024 18:00,78336f01-b50a-4f86-8696-4a6bffcfc293,8/8/2024 21:43,agoebl,8/8/2024 21:43,agoebl,3880,NA,22,ARFR4-SOS-AZ930-422-NAVAJO-18,#D53E4F,-110.431,36.56805,15 - 20 Deg. F. / 6 - 12,Lats corrected 20230127,15 - 20 Deg. F.,12-Jun,15 - 20 Deg. F. / 6 - 12,15 - 20 / semi-arid,AZ.2,#ee5c42,"semi-arid, warm",#D53E4F,B,NA,NA
ARFR-NM930N-66-11,black,3,10,23,NA,516,1,1,NA,N,NA,NA,NA,NA,NA,NA,NA,NA,NA,NA,144,f9ccc0ed-2664-41df-a76e-cd95f481dbdf,NA,1,NA,NA,8/8/2024 18:00,78336f01-b50a-4f86-8696-4a6bffcfc293,8/8/2024 21:43,agoebl,8/8/2024 21:43,agoebl,3881,NA,23,ARFR4-SOS-NM930N-66-11,#F46D43,-107.2045028,36.76818611,10 - 15 Deg. F. / 3 - 6,,10 - 15 Deg. F.,6-Mar,10 - 15 Deg. F. / 3 - 6,10 - 15 / semi-humid,NM.1,#66e566,"semi-humid, cool",#F46D43,C,NA,NA
ARFR-NM930N-66-11,black,3,10,24,NA,517,1,1,NA,N,NA,NA,NA,NA,NA,NA,NA,NA,NA,NA,145,9ca5e4eb-cdb5-4e64-b41b-445039676d73,NA,1,NA,NA,8/8/2024 18:00,78336f01-b50a-4f86-8696-4a6bffcfc293,8/8/2024 21:43,agoebl,8/8/2024 21:43,agoebl,3882,NA,24,ARFR4-SOS-NM930N-66-11,#F46D43,-107.2045028,36.76818611,10 - 15 Deg. F. / 3 - 6,,10 - 15 Deg. F.,6-Mar,10 - 15 Deg. F. / 3 - 6,10 - 15 / semi-humid,NM.1,#66e566,"semi-humid, cool",#F46D43,C,NA,NA
ARFR-AZ930-422-NAVAJO-18,black,3,10,25,194,518,1,1,NA,N,NA,NA,NA,NA,NA,NA,NA,NA,NA,NA,146,e9c561c3-9e97-4984-aeec-83e9577df3aa,NA,1,NA,NA,8/8/2024 18:00,78336f01-b50a-4f86-8696-4a6bffcfc293,8/8/2024 21:43,agoebl,8/8/2024 21:43,agoebl,3883,NA,25,ARFR4-SOS-AZ930-422-NAVAJO-18,#D53E4F,-110.431,36.56805,15 - 20 Deg. F. / 6 - 12,Lats corrected 20230127,15 - 20 Deg. F.,12-Jun,15 - 20 Deg. F. / 6 - 12,15 - 20 / semi-arid,AZ.2,#ee5c42,"semi-arid, warm",#D53E4F,B,NA,NA
ARFR-NM930N-66-11,black,3,10,26,NA,519,1,NA,136.572,N,NA,NA,NA,NA,136.572,NA,5.75,1.55,NA,Y,147,c8ef054f-99f7-4545-8715-ff49e410b214,NA,NA,NA,H,8/8/2024 18:00,78336f01-b50a-4f86-8696-4a6bffcfc293,8/8/2024 21:43,agoebl,8/8/2024 21:43,agoebl,3884,NA,26,ARFR4-SOS-NM930N-66-11,#F46D43,-107.2045028,36.76818611,10 - 15 Deg. F. / 3 - 6,,10 - 15 Deg. F.,6-Mar,10 - 15 Deg. F. / 3 - 6,10 - 15 / semi-humid,NM.1,#66e566,"semi-humid, cool",#F46D43,C,NA,Y
ARFR-CO932-314-JEFFERSON-12,black,3,10,27,NA,520,1,1,NA,N,NA,NA,NA,NA,NA,NA,NA,NA,NA,NA,148,248bfa2b-9631-4548-9d83-b439fa17c42c,NA,1,NA,NA,8/8/2024 18:00,78336f01-b50a-4f86-8696-4a6bffcfc293,8/8/2024 21:43,agoebl,8/8/2024 21:43,agoebl,3885,NA,27,ARFR4-SOS-CO932-314-JEFFERSON-12,#FEE08B,-105.3553333,39.40902778,10 - 15 Deg. F. / 3 - 6,,10 - 15 Deg. F.,6-Mar,10 - 15 Deg. F. / 3 - 6,10 - 15 / semi-humid,CO.2,#66e566,"semi-humid, cool",#FEE08B,E,NA,NA
ARFR-CO932-316-JEFFERSON-12,black,3,10,28,NA,521,1,1,NA,N,NA,NA,NA,NA,NA,NA,NA,NA,NA,NA,149,c49334d2-6d7f-4dc9-90d2-be8b5bb6f22b,NA,1,NA,NA,8/8/2024 18:00,78336f01-b50a-4f86-8696-4a6bffcfc293,8/8/2024 21:43,agoebl,8/8/2024 21:43,agoebl,3886,NA,28,ARFR4-SOS-CO932-316-JEFFERSON-12,#FFFF85,-105.358,39.66325,15 - 20 Deg. F. / 3 - 6,,15 - 20 Deg. F.,6-Mar,15 - 20 Deg. F. / 3 - 6,15 - 20 / semi-humid,CO.3,#698b69,"semi-humid, warm",#FFFF85,F,NA,NA
ARFR-NM930N-66-11,black,3,10,29,NA,522,1,1,NA,N,NA,NA,NA,NA,NA,NA,NA,NA,NA,NA,150,58e158ac-763e-4f5d-b9bf-d9cb3bee3354,NA,1,NA,NA,8/8/2024 18:00,78336f01-b50a-4f86-8696-4a6bffcfc293,8/8/2024 21:43,agoebl,8/8/2024 21:43,agoebl,3887,NA,29,ARFR4-SOS-NM930N-66-11,#F46D43,-107.2045028,36.76818611,10 - 15 Deg. F. / 3 - 6,,10 - 15 Deg. F.,6-Mar,10 - 15 Deg. F. / 3 - 6,10 - 15 / semi-humid,NM.1,#66e566,"semi-humid, cool",#F46D43,C,NA,NA
ARFR-AZ930-423-NAVAJO-18,black,3,10,30,195,523,1,1,NA,N,NA,NA,NA,NA,NA,NA,NA,NA,NA,NA,151,38c622ff-25ff-4d6d-8f4f-87816775bb95,NA,1,NA,NA,8/8/2024 18:00,78336f01-b50a-4f86-8696-4a6bffcfc293,8/8/2024 21:43,agoebl,8/8/2024 21:43,agoebl,3888,NA,30,ARFR4-SOS-AZ930-423-NAVAJO-18,#9E0142,-110.431,36.45877,15 - 20 Deg. F. / 6 - 12,SdZones downloaded 20230823,15 - 20 Deg. F.,12-Jun,15 - 20 Deg. F. / 6 - 12,15 - 20 / semi-arid,AZ.1,#ee5c42,"semi-arid, warm",#9E0142,A,NA,NA
ARFR-UT080-109-UINTAH-12,black,3,10,31,NA,524,1,NA,83.662,N,NA,NA,NA,NA,83.662,19.85,NA,NA,"Chaff (8.26g), no flower heads?",Y,152,40fd624a-09d7-4180-9ed2-56e1fc54a165,NA,NA,NA,H,8/8/2024 18:00,78336f01-b50a-4f86-8696-4a6bffcfc293,8/8/2024 21:43,agoebl,8/8/2024 21:43,agoebl,3889,NA,31,ARFR4-SOS-UT080-109-UINTAH-12,#aabe7f,-109.1426444,39.70802222,10 - 15 Deg. F. / 3 - 6,,10 - 15 Deg. F.,6-Mar,10 - 15 Deg. F. / 3 - 6,10 - 15 / semi-humid,UT.1,#66e566,"semi-humid, cool",#aabe7f,G,NA,Y
ARFR-CO932-316-JEFFERSON-12,black,3,10,32,NA,525,1,1,NA,N,NA,NA,NA,NA,NA,NA,NA,NA,NA,NA,153,010a9bbb-0b3f-4299-baae-fc9a5c7e79ed,NA,1,NA,NA,8/8/2024 18:00,78336f01-b50a-4f86-8696-4a6bffcfc293,8/8/2024 21:43,agoebl,8/8/2024 21:43,agoebl,3890,NA,32,ARFR4-SOS-CO932-316-JEFFERSON-12,#FFFF85,-105.358,39.66325,15 - 20 Deg. F. / 3 - 6,,15 - 20 Deg. F.,6-Mar,15 - 20 Deg. F. / 3 - 6,15 - 20 / semi-humid,CO.3,#698b69,"semi-humid, warm",#FFFF85,F,NA,NA
ARFR-NM930N-66-11,black,3,10,33,NA,526,1,1,NA,N,NA,NA,NA,NA,NA,NA,NA,NA,NA,NA,154,2fe160f4-08ea-4b4f-aff5-8202d9210f19,NA,1,NA,NA,8/8/2024 18:00,78336f01-b50a-4f86-8696-4a6bffcfc293,8/8/2024 21:43,agoebl,8/8/2024 21:43,agoebl,3891,NA,33,ARFR4-SOS-NM930N-66-11,#F46D43,-107.2045028,36.76818611,10 - 15 Deg. F. / 3 - 6,,10 - 15 Deg. F.,6-Mar,10 - 15 Deg. F. / 3 - 6,10 - 15 / semi-humid,NM.1,#66e566,"semi-humid, cool",#F46D43,C,NA,NA
ARFR-AZ930-423-NAVAJO-18,black,3,10,34,NA,527,1,1,NA,N,NA,NA,NA,NA,NA,NA,NA,NA,NA,NA,155,cf5d4d82-0113-4468-bd50-0d8ab143cce7,NA,1,NA,Dry,8/8/2024 18:00,78336f01-b50a-4f86-8696-4a6bffcfc293,8/8/2024 21:43,agoebl,8/8/2024 21:43,agoebl,3892,NA,34,ARFR4-SOS-AZ930-423-NAVAJO-18,#9E0142,-110.431,36.45877,15 - 20 Deg. F. / 6 - 12,SdZones downloaded 20230823,15 - 20 Deg. F.,12-Jun,15 - 20 Deg. F. / 6 - 12,15 - 20 / semi-arid,AZ.1,#ee5c42,"semi-arid, warm",#9E0142,A,NA,NA
ARFR-WY930-44-LASANIMAS-13,black,3,10,35,196,528,1,1,NA,N,NA,NA,NA,NA,NA,NA,NA,NA,NA,NA,156,4de3233a-6bb9-4021-9fc4-745187736591,NA,1,NA,NA,8/8/2024 18:00,78336f01-b50a-4f86-8696-4a6bffcfc293,8/8/2024 21:43,agoebl,8/8/2024 21:43,agoebl,3893,NA,35,ARFR4-SOS-WY930-44-LASANIMAS-13,#FDAE61,-104.6423889,37.16547222,15 - 20 Deg. F. / 3 - 6,,15 - 20 Deg. F.,6-Mar,15 - 20 Deg. F. / 3 - 6,15 - 20 / semi-humid,CO.1,#698b69,"semi-humid, warm",#FDAE61,D,NA,NA
ARFR-CO932-314-JEFFERSON-12,black,3,10,36,NA,529,1,1,NA,N,NA,NA,NA,NA,NA,NA,NA,NA,NA,NA,157,1d334af7-65dd-4f1c-8710-40fcde2bb00e,NA,1,NA,NA,8/8/2024 18:00,78336f01-b50a-4f86-8696-4a6bffcfc293,8/8/2024 21:43,agoebl,8/8/2024 21:43,agoebl,3894,NA,36,ARFR4-SOS-CO932-314-JEFFERSON-12,#FEE08B,-105.3553333,39.40902778,10 - 15 Deg. F. / 3 - 6,,10 - 15 Deg. F.,6-Mar,10 - 15 Deg. F. / 3 - 6,10 - 15 / semi-humid,CO.2,#66e566,"semi-humid, cool",#FEE08B,E,NA,NA
ARFR-WY930-44-LASANIMAS-13,black,3,10,37,NA,530,1,NA,108.232,N,NA,NA,NA,NA,108.232,43.36,14.83,1.96,NA,Y,158,828a77c7-1a21-403e-8324-ea1988d3030b,NA,NA,NA,H,8/8/2024 18:00,78336f01-b50a-4f86-8696-4a6bffcfc293,8/8/2024 21:43,agoebl,8/8/2024 21:43,agoebl,3895,NA,37,ARFR4-SOS-WY930-44-LASANIMAS-13,#FDAE61,-104.6423889,37.16547222,15 - 20 Deg. F. / 3 - 6,,15 - 20 Deg. F.,6-Mar,15 - 20 Deg. F. / 3 - 6,15 - 20 / semi-humid,CO.1,#698b69,"semi-humid, warm",#FDAE61,D,NA,Y
ARFR-WY930-44-LASANIMAS-13,black,3,10,38,NA,531,1,1,NA,N,NA,NA,NA,NA,NA,NA,NA,NA,NA,NA,159,9fff0df8-9af2-4bc8-83f8-c4428927e822,NA,1,NA,NA,8/8/2024 18:00,78336f01-b50a-4f86-8696-4a6bffcfc293,8/8/2024 21:43,agoebl,8/8/2024 21:43,agoebl,3896,NA,38,ARFR4-SOS-WY930-44-LASANIMAS-13,#FDAE61,-104.6423889,37.16547222,15 - 20 Deg. F. / 3 - 6,,15 - 20 Deg. F.,6-Mar,15 - 20 Deg. F. / 3 - 6,15 - 20 / semi-humid,CO.1,#698b69,"semi-humid, warm",#FDAE61,D,NA,NA
ARFR-CO932-294-11,black,3,10,39,NA,532,1,1,NA,N,NA,NA,NA,NA,NA,NA,NA,NA,NA,NA,160,630d7001-9ebd-4b59-8afa-28e63cc0c14f,NA,1,NA,Sm,8/8/2024 18:00,78336f01-b50a-4f86-8696-4a6bffcfc293,8/8/2024 21:43,agoebl,8/8/2024 21:43,agoebl,3897,NA,39,ARFR4-SOS-CO932-294-11,#ABDDA4,-105.2030833,39.78458333,15 - 20 Deg. F. / 3 - 6,,15 - 20 Deg. F.,6-Mar,15 - 20 Deg. F. / 3 - 6,15 - 20 / semi-humid,CO.4,#698b69,"semi-humid, warm",#ABDDA4,H,NA,NA
ARFR-NM930N-66-11,black,3,10,40,197,533,1,1,NA,N,NA,NA,NA,NA,NA,NA,NA,NA,NA,NA,161,bad39578-9aec-4afc-955f-ef9bb39ee18c,NA,1,NA,NA,8/8/2024 18:00,78336f01-b50a-4f86-8696-4a6bffcfc293,8/8/2024 21:43,agoebl,8/8/2024 21:43,agoebl,3898,NA,40,ARFR4-SOS-NM930N-66-11,#F46D43,-107.2045028,36.76818611,10 - 15 Deg. F. / 3 - 6,,10 - 15 Deg. F.,6-Mar,10 - 15 Deg. F. / 3 - 6,10 - 15 / semi-humid,NM.1,#66e566,"semi-humid, cool",#F46D43,C,NA,NA
ARFR-WY930-44-LASANIMAS-13,black,3,10,41,NA,534,1,1,NA,N,NA,NA,NA,NA,NA,NA,NA,NA,NA,NA,162,b8649f1e-5614-4f4a-83bd-63336c4335d7,NA,1,NA,NA,8/8/2024 18:00,78336f01-b50a-4f86-8696-4a6bffcfc293,8/8/2024 21:43,agoebl,8/8/2024 21:43,agoebl,3899,NA,41,ARFR4-SOS-WY930-44-LASANIMAS-13,#FDAE61,-104.6423889,37.16547222,15 - 20 Deg. F. / 3 - 6,,15 - 20 Deg. F.,6-Mar,15 - 20 Deg. F. / 3 - 6,15 - 20 / semi-humid,CO.1,#698b69,"semi-humid, warm",#FDAE61,D,NA,NA
ARFR-CO932-294-11,black,3,10,42,NA,535,1,1,NA,N,NA,NA,NA,NA,NA,NA,NA,NA,NA,NA,163,b30f39f3-57d4-4b65-9d93-7f6546382c5e,NA,1,NA,NA,8/8/2024 18:00,78336f01-b50a-4f86-8696-4a6bffcfc293,8/8/2024 21:43,agoebl,8/8/2024 21:43,agoebl,3900,NA,42,ARFR4-SOS-CO932-294-11,#ABDDA4,-105.2030833,39.78458333,15 - 20 Deg. F. / 3 - 6,,15 - 20 Deg. F.,6-Mar,15 - 20 Deg. F. / 3 - 6,15 - 20 / semi-humid,CO.4,#698b69,"semi-humid, warm",#ABDDA4,H,NA,NA
ARFR-WY040-71-10,black,3,10,43,NA,536,1,1,NA,N,NA,NA,NA,NA,NA,NA,NA,NA,NA,NA,164,85d07cfa-974a-4e99-b8cd-948683b69e4b,NA,1,NA,NA,8/8/2024 18:00,78336f01-b50a-4f86-8696-4a6bffcfc293,8/8/2024 21:43,agoebl,8/8/2024 21:43,agoebl,3901,NA,43,ARFR4-SOS-WY040-71-10,#66C2A5,-109.2433156,41.13271889,5 - 10 Deg. F. / 3 - 6,,5 - 10 Deg. F.,6-Mar,5 - 10 Deg. F. / 3 - 6,5 - 10 / semi-humid,WY.1,#a5c2f1,"semi-humid, cold",#66C2A5,I,NA,NA
ARFR-WY040-71-10,black,3,10,44,NA,537,1,1,NA,N,NA,NA,NA,NA,NA,NA,NA,NA,NA,NA,165,8e075a2c-5ebe-4b28-af14-3a177cc51b58,NA,0,NA,"New recriut, origi looks dead",8/8/2024 18:00,78336f01-b50a-4f86-8696-4a6bffcfc293,8/8/2024 21:43,agoebl,8/8/2024 21:43,agoebl,3902,NA,44,ARFR4-SOS-WY040-71-10,#66C2A5,-109.2433156,41.13271889,5 - 10 Deg. F. / 3 - 6,,5 - 10 Deg. F.,6-Mar,5 - 10 Deg. F. / 3 - 6,5 - 10 / semi-humid,WY.1,#a5c2f1,"semi-humid, cold",#66C2A5,I,NA,NA
ARFR-CO932-314-JEFFERSON-12,black,3,10,45,198,538,1,1,NA,N,NA,NA,NA,NA,NA,NA,NA,NA,NA,NA,166,e92dc6bd-e86e-4070-b5d3-2c466f14e752,NA,1,NA,NA,8/8/2024 18:00,78336f01-b50a-4f86-8696-4a6bffcfc293,8/8/2024 21:43,agoebl,8/8/2024 21:43,agoebl,3903,NA,45,ARFR4-SOS-CO932-314-JEFFERSON-12,#FEE08B,-105.3553333,39.40902778,10 - 15 Deg. F. / 3 - 6,,10 - 15 Deg. F.,6-Mar,10 - 15 Deg. F. / 3 - 6,10 - 15 / semi-humid,CO.2,#66e566,"semi-humid, cool",#FEE08B,E,NA,NA
ARFR-CO932-316-JEFFERSON-12,black,3,10,46,NA,539,1,1,NA,N,NA,NA,NA,NA,NA,NA,NA,NA,NA,NA,167,f2f40965-7814-4fbe-8618-7154cfe634e6,NA,1,NA,NA,8/8/2024 18:00,78336f01-b50a-4f86-8696-4a6bffcfc293,8/8/2024 21:43,agoebl,8/8/2024 21:43,agoebl,3904,NA,46,ARFR4-SOS-CO932-316-JEFFERSON-12,#FFFF85,-105.358,39.66325,15 - 20 Deg. F. / 3 - 6,,15 - 20 Deg. F.,6-Mar,15 - 20 Deg. F. / 3 - 6,15 - 20 / semi-humid,CO.3,#698b69,"semi-humid, warm",#FFFF85,F,NA,NA
ARFR-CO932-294-11,black,3,10,47,NA,540,1,1,NA,N,NA,NA,NA,NA,NA,NA,NA,NA,NA,NA,168,203293cf-c55d-4dfc-bc30-9d0863fcd1f0,NA,1,NA,NA,8/8/2024 18:00,78336f01-b50a-4f86-8696-4a6bffcfc293,8/8/2024 21:43,agoebl,8/8/2024 21:43,agoebl,3905,NA,47,ARFR4-SOS-CO932-294-11,#ABDDA4,-105.2030833,39.78458333,15 - 20 Deg. F. / 3 - 6,,15 - 20 Deg. F.,6-Mar,15 - 20 Deg. F. / 3 - 6,15 - 20 / semi-humid,CO.4,#698b69,"semi-humid, warm",#ABDDA4,H,NA,NA
ARFR-WY050-151-FREMONT-16,black,3,10,48,NA,541,1,1,NA,N,NA,NA,NA,NA,NA,NA,NA,NA,NA,NA,169,a9c3f03d-bede-42c5-86eb-07f2162e305a,NA,1,NA,NA,8/8/2024 18:00,78336f01-b50a-4f86-8696-4a6bffcfc293,8/8/2024 21:43,agoebl,8/8/2024 21:43,agoebl,3906,NA,48,ARFR4-SOS-WY050-151-FREMONT-16,#3288BD,-108.1704472,42.47886111,10 - 15 Deg. F. / 6 - 12,,10 - 15 Deg. F.,12-Jun,10 - 15 Deg. F. / 6 - 12,10 - 15 / semi-arid,WY.2,#cd8500,"semi-arid, cool",#3288BD,J,NA,NA
ARFR-WY050-49-FREMONT-12,black,3,10,49,NA,542,1,1,NA,N,NA,NA,NA,NA,NA,NA,NA,NA,NA,NA,170,df6e4b8c-8639-4903-a07c-206df4592054,NA,1,NA,Dry,8/8/2024 18:00,78336f01-b50a-4f86-8696-4a6bffcfc293,8/8/2024 21:43,agoebl,8/8/2024 21:43,agoebl,3907,NA,49,ARFR4-SOS-WY050-49-FREMONT-12,#5E4FA2,-109.34775,43.42663611,5 - 10 Deg. F. / 6 - 12,,5 - 10 Deg. F.,12-Jun,5 - 10 Deg. F. / 6 - 12,5 - 10 / semi-arid,WY.3,#ffb90f,"semi-arid, cold",#5E4FA2,K,NA,NA
ARFR-AZ930-422-NAVAJO-18,black,3,10,50,199,543,1,1,NA,N,NA,NA,NA,NA,NA,NA,NA,NA,NA,NA,171,0abc6ab3-5e04-4276-bb91-71aaf4b99d29,NA,1,NA,NA,8/8/2024 18:00,78336f01-b50a-4f86-8696-4a6bffcfc293,8/8/2024 21:43,agoebl,8/8/2024 21:43,agoebl,3908,NA,50,ARFR4-SOS-AZ930-422-NAVAJO-18,#D53E4F,-110.431,36.56805,15 - 20 Deg. F. / 6 - 12,Lats corrected 20230127,15 - 20 Deg. F.,12-Jun,15 - 20 Deg. F. / 6 - 12,15 - 20 / semi-arid,AZ.2,#ee5c42,"semi-arid, warm",#D53E4F,B,NA,NA
ARFR-WY040-71-10,black,3,10,51,NA,544,1,NA,58.49,N,NA,NA,NA,NA,58.49,0,0,0,Missing? Zeros for inf added since didn't flwr,Y,172,32b4fe20-3859-42f3-8cfa-0d383bec23e4,NA,NA,NA,H,8/8/2024 18:00,78336f01-b50a-4f86-8696-4a6bffcfc293,8/8/2024 21:43,agoebl,8/8/2024 21:43,agoebl,3909,NA,51,ARFR4-SOS-WY040-71-10,#66C2A5,-109.2433156,41.13271889,5 - 10 Deg. F. / 3 - 6,,5 - 10 Deg. F.,6-Mar,5 - 10 Deg. F. / 3 - 6,5 - 10 / semi-humid,WY.1,#a5c2f1,"semi-humid, cold",#66C2A5,I,NA,Y
ARFR-WY050-49-FREMONT-12,black,3,10,52,NA,545,1,1,NA,N,NA,NA,NA,NA,NA,NA,NA,NA,NA,NA,173,b6f692b1-1203-44d8-b7ec-8c6e08c25b46,NA,1,NA,NA,8/8/2024 18:00,78336f01-b50a-4f86-8696-4a6bffcfc293,8/8/2024 21:43,agoebl,8/8/2024 21:43,agoebl,3910,NA,52,ARFR4-SOS-WY050-49-FREMONT-12,#5E4FA2,-109.34775,43.42663611,5 - 10 Deg. F. / 6 - 12,,5 - 10 Deg. F.,12-Jun,5 - 10 Deg. F. / 6 - 12,5 - 10 / semi-arid,WY.3,#ffb90f,"semi-arid, cold",#5E4FA2,K,NA,NA
ARFR-WY050-49-FREMONT-12,black,3,10,53,NA,546,1,1,NA,N,NA,NA,NA,NA,NA,NA,NA,NA,NA,NA,174,000caeb5-43cf-4f36-b380-0b3ceee02f24,NA,1,NA,Dry,8/8/2024 18:00,78336f01-b50a-4f86-8696-4a6bffcfc293,8/8/2024 21:43,agoebl,8/8/2024 21:43,agoebl,3911,NA,53,ARFR4-SOS-WY050-49-FREMONT-12,#5E4FA2,-109.34775,43.42663611,5 - 10 Deg. F. / 6 - 12,,5 - 10 Deg. F.,12-Jun,5 - 10 Deg. F. / 6 - 12,5 - 10 / semi-arid,WY.3,#ffb90f,"semi-arid, cold",#5E4FA2,K,NA,NA
ARFR-WY930-44-LASANIMAS-13,black,3,10,54,NA,547,1,1,NA,N,NA,NA,NA,NA,NA,NA,NA,NA,NA,NA,175,b0375dab-2197-4c30-8cb5-a9c76aa7533e,NA,1,NA,NA,8/8/2024 18:00,78336f01-b50a-4f86-8696-4a6bffcfc293,8/8/2024 21:43,agoebl,8/8/2024 21:43,agoebl,3912,NA,54,ARFR4-SOS-WY930-44-LASANIMAS-13,#FDAE61,-104.6423889,37.16547222,15 - 20 Deg. F. / 3 - 6,,15 - 20 Deg. F.,6-Mar,15 - 20 Deg. F. / 3 - 6,15 - 20 / semi-humid,CO.1,#698b69,"semi-humid, warm",#FDAE61,D,NA,NA
ARFR-UT080-109-UINTAH-12,black,3,10,55,200,548,1,1,NA,N,NA,NA,NA,NA,NA,NA,NA,NA,NA,NA,176,f951e28e-22d3-4cc9-8a6e-cf326e6ac182,NA,1,NA,NA,8/8/2024 18:00,78336f01-b50a-4f86-8696-4a6bffcfc293,8/8/2024 21:43,agoebl,8/8/2024 21:43,agoebl,3913,NA,55,ARFR4-SOS-UT080-109-UINTAH-12,#aabe7f,-109.1426444,39.70802222,10 - 15 Deg. F. / 3 - 6,,10 - 15 Deg. F.,6-Mar,10 - 15 Deg. F. / 3 - 6,10 - 15 / semi-humid,UT.1,#66e566,"semi-humid, cool",#aabe7f,G,NA,NA
ARFR-WY050-49-FREMONT-12,black,3,11,1,201,549,1,1,NA,N,NA,NA,NA,NA,NA,NA,NA,NA,NA,NA,177,fc0a7ccc-741b-41ef-ad9b-3d28bfc32d25,NA,1,NA,NA,8/8/2024 18:00,2910da48-75b6-4ecd-a677-deb75d7e5ccf,8/8/2024 21:43,agoebl,8/8/2024 21:43,agoebl,3914,NA,1,ARFR4-SOS-WY050-49-FREMONT-12,#5E4FA2,-109.34775,43.42663611,5 - 10 Deg. F. / 6 - 12,,5 - 10 Deg. F.,12-Jun,5 - 10 Deg. F. / 6 - 12,5 - 10 / semi-arid,WY.3,#ffb90f,"semi-arid, cold",#5E4FA2,K,NA,NA
ARFR-NM930N-66-11,black,3,11,2,NA,550,1,1,NA,N,NA,NA,NA,NA,NA,NA,NA,NA,NA,NA,178,e935bd62-0e11-451a-9bc8-f9f681fad445,NA,1,NA,NA,8/8/2024 18:00,2910da48-75b6-4ecd-a677-deb75d7e5ccf,8/8/2024 21:43,agoebl,8/8/2024 21:43,agoebl,3915,NA,2,ARFR4-SOS-NM930N-66-11,#F46D43,-107.2045028,36.76818611,10 - 15 Deg. F. / 3 - 6,,10 - 15 Deg. F.,6-Mar,10 - 15 Deg. F. / 3 - 6,10 - 15 / semi-humid,NM.1,#66e566,"semi-humid, cool",#F46D43,C,NA,NA
ARFR-CO932-294-11,black,3,11,3,NA,551,1,1,NA,N,NA,NA,NA,NA,NA,NA,NA,NA,NA,NA,179,367d7fd7-faee-4283-ad6c-4db229df1e5b,NA,1,NA,NA,8/8/2024 18:00,2910da48-75b6-4ecd-a677-deb75d7e5ccf,8/8/2024 21:43,agoebl,8/8/2024 21:43,agoebl,3916,NA,3,ARFR4-SOS-CO932-294-11,#ABDDA4,-105.2030833,39.78458333,15 - 20 Deg. F. / 3 - 6,,15 - 20 Deg. F.,6-Mar,15 - 20 Deg. F. / 3 - 6,15 - 20 / semi-humid,CO.4,#698b69,"semi-humid, warm",#ABDDA4,H,NA,NA
ARFR-WY050-49-FREMONT-12,black,3,11,4,NA,552,1,1,NA,N,NA,NA,NA,NA,NA,NA,NA,NA,NA,NA,180,05b772c5-cfa6-44dc-86c7-ed40a45c7a7e,NA,1,NA,NA,8/8/2024 18:00,2910da48-75b6-4ecd-a677-deb75d7e5ccf,8/8/2024 21:43,agoebl,8/8/2024 21:43,agoebl,3917,NA,4,ARFR4-SOS-WY050-49-FREMONT-12,#5E4FA2,-109.34775,43.42663611,5 - 10 Deg. F. / 6 - 12,,5 - 10 Deg. F.,12-Jun,5 - 10 Deg. F. / 6 - 12,5 - 10 / semi-arid,WY.3,#ffb90f,"semi-arid, cold",#5E4FA2,K,NA,NA
ARFR-UT080-109-UINTAH-12,black,3,11,5,202,553,1,1,NA,N,NA,NA,NA,NA,NA,NA,NA,NA,NA,NA,181,51963cde-7bc7-4c5e-860c-7d2f9e8dccc5,NA,1,NA,NA,8/8/2024 18:00,2910da48-75b6-4ecd-a677-deb75d7e5ccf,8/8/2024 21:43,agoebl,8/8/2024 21:43,agoebl,3918,NA,5,ARFR4-SOS-UT080-109-UINTAH-12,#aabe7f,-109.1426444,39.70802222,10 - 15 Deg. F. / 3 - 6,,10 - 15 Deg. F.,6-Mar,10 - 15 Deg. F. / 3 - 6,10 - 15 / semi-humid,UT.1,#66e566,"semi-humid, cool",#aabe7f,G,NA,NA
ARFR-CO932-314-JEFFERSON-12,black,3,11,6,NA,554,1,1,NA,N,NA,NA,NA,NA,NA,NA,NA,NA,NA,NA,182,6b280f66-c6d0-4468-a967-39e8c51be8b3,NA,1,NA,NA,8/8/2024 18:00,2910da48-75b6-4ecd-a677-deb75d7e5ccf,8/8/2024 21:43,agoebl,8/8/2024 21:43,agoebl,3919,NA,6,ARFR4-SOS-CO932-314-JEFFERSON-12,#FEE08B,-105.3553333,39.40902778,10 - 15 Deg. F. / 3 - 6,,10 - 15 Deg. F.,6-Mar,10 - 15 Deg. F. / 3 - 6,10 - 15 / semi-humid,CO.2,#66e566,"semi-humid, cool",#FEE08B,E,NA,NA
ARFR-CO932-314-JEFFERSON-12,black,3,11,7,NA,555,1,1,NA,N,NA,NA,NA,NA,NA,NA,NA,NA,NA,NA,183,49cd1162-75b1-461c-9fb3-3b6fbf3145ab,NA,1,NA,NA,8/8/2024 18:00,2910da48-75b6-4ecd-a677-deb75d7e5ccf,8/8/2024 21:43,agoebl,8/8/2024 21:43,agoebl,3920,NA,7,ARFR4-SOS-CO932-314-JEFFERSON-12,#FEE08B,-105.3553333,39.40902778,10 - 15 Deg. F. / 3 - 6,,10 - 15 Deg. F.,6-Mar,10 - 15 Deg. F. / 3 - 6,10 - 15 / semi-humid,CO.2,#66e566,"semi-humid, cool",#FEE08B,E,NA,NA
ARFR-CO932-316-JEFFERSON-12,black,3,11,8,NA,556,1,NA,82.492,N,NA,NA,NA,NA,82.492,13.93,7.47,2.48,NA,Y,184,d2eba4c0-eb17-4a21-aafd-969d8375eb3a,NA,NA,NA,H,8/8/2024 18:00,2910da48-75b6-4ecd-a677-deb75d7e5ccf,8/8/2024 21:43,agoebl,8/8/2024 21:43,agoebl,3921,NA,8,ARFR4-SOS-CO932-316-JEFFERSON-12,#FFFF85,-105.358,39.66325,15 - 20 Deg. F. / 3 - 6,,15 - 20 Deg. F.,6-Mar,15 - 20 Deg. F. / 3 - 6,15 - 20 / semi-humid,CO.3,#698b69,"semi-humid, warm",#FFFF85,F,NA,NA
ARFR-WY050-151-FREMONT-16,black,3,11,9,NA,557,1,1,NA,N,NA,NA,NA,NA,NA,NA,NA,NA,NA,NA,185,5cd6dec7-4a3f-4263-a770-099b29b19cec,NA,1,NA,"Small, dry",8/8/2024 18:00,2910da48-75b6-4ecd-a677-deb75d7e5ccf,8/8/2024 21:43,agoebl,8/8/2024 21:43,agoebl,3922,NA,9,ARFR4-SOS-WY050-151-FREMONT-16,#3288BD,-108.1704472,42.47886111,10 - 15 Deg. F. / 6 - 12,,10 - 15 Deg. F.,12-Jun,10 - 15 Deg. F. / 6 - 12,10 - 15 / semi-arid,WY.2,#cd8500,"semi-arid, cool",#3288BD,J,NA,NA
ARFR-WY050-151-FREMONT-16,black,3,11,10,203,558,1,1,NA,N,NA,NA,NA,NA,NA,NA,NA,NA,NA,NA,186,2abb2dfb-0a24-434b-914f-8661bb6f25b1,NA,1,NA,NA,8/8/2024 18:00,2910da48-75b6-4ecd-a677-deb75d7e5ccf,8/8/2024 21:43,agoebl,8/8/2024 21:43,agoebl,3923,NA,10,ARFR4-SOS-WY050-151-FREMONT-16,#3288BD,-108.1704472,42.47886111,10 - 15 Deg. F. / 6 - 12,,10 - 15 Deg. F.,12-Jun,10 - 15 Deg. F. / 6 - 12,10 - 15 / semi-arid,WY.2,#cd8500,"semi-arid, cool",#3288BD,J,NA,NA
ARFR-WY050-49-FREMONT-12,black,3,11,11,NA,559,1,1,NA,Y,0.0057,0.493,8.649122807,NA,NA,NA,NA,NA,NA,NA,187,7befb040-8696-4166-a0e7-eaa239c8d6a1,NA,1,NA,NA,8/8/2024 18:00,2910da48-75b6-4ecd-a677-deb75d7e5ccf,8/8/2024 21:43,agoebl,8/8/2024 21:43,agoebl,3924,NA,11,ARFR4-SOS-WY050-49-FREMONT-12,#5E4FA2,-109.34775,43.42663611,5 - 10 Deg. F. / 6 - 12,,5 - 10 Deg. F.,12-Jun,5 - 10 Deg. F. / 6 - 12,5 - 10 / semi-arid,WY.3,#ffb90f,"semi-arid, cold",#5E4FA2,K,NA,NA
ARFR-WY040-71-10,black,3,11,12,NA,560,1,1,NA,N,NA,NA,NA,NA,NA,NA,NA,NA,NA,NA,188,2cf8161e-4f86-4ef1-8137-d55e2e180d64,NA,1,NA,Small,8/8/2024 18:00,2910da48-75b6-4ecd-a677-deb75d7e5ccf,8/8/2024 21:43,agoebl,8/8/2024 21:43,agoebl,3925,NA,12,ARFR4-SOS-WY040-71-10,#66C2A5,-109.2433156,41.13271889,5 - 10 Deg. F. / 3 - 6,,5 - 10 Deg. F.,6-Mar,5 - 10 Deg. F. / 3 - 6,5 - 10 / semi-humid,WY.1,#a5c2f1,"semi-humid, cold",#66C2A5,I,NA,NA
ARFR-UT080-109-UINTAH-12,black,3,11,13,NA,561,1,1,NA,N,NA,NA,NA,NA,NA,NA,NA,NA,NA,NA,189,96397cd7-0dd4-483d-8ff1-f33fe0420f7d,NA,1,NA,NA,8/8/2024 18:00,2910da48-75b6-4ecd-a677-deb75d7e5ccf,8/8/2024 21:43,agoebl,8/8/2024 21:43,agoebl,3926,NA,13,ARFR4-SOS-UT080-109-UINTAH-12,#aabe7f,-109.1426444,39.70802222,10 - 15 Deg. F. / 3 - 6,,10 - 15 Deg. F.,6-Mar,10 - 15 Deg. F. / 3 - 6,10 - 15 / semi-humid,UT.1,#66e566,"semi-humid, cool",#aabe7f,G,NA,NA
ARFR-WY050-151-FREMONT-16,black,3,11,14,NA,562,1,1,NA,N,NA,NA,NA,NA,NA,NA,NA,NA,NA,NA,190,ee407946-5d94-4cd9-a73d-8517a0c58bfd,NA,1,NA,NA,8/8/2024 18:00,2910da48-75b6-4ecd-a677-deb75d7e5ccf,8/8/2024 21:43,agoebl,8/8/2024 21:43,agoebl,3927,NA,14,ARFR4-SOS-WY050-151-FREMONT-16,#3288BD,-108.1704472,42.47886111,10 - 15 Deg. F. / 6 - 12,,10 - 15 Deg. F.,12-Jun,10 - 15 Deg. F. / 6 - 12,10 - 15 / semi-arid,WY.2,#cd8500,"semi-arid, cool",#3288BD,J,NA,NA
ARFR-WY930-44-LASANIMAS-13,black,3,11,15,204,563,1,1,NA,N,NA,NA,NA,NA,NA,NA,NA,NA,NA,NA,191,f2887bd4-98e2-47b6-bf7d-259bf3b4b67a,NA,1,NA,NA,8/8/2024 18:00,2910da48-75b6-4ecd-a677-deb75d7e5ccf,8/8/2024 21:43,agoebl,8/8/2024 21:43,agoebl,3928,NA,15,ARFR4-SOS-WY930-44-LASANIMAS-13,#FDAE61,-104.6423889,37.16547222,15 - 20 Deg. F. / 3 - 6,,15 - 20 Deg. F.,6-Mar,15 - 20 Deg. F. / 3 - 6,15 - 20 / semi-humid,CO.1,#698b69,"semi-humid, warm",#FDAE61,D,NA,NA
ARFR-CO932-316-JEFFERSON-12,black,3,11,16,NA,564,1,1,NA,N,NA,NA,NA,NA,NA,NA,NA,NA,NA,NA,192,fbd88e7b-a58d-4933-8a67-76519882a963,NA,1,NA,NA,8/8/2024 18:00,2910da48-75b6-4ecd-a677-deb75d7e5ccf,8/8/2024 21:43,agoebl,8/8/2024 21:43,agoebl,3929,NA,16,ARFR4-SOS-CO932-316-JEFFERSON-12,#FFFF85,-105.358,39.66325,15 - 20 Deg. F. / 3 - 6,,15 - 20 Deg. F.,6-Mar,15 - 20 Deg. F. / 3 - 6,15 - 20 / semi-humid,CO.3,#698b69,"semi-humid, warm",#FFFF85,F,NA,NA
ARFR-CO932-316-JEFFERSON-12,black,3,11,17,NA,565,1,1,NA,N,NA,NA,NA,NA,NA,NA,NA,NA,NA,NA,193,fe9e171d-c979-47d8-818d-06f8ba30676f,NA,1,NA,NA,8/8/2024 18:00,2910da48-75b6-4ecd-a677-deb75d7e5ccf,8/8/2024 21:43,agoebl,8/8/2024 21:43,agoebl,3930,NA,17,ARFR4-SOS-CO932-316-JEFFERSON-12,#FFFF85,-105.358,39.66325,15 - 20 Deg. F. / 3 - 6,,15 - 20 Deg. F.,6-Mar,15 - 20 Deg. F. / 3 - 6,15 - 20 / semi-humid,CO.3,#698b69,"semi-humid, warm",#FFFF85,F,NA,NA
ARFR-WY050-49-FREMONT-12,black,3,11,18,NA,566,1,1,NA,N,NA,NA,NA,NA,NA,NA,NA,NA,NA,NA,194,4c2364c2-335c-4e16-851d-c8fa8076ac72,NA,0,NA,Small,8/8/2024 18:00,2910da48-75b6-4ecd-a677-deb75d7e5ccf,8/8/2024 21:43,agoebl,8/8/2024 21:43,agoebl,3931,NA,18,ARFR4-SOS-WY050-49-FREMONT-12,#5E4FA2,-109.34775,43.42663611,5 - 10 Deg. F. / 6 - 12,,5 - 10 Deg. F.,12-Jun,5 - 10 Deg. F. / 6 - 12,5 - 10 / semi-arid,WY.3,#ffb90f,"semi-arid, cold",#5E4FA2,K,NA,NA
ARFR-AZ930-423-NAVAJO-18,black,3,11,19,NA,567,1,1,NA,N,NA,NA,NA,NA,NA,NA,NA,NA,NA,NA,195,c4b1792d-500e-4c1e-b1e8-5a0edf9f2ead,NA,1,NA,NA,8/8/2024 18:00,2910da48-75b6-4ecd-a677-deb75d7e5ccf,8/8/2024 21:43,agoebl,8/8/2024 21:43,agoebl,3932,NA,19,ARFR4-SOS-AZ930-423-NAVAJO-18,#9E0142,-110.431,36.45877,15 - 20 Deg. F. / 6 - 12,SdZones downloaded 20230823,15 - 20 Deg. F.,12-Jun,15 - 20 Deg. F. / 6 - 12,15 - 20 / semi-arid,AZ.1,#ee5c42,"semi-arid, warm",#9E0142,A,NA,NA
ARFR-UT080-109-UINTAH-12,black,3,11,20,205,568,1,1,NA,N,NA,NA,NA,NA,NA,NA,NA,NA,NA,NA,196,7a1fbfa5-45fd-4bdb-89c4-91159e7f5c98,NA,1,NA,NA,8/8/2024 18:00,2910da48-75b6-4ecd-a677-deb75d7e5ccf,8/8/2024 21:43,agoebl,8/8/2024 21:43,agoebl,3933,NA,20,ARFR4-SOS-UT080-109-UINTAH-12,#aabe7f,-109.1426444,39.70802222,10 - 15 Deg. F. / 3 - 6,,10 - 15 Deg. F.,6-Mar,10 - 15 Deg. F. / 3 - 6,10 - 15 / semi-humid,UT.1,#66e566,"semi-humid, cool",#aabe7f,G,NA,NA
ARFR-AZ930-423-NAVAJO-18,black,3,11,21,NA,569,1,1,NA,N,NA,NA,NA,NA,NA,NA,NA,NA,NA,NA,197,275a6c68-da0b-4db8-bb0a-9767979e5dc4,NA,1,NA,NA,8/8/2024 18:00,2910da48-75b6-4ecd-a677-deb75d7e5ccf,8/8/2024 21:43,agoebl,8/8/2024 21:43,agoebl,3934,NA,21,ARFR4-SOS-AZ930-423-NAVAJO-18,#9E0142,-110.431,36.45877,15 - 20 Deg. F. / 6 - 12,SdZones downloaded 20230823,15 - 20 Deg. F.,12-Jun,15 - 20 Deg. F. / 6 - 12,15 - 20 / semi-arid,AZ.1,#ee5c42,"semi-arid, warm",#9E0142,A,NA,NA
ARFR-NM930N-66-11,black,3,11,22,NA,570,1,1,NA,N,NA,NA,NA,NA,NA,NA,NA,NA,NA,NA,198,901b7c8c-ef36-4184-805f-5e08ab6ed73b,NA,1,NA,NA,8/8/2024 18:00,2910da48-75b6-4ecd-a677-deb75d7e5ccf,8/8/2024 21:43,agoebl,8/8/2024 21:43,agoebl,3935,NA,22,ARFR4-SOS-NM930N-66-11,#F46D43,-107.2045028,36.76818611,10 - 15 Deg. F. / 3 - 6,,10 - 15 Deg. F.,6-Mar,10 - 15 Deg. F. / 3 - 6,10 - 15 / semi-humid,NM.1,#66e566,"semi-humid, cool",#F46D43,C,NA,NA
ARFR-CO932-316-JEFFERSON-12,black,3,11,23,NA,571,1,1,NA,N,NA,NA,NA,NA,NA,NA,NA,NA,NA,NA,199,b51614f9-b77f-4d0f-af67-19697be2f747,NA,1,NA,NA,8/8/2024 18:00,2910da48-75b6-4ecd-a677-deb75d7e5ccf,8/8/2024 21:43,agoebl,8/8/2024 21:43,agoebl,3936,NA,23,ARFR4-SOS-CO932-316-JEFFERSON-12,#FFFF85,-105.358,39.66325,15 - 20 Deg. F. / 3 - 6,,15 - 20 Deg. F.,6-Mar,15 - 20 Deg. F. / 3 - 6,15 - 20 / semi-humid,CO.3,#698b69,"semi-humid, warm",#FFFF85,F,NA,NA
ARFR-WY050-49-FREMONT-12,black,3,11,24,NA,572,1,1,NA,Y,0.0028,0.626,22.35714286,NA,NA,NA,NA,NA,NA,NA,200,e6b2c51a-e057-44fc-8a67-2a11afb6b05c,NA,1,NA,NA,8/8/2024 18:00,2910da48-75b6-4ecd-a677-deb75d7e5ccf,8/8/2024 21:43,agoebl,8/8/2024 21:43,agoebl,3937,NA,24,ARFR4-SOS-WY050-49-FREMONT-12,#5E4FA2,-109.34775,43.42663611,5 - 10 Deg. F. / 6 - 12,,5 - 10 Deg. F.,12-Jun,5 - 10 Deg. F. / 6 - 12,5 - 10 / semi-arid,WY.3,#ffb90f,"semi-arid, cold",#5E4FA2,K,NA,NA
ARFR-WY930-44-LASANIMAS-13,black,3,11,25,206,573,1,1,NA,N,NA,NA,NA,NA,NA,NA,NA,NA,NA,NA,201,09baed25-132e-4848-a44a-962307a3a028,NA,1,NA,NA,8/8/2024 18:00,2910da48-75b6-4ecd-a677-deb75d7e5ccf,8/8/2024 21:43,agoebl,8/8/2024 21:43,agoebl,3938,NA,25,ARFR4-SOS-WY930-44-LASANIMAS-13,#FDAE61,-104.6423889,37.16547222,15 - 20 Deg. F. / 3 - 6,,15 - 20 Deg. F.,6-Mar,15 - 20 Deg. F. / 3 - 6,15 - 20 / semi-humid,CO.1,#698b69,"semi-humid, warm",#FDAE61,D,NA,NA
ARFR-WY050-49-FREMONT-12,black,3,11,26,NA,574,1,1,NA,N,NA,NA,NA,NA,NA,NA,NA,NA,NA,NA,202,a2da933a-06bb-43b5-94e8-23331618794d,NA,1,NA,NA,8/8/2024 18:00,2910da48-75b6-4ecd-a677-deb75d7e5ccf,8/8/2024 21:43,agoebl,8/8/2024 21:43,agoebl,3939,NA,26,ARFR4-SOS-WY050-49-FREMONT-12,#5E4FA2,-109.34775,43.42663611,5 - 10 Deg. F. / 6 - 12,,5 - 10 Deg. F.,12-Jun,5 - 10 Deg. F. / 6 - 12,5 - 10 / semi-arid,WY.3,#ffb90f,"semi-arid, cold",#5E4FA2,K,NA,NA
ARFR-WY040-71-10,black,3,11,27,NA,575,1,1,NA,Y,0.0066,1.058,16.03030303,NA,NA,NA,NA,NA,NA,NA,203,1c55a7fa-79cb-4971-bdf7-ae840a2cb156,NA,0,NA,NA,8/8/2024 18:00,2910da48-75b6-4ecd-a677-deb75d7e5ccf,8/8/2024 21:43,agoebl,8/8/2024 21:43,agoebl,3940,NA,27,ARFR4-SOS-WY040-71-10,#66C2A5,-109.2433156,41.13271889,5 - 10 Deg. F. / 3 - 6,,5 - 10 Deg. F.,6-Mar,5 - 10 Deg. F. / 3 - 6,5 - 10 / semi-humid,WY.1,#a5c2f1,"semi-humid, cold",#66C2A5,I,NA,NA
ARFR-CO932-316-JEFFERSON-12,black,3,11,28,NA,576,1,1,NA,N,NA,NA,NA,NA,NA,NA,NA,NA,NA,NA,204,7e26d102-c0a7-4f07-8e2f-21834ea7a0d2,NA,1,NA,NA,8/8/2024 18:00,2910da48-75b6-4ecd-a677-deb75d7e5ccf,8/8/2024 21:43,agoebl,8/8/2024 21:43,agoebl,3941,NA,28,ARFR4-SOS-CO932-316-JEFFERSON-12,#FFFF85,-105.358,39.66325,15 - 20 Deg. F. / 3 - 6,,15 - 20 Deg. F.,6-Mar,15 - 20 Deg. F. / 3 - 6,15 - 20 / semi-humid,CO.3,#698b69,"semi-humid, warm",#FFFF85,F,NA,NA
ARFR-CO932-294-11,black,3,11,29,NA,577,1,1,NA,N,NA,NA,NA,NA,NA,NA,NA,NA,NA,NA,205,61b84088-8c09-43e4-b06e-1def431a83d2,NA,1,NA,NA,8/8/2024 18:00,2910da48-75b6-4ecd-a677-deb75d7e5ccf,8/8/2024 21:43,agoebl,8/8/2024 21:43,agoebl,3942,NA,29,ARFR4-SOS-CO932-294-11,#ABDDA4,-105.2030833,39.78458333,15 - 20 Deg. F. / 3 - 6,,15 - 20 Deg. F.,6-Mar,15 - 20 Deg. F. / 3 - 6,15 - 20 / semi-humid,CO.4,#698b69,"semi-humid, warm",#ABDDA4,H,NA,NA
ARFR-CO932-314-JEFFERSON-12,black,3,11,30,207,578,1,1,NA,N,NA,NA,NA,NA,NA,NA,NA,NA,NA,NA,206,d5cbb6d0-b1a0-411e-b600-8826f5d65f29,NA,1,NA,NA,8/8/2024 18:00,2910da48-75b6-4ecd-a677-deb75d7e5ccf,8/8/2024 21:43,agoebl,8/8/2024 21:43,agoebl,3943,NA,30,ARFR4-SOS-CO932-314-JEFFERSON-12,#FEE08B,-105.3553333,39.40902778,10 - 15 Deg. F. / 3 - 6,,10 - 15 Deg. F.,6-Mar,10 - 15 Deg. F. / 3 - 6,10 - 15 / semi-humid,CO.2,#66e566,"semi-humid, cool",#FEE08B,E,NA,NA
ARFR-AZ930-423-NAVAJO-18,black,3,11,31,NA,579,1,1,NA,N,NA,NA,NA,NA,NA,NA,NA,NA,NA,NA,207,6596afbf-c1b8-49fd-9dee-5c02f56e6f9a,NA,1,NA,NA,8/8/2024 18:00,2910da48-75b6-4ecd-a677-deb75d7e5ccf,8/8/2024 21:43,agoebl,8/8/2024 21:43,agoebl,3944,NA,31,ARFR4-SOS-AZ930-423-NAVAJO-18,#9E0142,-110.431,36.45877,15 - 20 Deg. F. / 6 - 12,SdZones downloaded 20230823,15 - 20 Deg. F.,12-Jun,15 - 20 Deg. F. / 6 - 12,15 - 20 / semi-arid,AZ.1,#ee5c42,"semi-arid, warm",#9E0142,A,NA,NA
ARFR-AZ930-422-NAVAJO-18,black,3,11,32,NA,580,1,1,NA,N,NA,NA,NA,NA,NA,NA,NA,NA,NA,NA,208,cf925710-c7b7-408e-bba3-e93061992ea9,NA,1,NA,Dry,8/8/2024 18:00,2910da48-75b6-4ecd-a677-deb75d7e5ccf,8/8/2024 21:43,agoebl,8/8/2024 21:43,agoebl,3945,NA,32,ARFR4-SOS-AZ930-422-NAVAJO-18,#D53E4F,-110.431,36.56805,15 - 20 Deg. F. / 6 - 12,Lats corrected 20230127,15 - 20 Deg. F.,12-Jun,15 - 20 Deg. F. / 6 - 12,15 - 20 / semi-arid,AZ.2,#ee5c42,"semi-arid, warm",#D53E4F,B,NA,NA
ARFR-UT080-109-UINTAH-12,black,3,11,33,NA,581,1,1,NA,N,NA,NA,NA,NA,NA,NA,NA,NA,NA,NA,209,dd368532-1abc-46e1-8b86-abe97b522be3,NA,1,NA,NA,8/8/2024 18:00,2910da48-75b6-4ecd-a677-deb75d7e5ccf,8/8/2024 21:43,agoebl,8/8/2024 21:43,agoebl,3946,NA,33,ARFR4-SOS-UT080-109-UINTAH-12,#aabe7f,-109.1426444,39.70802222,10 - 15 Deg. F. / 3 - 6,,10 - 15 Deg. F.,6-Mar,10 - 15 Deg. F. / 3 - 6,10 - 15 / semi-humid,UT.1,#66e566,"semi-humid, cool",#aabe7f,G,NA,NA
ARFR-CO932-316-JEFFERSON-12,black,3,11,34,NA,582,1,1,NA,N,NA,NA,NA,NA,NA,NA,NA,NA,NA,NA,210,a0027b03-797f-4677-a383-c0167bd07aff,NA,1,NA,NA,8/8/2024 18:00,2910da48-75b6-4ecd-a677-deb75d7e5ccf,8/8/2024 21:43,agoebl,8/8/2024 21:43,agoebl,3947,NA,34,ARFR4-SOS-CO932-316-JEFFERSON-12,#FFFF85,-105.358,39.66325,15 - 20 Deg. F. / 3 - 6,,15 - 20 Deg. F.,6-Mar,15 - 20 Deg. F. / 3 - 6,15 - 20 / semi-humid,CO.3,#698b69,"semi-humid, warm",#FFFF85,F,NA,NA
ARFR-WY040-71-10,black,3,11,35,208,583,1,1,NA,N,NA,NA,NA,NA,NA,NA,NA,NA,NA,NA,211,a190bee2-efa5-4a23-a902-b946da747e0a,NA,1,NA,NA,8/8/2024 18:00,2910da48-75b6-4ecd-a677-deb75d7e5ccf,8/8/2024 21:43,agoebl,8/8/2024 21:43,agoebl,3948,NA,35,ARFR4-SOS-WY040-71-10,#66C2A5,-109.2433156,41.13271889,5 - 10 Deg. F. / 3 - 6,,5 - 10 Deg. F.,6-Mar,5 - 10 Deg. F. / 3 - 6,5 - 10 / semi-humid,WY.1,#a5c2f1,"semi-humid, cold",#66C2A5,I,NA,NA
ARFR-CO932-316-JEFFERSON-12,black,3,11,36,NA,584,1,1,NA,N,NA,NA,NA,NA,NA,NA,NA,NA,NA,NA,212,583910a9-15f3-4d89-ab18-4ae293576e59,NA,1,NA,NA,8/8/2024 18:00,2910da48-75b6-4ecd-a677-deb75d7e5ccf,8/8/2024 21:43,agoebl,8/8/2024 21:43,agoebl,3949,NA,36,ARFR4-SOS-CO932-316-JEFFERSON-12,#FFFF85,-105.358,39.66325,15 - 20 Deg. F. / 3 - 6,,15 - 20 Deg. F.,6-Mar,15 - 20 Deg. F. / 3 - 6,15 - 20 / semi-humid,CO.3,#698b69,"semi-humid, warm",#FFFF85,F,NA,NA
ARFR-UT080-109-UINTAH-12,black,3,11,37,NA,585,1,1,NA,N,NA,NA,NA,NA,NA,NA,NA,NA,NA,NA,213,e73b38de-50a6-4233-8f6f-fcfa6a0f3aa1,NA,1,NA,NA,8/8/2024 18:00,2910da48-75b6-4ecd-a677-deb75d7e5ccf,8/8/2024 21:43,agoebl,8/8/2024 21:43,agoebl,3950,NA,37,ARFR4-SOS-UT080-109-UINTAH-12,#aabe7f,-109.1426444,39.70802222,10 - 15 Deg. F. / 3 - 6,,10 - 15 Deg. F.,6-Mar,10 - 15 Deg. F. / 3 - 6,10 - 15 / semi-humid,UT.1,#66e566,"semi-humid, cool",#aabe7f,G,NA,NA
ARFR-AZ930-423-NAVAJO-18,black,3,11,38,NA,586,1,1,NA,N,NA,NA,NA,NA,NA,NA,NA,NA,NA,NA,214,efab121a-6fe3-42bf-832c-5077eff1fc8d,NA,1,NA,NA,8/8/2024 18:00,2910da48-75b6-4ecd-a677-deb75d7e5ccf,8/8/2024 21:43,agoebl,8/8/2024 21:43,agoebl,3951,NA,38,ARFR4-SOS-AZ930-423-NAVAJO-18,#9E0142,-110.431,36.45877,15 - 20 Deg. F. / 6 - 12,SdZones downloaded 20230823,15 - 20 Deg. F.,12-Jun,15 - 20 Deg. F. / 6 - 12,15 - 20 / semi-arid,AZ.1,#ee5c42,"semi-arid, warm",#9E0142,A,NA,NA
ARFR-CO932-314-JEFFERSON-12,black,3,11,39,NA,587,1,1,NA,N,NA,NA,NA,NA,NA,NA,NA,NA,NA,NA,215,4ea21167-8375-4e73-be33-71cfb371c887,NA,1,NA,NA,8/8/2024 18:00,2910da48-75b6-4ecd-a677-deb75d7e5ccf,8/8/2024 21:43,agoebl,8/8/2024 21:43,agoebl,3952,NA,39,ARFR4-SOS-CO932-314-JEFFERSON-12,#FEE08B,-105.3553333,39.40902778,10 - 15 Deg. F. / 3 - 6,,10 - 15 Deg. F.,6-Mar,10 - 15 Deg. F. / 3 - 6,10 - 15 / semi-humid,CO.2,#66e566,"semi-humid, cool",#FEE08B,E,NA,NA
ARFR-NM930N-66-11,black,3,11,40,209,588,1,1,NA,N,NA,NA,NA,NA,NA,NA,NA,NA,NA,NA,216,9a65780b-a5dc-44f5-ab91-ee57534d3aa2,NA,1,NA,NA,8/8/2024 18:00,2910da48-75b6-4ecd-a677-deb75d7e5ccf,8/8/2024 21:43,agoebl,8/8/2024 21:43,agoebl,3953,NA,40,ARFR4-SOS-NM930N-66-11,#F46D43,-107.2045028,36.76818611,10 - 15 Deg. F. / 3 - 6,,10 - 15 Deg. F.,6-Mar,10 - 15 Deg. F. / 3 - 6,10 - 15 / semi-humid,NM.1,#66e566,"semi-humid, cool",#F46D43,C,NA,NA
ARFR-AZ930-422-NAVAJO-18,black,3,11,41,NA,589,1,1,NA,N,NA,NA,NA,NA,NA,NA,NA,NA,NA,NA,217,fa82fe24-6137-4365-9a20-ff39e819ce7e,NA,1,NA,NA,8/8/2024 18:00,2910da48-75b6-4ecd-a677-deb75d7e5ccf,8/8/2024 21:43,agoebl,8/8/2024 21:43,agoebl,3954,NA,41,ARFR4-SOS-AZ930-422-NAVAJO-18,#D53E4F,-110.431,36.56805,15 - 20 Deg. F. / 6 - 12,Lats corrected 20230127,15 - 20 Deg. F.,12-Jun,15 - 20 Deg. F. / 6 - 12,15 - 20 / semi-arid,AZ.2,#ee5c42,"semi-arid, warm",#D53E4F,B,NA,NA
ARFR-AZ930-422-NAVAJO-18,black,3,11,42,NA,590,1,1,NA,N,NA,NA,NA,NA,NA,NA,NA,NA,NA,NA,218,af6053b3-4940-403a-9e24-1ad15c3f068e,NA,1,NA,NA,8/8/2024 18:00,2910da48-75b6-4ecd-a677-deb75d7e5ccf,8/8/2024 21:43,agoebl,8/8/2024 21:43,agoebl,3955,NA,42,ARFR4-SOS-AZ930-422-NAVAJO-18,#D53E4F,-110.431,36.56805,15 - 20 Deg. F. / 6 - 12,Lats corrected 20230127,15 - 20 Deg. F.,12-Jun,15 - 20 Deg. F. / 6 - 12,15 - 20 / semi-arid,AZ.2,#ee5c42,"semi-arid, warm",#D53E4F,B,NA,NA
ARFR-WY930-44-LASANIMAS-13,black,3,11,43,NA,591,1,1,NA,N,NA,NA,NA,NA,NA,NA,NA,NA,NA,NA,219,3ab3fd11-3a0f-4023-81e2-60cadf599923,NA,1,NA,NA,8/8/2024 18:00,2910da48-75b6-4ecd-a677-deb75d7e5ccf,8/8/2024 21:43,agoebl,8/8/2024 21:43,agoebl,3956,NA,43,ARFR4-SOS-WY930-44-LASANIMAS-13,#FDAE61,-104.6423889,37.16547222,15 - 20 Deg. F. / 3 - 6,,15 - 20 Deg. F.,6-Mar,15 - 20 Deg. F. / 3 - 6,15 - 20 / semi-humid,CO.1,#698b69,"semi-humid, warm",#FDAE61,D,NA,NA
ARFR-NM930N-66-11,black,3,11,44,NA,592,1,1,NA,Y,0.0055,0.798,14.50909091,NA,NA,NA,NA,NA,NA,NA,220,3450d940-13a2-493d-bd71-3629fb824da7,NA,1,NA,NA,8/8/2024 18:00,2910da48-75b6-4ecd-a677-deb75d7e5ccf,8/8/2024 21:43,agoebl,8/8/2024 21:43,agoebl,3957,NA,44,ARFR4-SOS-NM930N-66-11,#F46D43,-107.2045028,36.76818611,10 - 15 Deg. F. / 3 - 6,,10 - 15 Deg. F.,6-Mar,10 - 15 Deg. F. / 3 - 6,10 - 15 / semi-humid,NM.1,#66e566,"semi-humid, cool",#F46D43,C,NA,NA
ARFR-CO932-314-JEFFERSON-12,black,3,11,45,210,593,1,1,NA,N,NA,NA,NA,NA,NA,NA,NA,NA,NA,NA,221,7826edd6-1dee-4934-a98a-e629c5fe0564,NA,1,NA,NA,8/8/2024 18:00,2910da48-75b6-4ecd-a677-deb75d7e5ccf,8/8/2024 21:43,agoebl,8/8/2024 21:43,agoebl,3958,NA,45,ARFR4-SOS-CO932-314-JEFFERSON-12,#FEE08B,-105.3553333,39.40902778,10 - 15 Deg. F. / 3 - 6,,10 - 15 Deg. F.,6-Mar,10 - 15 Deg. F. / 3 - 6,10 - 15 / semi-humid,CO.2,#66e566,"semi-humid, cool",#FEE08B,E,NA,NA
ARFR-CO932-294-11,black,3,11,46,NA,594,1,1,NA,N,NA,NA,NA,NA,NA,NA,NA,NA,NA,NA,222,8d8cdda0-ff8f-49e1-8fa6-1c7f6a842bc0,NA,1,NA,NA,8/8/2024 18:00,2910da48-75b6-4ecd-a677-deb75d7e5ccf,8/8/2024 21:43,agoebl,8/8/2024 21:43,agoebl,3959,NA,46,ARFR4-SOS-CO932-294-11,#ABDDA4,-105.2030833,39.78458333,15 - 20 Deg. F. / 3 - 6,,15 - 20 Deg. F.,6-Mar,15 - 20 Deg. F. / 3 - 6,15 - 20 / semi-humid,CO.4,#698b69,"semi-humid, warm",#ABDDA4,H,NA,NA
ARFR-NM930N-66-11,black,3,11,47,NA,595,1,1,NA,Y,0.0095,1.246,13.11578947,NA,NA,NA,NA,NA,NA,NA,223,fdfb8a5f-5595-4c45-afd4-6e06c6a35274,NA,1,NA,NA,8/8/2024 18:00,2910da48-75b6-4ecd-a677-deb75d7e5ccf,8/8/2024 21:43,agoebl,8/8/2024 21:43,agoebl,3960,NA,47,ARFR4-SOS-NM930N-66-11,#F46D43,-107.2045028,36.76818611,10 - 15 Deg. F. / 3 - 6,,10 - 15 Deg. F.,6-Mar,10 - 15 Deg. F. / 3 - 6,10 - 15 / semi-humid,NM.1,#66e566,"semi-humid, cool",#F46D43,C,NA,NA
ARFR-CO932-316-JEFFERSON-12,black,3,11,48,NA,596,1,1,NA,N,NA,NA,NA,NA,NA,NA,NA,NA,NA,NA,224,25dc4710-a232-4f03-b384-061fc13282b4,NA,1,NA,NA,8/8/2024 18:00,2910da48-75b6-4ecd-a677-deb75d7e5ccf,8/8/2024 21:43,agoebl,8/8/2024 21:43,agoebl,3961,NA,48,ARFR4-SOS-CO932-316-JEFFERSON-12,#FFFF85,-105.358,39.66325,15 - 20 Deg. F. / 3 - 6,,15 - 20 Deg. F.,6-Mar,15 - 20 Deg. F. / 3 - 6,15 - 20 / semi-humid,CO.3,#698b69,"semi-humid, warm",#FFFF85,F,NA,NA
ARFR-AZ930-422-NAVAJO-18,black,3,11,49,NA,597,1,1,NA,N,NA,NA,NA,NA,NA,NA,NA,NA,NA,NA,225,313fd3bb-c1cb-4ace-870b-9c7935aa7bf0,NA,1,NA,NA,8/8/2024 18:00,2910da48-75b6-4ecd-a677-deb75d7e5ccf,8/8/2024 21:43,agoebl,8/8/2024 21:43,agoebl,3962,NA,49,ARFR4-SOS-AZ930-422-NAVAJO-18,#D53E4F,-110.431,36.56805,15 - 20 Deg. F. / 6 - 12,Lats corrected 20230127,15 - 20 Deg. F.,12-Jun,15 - 20 Deg. F. / 6 - 12,15 - 20 / semi-arid,AZ.2,#ee5c42,"semi-arid, warm",#D53E4F,B,NA,NA
ARFR-CO932-294-11,black,3,11,50,211,598,1,1,NA,N,NA,NA,NA,NA,NA,NA,NA,NA,NA,NA,226,58423cae-b026-4f95-b068-ced0685d27c4,NA,1,NA,NA,8/8/2024 18:00,2910da48-75b6-4ecd-a677-deb75d7e5ccf,8/8/2024 21:43,agoebl,8/8/2024 21:43,agoebl,3963,NA,50,ARFR4-SOS-CO932-294-11,#ABDDA4,-105.2030833,39.78458333,15 - 20 Deg. F. / 3 - 6,,15 - 20 Deg. F.,6-Mar,15 - 20 Deg. F. / 3 - 6,15 - 20 / semi-humid,CO.4,#698b69,"semi-humid, warm",#ABDDA4,H,NA,NA
ARFR-NM930N-66-11,black,3,11,51,NA,599,1,1,NA,N,NA,NA,NA,NA,NA,NA,NA,NA,NA,NA,227,f59b33d4-4d41-4b2b-a1e8-1076ecf0189e,NA,1,NA,Exposed roots,8/8/2024 18:00,2910da48-75b6-4ecd-a677-deb75d7e5ccf,8/8/2024 21:43,agoebl,8/8/2024 21:43,agoebl,3964,NA,51,ARFR4-SOS-NM930N-66-11,#F46D43,-107.2045028,36.76818611,10 - 15 Deg. F. / 3 - 6,,10 - 15 Deg. F.,6-Mar,10 - 15 Deg. F. / 3 - 6,10 - 15 / semi-humid,NM.1,#66e566,"semi-humid, cool",#F46D43,C,NA,NA
ARFR-WY040-71-10,black,3,11,52,NA,600,1,1,NA,N,NA,NA,NA,NA,NA,NA,NA,NA,NA,NA,228,d5337acd-6059-4000-870d-4cbd80bf0fe1,NA,1,NA,"Dry, nearly dead",8/8/2024 18:00,2910da48-75b6-4ecd-a677-deb75d7e5ccf,8/8/2024 21:43,agoebl,8/8/2024 21:43,agoebl,3965,NA,52,ARFR4-SOS-WY040-71-10,#66C2A5,-109.2433156,41.13271889,5 - 10 Deg. F. / 3 - 6,,5 - 10 Deg. F.,6-Mar,5 - 10 Deg. F. / 3 - 6,5 - 10 / semi-humid,WY.1,#a5c2f1,"semi-humid, cold",#66C2A5,I,NA,NA
ARFR-WY040-71-10,black,3,11,53,NA,601,1,1,89.752,N,NA,NA,NA,NA,89.752,51.96,40.19,1.86,Chaff has more leaves mixed in comparatively to other samples,Y,229,0cfbd0a0-1e0d-4092-b8d1-eeeba7ee2928,NA,NA,NA,H,8/8/2024 18:00,2910da48-75b6-4ecd-a677-deb75d7e5ccf,8/8/2024 21:43,agoebl,8/8/2024 21:43,agoebl,3966,NA,53,ARFR4-SOS-WY040-71-10,#66C2A5,-109.2433156,41.13271889,5 - 10 Deg. F. / 3 - 6,,5 - 10 Deg. F.,6-Mar,5 - 10 Deg. F. / 3 - 6,5 - 10 / semi-humid,WY.1,#a5c2f1,"semi-humid, cold",#66C2A5,I,NA,NA
ARFR-CO932-314-JEFFERSON-12,black,3,11,54,NA,602,1,NA,NA,N,NA,NA,NA,NA,NA,NA,NA,NA,NA,NA,230,c9313a72-e524-4f0b-a180-cf6325f678cc,NA,1,NA,NA,8/8/2024 18:00,2910da48-75b6-4ecd-a677-deb75d7e5ccf,8/8/2024 21:43,agoebl,8/8/2024 21:43,agoebl,3967,NA,54,ARFR4-SOS-CO932-314-JEFFERSON-12,#FEE08B,-105.3553333,39.40902778,10 - 15 Deg. F. / 3 - 6,,10 - 15 Deg. F.,6-Mar,10 - 15 Deg. F. / 3 - 6,10 - 15 / semi-humid,CO.2,#66e566,"semi-humid, cool",#FEE08B,E,NA,NA
ARFR-CO932-294-11,black,3,11,55,212,603,0,NA,NA,N,NA,NA,NA,NA,NA,NA,NA,NA,NA,NA,231,999aa990-67c6-4c3a-8ac0-6350b5833ded,NA,0,NA,NA,8/8/2024 18:00,2910da48-75b6-4ecd-a677-deb75d7e5ccf,8/8/2024 21:43,agoebl,8/8/2024 21:43,agoebl,3968,NA,55,ARFR4-SOS-CO932-294-11,#ABDDA4,-105.2030833,39.78458333,15 - 20 Deg. F. / 3 - 6,,15 - 20 Deg. F.,6-Mar,15 - 20 Deg. F. / 3 - 6,15 - 20 / semi-humid,CO.4,#698b69,"semi-humid, warm",#ABDDA4,H,NA,Y
ARFR-UT080-109-UINTAH-12,black,3,12,1,201,604,1,1,NA,N,NA,NA,NA,NA,NA,NA,NA,NA,NA,NA,232,94743833-1131-442f-ba79-cb3a3cc6011f,NA,1,NA,Dry,8/8/2024 18:00,fb51c21f-146b-4724-8824-7c0a4140085a,8/8/2024 21:43,agoebl,8/8/2024 21:43,agoebl,3969,NA,1,ARFR4-SOS-UT080-109-UINTAH-12,#aabe7f,-109.1426444,39.70802222,10 - 15 Deg. F. / 3 - 6,,10 - 15 Deg. F.,6-Mar,10 - 15 Deg. F. / 3 - 6,10 - 15 / semi-humid,UT.1,#66e566,"semi-humid, cool",#aabe7f,G,NA,NA
ARFR-CO932-314-JEFFERSON-12,black,3,12,2,NA,605,1,1,NA,N,NA,NA,NA,NA,NA,NA,NA,NA,NA,NA,233,e3f3f789-1cd0-4415-ab7f-802a07640a5b,NA,1,NA,NA,8/8/2024 18:00,fb51c21f-146b-4724-8824-7c0a4140085a,8/8/2024 21:43,agoebl,8/8/2024 21:43,agoebl,3970,NA,2,ARFR4-SOS-CO932-314-JEFFERSON-12,#FEE08B,-105.3553333,39.40902778,10 - 15 Deg. F. / 3 - 6,,10 - 15 Deg. F.,6-Mar,10 - 15 Deg. F. / 3 - 6,10 - 15 / semi-humid,CO.2,#66e566,"semi-humid, cool",#FEE08B,E,NA,NA
ARFR-CO932-314-JEFFERSON-12,black,3,12,3,NA,606,1,NA,NA,N,NA,NA,NA,NA,NA,NA,NA,NA,NA,NA,234,e953fab8-9cff-4275-947c-801132e89126,NA,0,NA,NA,8/8/2024 18:00,fb51c21f-146b-4724-8824-7c0a4140085a,8/8/2024 21:43,agoebl,8/8/2024 21:43,agoebl,3971,NA,3,ARFR4-SOS-CO932-314-JEFFERSON-12,#FEE08B,-105.3553333,39.40902778,10 - 15 Deg. F. / 3 - 6,,10 - 15 Deg. F.,6-Mar,10 - 15 Deg. F. / 3 - 6,10 - 15 / semi-humid,CO.2,#66e566,"semi-humid, cool",#FEE08B,E,NA,NA
ARFR-WY930-44-LASANIMAS-13,black,3,12,4,NA,607,1,1,NA,N,NA,NA,NA,NA,NA,NA,NA,NA,NA,NA,235,1515e1e5-a303-4c2f-a7ad-ce48f38fdc22,NA,1,NA,NA,8/8/2024 18:00,fb51c21f-146b-4724-8824-7c0a4140085a,8/8/2024 21:43,agoebl,8/8/2024 21:43,agoebl,3972,NA,4,ARFR4-SOS-WY930-44-LASANIMAS-13,#FDAE61,-104.6423889,37.16547222,15 - 20 Deg. F. / 3 - 6,,15 - 20 Deg. F.,6-Mar,15 - 20 Deg. F. / 3 - 6,15 - 20 / semi-humid,CO.1,#698b69,"semi-humid, warm",#FDAE61,D,NA,NA
ARFR-WY050-49-FREMONT-12,black,3,12,5,202,608,1,1,NA,N,NA,NA,NA,NA,NA,NA,NA,NA,NA,NA,236,084d7b5c-361d-4d36-9ea3-1849fbe2bd63,NA,1,NA,NA,8/8/2024 18:00,fb51c21f-146b-4724-8824-7c0a4140085a,8/8/2024 21:43,agoebl,8/8/2024 21:43,agoebl,3973,NA,5,ARFR4-SOS-WY050-49-FREMONT-12,#5E4FA2,-109.34775,43.42663611,5 - 10 Deg. F. / 6 - 12,,5 - 10 Deg. F.,12-Jun,5 - 10 Deg. F. / 6 - 12,5 - 10 / semi-arid,WY.3,#ffb90f,"semi-arid, cold",#5E4FA2,K,NA,NA
ARFR-AZ930-422-NAVAJO-18,black,3,12,6,NA,609,1,1,NA,Y,0.0014,1.209,86.35714286,NA,NA,NA,NA,NA,NA,NA,237,138b541f-c822-4f0b-a2a8-618f5924cd58,NA,1,NA,Dry,8/8/2024 18:00,fb51c21f-146b-4724-8824-7c0a4140085a,8/8/2024 21:43,agoebl,8/8/2024 21:43,agoebl,3974,NA,6,ARFR4-SOS-AZ930-422-NAVAJO-18,#D53E4F,-110.431,36.56805,15 - 20 Deg. F. / 6 - 12,Lats corrected 20230127,15 - 20 Deg. F.,12-Jun,15 - 20 Deg. F. / 6 - 12,15 - 20 / semi-arid,AZ.2,#ee5c42,"semi-arid, warm",#D53E4F,B,NA,NA
ARFR-CO932-314-JEFFERSON-12,black,3,12,7,NA,610,1,1,NA,N,NA,NA,NA,NA,NA,NA,NA,NA,NA,NA,238,0245d959-d15b-44db-a801-578f13547e2b,NA,1,NA,NA,8/8/2024 18:00,fb51c21f-146b-4724-8824-7c0a4140085a,8/8/2024 21:43,agoebl,8/8/2024 21:43,agoebl,3975,NA,7,ARFR4-SOS-CO932-314-JEFFERSON-12,#FEE08B,-105.3553333,39.40902778,10 - 15 Deg. F. / 3 - 6,,10 - 15 Deg. F.,6-Mar,10 - 15 Deg. F. / 3 - 6,10 - 15 / semi-humid,CO.2,#66e566,"semi-humid, cool",#FEE08B,E,NA,NA
ARFR-WY050-49-FREMONT-12,black,3,12,8,NA,611,1,1,NA,N,NA,NA,NA,NA,NA,NA,NA,NA,NA,NA,239,b3e55a63-e8ed-44c6-be83-525fba12f853,NA,1,NA,NA,8/8/2024 18:00,fb51c21f-146b-4724-8824-7c0a4140085a,8/8/2024 21:43,agoebl,8/8/2024 21:43,agoebl,3976,NA,8,ARFR4-SOS-WY050-49-FREMONT-12,#5E4FA2,-109.34775,43.42663611,5 - 10 Deg. F. / 6 - 12,,5 - 10 Deg. F.,12-Jun,5 - 10 Deg. F. / 6 - 12,5 - 10 / semi-arid,WY.3,#ffb90f,"semi-arid, cold",#5E4FA2,K,NA,NA
ARFR-NM930N-66-11,black,3,12,9,NA,612,1,1,NA,N,NA,NA,NA,NA,NA,NA,NA,NA,NA,NA,240,d6d83ea0-ea2b-4776-ac80-085650f0a00a,NA,1,NA,NA,8/8/2024 18:00,fb51c21f-146b-4724-8824-7c0a4140085a,8/8/2024 21:43,agoebl,8/8/2024 21:43,agoebl,3977,NA,9,ARFR4-SOS-NM930N-66-11,#F46D43,-107.2045028,36.76818611,10 - 15 Deg. F. / 3 - 6,,10 - 15 Deg. F.,6-Mar,10 - 15 Deg. F. / 3 - 6,10 - 15 / semi-humid,NM.1,#66e566,"semi-humid, cool",#F46D43,C,NA,NA
ARFR-WY050-49-FREMONT-12,black,3,12,10,203,613,1,1,NA,N,NA,NA,NA,NA,NA,NA,NA,NA,NA,NA,241,e59d2343-ac12-42b2-a0ac-1ec402f627bb,NA,1,NA,Small ,8/8/2024 18:00,fb51c21f-146b-4724-8824-7c0a4140085a,8/8/2024 21:43,agoebl,8/8/2024 21:43,agoebl,3978,NA,10,ARFR4-SOS-WY050-49-FREMONT-12,#5E4FA2,-109.34775,43.42663611,5 - 10 Deg. F. / 6 - 12,,5 - 10 Deg. F.,12-Jun,5 - 10 Deg. F. / 6 - 12,5 - 10 / semi-arid,WY.3,#ffb90f,"semi-arid, cold",#5E4FA2,K,NA,NA
ARFR-WY050-151-FREMONT-16,black,3,12,11,NA,614,1,1,NA,N,NA,NA,NA,NA,NA,NA,NA,NA,NA,NA,242,221a34f6-2d10-4915-b1cb-639fc1baec50,NA,1,NA,Dry,8/8/2024 18:00,fb51c21f-146b-4724-8824-7c0a4140085a,8/8/2024 21:43,agoebl,8/8/2024 21:43,agoebl,3979,NA,11,ARFR4-SOS-WY050-151-FREMONT-16,#3288BD,-108.1704472,42.47886111,10 - 15 Deg. F. / 6 - 12,,10 - 15 Deg. F.,12-Jun,10 - 15 Deg. F. / 6 - 12,10 - 15 / semi-arid,WY.2,#cd8500,"semi-arid, cool",#3288BD,J,NA,NA
ARFR-WY040-71-10,black,3,12,12,NA,615,1,1,NA,N,NA,NA,NA,NA,NA,NA,NA,NA,NA,NA,243,5d50367a-5197-46a6-920c-1a81e2a9d21c,NA,1,NA,"Dry, small",8/8/2024 18:00,fb51c21f-146b-4724-8824-7c0a4140085a,8/8/2024 21:43,agoebl,8/8/2024 21:43,agoebl,3980,NA,12,ARFR4-SOS-WY040-71-10,#66C2A5,-109.2433156,41.13271889,5 - 10 Deg. F. / 3 - 6,,5 - 10 Deg. F.,6-Mar,5 - 10 Deg. F. / 3 - 6,5 - 10 / semi-humid,WY.1,#a5c2f1,"semi-humid, cold",#66C2A5,I,NA,NA
ARFR-WY050-49-FREMONT-12,black,3,12,13,NA,616,1,1,36.83,N,NA,NA,NA,NA,36.83,0,0,0,Missing? Zeros for inf added since didn't flwr,Y,244,3417d6cd-49b8-4089-be1f-675e9b9a42a8,NA,NA,NA,H,8/8/2024 18:00,fb51c21f-146b-4724-8824-7c0a4140085a,8/8/2024 21:43,agoebl,8/8/2024 21:43,agoebl,3981,NA,13,ARFR4-SOS-WY050-49-FREMONT-12,#5E4FA2,-109.34775,43.42663611,5 - 10 Deg. F. / 6 - 12,,5 - 10 Deg. F.,12-Jun,5 - 10 Deg. F. / 6 - 12,5 - 10 / semi-arid,WY.3,#ffb90f,"semi-arid, cold",#5E4FA2,K,NA,NA
ARFR-WY050-151-FREMONT-16,black,3,12,14,NA,617,1,1,NA,N,NA,NA,NA,NA,NA,NA,NA,NA,NA,NA,245,8f619a29-385d-4c73-b337-7c9146d8ec01,NA,1,NA,Small,8/8/2024 18:00,fb51c21f-146b-4724-8824-7c0a4140085a,8/8/2024 21:43,agoebl,8/8/2024 21:43,agoebl,3982,NA,14,ARFR4-SOS-WY050-151-FREMONT-16,#3288BD,-108.1704472,42.47886111,10 - 15 Deg. F. / 6 - 12,,10 - 15 Deg. F.,12-Jun,10 - 15 Deg. F. / 6 - 12,10 - 15 / semi-arid,WY.2,#cd8500,"semi-arid, cool",#3288BD,J,NA,NA
ARFR-WY040-71-10,black,3,12,15,204,618,1,1,NA,N,NA,NA,NA,NA,NA,NA,NA,NA,NA,NA,246,14edbb31-b5a4-4d20-8962-3fd586dfb8b1,NA,0,NA,NA,8/8/2024 18:00,fb51c21f-146b-4724-8824-7c0a4140085a,8/8/2024 21:43,agoebl,8/8/2024 21:43,agoebl,3983,NA,15,ARFR4-SOS-WY040-71-10,#66C2A5,-109.2433156,41.13271889,5 - 10 Deg. F. / 3 - 6,,5 - 10 Deg. F.,6-Mar,5 - 10 Deg. F. / 3 - 6,5 - 10 / semi-humid,WY.1,#a5c2f1,"semi-humid, cold",#66C2A5,I,NA,NA
ARFR-NM930N-66-11,black,3,12,16,NA,619,1,1,NA,N,NA,NA,NA,NA,NA,NA,NA,NA,NA,NA,247,1b9ee9d5-c0b5-4f12-98fc-5934b2ad6695,NA,1,NA,NA,8/8/2024 18:00,fb51c21f-146b-4724-8824-7c0a4140085a,8/8/2024 21:43,agoebl,8/8/2024 21:43,agoebl,3984,NA,16,ARFR4-SOS-NM930N-66-11,#F46D43,-107.2045028,36.76818611,10 - 15 Deg. F. / 3 - 6,,10 - 15 Deg. F.,6-Mar,10 - 15 Deg. F. / 3 - 6,10 - 15 / semi-humid,NM.1,#66e566,"semi-humid, cool",#F46D43,C,NA,NA
ARFR-AZ930-423-NAVAJO-18,black,3,12,17,NA,620,1,1,NA,N,NA,NA,NA,NA,NA,NA,NA,NA,NA,NA,248,2a8a5e37-9225-4490-b9fa-b2b6691faae9,NA,1,NA,NA,8/8/2024 18:00,fb51c21f-146b-4724-8824-7c0a4140085a,8/8/2024 21:43,agoebl,8/8/2024 21:43,agoebl,3985,NA,17,ARFR4-SOS-AZ930-423-NAVAJO-18,#9E0142,-110.431,36.45877,15 - 20 Deg. F. / 6 - 12,SdZones downloaded 20230823,15 - 20 Deg. F.,12-Jun,15 - 20 Deg. F. / 6 - 12,15 - 20 / semi-arid,AZ.1,#ee5c42,"semi-arid, warm",#9E0142,A,NA,NA
ARFR-AZ930-423-NAVAJO-18,black,3,12,18,NA,621,1,1,NA,N,NA,NA,NA,NA,NA,NA,NA,NA,NA,NA,249,4c2a8eb4-351c-4fed-8079-a54549b17a5d,NA,1,NA,NA,8/8/2024 18:00,fb51c21f-146b-4724-8824-7c0a4140085a,8/8/2024 21:43,agoebl,8/8/2024 21:43,agoebl,3986,NA,18,ARFR4-SOS-AZ930-423-NAVAJO-18,#9E0142,-110.431,36.45877,15 - 20 Deg. F. / 6 - 12,SdZones downloaded 20230823,15 - 20 Deg. F.,12-Jun,15 - 20 Deg. F. / 6 - 12,15 - 20 / semi-arid,AZ.1,#ee5c42,"semi-arid, warm",#9E0142,A,NA,NA
ARFR-WY050-151-FREMONT-16,black,3,12,19,NA,622,1,1,NA,N,NA,NA,NA,NA,NA,NA,NA,NA,NA,NA,250,143be09c-a8da-46b8-b9c6-f4fff0b253a5,NA,1,NA,NA,8/8/2024 18:00,fb51c21f-146b-4724-8824-7c0a4140085a,8/8/2024 21:43,agoebl,8/8/2024 21:43,agoebl,3987,NA,19,ARFR4-SOS-WY050-151-FREMONT-16,#3288BD,-108.1704472,42.47886111,10 - 15 Deg. F. / 6 - 12,,10 - 15 Deg. F.,12-Jun,10 - 15 Deg. F. / 6 - 12,10 - 15 / semi-arid,WY.2,#cd8500,"semi-arid, cool",#3288BD,J,NA,NA
ARFR-AZ930-422-NAVAJO-18,black,3,12,20,205,623,1,1,NA,N,NA,NA,NA,NA,NA,NA,NA,NA,NA,NA,251,21277fb7-f185-442a-952d-769b12d38261,NA,1,NA,NA,8/8/2024 18:00,fb51c21f-146b-4724-8824-7c0a4140085a,8/8/2024 21:43,agoebl,8/8/2024 21:43,agoebl,3988,NA,20,ARFR4-SOS-AZ930-422-NAVAJO-18,#D53E4F,-110.431,36.56805,15 - 20 Deg. F. / 6 - 12,Lats corrected 20230127,15 - 20 Deg. F.,12-Jun,15 - 20 Deg. F. / 6 - 12,15 - 20 / semi-arid,AZ.2,#ee5c42,"semi-arid, warm",#D53E4F,B,NA,NA
ARFR-CO932-294-11,black,3,12,21,NA,624,1,1,43.79,N,NA,NA,NA,NA,43.79,1.97,1.41,0.15,NA,Y,252,4ed9e6fe-cb34-4b0e-be87-61014c518428,NA,NA,NA,H,8/8/2024 18:00,fb51c21f-146b-4724-8824-7c0a4140085a,8/8/2024 21:43,agoebl,8/8/2024 21:43,agoebl,3989,NA,21,ARFR4-SOS-CO932-294-11,#ABDDA4,-105.2030833,39.78458333,15 - 20 Deg. F. / 3 - 6,,15 - 20 Deg. F.,6-Mar,15 - 20 Deg. F. / 3 - 6,15 - 20 / semi-humid,CO.4,#698b69,"semi-humid, warm",#ABDDA4,H,NA,NA
ARFR-CO932-294-11,black,3,12,22,NA,625,1,1,NA,N,NA,NA,NA,NA,NA,NA,NA,NA,NA,NA,253,0615f1ad-6ef7-441b-8568-920aa2bd5a29,NA,1,NA,NA,8/8/2024 18:00,fb51c21f-146b-4724-8824-7c0a4140085a,8/8/2024 21:43,agoebl,8/8/2024 21:43,agoebl,3990,NA,22,ARFR4-SOS-CO932-294-11,#ABDDA4,-105.2030833,39.78458333,15 - 20 Deg. F. / 3 - 6,,15 - 20 Deg. F.,6-Mar,15 - 20 Deg. F. / 3 - 6,15 - 20 / semi-humid,CO.4,#698b69,"semi-humid, warm",#ABDDA4,H,NA,NA
ARFR-CO932-314-JEFFERSON-12,black,3,12,23,NA,626,1,1,NA,N,NA,NA,NA,NA,NA,NA,NA,NA,NA,NA,254,022c4d41-b29b-4e7f-bcc6-a1be57ee69db,NA,1,NA,NA,8/8/2024 18:00,fb51c21f-146b-4724-8824-7c0a4140085a,8/8/2024 21:43,agoebl,8/8/2024 21:43,agoebl,3991,NA,23,ARFR4-SOS-CO932-314-JEFFERSON-12,#FEE08B,-105.3553333,39.40902778,10 - 15 Deg. F. / 3 - 6,,10 - 15 Deg. F.,6-Mar,10 - 15 Deg. F. / 3 - 6,10 - 15 / semi-humid,CO.2,#66e566,"semi-humid, cool",#FEE08B,E,NA,NA
ARFR-WY050-151-FREMONT-16,black,3,12,24,NA,627,1,1,NA,N,NA,NA,NA,NA,NA,NA,NA,NA,NA,NA,255,5ea552bf-c124-40a9-867b-7990ded8815f,NA,1,NA,NA,8/8/2024 18:00,fb51c21f-146b-4724-8824-7c0a4140085a,8/8/2024 21:43,agoebl,8/8/2024 21:43,agoebl,3992,NA,24,ARFR4-SOS-WY050-151-FREMONT-16,#3288BD,-108.1704472,42.47886111,10 - 15 Deg. F. / 6 - 12,,10 - 15 Deg. F.,12-Jun,10 - 15 Deg. F. / 6 - 12,10 - 15 / semi-arid,WY.2,#cd8500,"semi-arid, cool",#3288BD,J,NA,NA
ARFR-WY050-151-FREMONT-16,black,3,12,25,206,628,1,1,NA,N,NA,NA,NA,NA,NA,NA,NA,NA,NA,NA,256,3d1040e1-cd8b-474c-9431-3a24bfcad529,NA,0,NA,NA,8/8/2024 18:00,fb51c21f-146b-4724-8824-7c0a4140085a,8/8/2024 21:43,agoebl,8/8/2024 21:43,agoebl,3993,NA,25,ARFR4-SOS-WY050-151-FREMONT-16,#3288BD,-108.1704472,42.47886111,10 - 15 Deg. F. / 6 - 12,,10 - 15 Deg. F.,12-Jun,10 - 15 Deg. F. / 6 - 12,10 - 15 / semi-arid,WY.2,#cd8500,"semi-arid, cool",#3288BD,J,NA,NA
ARFR-WY050-49-FREMONT-12,black,3,12,26,NA,629,1,1,NA,N,NA,NA,NA,NA,NA,NA,NA,NA,NA,NA,257,c5c367db-f51a-4bd8-9e8a-20a86b1e70e4,NA,1,NA,NA,8/8/2024 18:00,fb51c21f-146b-4724-8824-7c0a4140085a,8/8/2024 21:43,agoebl,8/8/2024 21:43,agoebl,3994,NA,26,ARFR4-SOS-WY050-49-FREMONT-12,#5E4FA2,-109.34775,43.42663611,5 - 10 Deg. F. / 6 - 12,,5 - 10 Deg. F.,12-Jun,5 - 10 Deg. F. / 6 - 12,5 - 10 / semi-arid,WY.3,#ffb90f,"semi-arid, cold",#5E4FA2,K,NA,NA
ARFR-NM930N-66-11,black,3,12,27,NA,630,1,1,NA,N,NA,NA,NA,NA,NA,NA,NA,NA,NA,NA,258,c20ff56c-ea41-463c-9509-aa9f3a192640,NA,1,NA,NA,8/8/2024 18:00,fb51c21f-146b-4724-8824-7c0a4140085a,8/8/2024 21:43,agoebl,8/8/2024 21:43,agoebl,3995,NA,27,ARFR4-SOS-NM930N-66-11,#F46D43,-107.2045028,36.76818611,10 - 15 Deg. F. / 3 - 6,,10 - 15 Deg. F.,6-Mar,10 - 15 Deg. F. / 3 - 6,10 - 15 / semi-humid,NM.1,#66e566,"semi-humid, cool",#F46D43,C,NA,NA
ARFR-UT080-109-UINTAH-12,black,3,12,28,NA,631,1,1,NA,N,NA,NA,NA,NA,NA,NA,NA,NA,NA,NA,259,9d661c6c-8300-4473-9475-6a6d6ef62481,NA,1,NA,Dry,8/8/2024 18:00,fb51c21f-146b-4724-8824-7c0a4140085a,8/8/2024 21:43,agoebl,8/8/2024 21:43,agoebl,3996,NA,28,ARFR4-SOS-UT080-109-UINTAH-12,#aabe7f,-109.1426444,39.70802222,10 - 15 Deg. F. / 3 - 6,,10 - 15 Deg. F.,6-Mar,10 - 15 Deg. F. / 3 - 6,10 - 15 / semi-humid,UT.1,#66e566,"semi-humid, cool",#aabe7f,G,NA,NA
ARFR-CO932-316-JEFFERSON-12,black,3,12,29,NA,632,1,1,NA,N,NA,NA,NA,NA,NA,NA,NA,NA,NA,NA,260,fd037ffa-6351-4a60-9602-557aa71feaa0,NA,1,NA,NA,8/8/2024 18:00,fb51c21f-146b-4724-8824-7c0a4140085a,8/8/2024 21:43,agoebl,8/8/2024 21:43,agoebl,3997,NA,29,ARFR4-SOS-CO932-316-JEFFERSON-12,#FFFF85,-105.358,39.66325,15 - 20 Deg. F. / 3 - 6,,15 - 20 Deg. F.,6-Mar,15 - 20 Deg. F. / 3 - 6,15 - 20 / semi-humid,CO.3,#698b69,"semi-humid, warm",#FFFF85,F,NA,NA
ARFR-CO932-294-11,black,3,12,30,207,633,1,1,NA,N,NA,NA,NA,NA,NA,NA,NA,NA,NA,NA,261,c89a665f-ed08-4724-9f99-1763a5f9655a,NA,1,NA,NA,8/8/2024 18:00,fb51c21f-146b-4724-8824-7c0a4140085a,8/8/2024 21:43,agoebl,8/8/2024 21:43,agoebl,3998,NA,30,ARFR4-SOS-CO932-294-11,#ABDDA4,-105.2030833,39.78458333,15 - 20 Deg. F. / 3 - 6,,15 - 20 Deg. F.,6-Mar,15 - 20 Deg. F. / 3 - 6,15 - 20 / semi-humid,CO.4,#698b69,"semi-humid, warm",#ABDDA4,H,NA,NA
ARFR-WY050-151-FREMONT-16,black,3,12,31,NA,634,1,1,NA,N,NA,NA,NA,NA,NA,NA,NA,NA,NA,NA,262,f046dd5f-a431-4020-8e5d-cc8b820a69b8,NA,1,NA,Nearly dead,8/8/2024 18:00,fb51c21f-146b-4724-8824-7c0a4140085a,8/8/2024 21:43,agoebl,8/8/2024 21:43,agoebl,3999,NA,31,ARFR4-SOS-WY050-151-FREMONT-16,#3288BD,-108.1704472,42.47886111,10 - 15 Deg. F. / 6 - 12,,10 - 15 Deg. F.,12-Jun,10 - 15 Deg. F. / 6 - 12,10 - 15 / semi-arid,WY.2,#cd8500,"semi-arid, cool",#3288BD,J,NA,NA
ARFR-CO932-316-JEFFERSON-12,black,3,12,32,NA,635,1,1,NA,N,NA,NA,NA,NA,NA,NA,NA,NA,NA,NA,263,b0240360-cdc1-472f-8266-78c1e4d8ad81,NA,1,NA,NA,8/8/2024 18:00,fb51c21f-146b-4724-8824-7c0a4140085a,8/8/2024 21:43,agoebl,8/8/2024 21:43,agoebl,4000,NA,32,ARFR4-SOS-CO932-316-JEFFERSON-12,#FFFF85,-105.358,39.66325,15 - 20 Deg. F. / 3 - 6,,15 - 20 Deg. F.,6-Mar,15 - 20 Deg. F. / 3 - 6,15 - 20 / semi-humid,CO.3,#698b69,"semi-humid, warm",#FFFF85,F,NA,NA
ARFR-WY050-49-FREMONT-12,black,3,12,33,NA,636,1,1,NA,N,NA,NA,NA,NA,NA,NA,NA,NA,NA,NA,264,311e99d3-4f4d-456d-8134-11d8656ecc00,NA,1,NA,Nearly dead,8/8/2024 18:00,fb51c21f-146b-4724-8824-7c0a4140085a,8/8/2024 21:43,agoebl,8/8/2024 21:43,agoebl,4001,NA,33,ARFR4-SOS-WY050-49-FREMONT-12,#5E4FA2,-109.34775,43.42663611,5 - 10 Deg. F. / 6 - 12,,5 - 10 Deg. F.,12-Jun,5 - 10 Deg. F. / 6 - 12,5 - 10 / semi-arid,WY.3,#ffb90f,"semi-arid, cold",#5E4FA2,K,NA,NA
ARFR-WY050-49-FREMONT-12,black,3,12,34,NA,637,1,1,NA,N,NA,NA,NA,NA,NA,NA,NA,NA,NA,NA,265,64246edf-5419-4a87-8770-6756b090c1cf,NA,1,NA,NA,8/8/2024 18:00,fb51c21f-146b-4724-8824-7c0a4140085a,8/8/2024 21:43,agoebl,8/8/2024 21:43,agoebl,4002,NA,34,ARFR4-SOS-WY050-49-FREMONT-12,#5E4FA2,-109.34775,43.42663611,5 - 10 Deg. F. / 6 - 12,,5 - 10 Deg. F.,12-Jun,5 - 10 Deg. F. / 6 - 12,5 - 10 / semi-arid,WY.3,#ffb90f,"semi-arid, cold",#5E4FA2,K,NA,NA
ARFR-WY050-49-FREMONT-12,black,3,12,35,208,638,1,1,NA,N,NA,NA,NA,NA,NA,NA,NA,NA,NA,NA,266,7f647991-2b62-47d1-8882-1a03712c1e4b,NA,1,NA,NA,8/8/2024 18:00,fb51c21f-146b-4724-8824-7c0a4140085a,8/8/2024 21:43,agoebl,8/8/2024 21:43,agoebl,4003,NA,35,ARFR4-SOS-WY050-49-FREMONT-12,#5E4FA2,-109.34775,43.42663611,5 - 10 Deg. F. / 6 - 12,,5 - 10 Deg. F.,12-Jun,5 - 10 Deg. F. / 6 - 12,5 - 10 / semi-arid,WY.3,#ffb90f,"semi-arid, cold",#5E4FA2,K,NA,NA
ARFR-WY050-151-FREMONT-16,black,3,12,36,NA,639,1,1,NA,N,NA,NA,NA,NA,NA,NA,NA,NA,NA,NA,267,e7b3c8fa-59d5-4903-a585-2ffdcc19b618,NA,1,NA,NA,8/8/2024 18:00,fb51c21f-146b-4724-8824-7c0a4140085a,8/8/2024 21:43,agoebl,8/8/2024 21:43,agoebl,4004,NA,36,ARFR4-SOS-WY050-151-FREMONT-16,#3288BD,-108.1704472,42.47886111,10 - 15 Deg. F. / 6 - 12,,10 - 15 Deg. F.,12-Jun,10 - 15 Deg. F. / 6 - 12,10 - 15 / semi-arid,WY.2,#cd8500,"semi-arid, cool",#3288BD,J,NA,NA
ARFR-AZ930-422-NAVAJO-18,black,3,12,37,NA,640,1,1,NA,N,NA,NA,NA,NA,NA,NA,NA,NA,NA,NA,268,85aaea26-f797-4710-b4f0-09aebfb2cd9b,NA,1,NA,NA,8/8/2024 18:00,fb51c21f-146b-4724-8824-7c0a4140085a,8/8/2024 21:43,agoebl,8/8/2024 21:43,agoebl,4005,NA,37,ARFR4-SOS-AZ930-422-NAVAJO-18,#D53E4F,-110.431,36.56805,15 - 20 Deg. F. / 6 - 12,Lats corrected 20230127,15 - 20 Deg. F.,12-Jun,15 - 20 Deg. F. / 6 - 12,15 - 20 / semi-arid,AZ.2,#ee5c42,"semi-arid, warm",#D53E4F,B,NA,NA
ARFR-WY050-151-FREMONT-16,black,3,12,38,NA,641,1,1,NA,N,NA,NA,NA,NA,NA,NA,NA,NA,NA,NA,269,a4e1c06a-acd7-4470-8144-b9e5b1265c6c,NA,1,NA,Small,8/8/2024 18:00,fb51c21f-146b-4724-8824-7c0a4140085a,8/8/2024 21:43,agoebl,8/8/2024 21:43,agoebl,4006,NA,38,ARFR4-SOS-WY050-151-FREMONT-16,#3288BD,-108.1704472,42.47886111,10 - 15 Deg. F. / 6 - 12,,10 - 15 Deg. F.,12-Jun,10 - 15 Deg. F. / 6 - 12,10 - 15 / semi-arid,WY.2,#cd8500,"semi-arid, cool",#3288BD,J,NA,NA
ARFR-WY050-151-FREMONT-16,black,3,12,39,NA,642,1,1,NA,Y,0.0069,1.164,16.86956522,NA,NA,NA,NA,NA,NA,NA,270,a00cdb3e-5e6b-4eeb-8a11-21f6a2f27e80,NA,1,NA,NA,8/8/2024 18:00,fb51c21f-146b-4724-8824-7c0a4140085a,8/8/2024 21:43,agoebl,8/8/2024 21:43,agoebl,4007,NA,39,ARFR4-SOS-WY050-151-FREMONT-16,#3288BD,-108.1704472,42.47886111,10 - 15 Deg. F. / 6 - 12,,10 - 15 Deg. F.,12-Jun,10 - 15 Deg. F. / 6 - 12,10 - 15 / semi-arid,WY.2,#cd8500,"semi-arid, cool",#3288BD,J,NA,NA
ARFR-WY040-71-10,black,3,12,40,209,643,1,1,NA,N,NA,NA,NA,NA,NA,NA,NA,NA,NA,NA,271,24f62b27-d160-4b88-ae92-38770a979359,NA,1,NA,"Small, dry",8/8/2024 18:00,fb51c21f-146b-4724-8824-7c0a4140085a,8/8/2024 21:43,agoebl,8/8/2024 21:43,agoebl,4008,NA,40,ARFR4-SOS-WY040-71-10,#66C2A5,-109.2433156,41.13271889,5 - 10 Deg. F. / 3 - 6,,5 - 10 Deg. F.,6-Mar,5 - 10 Deg. F. / 3 - 6,5 - 10 / semi-humid,WY.1,#a5c2f1,"semi-humid, cold",#66C2A5,I,NA,NA
ARFR-UT080-109-UINTAH-12,black,3,12,41,NA,644,1,1,NA,N,NA,NA,NA,NA,NA,NA,NA,NA,NA,NA,272,6bb06229-a532-4460-b4cb-3a7c5e9914ba,NA,0,NA,NA,8/8/2024 18:00,fb51c21f-146b-4724-8824-7c0a4140085a,8/8/2024 21:43,agoebl,8/8/2024 21:43,agoebl,4009,NA,41,ARFR4-SOS-UT080-109-UINTAH-12,#aabe7f,-109.1426444,39.70802222,10 - 15 Deg. F. / 3 - 6,,10 - 15 Deg. F.,6-Mar,10 - 15 Deg. F. / 3 - 6,10 - 15 / semi-humid,UT.1,#66e566,"semi-humid, cool",#aabe7f,G,NA,NA
ARFR-UT080-109-UINTAH-12,black,3,12,42,NA,645,1,1,NA,N,NA,NA,NA,NA,NA,NA,NA,NA,NA,NA,273,febcdbfc-fd19-466a-8596-bfb0cdb9b214,NA,1,NA,NA,8/8/2024 18:00,fb51c21f-146b-4724-8824-7c0a4140085a,8/8/2024 21:43,agoebl,8/8/2024 21:43,agoebl,4010,NA,42,ARFR4-SOS-UT080-109-UINTAH-12,#aabe7f,-109.1426444,39.70802222,10 - 15 Deg. F. / 3 - 6,,10 - 15 Deg. F.,6-Mar,10 - 15 Deg. F. / 3 - 6,10 - 15 / semi-humid,UT.1,#66e566,"semi-humid, cool",#aabe7f,G,NA,NA
ARFR-AZ930-423-NAVAJO-18,black,3,12,43,NA,646,1,1,NA,N,NA,NA,NA,NA,NA,NA,NA,NA,NA,NA,274,767cf487-cf61-424b-97ca-4c86bdbfb662,NA,1,NA,NA,8/8/2024 18:00,fb51c21f-146b-4724-8824-7c0a4140085a,8/8/2024 21:43,agoebl,8/8/2024 21:43,agoebl,4011,NA,43,ARFR4-SOS-AZ930-423-NAVAJO-18,#9E0142,-110.431,36.45877,15 - 20 Deg. F. / 6 - 12,SdZones downloaded 20230823,15 - 20 Deg. F.,12-Jun,15 - 20 Deg. F. / 6 - 12,15 - 20 / semi-arid,AZ.1,#ee5c42,"semi-arid, warm",#9E0142,A,NA,NA
ARFR-AZ930-423-NAVAJO-18,black,3,12,44,NA,647,1,1,NA,N,NA,NA,NA,NA,NA,NA,NA,NA,NA,NA,275,e813bf9a-fe3e-4385-9ffa-f99110794828,NA,1,NA,NA,8/8/2024 18:00,fb51c21f-146b-4724-8824-7c0a4140085a,8/8/2024 21:43,agoebl,8/8/2024 21:43,agoebl,4012,NA,44,ARFR4-SOS-AZ930-423-NAVAJO-18,#9E0142,-110.431,36.45877,15 - 20 Deg. F. / 6 - 12,SdZones downloaded 20230823,15 - 20 Deg. F.,12-Jun,15 - 20 Deg. F. / 6 - 12,15 - 20 / semi-arid,AZ.1,#ee5c42,"semi-arid, warm",#9E0142,A,NA,NA
ARFR-WY040-71-10,black,3,12,45,210,648,1,1,NA,N,NA,NA,NA,NA,NA,NA,NA,NA,NA,NA,276,b5beaf42-29bb-4993-b1d2-213e606a61f7,NA,1,NA,Nearly dead,8/8/2024 18:00,fb51c21f-146b-4724-8824-7c0a4140085a,8/8/2024 21:43,agoebl,8/8/2024 21:43,agoebl,4013,NA,45,ARFR4-SOS-WY040-71-10,#66C2A5,-109.2433156,41.13271889,5 - 10 Deg. F. / 3 - 6,,5 - 10 Deg. F.,6-Mar,5 - 10 Deg. F. / 3 - 6,5 - 10 / semi-humid,WY.1,#a5c2f1,"semi-humid, cold",#66C2A5,I,NA,NA
ARFR-CO932-316-JEFFERSON-12,black,3,12,46,NA,649,1,1,NA,N,NA,NA,NA,NA,NA,NA,NA,NA,NA,NA,277,2161b35c-80d9-467d-a1c6-beb1a4877d8b,NA,1,NA,NA,8/8/2024 18:00,fb51c21f-146b-4724-8824-7c0a4140085a,8/8/2024 21:43,agoebl,8/8/2024 21:43,agoebl,4014,NA,46,ARFR4-SOS-CO932-316-JEFFERSON-12,#FFFF85,-105.358,39.66325,15 - 20 Deg. F. / 3 - 6,,15 - 20 Deg. F.,6-Mar,15 - 20 Deg. F. / 3 - 6,15 - 20 / semi-humid,CO.3,#698b69,"semi-humid, warm",#FFFF85,F,NA,NA
ARFR-WY050-49-FREMONT-12,black,3,12,47,NA,650,1,1,NA,N,NA,NA,NA,NA,NA,NA,NA,NA,NA,NA,278,2d3d0841-1ba7-40e5-9ed8-f57a5b880af9,NA,1,NA,NA,8/8/2024 18:00,fb51c21f-146b-4724-8824-7c0a4140085a,8/8/2024 21:43,agoebl,8/8/2024 21:43,agoebl,4015,NA,47,ARFR4-SOS-WY050-49-FREMONT-12,#5E4FA2,-109.34775,43.42663611,5 - 10 Deg. F. / 6 - 12,,5 - 10 Deg. F.,12-Jun,5 - 10 Deg. F. / 6 - 12,5 - 10 / semi-arid,WY.3,#ffb90f,"semi-arid, cold",#5E4FA2,K,NA,NA
ARFR-CO932-294-11,black,3,12,48,NA,651,1,1,NA,N,NA,NA,NA,NA,NA,NA,NA,NA,NA,NA,279,fa6edc84-28b3-44d3-9cab-8a45bd3ed064,NA,1,NA,NA,8/8/2024 18:00,fb51c21f-146b-4724-8824-7c0a4140085a,8/8/2024 21:43,agoebl,8/8/2024 21:43,agoebl,4016,NA,48,ARFR4-SOS-CO932-294-11,#ABDDA4,-105.2030833,39.78458333,15 - 20 Deg. F. / 3 - 6,,15 - 20 Deg. F.,6-Mar,15 - 20 Deg. F. / 3 - 6,15 - 20 / semi-humid,CO.4,#698b69,"semi-humid, warm",#ABDDA4,H,NA,NA
ARFR-AZ930-422-NAVAJO-18,black,3,12,49,NA,652,1,1,NA,N,NA,NA,NA,NA,NA,NA,NA,NA,NA,NA,280,ac5fbb61-bbfd-451a-a40c-bec46f2336c5,NA,1,NA,"Dry, nearly dead",8/8/2024 18:00,fb51c21f-146b-4724-8824-7c0a4140085a,8/8/2024 21:43,agoebl,8/8/2024 21:43,agoebl,4017,NA,49,ARFR4-SOS-AZ930-422-NAVAJO-18,#D53E4F,-110.431,36.56805,15 - 20 Deg. F. / 6 - 12,Lats corrected 20230127,15 - 20 Deg. F.,12-Jun,15 - 20 Deg. F. / 6 - 12,15 - 20 / semi-arid,AZ.2,#ee5c42,"semi-arid, warm",#D53E4F,B,NA,NA
ARFR-CO932-314-JEFFERSON-12,black,3,12,50,211,653,1,1,NA,N,NA,NA,NA,NA,NA,NA,NA,NA,NA,NA,281,5bc419a6-5617-4801-853e-e6184b1c4948,NA,1,NA,NA,8/8/2024 18:00,fb51c21f-146b-4724-8824-7c0a4140085a,8/8/2024 21:43,agoebl,8/8/2024 21:43,agoebl,4018,NA,50,ARFR4-SOS-CO932-314-JEFFERSON-12,#FEE08B,-105.3553333,39.40902778,10 - 15 Deg. F. / 3 - 6,,10 - 15 Deg. F.,6-Mar,10 - 15 Deg. F. / 3 - 6,10 - 15 / semi-humid,CO.2,#66e566,"semi-humid, cool",#FEE08B,E,NA,NA
ARFR-WY050-151-FREMONT-16,black,3,12,51,NA,654,1,1,NA,N,NA,NA,NA,NA,NA,NA,NA,NA,NA,NA,282,62eba109-989a-4218-beb7-23472a491870,NA,1,NA,"Dry, small",8/8/2024 18:00,fb51c21f-146b-4724-8824-7c0a4140085a,8/8/2024 21:43,agoebl,8/8/2024 21:43,agoebl,4019,NA,51,ARFR4-SOS-WY050-151-FREMONT-16,#3288BD,-108.1704472,42.47886111,10 - 15 Deg. F. / 6 - 12,,10 - 15 Deg. F.,12-Jun,10 - 15 Deg. F. / 6 - 12,10 - 15 / semi-arid,WY.2,#cd8500,"semi-arid, cool",#3288BD,J,NA,NA
ARFR-AZ930-422-NAVAJO-18,black,3,12,52,NA,655,1,1,NA,N,NA,NA,NA,NA,NA,NA,NA,NA,NA,NA,283,47c9c3e6-6193-4dd1-a17e-a8df32e726de,NA,1,NA,Dry,8/8/2024 18:00,fb51c21f-146b-4724-8824-7c0a4140085a,8/8/2024 21:43,agoebl,8/8/2024 21:43,agoebl,4020,NA,52,ARFR4-SOS-AZ930-422-NAVAJO-18,#D53E4F,-110.431,36.56805,15 - 20 Deg. F. / 6 - 12,Lats corrected 20230127,15 - 20 Deg. F.,12-Jun,15 - 20 Deg. F. / 6 - 12,15 - 20 / semi-arid,AZ.2,#ee5c42,"semi-arid, warm",#D53E4F,B,NA,NA
ARFR-WY930-44-LASANIMAS-13,black,3,12,53,NA,656,1,1,NA,N,NA,NA,NA,NA,NA,NA,NA,NA,NA,NA,284,e502864d-0df3-49e1-a82e-aefa98fbdda2,NA,1,NA,Small,8/8/2024 18:00,fb51c21f-146b-4724-8824-7c0a4140085a,8/8/2024 21:43,agoebl,8/8/2024 21:43,agoebl,4021,NA,53,ARFR4-SOS-WY930-44-LASANIMAS-13,#FDAE61,-104.6423889,37.16547222,15 - 20 Deg. F. / 3 - 6,,15 - 20 Deg. F.,6-Mar,15 - 20 Deg. F. / 3 - 6,15 - 20 / semi-humid,CO.1,#698b69,"semi-humid, warm",#FDAE61,D,NA,NA
ARFR-WY040-71-10,black,3,12,54,NA,657,1,1,NA,N,NA,NA,NA,NA,NA,NA,NA,NA,NA,NA,285,b4532866-daee-4865-9c11-97c83fd6590a,NA,1,NA,Nearly dead,8/8/2024 18:00,fb51c21f-146b-4724-8824-7c0a4140085a,8/8/2024 21:43,agoebl,8/8/2024 21:43,agoebl,4022,NA,54,ARFR4-SOS-WY040-71-10,#66C2A5,-109.2433156,41.13271889,5 - 10 Deg. F. / 3 - 6,,5 - 10 Deg. F.,6-Mar,5 - 10 Deg. F. / 3 - 6,5 - 10 / semi-humid,WY.1,#a5c2f1,"semi-humid, cold",#66C2A5,I,NA,NA
ARFR-WY930-44-LASANIMAS-13,white,4,13,1,213,658,1,1,NA,N,NA,NA,NA,NA,NA,NA,NA,NA,NA,NA,286,06e1556f-6402-4caa-8312-c9d681e4f157,NA,1,NA,NA,8/8/2024 18:00,2b6d9e9d-036e-4fda-9f1e-59c81a39c682,8/8/2024 21:43,agoebl,8/8/2024 21:43,agoebl,4023,NA,1,ARFR4-SOS-WY930-44-LASANIMAS-13,#FDAE61,-104.6423889,37.16547222,15 - 20 Deg. F. / 3 - 6,,15 - 20 Deg. F.,6-Mar,15 - 20 Deg. F. / 3 - 6,15 - 20 / semi-humid,CO.1,#698b69,"semi-humid, warm",#FDAE61,D,NA,NA
ARFR-AZ930-422-NAVAJO-18,white,4,13,2,NA,659,1,1,NA,N,NA,NA,NA,NA,NA,NA,NA,NA,NA,NA,342,046f46ca-f81c-417e-8867-12f28e0c6720,NA,0,NA,Recruits,8/8/2024 18:00,a8b144b5-8671-4ed4-96c6-4b184862a1c2,8/8/2024 21:44,agoebl,8/8/2024 21:44,agoebl,4024,NA,2,ARFR4-SOS-AZ930-422-NAVAJO-18,#D53E4F,-110.431,36.56805,15 - 20 Deg. F. / 6 - 12,Lats corrected 20230127,15 - 20 Deg. F.,12-Jun,15 - 20 Deg. F. / 6 - 12,15 - 20 / semi-arid,AZ.2,#ee5c42,"semi-arid, warm",#D53E4F,B,NA,NA
ARFR-AZ930-422-NAVAJO-18,white,4,13,3,NA,660,1,NA,95.172,N,NA,NA,NA,NA,95.172,29.07,19.79,3.59,NA,Y,288,a1459f43-4a36-4c29-8a2c-a433340b66cc,NA,NA,NA,H,8/8/2024 18:00,2b6d9e9d-036e-4fda-9f1e-59c81a39c682,8/8/2024 21:43,agoebl,8/8/2024 21:43,agoebl,4025,NA,3,ARFR4-SOS-AZ930-422-NAVAJO-18,#D53E4F,-110.431,36.56805,15 - 20 Deg. F. / 6 - 12,Lats corrected 20230127,15 - 20 Deg. F.,12-Jun,15 - 20 Deg. F. / 6 - 12,15 - 20 / semi-arid,AZ.2,#ee5c42,"semi-arid, warm",#D53E4F,B,NA,Y
ARFR-CO932-316-JEFFERSON-12,white,4,13,4,NA,661,1,1,NA,N,NA,NA,NA,NA,NA,NA,NA,NA,NA,NA,344,dbc9a73d-68f0-44f3-a961-dfa148fdd35e,NA,1,NA,NA,8/8/2024 18:00,a8b144b5-8671-4ed4-96c6-4b184862a1c2,8/8/2024 21:44,agoebl,8/8/2024 21:44,agoebl,4026,NA,4,ARFR4-SOS-CO932-316-JEFFERSON-12,#FFFF85,-105.358,39.66325,15 - 20 Deg. F. / 3 - 6,,15 - 20 Deg. F.,6-Mar,15 - 20 Deg. F. / 3 - 6,15 - 20 / semi-humid,CO.3,#698b69,"semi-humid, warm",#FFFF85,F,NA,NA
ARFR-AZ930-423-NAVAJO-18,white,4,13,5,214,662,1,1,NA,N,NA,NA,NA,NA,NA,NA,NA,NA,NA,NA,290,71c01399-b3a1-48c8-8b44-2b4353c4e10c,NA,0,NA,NA,8/8/2024 18:00,2b6d9e9d-036e-4fda-9f1e-59c81a39c682,8/8/2024 21:43,agoebl,8/8/2024 21:43,agoebl,4027,NA,5,ARFR4-SOS-AZ930-423-NAVAJO-18,#9E0142,-110.431,36.45877,15 - 20 Deg. F. / 6 - 12,SdZones downloaded 20230823,15 - 20 Deg. F.,12-Jun,15 - 20 Deg. F. / 6 - 12,15 - 20 / semi-arid,AZ.1,#ee5c42,"semi-arid, warm",#9E0142,A,NA,NA
ARFR-CO932-314-JEFFERSON-12,white,4,13,6,NA,663,1,1,NA,N,NA,NA,NA,NA,NA,NA,NA,NA,NA,NA,346,f2bc870b-868c-4490-be4e-7b8c2e2581e6,NA,1,NA,NA,8/8/2024 18:00,a8b144b5-8671-4ed4-96c6-4b184862a1c2,8/8/2024 21:44,agoebl,8/8/2024 21:44,agoebl,4028,NA,6,ARFR4-SOS-CO932-314-JEFFERSON-12,#FEE08B,-105.3553333,39.40902778,10 - 15 Deg. F. / 3 - 6,,10 - 15 Deg. F.,6-Mar,10 - 15 Deg. F. / 3 - 6,10 - 15 / semi-humid,CO.2,#66e566,"semi-humid, cool",#FEE08B,E,NA,NA
ARFR-AZ930-423-NAVAJO-18,white,4,13,7,NA,664,1,1,NA,N,NA,NA,NA,NA,NA,NA,NA,NA,NA,NA,292,fcb41ff7-184f-4537-8d6e-01bfe948ac05,NA,1,NA,NA,8/8/2024 18:00,2b6d9e9d-036e-4fda-9f1e-59c81a39c682,8/8/2024 21:43,agoebl,8/8/2024 21:43,agoebl,4029,NA,7,ARFR4-SOS-AZ930-423-NAVAJO-18,#9E0142,-110.431,36.45877,15 - 20 Deg. F. / 6 - 12,SdZones downloaded 20230823,15 - 20 Deg. F.,12-Jun,15 - 20 Deg. F. / 6 - 12,15 - 20 / semi-arid,AZ.1,#ee5c42,"semi-arid, warm",#9E0142,A,NA,NA
ARFR-WY930-44-LASANIMAS-13,white,4,13,8,NA,665,1,1,NA,N,NA,NA,NA,NA,NA,NA,NA,NA,NA,NA,348,2a2a2f3f-987d-4997-b015-9b239684d621,NA,1,NA,NA,8/8/2024 18:00,a8b144b5-8671-4ed4-96c6-4b184862a1c2,8/8/2024 21:44,agoebl,8/8/2024 21:44,agoebl,4030,NA,8,ARFR4-SOS-WY930-44-LASANIMAS-13,#FDAE61,-104.6423889,37.16547222,15 - 20 Deg. F. / 3 - 6,,15 - 20 Deg. F.,6-Mar,15 - 20 Deg. F. / 3 - 6,15 - 20 / semi-humid,CO.1,#698b69,"semi-humid, warm",#FDAE61,D,NA,NA
ARFR-WY050-49-FREMONT-12,white,4,13,9,NA,666,1,1,NA,N,NA,NA,NA,NA,NA,NA,NA,NA,NA,NA,294,3040d630-339e-46db-b910-d270b721ea32,NA,0,NA,NA,8/8/2024 18:00,2b6d9e9d-036e-4fda-9f1e-59c81a39c682,8/8/2024 21:43,agoebl,8/8/2024 21:43,agoebl,4031,NA,9,ARFR4-SOS-WY050-49-FREMONT-12,#5E4FA2,-109.34775,43.42663611,5 - 10 Deg. F. / 6 - 12,,5 - 10 Deg. F.,12-Jun,5 - 10 Deg. F. / 6 - 12,5 - 10 / semi-arid,WY.3,#ffb90f,"semi-arid, cold",#5E4FA2,K,NA,NA
ARFR-CO932-294-11,white,4,13,10,215,667,1,1,NA,N,NA,NA,NA,NA,NA,NA,NA,NA,NA,NA,350,5b2c537c-9bd7-49b4-ad42-3af036d193c2,NA,1,NA,NA,8/8/2024 18:00,a8b144b5-8671-4ed4-96c6-4b184862a1c2,8/8/2024 21:44,agoebl,8/8/2024 21:44,agoebl,4032,NA,10,ARFR4-SOS-CO932-294-11,#ABDDA4,-105.2030833,39.78458333,15 - 20 Deg. F. / 3 - 6,,15 - 20 Deg. F.,6-Mar,15 - 20 Deg. F. / 3 - 6,15 - 20 / semi-humid,CO.4,#698b69,"semi-humid, warm",#ABDDA4,H,NA,NA
ARFR-NM930N-66-11,white,4,13,11,NA,668,1,1,NA,N,NA,NA,NA,NA,NA,NA,NA,NA,NA,NA,296,1e6c97ed-e23f-44ae-98b2-3f21eab16ecf,NA,1,NA,NA,8/8/2024 18:00,2b6d9e9d-036e-4fda-9f1e-59c81a39c682,8/8/2024 21:43,agoebl,8/8/2024 21:43,agoebl,4033,NA,11,ARFR4-SOS-NM930N-66-11,#F46D43,-107.2045028,36.76818611,10 - 15 Deg. F. / 3 - 6,,10 - 15 Deg. F.,6-Mar,10 - 15 Deg. F. / 3 - 6,10 - 15 / semi-humid,NM.1,#66e566,"semi-humid, cool",#F46D43,C,NA,NA
ARFR-CO932-314-JEFFERSON-12,white,4,13,12,NA,669,1,1,NA,N,NA,NA,NA,NA,NA,NA,NA,NA,NA,NA,352,c8b2409d-2a04-48df-b4e2-bda60e352d42,NA,1,NA,NA,8/8/2024 18:00,a8b144b5-8671-4ed4-96c6-4b184862a1c2,8/8/2024 21:44,agoebl,8/8/2024 21:44,agoebl,4034,NA,12,ARFR4-SOS-CO932-314-JEFFERSON-12,#FEE08B,-105.3553333,39.40902778,10 - 15 Deg. F. / 3 - 6,,10 - 15 Deg. F.,6-Mar,10 - 15 Deg. F. / 3 - 6,10 - 15 / semi-humid,CO.2,#66e566,"semi-humid, cool",#FEE08B,E,NA,NA
ARFR-AZ930-422-NAVAJO-18,white,4,13,13,NA,670,1,1,NA,N,NA,NA,NA,NA,NA,NA,NA,NA,NA,NA,298,6fc9a9fc-6047-4f04-bc26-15c09244b2de,NA,1,NA,NA,8/8/2024 18:00,2b6d9e9d-036e-4fda-9f1e-59c81a39c682,8/8/2024 21:43,agoebl,8/8/2024 21:43,agoebl,4035,NA,13,ARFR4-SOS-AZ930-422-NAVAJO-18,#D53E4F,-110.431,36.56805,15 - 20 Deg. F. / 6 - 12,Lats corrected 20230127,15 - 20 Deg. F.,12-Jun,15 - 20 Deg. F. / 6 - 12,15 - 20 / semi-arid,AZ.2,#ee5c42,"semi-arid, warm",#D53E4F,B,NA,NA
ARFR-CO932-294-11,white,4,13,14,NA,671,1,1,NA,N,NA,NA,NA,NA,NA,NA,NA,NA,NA,NA,354,945fe734-5e4e-4966-9bb7-435082242597,NA,1,NA,NA,8/8/2024 18:00,a8b144b5-8671-4ed4-96c6-4b184862a1c2,8/8/2024 21:44,agoebl,8/8/2024 21:44,agoebl,4036,NA,14,ARFR4-SOS-CO932-294-11,#ABDDA4,-105.2030833,39.78458333,15 - 20 Deg. F. / 3 - 6,,15 - 20 Deg. F.,6-Mar,15 - 20 Deg. F. / 3 - 6,15 - 20 / semi-humid,CO.4,#698b69,"semi-humid, warm",#ABDDA4,H,NA,NA
ARFR-WY930-44-LASANIMAS-13,white,4,13,15,216,672,1,1,NA,N,NA,NA,NA,NA,NA,NA,NA,NA,NA,NA,300,506df16b-fecd-4514-bf2a-3c7dfa2adab9,NA,1,NA,NA,8/8/2024 18:00,2b6d9e9d-036e-4fda-9f1e-59c81a39c682,8/8/2024 21:43,agoebl,8/8/2024 21:43,agoebl,4037,NA,15,ARFR4-SOS-WY930-44-LASANIMAS-13,#FDAE61,-104.6423889,37.16547222,15 - 20 Deg. F. / 3 - 6,,15 - 20 Deg. F.,6-Mar,15 - 20 Deg. F. / 3 - 6,15 - 20 / semi-humid,CO.1,#698b69,"semi-humid, warm",#FDAE61,D,NA,NA
ARFR-WY050-49-FREMONT-12,white,4,13,16,NA,673,1,1,NA,N,NA,NA,NA,NA,NA,NA,NA,NA,NA,NA,356,4ec0ae7f-5628-45e7-b88d-bcab0ab96286,NA,1,NA,NA,8/8/2024 18:00,a8b144b5-8671-4ed4-96c6-4b184862a1c2,8/8/2024 21:44,agoebl,8/8/2024 21:44,agoebl,4038,NA,16,ARFR4-SOS-WY050-49-FREMONT-12,#5E4FA2,-109.34775,43.42663611,5 - 10 Deg. F. / 6 - 12,,5 - 10 Deg. F.,12-Jun,5 - 10 Deg. F. / 6 - 12,5 - 10 / semi-arid,WY.3,#ffb90f,"semi-arid, cold",#5E4FA2,K,NA,NA
ARFR-WY040-71-10,white,4,13,17,NA,674,1,1,NA,N,NA,NA,NA,NA,NA,NA,NA,NA,NA,NA,302,ee94793a-9ae2-49e9-8bfa-a28c0ddf278d,NA,1,NA,NA,8/8/2024 18:00,2b6d9e9d-036e-4fda-9f1e-59c81a39c682,8/8/2024 21:43,agoebl,8/8/2024 21:43,agoebl,4039,NA,17,ARFR4-SOS-WY040-71-10,#66C2A5,-109.2433156,41.13271889,5 - 10 Deg. F. / 3 - 6,,5 - 10 Deg. F.,6-Mar,5 - 10 Deg. F. / 3 - 6,5 - 10 / semi-humid,WY.1,#a5c2f1,"semi-humid, cold",#66C2A5,I,NA,NA
ARFR-WY040-71-10,white,4,13,18,NA,675,1,1,NA,N,NA,NA,NA,NA,NA,NA,NA,NA,NA,NA,358,92b9ffc6-2d29-4b89-8cef-9cfe680274f0,NA,1,NA,Small,8/8/2024 18:00,a8b144b5-8671-4ed4-96c6-4b184862a1c2,8/8/2024 21:44,agoebl,8/8/2024 21:44,agoebl,4040,NA,18,ARFR4-SOS-WY040-71-10,#66C2A5,-109.2433156,41.13271889,5 - 10 Deg. F. / 3 - 6,,5 - 10 Deg. F.,6-Mar,5 - 10 Deg. F. / 3 - 6,5 - 10 / semi-humid,WY.1,#a5c2f1,"semi-humid, cold",#66C2A5,I,NA,NA
ARFR-WY040-71-10,white,4,13,19,NA,676,1,1,NA,N,NA,NA,NA,NA,NA,NA,NA,NA,NA,NA,304,bb9fef3f-9e81-45b1-a6df-56a78c20939f,NA,1,NA,Nearly dead,8/8/2024 18:00,2b6d9e9d-036e-4fda-9f1e-59c81a39c682,8/8/2024 21:43,agoebl,8/8/2024 21:43,agoebl,4041,NA,19,ARFR4-SOS-WY040-71-10,#66C2A5,-109.2433156,41.13271889,5 - 10 Deg. F. / 3 - 6,,5 - 10 Deg. F.,6-Mar,5 - 10 Deg. F. / 3 - 6,5 - 10 / semi-humid,WY.1,#a5c2f1,"semi-humid, cold",#66C2A5,I,NA,NA
ARFR-WY050-151-FREMONT-16,white,4,13,20,217,677,1,1,NA,N,NA,NA,NA,NA,NA,NA,NA,NA,NA,NA,360,8634cbef-8b02-48d7-989a-248c3d1f26ea,NA,1,NA,Dry,8/8/2024 18:00,a8b144b5-8671-4ed4-96c6-4b184862a1c2,8/8/2024 21:44,agoebl,8/8/2024 21:44,agoebl,4042,NA,20,ARFR4-SOS-WY050-151-FREMONT-16,#3288BD,-108.1704472,42.47886111,10 - 15 Deg. F. / 6 - 12,,10 - 15 Deg. F.,12-Jun,10 - 15 Deg. F. / 6 - 12,10 - 15 / semi-arid,WY.2,#cd8500,"semi-arid, cool",#3288BD,J,NA,NA
ARFR-UT080-109-UINTAH-12,white,4,13,21,NA,678,1,1,NA,N,NA,NA,NA,NA,NA,NA,NA,NA,NA,NA,306,e5aa7168-6ef0-458c-b99d-d340d9d08429,NA,1,NA,NA,8/8/2024 18:00,2b6d9e9d-036e-4fda-9f1e-59c81a39c682,8/8/2024 21:43,agoebl,8/8/2024 21:43,agoebl,4043,NA,21,ARFR4-SOS-UT080-109-UINTAH-12,#aabe7f,-109.1426444,39.70802222,10 - 15 Deg. F. / 3 - 6,,10 - 15 Deg. F.,6-Mar,10 - 15 Deg. F. / 3 - 6,10 - 15 / semi-humid,UT.1,#66e566,"semi-humid, cool",#aabe7f,G,NA,NA
ARFR-CO932-294-11,white,4,13,22,NA,679,1,1,NA,N,NA,NA,NA,NA,NA,NA,NA,NA,NA,NA,362,7f5eed95-d14a-48ae-800c-3487f141998c,NA,1,NA,NA,8/8/2024 18:00,a8b144b5-8671-4ed4-96c6-4b184862a1c2,8/8/2024 21:44,agoebl,8/8/2024 21:44,agoebl,4044,NA,22,ARFR4-SOS-CO932-294-11,#ABDDA4,-105.2030833,39.78458333,15 - 20 Deg. F. / 3 - 6,,15 - 20 Deg. F.,6-Mar,15 - 20 Deg. F. / 3 - 6,15 - 20 / semi-humid,CO.4,#698b69,"semi-humid, warm",#ABDDA4,H,NA,NA
ARFR-AZ930-423-NAVAJO-18,white,4,13,23,NA,680,1,1,NA,N,NA,NA,NA,NA,NA,NA,NA,NA,NA,NA,308,17fa8f80-47bf-43ad-8f8c-e82aa36f0051,NA,1,NA,NA,8/8/2024 18:00,2b6d9e9d-036e-4fda-9f1e-59c81a39c682,8/8/2024 21:43,agoebl,8/8/2024 21:43,agoebl,4045,NA,23,ARFR4-SOS-AZ930-423-NAVAJO-18,#9E0142,-110.431,36.45877,15 - 20 Deg. F. / 6 - 12,SdZones downloaded 20230823,15 - 20 Deg. F.,12-Jun,15 - 20 Deg. F. / 6 - 12,15 - 20 / semi-arid,AZ.1,#ee5c42,"semi-arid, warm",#9E0142,A,NA,NA
ARFR-UT080-109-UINTAH-12,white,4,13,24,NA,681,1,1,NA,N,NA,NA,NA,NA,NA,NA,NA,NA,NA,NA,364,62992cda-cfef-49f2-adf8-2b34977d8723,NA,1,NA,NA,8/8/2024 18:00,a8b144b5-8671-4ed4-96c6-4b184862a1c2,8/8/2024 21:44,agoebl,8/8/2024 21:44,agoebl,4046,NA,24,ARFR4-SOS-UT080-109-UINTAH-12,#aabe7f,-109.1426444,39.70802222,10 - 15 Deg. F. / 3 - 6,,10 - 15 Deg. F.,6-Mar,10 - 15 Deg. F. / 3 - 6,10 - 15 / semi-humid,UT.1,#66e566,"semi-humid, cool",#aabe7f,G,NA,NA
ARFR-CO932-316-JEFFERSON-12,white,4,13,25,218,682,1,1,NA,N,NA,NA,NA,NA,NA,NA,NA,NA,NA,NA,310,4aa8086e-4f7a-4e8a-a55c-24cae36df624,NA,1,NA,NA,8/8/2024 18:00,2b6d9e9d-036e-4fda-9f1e-59c81a39c682,8/8/2024 21:43,agoebl,8/8/2024 21:43,agoebl,4047,NA,25,ARFR4-SOS-CO932-316-JEFFERSON-12,#FFFF85,-105.358,39.66325,15 - 20 Deg. F. / 3 - 6,,15 - 20 Deg. F.,6-Mar,15 - 20 Deg. F. / 3 - 6,15 - 20 / semi-humid,CO.3,#698b69,"semi-humid, warm",#FFFF85,F,NA,NA
ARFR-CO932-316-JEFFERSON-12,white,4,13,26,NA,683,1,1,NA,N,NA,NA,NA,NA,NA,NA,NA,NA,NA,NA,366,0a000d14-fc47-437f-8f57-2eda62bce86d,NA,1,NA,NA,8/8/2024 18:00,a8b144b5-8671-4ed4-96c6-4b184862a1c2,8/8/2024 21:44,agoebl,8/8/2024 21:44,agoebl,4048,NA,26,ARFR4-SOS-CO932-316-JEFFERSON-12,#FFFF85,-105.358,39.66325,15 - 20 Deg. F. / 3 - 6,,15 - 20 Deg. F.,6-Mar,15 - 20 Deg. F. / 3 - 6,15 - 20 / semi-humid,CO.3,#698b69,"semi-humid, warm",#FFFF85,F,NA,NA
ARFR-AZ930-423-NAVAJO-18,white,4,13,27,NA,684,1,1,123.682,N,NA,NA,NA,NA,123.682,58.55,32.35,6.58,NA,Y,312,d2f52962-c216-487c-84b4-e7ac1810bd10,NA,NA,NA,H,8/8/2024 18:00,2b6d9e9d-036e-4fda-9f1e-59c81a39c682,8/8/2024 21:43,agoebl,8/8/2024 21:43,agoebl,4049,NA,27,ARFR4-SOS-AZ930-423-NAVAJO-18,#9E0142,-110.431,36.45877,15 - 20 Deg. F. / 6 - 12,SdZones downloaded 20230823,15 - 20 Deg. F.,12-Jun,15 - 20 Deg. F. / 6 - 12,15 - 20 / semi-arid,AZ.1,#ee5c42,"semi-arid, warm",#9E0142,A,NA,NA
ARFR-CO932-294-11,white,4,13,28,NA,685,1,1,NA,N,NA,NA,NA,NA,NA,NA,NA,NA,NA,NA,368,294f7348-7538-41f2-a638-b16c06a8e86a,NA,1,NA,NA,8/8/2024 18:00,a8b144b5-8671-4ed4-96c6-4b184862a1c2,8/8/2024 21:44,agoebl,8/8/2024 21:44,agoebl,4050,NA,28,ARFR4-SOS-CO932-294-11,#ABDDA4,-105.2030833,39.78458333,15 - 20 Deg. F. / 3 - 6,,15 - 20 Deg. F.,6-Mar,15 - 20 Deg. F. / 3 - 6,15 - 20 / semi-humid,CO.4,#698b69,"semi-humid, warm",#ABDDA4,H,NA,NA
ARFR-AZ930-423-NAVAJO-18,white,4,13,29,NA,686,1,1,NA,N,NA,NA,NA,NA,NA,NA,NA,NA,NA,NA,314,27a6b5c4-26d6-4bbe-b571-7f0d0863f51f,NA,1,NA,Dry,8/8/2024 18:00,2b6d9e9d-036e-4fda-9f1e-59c81a39c682,8/8/2024 21:43,agoebl,8/8/2024 21:43,agoebl,4051,NA,29,ARFR4-SOS-AZ930-423-NAVAJO-18,#9E0142,-110.431,36.45877,15 - 20 Deg. F. / 6 - 12,SdZones downloaded 20230823,15 - 20 Deg. F.,12-Jun,15 - 20 Deg. F. / 6 - 12,15 - 20 / semi-arid,AZ.1,#ee5c42,"semi-arid, warm",#9E0142,A,NA,NA
ARFR-CO932-316-JEFFERSON-12,white,4,13,30,219,687,1,1,NA,N,NA,NA,NA,NA,NA,NA,NA,NA,NA,NA,370,e0f016df-bdcc-4ecd-9425-8b44f903f7a7,NA,1,NA,NA,8/8/2024 18:00,a8b144b5-8671-4ed4-96c6-4b184862a1c2,8/8/2024 21:44,agoebl,8/8/2024 21:44,agoebl,4052,NA,30,ARFR4-SOS-CO932-316-JEFFERSON-12,#FFFF85,-105.358,39.66325,15 - 20 Deg. F. / 3 - 6,,15 - 20 Deg. F.,6-Mar,15 - 20 Deg. F. / 3 - 6,15 - 20 / semi-humid,CO.3,#698b69,"semi-humid, warm",#FFFF85,F,NA,NA
ARFR-WY930-44-LASANIMAS-13,white,4,13,31,NA,688,1,1,NA,N,NA,NA,NA,NA,NA,NA,NA,NA,NA,NA,316,b5dfc6b2-8722-4607-a4b7-ca481efcc4c6,NA,1,NA,"Dry, small",8/8/2024 18:00,2b6d9e9d-036e-4fda-9f1e-59c81a39c682,8/8/2024 21:43,agoebl,8/8/2024 21:43,agoebl,4053,NA,31,ARFR4-SOS-WY930-44-LASANIMAS-13,#FDAE61,-104.6423889,37.16547222,15 - 20 Deg. F. / 3 - 6,,15 - 20 Deg. F.,6-Mar,15 - 20 Deg. F. / 3 - 6,15 - 20 / semi-humid,CO.1,#698b69,"semi-humid, warm",#FDAE61,D,NA,NA
ARFR-WY050-151-FREMONT-16,white,4,13,32,NA,689,1,1,NA,N,NA,NA,NA,NA,NA,NA,NA,NA,NA,NA,372,696ae095-d62e-4bf4-a75e-9c45405f8bc1,NA,1,NA,NA,8/8/2024 18:00,a8b144b5-8671-4ed4-96c6-4b184862a1c2,8/8/2024 21:44,agoebl,8/8/2024 21:44,agoebl,4054,NA,32,ARFR4-SOS-WY050-151-FREMONT-16,#3288BD,-108.1704472,42.47886111,10 - 15 Deg. F. / 6 - 12,,10 - 15 Deg. F.,12-Jun,10 - 15 Deg. F. / 6 - 12,10 - 15 / semi-arid,WY.2,#cd8500,"semi-arid, cool",#3288BD,J,NA,NA
ARFR-WY050-151-FREMONT-16,white,4,13,33,NA,690,1,1,NA,N,NA,NA,NA,NA,NA,NA,NA,NA,NA,NA,318,06076954-2669-450c-94cd-924534dffd20,NA,1,NA,NA,8/8/2024 18:00,2b6d9e9d-036e-4fda-9f1e-59c81a39c682,8/8/2024 21:43,agoebl,8/8/2024 21:43,agoebl,4055,NA,33,ARFR4-SOS-WY050-151-FREMONT-16,#3288BD,-108.1704472,42.47886111,10 - 15 Deg. F. / 6 - 12,,10 - 15 Deg. F.,12-Jun,10 - 15 Deg. F. / 6 - 12,10 - 15 / semi-arid,WY.2,#cd8500,"semi-arid, cool",#3288BD,J,NA,NA
ARFR-WY050-151-FREMONT-16,white,4,13,34,NA,691,1,1,NA,N,NA,NA,NA,NA,NA,NA,NA,NA,NA,NA,374,549c9b70-d6a1-44a3-b003-0a0fbe5f88d3,NA,1,NA,1,8/8/2024 18:00,a8b144b5-8671-4ed4-96c6-4b184862a1c2,8/8/2024 21:44,agoebl,8/8/2024 21:44,agoebl,4056,NA,34,ARFR4-SOS-WY050-151-FREMONT-16,#3288BD,-108.1704472,42.47886111,10 - 15 Deg. F. / 6 - 12,,10 - 15 Deg. F.,12-Jun,10 - 15 Deg. F. / 6 - 12,10 - 15 / semi-arid,WY.2,#cd8500,"semi-arid, cool",#3288BD,J,NA,NA
ARFR-AZ930-422-NAVAJO-18,white,4,13,35,220,692,1,1,NA,N,NA,NA,NA,NA,NA,NA,NA,NA,NA,NA,320,822e275f-7b20-40ff-b332-4035be0f1955,NA,0,NA,NA,8/8/2024 18:00,2b6d9e9d-036e-4fda-9f1e-59c81a39c682,8/8/2024 21:43,agoebl,8/8/2024 21:43,agoebl,4057,NA,35,ARFR4-SOS-AZ930-422-NAVAJO-18,#D53E4F,-110.431,36.56805,15 - 20 Deg. F. / 6 - 12,Lats corrected 20230127,15 - 20 Deg. F.,12-Jun,15 - 20 Deg. F. / 6 - 12,15 - 20 / semi-arid,AZ.2,#ee5c42,"semi-arid, warm",#D53E4F,B,NA,NA
ARFR-UT080-109-UINTAH-12,white,4,13,36,NA,693,1,NA,NA,N,NA,NA,NA,NA,NA,NA,NA,NA,NA,NA,376,fcfc9a04-1d24-455b-b9e1-62199f64b46e,NA,0,NA,NA,8/8/2024 18:00,a8b144b5-8671-4ed4-96c6-4b184862a1c2,8/8/2024 21:44,agoebl,8/8/2024 21:44,agoebl,4058,NA,36,ARFR4-SOS-UT080-109-UINTAH-12,#aabe7f,-109.1426444,39.70802222,10 - 15 Deg. F. / 3 - 6,,10 - 15 Deg. F.,6-Mar,10 - 15 Deg. F. / 3 - 6,10 - 15 / semi-humid,UT.1,#66e566,"semi-humid, cool",#aabe7f,G,NA,NA
ARFR-CO932-314-JEFFERSON-12,white,4,13,37,NA,694,1,1,NA,N,NA,NA,NA,NA,NA,NA,NA,NA,NA,NA,322,d37203bb-3ee7-4a09-b369-39d64348d9f9,NA,1,NA,NA,8/8/2024 18:00,2b6d9e9d-036e-4fda-9f1e-59c81a39c682,8/8/2024 21:43,agoebl,8/8/2024 21:43,agoebl,4059,NA,37,ARFR4-SOS-CO932-314-JEFFERSON-12,#FEE08B,-105.3553333,39.40902778,10 - 15 Deg. F. / 3 - 6,,10 - 15 Deg. F.,6-Mar,10 - 15 Deg. F. / 3 - 6,10 - 15 / semi-humid,CO.2,#66e566,"semi-humid, cool",#FEE08B,E,NA,NA
ARFR-AZ930-423-NAVAJO-18,white,4,13,38,NA,695,1,1,NA,N,NA,NA,NA,NA,NA,NA,NA,NA,NA,NA,378,92f2f0bd-dc86-45f6-baad-0770500ad923,NA,1,NA,Nearly dead,8/8/2024 18:00,a8b144b5-8671-4ed4-96c6-4b184862a1c2,8/8/2024 21:44,agoebl,8/8/2024 21:44,agoebl,4060,NA,38,ARFR4-SOS-AZ930-423-NAVAJO-18,#9E0142,-110.431,36.45877,15 - 20 Deg. F. / 6 - 12,SdZones downloaded 20230823,15 - 20 Deg. F.,12-Jun,15 - 20 Deg. F. / 6 - 12,15 - 20 / semi-arid,AZ.1,#ee5c42,"semi-arid, warm",#9E0142,A,NA,NA
ARFR-WY930-44-LASANIMAS-13,white,4,13,39,NA,696,1,1,NA,N,NA,NA,NA,NA,NA,NA,NA,NA,NA,NA,324,5c1a5cdf-df29-4281-9311-75fd146e1d32,NA,1,NA,NA,8/8/2024 18:00,2b6d9e9d-036e-4fda-9f1e-59c81a39c682,8/8/2024 21:43,agoebl,8/8/2024 21:43,agoebl,4061,NA,39,ARFR4-SOS-WY930-44-LASANIMAS-13,#FDAE61,-104.6423889,37.16547222,15 - 20 Deg. F. / 3 - 6,,15 - 20 Deg. F.,6-Mar,15 - 20 Deg. F. / 3 - 6,15 - 20 / semi-humid,CO.1,#698b69,"semi-humid, warm",#FDAE61,D,NA,NA
ARFR-WY050-151-FREMONT-16,white,4,13,40,221,697,1,1,NA,N,NA,NA,NA,NA,NA,NA,NA,NA,NA,NA,380,df8be245-e829-411f-b55f-70d6b137d457,NA,1,NA,"Nearly dead, small, dry",8/8/2024 18:00,a8b144b5-8671-4ed4-96c6-4b184862a1c2,8/8/2024 21:44,agoebl,8/8/2024 21:44,agoebl,4062,NA,40,ARFR4-SOS-WY050-151-FREMONT-16,#3288BD,-108.1704472,42.47886111,10 - 15 Deg. F. / 6 - 12,,10 - 15 Deg. F.,12-Jun,10 - 15 Deg. F. / 6 - 12,10 - 15 / semi-arid,WY.2,#cd8500,"semi-arid, cool",#3288BD,J,NA,NA
ARFR-AZ930-423-NAVAJO-18,white,4,13,41,NA,698,1,1,NA,N,NA,NA,NA,NA,NA,NA,NA,NA,NA,NA,326,9c600842-e403-4996-a6f2-98d61574b3e1,NA,1,NA,NA,8/8/2024 18:00,2b6d9e9d-036e-4fda-9f1e-59c81a39c682,8/8/2024 21:43,agoebl,8/8/2024 21:43,agoebl,4063,NA,41,ARFR4-SOS-AZ930-423-NAVAJO-18,#9E0142,-110.431,36.45877,15 - 20 Deg. F. / 6 - 12,SdZones downloaded 20230823,15 - 20 Deg. F.,12-Jun,15 - 20 Deg. F. / 6 - 12,15 - 20 / semi-arid,AZ.1,#ee5c42,"semi-arid, warm",#9E0142,A,NA,NA
ARFR-NM930N-66-11,white,4,13,42,NA,699,1,1,NA,N,NA,NA,NA,NA,NA,NA,NA,NA,NA,NA,382,69d10f59-c1e2-4a4a-ba13-7781b8d8fd9d,NA,1,NA,NA,8/8/2024 18:00,a8b144b5-8671-4ed4-96c6-4b184862a1c2,8/8/2024 21:44,agoebl,8/8/2024 21:44,agoebl,4064,NA,42,ARFR4-SOS-NM930N-66-11,#F46D43,-107.2045028,36.76818611,10 - 15 Deg. F. / 3 - 6,,10 - 15 Deg. F.,6-Mar,10 - 15 Deg. F. / 3 - 6,10 - 15 / semi-humid,NM.1,#66e566,"semi-humid, cool",#F46D43,C,NA,NA
ARFR-WY050-49-FREMONT-12,white,4,13,43,NA,700,1,1,NA,N,NA,NA,NA,NA,NA,NA,NA,NA,NA,NA,328,fa05d40b-e002-43a1-bd2d-33ea071340b1,NA,1,NA,NA,8/8/2024 18:00,2b6d9e9d-036e-4fda-9f1e-59c81a39c682,8/8/2024 21:43,agoebl,8/8/2024 21:43,agoebl,4065,NA,43,ARFR4-SOS-WY050-49-FREMONT-12,#5E4FA2,-109.34775,43.42663611,5 - 10 Deg. F. / 6 - 12,,5 - 10 Deg. F.,12-Jun,5 - 10 Deg. F. / 6 - 12,5 - 10 / semi-arid,WY.3,#ffb90f,"semi-arid, cold",#5E4FA2,K,NA,NA
ARFR-WY930-44-LASANIMAS-13,white,4,13,44,NA,701,1,1,NA,Y,0.0038,0.613,16.13157895,NA,NA,NA,NA,NA,NA,NA,384,0fc0f427-a378-48d9-8ec0-2729f9b0642e,NA,1,NA,NA,8/8/2024 18:00,a8b144b5-8671-4ed4-96c6-4b184862a1c2,8/8/2024 21:44,agoebl,8/8/2024 21:44,agoebl,4066,NA,44,ARFR4-SOS-WY930-44-LASANIMAS-13,#FDAE61,-104.6423889,37.16547222,15 - 20 Deg. F. / 3 - 6,,15 - 20 Deg. F.,6-Mar,15 - 20 Deg. F. / 3 - 6,15 - 20 / semi-humid,CO.1,#698b69,"semi-humid, warm",#FDAE61,D,NA,NA
ARFR-NM930N-66-11,white,4,13,45,222,702,1,1,212.599006,N,NA,NA,NA,NA,212.599006,88.56,68.55,4.04,NA,Y,330,feb2c791-3439-4c9e-a319-07ad67d1824d,NA,NA,NA,H,8/8/2024 18:00,2b6d9e9d-036e-4fda-9f1e-59c81a39c682,8/8/2024 21:43,agoebl,8/8/2024 21:43,agoebl,4067,NA,45,ARFR4-SOS-NM930N-66-11,#F46D43,-107.2045028,36.76818611,10 - 15 Deg. F. / 3 - 6,,10 - 15 Deg. F.,6-Mar,10 - 15 Deg. F. / 3 - 6,10 - 15 / semi-humid,NM.1,#66e566,"semi-humid, cool",#F46D43,C,NA,NA
ARFR-WY040-71-10,white,4,13,46,NA,703,1,1,NA,N,NA,NA,NA,NA,NA,NA,NA,NA,NA,NA,386,78806ffe-3cd8-4e73-829f-f3539bf9b030,NA,1,NA,Nearly dead,8/8/2024 18:00,a8b144b5-8671-4ed4-96c6-4b184862a1c2,8/8/2024 21:44,agoebl,8/8/2024 21:44,agoebl,4068,NA,46,ARFR4-SOS-WY040-71-10,#66C2A5,-109.2433156,41.13271889,5 - 10 Deg. F. / 3 - 6,,5 - 10 Deg. F.,6-Mar,5 - 10 Deg. F. / 3 - 6,5 - 10 / semi-humid,WY.1,#a5c2f1,"semi-humid, cold",#66C2A5,I,NA,NA
ARFR-UT080-109-UINTAH-12,white,4,13,47,NA,704,1,1,NA,N,NA,NA,NA,NA,NA,NA,NA,NA,NA,NA,332,9e6851f5-ccdc-483d-9a74-998b6e78f620,NA,1,NA,NA,8/8/2024 18:00,2b6d9e9d-036e-4fda-9f1e-59c81a39c682,8/8/2024 21:43,agoebl,8/8/2024 21:43,agoebl,4069,NA,47,ARFR4-SOS-UT080-109-UINTAH-12,#aabe7f,-109.1426444,39.70802222,10 - 15 Deg. F. / 3 - 6,,10 - 15 Deg. F.,6-Mar,10 - 15 Deg. F. / 3 - 6,10 - 15 / semi-humid,UT.1,#66e566,"semi-humid, cool",#aabe7f,G,NA,NA
ARFR-WY930-44-LASANIMAS-13,white,4,13,48,NA,705,1,1,NA,N,NA,NA,NA,NA,NA,NA,NA,NA,NA,NA,388,bfaf3ddd-8086-4a3b-9e5b-6c72bd5c7805,NA,1,NA,NA,8/8/2024 18:00,a8b144b5-8671-4ed4-96c6-4b184862a1c2,8/8/2024 21:44,agoebl,8/8/2024 21:44,agoebl,4070,NA,48,ARFR4-SOS-WY930-44-LASANIMAS-13,#FDAE61,-104.6423889,37.16547222,15 - 20 Deg. F. / 3 - 6,,15 - 20 Deg. F.,6-Mar,15 - 20 Deg. F. / 3 - 6,15 - 20 / semi-humid,CO.1,#698b69,"semi-humid, warm",#FDAE61,D,NA,NA
ARFR-NM930N-66-11,white,4,13,49,NA,706,1,1,NA,N,NA,NA,NA,NA,NA,NA,NA,NA,NA,NA,334,2edb3e4e-d431-4c88-a5e7-eca5f290533f,NA,1,NA,NA,8/8/2024 18:00,2b6d9e9d-036e-4fda-9f1e-59c81a39c682,8/8/2024 21:43,agoebl,8/8/2024 21:43,agoebl,4071,NA,49,ARFR4-SOS-NM930N-66-11,#F46D43,-107.2045028,36.76818611,10 - 15 Deg. F. / 3 - 6,,10 - 15 Deg. F.,6-Mar,10 - 15 Deg. F. / 3 - 6,10 - 15 / semi-humid,NM.1,#66e566,"semi-humid, cool",#F46D43,C,NA,NA
ARFR-NM930N-66-11,white,4,13,50,223,707,1,1,NA,N,NA,NA,NA,NA,NA,NA,NA,NA,NA,NA,390,419a61b5-ab2e-4bbf-a159-36e132100bc5,NA,1,NA,NA,8/8/2024 18:00,a8b144b5-8671-4ed4-96c6-4b184862a1c2,8/8/2024 21:44,agoebl,8/8/2024 21:44,agoebl,4072,NA,50,ARFR4-SOS-NM930N-66-11,#F46D43,-107.2045028,36.76818611,10 - 15 Deg. F. / 3 - 6,,10 - 15 Deg. F.,6-Mar,10 - 15 Deg. F. / 3 - 6,10 - 15 / semi-humid,NM.1,#66e566,"semi-humid, cool",#F46D43,C,NA,NA
ARFR-WY050-151-FREMONT-16,white,4,13,51,NA,708,1,1,NA,N,NA,NA,NA,NA,NA,NA,NA,NA,NA,NA,336,457ee1ef-e8b9-4c70-b04a-26534bae685a,NA,1,NA,"Incredibly small, nearly dead",8/8/2024 18:00,2b6d9e9d-036e-4fda-9f1e-59c81a39c682,8/8/2024 21:43,agoebl,8/8/2024 21:43,agoebl,4073,NA,51,ARFR4-SOS-WY050-151-FREMONT-16,#3288BD,-108.1704472,42.47886111,10 - 15 Deg. F. / 6 - 12,,10 - 15 Deg. F.,12-Jun,10 - 15 Deg. F. / 6 - 12,10 - 15 / semi-arid,WY.2,#cd8500,"semi-arid, cool",#3288BD,J,NA,NA
ARFR-WY050-49-FREMONT-12,white,4,13,52,NA,709,1,1,NA,N,NA,NA,NA,NA,NA,NA,NA,NA,NA,NA,392,d6b13b65-6210-4136-859c-1557b859998e,NA,1,NA,NA,8/8/2024 18:00,a8b144b5-8671-4ed4-96c6-4b184862a1c2,8/8/2024 21:44,agoebl,8/8/2024 21:44,agoebl,4074,NA,52,ARFR4-SOS-WY050-49-FREMONT-12,#5E4FA2,-109.34775,43.42663611,5 - 10 Deg. F. / 6 - 12,,5 - 10 Deg. F.,12-Jun,5 - 10 Deg. F. / 6 - 12,5 - 10 / semi-arid,WY.3,#ffb90f,"semi-arid, cold",#5E4FA2,K,NA,NA
ARFR-WY040-71-10,white,4,13,53,NA,710,0,NA,NA,N,NA,NA,NA,NA,NA,NA,NA,NA,NA,NA,338,e6b27e22-c5e9-4586-b575-ab1b6ce74103,NA,0,NA,NA,8/8/2024 18:00,2b6d9e9d-036e-4fda-9f1e-59c81a39c682,8/8/2024 21:43,agoebl,8/8/2024 21:43,agoebl,4075,NA,53,ARFR4-SOS-WY040-71-10,#66C2A5,-109.2433156,41.13271889,5 - 10 Deg. F. / 3 - 6,,5 - 10 Deg. F.,6-Mar,5 - 10 Deg. F. / 3 - 6,5 - 10 / semi-humid,WY.1,#a5c2f1,"semi-humid, cold",#66C2A5,I,NA,NA
ARFR-AZ930-422-NAVAJO-18,white,4,13,54,NA,711,1,1,NA,N,NA,NA,NA,NA,NA,NA,NA,NA,NA,NA,394,6405628b-2a36-40b1-837c-6c6dcf1b8f63,NA,1,NA,Dry,8/8/2024 18:00,a8b144b5-8671-4ed4-96c6-4b184862a1c2,8/8/2024 21:44,agoebl,8/8/2024 21:44,agoebl,4076,NA,54,ARFR4-SOS-AZ930-422-NAVAJO-18,#D53E4F,-110.431,36.56805,15 - 20 Deg. F. / 6 - 12,Lats corrected 20230127,15 - 20 Deg. F.,12-Jun,15 - 20 Deg. F. / 6 - 12,15 - 20 / semi-arid,AZ.2,#ee5c42,"semi-arid, warm",#D53E4F,B,NA,NA
ARFR-WY040-71-10,white,4,13,55,224,712,1,1,NA,N,NA,NA,NA,NA,NA,NA,NA,NA,NA,NA,340,fbda973e-68f7-49af-9963-515816439f2b,NA,1,NA,NA,8/8/2024 18:00,2b6d9e9d-036e-4fda-9f1e-59c81a39c682,8/8/2024 21:43,agoebl,8/8/2024 21:43,agoebl,4077,NA,55,ARFR4-SOS-WY040-71-10,#66C2A5,-109.2433156,41.13271889,5 - 10 Deg. F. / 3 - 6,,5 - 10 Deg. F.,6-Mar,5 - 10 Deg. F. / 3 - 6,5 - 10 / semi-humid,WY.1,#a5c2f1,"semi-humid, cold",#66C2A5,I,NA,NA
ARFR-AZ930-423-NAVAJO-18,white,4,14,1,213,713,1,1,NA,N,NA,NA,NA,NA,NA,NA,NA,NA,NA,NA,396,5394a5df-1c69-4dd5-81f4-11ba223da096,NA,1,NA,NA,8/8/2024 18:00,9705cc22-92af-4f22-9feb-0dca80073073,8/8/2024 21:44,agoebl,8/8/2024 21:44,agoebl,4078,NA,1,ARFR4-SOS-AZ930-423-NAVAJO-18,#9E0142,-110.431,36.45877,15 - 20 Deg. F. / 6 - 12,SdZones downloaded 20230823,15 - 20 Deg. F.,12-Jun,15 - 20 Deg. F. / 6 - 12,15 - 20 / semi-arid,AZ.1,#ee5c42,"semi-arid, warm",#9E0142,A,NA,NA
ARFR-CO932-314-JEFFERSON-12,white,4,14,2,NA,714,1,1,NA,N,NA,NA,NA,NA,NA,NA,NA,NA,NA,NA,397,64c5c1b5-9572-4f32-9011-2cacacbaef4b,NA,1,NA,NA,8/8/2024 18:00,9705cc22-92af-4f22-9feb-0dca80073073,8/8/2024 21:44,agoebl,8/8/2024 21:44,agoebl,4079,NA,2,ARFR4-SOS-CO932-314-JEFFERSON-12,#FEE08B,-105.3553333,39.40902778,10 - 15 Deg. F. / 3 - 6,,10 - 15 Deg. F.,6-Mar,10 - 15 Deg. F. / 3 - 6,10 - 15 / semi-humid,CO.2,#66e566,"semi-humid, cool",#FEE08B,E,NA,NA
ARFR-NM930N-66-11,white,4,14,3,NA,715,1,1,NA,N,NA,NA,NA,NA,NA,NA,NA,NA,NA,NA,398,cf981c6b-7deb-4629-a8c1-82da5616cc62,NA,1,NA,NA,8/8/2024 18:00,9705cc22-92af-4f22-9feb-0dca80073073,8/8/2024 21:44,agoebl,8/8/2024 21:44,agoebl,4080,NA,3,ARFR4-SOS-NM930N-66-11,#F46D43,-107.2045028,36.76818611,10 - 15 Deg. F. / 3 - 6,,10 - 15 Deg. F.,6-Mar,10 - 15 Deg. F. / 3 - 6,10 - 15 / semi-humid,NM.1,#66e566,"semi-humid, cool",#F46D43,C,NA,NA
ARFR-WY050-151-FREMONT-16,white,4,14,4,NA,716,1,1,NA,N,NA,NA,NA,NA,NA,NA,NA,NA,NA,NA,399,14394eaa-8a19-41c3-a1de-2d955a24df34,NA,1,NA,NA,8/8/2024 18:00,9705cc22-92af-4f22-9feb-0dca80073073,8/8/2024 21:44,agoebl,8/8/2024 21:44,agoebl,4081,NA,4,ARFR4-SOS-WY050-151-FREMONT-16,#3288BD,-108.1704472,42.47886111,10 - 15 Deg. F. / 6 - 12,,10 - 15 Deg. F.,12-Jun,10 - 15 Deg. F. / 6 - 12,10 - 15 / semi-arid,WY.2,#cd8500,"semi-arid, cool",#3288BD,J,NA,NA
ARFR-WY050-151-FREMONT-16,white,4,14,5,214,717,1,1,NA,Y,0.0121,0.611,5.049586777,NA,NA,NA,NA,NA,NA,NA,400,3d0a9455-b961-49d6-9074-6581191b7040,NA,1,NA,Small,8/8/2024 18:00,9705cc22-92af-4f22-9feb-0dca80073073,8/8/2024 21:44,agoebl,8/8/2024 21:44,agoebl,4082,NA,5,ARFR4-SOS-WY050-151-FREMONT-16,#3288BD,-108.1704472,42.47886111,10 - 15 Deg. F. / 6 - 12,,10 - 15 Deg. F.,12-Jun,10 - 15 Deg. F. / 6 - 12,10 - 15 / semi-arid,WY.2,#cd8500,"semi-arid, cool",#3288BD,J,NA,NA
ARFR-NM930N-66-11,white,4,14,6,NA,718,1,1,NA,N,NA,NA,NA,NA,NA,NA,NA,NA,NA,NA,401,e221b72c-4bc0-46c4-bf41-a1873330f202,NA,1,NA,NA,8/8/2024 18:00,9705cc22-92af-4f22-9feb-0dca80073073,8/8/2024 21:44,agoebl,8/8/2024 21:44,agoebl,4083,NA,6,ARFR4-SOS-NM930N-66-11,#F46D43,-107.2045028,36.76818611,10 - 15 Deg. F. / 3 - 6,,10 - 15 Deg. F.,6-Mar,10 - 15 Deg. F. / 3 - 6,10 - 15 / semi-humid,NM.1,#66e566,"semi-humid, cool",#F46D43,C,NA,NA
ARFR-WY050-151-FREMONT-16,white,4,14,7,NA,719,1,1,NA,N,NA,NA,NA,NA,NA,NA,NA,NA,NA,NA,402,ad88dcc3-13ee-478f-8ba9-0aa1f9230ee0,NA,1,NA,NA,8/8/2024 18:00,9705cc22-92af-4f22-9feb-0dca80073073,8/8/2024 21:44,agoebl,8/8/2024 21:44,agoebl,4084,NA,7,ARFR4-SOS-WY050-151-FREMONT-16,#3288BD,-108.1704472,42.47886111,10 - 15 Deg. F. / 6 - 12,,10 - 15 Deg. F.,12-Jun,10 - 15 Deg. F. / 6 - 12,10 - 15 / semi-arid,WY.2,#cd8500,"semi-arid, cool",#3288BD,J,NA,NA
ARFR-WY040-71-10,white,4,14,8,NA,720,1,1,NA,N,NA,NA,NA,NA,NA,NA,NA,NA,NA,NA,403,b5250bd2-c352-4862-94dc-469edd329268,NA,0,NA,NA,8/8/2024 18:00,9705cc22-92af-4f22-9feb-0dca80073073,8/8/2024 21:44,agoebl,8/8/2024 21:44,agoebl,4085,NA,8,ARFR4-SOS-WY040-71-10,#66C2A5,-109.2433156,41.13271889,5 - 10 Deg. F. / 3 - 6,,5 - 10 Deg. F.,6-Mar,5 - 10 Deg. F. / 3 - 6,5 - 10 / semi-humid,WY.1,#a5c2f1,"semi-humid, cold",#66C2A5,I,NA,NA
ARFR-UT080-109-UINTAH-12,white,4,14,9,NA,721,1,1,NA,N,NA,NA,NA,NA,NA,NA,NA,NA,NA,NA,404,c5974a4b-632c-4f4d-a93b-eb3d8bdd84b3,NA,1,NA,NA,8/8/2024 18:00,9705cc22-92af-4f22-9feb-0dca80073073,8/8/2024 21:44,agoebl,8/8/2024 21:44,agoebl,4086,NA,9,ARFR4-SOS-UT080-109-UINTAH-12,#aabe7f,-109.1426444,39.70802222,10 - 15 Deg. F. / 3 - 6,,10 - 15 Deg. F.,6-Mar,10 - 15 Deg. F. / 3 - 6,10 - 15 / semi-humid,UT.1,#66e566,"semi-humid, cool",#aabe7f,G,NA,NA
ARFR-WY050-49-FREMONT-12,white,4,14,10,215,722,1,1,NA,N,NA,NA,NA,NA,NA,NA,NA,NA,NA,NA,405,a7127e29-33d7-4d1b-a973-5f6313b4a987,NA,1,NA,Small,8/8/2024 18:00,9705cc22-92af-4f22-9feb-0dca80073073,8/8/2024 21:44,agoebl,8/8/2024 21:44,agoebl,4087,NA,10,ARFR4-SOS-WY050-49-FREMONT-12,#5E4FA2,-109.34775,43.42663611,5 - 10 Deg. F. / 6 - 12,,5 - 10 Deg. F.,12-Jun,5 - 10 Deg. F. / 6 - 12,5 - 10 / semi-arid,WY.3,#ffb90f,"semi-arid, cold",#5E4FA2,K,NA,NA
ARFR-AZ930-423-NAVAJO-18,white,4,14,11,NA,723,1,1,NA,N,NA,NA,NA,NA,NA,NA,NA,NA,NA,NA,406,ebe94397-07f8-4ebb-8499-6d18ed04b0d8,NA,1,NA,NA,8/8/2024 18:00,9705cc22-92af-4f22-9feb-0dca80073073,8/8/2024 21:44,agoebl,8/8/2024 21:44,agoebl,4088,NA,11,ARFR4-SOS-AZ930-423-NAVAJO-18,#9E0142,-110.431,36.45877,15 - 20 Deg. F. / 6 - 12,SdZones downloaded 20230823,15 - 20 Deg. F.,12-Jun,15 - 20 Deg. F. / 6 - 12,15 - 20 / semi-arid,AZ.1,#ee5c42,"semi-arid, warm",#9E0142,A,NA,NA
ARFR-NM930N-66-11,white,4,14,12,NA,724,1,1,NA,N,NA,NA,NA,NA,NA,NA,NA,NA,NA,NA,407,2a388c03-c429-4616-97ad-5e850b043e48,NA,1,NA,NA,8/8/2024 18:00,9705cc22-92af-4f22-9feb-0dca80073073,8/8/2024 21:44,agoebl,8/8/2024 21:44,agoebl,4089,NA,12,ARFR4-SOS-NM930N-66-11,#F46D43,-107.2045028,36.76818611,10 - 15 Deg. F. / 3 - 6,,10 - 15 Deg. F.,6-Mar,10 - 15 Deg. F. / 3 - 6,10 - 15 / semi-humid,NM.1,#66e566,"semi-humid, cool",#F46D43,C,NA,NA
ARFR-CO932-314-JEFFERSON-12,white,4,14,13,NA,725,1,1,NA,N,NA,NA,NA,NA,NA,NA,NA,NA,NA,NA,408,9495bffa-e90e-4ad6-8a74-0a0f38aa842c,NA,1,NA,NA,8/8/2024 18:00,9705cc22-92af-4f22-9feb-0dca80073073,8/8/2024 21:44,agoebl,8/8/2024 21:44,agoebl,4090,NA,13,ARFR4-SOS-CO932-314-JEFFERSON-12,#FEE08B,-105.3553333,39.40902778,10 - 15 Deg. F. / 3 - 6,,10 - 15 Deg. F.,6-Mar,10 - 15 Deg. F. / 3 - 6,10 - 15 / semi-humid,CO.2,#66e566,"semi-humid, cool",#FEE08B,E,NA,NA
ARFR-AZ930-423-NAVAJO-18,white,4,14,14,NA,726,1,1,NA,N,NA,NA,NA,NA,NA,NA,NA,NA,NA,NA,409,ab2b0782-9007-4175-b2a5-4ff7d46ac81b,NA,1,NA,NA,8/8/2024 18:00,9705cc22-92af-4f22-9feb-0dca80073073,8/8/2024 21:44,agoebl,8/8/2024 21:44,agoebl,4091,NA,14,ARFR4-SOS-AZ930-423-NAVAJO-18,#9E0142,-110.431,36.45877,15 - 20 Deg. F. / 6 - 12,SdZones downloaded 20230823,15 - 20 Deg. F.,12-Jun,15 - 20 Deg. F. / 6 - 12,15 - 20 / semi-arid,AZ.1,#ee5c42,"semi-arid, warm",#9E0142,A,NA,NA
ARFR-CO932-316-JEFFERSON-12,white,4,14,15,216,727,1,1,NA,N,NA,NA,NA,NA,NA,NA,NA,NA,NA,NA,410,dfc326f8-0434-405b-92c3-2466d11cdaf0,NA,1,NA,NA,8/8/2024 18:00,9705cc22-92af-4f22-9feb-0dca80073073,8/8/2024 21:44,agoebl,8/8/2024 21:44,agoebl,4092,NA,15,ARFR4-SOS-CO932-316-JEFFERSON-12,#FFFF85,-105.358,39.66325,15 - 20 Deg. F. / 3 - 6,,15 - 20 Deg. F.,6-Mar,15 - 20 Deg. F. / 3 - 6,15 - 20 / semi-humid,CO.3,#698b69,"semi-humid, warm",#FFFF85,F,NA,NA
ARFR-CO932-294-11,white,4,14,16,NA,728,1,1,120.842,N,NA,NA,NA,NA,120.842,64.43,37.84,3.58,NA,Y,411,9d933c3c-345c-456f-89ff-804c3a8073d8,NA,NA,NA,H,8/8/2024 18:00,9705cc22-92af-4f22-9feb-0dca80073073,8/8/2024 21:44,agoebl,8/8/2024 21:44,agoebl,4093,NA,16,ARFR4-SOS-CO932-294-11,#ABDDA4,-105.2030833,39.78458333,15 - 20 Deg. F. / 3 - 6,,15 - 20 Deg. F.,6-Mar,15 - 20 Deg. F. / 3 - 6,15 - 20 / semi-humid,CO.4,#698b69,"semi-humid, warm",#ABDDA4,H,NA,NA
ARFR-CO932-294-11,white,4,14,17,NA,729,1,1,NA,N,NA,NA,NA,NA,NA,NA,NA,NA,NA,NA,412,300cf0f4-20b2-469b-bdc0-6b0b0c67da90,NA,1,NA,NA,8/8/2024 18:00,9705cc22-92af-4f22-9feb-0dca80073073,8/8/2024 21:44,agoebl,8/8/2024 21:44,agoebl,4094,NA,17,ARFR4-SOS-CO932-294-11,#ABDDA4,-105.2030833,39.78458333,15 - 20 Deg. F. / 3 - 6,,15 - 20 Deg. F.,6-Mar,15 - 20 Deg. F. / 3 - 6,15 - 20 / semi-humid,CO.4,#698b69,"semi-humid, warm",#ABDDA4,H,NA,NA
ARFR-NM930N-66-11,white,4,14,18,NA,730,1,1,NA,N,NA,NA,NA,NA,NA,NA,NA,NA,NA,NA,413,20fa3987-22da-4814-867e-a3ee7b81be2a,NA,1,NA,NA,8/8/2024 18:00,9705cc22-92af-4f22-9feb-0dca80073073,8/8/2024 21:44,agoebl,8/8/2024 21:44,agoebl,4095,NA,18,ARFR4-SOS-NM930N-66-11,#F46D43,-107.2045028,36.76818611,10 - 15 Deg. F. / 3 - 6,,10 - 15 Deg. F.,6-Mar,10 - 15 Deg. F. / 3 - 6,10 - 15 / semi-humid,NM.1,#66e566,"semi-humid, cool",#F46D43,C,NA,NA
ARFR-WY050-49-FREMONT-12,white,4,14,19,NA,731,1,1,NA,N,NA,NA,NA,NA,NA,NA,NA,NA,NA,NA,414,ce285e26-7c4f-4cbc-9315-98dc6ef1116b,NA,1,NA,NA,8/8/2024 18:00,9705cc22-92af-4f22-9feb-0dca80073073,8/8/2024 21:44,agoebl,8/8/2024 21:44,agoebl,4096,NA,19,ARFR4-SOS-WY050-49-FREMONT-12,#5E4FA2,-109.34775,43.42663611,5 - 10 Deg. F. / 6 - 12,,5 - 10 Deg. F.,12-Jun,5 - 10 Deg. F. / 6 - 12,5 - 10 / semi-arid,WY.3,#ffb90f,"semi-arid, cold",#5E4FA2,K,NA,NA
ARFR-WY050-49-FREMONT-12,white,4,14,20,217,732,1,1,NA,N,NA,NA,NA,NA,NA,NA,NA,NA,NA,NA,415,190c995e-442c-4e29-9cdc-74d8cf7cbf74,NA,1,NA,NA,8/8/2024 18:00,9705cc22-92af-4f22-9feb-0dca80073073,8/8/2024 21:44,agoebl,8/8/2024 21:44,agoebl,4097,NA,20,ARFR4-SOS-WY050-49-FREMONT-12,#5E4FA2,-109.34775,43.42663611,5 - 10 Deg. F. / 6 - 12,,5 - 10 Deg. F.,12-Jun,5 - 10 Deg. F. / 6 - 12,5 - 10 / semi-arid,WY.3,#ffb90f,"semi-arid, cold",#5E4FA2,K,NA,NA
ARFR-WY050-151-FREMONT-16,white,4,14,21,NA,733,1,1,NA,N,NA,NA,NA,NA,NA,NA,NA,NA,NA,NA,416,fcf1d02c-bd66-46a4-82eb-2287432bcbdf,NA,1,NA,NA,8/8/2024 18:00,9705cc22-92af-4f22-9feb-0dca80073073,8/8/2024 21:44,agoebl,8/8/2024 21:44,agoebl,4098,NA,21,ARFR4-SOS-WY050-151-FREMONT-16,#3288BD,-108.1704472,42.47886111,10 - 15 Deg. F. / 6 - 12,,10 - 15 Deg. F.,12-Jun,10 - 15 Deg. F. / 6 - 12,10 - 15 / semi-arid,WY.2,#cd8500,"semi-arid, cool",#3288BD,J,NA,NA
ARFR-WY930-44-LASANIMAS-13,white,4,14,22,NA,734,1,1,NA,N,NA,NA,NA,NA,NA,NA,NA,NA,NA,NA,417,8883c3dc-577c-486b-a3fc-2de48e3edbbe,NA,1,NA,NA,8/8/2024 18:00,9705cc22-92af-4f22-9feb-0dca80073073,8/8/2024 21:44,agoebl,8/8/2024 21:44,agoebl,4099,NA,22,ARFR4-SOS-WY930-44-LASANIMAS-13,#FDAE61,-104.6423889,37.16547222,15 - 20 Deg. F. / 3 - 6,,15 - 20 Deg. F.,6-Mar,15 - 20 Deg. F. / 3 - 6,15 - 20 / semi-humid,CO.1,#698b69,"semi-humid, warm",#FDAE61,D,NA,NA
ARFR-CO932-294-11,white,4,14,23,NA,735,1,1,NA,N,NA,NA,NA,NA,NA,NA,NA,NA,NA,NA,418,682aaa7f-cc21-402a-9f1e-0df43221a2b6,NA,NA,NA,NA,8/8/2024 18:00,9705cc22-92af-4f22-9feb-0dca80073073,8/8/2024 21:44,agoebl,8/8/2024 21:44,agoebl,4100,NA,23,ARFR4-SOS-CO932-294-11,#ABDDA4,-105.2030833,39.78458333,15 - 20 Deg. F. / 3 - 6,,15 - 20 Deg. F.,6-Mar,15 - 20 Deg. F. / 3 - 6,15 - 20 / semi-humid,CO.4,#698b69,"semi-humid, warm",#ABDDA4,H,NA,NA
ARFR-WY040-71-10,white,4,14,24,NA,736,1,1,NA,N,NA,NA,NA,NA,NA,NA,NA,NA,NA,NA,419,72a66610-1ce2-42f2-a537-3fe898ee21a3,NA,0,NA,NA,8/8/2024 18:00,9705cc22-92af-4f22-9feb-0dca80073073,8/8/2024 21:44,agoebl,8/8/2024 21:44,agoebl,4101,NA,24,ARFR4-SOS-WY040-71-10,#66C2A5,-109.2433156,41.13271889,5 - 10 Deg. F. / 3 - 6,,5 - 10 Deg. F.,6-Mar,5 - 10 Deg. F. / 3 - 6,5 - 10 / semi-humid,WY.1,#a5c2f1,"semi-humid, cold",#66C2A5,I,NA,NA
ARFR-NM930N-66-11,white,4,14,25,218,737,1,1,NA,N,NA,NA,NA,NA,NA,NA,NA,NA,NA,NA,420,b2b8bd17-4175-485f-ad92-8519efe88bea,NA,1,NA,NA,8/8/2024 18:00,9705cc22-92af-4f22-9feb-0dca80073073,8/8/2024 21:44,agoebl,8/8/2024 21:44,agoebl,4102,NA,25,ARFR4-SOS-NM930N-66-11,#F46D43,-107.2045028,36.76818611,10 - 15 Deg. F. / 3 - 6,,10 - 15 Deg. F.,6-Mar,10 - 15 Deg. F. / 3 - 6,10 - 15 / semi-humid,NM.1,#66e566,"semi-humid, cool",#F46D43,C,NA,NA
ARFR-AZ930-422-NAVAJO-18,white,4,14,26,NA,738,1,NA,124.762,N,NA,NA,NA,NA,124.762,61.6,24.92,20.55,More leaves mixed in with heads compared to other samples,Y,NA,NA,NA,NA,NA,NA,NA,NA,NA,NA,NA,NA,NA,NA,NA,ARFR4-SOS-AZ930-422-NAVAJO-18,#D53E4F,-110.431,36.56805,15 - 20 Deg. F. / 6 - 12,Lats corrected 20230127,15 - 20 Deg. F.,12-Jun,15 - 20 Deg. F. / 6 - 12,15 - 20 / semi-arid,AZ.2,#ee5c42,"semi-arid, warm",#D53E4F,B,NA,Y
ARFR-UT080-109-UINTAH-12,white,4,14,27,NA,739,1,1,NA,N,NA,NA,NA,NA,NA,NA,NA,NA,NA,NA,422,8221e86a-5cd4-4855-96e2-c8073e60d4c0,NA,1,NA,NA,8/8/2024 18:00,9705cc22-92af-4f22-9feb-0dca80073073,8/8/2024 21:44,agoebl,8/8/2024 21:44,agoebl,4104,NA,27,ARFR4-SOS-UT080-109-UINTAH-12,#aabe7f,-109.1426444,39.70802222,10 - 15 Deg. F. / 3 - 6,,10 - 15 Deg. F.,6-Mar,10 - 15 Deg. F. / 3 - 6,10 - 15 / semi-humid,UT.1,#66e566,"semi-humid, cool",#aabe7f,G,NA,NA
ARFR-WY040-71-10,white,4,14,28,NA,740,1,1,NA,N,NA,NA,NA,NA,NA,NA,NA,NA,NA,NA,423,09c4baa6-8bd4-4822-b73b-d3c3d560549c,NA,0,NA,NA,8/8/2024 18:00,9705cc22-92af-4f22-9feb-0dca80073073,8/8/2024 21:44,agoebl,8/8/2024 21:44,agoebl,4105,NA,28,ARFR4-SOS-WY040-71-10,#66C2A5,-109.2433156,41.13271889,5 - 10 Deg. F. / 3 - 6,,5 - 10 Deg. F.,6-Mar,5 - 10 Deg. F. / 3 - 6,5 - 10 / semi-humid,WY.1,#a5c2f1,"semi-humid, cold",#66C2A5,I,NA,NA
ARFR-WY050-49-FREMONT-12,white,4,14,29,NA,741,1,1,NA,N,NA,NA,NA,NA,NA,NA,NA,NA,NA,NA,424,b2b78345-023d-465b-9984-60593a0042b9,NA,0,NA,NA,8/8/2024 18:00,9705cc22-92af-4f22-9feb-0dca80073073,8/8/2024 21:44,agoebl,8/8/2024 21:44,agoebl,4106,NA,29,ARFR4-SOS-WY050-49-FREMONT-12,#5E4FA2,-109.34775,43.42663611,5 - 10 Deg. F. / 6 - 12,,5 - 10 Deg. F.,12-Jun,5 - 10 Deg. F. / 6 - 12,5 - 10 / semi-arid,WY.3,#ffb90f,"semi-arid, cold",#5E4FA2,K,NA,NA
ARFR-CO932-314-JEFFERSON-12,white,4,14,30,219,742,1,1,NA,N,NA,NA,NA,NA,NA,NA,NA,NA,NA,NA,425,698ff25c-580c-4ce5-9cab-caa1e758157b,NA,0,NA,NA,8/8/2024 18:00,9705cc22-92af-4f22-9feb-0dca80073073,8/8/2024 21:44,agoebl,8/8/2024 21:44,agoebl,4107,NA,30,ARFR4-SOS-CO932-314-JEFFERSON-12,#FEE08B,-105.3553333,39.40902778,10 - 15 Deg. F. / 3 - 6,,10 - 15 Deg. F.,6-Mar,10 - 15 Deg. F. / 3 - 6,10 - 15 / semi-humid,CO.2,#66e566,"semi-humid, cool",#FEE08B,E,NA,NA
ARFR-WY930-44-LASANIMAS-13,white,4,14,31,NA,743,1,1,NA,N,NA,NA,NA,NA,NA,NA,NA,NA,NA,NA,426,28d104c8-4174-4012-8698-68ad90fde2aa,NA,1,NA,NA,8/8/2024 18:00,9705cc22-92af-4f22-9feb-0dca80073073,8/8/2024 21:44,agoebl,8/8/2024 21:44,agoebl,4108,NA,31,ARFR4-SOS-WY930-44-LASANIMAS-13,#FDAE61,-104.6423889,37.16547222,15 - 20 Deg. F. / 3 - 6,,15 - 20 Deg. F.,6-Mar,15 - 20 Deg. F. / 3 - 6,15 - 20 / semi-humid,CO.1,#698b69,"semi-humid, warm",#FDAE61,D,NA,NA
ARFR-WY050-151-FREMONT-16,white,4,14,32,NA,744,1,1,NA,N,NA,NA,NA,NA,NA,NA,NA,NA,NA,NA,427,3c7b8dd6-188d-4dd4-89bc-235d80cb204a,NA,1,NA,NA,8/8/2024 18:00,9705cc22-92af-4f22-9feb-0dca80073073,8/8/2024 21:44,agoebl,8/8/2024 21:44,agoebl,4109,NA,32,ARFR4-SOS-WY050-151-FREMONT-16,#3288BD,-108.1704472,42.47886111,10 - 15 Deg. F. / 6 - 12,,10 - 15 Deg. F.,12-Jun,10 - 15 Deg. F. / 6 - 12,10 - 15 / semi-arid,WY.2,#cd8500,"semi-arid, cool",#3288BD,J,NA,NA
ARFR-WY050-49-FREMONT-12,white,4,14,33,NA,745,0,NA,NA,N,NA,NA,NA,NA,NA,NA,NA,NA,NA,NA,428,1c690271-b291-4f17-b759-d50c5186e0d3,NA,0,NA,"Very small, only recruits?",8/8/2024 18:00,9705cc22-92af-4f22-9feb-0dca80073073,8/8/2024 21:44,agoebl,8/8/2024 21:44,agoebl,4110,NA,33,ARFR4-SOS-WY050-49-FREMONT-12,#5E4FA2,-109.34775,43.42663611,5 - 10 Deg. F. / 6 - 12,,5 - 10 Deg. F.,12-Jun,5 - 10 Deg. F. / 6 - 12,5 - 10 / semi-arid,WY.3,#ffb90f,"semi-arid, cold",#5E4FA2,K,NA,NA
ARFR-WY930-44-LASANIMAS-13,white,4,14,34,NA,746,1,1,NA,N,NA,NA,NA,NA,NA,NA,NA,NA,NA,NA,429,59588f95-2e4b-4523-9385-a6517c7ddaca,NA,1,NA,NA,8/8/2024 18:00,9705cc22-92af-4f22-9feb-0dca80073073,8/8/2024 21:44,agoebl,8/8/2024 21:44,agoebl,4111,NA,34,ARFR4-SOS-WY930-44-LASANIMAS-13,#FDAE61,-104.6423889,37.16547222,15 - 20 Deg. F. / 3 - 6,,15 - 20 Deg. F.,6-Mar,15 - 20 Deg. F. / 3 - 6,15 - 20 / semi-humid,CO.1,#698b69,"semi-humid, warm",#FDAE61,D,NA,NA
ARFR-CO932-314-JEFFERSON-12,white,4,14,35,220,747,1,1,NA,N,NA,NA,NA,NA,NA,NA,NA,NA,NA,NA,430,bd50c941-e92f-44c7-85f6-9bc50964da36,NA,NA,NA,NA,8/8/2024 18:00,9705cc22-92af-4f22-9feb-0dca80073073,8/8/2024 21:44,agoebl,8/8/2024 21:44,agoebl,4112,NA,35,ARFR4-SOS-CO932-314-JEFFERSON-12,#FEE08B,-105.3553333,39.40902778,10 - 15 Deg. F. / 3 - 6,,10 - 15 Deg. F.,6-Mar,10 - 15 Deg. F. / 3 - 6,10 - 15 / semi-humid,CO.2,#66e566,"semi-humid, cool",#FEE08B,E,NA,Y
ARFR-WY050-151-FREMONT-16,white,4,14,36,NA,748,1,1,NA,N,NA,NA,NA,NA,NA,NA,NA,NA,NA,NA,431,63f82d20-3538-49ee-8ba0-299a0bac685c,NA,1,NA,NA,8/8/2024 18:00,9705cc22-92af-4f22-9feb-0dca80073073,8/8/2024 21:44,agoebl,8/8/2024 21:44,agoebl,4113,NA,36,ARFR4-SOS-WY050-151-FREMONT-16,#3288BD,-108.1704472,42.47886111,10 - 15 Deg. F. / 6 - 12,,10 - 15 Deg. F.,12-Jun,10 - 15 Deg. F. / 6 - 12,10 - 15 / semi-arid,WY.2,#cd8500,"semi-arid, cool",#3288BD,J,NA,NA
ARFR-WY050-49-FREMONT-12,white,4,14,37,NA,749,1,NA,24.35,N,NA,NA,NA,NA,24.35,0,0,0,Missing? Zeros for inf added since didn't flwr,Y,432,fa8a78b8-33cf-41d2-8413-1be745273bc4,NA,NA,NA,H,8/8/2024 18:00,9705cc22-92af-4f22-9feb-0dca80073073,8/8/2024 21:44,agoebl,8/8/2024 21:44,agoebl,4114,NA,37,ARFR4-SOS-WY050-49-FREMONT-12,#5E4FA2,-109.34775,43.42663611,5 - 10 Deg. F. / 6 - 12,,5 - 10 Deg. F.,12-Jun,5 - 10 Deg. F. / 6 - 12,5 - 10 / semi-arid,WY.3,#ffb90f,"semi-arid, cold",#5E4FA2,K,NA,Y
ARFR-UT080-109-UINTAH-12,white,4,14,38,NA,750,1,1,NA,N,NA,NA,NA,NA,NA,NA,NA,NA,NA,NA,NA,NA,NA,NA,NA,NA,NA,NA,NA,NA,NA,NA,NA,NA,NA,ARFR4-SOS-UT080-109-UINTAH-12,#aabe7f,-109.1426444,39.70802222,10 - 15 Deg. F. / 3 - 6,,10 - 15 Deg. F.,6-Mar,10 - 15 Deg. F. / 3 - 6,10 - 15 / semi-humid,UT.1,#66e566,"semi-humid, cool",#aabe7f,G,NA,NA
ARFR-WY050-49-FREMONT-12,white,4,14,39,NA,751,1,1,NA,N,NA,NA,NA,NA,NA,NA,NA,NA,NA,NA,434,9f18198c-e5bc-4f9f-a775-8f157004a12a,NA,1,NA,NA,8/8/2024 18:00,9705cc22-92af-4f22-9feb-0dca80073073,8/8/2024 21:44,agoebl,8/8/2024 21:44,agoebl,4116,NA,39,ARFR4-SOS-WY050-49-FREMONT-12,#5E4FA2,-109.34775,43.42663611,5 - 10 Deg. F. / 6 - 12,,5 - 10 Deg. F.,12-Jun,5 - 10 Deg. F. / 6 - 12,5 - 10 / semi-arid,WY.3,#ffb90f,"semi-arid, cold",#5E4FA2,K,NA,NA
ARFR-UT080-109-UINTAH-12,white,4,14,40,221,752,1,1,NA,N,NA,NA,NA,NA,NA,NA,NA,NA,NA,NA,435,1dfd4467-23de-48f8-9c84-d4107a6cfd9d,NA,1,NA,NA,8/8/2024 18:00,9705cc22-92af-4f22-9feb-0dca80073073,8/8/2024 21:44,agoebl,8/8/2024 21:44,agoebl,4117,NA,40,ARFR4-SOS-UT080-109-UINTAH-12,#aabe7f,-109.1426444,39.70802222,10 - 15 Deg. F. / 3 - 6,,10 - 15 Deg. F.,6-Mar,10 - 15 Deg. F. / 3 - 6,10 - 15 / semi-humid,UT.1,#66e566,"semi-humid, cool",#aabe7f,G,NA,NA
ARFR-AZ930-422-NAVAJO-18,white,4,14,41,NA,753,1,1,NA,N,NA,NA,NA,NA,NA,NA,NA,NA,NA,NA,436,c5c69d4a-7d4e-44b8-9dfd-0c4ca3629a8a,NA,1,NA,NA,8/8/2024 18:00,9705cc22-92af-4f22-9feb-0dca80073073,8/8/2024 21:44,agoebl,8/8/2024 21:44,agoebl,4118,NA,41,ARFR4-SOS-AZ930-422-NAVAJO-18,#D53E4F,-110.431,36.56805,15 - 20 Deg. F. / 6 - 12,Lats corrected 20230127,15 - 20 Deg. F.,12-Jun,15 - 20 Deg. F. / 6 - 12,15 - 20 / semi-arid,AZ.2,#ee5c42,"semi-arid, warm",#D53E4F,B,NA,NA
ARFR-AZ930-423-NAVAJO-18,white,4,14,42,NA,754,1,1,NA,N,NA,NA,NA,NA,NA,NA,NA,NA,NA,NA,437,a6b0262e-927f-4166-9cdc-815a92be81b2,NA,1,NA,NA,8/8/2024 18:00,9705cc22-92af-4f22-9feb-0dca80073073,8/8/2024 21:44,agoebl,8/8/2024 21:44,agoebl,4119,NA,42,ARFR4-SOS-AZ930-423-NAVAJO-18,#9E0142,-110.431,36.45877,15 - 20 Deg. F. / 6 - 12,SdZones downloaded 20230823,15 - 20 Deg. F.,12-Jun,15 - 20 Deg. F. / 6 - 12,15 - 20 / semi-arid,AZ.1,#ee5c42,"semi-arid, warm",#9E0142,A,NA,NA
ARFR-WY050-151-FREMONT-16,white,4,14,43,NA,755,1,1,NA,N,NA,NA,NA,NA,NA,NA,NA,NA,NA,NA,438,e09c896f-c789-4790-8e8e-2ca56e489754,NA,1,NA,Small,8/8/2024 18:00,9705cc22-92af-4f22-9feb-0dca80073073,8/8/2024 21:44,agoebl,8/8/2024 21:44,agoebl,4120,NA,43,ARFR4-SOS-WY050-151-FREMONT-16,#3288BD,-108.1704472,42.47886111,10 - 15 Deg. F. / 6 - 12,,10 - 15 Deg. F.,12-Jun,10 - 15 Deg. F. / 6 - 12,10 - 15 / semi-arid,WY.2,#cd8500,"semi-arid, cool",#3288BD,J,NA,NA
ARFR-WY040-71-10,white,4,14,44,NA,756,1,1,NA,N,NA,NA,NA,NA,NA,NA,NA,NA,NA,NA,439,1e387b51-9bb6-4751-bf30-b6fe86fd1e22,NA,0,NA,NA,8/8/2024 18:00,9705cc22-92af-4f22-9feb-0dca80073073,8/8/2024 21:44,agoebl,8/8/2024 21:44,agoebl,4121,NA,44,ARFR4-SOS-WY040-71-10,#66C2A5,-109.2433156,41.13271889,5 - 10 Deg. F. / 3 - 6,,5 - 10 Deg. F.,6-Mar,5 - 10 Deg. F. / 3 - 6,5 - 10 / semi-humid,WY.1,#a5c2f1,"semi-humid, cold",#66C2A5,I,NA,NA
ARFR-WY050-49-FREMONT-12,white,4,14,45,222,757,1,1,NA,N,NA,NA,NA,NA,NA,NA,NA,NA,NA,NA,440,48a62d4b-c4e5-4117-aa04-22e3be460f38,NA,1,NA,NA,8/8/2024 18:00,9705cc22-92af-4f22-9feb-0dca80073073,8/8/2024 21:44,agoebl,8/8/2024 21:44,agoebl,4122,NA,45,ARFR4-SOS-WY050-49-FREMONT-12,#5E4FA2,-109.34775,43.42663611,5 - 10 Deg. F. / 6 - 12,,5 - 10 Deg. F.,12-Jun,5 - 10 Deg. F. / 6 - 12,5 - 10 / semi-arid,WY.3,#ffb90f,"semi-arid, cold",#5E4FA2,K,NA,NA
ARFR-WY050-49-FREMONT-12,white,4,14,46,NA,758,1,1,NA,N,NA,NA,NA,NA,NA,NA,NA,NA,NA,NA,441,3afc0b30-5217-4c48-abd2-ab9eb653be2c,NA,1,NA,NA,8/8/2024 18:00,9705cc22-92af-4f22-9feb-0dca80073073,8/8/2024 21:44,agoebl,8/8/2024 21:44,agoebl,4123,NA,46,ARFR4-SOS-WY050-49-FREMONT-12,#5E4FA2,-109.34775,43.42663611,5 - 10 Deg. F. / 6 - 12,,5 - 10 Deg. F.,12-Jun,5 - 10 Deg. F. / 6 - 12,5 - 10 / semi-arid,WY.3,#ffb90f,"semi-arid, cold",#5E4FA2,K,NA,NA
ARFR-WY930-44-LASANIMAS-13,white,4,14,47,NA,759,1,1,NA,Y,0.0064,1.042,16.28125,NA,NA,NA,NA,NA,NA,NA,442,7e98d64f-9b57-4bab-932d-4594bcc57884,NA,1,NA,NA,8/8/2024 18:00,9705cc22-92af-4f22-9feb-0dca80073073,8/8/2024 21:44,agoebl,8/8/2024 21:44,agoebl,4124,NA,47,ARFR4-SOS-WY930-44-LASANIMAS-13,#FDAE61,-104.6423889,37.16547222,15 - 20 Deg. F. / 3 - 6,,15 - 20 Deg. F.,6-Mar,15 - 20 Deg. F. / 3 - 6,15 - 20 / semi-humid,CO.1,#698b69,"semi-humid, warm",#FDAE61,D,NA,NA
ARFR-WY050-151-FREMONT-16,white,4,14,48,NA,760,1,1,NA,N,NA,NA,NA,NA,NA,NA,NA,NA,NA,NA,443,69cc2dda-34ac-4a08-800f-e0e466030164,NA,0,NA,NA,8/8/2024 18:00,9705cc22-92af-4f22-9feb-0dca80073073,8/8/2024 21:44,agoebl,8/8/2024 21:44,agoebl,4125,NA,48,ARFR4-SOS-WY050-151-FREMONT-16,#3288BD,-108.1704472,42.47886111,10 - 15 Deg. F. / 6 - 12,,10 - 15 Deg. F.,12-Jun,10 - 15 Deg. F. / 6 - 12,10 - 15 / semi-arid,WY.2,#cd8500,"semi-arid, cool",#3288BD,J,NA,NA
ARFR-NM930N-66-11,white,4,14,49,NA,761,1,1,NA,N,NA,NA,NA,NA,NA,NA,NA,NA,NA,NA,444,ae3798c9-54e8-46e3-b8d0-6afa10117852,NA,1,NA,NA,8/8/2024 18:00,9705cc22-92af-4f22-9feb-0dca80073073,8/8/2024 21:44,agoebl,8/8/2024 21:44,agoebl,4126,NA,49,ARFR4-SOS-NM930N-66-11,#F46D43,-107.2045028,36.76818611,10 - 15 Deg. F. / 3 - 6,,10 - 15 Deg. F.,6-Mar,10 - 15 Deg. F. / 3 - 6,10 - 15 / semi-humid,NM.1,#66e566,"semi-humid, cool",#F46D43,C,NA,NA
ARFR-WY930-44-LASANIMAS-13,white,4,14,50,223,762,1,1,NA,N,NA,NA,NA,NA,NA,NA,NA,NA,NA,NA,445,c5b9a10a-4653-47a2-bc6a-06eea66c310a,NA,1,NA,NA,8/8/2024 18:00,9705cc22-92af-4f22-9feb-0dca80073073,8/8/2024 21:44,agoebl,8/8/2024 21:44,agoebl,4127,NA,50,ARFR4-SOS-WY930-44-LASANIMAS-13,#FDAE61,-104.6423889,37.16547222,15 - 20 Deg. F. / 3 - 6,,15 - 20 Deg. F.,6-Mar,15 - 20 Deg. F. / 3 - 6,15 - 20 / semi-humid,CO.1,#698b69,"semi-humid, warm",#FDAE61,D,NA,NA
ARFR-CO932-314-JEFFERSON-12,white,4,14,51,NA,763,1,1,NA,N,NA,NA,NA,NA,NA,NA,NA,NA,NA,NA,446,2bd8cab9-11ab-473a-a0d0-6f9d553fbe0d,NA,1,NA,NA,8/8/2024 18:00,9705cc22-92af-4f22-9feb-0dca80073073,8/8/2024 21:44,agoebl,8/8/2024 21:44,agoebl,4128,NA,51,ARFR4-SOS-CO932-314-JEFFERSON-12,#FEE08B,-105.3553333,39.40902778,10 - 15 Deg. F. / 3 - 6,,10 - 15 Deg. F.,6-Mar,10 - 15 Deg. F. / 3 - 6,10 - 15 / semi-humid,CO.2,#66e566,"semi-humid, cool",#FEE08B,E,NA,NA
ARFR-CO932-294-11,white,4,14,52,NA,764,1,1,NA,N,NA,NA,NA,NA,NA,NA,NA,NA,NA,NA,447,1d244641-f696-400f-948a-9a64c53a2594,NA,1,NA,NA,8/8/2024 18:00,9705cc22-92af-4f22-9feb-0dca80073073,8/8/2024 21:44,agoebl,8/8/2024 21:44,agoebl,4129,NA,52,ARFR4-SOS-CO932-294-11,#ABDDA4,-105.2030833,39.78458333,15 - 20 Deg. F. / 3 - 6,,15 - 20 Deg. F.,6-Mar,15 - 20 Deg. F. / 3 - 6,15 - 20 / semi-humid,CO.4,#698b69,"semi-humid, warm",#ABDDA4,H,NA,NA
ARFR-WY050-49-FREMONT-12,white,4,14,53,NA,765,1,1,NA,N,NA,NA,NA,NA,NA,NA,NA,NA,NA,NA,448,ddb5403b-58b6-4a72-80b4-8a1363fd8851,NA,1,NA,NA,8/8/2024 18:00,9705cc22-92af-4f22-9feb-0dca80073073,8/8/2024 21:44,agoebl,8/8/2024 21:44,agoebl,4130,NA,53,ARFR4-SOS-WY050-49-FREMONT-12,#5E4FA2,-109.34775,43.42663611,5 - 10 Deg. F. / 6 - 12,,5 - 10 Deg. F.,12-Jun,5 - 10 Deg. F. / 6 - 12,5 - 10 / semi-arid,WY.3,#ffb90f,"semi-arid, cold",#5E4FA2,K,NA,NA
ARFR-AZ930-422-NAVAJO-18,white,4,14,54,NA,766,1,1,NA,N,NA,NA,NA,NA,NA,NA,NA,NA,NA,NA,449,5283bd86-c068-4416-88df-0a4d510085d5,NA,1,NA,NA,8/8/2024 18:00,9705cc22-92af-4f22-9feb-0dca80073073,8/8/2024 21:44,agoebl,8/8/2024 21:44,agoebl,4131,NA,54,ARFR4-SOS-AZ930-422-NAVAJO-18,#D53E4F,-110.431,36.56805,15 - 20 Deg. F. / 6 - 12,Lats corrected 20230127,15 - 20 Deg. F.,12-Jun,15 - 20 Deg. F. / 6 - 12,15 - 20 / semi-arid,AZ.2,#ee5c42,"semi-arid, warm",#D53E4F,B,NA,NA
ARFR-AZ930-423-NAVAJO-18,white,4,14,55,224,767,1,1,NA,N,NA,NA,NA,NA,NA,NA,NA,NA,NA,NA,450,f0b745bc-f9ac-413a-a1be-a74573e18237,NA,1,NA,NA,8/8/2024 18:00,9705cc22-92af-4f22-9feb-0dca80073073,8/8/2024 21:44,agoebl,8/8/2024 21:44,agoebl,4132,NA,55,ARFR4-SOS-AZ930-423-NAVAJO-18,#9E0142,-110.431,36.45877,15 - 20 Deg. F. / 6 - 12,SdZones downloaded 20230823,15 - 20 Deg. F.,12-Jun,15 - 20 Deg. F. / 6 - 12,15 - 20 / semi-arid,AZ.1,#ee5c42,"semi-arid, warm",#9E0142,A,NA,NA
ARFR-CO932-314-JEFFERSON-12,white,4,15,1,225,768,1,1,NA,N,NA,NA,NA,NA,NA,NA,NA,NA,NA,NA,451,7ffc372f-8fa1-4349-a8de-8c478e8ce924,NA,1,NA,NA,8/8/2024 18:00,6b877104-aeb5-4a79-9d95-5a39ae1100e2,8/8/2024 21:44,agoebl,8/8/2024 21:44,agoebl,4133,NA,1,ARFR4-SOS-CO932-314-JEFFERSON-12,#FEE08B,-105.3553333,39.40902778,10 - 15 Deg. F. / 3 - 6,,10 - 15 Deg. F.,6-Mar,10 - 15 Deg. F. / 3 - 6,10 - 15 / semi-humid,CO.2,#66e566,"semi-humid, cool",#FEE08B,E,NA,NA
ARFR-UT080-109-UINTAH-12,white,4,15,2,NA,769,1,1,NA,N,NA,NA,NA,NA,NA,NA,NA,NA,NA,NA,452,02d61d66-df85-4805-a2fa-b66757fd5eed,NA,1,NA,NA,8/8/2024 18:00,6b877104-aeb5-4a79-9d95-5a39ae1100e2,8/8/2024 21:44,agoebl,8/8/2024 21:44,agoebl,4134,NA,2,ARFR4-SOS-UT080-109-UINTAH-12,#aabe7f,-109.1426444,39.70802222,10 - 15 Deg. F. / 3 - 6,,10 - 15 Deg. F.,6-Mar,10 - 15 Deg. F. / 3 - 6,10 - 15 / semi-humid,UT.1,#66e566,"semi-humid, cool",#aabe7f,G,NA,NA
ARFR-AZ930-423-NAVAJO-18,white,4,15,3,NA,770,1,1,NA,N,NA,NA,NA,NA,NA,NA,NA,NA,NA,NA,453,5ab40dc3-de91-4f66-a46e-bdffb410d4b8,NA,1,NA,NA,8/8/2024 18:00,6b877104-aeb5-4a79-9d95-5a39ae1100e2,8/8/2024 21:44,agoebl,8/8/2024 21:44,agoebl,4135,NA,3,ARFR4-SOS-AZ930-423-NAVAJO-18,#9E0142,-110.431,36.45877,15 - 20 Deg. F. / 6 - 12,SdZones downloaded 20230823,15 - 20 Deg. F.,12-Jun,15 - 20 Deg. F. / 6 - 12,15 - 20 / semi-arid,AZ.1,#ee5c42,"semi-arid, warm",#9E0142,A,NA,NA
ARFR-WY050-151-FREMONT-16,white,4,15,4,NA,771,1,1,NA,N,NA,NA,NA,NA,NA,NA,NA,NA,NA,NA,509,0d4c6d0a-8333-4808-a5a4-d770ecf273c3,NA,1,NA,NA,8/8/2024 18:00,9c35c4cb-3cd0-485d-9935-c578f6c1d1e3,8/8/2024 21:45,agoebl,8/8/2024 21:45,agoebl,4136,NA,4,ARFR4-SOS-WY050-151-FREMONT-16,#3288BD,-108.1704472,42.47886111,10 - 15 Deg. F. / 6 - 12,,10 - 15 Deg. F.,12-Jun,10 - 15 Deg. F. / 6 - 12,10 - 15 / semi-arid,WY.2,#cd8500,"semi-arid, cool",#3288BD,J,NA,NA
ARFR-AZ930-422-NAVAJO-18,white,4,15,5,226,772,1,1,NA,N,NA,NA,NA,NA,NA,NA,NA,NA,NA,NA,455,6fc7193e-9ac8-4f4e-aea1-f0ca2e80917d,NA,1,NA,NA,8/8/2024 18:00,6b877104-aeb5-4a79-9d95-5a39ae1100e2,8/8/2024 21:44,agoebl,8/8/2024 21:44,agoebl,4137,NA,5,ARFR4-SOS-AZ930-422-NAVAJO-18,#D53E4F,-110.431,36.56805,15 - 20 Deg. F. / 6 - 12,Lats corrected 20230127,15 - 20 Deg. F.,12-Jun,15 - 20 Deg. F. / 6 - 12,15 - 20 / semi-arid,AZ.2,#ee5c42,"semi-arid, warm",#D53E4F,B,NA,NA
ARFR-WY050-49-FREMONT-12,white,4,15,6,NA,773,1,1,NA,N,NA,NA,NA,NA,NA,NA,NA,NA,NA,NA,511,16489fec-fa3d-4cde-8ea2-6ec6c51e578f,NA,1,NA,NA,8/8/2024 18:00,9c35c4cb-3cd0-485d-9935-c578f6c1d1e3,8/8/2024 21:45,agoebl,8/8/2024 21:45,agoebl,4138,NA,6,ARFR4-SOS-WY050-49-FREMONT-12,#5E4FA2,-109.34775,43.42663611,5 - 10 Deg. F. / 6 - 12,,5 - 10 Deg. F.,12-Jun,5 - 10 Deg. F. / 6 - 12,5 - 10 / semi-arid,WY.3,#ffb90f,"semi-arid, cold",#5E4FA2,K,NA,NA
ARFR-CO932-294-11,white,4,15,7,NA,774,1,1,NA,N,NA,NA,NA,NA,NA,NA,NA,NA,NA,NA,457,00ba130c-dd93-4c57-88de-057a05bff6c9,NA,1,NA,NA,8/8/2024 18:00,6b877104-aeb5-4a79-9d95-5a39ae1100e2,8/8/2024 21:44,agoebl,8/8/2024 21:44,agoebl,4139,NA,7,ARFR4-SOS-CO932-294-11,#ABDDA4,-105.2030833,39.78458333,15 - 20 Deg. F. / 3 - 6,,15 - 20 Deg. F.,6-Mar,15 - 20 Deg. F. / 3 - 6,15 - 20 / semi-humid,CO.4,#698b69,"semi-humid, warm",#ABDDA4,H,NA,NA
ARFR-WY050-151-FREMONT-16,white,4,15,8,NA,775,1,1,NA,N,NA,NA,NA,NA,NA,NA,NA,NA,NA,NA,513,0743b755-dd2d-4d50-ba6f-f268ca9b122e,NA,1,NA,NA,8/8/2024 18:00,9c35c4cb-3cd0-485d-9935-c578f6c1d1e3,8/8/2024 21:45,agoebl,8/8/2024 21:45,agoebl,4140,NA,8,ARFR4-SOS-WY050-151-FREMONT-16,#3288BD,-108.1704472,42.47886111,10 - 15 Deg. F. / 6 - 12,,10 - 15 Deg. F.,12-Jun,10 - 15 Deg. F. / 6 - 12,10 - 15 / semi-arid,WY.2,#cd8500,"semi-arid, cool",#3288BD,J,NA,NA
ARFR-CO932-294-11,white,4,15,9,NA,776,1,1,NA,N,NA,NA,NA,NA,NA,NA,NA,NA,NA,NA,459,2bdc295c-2c96-4d55-8c9b-59e3aa9fa48d,NA,1,NA,NA,8/8/2024 18:00,6b877104-aeb5-4a79-9d95-5a39ae1100e2,8/8/2024 21:44,agoebl,8/8/2024 21:44,agoebl,4141,NA,9,ARFR4-SOS-CO932-294-11,#ABDDA4,-105.2030833,39.78458333,15 - 20 Deg. F. / 3 - 6,,15 - 20 Deg. F.,6-Mar,15 - 20 Deg. F. / 3 - 6,15 - 20 / semi-humid,CO.4,#698b69,"semi-humid, warm",#ABDDA4,H,NA,NA
ARFR-AZ930-422-NAVAJO-18,white,4,15,10,227,777,1,1,NA,N,NA,NA,NA,NA,NA,NA,NA,NA,NA,NA,515,4e4b905d-38f5-4488-8d21-52f49bdbbb04,NA,1,NA,NA,8/8/2024 18:00,9c35c4cb-3cd0-485d-9935-c578f6c1d1e3,8/8/2024 21:45,agoebl,8/8/2024 21:45,agoebl,4142,NA,10,ARFR4-SOS-AZ930-422-NAVAJO-18,#D53E4F,-110.431,36.56805,15 - 20 Deg. F. / 6 - 12,Lats corrected 20230127,15 - 20 Deg. F.,12-Jun,15 - 20 Deg. F. / 6 - 12,15 - 20 / semi-arid,AZ.2,#ee5c42,"semi-arid, warm",#D53E4F,B,NA,NA
ARFR-UT080-109-UINTAH-12,white,4,15,11,NA,778,1,1,NA,N,NA,NA,NA,NA,NA,NA,NA,NA,NA,NA,461,5968282f-8872-44b0-afe3-189b1c3274ef,NA,1,NA,NA,8/8/2024 18:00,6b877104-aeb5-4a79-9d95-5a39ae1100e2,8/8/2024 21:44,agoebl,8/8/2024 21:44,agoebl,4143,NA,11,ARFR4-SOS-UT080-109-UINTAH-12,#aabe7f,-109.1426444,39.70802222,10 - 15 Deg. F. / 3 - 6,,10 - 15 Deg. F.,6-Mar,10 - 15 Deg. F. / 3 - 6,10 - 15 / semi-humid,UT.1,#66e566,"semi-humid, cool",#aabe7f,G,NA,NA
ARFR-AZ930-422-NAVAJO-18,white,4,15,12,NA,779,1,1,NA,N,NA,NA,NA,NA,NA,NA,NA,NA,NA,NA,517,ed1f8277-f0f1-45d5-b7ca-fa806bddc18f,NA,1,NA,NA,8/8/2024 18:00,9c35c4cb-3cd0-485d-9935-c578f6c1d1e3,8/8/2024 21:45,agoebl,8/8/2024 21:45,agoebl,4144,NA,12,ARFR4-SOS-AZ930-422-NAVAJO-18,#D53E4F,-110.431,36.56805,15 - 20 Deg. F. / 6 - 12,Lats corrected 20230127,15 - 20 Deg. F.,12-Jun,15 - 20 Deg. F. / 6 - 12,15 - 20 / semi-arid,AZ.2,#ee5c42,"semi-arid, warm",#D53E4F,B,NA,NA
ARFR-NM930N-66-11,white,4,15,13,NA,780,1,1,NA,N,NA,NA,NA,NA,NA,NA,NA,NA,NA,NA,463,af13c4d3-9493-42ec-824b-f5934ed2b47a,NA,1,NA,NA,8/8/2024 18:00,6b877104-aeb5-4a79-9d95-5a39ae1100e2,8/8/2024 21:44,agoebl,8/8/2024 21:44,agoebl,4145,NA,13,ARFR4-SOS-NM930N-66-11,#F46D43,-107.2045028,36.76818611,10 - 15 Deg. F. / 3 - 6,,10 - 15 Deg. F.,6-Mar,10 - 15 Deg. F. / 3 - 6,10 - 15 / semi-humid,NM.1,#66e566,"semi-humid, cool",#F46D43,C,NA,NA
ARFR-CO932-294-11,white,4,15,14,NA,781,1,1,NA,N,NA,NA,NA,NA,NA,NA,NA,NA,NA,NA,519,f09e930b-a7af-4fdb-b578-ec692d8b91f2,NA,1,NA,NA,8/8/2024 18:00,9c35c4cb-3cd0-485d-9935-c578f6c1d1e3,8/8/2024 21:45,agoebl,8/8/2024 21:45,agoebl,4146,NA,14,ARFR4-SOS-CO932-294-11,#ABDDA4,-105.2030833,39.78458333,15 - 20 Deg. F. / 3 - 6,,15 - 20 Deg. F.,6-Mar,15 - 20 Deg. F. / 3 - 6,15 - 20 / semi-humid,CO.4,#698b69,"semi-humid, warm",#ABDDA4,H,NA,NA
ARFR-AZ930-422-NAVAJO-18,white,4,15,15,228,782,1,1,NA,N,NA,NA,NA,NA,NA,NA,NA,NA,NA,NA,465,85bb5006-c66a-4e69-afbf-c5fb66d83bef,NA,1,NA,Dry,8/8/2024 18:00,6b877104-aeb5-4a79-9d95-5a39ae1100e2,8/8/2024 21:44,agoebl,8/8/2024 21:44,agoebl,4147,NA,15,ARFR4-SOS-AZ930-422-NAVAJO-18,#D53E4F,-110.431,36.56805,15 - 20 Deg. F. / 6 - 12,Lats corrected 20230127,15 - 20 Deg. F.,12-Jun,15 - 20 Deg. F. / 6 - 12,15 - 20 / semi-arid,AZ.2,#ee5c42,"semi-arid, warm",#D53E4F,B,NA,NA
ARFR-CO932-294-11,white,4,15,16,NA,783,1,1,NA,N,NA,NA,NA,NA,NA,NA,NA,NA,NA,NA,521,d5e70bab-640e-4b78-9dcd-f6d23b3783f6,NA,1,NA,NA,8/8/2024 18:00,9c35c4cb-3cd0-485d-9935-c578f6c1d1e3,8/8/2024 21:45,agoebl,8/8/2024 21:45,agoebl,4148,NA,16,ARFR4-SOS-CO932-294-11,#ABDDA4,-105.2030833,39.78458333,15 - 20 Deg. F. / 3 - 6,,15 - 20 Deg. F.,6-Mar,15 - 20 Deg. F. / 3 - 6,15 - 20 / semi-humid,CO.4,#698b69,"semi-humid, warm",#ABDDA4,H,NA,NA
ARFR-WY040-71-10,white,4,15,17,NA,784,1,1,NA,N,NA,NA,NA,NA,NA,NA,NA,NA,NA,NA,467,64151f05-db68-4676-877f-4a1308cae99c,NA,0,NA,Original plant visibly,8/8/2024 18:00,6b877104-aeb5-4a79-9d95-5a39ae1100e2,8/8/2024 21:44,agoebl,8/8/2024 21:44,agoebl,4149,NA,17,ARFR4-SOS-WY040-71-10,#66C2A5,-109.2433156,41.13271889,5 - 10 Deg. F. / 3 - 6,,5 - 10 Deg. F.,6-Mar,5 - 10 Deg. F. / 3 - 6,5 - 10 / semi-humid,WY.1,#a5c2f1,"semi-humid, cold",#66C2A5,I,NA,NA
ARFR-CO932-316-JEFFERSON-12,white,4,15,18,NA,785,1,1,NA,N,NA,NA,NA,NA,NA,NA,NA,NA,NA,NA,523,44105800-0203-47d8-b40e-4da90f9c48e6,NA,1,NA,NA,8/8/2024 18:00,9c35c4cb-3cd0-485d-9935-c578f6c1d1e3,8/8/2024 21:45,agoebl,8/8/2024 21:45,agoebl,4150,NA,18,ARFR4-SOS-CO932-316-JEFFERSON-12,#FFFF85,-105.358,39.66325,15 - 20 Deg. F. / 3 - 6,,15 - 20 Deg. F.,6-Mar,15 - 20 Deg. F. / 3 - 6,15 - 20 / semi-humid,CO.3,#698b69,"semi-humid, warm",#FFFF85,F,NA,NA
ARFR-CO932-314-JEFFERSON-12,white,4,15,19,NA,786,1,1,NA,N,NA,NA,NA,NA,NA,NA,NA,NA,NA,NA,469,0383218e-e21d-4c0a-9fa5-46e727c56b25,NA,1,NA,NA,8/8/2024 18:00,6b877104-aeb5-4a79-9d95-5a39ae1100e2,8/8/2024 21:44,agoebl,8/8/2024 21:44,agoebl,4151,NA,19,ARFR4-SOS-CO932-314-JEFFERSON-12,#FEE08B,-105.3553333,39.40902778,10 - 15 Deg. F. / 3 - 6,,10 - 15 Deg. F.,6-Mar,10 - 15 Deg. F. / 3 - 6,10 - 15 / semi-humid,CO.2,#66e566,"semi-humid, cool",#FEE08B,E,NA,NA
ARFR-NM930N-66-11,white,4,15,20,229,787,1,1,NA,N,NA,NA,NA,NA,NA,NA,NA,NA,NA,NA,525,335e3e8c-2291-4497-87cc-ead21f242505,NA,1,NA,NA,8/8/2024 18:00,9c35c4cb-3cd0-485d-9935-c578f6c1d1e3,8/8/2024 21:45,agoebl,8/8/2024 21:45,agoebl,4152,NA,20,ARFR4-SOS-NM930N-66-11,#F46D43,-107.2045028,36.76818611,10 - 15 Deg. F. / 3 - 6,,10 - 15 Deg. F.,6-Mar,10 - 15 Deg. F. / 3 - 6,10 - 15 / semi-humid,NM.1,#66e566,"semi-humid, cool",#F46D43,C,NA,NA
ARFR-CO932-294-11,white,4,15,21,NA,788,1,1,NA,N,NA,NA,NA,NA,NA,NA,NA,NA,NA,NA,471,de8195b9-2e59-484c-8653-c23eb843f659,NA,1,NA,NA,8/8/2024 18:00,6b877104-aeb5-4a79-9d95-5a39ae1100e2,8/8/2024 21:44,agoebl,8/8/2024 21:44,agoebl,4153,NA,21,ARFR4-SOS-CO932-294-11,#ABDDA4,-105.2030833,39.78458333,15 - 20 Deg. F. / 3 - 6,,15 - 20 Deg. F.,6-Mar,15 - 20 Deg. F. / 3 - 6,15 - 20 / semi-humid,CO.4,#698b69,"semi-humid, warm",#ABDDA4,H,NA,NA
ARFR-UT080-109-UINTAH-12,white,4,15,22,NA,789,1,1,NA,N,NA,NA,NA,NA,NA,NA,NA,NA,NA,NA,527,839c964c-4d74-40e3-a856-9e26ab443ac6,NA,1,NA,NA,8/8/2024 18:00,9c35c4cb-3cd0-485d-9935-c578f6c1d1e3,8/8/2024 21:45,agoebl,8/8/2024 21:45,agoebl,4154,NA,22,ARFR4-SOS-UT080-109-UINTAH-12,#aabe7f,-109.1426444,39.70802222,10 - 15 Deg. F. / 3 - 6,,10 - 15 Deg. F.,6-Mar,10 - 15 Deg. F. / 3 - 6,10 - 15 / semi-humid,UT.1,#66e566,"semi-humid, cool",#aabe7f,G,NA,NA
ARFR-CO932-294-11,white,4,15,23,NA,790,1,1,NA,N,NA,NA,NA,NA,NA,NA,NA,NA,NA,NA,473,d8d4664f-8444-409d-8d09-b03add43ff4a,NA,1,NA,NA,8/8/2024 18:00,6b877104-aeb5-4a79-9d95-5a39ae1100e2,8/8/2024 21:44,agoebl,8/8/2024 21:44,agoebl,4155,NA,23,ARFR4-SOS-CO932-294-11,#ABDDA4,-105.2030833,39.78458333,15 - 20 Deg. F. / 3 - 6,,15 - 20 Deg. F.,6-Mar,15 - 20 Deg. F. / 3 - 6,15 - 20 / semi-humid,CO.4,#698b69,"semi-humid, warm",#ABDDA4,H,NA,NA
ARFR-CO932-316-JEFFERSON-12,white,4,15,24,NA,791,1,1,NA,Y,0.0079,0.761,9.632911392,NA,NA,NA,NA,NA,NA,NA,529,ad5e8fe5-610e-45eb-8b6a-d1338487ef40,NA,1,NA,NA,8/8/2024 18:00,9c35c4cb-3cd0-485d-9935-c578f6c1d1e3,8/8/2024 21:45,agoebl,8/8/2024 21:45,agoebl,4156,NA,24,ARFR4-SOS-CO932-316-JEFFERSON-12,#FFFF85,-105.358,39.66325,15 - 20 Deg. F. / 3 - 6,,15 - 20 Deg. F.,6-Mar,15 - 20 Deg. F. / 3 - 6,15 - 20 / semi-humid,CO.3,#698b69,"semi-humid, warm",#FFFF85,F,NA,NA
ARFR-AZ930-422-NAVAJO-18,white,4,15,25,230,792,1,1,NA,N,NA,NA,NA,NA,NA,NA,NA,NA,NA,NA,475,0c342f9d-8250-4fbe-9f8f-2542e85c72bc,NA,1,NA,Dry,8/8/2024 18:00,6b877104-aeb5-4a79-9d95-5a39ae1100e2,8/8/2024 21:44,agoebl,8/8/2024 21:44,agoebl,4157,NA,25,ARFR4-SOS-AZ930-422-NAVAJO-18,#D53E4F,-110.431,36.56805,15 - 20 Deg. F. / 6 - 12,Lats corrected 20230127,15 - 20 Deg. F.,12-Jun,15 - 20 Deg. F. / 6 - 12,15 - 20 / semi-arid,AZ.2,#ee5c42,"semi-arid, warm",#D53E4F,B,NA,NA
ARFR-CO932-316-JEFFERSON-12,white,4,15,26,NA,793,1,1,NA,N,NA,NA,NA,NA,NA,NA,NA,NA,NA,NA,531,c5eaed04-4f9f-46ad-9ca3-2971b5442f9b,NA,1,NA,NA,8/8/2024 18:00,9c35c4cb-3cd0-485d-9935-c578f6c1d1e3,8/8/2024 21:45,agoebl,8/8/2024 21:45,agoebl,4158,NA,26,ARFR4-SOS-CO932-316-JEFFERSON-12,#FFFF85,-105.358,39.66325,15 - 20 Deg. F. / 3 - 6,,15 - 20 Deg. F.,6-Mar,15 - 20 Deg. F. / 3 - 6,15 - 20 / semi-humid,CO.3,#698b69,"semi-humid, warm",#FFFF85,F,NA,NA
ARFR-AZ930-423-NAVAJO-18,white,4,15,27,NA,794,1,1,NA,N,NA,NA,NA,NA,NA,NA,NA,NA,NA,NA,477,4702b6df-63f8-45c9-86df-f88c4e56ed0f,NA,1,NA,NA,8/8/2024 18:00,6b877104-aeb5-4a79-9d95-5a39ae1100e2,8/8/2024 21:44,agoebl,8/8/2024 21:44,agoebl,4159,NA,27,ARFR4-SOS-AZ930-423-NAVAJO-18,#9E0142,-110.431,36.45877,15 - 20 Deg. F. / 6 - 12,SdZones downloaded 20230823,15 - 20 Deg. F.,12-Jun,15 - 20 Deg. F. / 6 - 12,15 - 20 / semi-arid,AZ.1,#ee5c42,"semi-arid, warm",#9E0142,A,NA,NA
ARFR-NM930N-66-11,white,4,15,28,NA,795,1,1,NA,N,NA,NA,NA,NA,NA,NA,NA,NA,NA,NA,533,c6bb3fea-09a4-4811-be4f-dbbbbb3eda32,NA,1,NA,NA,8/8/2024 18:00,9c35c4cb-3cd0-485d-9935-c578f6c1d1e3,8/8/2024 21:45,agoebl,8/8/2024 21:45,agoebl,4160,NA,28,ARFR4-SOS-NM930N-66-11,#F46D43,-107.2045028,36.76818611,10 - 15 Deg. F. / 3 - 6,,10 - 15 Deg. F.,6-Mar,10 - 15 Deg. F. / 3 - 6,10 - 15 / semi-humid,NM.1,#66e566,"semi-humid, cool",#F46D43,C,NA,NA
ARFR-WY040-71-10,white,4,15,29,NA,796,1,1,NA,N,NA,NA,NA,NA,NA,NA,NA,NA,NA,NA,479,f5451ad6-2551-4d28-815c-f41706b46012,NA,1,NA,"Small, dry",8/8/2024 18:00,6b877104-aeb5-4a79-9d95-5a39ae1100e2,8/8/2024 21:44,agoebl,8/8/2024 21:44,agoebl,4161,NA,29,ARFR4-SOS-WY040-71-10,#66C2A5,-109.2433156,41.13271889,5 - 10 Deg. F. / 3 - 6,,5 - 10 Deg. F.,6-Mar,5 - 10 Deg. F. / 3 - 6,5 - 10 / semi-humid,WY.1,#a5c2f1,"semi-humid, cold",#66C2A5,I,NA,NA
ARFR-UT080-109-UINTAH-12,white,4,15,30,231,797,1,1,NA,N,NA,NA,NA,NA,NA,NA,NA,NA,NA,NA,535,85f461c4-3593-4813-99af-8c0c67d69aed,NA,1,NA,Very dry,8/8/2024 18:00,9c35c4cb-3cd0-485d-9935-c578f6c1d1e3,8/8/2024 21:45,agoebl,8/8/2024 21:45,agoebl,4162,NA,30,ARFR4-SOS-UT080-109-UINTAH-12,#aabe7f,-109.1426444,39.70802222,10 - 15 Deg. F. / 3 - 6,,10 - 15 Deg. F.,6-Mar,10 - 15 Deg. F. / 3 - 6,10 - 15 / semi-humid,UT.1,#66e566,"semi-humid, cool",#aabe7f,G,NA,NA
ARFR-CO932-316-JEFFERSON-12,white,4,15,31,NA,798,1,1,NA,N,NA,NA,NA,NA,NA,NA,NA,NA,NA,NA,481,0643934d-864b-4f57-853b-d74451533b56,NA,1,NA,NA,8/8/2024 18:00,6b877104-aeb5-4a79-9d95-5a39ae1100e2,8/8/2024 21:44,agoebl,8/8/2024 21:44,agoebl,4163,NA,31,ARFR4-SOS-CO932-316-JEFFERSON-12,#FFFF85,-105.358,39.66325,15 - 20 Deg. F. / 3 - 6,,15 - 20 Deg. F.,6-Mar,15 - 20 Deg. F. / 3 - 6,15 - 20 / semi-humid,CO.3,#698b69,"semi-humid, warm",#FFFF85,F,NA,NA
ARFR-WY930-44-LASANIMAS-13,white,4,15,32,NA,799,0,NA,NA,N,NA,NA,NA,NA,NA,NA,NA,NA,NA,NA,537,f7656190-aa51-49af-b52c-73d72f1e4056,NA,0,NA,"New recruits, original looks gone",8/8/2024 18:00,9c35c4cb-3cd0-485d-9935-c578f6c1d1e3,8/8/2024 21:45,agoebl,8/8/2024 21:45,agoebl,4164,NA,32,ARFR4-SOS-WY930-44-LASANIMAS-13,#FDAE61,-104.6423889,37.16547222,15 - 20 Deg. F. / 3 - 6,,15 - 20 Deg. F.,6-Mar,15 - 20 Deg. F. / 3 - 6,15 - 20 / semi-humid,CO.1,#698b69,"semi-humid, warm",#FDAE61,D,NA,NA
ARFR-UT080-109-UINTAH-12,white,4,15,33,NA,800,1,1,NA,N,NA,NA,NA,NA,NA,NA,NA,NA,NA,NA,483,d0e08f6d-e506-451b-b79f-68a2fe3209be,NA,1,NA,NA,8/8/2024 18:00,6b877104-aeb5-4a79-9d95-5a39ae1100e2,8/8/2024 21:44,agoebl,8/8/2024 21:44,agoebl,4165,NA,33,ARFR4-SOS-UT080-109-UINTAH-12,#aabe7f,-109.1426444,39.70802222,10 - 15 Deg. F. / 3 - 6,,10 - 15 Deg. F.,6-Mar,10 - 15 Deg. F. / 3 - 6,10 - 15 / semi-humid,UT.1,#66e566,"semi-humid, cool",#aabe7f,G,NA,NA
ARFR-CO932-316-JEFFERSON-12,white,4,15,34,NA,801,1,1,NA,N,NA,NA,NA,NA,NA,NA,NA,NA,NA,NA,539,c29414de-e7d0-4af0-a398-51d9e455ecd6,NA,1,NA,NA,8/8/2024 18:00,9c35c4cb-3cd0-485d-9935-c578f6c1d1e3,8/8/2024 21:45,agoebl,8/8/2024 21:45,agoebl,4166,NA,34,ARFR4-SOS-CO932-316-JEFFERSON-12,#FFFF85,-105.358,39.66325,15 - 20 Deg. F. / 3 - 6,,15 - 20 Deg. F.,6-Mar,15 - 20 Deg. F. / 3 - 6,15 - 20 / semi-humid,CO.3,#698b69,"semi-humid, warm",#FFFF85,F,NA,NA
ARFR-UT080-109-UINTAH-12,white,4,15,35,232,802,1,1,NA,N,NA,NA,NA,NA,NA,NA,NA,NA,NA,NA,485,8edbae9d-bb96-404c-9e8f-d82251acf944,NA,1,NA,NA,8/8/2024 18:00,6b877104-aeb5-4a79-9d95-5a39ae1100e2,8/8/2024 21:44,agoebl,8/8/2024 21:44,agoebl,4167,NA,35,ARFR4-SOS-UT080-109-UINTAH-12,#aabe7f,-109.1426444,39.70802222,10 - 15 Deg. F. / 3 - 6,,10 - 15 Deg. F.,6-Mar,10 - 15 Deg. F. / 3 - 6,10 - 15 / semi-humid,UT.1,#66e566,"semi-humid, cool",#aabe7f,G,NA,NA
ARFR-WY040-71-10,white,4,15,36,NA,803,1,1,NA,N,NA,NA,NA,NA,NA,NA,NA,NA,NA,NA,541,61d0c507-8e03-4963-a07c-76d72ea2e0cd,NA,1,NA,NA,8/8/2024 18:00,9c35c4cb-3cd0-485d-9935-c578f6c1d1e3,8/8/2024 21:45,agoebl,8/8/2024 21:45,agoebl,4168,NA,36,ARFR4-SOS-WY040-71-10,#66C2A5,-109.2433156,41.13271889,5 - 10 Deg. F. / 3 - 6,,5 - 10 Deg. F.,6-Mar,5 - 10 Deg. F. / 3 - 6,5 - 10 / semi-humid,WY.1,#a5c2f1,"semi-humid, cold",#66C2A5,I,NA,NA
ARFR-WY050-151-FREMONT-16,white,4,15,37,NA,804,1,1,NA,N,NA,NA,NA,NA,NA,NA,NA,NA,NA,NA,487,509ae53b-158d-4632-8f83-f48f43ce64bf,NA,1,NA,NA,8/8/2024 18:00,6b877104-aeb5-4a79-9d95-5a39ae1100e2,8/8/2024 21:44,agoebl,8/8/2024 21:44,agoebl,4169,NA,37,ARFR4-SOS-WY050-151-FREMONT-16,#3288BD,-108.1704472,42.47886111,10 - 15 Deg. F. / 6 - 12,,10 - 15 Deg. F.,12-Jun,10 - 15 Deg. F. / 6 - 12,10 - 15 / semi-arid,WY.2,#cd8500,"semi-arid, cool",#3288BD,J,NA,NA
ARFR-UT080-109-UINTAH-12,white,4,15,38,NA,805,1,1,NA,N,NA,NA,NA,NA,NA,NA,NA,NA,NA,NA,543,82b6ad90-4f16-40d9-83e4-4c467e0b21ab,NA,1,NA,NA,8/8/2024 18:00,9c35c4cb-3cd0-485d-9935-c578f6c1d1e3,8/8/2024 21:45,agoebl,8/8/2024 21:45,agoebl,4170,NA,38,ARFR4-SOS-UT080-109-UINTAH-12,#aabe7f,-109.1426444,39.70802222,10 - 15 Deg. F. / 3 - 6,,10 - 15 Deg. F.,6-Mar,10 - 15 Deg. F. / 3 - 6,10 - 15 / semi-humid,UT.1,#66e566,"semi-humid, cool",#aabe7f,G,NA,NA
ARFR-AZ930-422-NAVAJO-18,white,4,15,39,NA,806,1,1,NA,N,NA,NA,NA,NA,NA,NA,NA,NA,NA,NA,489,67250a5a-d56d-4243-984b-d12e6ddf206d,NA,1,NA,NA,8/8/2024 18:00,6b877104-aeb5-4a79-9d95-5a39ae1100e2,8/8/2024 21:44,agoebl,8/8/2024 21:44,agoebl,4171,NA,39,ARFR4-SOS-AZ930-422-NAVAJO-18,#D53E4F,-110.431,36.56805,15 - 20 Deg. F. / 6 - 12,Lats corrected 20230127,15 - 20 Deg. F.,12-Jun,15 - 20 Deg. F. / 6 - 12,15 - 20 / semi-arid,AZ.2,#ee5c42,"semi-arid, warm",#D53E4F,B,NA,NA
ARFR-WY050-151-FREMONT-16,white,4,15,40,233,807,1,1,NA,N,NA,NA,NA,NA,NA,NA,NA,NA,NA,NA,545,27d3bf77-5f6c-4804-b1e6-25ae497ea442,NA,1,NA,NA,8/8/2024 18:00,9c35c4cb-3cd0-485d-9935-c578f6c1d1e3,8/8/2024 21:45,agoebl,8/8/2024 21:45,agoebl,4172,NA,40,ARFR4-SOS-WY050-151-FREMONT-16,#3288BD,-108.1704472,42.47886111,10 - 15 Deg. F. / 6 - 12,,10 - 15 Deg. F.,12-Jun,10 - 15 Deg. F. / 6 - 12,10 - 15 / semi-arid,WY.2,#cd8500,"semi-arid, cool",#3288BD,J,NA,NA
ARFR-WY050-49-FREMONT-12,white,4,15,41,NA,808,1,1,75.582,N,NA,NA,NA,NA,75.582,36.04,5.72,14.64,NA,Y,491,279e54b9-84df-4942-8a67-4e53413380c2,NA,NA,NA,H,8/8/2024 18:00,6b877104-aeb5-4a79-9d95-5a39ae1100e2,8/8/2024 21:44,agoebl,8/8/2024 21:44,agoebl,4173,NA,41,ARFR4-SOS-WY050-49-FREMONT-12,#5E4FA2,-109.34775,43.42663611,5 - 10 Deg. F. / 6 - 12,,5 - 10 Deg. F.,12-Jun,5 - 10 Deg. F. / 6 - 12,5 - 10 / semi-arid,WY.3,#ffb90f,"semi-arid, cold",#5E4FA2,K,NA,NA
ARFR-WY050-49-FREMONT-12,white,4,15,42,NA,809,1,1,NA,N,NA,NA,NA,NA,NA,NA,NA,NA,NA,NA,547,ad4d03c2-19ed-47e1-8ec0-55c08a0f8ac2,NA,1,NA,NA,8/8/2024 18:00,9c35c4cb-3cd0-485d-9935-c578f6c1d1e3,8/8/2024 21:45,agoebl,8/8/2024 21:45,agoebl,4174,NA,42,ARFR4-SOS-WY050-49-FREMONT-12,#5E4FA2,-109.34775,43.42663611,5 - 10 Deg. F. / 6 - 12,,5 - 10 Deg. F.,12-Jun,5 - 10 Deg. F. / 6 - 12,5 - 10 / semi-arid,WY.3,#ffb90f,"semi-arid, cold",#5E4FA2,K,NA,NA
ARFR-CO932-314-JEFFERSON-12,white,4,15,43,NA,810,1,1,NA,N,NA,NA,NA,NA,NA,NA,NA,NA,NA,NA,493,6263195e-968e-4825-85b4-a450beb10612,NA,1,NA,NA,8/8/2024 18:00,6b877104-aeb5-4a79-9d95-5a39ae1100e2,8/8/2024 21:44,agoebl,8/8/2024 21:44,agoebl,4175,NA,43,ARFR4-SOS-CO932-314-JEFFERSON-12,#FEE08B,-105.3553333,39.40902778,10 - 15 Deg. F. / 3 - 6,,10 - 15 Deg. F.,6-Mar,10 - 15 Deg. F. / 3 - 6,10 - 15 / semi-humid,CO.2,#66e566,"semi-humid, cool",#FEE08B,E,NA,NA
ARFR-WY930-44-LASANIMAS-13,white,4,15,44,NA,811,1,1,NA,N,NA,NA,NA,NA,NA,NA,NA,NA,NA,NA,549,66d7a36e-0c31-4bd3-b808-9da845e25f40,NA,1,NA,NA,8/8/2024 18:00,9c35c4cb-3cd0-485d-9935-c578f6c1d1e3,8/8/2024 21:45,agoebl,8/8/2024 21:45,agoebl,4176,NA,44,ARFR4-SOS-WY930-44-LASANIMAS-13,#FDAE61,-104.6423889,37.16547222,15 - 20 Deg. F. / 3 - 6,,15 - 20 Deg. F.,6-Mar,15 - 20 Deg. F. / 3 - 6,15 - 20 / semi-humid,CO.1,#698b69,"semi-humid, warm",#FDAE61,D,NA,NA
ARFR-AZ930-423-NAVAJO-18,white,4,15,45,234,812,1,1,NA,N,NA,NA,NA,NA,NA,NA,NA,NA,NA,NA,495,8c90b83f-3920-4e48-a890-07606271e37d,NA,1,NA,NA,8/8/2024 18:00,6b877104-aeb5-4a79-9d95-5a39ae1100e2,8/8/2024 21:44,agoebl,8/8/2024 21:44,agoebl,4177,NA,45,ARFR4-SOS-AZ930-423-NAVAJO-18,#9E0142,-110.431,36.45877,15 - 20 Deg. F. / 6 - 12,SdZones downloaded 20230823,15 - 20 Deg. F.,12-Jun,15 - 20 Deg. F. / 6 - 12,15 - 20 / semi-arid,AZ.1,#ee5c42,"semi-arid, warm",#9E0142,A,NA,NA
ARFR-WY040-71-10,white,4,15,46,NA,813,1,1,NA,N,NA,NA,NA,NA,NA,NA,NA,NA,NA,NA,551,9d0b139d-cedb-4e57-ab45-e615a9e1c963,NA,0,NA,NA,8/8/2024 18:00,9c35c4cb-3cd0-485d-9935-c578f6c1d1e3,8/8/2024 21:45,agoebl,8/8/2024 21:45,agoebl,4178,NA,46,ARFR4-SOS-WY040-71-10,#66C2A5,-109.2433156,41.13271889,5 - 10 Deg. F. / 3 - 6,,5 - 10 Deg. F.,6-Mar,5 - 10 Deg. F. / 3 - 6,5 - 10 / semi-humid,WY.1,#a5c2f1,"semi-humid, cold",#66C2A5,I,NA,NA
ARFR-CO932-294-11,white,4,15,47,NA,814,1,1,NA,N,NA,NA,NA,NA,NA,NA,NA,NA,NA,NA,497,9ddc72f4-41a0-4bb8-b154-e02d55eba23f,NA,1,NA,NA,8/8/2024 18:00,6b877104-aeb5-4a79-9d95-5a39ae1100e2,8/8/2024 21:44,agoebl,8/8/2024 21:44,agoebl,4179,NA,47,ARFR4-SOS-CO932-294-11,#ABDDA4,-105.2030833,39.78458333,15 - 20 Deg. F. / 3 - 6,,15 - 20 Deg. F.,6-Mar,15 - 20 Deg. F. / 3 - 6,15 - 20 / semi-humid,CO.4,#698b69,"semi-humid, warm",#ABDDA4,H,NA,NA
ARFR-AZ930-422-NAVAJO-18,white,4,15,48,NA,815,1,1,NA,N,NA,NA,NA,NA,NA,NA,NA,NA,NA,NA,553,ec747fda-f312-414d-a95b-ff0fed876ace,NA,1,NA,Very dry,8/8/2024 18:00,9c35c4cb-3cd0-485d-9935-c578f6c1d1e3,8/8/2024 21:45,agoebl,8/8/2024 21:45,agoebl,4180,NA,48,ARFR4-SOS-AZ930-422-NAVAJO-18,#D53E4F,-110.431,36.56805,15 - 20 Deg. F. / 6 - 12,Lats corrected 20230127,15 - 20 Deg. F.,12-Jun,15 - 20 Deg. F. / 6 - 12,15 - 20 / semi-arid,AZ.2,#ee5c42,"semi-arid, warm",#D53E4F,B,NA,NA
ARFR-CO932-314-JEFFERSON-12,white,4,15,49,NA,816,1,1,NA,N,NA,NA,NA,NA,NA,NA,NA,NA,NA,NA,499,97e46bab-3105-4101-8ff0-d72bed4a069c,NA,0,NA,NA,8/8/2024 18:00,6b877104-aeb5-4a79-9d95-5a39ae1100e2,8/8/2024 21:44,agoebl,8/8/2024 21:44,agoebl,4181,NA,49,ARFR4-SOS-CO932-314-JEFFERSON-12,#FEE08B,-105.3553333,39.40902778,10 - 15 Deg. F. / 3 - 6,,10 - 15 Deg. F.,6-Mar,10 - 15 Deg. F. / 3 - 6,10 - 15 / semi-humid,CO.2,#66e566,"semi-humid, cool",#FEE08B,E,NA,NA
ARFR-WY040-71-10,white,4,15,50,235,817,1,1,NA,N,NA,NA,NA,NA,NA,NA,NA,NA,NA,NA,555,0a03e53f-abb6-4340-bd0b-47208850c12e,NA,0,NA,Split by crack,8/8/2024 18:00,9c35c4cb-3cd0-485d-9935-c578f6c1d1e3,8/8/2024 21:45,agoebl,8/8/2024 21:45,agoebl,4182,NA,50,ARFR4-SOS-WY040-71-10,#66C2A5,-109.2433156,41.13271889,5 - 10 Deg. F. / 3 - 6,,5 - 10 Deg. F.,6-Mar,5 - 10 Deg. F. / 3 - 6,5 - 10 / semi-humid,WY.1,#a5c2f1,"semi-humid, cold",#66C2A5,I,NA,NA
ARFR-CO932-294-11,white,4,15,51,NA,818,1,1,NA,N,NA,NA,NA,NA,NA,NA,NA,NA,NA,NA,501,bd3b25b0-d830-4923-bb49-dcebd238e7f8,NA,1,NA,NA,8/8/2024 18:00,6b877104-aeb5-4a79-9d95-5a39ae1100e2,8/8/2024 21:44,agoebl,8/8/2024 21:44,agoebl,4183,NA,51,ARFR4-SOS-CO932-294-11,#ABDDA4,-105.2030833,39.78458333,15 - 20 Deg. F. / 3 - 6,,15 - 20 Deg. F.,6-Mar,15 - 20 Deg. F. / 3 - 6,15 - 20 / semi-humid,CO.4,#698b69,"semi-humid, warm",#ABDDA4,H,NA,NA
ARFR-WY930-44-LASANIMAS-13,white,4,15,52,NA,819,1,1,NA,N,NA,NA,NA,NA,NA,NA,NA,NA,NA,NA,557,12c257a5-4177-4f78-88e7-905485797c12,NA,1,NA,NA,8/8/2024 18:00,9c35c4cb-3cd0-485d-9935-c578f6c1d1e3,8/8/2024 21:45,agoebl,8/8/2024 21:45,agoebl,4184,NA,52,ARFR4-SOS-WY930-44-LASANIMAS-13,#FDAE61,-104.6423889,37.16547222,15 - 20 Deg. F. / 3 - 6,,15 - 20 Deg. F.,6-Mar,15 - 20 Deg. F. / 3 - 6,15 - 20 / semi-humid,CO.1,#698b69,"semi-humid, warm",#FDAE61,D,NA,NA
ARFR-CO932-314-JEFFERSON-12,white,4,15,53,NA,820,1,1,NA,Y,0.007,0.795,11.35714286,NA,NA,NA,NA,NA,NA,NA,503,747388b9-0421-4fde-9cc9-bd8d3aa521cd,NA,1,NA,"Split by crack, dry",8/8/2024 18:00,6b877104-aeb5-4a79-9d95-5a39ae1100e2,8/8/2024 21:44,agoebl,8/8/2024 21:44,agoebl,4185,NA,53,ARFR4-SOS-CO932-314-JEFFERSON-12,#FEE08B,-105.3553333,39.40902778,10 - 15 Deg. F. / 3 - 6,,10 - 15 Deg. F.,6-Mar,10 - 15 Deg. F. / 3 - 6,10 - 15 / semi-humid,CO.2,#66e566,"semi-humid, cool",#FEE08B,E,NA,NA
ARFR-AZ930-422-NAVAJO-18,white,4,15,54,NA,821,1,1,NA,N,NA,NA,NA,NA,NA,NA,NA,NA,NA,NA,559,03f25682-1120-43d2-a033-6bdd09574cd1,NA,1,NA,Dry,8/8/2024 18:00,9c35c4cb-3cd0-485d-9935-c578f6c1d1e3,8/8/2024 21:45,agoebl,8/8/2024 21:45,agoebl,4186,NA,54,ARFR4-SOS-AZ930-422-NAVAJO-18,#D53E4F,-110.431,36.56805,15 - 20 Deg. F. / 6 - 12,Lats corrected 20230127,15 - 20 Deg. F.,12-Jun,15 - 20 Deg. F. / 6 - 12,15 - 20 / semi-arid,AZ.2,#ee5c42,"semi-arid, warm",#D53E4F,B,NA,NA
ARFR-AZ930-423-NAVAJO-18,white,4,15,55,236,822,0,0,NA,N,NA,NA,NA,NA,NA,NA,NA,NA,NA,NA,505,0a1f0763-a740-4b9e-829d-521883d3fc49,NA,0,NA,NA,8/8/2024 18:00,6b877104-aeb5-4a79-9d95-5a39ae1100e2,8/8/2024 21:44,agoebl,8/8/2024 21:44,agoebl,4187,NA,55,ARFR4-SOS-AZ930-423-NAVAJO-18,#9E0142,-110.431,36.45877,15 - 20 Deg. F. / 6 - 12,SdZones downloaded 20230823,15 - 20 Deg. F.,12-Jun,15 - 20 Deg. F. / 6 - 12,15 - 20 / semi-arid,AZ.1,#ee5c42,"semi-arid, warm",#9E0142,A,NA,NA
ARFR-CO932-316-JEFFERSON-12,white,4,16,1,225,823,1,1,NA,N,NA,NA,NA,NA,NA,NA,NA,NA,NA,NA,561,70f95693-6aa3-4b9a-940d-48b75230afbb,NA,1,NA,NA,8/8/2024 18:00,26ca5219-95c0-4f6c-8136-d5371da74861,8/8/2024 21:45,agoebl,8/8/2024 21:45,agoebl,4188,NA,1,ARFR4-SOS-CO932-316-JEFFERSON-12,#FFFF85,-105.358,39.66325,15 - 20 Deg. F. / 3 - 6,,15 - 20 Deg. F.,6-Mar,15 - 20 Deg. F. / 3 - 6,15 - 20 / semi-humid,CO.3,#698b69,"semi-humid, warm",#FFFF85,F,NA,NA
ARFR-WY930-44-LASANIMAS-13,white,4,16,2,NA,824,1,1,NA,N,NA,NA,NA,NA,NA,NA,NA,NA,NA,NA,562,2c221538-5e15-4667-ba49-b306da426df8,NA,1,NA,NA,8/8/2024 18:00,26ca5219-95c0-4f6c-8136-d5371da74861,8/8/2024 21:45,agoebl,8/8/2024 21:45,agoebl,4189,NA,2,ARFR4-SOS-WY930-44-LASANIMAS-13,#FDAE61,-104.6423889,37.16547222,15 - 20 Deg. F. / 3 - 6,,15 - 20 Deg. F.,6-Mar,15 - 20 Deg. F. / 3 - 6,15 - 20 / semi-humid,CO.1,#698b69,"semi-humid, warm",#FDAE61,D,NA,NA
ARFR-WY050-49-FREMONT-12,white,4,16,3,NA,825,1,1,NA,N,NA,NA,NA,NA,NA,NA,NA,NA,NA,NA,563,9242749b-0485-487d-82a6-54c80d970112,NA,1,NA,NA,8/8/2024 18:00,26ca5219-95c0-4f6c-8136-d5371da74861,8/8/2024 21:45,agoebl,8/8/2024 21:45,agoebl,4190,NA,3,ARFR4-SOS-WY050-49-FREMONT-12,#5E4FA2,-109.34775,43.42663611,5 - 10 Deg. F. / 6 - 12,,5 - 10 Deg. F.,12-Jun,5 - 10 Deg. F. / 6 - 12,5 - 10 / semi-arid,WY.3,#ffb90f,"semi-arid, cold",#5E4FA2,K,NA,NA
ARFR-CO932-316-JEFFERSON-12,white,4,16,4,NA,826,1,1,NA,N,NA,NA,NA,NA,NA,NA,NA,NA,NA,NA,564,d95fd7c6-d6b3-4529-84b2-cb11555d9abb,NA,1,NA,NA,8/8/2024 18:00,26ca5219-95c0-4f6c-8136-d5371da74861,8/8/2024 21:45,agoebl,8/8/2024 21:45,agoebl,4191,NA,4,ARFR4-SOS-CO932-316-JEFFERSON-12,#FFFF85,-105.358,39.66325,15 - 20 Deg. F. / 3 - 6,,15 - 20 Deg. F.,6-Mar,15 - 20 Deg. F. / 3 - 6,15 - 20 / semi-humid,CO.3,#698b69,"semi-humid, warm",#FFFF85,F,NA,NA
ARFR-WY930-44-LASANIMAS-13,white,4,16,5,226,827,1,1,NA,N,NA,NA,NA,NA,NA,NA,NA,NA,NA,NA,565,cc61fb07-513c-4ee8-871b-b070a328a531,NA,1,NA,NA,8/8/2024 18:00,26ca5219-95c0-4f6c-8136-d5371da74861,8/8/2024 21:45,agoebl,8/8/2024 21:45,agoebl,4192,NA,5,ARFR4-SOS-WY930-44-LASANIMAS-13,#FDAE61,-104.6423889,37.16547222,15 - 20 Deg. F. / 3 - 6,,15 - 20 Deg. F.,6-Mar,15 - 20 Deg. F. / 3 - 6,15 - 20 / semi-humid,CO.1,#698b69,"semi-humid, warm",#FDAE61,D,NA,NA
ARFR-WY040-71-10,white,4,16,6,NA,828,1,1,NA,N,NA,NA,NA,NA,NA,NA,NA,NA,NA,NA,566,3ed1986a-8d1b-4ccd-9e14-17367c285dbd,NA,1,NA,"Dry, nearly dead",8/8/2024 18:00,26ca5219-95c0-4f6c-8136-d5371da74861,8/8/2024 21:45,agoebl,8/8/2024 21:45,agoebl,4193,NA,6,ARFR4-SOS-WY040-71-10,#66C2A5,-109.2433156,41.13271889,5 - 10 Deg. F. / 3 - 6,,5 - 10 Deg. F.,6-Mar,5 - 10 Deg. F. / 3 - 6,5 - 10 / semi-humid,WY.1,#a5c2f1,"semi-humid, cold",#66C2A5,I,NA,NA
ARFR-CO932-294-11,white,4,16,7,NA,829,0,0,NA,N,NA,NA,NA,NA,NA,NA,NA,NA,NA,NA,567,e12fd9ee-fdd8-4c30-9048-6fd10a4d7d20,NA,0,NA,NA,8/8/2024 18:00,26ca5219-95c0-4f6c-8136-d5371da74861,8/8/2024 21:45,agoebl,8/8/2024 21:45,agoebl,4194,NA,7,ARFR4-SOS-CO932-294-11,#ABDDA4,-105.2030833,39.78458333,15 - 20 Deg. F. / 3 - 6,,15 - 20 Deg. F.,6-Mar,15 - 20 Deg. F. / 3 - 6,15 - 20 / semi-humid,CO.4,#698b69,"semi-humid, warm",#ABDDA4,H,NA,NA
ARFR-CO932-316-JEFFERSON-12,white,4,16,8,NA,830,1,1,NA,N,NA,NA,NA,NA,NA,NA,NA,NA,NA,NA,568,3ca42386-f2c0-40be-913c-d55ec1dbd8bd,NA,1,NA,NA,8/8/2024 18:00,26ca5219-95c0-4f6c-8136-d5371da74861,8/8/2024 21:45,agoebl,8/8/2024 21:45,agoebl,4195,NA,8,ARFR4-SOS-CO932-316-JEFFERSON-12,#FFFF85,-105.358,39.66325,15 - 20 Deg. F. / 3 - 6,,15 - 20 Deg. F.,6-Mar,15 - 20 Deg. F. / 3 - 6,15 - 20 / semi-humid,CO.3,#698b69,"semi-humid, warm",#FFFF85,F,NA,NA
ARFR-CO932-316-JEFFERSON-12,white,4,16,9,NA,831,1,1,NA,N,NA,NA,NA,NA,NA,NA,NA,NA,NA,NA,569,f28872d2-d0da-4729-85e8-33c67e0e997e,NA,1,NA,NA,8/8/2024 18:00,26ca5219-95c0-4f6c-8136-d5371da74861,8/8/2024 21:45,agoebl,8/8/2024 21:45,agoebl,4196,NA,9,ARFR4-SOS-CO932-316-JEFFERSON-12,#FFFF85,-105.358,39.66325,15 - 20 Deg. F. / 3 - 6,,15 - 20 Deg. F.,6-Mar,15 - 20 Deg. F. / 3 - 6,15 - 20 / semi-humid,CO.3,#698b69,"semi-humid, warm",#FFFF85,F,NA,NA
ARFR-CO932-294-11,white,4,16,10,227,832,1,1,NA,N,NA,NA,NA,NA,NA,NA,NA,NA,NA,NA,570,4ee5084f-e3b8-4e67-8bbd-97ba3ba89aa0,NA,1,NA,NA,8/8/2024 18:00,26ca5219-95c0-4f6c-8136-d5371da74861,8/8/2024 21:45,agoebl,8/8/2024 21:45,agoebl,4197,NA,10,ARFR4-SOS-CO932-294-11,#ABDDA4,-105.2030833,39.78458333,15 - 20 Deg. F. / 3 - 6,,15 - 20 Deg. F.,6-Mar,15 - 20 Deg. F. / 3 - 6,15 - 20 / semi-humid,CO.4,#698b69,"semi-humid, warm",#ABDDA4,H,NA,NA
ARFR-WY930-44-LASANIMAS-13,white,4,16,11,NA,833,1,1,NA,N,NA,NA,NA,NA,NA,NA,NA,NA,NA,NA,571,7016f737-0182-4c77-9f55-9fd21027fbbe,NA,1,NA,NA,8/8/2024 18:00,26ca5219-95c0-4f6c-8136-d5371da74861,8/8/2024 21:45,agoebl,8/8/2024 21:45,agoebl,4198,NA,11,ARFR4-SOS-WY930-44-LASANIMAS-13,#FDAE61,-104.6423889,37.16547222,15 - 20 Deg. F. / 3 - 6,,15 - 20 Deg. F.,6-Mar,15 - 20 Deg. F. / 3 - 6,15 - 20 / semi-humid,CO.1,#698b69,"semi-humid, warm",#FDAE61,D,NA,NA
ARFR-WY930-44-LASANIMAS-13,white,4,16,12,NA,834,1,1,NA,N,NA,NA,NA,NA,NA,NA,NA,NA,NA,NA,572,7a424910-0c10-43a5-9b92-260b5a2acdec,NA,1,NA,NA,8/8/2024 18:00,26ca5219-95c0-4f6c-8136-d5371da74861,8/8/2024 21:45,agoebl,8/8/2024 21:45,agoebl,4199,NA,12,ARFR4-SOS-WY930-44-LASANIMAS-13,#FDAE61,-104.6423889,37.16547222,15 - 20 Deg. F. / 3 - 6,,15 - 20 Deg. F.,6-Mar,15 - 20 Deg. F. / 3 - 6,15 - 20 / semi-humid,CO.1,#698b69,"semi-humid, warm",#FDAE61,D,NA,NA
ARFR-AZ930-422-NAVAJO-18,white,4,16,13,NA,835,1,1,NA,N,NA,NA,NA,NA,NA,NA,NA,NA,NA,NA,573,86d008df-c0d2-4b81-9951-bb1a4660069c,NA,1,NA,NA,8/8/2024 18:00,26ca5219-95c0-4f6c-8136-d5371da74861,8/8/2024 21:45,agoebl,8/8/2024 21:45,agoebl,4200,NA,13,ARFR4-SOS-AZ930-422-NAVAJO-18,#D53E4F,-110.431,36.56805,15 - 20 Deg. F. / 6 - 12,Lats corrected 20230127,15 - 20 Deg. F.,12-Jun,15 - 20 Deg. F. / 6 - 12,15 - 20 / semi-arid,AZ.2,#ee5c42,"semi-arid, warm",#D53E4F,B,NA,NA
ARFR-UT080-109-UINTAH-12,white,4,16,14,NA,836,1,1,NA,N,NA,NA,NA,NA,NA,NA,NA,NA,NA,NA,574,0040f8f2-f9cc-4094-ba68-22e5b4944353,NA,1,NA,NA,8/8/2024 18:00,26ca5219-95c0-4f6c-8136-d5371da74861,8/8/2024 21:45,agoebl,8/8/2024 21:45,agoebl,4201,NA,14,ARFR4-SOS-UT080-109-UINTAH-12,#aabe7f,-109.1426444,39.70802222,10 - 15 Deg. F. / 3 - 6,,10 - 15 Deg. F.,6-Mar,10 - 15 Deg. F. / 3 - 6,10 - 15 / semi-humid,UT.1,#66e566,"semi-humid, cool",#aabe7f,G,NA,NA
ARFR-WY930-44-LASANIMAS-13,white,4,16,15,228,837,1,1,NA,N,NA,NA,NA,NA,NA,NA,NA,NA,NA,NA,575,22ebec37-6e4f-405b-878e-db7abfbeb152,NA,1,NA,NA,8/8/2024 18:00,26ca5219-95c0-4f6c-8136-d5371da74861,8/8/2024 21:45,agoebl,8/8/2024 21:45,agoebl,4202,NA,15,ARFR4-SOS-WY930-44-LASANIMAS-13,#FDAE61,-104.6423889,37.16547222,15 - 20 Deg. F. / 3 - 6,,15 - 20 Deg. F.,6-Mar,15 - 20 Deg. F. / 3 - 6,15 - 20 / semi-humid,CO.1,#698b69,"semi-humid, warm",#FDAE61,D,NA,NA
ARFR-CO932-314-JEFFERSON-12,white,4,16,16,NA,838,1,1,NA,Y,0.009,0.391,4.344444444,NA,NA,NA,NA,NA,NA,NA,576,861fbf30-fa52-4b36-bed1-592228e85fa1,NA,1,NA,NA,8/8/2024 18:00,26ca5219-95c0-4f6c-8136-d5371da74861,8/8/2024 21:45,agoebl,8/8/2024 21:45,agoebl,4203,NA,16,ARFR4-SOS-CO932-314-JEFFERSON-12,#FEE08B,-105.3553333,39.40902778,10 - 15 Deg. F. / 3 - 6,,10 - 15 Deg. F.,6-Mar,10 - 15 Deg. F. / 3 - 6,10 - 15 / semi-humid,CO.2,#66e566,"semi-humid, cool",#FEE08B,E,NA,NA
ARFR-AZ930-423-NAVAJO-18,white,4,16,17,NA,839,1,1,NA,N,NA,NA,NA,NA,NA,NA,NA,NA,NA,NA,577,93b91482-e664-4654-8c77-3486cb8d45c1,NA,1,NA,NA,8/8/2024 18:00,26ca5219-95c0-4f6c-8136-d5371da74861,8/8/2024 21:45,agoebl,8/8/2024 21:45,agoebl,4204,NA,17,ARFR4-SOS-AZ930-423-NAVAJO-18,#9E0142,-110.431,36.45877,15 - 20 Deg. F. / 6 - 12,SdZones downloaded 20230823,15 - 20 Deg. F.,12-Jun,15 - 20 Deg. F. / 6 - 12,15 - 20 / semi-arid,AZ.1,#ee5c42,"semi-arid, warm",#9E0142,A,NA,NA
ARFR-UT080-109-UINTAH-12,white,4,16,18,NA,840,1,1,NA,N,NA,NA,NA,NA,NA,NA,NA,NA,NA,NA,578,b9fa8795-8f1c-4298-bc97-acd7263a1778,NA,1,NA,NA,8/8/2024 18:00,26ca5219-95c0-4f6c-8136-d5371da74861,8/8/2024 21:45,agoebl,8/8/2024 21:45,agoebl,4205,NA,18,ARFR4-SOS-UT080-109-UINTAH-12,#aabe7f,-109.1426444,39.70802222,10 - 15 Deg. F. / 3 - 6,,10 - 15 Deg. F.,6-Mar,10 - 15 Deg. F. / 3 - 6,10 - 15 / semi-humid,UT.1,#66e566,"semi-humid, cool",#aabe7f,G,NA,NA
ARFR-CO932-314-JEFFERSON-12,white,4,16,19,NA,841,1,1,NA,N,NA,NA,NA,NA,NA,NA,NA,NA,NA,NA,579,623a3768-3dce-4aaa-97ab-920117d03a48,NA,1,NA,NA,8/8/2024 18:00,26ca5219-95c0-4f6c-8136-d5371da74861,8/8/2024 21:45,agoebl,8/8/2024 21:45,agoebl,4206,NA,19,ARFR4-SOS-CO932-314-JEFFERSON-12,#FEE08B,-105.3553333,39.40902778,10 - 15 Deg. F. / 3 - 6,,10 - 15 Deg. F.,6-Mar,10 - 15 Deg. F. / 3 - 6,10 - 15 / semi-humid,CO.2,#66e566,"semi-humid, cool",#FEE08B,E,NA,NA
ARFR-WY050-49-FREMONT-12,white,4,16,20,229,842,1,1,NA,N,NA,NA,NA,NA,NA,NA,NA,NA,NA,NA,580,a338161b-d69f-48d2-aa9e-855353ca03c9,NA,1,NA,Small,8/8/2024 18:00,26ca5219-95c0-4f6c-8136-d5371da74861,8/8/2024 21:45,agoebl,8/8/2024 21:45,agoebl,4207,NA,20,ARFR4-SOS-WY050-49-FREMONT-12,#5E4FA2,-109.34775,43.42663611,5 - 10 Deg. F. / 6 - 12,,5 - 10 Deg. F.,12-Jun,5 - 10 Deg. F. / 6 - 12,5 - 10 / semi-arid,WY.3,#ffb90f,"semi-arid, cold",#5E4FA2,K,NA,NA
ARFR-CO932-294-11,white,4,16,21,NA,843,1,1,NA,N,NA,NA,NA,NA,NA,NA,NA,NA,NA,NA,581,cf0ce7c3-d10c-4834-a37b-9ab2acb5d57a,NA,1,NA,NA,8/8/2024 18:00,26ca5219-95c0-4f6c-8136-d5371da74861,8/8/2024 21:45,agoebl,8/8/2024 21:45,agoebl,4208,NA,21,ARFR4-SOS-CO932-294-11,#ABDDA4,-105.2030833,39.78458333,15 - 20 Deg. F. / 3 - 6,,15 - 20 Deg. F.,6-Mar,15 - 20 Deg. F. / 3 - 6,15 - 20 / semi-humid,CO.4,#698b69,"semi-humid, warm",#ABDDA4,H,NA,NA
ARFR-WY040-71-10,white,4,16,22,NA,844,1,1,NA,N,NA,NA,NA,NA,NA,NA,NA,NA,NA,NA,582,c827bca2-17e0-4292-8bd7-a58fdef6c920,NA,0,NA,NA,8/8/2024 18:00,26ca5219-95c0-4f6c-8136-d5371da74861,8/8/2024 21:45,agoebl,8/8/2024 21:45,agoebl,4209,NA,22,ARFR4-SOS-WY040-71-10,#66C2A5,-109.2433156,41.13271889,5 - 10 Deg. F. / 3 - 6,,5 - 10 Deg. F.,6-Mar,5 - 10 Deg. F. / 3 - 6,5 - 10 / semi-humid,WY.1,#a5c2f1,"semi-humid, cold",#66C2A5,I,NA,NA
ARFR-UT080-109-UINTAH-12,white,4,16,23,NA,845,1,1,NA,N,NA,NA,NA,NA,NA,NA,NA,NA,NA,NA,583,12b388c4-ff09-46be-8b3d-ec4d3cba9581,NA,1,NA,NA,8/8/2024 18:00,26ca5219-95c0-4f6c-8136-d5371da74861,8/8/2024 21:45,agoebl,8/8/2024 21:45,agoebl,4210,NA,23,ARFR4-SOS-UT080-109-UINTAH-12,#aabe7f,-109.1426444,39.70802222,10 - 15 Deg. F. / 3 - 6,,10 - 15 Deg. F.,6-Mar,10 - 15 Deg. F. / 3 - 6,10 - 15 / semi-humid,UT.1,#66e566,"semi-humid, cool",#aabe7f,G,NA,NA
ARFR-NM930N-66-11,white,4,16,24,NA,846,1,1,NA,N,NA,NA,NA,NA,NA,NA,NA,NA,NA,NA,584,06890446-57e6-43a4-b3c5-af9658e5d822,NA,1,NA,NA,8/8/2024 18:00,26ca5219-95c0-4f6c-8136-d5371da74861,8/8/2024 21:45,agoebl,8/8/2024 21:45,agoebl,4211,NA,24,ARFR4-SOS-NM930N-66-11,#F46D43,-107.2045028,36.76818611,10 - 15 Deg. F. / 3 - 6,,10 - 15 Deg. F.,6-Mar,10 - 15 Deg. F. / 3 - 6,10 - 15 / semi-humid,NM.1,#66e566,"semi-humid, cool",#F46D43,C,NA,NA
ARFR-AZ930-422-NAVAJO-18,white,4,16,25,230,847,1,1,NA,N,NA,NA,NA,NA,NA,NA,NA,NA,NA,NA,585,f267e3af-3098-4ff2-9782-ec937fde1097,NA,0,NA,NA,8/8/2024 18:00,26ca5219-95c0-4f6c-8136-d5371da74861,8/8/2024 21:45,agoebl,8/8/2024 21:45,agoebl,4212,NA,25,ARFR4-SOS-AZ930-422-NAVAJO-18,#D53E4F,-110.431,36.56805,15 - 20 Deg. F. / 6 - 12,Lats corrected 20230127,15 - 20 Deg. F.,12-Jun,15 - 20 Deg. F. / 6 - 12,15 - 20 / semi-arid,AZ.2,#ee5c42,"semi-arid, warm",#D53E4F,B,NA,NA
ARFR-CO932-316-JEFFERSON-12,white,4,16,26,NA,848,1,1,NA,N,NA,NA,NA,NA,NA,NA,NA,NA,NA,NA,586,107b7713-32e8-4358-ad53-ead04eed67f1,NA,1,NA,NA,8/8/2024 18:00,26ca5219-95c0-4f6c-8136-d5371da74861,8/8/2024 21:45,agoebl,8/8/2024 21:45,agoebl,4213,NA,26,ARFR4-SOS-CO932-316-JEFFERSON-12,#FFFF85,-105.358,39.66325,15 - 20 Deg. F. / 3 - 6,,15 - 20 Deg. F.,6-Mar,15 - 20 Deg. F. / 3 - 6,15 - 20 / semi-humid,CO.3,#698b69,"semi-humid, warm",#FFFF85,F,NA,NA
ARFR-UT080-109-UINTAH-12,white,4,16,27,NA,849,1,1,NA,N,NA,NA,NA,NA,NA,NA,NA,NA,NA,NA,587,241afa57-8ad8-42f7-b0da-862d3ca640e9,NA,1,NA,Dry,8/8/2024 18:00,26ca5219-95c0-4f6c-8136-d5371da74861,8/8/2024 21:45,agoebl,8/8/2024 21:45,agoebl,4214,NA,27,ARFR4-SOS-UT080-109-UINTAH-12,#aabe7f,-109.1426444,39.70802222,10 - 15 Deg. F. / 3 - 6,,10 - 15 Deg. F.,6-Mar,10 - 15 Deg. F. / 3 - 6,10 - 15 / semi-humid,UT.1,#66e566,"semi-humid, cool",#aabe7f,G,NA,NA
ARFR-CO932-294-11,white,4,16,28,NA,850,1,1,NA,N,NA,NA,NA,NA,NA,NA,NA,NA,NA,NA,588,600e8c10-3c50-44fa-8299-d630c7784c83,NA,1,NA,NA,8/8/2024 18:00,26ca5219-95c0-4f6c-8136-d5371da74861,8/8/2024 21:45,agoebl,8/8/2024 21:45,agoebl,4215,NA,28,ARFR4-SOS-CO932-294-11,#ABDDA4,-105.2030833,39.78458333,15 - 20 Deg. F. / 3 - 6,,15 - 20 Deg. F.,6-Mar,15 - 20 Deg. F. / 3 - 6,15 - 20 / semi-humid,CO.4,#698b69,"semi-humid, warm",#ABDDA4,H,NA,NA
ARFR-CO932-314-JEFFERSON-12,white,4,16,29,NA,851,0,NA,NA,N,NA,NA,NA,NA,NA,NA,NA,NA,NA,NA,589,1309789b-bb43-44a2-9f18-ef619fcb51aa,NA,1,NA,NA,8/8/2024 18:00,26ca5219-95c0-4f6c-8136-d5371da74861,8/8/2024 21:45,agoebl,8/8/2024 21:45,agoebl,4216,NA,29,ARFR4-SOS-CO932-314-JEFFERSON-12,#FEE08B,-105.3553333,39.40902778,10 - 15 Deg. F. / 3 - 6,,10 - 15 Deg. F.,6-Mar,10 - 15 Deg. F. / 3 - 6,10 - 15 / semi-humid,CO.2,#66e566,"semi-humid, cool",#FEE08B,E,NA,NA
ARFR-CO932-316-JEFFERSON-12,white,4,16,30,231,852,1,1,NA,N,NA,NA,NA,NA,NA,NA,NA,NA,NA,NA,590,0c18ef18-f63e-4a04-8844-79729652bafa,NA,1,NA,NA,8/8/2024 18:00,26ca5219-95c0-4f6c-8136-d5371da74861,8/8/2024 21:45,agoebl,8/8/2024 21:45,agoebl,4217,NA,30,ARFR4-SOS-CO932-316-JEFFERSON-12,#FFFF85,-105.358,39.66325,15 - 20 Deg. F. / 3 - 6,,15 - 20 Deg. F.,6-Mar,15 - 20 Deg. F. / 3 - 6,15 - 20 / semi-humid,CO.3,#698b69,"semi-humid, warm",#FFFF85,F,NA,NA
ARFR-CO932-316-JEFFERSON-12,white,4,16,31,NA,853,1,1,NA,N,NA,NA,NA,NA,NA,NA,NA,NA,NA,NA,591,6003e8c7-6f19-414f-a793-368707d1f168,NA,1,NA,NA,8/8/2024 18:00,26ca5219-95c0-4f6c-8136-d5371da74861,8/8/2024 21:45,agoebl,8/8/2024 21:45,agoebl,4218,NA,31,ARFR4-SOS-CO932-316-JEFFERSON-12,#FFFF85,-105.358,39.66325,15 - 20 Deg. F. / 3 - 6,,15 - 20 Deg. F.,6-Mar,15 - 20 Deg. F. / 3 - 6,15 - 20 / semi-humid,CO.3,#698b69,"semi-humid, warm",#FFFF85,F,NA,NA
ARFR-WY040-71-10,white,4,16,32,NA,854,1,1,NA,N,NA,NA,NA,NA,NA,NA,NA,NA,NA,NA,592,91ce55ba-c14a-4a32-9031-b8fe858359f3,NA,1,NA,"Very dry, nearly dead",8/8/2024 18:00,26ca5219-95c0-4f6c-8136-d5371da74861,8/8/2024 21:45,agoebl,8/8/2024 21:45,agoebl,4219,NA,32,ARFR4-SOS-WY040-71-10,#66C2A5,-109.2433156,41.13271889,5 - 10 Deg. F. / 3 - 6,,5 - 10 Deg. F.,6-Mar,5 - 10 Deg. F. / 3 - 6,5 - 10 / semi-humid,WY.1,#a5c2f1,"semi-humid, cold",#66C2A5,I,NA,NA
ARFR-WY040-71-10,white,4,16,33,NA,855,1,1,NA,N,NA,NA,NA,NA,NA,NA,NA,NA,NA,NA,593,3a1dbc5a-6b99-4c8d-9473-bc54a0e60308,NA,0,NA,NA,8/8/2024 18:00,26ca5219-95c0-4f6c-8136-d5371da74861,8/8/2024 21:45,agoebl,8/8/2024 21:45,agoebl,4220,NA,33,ARFR4-SOS-WY040-71-10,#66C2A5,-109.2433156,41.13271889,5 - 10 Deg. F. / 3 - 6,,5 - 10 Deg. F.,6-Mar,5 - 10 Deg. F. / 3 - 6,5 - 10 / semi-humid,WY.1,#a5c2f1,"semi-humid, cold",#66C2A5,I,NA,NA
ARFR-WY040-71-10,white,4,16,34,NA,856,1,1,NA,N,NA,NA,NA,NA,NA,NA,NA,NA,NA,NA,594,54c9a02d-b77d-40ff-b059-305f662bdff8,NA,1,NA,NA,8/8/2024 18:00,26ca5219-95c0-4f6c-8136-d5371da74861,8/8/2024 21:45,agoebl,8/8/2024 21:45,agoebl,4221,NA,34,ARFR4-SOS-WY040-71-10,#66C2A5,-109.2433156,41.13271889,5 - 10 Deg. F. / 3 - 6,,5 - 10 Deg. F.,6-Mar,5 - 10 Deg. F. / 3 - 6,5 - 10 / semi-humid,WY.1,#a5c2f1,"semi-humid, cold",#66C2A5,I,NA,NA
ARFR-WY050-49-FREMONT-12,white,4,16,35,232,857,1,1,NA,N,NA,NA,NA,NA,NA,NA,NA,NA,NA,NA,595,faca2c55-ecf7-4348-a249-54e6d7befe24,NA,1,NA,Dry,8/8/2024 18:00,26ca5219-95c0-4f6c-8136-d5371da74861,8/8/2024 21:45,agoebl,8/8/2024 21:45,agoebl,4222,NA,35,ARFR4-SOS-WY050-49-FREMONT-12,#5E4FA2,-109.34775,43.42663611,5 - 10 Deg. F. / 6 - 12,,5 - 10 Deg. F.,12-Jun,5 - 10 Deg. F. / 6 - 12,5 - 10 / semi-arid,WY.3,#ffb90f,"semi-arid, cold",#5E4FA2,K,NA,NA
ARFR-CO932-316-JEFFERSON-12,white,4,16,36,NA,858,1,1,NA,N,NA,NA,NA,NA,NA,NA,NA,NA,NA,NA,596,b32267f7-0e7b-4922-bf49-63c364512eb9,NA,1,NA,NA,8/8/2024 18:00,26ca5219-95c0-4f6c-8136-d5371da74861,8/8/2024 21:45,agoebl,8/8/2024 21:45,agoebl,4223,NA,36,ARFR4-SOS-CO932-316-JEFFERSON-12,#FFFF85,-105.358,39.66325,15 - 20 Deg. F. / 3 - 6,,15 - 20 Deg. F.,6-Mar,15 - 20 Deg. F. / 3 - 6,15 - 20 / semi-humid,CO.3,#698b69,"semi-humid, warm",#FFFF85,F,NA,NA
ARFR-UT080-109-UINTAH-12,white,4,16,37,NA,859,1,1,NA,N,NA,NA,NA,NA,NA,NA,NA,NA,NA,NA,597,a4c2439c-4bbc-4d8a-b72d-be5a047b98a3,NA,1,NA,Dry,8/8/2024 18:00,26ca5219-95c0-4f6c-8136-d5371da74861,8/8/2024 21:45,agoebl,8/8/2024 21:45,agoebl,4224,NA,37,ARFR4-SOS-UT080-109-UINTAH-12,#aabe7f,-109.1426444,39.70802222,10 - 15 Deg. F. / 3 - 6,,10 - 15 Deg. F.,6-Mar,10 - 15 Deg. F. / 3 - 6,10 - 15 / semi-humid,UT.1,#66e566,"semi-humid, cool",#aabe7f,G,NA,NA
ARFR-NM930N-66-11,white,4,16,38,NA,860,1,1,NA,N,NA,NA,NA,NA,NA,NA,NA,NA,NA,NA,598,182e01df-83de-4c43-a8b4-d42f733e0be7,NA,1,NA,NA,8/8/2024 18:00,26ca5219-95c0-4f6c-8136-d5371da74861,8/8/2024 21:45,agoebl,8/8/2024 21:45,agoebl,4225,NA,38,ARFR4-SOS-NM930N-66-11,#F46D43,-107.2045028,36.76818611,10 - 15 Deg. F. / 3 - 6,,10 - 15 Deg. F.,6-Mar,10 - 15 Deg. F. / 3 - 6,10 - 15 / semi-humid,NM.1,#66e566,"semi-humid, cool",#F46D43,C,NA,NA
ARFR-NM930N-66-11,white,4,16,39,NA,861,0,0,NA,N,NA,NA,NA,NA,NA,NA,NA,NA,NA,NA,599,77999d0c-0e09-477b-a156-8eaadf4c2ba5,NA,0,NA,New recruits,8/8/2024 18:00,26ca5219-95c0-4f6c-8136-d5371da74861,8/8/2024 21:45,agoebl,8/8/2024 21:45,agoebl,4226,NA,39,ARFR4-SOS-NM930N-66-11,#F46D43,-107.2045028,36.76818611,10 - 15 Deg. F. / 3 - 6,,10 - 15 Deg. F.,6-Mar,10 - 15 Deg. F. / 3 - 6,10 - 15 / semi-humid,NM.1,#66e566,"semi-humid, cool",#F46D43,C,NA,NA
ARFR-AZ930-423-NAVAJO-18,white,4,16,40,233,862,1,1,NA,N,NA,NA,NA,NA,NA,NA,NA,NA,NA,NA,600,ab4628df-b4d5-4115-9bde-91ae5ed1f80f,NA,1,NA,NA,8/8/2024 18:00,26ca5219-95c0-4f6c-8136-d5371da74861,8/8/2024 21:45,agoebl,8/8/2024 21:45,agoebl,4227,NA,40,ARFR4-SOS-AZ930-423-NAVAJO-18,#9E0142,-110.431,36.45877,15 - 20 Deg. F. / 6 - 12,SdZones downloaded 20230823,15 - 20 Deg. F.,12-Jun,15 - 20 Deg. F. / 6 - 12,15 - 20 / semi-arid,AZ.1,#ee5c42,"semi-arid, warm",#9E0142,A,NA,NA
ARFR-NM930N-66-11,white,4,16,41,NA,863,1,1,NA,N,NA,NA,NA,NA,NA,NA,NA,NA,NA,NA,601,98dc746d-0b4a-4ec3-bcbf-8f256abc1280,NA,1,NA,NA,8/8/2024 18:00,26ca5219-95c0-4f6c-8136-d5371da74861,8/8/2024 21:45,agoebl,8/8/2024 21:45,agoebl,4228,NA,41,ARFR4-SOS-NM930N-66-11,#F46D43,-107.2045028,36.76818611,10 - 15 Deg. F. / 3 - 6,,10 - 15 Deg. F.,6-Mar,10 - 15 Deg. F. / 3 - 6,10 - 15 / semi-humid,NM.1,#66e566,"semi-humid, cool",#F46D43,C,NA,NA
ARFR-NM930N-66-11,white,4,16,42,NA,864,1,1,66.172,N,NA,NA,NA,NA,66.172,30.14,18.15,5.41,NA,Y,602,32da360b-9855-488f-9426-5fa44708523b,NA,NA,NA,H,8/8/2024 18:00,26ca5219-95c0-4f6c-8136-d5371da74861,8/8/2024 21:45,agoebl,8/8/2024 21:45,agoebl,4229,NA,42,ARFR4-SOS-NM930N-66-11,#F46D43,-107.2045028,36.76818611,10 - 15 Deg. F. / 3 - 6,,10 - 15 Deg. F.,6-Mar,10 - 15 Deg. F. / 3 - 6,10 - 15 / semi-humid,NM.1,#66e566,"semi-humid, cool",#F46D43,C,NA,NA
ARFR-AZ930-423-NAVAJO-18,white,4,16,43,NA,865,1,1,NA,N,NA,NA,NA,NA,NA,NA,NA,NA,NA,NA,603,187e969b-f77c-42da-bc73-290c03facff4,NA,1,NA,NA,8/8/2024 18:00,26ca5219-95c0-4f6c-8136-d5371da74861,8/8/2024 21:45,agoebl,8/8/2024 21:45,agoebl,4230,NA,43,ARFR4-SOS-AZ930-423-NAVAJO-18,#9E0142,-110.431,36.45877,15 - 20 Deg. F. / 6 - 12,SdZones downloaded 20230823,15 - 20 Deg. F.,12-Jun,15 - 20 Deg. F. / 6 - 12,15 - 20 / semi-arid,AZ.1,#ee5c42,"semi-arid, warm",#9E0142,A,NA,NA
ARFR-WY050-49-FREMONT-12,white,4,16,44,NA,866,0,NA,NA,N,NA,NA,NA,NA,NA,NA,NA,NA,NA,NA,604,423660a9-97df-4f0a-a6d9-5471c0522145,NA,0,NA,NA,8/8/2024 18:00,26ca5219-95c0-4f6c-8136-d5371da74861,8/8/2024 21:45,agoebl,8/8/2024 21:45,agoebl,4231,NA,44,ARFR4-SOS-WY050-49-FREMONT-12,#5E4FA2,-109.34775,43.42663611,5 - 10 Deg. F. / 6 - 12,,5 - 10 Deg. F.,12-Jun,5 - 10 Deg. F. / 6 - 12,5 - 10 / semi-arid,WY.3,#ffb90f,"semi-arid, cold",#5E4FA2,K,NA,NA
ARFR-AZ930-422-NAVAJO-18,white,4,16,45,234,867,0,0,NA,N,NA,NA,NA,NA,NA,NA,NA,NA,NA,NA,605,a7b18b4e-87e1-41bd-b54b-4235925e7ecc,NA,0,NA,NA,8/8/2024 18:00,26ca5219-95c0-4f6c-8136-d5371da74861,8/8/2024 21:45,agoebl,8/8/2024 21:45,agoebl,4232,NA,45,ARFR4-SOS-AZ930-422-NAVAJO-18,#D53E4F,-110.431,36.56805,15 - 20 Deg. F. / 6 - 12,Lats corrected 20230127,15 - 20 Deg. F.,12-Jun,15 - 20 Deg. F. / 6 - 12,15 - 20 / semi-arid,AZ.2,#ee5c42,"semi-arid, warm",#D53E4F,B,NA,NA
ARFR-CO932-314-JEFFERSON-12,white,4,16,46,NA,868,1,1,NA,N,NA,NA,NA,NA,NA,NA,NA,NA,NA,NA,606,61402b05-4f43-4a23-9947-2ec85c4632b3,NA,1,NA,Dry ,8/8/2024 18:00,26ca5219-95c0-4f6c-8136-d5371da74861,8/8/2024 21:45,agoebl,8/8/2024 21:45,agoebl,4233,NA,46,ARFR4-SOS-CO932-314-JEFFERSON-12,#FEE08B,-105.3553333,39.40902778,10 - 15 Deg. F. / 3 - 6,,10 - 15 Deg. F.,6-Mar,10 - 15 Deg. F. / 3 - 6,10 - 15 / semi-humid,CO.2,#66e566,"semi-humid, cool",#FEE08B,E,NA,NA
ARFR-WY050-49-FREMONT-12,white,4,16,47,NA,869,1,1,NA,N,NA,NA,NA,NA,NA,NA,NA,NA,NA,NA,607,6c2f4fca-580e-45cf-93d3-39214476ec3c,NA,1,NA,Dry,8/8/2024 18:00,26ca5219-95c0-4f6c-8136-d5371da74861,8/8/2024 21:45,agoebl,8/8/2024 21:45,agoebl,4234,NA,47,ARFR4-SOS-WY050-49-FREMONT-12,#5E4FA2,-109.34775,43.42663611,5 - 10 Deg. F. / 6 - 12,,5 - 10 Deg. F.,12-Jun,5 - 10 Deg. F. / 6 - 12,5 - 10 / semi-arid,WY.3,#ffb90f,"semi-arid, cold",#5E4FA2,K,NA,NA
ARFR-CO932-316-JEFFERSON-12,white,4,16,48,NA,870,1,1,NA,N,NA,NA,NA,NA,NA,NA,NA,NA,NA,NA,608,1e614b7a-d8c4-4154-949f-3d60f7ab64b3,NA,1,NA,NA,8/8/2024 18:00,26ca5219-95c0-4f6c-8136-d5371da74861,8/8/2024 21:45,agoebl,8/8/2024 21:45,agoebl,4235,NA,48,ARFR4-SOS-CO932-316-JEFFERSON-12,#FFFF85,-105.358,39.66325,15 - 20 Deg. F. / 3 - 6,,15 - 20 Deg. F.,6-Mar,15 - 20 Deg. F. / 3 - 6,15 - 20 / semi-humid,CO.3,#698b69,"semi-humid, warm",#FFFF85,F,NA,NA
ARFR-WY050-151-FREMONT-16,white,4,16,49,NA,871,1,1,NA,N,NA,NA,NA,NA,NA,NA,NA,NA,NA,NA,609,5c1c77ff-9a21-4503-811c-fd7ad7e2ebde,NA,1,NA,NA,8/8/2024 18:00,26ca5219-95c0-4f6c-8136-d5371da74861,8/8/2024 21:45,agoebl,8/8/2024 21:45,agoebl,4236,NA,49,ARFR4-SOS-WY050-151-FREMONT-16,#3288BD,-108.1704472,42.47886111,10 - 15 Deg. F. / 6 - 12,,10 - 15 Deg. F.,12-Jun,10 - 15 Deg. F. / 6 - 12,10 - 15 / semi-arid,WY.2,#cd8500,"semi-arid, cool",#3288BD,J,NA,NA
ARFR-CO932-314-JEFFERSON-12,white,4,16,50,235,872,0,0,NA,N,NA,NA,NA,NA,NA,NA,NA,NA,NA,NA,610,bef229c6-6d40-46d9-adb6-8b5e9f2b309b,NA,0,NA,NA,8/8/2024 18:00,26ca5219-95c0-4f6c-8136-d5371da74861,8/8/2024 21:45,agoebl,8/8/2024 21:45,agoebl,4237,NA,50,ARFR4-SOS-CO932-314-JEFFERSON-12,#FEE08B,-105.3553333,39.40902778,10 - 15 Deg. F. / 3 - 6,,10 - 15 Deg. F.,6-Mar,10 - 15 Deg. F. / 3 - 6,10 - 15 / semi-humid,CO.2,#66e566,"semi-humid, cool",#FEE08B,E,NA,NA
ARFR-NM930N-66-11,white,4,16,51,NA,873,1,1,NA,Y,0.0072,0.506,7.027777778,NA,NA,NA,NA,NA,NA,NA,611,72a43c5d-a0f3-41af-a937-e4a064f07498,NA,1,NA,NA,8/8/2024 18:00,26ca5219-95c0-4f6c-8136-d5371da74861,8/8/2024 21:45,agoebl,8/8/2024 21:45,agoebl,4238,NA,51,ARFR4-SOS-NM930N-66-11,#F46D43,-107.2045028,36.76818611,10 - 15 Deg. F. / 3 - 6,,10 - 15 Deg. F.,6-Mar,10 - 15 Deg. F. / 3 - 6,10 - 15 / semi-humid,NM.1,#66e566,"semi-humid, cool",#F46D43,C,NA,NA
ARFR-WY050-151-FREMONT-16,white,4,16,52,NA,874,1,NA,NA,N,NA,NA,NA,NA,NA,NA,NA,NA,NA,NA,612,1aeb1602-e4f4-434d-8390-1a53733e2962,NA,0,NA,NA,8/8/2024 18:00,26ca5219-95c0-4f6c-8136-d5371da74861,8/8/2024 21:45,agoebl,8/8/2024 21:45,agoebl,4239,NA,52,ARFR4-SOS-WY050-151-FREMONT-16,#3288BD,-108.1704472,42.47886111,10 - 15 Deg. F. / 6 - 12,,10 - 15 Deg. F.,12-Jun,10 - 15 Deg. F. / 6 - 12,10 - 15 / semi-arid,WY.2,#cd8500,"semi-arid, cool",#3288BD,J,NA,Y
ARFR-CO932-316-JEFFERSON-12,white,4,16,53,NA,875,1,1,NA,N,NA,NA,NA,NA,NA,NA,NA,NA,NA,NA,613,e24cbe0c-56b6-4673-ada5-3640ee5c3475,NA,1,NA,NA,8/8/2024 18:00,26ca5219-95c0-4f6c-8136-d5371da74861,8/8/2024 21:45,agoebl,8/8/2024 21:45,agoebl,4240,NA,53,ARFR4-SOS-CO932-316-JEFFERSON-12,#FFFF85,-105.358,39.66325,15 - 20 Deg. F. / 3 - 6,,15 - 20 Deg. F.,6-Mar,15 - 20 Deg. F. / 3 - 6,15 - 20 / semi-humid,CO.3,#698b69,"semi-humid, warm",#FFFF85,F,NA,NA
ARFR-AZ930-422-NAVAJO-18,white,4,16,54,NA,876,1,1,NA,N,NA,NA,NA,NA,NA,NA,NA,NA,NA,NA,614,a8641800-7ace-48fa-8842-89a208cd475d,NA,1,NA,"Small, dry",8/8/2024 18:00,26ca5219-95c0-4f6c-8136-d5371da74861,8/8/2024 21:45,agoebl,8/8/2024 21:45,agoebl,4241,NA,54,ARFR4-SOS-AZ930-422-NAVAJO-18,#D53E4F,-110.431,36.56805,15 - 20 Deg. F. / 6 - 12,Lats corrected 20230127,15 - 20 Deg. F.,12-Jun,15 - 20 Deg. F. / 6 - 12,15 - 20 / semi-arid,AZ.2,#ee5c42,"semi-arid, warm",#D53E4F,B,NA,NA
ARFR-AZ930-423-NAVAJO-18,black,5,17,1,237,877,1,1,NA,N,NA,NA,NA,NA,NA,NA,NA,NA,NA,NA,615,75e0d21e-a1ef-4aed-ad21-9a9ba7b7c865,NA,1,NA,NA,8/8/2024 18:00,7c7df62c-0121-4a15-8deb-5379fc42b5e4,8/8/2024 21:45,agoebl,8/8/2024 21:45,agoebl,4242,NA,1,ARFR4-SOS-AZ930-423-NAVAJO-18,#9E0142,-110.431,36.45877,15 - 20 Deg. F. / 6 - 12,SdZones downloaded 20230823,15 - 20 Deg. F.,12-Jun,15 - 20 Deg. F. / 6 - 12,15 - 20 / semi-arid,AZ.1,#ee5c42,"semi-arid, warm",#9E0142,A,NA,NA
ARFR-WY050-151-FREMONT-16,black,5,17,2,NA,878,1,1,NA,Y,0.0061,0.757,12.40983607,NA,NA,NA,NA,NA,NA,NA,616,6b2c70dd-0724-4b6d-a4d7-2cd412807f7f,NA,1,NA,NA,8/8/2024 18:00,7c7df62c-0121-4a15-8deb-5379fc42b5e4,8/8/2024 21:45,agoebl,8/8/2024 21:45,agoebl,4243,NA,2,ARFR4-SOS-WY050-151-FREMONT-16,#3288BD,-108.1704472,42.47886111,10 - 15 Deg. F. / 6 - 12,,10 - 15 Deg. F.,12-Jun,10 - 15 Deg. F. / 6 - 12,10 - 15 / semi-arid,WY.2,#cd8500,"semi-arid, cool",#3288BD,J,NA,NA
ARFR-CO932-294-11,black,5,17,3,NA,879,1,1,NA,N,NA,NA,NA,NA,NA,NA,NA,NA,NA,NA,617,c0396de3-3253-465e-a3a6-1461d1fb240b,NA,1,NA,NA,8/8/2024 18:00,7c7df62c-0121-4a15-8deb-5379fc42b5e4,8/8/2024 21:45,agoebl,8/8/2024 21:45,agoebl,4244,NA,3,ARFR4-SOS-CO932-294-11,#ABDDA4,-105.2030833,39.78458333,15 - 20 Deg. F. / 3 - 6,,15 - 20 Deg. F.,6-Mar,15 - 20 Deg. F. / 3 - 6,15 - 20 / semi-humid,CO.4,#698b69,"semi-humid, warm",#ABDDA4,H,NA,NA
ARFR-AZ930-422-NAVAJO-18,black,5,17,4,NA,880,1,1,NA,N,NA,NA,NA,NA,NA,NA,NA,NA,NA,NA,618,99a62d91-1c05-462a-a3d2-f30c2f51a619,NA,1,NA,NA,8/8/2024 18:00,7c7df62c-0121-4a15-8deb-5379fc42b5e4,8/8/2024 21:45,agoebl,8/8/2024 21:45,agoebl,4245,NA,4,ARFR4-SOS-AZ930-422-NAVAJO-18,#D53E4F,-110.431,36.56805,15 - 20 Deg. F. / 6 - 12,Lats corrected 20230127,15 - 20 Deg. F.,12-Jun,15 - 20 Deg. F. / 6 - 12,15 - 20 / semi-arid,AZ.2,#ee5c42,"semi-arid, warm",#D53E4F,B,NA,NA
ARFR-AZ930-423-NAVAJO-18,black,5,17,5,238,881,1,1,NA,N,NA,NA,NA,NA,NA,NA,NA,NA,NA,NA,619,305a06a8-5dd7-4303-86dc-7b4309e727b1,NA,1,NA,NA,8/8/2024 18:00,7c7df62c-0121-4a15-8deb-5379fc42b5e4,8/8/2024 21:45,agoebl,8/8/2024 21:45,agoebl,4246,NA,5,ARFR4-SOS-AZ930-423-NAVAJO-18,#9E0142,-110.431,36.45877,15 - 20 Deg. F. / 6 - 12,SdZones downloaded 20230823,15 - 20 Deg. F.,12-Jun,15 - 20 Deg. F. / 6 - 12,15 - 20 / semi-arid,AZ.1,#ee5c42,"semi-arid, warm",#9E0142,A,NA,NA
ARFR-NM930N-66-11,black,5,17,6,NA,882,1,1,NA,N,NA,NA,NA,NA,NA,NA,NA,NA,NA,NA,620,ae3e9b21-69e5-4976-a24d-a1574a119d0c,NA,1,NA,NA,8/8/2024 18:00,7c7df62c-0121-4a15-8deb-5379fc42b5e4,8/8/2024 21:45,agoebl,8/8/2024 21:45,agoebl,4247,NA,6,ARFR4-SOS-NM930N-66-11,#F46D43,-107.2045028,36.76818611,10 - 15 Deg. F. / 3 - 6,,10 - 15 Deg. F.,6-Mar,10 - 15 Deg. F. / 3 - 6,10 - 15 / semi-humid,NM.1,#66e566,"semi-humid, cool",#F46D43,C,NA,NA
ARFR-CO932-314-JEFFERSON-12,black,5,17,7,NA,883,1,1,NA,N,NA,NA,NA,NA,NA,NA,NA,NA,NA,NA,621,fe4297be-87c0-44b2-9e7e-d452e0c64917,NA,1,NA,NA,8/8/2024 18:00,7c7df62c-0121-4a15-8deb-5379fc42b5e4,8/8/2024 21:45,agoebl,8/8/2024 21:45,agoebl,4248,NA,7,ARFR4-SOS-CO932-314-JEFFERSON-12,#FEE08B,-105.3553333,39.40902778,10 - 15 Deg. F. / 3 - 6,,10 - 15 Deg. F.,6-Mar,10 - 15 Deg. F. / 3 - 6,10 - 15 / semi-humid,CO.2,#66e566,"semi-humid, cool",#FEE08B,E,NA,NA
ARFR-NM930N-66-11,black,5,17,8,NA,884,1,1,NA,N,NA,NA,NA,NA,NA,NA,NA,NA,NA,NA,622,224fc67a-17ce-44af-882c-ca1bd74acd07,NA,1,NA,NA,8/8/2024 18:00,7c7df62c-0121-4a15-8deb-5379fc42b5e4,8/8/2024 21:45,agoebl,8/8/2024 21:45,agoebl,4249,NA,8,ARFR4-SOS-NM930N-66-11,#F46D43,-107.2045028,36.76818611,10 - 15 Deg. F. / 3 - 6,,10 - 15 Deg. F.,6-Mar,10 - 15 Deg. F. / 3 - 6,10 - 15 / semi-humid,NM.1,#66e566,"semi-humid, cool",#F46D43,C,NA,NA
ARFR-UT080-109-UINTAH-12,black,5,17,9,NA,885,1,1,17.392,N,NA,NA,NA,NA,17.392,0.63,NA,NA,Chaff (0.0863) no flower heads?,Y,623,fce8c067-9023-4142-9e89-167664865b05,NA,NA,NA,H,8/8/2024 18:00,7c7df62c-0121-4a15-8deb-5379fc42b5e4,8/8/2024 21:45,agoebl,8/8/2024 21:45,agoebl,4250,NA,9,ARFR4-SOS-UT080-109-UINTAH-12,#aabe7f,-109.1426444,39.70802222,10 - 15 Deg. F. / 3 - 6,,10 - 15 Deg. F.,6-Mar,10 - 15 Deg. F. / 3 - 6,10 - 15 / semi-humid,UT.1,#66e566,"semi-humid, cool",#aabe7f,G,NA,NA
ARFR-WY040-71-10,black,5,17,10,239,886,1,1,NA,N,NA,NA,NA,NA,NA,NA,NA,NA,NA,NA,624,d06aefe2-0fb5-4735-b0de-686f0fc02a3d,NA,1,NA,NA,8/8/2024 18:00,7c7df62c-0121-4a15-8deb-5379fc42b5e4,8/8/2024 21:45,agoebl,8/8/2024 21:45,agoebl,4251,NA,10,ARFR4-SOS-WY040-71-10,#66C2A5,-109.2433156,41.13271889,5 - 10 Deg. F. / 3 - 6,,5 - 10 Deg. F.,6-Mar,5 - 10 Deg. F. / 3 - 6,5 - 10 / semi-humid,WY.1,#a5c2f1,"semi-humid, cold",#66C2A5,I,NA,NA
ARFR-AZ930-422-NAVAJO-18,black,5,17,11,NA,887,1,1,NA,Y,0.0059,1.015,17.20338983,NA,NA,NA,NA,NA,NA,NA,625,71bf8edb-c18e-475c-8df9-fccd76593d99,NA,1,NA,NA,8/8/2024 18:00,7c7df62c-0121-4a15-8deb-5379fc42b5e4,8/8/2024 21:45,agoebl,8/8/2024 21:45,agoebl,4252,NA,11,ARFR4-SOS-AZ930-422-NAVAJO-18,#D53E4F,-110.431,36.56805,15 - 20 Deg. F. / 6 - 12,Lats corrected 20230127,15 - 20 Deg. F.,12-Jun,15 - 20 Deg. F. / 6 - 12,15 - 20 / semi-arid,AZ.2,#ee5c42,"semi-arid, warm",#D53E4F,B,NA,NA
ARFR-WY040-71-10,black,5,17,12,NA,888,1,1,NA,N,NA,NA,NA,NA,NA,NA,NA,NA,NA,NA,626,63145ed5-1771-45b5-bbb8-de600805a0a5,NA,1,NA,"Small, nearly dead",8/8/2024 18:00,7c7df62c-0121-4a15-8deb-5379fc42b5e4,8/8/2024 21:45,agoebl,8/8/2024 21:45,agoebl,4253,NA,12,ARFR4-SOS-WY040-71-10,#66C2A5,-109.2433156,41.13271889,5 - 10 Deg. F. / 3 - 6,,5 - 10 Deg. F.,6-Mar,5 - 10 Deg. F. / 3 - 6,5 - 10 / semi-humid,WY.1,#a5c2f1,"semi-humid, cold",#66C2A5,I,NA,NA
ARFR-CO932-316-JEFFERSON-12,black,5,17,13,NA,889,1,1,NA,Y,0.0071,0.856,12.05633803,NA,NA,NA,NA,NA,NA,NA,627,998d01c5-9191-4598-8e78-d0777e898ed0,NA,1,NA,NA,8/8/2024 18:00,7c7df62c-0121-4a15-8deb-5379fc42b5e4,8/8/2024 21:45,agoebl,8/8/2024 21:45,agoebl,4254,NA,13,ARFR4-SOS-CO932-316-JEFFERSON-12,#FFFF85,-105.358,39.66325,15 - 20 Deg. F. / 3 - 6,,15 - 20 Deg. F.,6-Mar,15 - 20 Deg. F. / 3 - 6,15 - 20 / semi-humid,CO.3,#698b69,"semi-humid, warm",#FFFF85,F,NA,NA
ARFR-AZ930-423-NAVAJO-18,black,5,17,14,NA,890,1,1,NA,N,NA,NA,NA,NA,NA,NA,NA,NA,NA,NA,628,0fe686da-0904-4fd4-908f-7ebd5072f9af,NA,1,NA,NA,8/8/2024 18:00,7c7df62c-0121-4a15-8deb-5379fc42b5e4,8/8/2024 21:45,agoebl,8/8/2024 21:45,agoebl,4255,NA,14,ARFR4-SOS-AZ930-423-NAVAJO-18,#9E0142,-110.431,36.45877,15 - 20 Deg. F. / 6 - 12,SdZones downloaded 20230823,15 - 20 Deg. F.,12-Jun,15 - 20 Deg. F. / 6 - 12,15 - 20 / semi-arid,AZ.1,#ee5c42,"semi-arid, warm",#9E0142,A,NA,NA
ARFR-UT080-109-UINTAH-12,black,5,17,15,240,891,1,1,NA,N,NA,NA,NA,NA,NA,NA,NA,NA,NA,NA,629,7249db73-5836-4463-b069-5d1dd68a246f,NA,1,NA,NA,8/8/2024 18:00,7c7df62c-0121-4a15-8deb-5379fc42b5e4,8/8/2024 21:45,agoebl,8/8/2024 21:45,agoebl,4256,NA,15,ARFR4-SOS-UT080-109-UINTAH-12,#aabe7f,-109.1426444,39.70802222,10 - 15 Deg. F. / 3 - 6,,10 - 15 Deg. F.,6-Mar,10 - 15 Deg. F. / 3 - 6,10 - 15 / semi-humid,UT.1,#66e566,"semi-humid, cool",#aabe7f,G,NA,NA
ARFR-CO932-314-JEFFERSON-12,black,5,17,16,NA,892,1,1,NA,N,NA,NA,NA,NA,NA,NA,NA,NA,NA,NA,630,877d6ae2-be8a-47d2-b8a1-f252f0414482,NA,1,NA,NA,8/8/2024 18:00,7c7df62c-0121-4a15-8deb-5379fc42b5e4,8/8/2024 21:45,agoebl,8/8/2024 21:45,agoebl,4257,NA,16,ARFR4-SOS-CO932-314-JEFFERSON-12,#FEE08B,-105.3553333,39.40902778,10 - 15 Deg. F. / 3 - 6,,10 - 15 Deg. F.,6-Mar,10 - 15 Deg. F. / 3 - 6,10 - 15 / semi-humid,CO.2,#66e566,"semi-humid, cool",#FEE08B,E,NA,NA
ARFR-WY040-71-10,black,5,17,17,NA,893,1,1,NA,N,NA,NA,NA,NA,NA,NA,NA,NA,NA,NA,631,1bee1a26-e48b-4fe5-a669-b4a67d936d0a,NA,1,NA,NA,8/8/2024 18:00,7c7df62c-0121-4a15-8deb-5379fc42b5e4,8/8/2024 21:45,agoebl,8/8/2024 21:45,agoebl,4258,NA,17,ARFR4-SOS-WY040-71-10,#66C2A5,-109.2433156,41.13271889,5 - 10 Deg. F. / 3 - 6,,5 - 10 Deg. F.,6-Mar,5 - 10 Deg. F. / 3 - 6,5 - 10 / semi-humid,WY.1,#a5c2f1,"semi-humid, cold",#66C2A5,I,NA,NA
ARFR-CO932-316-JEFFERSON-12,black,5,17,18,NA,894,1,1,NA,N,NA,NA,NA,NA,NA,NA,NA,NA,NA,NA,632,d3d33841-9f19-447b-85fc-076cea1d74fa,NA,1,NA,NA,8/8/2024 18:00,7c7df62c-0121-4a15-8deb-5379fc42b5e4,8/8/2024 21:45,agoebl,8/8/2024 21:45,agoebl,4259,NA,18,ARFR4-SOS-CO932-316-JEFFERSON-12,#FFFF85,-105.358,39.66325,15 - 20 Deg. F. / 3 - 6,,15 - 20 Deg. F.,6-Mar,15 - 20 Deg. F. / 3 - 6,15 - 20 / semi-humid,CO.3,#698b69,"semi-humid, warm",#FFFF85,F,NA,NA
ARFR-NM930N-66-11,black,5,17,19,NA,895,1,1,NA,N,NA,NA,NA,NA,NA,NA,NA,NA,NA,NA,633,77331848-b1ed-478b-b038-69eeb62e302f,NA,1,NA,NA,8/8/2024 18:00,7c7df62c-0121-4a15-8deb-5379fc42b5e4,8/8/2024 21:45,agoebl,8/8/2024 21:45,agoebl,4260,NA,19,ARFR4-SOS-NM930N-66-11,#F46D43,-107.2045028,36.76818611,10 - 15 Deg. F. / 3 - 6,,10 - 15 Deg. F.,6-Mar,10 - 15 Deg. F. / 3 - 6,10 - 15 / semi-humid,NM.1,#66e566,"semi-humid, cool",#F46D43,C,NA,NA
ARFR-WY050-49-FREMONT-12,black,5,17,20,241,896,1,1,NA,N,NA,NA,NA,NA,NA,NA,NA,NA,NA,NA,634,72f2b51c-08c8-45b0-8135-d7f505f5acb2,NA,1,NA,NA,8/8/2024 18:00,7c7df62c-0121-4a15-8deb-5379fc42b5e4,8/8/2024 21:45,agoebl,8/8/2024 21:45,agoebl,4261,NA,20,ARFR4-SOS-WY050-49-FREMONT-12,#5E4FA2,-109.34775,43.42663611,5 - 10 Deg. F. / 6 - 12,,5 - 10 Deg. F.,12-Jun,5 - 10 Deg. F. / 6 - 12,5 - 10 / semi-arid,WY.3,#ffb90f,"semi-arid, cold",#5E4FA2,K,NA,NA
ARFR-CO932-294-11,black,5,17,21,NA,897,1,1,NA,N,NA,NA,NA,NA,NA,NA,NA,NA,NA,NA,635,62e60a67-b5bb-424c-b585-9a350b19a491,NA,1,NA,NA,8/8/2024 18:00,7c7df62c-0121-4a15-8deb-5379fc42b5e4,8/8/2024 21:45,agoebl,8/8/2024 21:45,agoebl,4262,NA,21,ARFR4-SOS-CO932-294-11,#ABDDA4,-105.2030833,39.78458333,15 - 20 Deg. F. / 3 - 6,,15 - 20 Deg. F.,6-Mar,15 - 20 Deg. F. / 3 - 6,15 - 20 / semi-humid,CO.4,#698b69,"semi-humid, warm",#ABDDA4,H,NA,NA
ARFR-WY050-151-FREMONT-16,black,5,17,22,NA,898,1,1,NA,N,NA,NA,NA,NA,NA,NA,NA,NA,NA,NA,636,3647535b-d21e-4de2-ab9c-d98d01dadd5b,NA,1,NA,NA,8/8/2024 18:00,7c7df62c-0121-4a15-8deb-5379fc42b5e4,8/8/2024 21:45,agoebl,8/8/2024 21:45,agoebl,4263,NA,22,ARFR4-SOS-WY050-151-FREMONT-16,#3288BD,-108.1704472,42.47886111,10 - 15 Deg. F. / 6 - 12,,10 - 15 Deg. F.,12-Jun,10 - 15 Deg. F. / 6 - 12,10 - 15 / semi-arid,WY.2,#cd8500,"semi-arid, cool",#3288BD,J,NA,NA
ARFR-WY050-151-FREMONT-16,black,5,17,23,NA,899,1,1,NA,N,NA,NA,NA,NA,NA,NA,NA,NA,NA,NA,637,04e6a432-5a75-46c7-a9ca-2a9f0e829b4d,NA,1,NA,NA,8/8/2024 18:00,7c7df62c-0121-4a15-8deb-5379fc42b5e4,8/8/2024 21:45,agoebl,8/8/2024 21:45,agoebl,4264,NA,23,ARFR4-SOS-WY050-151-FREMONT-16,#3288BD,-108.1704472,42.47886111,10 - 15 Deg. F. / 6 - 12,,10 - 15 Deg. F.,12-Jun,10 - 15 Deg. F. / 6 - 12,10 - 15 / semi-arid,WY.2,#cd8500,"semi-arid, cool",#3288BD,J,NA,NA
ARFR-WY050-151-FREMONT-16,black,5,17,24,NA,900,1,1,NA,N,NA,NA,NA,NA,NA,NA,NA,NA,NA,NA,638,dfddd42a-bf2d-41c0-a3ce-1599485ee150,NA,1,NA,NA,8/8/2024 18:00,7c7df62c-0121-4a15-8deb-5379fc42b5e4,8/8/2024 21:45,agoebl,8/8/2024 21:45,agoebl,4265,NA,24,ARFR4-SOS-WY050-151-FREMONT-16,#3288BD,-108.1704472,42.47886111,10 - 15 Deg. F. / 6 - 12,,10 - 15 Deg. F.,12-Jun,10 - 15 Deg. F. / 6 - 12,10 - 15 / semi-arid,WY.2,#cd8500,"semi-arid, cool",#3288BD,J,NA,NA
ARFR-CO932-316-JEFFERSON-12,black,5,17,25,242,901,1,1,NA,N,NA,NA,NA,NA,NA,NA,NA,NA,NA,NA,639,61e85881-2aee-4b68-9389-7d0afff813b0,NA,1,NA,NA,8/8/2024 18:00,7c7df62c-0121-4a15-8deb-5379fc42b5e4,8/8/2024 21:45,agoebl,8/8/2024 21:45,agoebl,4266,NA,25,ARFR4-SOS-CO932-316-JEFFERSON-12,#FFFF85,-105.358,39.66325,15 - 20 Deg. F. / 3 - 6,,15 - 20 Deg. F.,6-Mar,15 - 20 Deg. F. / 3 - 6,15 - 20 / semi-humid,CO.3,#698b69,"semi-humid, warm",#FFFF85,F,NA,NA
ARFR-WY050-49-FREMONT-12,black,5,17,26,NA,902,1,1,NA,N,NA,NA,NA,NA,NA,NA,NA,NA,NA,NA,640,edfc36ef-ec1f-4ade-ab04-a0a8b10cf948,NA,1,NA,NA,8/8/2024 18:00,7c7df62c-0121-4a15-8deb-5379fc42b5e4,8/8/2024 21:45,agoebl,8/8/2024 21:45,agoebl,4267,NA,26,ARFR4-SOS-WY050-49-FREMONT-12,#5E4FA2,-109.34775,43.42663611,5 - 10 Deg. F. / 6 - 12,,5 - 10 Deg. F.,12-Jun,5 - 10 Deg. F. / 6 - 12,5 - 10 / semi-arid,WY.3,#ffb90f,"semi-arid, cold",#5E4FA2,K,NA,NA
ARFR-WY050-151-FREMONT-16,black,5,17,27,NA,903,1,1,NA,N,NA,NA,NA,NA,NA,NA,NA,NA,NA,NA,641,3f59c6cb-c063-4c35-915f-d967d639e735,NA,1,NA,NA,8/8/2024 18:00,7c7df62c-0121-4a15-8deb-5379fc42b5e4,8/8/2024 21:45,agoebl,8/8/2024 21:45,agoebl,4268,NA,27,ARFR4-SOS-WY050-151-FREMONT-16,#3288BD,-108.1704472,42.47886111,10 - 15 Deg. F. / 6 - 12,,10 - 15 Deg. F.,12-Jun,10 - 15 Deg. F. / 6 - 12,10 - 15 / semi-arid,WY.2,#cd8500,"semi-arid, cool",#3288BD,J,NA,NA
ARFR-WY050-49-FREMONT-12,black,5,17,28,NA,904,1,1,NA,N,NA,NA,NA,NA,NA,NA,NA,NA,NA,NA,642,4cb17d53-4b58-4664-962b-c4f5e38280cf,NA,1,NA,NA,8/8/2024 18:00,7c7df62c-0121-4a15-8deb-5379fc42b5e4,8/8/2024 21:45,agoebl,8/8/2024 21:45,agoebl,4269,NA,28,ARFR4-SOS-WY050-49-FREMONT-12,#5E4FA2,-109.34775,43.42663611,5 - 10 Deg. F. / 6 - 12,,5 - 10 Deg. F.,12-Jun,5 - 10 Deg. F. / 6 - 12,5 - 10 / semi-arid,WY.3,#ffb90f,"semi-arid, cold",#5E4FA2,K,NA,NA
ARFR-CO932-294-11,black,5,17,29,NA,905,1,1,NA,N,NA,NA,NA,NA,NA,NA,NA,NA,NA,NA,643,5758785f-6286-411a-b6c8-e2e8e9ce14b2,NA,1,NA,NA,8/8/2024 18:00,7c7df62c-0121-4a15-8deb-5379fc42b5e4,8/8/2024 21:45,agoebl,8/8/2024 21:45,agoebl,4270,NA,29,ARFR4-SOS-CO932-294-11,#ABDDA4,-105.2030833,39.78458333,15 - 20 Deg. F. / 3 - 6,,15 - 20 Deg. F.,6-Mar,15 - 20 Deg. F. / 3 - 6,15 - 20 / semi-humid,CO.4,#698b69,"semi-humid, warm",#ABDDA4,H,NA,NA
ARFR-UT080-109-UINTAH-12,black,5,17,30,243,906,1,1,NA,N,NA,NA,NA,NA,NA,NA,NA,NA,NA,NA,644,aadc4779-095a-4358-8a6d-359ecfb68c33,NA,1,NA,NA,8/8/2024 18:00,7c7df62c-0121-4a15-8deb-5379fc42b5e4,8/8/2024 21:45,agoebl,8/8/2024 21:45,agoebl,4271,NA,30,ARFR4-SOS-UT080-109-UINTAH-12,#aabe7f,-109.1426444,39.70802222,10 - 15 Deg. F. / 3 - 6,,10 - 15 Deg. F.,6-Mar,10 - 15 Deg. F. / 3 - 6,10 - 15 / semi-humid,UT.1,#66e566,"semi-humid, cool",#aabe7f,G,NA,NA
ARFR-AZ930-423-NAVAJO-18,black,5,17,31,NA,907,1,1,NA,N,NA,NA,NA,NA,NA,NA,NA,NA,NA,NA,645,3dc279e0-6038-4135-81f4-33df75e91bf2,NA,1,NA,NA,8/8/2024 18:00,7c7df62c-0121-4a15-8deb-5379fc42b5e4,8/8/2024 21:45,agoebl,8/8/2024 21:45,agoebl,4272,NA,31,ARFR4-SOS-AZ930-423-NAVAJO-18,#9E0142,-110.431,36.45877,15 - 20 Deg. F. / 6 - 12,SdZones downloaded 20230823,15 - 20 Deg. F.,12-Jun,15 - 20 Deg. F. / 6 - 12,15 - 20 / semi-arid,AZ.1,#ee5c42,"semi-arid, warm",#9E0142,A,NA,NA
ARFR-CO932-314-JEFFERSON-12,black,5,17,32,NA,908,1,1,72.332,N,NA,NA,NA,NA,72.332,40.2,NA,NA,Chaff (15.12g) no flower heads?,Y,646,10ab23c8-28ee-480b-8f59-d0de4ebbcccc,NA,NA,NA,H,8/8/2024 18:00,7c7df62c-0121-4a15-8deb-5379fc42b5e4,8/8/2024 21:45,agoebl,8/8/2024 21:45,agoebl,4273,NA,32,ARFR4-SOS-CO932-314-JEFFERSON-12,#FEE08B,-105.3553333,39.40902778,10 - 15 Deg. F. / 3 - 6,,10 - 15 Deg. F.,6-Mar,10 - 15 Deg. F. / 3 - 6,10 - 15 / semi-humid,CO.2,#66e566,"semi-humid, cool",#FEE08B,E,NA,NA
ARFR-UT080-109-UINTAH-12,black,5,17,33,NA,909,1,1,NA,N,NA,NA,NA,NA,NA,NA,NA,NA,NA,NA,647,e7b52c6e-909a-45fe-99b8-ac963dba0fe3,NA,1,NA,NA,8/8/2024 18:00,7c7df62c-0121-4a15-8deb-5379fc42b5e4,8/8/2024 21:45,agoebl,8/8/2024 21:45,agoebl,4274,NA,33,ARFR4-SOS-UT080-109-UINTAH-12,#aabe7f,-109.1426444,39.70802222,10 - 15 Deg. F. / 3 - 6,,10 - 15 Deg. F.,6-Mar,10 - 15 Deg. F. / 3 - 6,10 - 15 / semi-humid,UT.1,#66e566,"semi-humid, cool",#aabe7f,G,NA,NA
ARFR-WY050-49-FREMONT-12,black,5,17,34,NA,910,1,1,NA,N,NA,NA,NA,NA,NA,NA,NA,NA,NA,NA,648,adeccd69-12f0-43fe-8b2a-596ac95b57dc,NA,1,NA,"Small, very dry",8/8/2024 18:00,7c7df62c-0121-4a15-8deb-5379fc42b5e4,8/8/2024 21:45,agoebl,8/8/2024 21:45,agoebl,4275,NA,34,ARFR4-SOS-WY050-49-FREMONT-12,#5E4FA2,-109.34775,43.42663611,5 - 10 Deg. F. / 6 - 12,,5 - 10 Deg. F.,12-Jun,5 - 10 Deg. F. / 6 - 12,5 - 10 / semi-arid,WY.3,#ffb90f,"semi-arid, cold",#5E4FA2,K,NA,NA
ARFR-AZ930-423-NAVAJO-18,black,5,17,35,244,911,1,1,NA,N,NA,NA,NA,NA,NA,NA,NA,NA,NA,NA,649,c3e0bfcf-9916-41f6-985b-325fdb936f0c,NA,1,NA,NA,8/8/2024 18:00,7c7df62c-0121-4a15-8deb-5379fc42b5e4,8/8/2024 21:45,agoebl,8/8/2024 21:45,agoebl,4276,NA,35,ARFR4-SOS-AZ930-423-NAVAJO-18,#9E0142,-110.431,36.45877,15 - 20 Deg. F. / 6 - 12,SdZones downloaded 20230823,15 - 20 Deg. F.,12-Jun,15 - 20 Deg. F. / 6 - 12,15 - 20 / semi-arid,AZ.1,#ee5c42,"semi-arid, warm",#9E0142,A,NA,NA
ARFR-UT080-109-UINTAH-12,black,5,17,36,NA,912,0,NA,NA,N,NA,NA,NA,NA,NA,NA,NA,NA,NA,NA,650,f247e71c-48ed-4319-93b0-2dca5b30b585,NA,0,NA,NA,8/8/2024 18:00,7c7df62c-0121-4a15-8deb-5379fc42b5e4,8/8/2024 21:45,agoebl,8/8/2024 21:45,agoebl,4277,NA,36,ARFR4-SOS-UT080-109-UINTAH-12,#aabe7f,-109.1426444,39.70802222,10 - 15 Deg. F. / 3 - 6,,10 - 15 Deg. F.,6-Mar,10 - 15 Deg. F. / 3 - 6,10 - 15 / semi-humid,UT.1,#66e566,"semi-humid, cool",#aabe7f,G,NA,NA
ARFR-WY050-49-FREMONT-12,black,5,17,37,NA,913,1,1,NA,N,NA,NA,NA,NA,NA,NA,NA,NA,NA,NA,651,002da82f-8af6-40c4-93cd-7de61b5f3e28,NA,0,NA,Plant visible,8/8/2024 18:00,7c7df62c-0121-4a15-8deb-5379fc42b5e4,8/8/2024 21:45,agoebl,8/8/2024 21:45,agoebl,4278,NA,37,ARFR4-SOS-WY050-49-FREMONT-12,#5E4FA2,-109.34775,43.42663611,5 - 10 Deg. F. / 6 - 12,,5 - 10 Deg. F.,12-Jun,5 - 10 Deg. F. / 6 - 12,5 - 10 / semi-arid,WY.3,#ffb90f,"semi-arid, cold",#5E4FA2,K,NA,NA
ARFR-WY930-44-LASANIMAS-13,black,5,17,38,NA,914,1,1,NA,N,NA,NA,NA,NA,NA,NA,NA,NA,NA,NA,652,fa228d30-c60e-4b41-a6c6-af5d107047da,NA,1,NA,NA,8/8/2024 18:00,7c7df62c-0121-4a15-8deb-5379fc42b5e4,8/8/2024 21:45,agoebl,8/8/2024 21:45,agoebl,4279,NA,38,ARFR4-SOS-WY930-44-LASANIMAS-13,#FDAE61,-104.6423889,37.16547222,15 - 20 Deg. F. / 3 - 6,,15 - 20 Deg. F.,6-Mar,15 - 20 Deg. F. / 3 - 6,15 - 20 / semi-humid,CO.1,#698b69,"semi-humid, warm",#FDAE61,D,NA,NA
ARFR-WY050-151-FREMONT-16,black,5,17,39,NA,915,1,1,NA,N,NA,NA,NA,NA,NA,NA,NA,NA,NA,NA,653,bb30d9c8-97d3-4df0-b42b-d5aea469f3c1,NA,1,NA,Small,8/8/2024 18:00,7c7df62c-0121-4a15-8deb-5379fc42b5e4,8/8/2024 21:45,agoebl,8/8/2024 21:45,agoebl,4280,NA,39,ARFR4-SOS-WY050-151-FREMONT-16,#3288BD,-108.1704472,42.47886111,10 - 15 Deg. F. / 6 - 12,,10 - 15 Deg. F.,12-Jun,10 - 15 Deg. F. / 6 - 12,10 - 15 / semi-arid,WY.2,#cd8500,"semi-arid, cool",#3288BD,J,NA,NA
ARFR-CO932-314-JEFFERSON-12,black,5,17,40,245,916,1,1,NA,N,NA,NA,NA,NA,NA,NA,NA,NA,NA,NA,654,48d5d519-4d86-4cbe-abd6-05fbffccc7c2,NA,1,NA,NA,8/8/2024 18:00,7c7df62c-0121-4a15-8deb-5379fc42b5e4,8/8/2024 21:45,agoebl,8/8/2024 21:45,agoebl,4281,NA,40,ARFR4-SOS-CO932-314-JEFFERSON-12,#FEE08B,-105.3553333,39.40902778,10 - 15 Deg. F. / 3 - 6,,10 - 15 Deg. F.,6-Mar,10 - 15 Deg. F. / 3 - 6,10 - 15 / semi-humid,CO.2,#66e566,"semi-humid, cool",#FEE08B,E,NA,NA
ARFR-WY050-151-FREMONT-16,black,5,17,41,NA,917,1,1,51.972,N,NA,NA,NA,NA,51.972,24.06,6.11,7.91,NA,Y,655,4cd81e8e-8cbb-4b18-9911-45577c8217b0,NA,NA,NA,H,8/8/2024 18:00,7c7df62c-0121-4a15-8deb-5379fc42b5e4,8/8/2024 21:45,agoebl,8/8/2024 21:45,agoebl,4282,NA,41,ARFR4-SOS-WY050-151-FREMONT-16,#3288BD,-108.1704472,42.47886111,10 - 15 Deg. F. / 6 - 12,,10 - 15 Deg. F.,12-Jun,10 - 15 Deg. F. / 6 - 12,10 - 15 / semi-arid,WY.2,#cd8500,"semi-arid, cool",#3288BD,J,NA,NA
ARFR-WY930-44-LASANIMAS-13,black,5,17,42,NA,918,1,1,NA,N,NA,NA,NA,NA,NA,NA,NA,NA,NA,NA,656,37b99e8e-96d2-48bf-80a8-a1e150e16d1b,NA,1,NA,NA,8/8/2024 18:00,7c7df62c-0121-4a15-8deb-5379fc42b5e4,8/8/2024 21:45,agoebl,8/8/2024 21:45,agoebl,4283,NA,42,ARFR4-SOS-WY930-44-LASANIMAS-13,#FDAE61,-104.6423889,37.16547222,15 - 20 Deg. F. / 3 - 6,,15 - 20 Deg. F.,6-Mar,15 - 20 Deg. F. / 3 - 6,15 - 20 / semi-humid,CO.1,#698b69,"semi-humid, warm",#FDAE61,D,NA,NA
ARFR-AZ930-422-NAVAJO-18,black,5,17,43,NA,919,1,1,NA,N,NA,NA,NA,NA,NA,NA,NA,NA,NA,NA,657,11ad2850-d8c0-4c4f-88ec-9cca61061122,NA,1,NA,NA,8/8/2024 18:00,7c7df62c-0121-4a15-8deb-5379fc42b5e4,8/8/2024 21:45,agoebl,8/8/2024 21:45,agoebl,4284,NA,43,ARFR4-SOS-AZ930-422-NAVAJO-18,#D53E4F,-110.431,36.56805,15 - 20 Deg. F. / 6 - 12,Lats corrected 20230127,15 - 20 Deg. F.,12-Jun,15 - 20 Deg. F. / 6 - 12,15 - 20 / semi-arid,AZ.2,#ee5c42,"semi-arid, warm",#D53E4F,B,NA,NA
ARFR-CO932-314-JEFFERSON-12,black,5,17,44,NA,920,1,1,NA,N,NA,NA,NA,NA,NA,NA,NA,NA,NA,NA,658,53d9c622-b484-4e87-aab5-ffc77a9eec62,NA,1,NA,NA,8/8/2024 18:00,7c7df62c-0121-4a15-8deb-5379fc42b5e4,8/8/2024 21:45,agoebl,8/8/2024 21:45,agoebl,4285,NA,44,ARFR4-SOS-CO932-314-JEFFERSON-12,#FEE08B,-105.3553333,39.40902778,10 - 15 Deg. F. / 3 - 6,,10 - 15 Deg. F.,6-Mar,10 - 15 Deg. F. / 3 - 6,10 - 15 / semi-humid,CO.2,#66e566,"semi-humid, cool",#FEE08B,E,NA,NA
ARFR-WY050-49-FREMONT-12,black,5,17,45,246,921,1,1,NA,N,NA,NA,NA,NA,NA,NA,NA,NA,NA,NA,659,61976dd0-e02a-4d81-8468-6b17f213bab9,NA,1,NA,NA,8/8/2024 18:00,7c7df62c-0121-4a15-8deb-5379fc42b5e4,8/8/2024 21:45,agoebl,8/8/2024 21:45,agoebl,4286,NA,45,ARFR4-SOS-WY050-49-FREMONT-12,#5E4FA2,-109.34775,43.42663611,5 - 10 Deg. F. / 6 - 12,,5 - 10 Deg. F.,12-Jun,5 - 10 Deg. F. / 6 - 12,5 - 10 / semi-arid,WY.3,#ffb90f,"semi-arid, cold",#5E4FA2,K,NA,NA
ARFR-AZ930-423-NAVAJO-18,black,5,17,46,NA,922,1,1,NA,N,NA,NA,NA,NA,NA,NA,NA,NA,NA,NA,660,3ceef209-799b-4aa1-b9cc-95735053bbc4,NA,1,NA,NA,8/8/2024 18:00,7c7df62c-0121-4a15-8deb-5379fc42b5e4,8/8/2024 21:45,agoebl,8/8/2024 21:45,agoebl,4287,NA,46,ARFR4-SOS-AZ930-423-NAVAJO-18,#9E0142,-110.431,36.45877,15 - 20 Deg. F. / 6 - 12,SdZones downloaded 20230823,15 - 20 Deg. F.,12-Jun,15 - 20 Deg. F. / 6 - 12,15 - 20 / semi-arid,AZ.1,#ee5c42,"semi-arid, warm",#9E0142,A,NA,NA
ARFR-CO932-314-JEFFERSON-12,black,5,17,47,NA,923,1,1,NA,N,NA,NA,NA,NA,NA,NA,NA,NA,NA,NA,661,8aed9963-1f87-46a5-b4c6-9f1b94f35e5a,NA,0,NA,Plant visible,8/8/2024 18:00,7c7df62c-0121-4a15-8deb-5379fc42b5e4,8/8/2024 21:45,agoebl,8/8/2024 21:45,agoebl,4288,NA,47,ARFR4-SOS-CO932-314-JEFFERSON-12,#FEE08B,-105.3553333,39.40902778,10 - 15 Deg. F. / 3 - 6,,10 - 15 Deg. F.,6-Mar,10 - 15 Deg. F. / 3 - 6,10 - 15 / semi-humid,CO.2,#66e566,"semi-humid, cool",#FEE08B,E,NA,NA
ARFR-WY050-151-FREMONT-16,black,5,17,48,NA,924,1,1,NA,N,NA,NA,NA,NA,NA,NA,NA,NA,NA,NA,662,cd59d0ff-cba0-4e32-881b-1f9058f172d1,NA,1,NA,NA,8/8/2024 18:00,7c7df62c-0121-4a15-8deb-5379fc42b5e4,8/8/2024 21:45,agoebl,8/8/2024 21:45,agoebl,4289,NA,48,ARFR4-SOS-WY050-151-FREMONT-16,#3288BD,-108.1704472,42.47886111,10 - 15 Deg. F. / 6 - 12,,10 - 15 Deg. F.,12-Jun,10 - 15 Deg. F. / 6 - 12,10 - 15 / semi-arid,WY.2,#cd8500,"semi-arid, cool",#3288BD,J,NA,NA
ARFR-WY040-71-10,black,5,17,49,NA,925,1,1,NA,N,NA,NA,NA,NA,NA,NA,NA,NA,NA,NA,663,8a6349c5-171a-4f90-97d4-c939a057e6d5,NA,1,NA,Dry,8/8/2024 18:00,7c7df62c-0121-4a15-8deb-5379fc42b5e4,8/8/2024 21:45,agoebl,8/8/2024 21:45,agoebl,4290,NA,49,ARFR4-SOS-WY040-71-10,#66C2A5,-109.2433156,41.13271889,5 - 10 Deg. F. / 3 - 6,,5 - 10 Deg. F.,6-Mar,5 - 10 Deg. F. / 3 - 6,5 - 10 / semi-humid,WY.1,#a5c2f1,"semi-humid, cold",#66C2A5,I,NA,NA
ARFR-CO932-294-11,black,5,17,50,247,926,1,1,NA,N,NA,NA,NA,NA,NA,NA,NA,NA,NA,NA,664,7a973cd6-c54c-435e-98ac-ddb85840673c,NA,1,NA,NA,8/8/2024 18:00,7c7df62c-0121-4a15-8deb-5379fc42b5e4,8/8/2024 21:45,agoebl,8/8/2024 21:45,agoebl,4291,NA,50,ARFR4-SOS-CO932-294-11,#ABDDA4,-105.2030833,39.78458333,15 - 20 Deg. F. / 3 - 6,,15 - 20 Deg. F.,6-Mar,15 - 20 Deg. F. / 3 - 6,15 - 20 / semi-humid,CO.4,#698b69,"semi-humid, warm",#ABDDA4,H,NA,NA
ARFR-CO932-316-JEFFERSON-12,black,5,17,51,NA,927,1,1,NA,N,NA,NA,NA,NA,NA,NA,NA,NA,NA,NA,665,ff81e583-af40-44b1-9811-2a8d11940fca,NA,1,NA,NA,8/8/2024 18:00,7c7df62c-0121-4a15-8deb-5379fc42b5e4,8/8/2024 21:45,agoebl,8/8/2024 21:45,agoebl,4292,NA,51,ARFR4-SOS-CO932-316-JEFFERSON-12,#FFFF85,-105.358,39.66325,15 - 20 Deg. F. / 3 - 6,,15 - 20 Deg. F.,6-Mar,15 - 20 Deg. F. / 3 - 6,15 - 20 / semi-humid,CO.3,#698b69,"semi-humid, warm",#FFFF85,F,NA,NA
ARFR-CO932-316-JEFFERSON-12,black,5,17,52,NA,928,1,1,NA,N,NA,NA,NA,NA,NA,NA,NA,NA,NA,NA,666,c16d7fed-351c-4700-9b76-6b4d7df53f1c,NA,1,NA,NA,8/8/2024 18:00,7c7df62c-0121-4a15-8deb-5379fc42b5e4,8/8/2024 21:45,agoebl,8/8/2024 21:45,agoebl,4293,NA,52,ARFR4-SOS-CO932-316-JEFFERSON-12,#FFFF85,-105.358,39.66325,15 - 20 Deg. F. / 3 - 6,,15 - 20 Deg. F.,6-Mar,15 - 20 Deg. F. / 3 - 6,15 - 20 / semi-humid,CO.3,#698b69,"semi-humid, warm",#FFFF85,F,NA,NA
ARFR-AZ930-422-NAVAJO-18,black,5,17,53,NA,929,1,1,NA,N,NA,NA,NA,NA,NA,NA,NA,NA,NA,NA,667,dc8f6267-1393-4e56-ad52-d9b1c1e1625c,NA,1,NA,NA,8/8/2024 18:00,7c7df62c-0121-4a15-8deb-5379fc42b5e4,8/8/2024 21:45,agoebl,8/8/2024 21:45,agoebl,4294,NA,53,ARFR4-SOS-AZ930-422-NAVAJO-18,#D53E4F,-110.431,36.56805,15 - 20 Deg. F. / 6 - 12,Lats corrected 20230127,15 - 20 Deg. F.,12-Jun,15 - 20 Deg. F. / 6 - 12,15 - 20 / semi-arid,AZ.2,#ee5c42,"semi-arid, warm",#D53E4F,B,NA,NA
ARFR-WY040-71-10,black,5,17,54,NA,930,1,1,NA,N,NA,NA,NA,NA,NA,NA,NA,NA,NA,NA,668,476658f9-46ee-4003-8191-e486a9f7f012,NA,1,NA,NA,8/8/2024 18:00,7c7df62c-0121-4a15-8deb-5379fc42b5e4,8/8/2024 21:45,agoebl,8/8/2024 21:45,agoebl,4295,NA,54,ARFR4-SOS-WY040-71-10,#66C2A5,-109.2433156,41.13271889,5 - 10 Deg. F. / 3 - 6,,5 - 10 Deg. F.,6-Mar,5 - 10 Deg. F. / 3 - 6,5 - 10 / semi-humid,WY.1,#a5c2f1,"semi-humid, cold",#66C2A5,I,NA,NA
ARFR-AZ930-423-NAVAJO-18,black,5,17,55,248,931,1,1,NA,N,NA,NA,NA,NA,NA,NA,NA,NA,NA,NA,669,6595e5ed-3728-4b91-8b66-fe1c34326400,NA,1,NA,NA,8/8/2024 18:00,7c7df62c-0121-4a15-8deb-5379fc42b5e4,8/8/2024 21:45,agoebl,8/8/2024 21:45,agoebl,4296,NA,55,ARFR4-SOS-AZ930-423-NAVAJO-18,#9E0142,-110.431,36.45877,15 - 20 Deg. F. / 6 - 12,SdZones downloaded 20230823,15 - 20 Deg. F.,12-Jun,15 - 20 Deg. F. / 6 - 12,15 - 20 / semi-arid,AZ.1,#ee5c42,"semi-arid, warm",#9E0142,A,NA,NA
ARFR-NM930N-66-11,black,5,18,1,237,932,1,1,NA,N,NA,NA,NA,NA,NA,NA,NA,NA,NA,NA,670,0556d398-8c5a-4f3f-b859-4aad5626e26e,NA,1,NA,NA,8/8/2024 18:00,67a862f7-93b0-4115-8a64-91017f4741db,8/8/2024 21:45,agoebl,8/8/2024 21:45,agoebl,4297,NA,1,ARFR4-SOS-NM930N-66-11,#F46D43,-107.2045028,36.76818611,10 - 15 Deg. F. / 3 - 6,,10 - 15 Deg. F.,6-Mar,10 - 15 Deg. F. / 3 - 6,10 - 15 / semi-humid,NM.1,#66e566,"semi-humid, cool",#F46D43,C,NA,NA
ARFR-UT080-109-UINTAH-12,black,5,18,2,NA,933,1,1,NA,N,NA,NA,NA,NA,NA,NA,NA,NA,NA,NA,671,ecaf667b-037f-48a9-bf85-c79ebb51f752,NA,1,NA,NA,8/8/2024 18:00,67a862f7-93b0-4115-8a64-91017f4741db,8/8/2024 21:45,agoebl,8/8/2024 21:45,agoebl,4298,NA,2,ARFR4-SOS-UT080-109-UINTAH-12,#aabe7f,-109.1426444,39.70802222,10 - 15 Deg. F. / 3 - 6,,10 - 15 Deg. F.,6-Mar,10 - 15 Deg. F. / 3 - 6,10 - 15 / semi-humid,UT.1,#66e566,"semi-humid, cool",#aabe7f,G,NA,NA
ARFR-CO932-314-JEFFERSON-12,black,5,18,3,NA,934,1,1,NA,N,NA,NA,NA,NA,NA,NA,NA,NA,NA,NA,672,12399d0d-f1d1-4fa7-935f-18ae994afdea,NA,1,NA,NA,8/8/2024 18:00,67a862f7-93b0-4115-8a64-91017f4741db,8/8/2024 21:45,agoebl,8/8/2024 21:45,agoebl,4299,NA,3,ARFR4-SOS-CO932-314-JEFFERSON-12,#FEE08B,-105.3553333,39.40902778,10 - 15 Deg. F. / 3 - 6,,10 - 15 Deg. F.,6-Mar,10 - 15 Deg. F. / 3 - 6,10 - 15 / semi-humid,CO.2,#66e566,"semi-humid, cool",#FEE08B,E,NA,NA
ARFR-UT080-109-UINTAH-12,black,5,18,4,NA,935,1,1,NA,N,NA,NA,NA,NA,NA,NA,NA,NA,NA,NA,673,9078c610-1a38-4e57-afd8-89df3d2bdae5,NA,1,NA,NA,8/8/2024 18:00,67a862f7-93b0-4115-8a64-91017f4741db,8/8/2024 21:45,agoebl,8/8/2024 21:45,agoebl,4300,NA,4,ARFR4-SOS-UT080-109-UINTAH-12,#aabe7f,-109.1426444,39.70802222,10 - 15 Deg. F. / 3 - 6,,10 - 15 Deg. F.,6-Mar,10 - 15 Deg. F. / 3 - 6,10 - 15 / semi-humid,UT.1,#66e566,"semi-humid, cool",#aabe7f,G,NA,NA
ARFR-AZ930-422-NAVAJO-18,black,5,18,5,238,936,1,1,NA,N,NA,NA,NA,NA,NA,NA,NA,NA,NA,NA,674,f3b64dd9-5a13-4089-a03f-cba05616bb32,NA,1,NA,NA,8/8/2024 18:00,67a862f7-93b0-4115-8a64-91017f4741db,8/8/2024 21:45,agoebl,8/8/2024 21:45,agoebl,4301,NA,5,ARFR4-SOS-AZ930-422-NAVAJO-18,#D53E4F,-110.431,36.56805,15 - 20 Deg. F. / 6 - 12,Lats corrected 20230127,15 - 20 Deg. F.,12-Jun,15 - 20 Deg. F. / 6 - 12,15 - 20 / semi-arid,AZ.2,#ee5c42,"semi-arid, warm",#D53E4F,B,NA,NA
ARFR-NM930N-66-11,black,5,18,6,NA,937,1,1,NA,N,NA,NA,NA,NA,NA,NA,NA,NA,NA,NA,675,f3786200-d7c0-4b0e-afe5-263cc42d06a0,NA,1,NA,NA,8/8/2024 18:00,67a862f7-93b0-4115-8a64-91017f4741db,8/8/2024 21:45,agoebl,8/8/2024 21:45,agoebl,4302,NA,6,ARFR4-SOS-NM930N-66-11,#F46D43,-107.2045028,36.76818611,10 - 15 Deg. F. / 3 - 6,,10 - 15 Deg. F.,6-Mar,10 - 15 Deg. F. / 3 - 6,10 - 15 / semi-humid,NM.1,#66e566,"semi-humid, cool",#F46D43,C,NA,NA
ARFR-AZ930-423-NAVAJO-18,black,5,18,7,NA,938,1,1,NA,N,NA,NA,NA,NA,NA,NA,NA,NA,NA,NA,676,f50455cd-55e0-41cf-a4b9-e61311ac7b2e,NA,1,NA,NA,8/8/2024 18:00,67a862f7-93b0-4115-8a64-91017f4741db,8/8/2024 21:45,agoebl,8/8/2024 21:45,agoebl,4303,NA,7,ARFR4-SOS-AZ930-423-NAVAJO-18,#9E0142,-110.431,36.45877,15 - 20 Deg. F. / 6 - 12,SdZones downloaded 20230823,15 - 20 Deg. F.,12-Jun,15 - 20 Deg. F. / 6 - 12,15 - 20 / semi-arid,AZ.1,#ee5c42,"semi-arid, warm",#9E0142,A,NA,NA
ARFR-CO932-294-11,black,5,18,8,NA,939,1,1,NA,N,NA,NA,NA,NA,NA,NA,NA,NA,NA,NA,677,f4b4c17c-27e2-49b9-bad3-f268cb6ea98b,NA,1,NA,NA,8/8/2024 18:00,67a862f7-93b0-4115-8a64-91017f4741db,8/8/2024 21:45,agoebl,8/8/2024 21:45,agoebl,4304,NA,8,ARFR4-SOS-CO932-294-11,#ABDDA4,-105.2030833,39.78458333,15 - 20 Deg. F. / 3 - 6,,15 - 20 Deg. F.,6-Mar,15 - 20 Deg. F. / 3 - 6,15 - 20 / semi-humid,CO.4,#698b69,"semi-humid, warm",#ABDDA4,H,NA,NA
ARFR-CO932-316-JEFFERSON-12,black,5,18,9,NA,940,1,1,NA,N,NA,NA,NA,NA,NA,NA,NA,NA,NA,NA,678,c78010b8-940f-4942-88aa-822604bb4cac,NA,1,NA,NA,8/8/2024 18:00,67a862f7-93b0-4115-8a64-91017f4741db,8/8/2024 21:45,agoebl,8/8/2024 21:45,agoebl,4305,NA,9,ARFR4-SOS-CO932-316-JEFFERSON-12,#FFFF85,-105.358,39.66325,15 - 20 Deg. F. / 3 - 6,,15 - 20 Deg. F.,6-Mar,15 - 20 Deg. F. / 3 - 6,15 - 20 / semi-humid,CO.3,#698b69,"semi-humid, warm",#FFFF85,F,NA,NA
ARFR-WY050-49-FREMONT-12,black,5,18,10,239,941,1,1,NA,N,NA,NA,NA,NA,NA,NA,NA,NA,NA,NA,679,53e0e918-81eb-4eef-9d12-a1c225228b35,NA,1,NA,NA,8/8/2024 18:00,67a862f7-93b0-4115-8a64-91017f4741db,8/8/2024 21:45,agoebl,8/8/2024 21:45,agoebl,4306,NA,10,ARFR4-SOS-WY050-49-FREMONT-12,#5E4FA2,-109.34775,43.42663611,5 - 10 Deg. F. / 6 - 12,,5 - 10 Deg. F.,12-Jun,5 - 10 Deg. F. / 6 - 12,5 - 10 / semi-arid,WY.3,#ffb90f,"semi-arid, cold",#5E4FA2,K,NA,NA
ARFR-AZ930-422-NAVAJO-18,black,5,18,11,NA,942,1,1,NA,N,NA,NA,NA,NA,NA,NA,NA,NA,NA,NA,680,cb78febe-7a2e-47d6-9cbb-79586e093aa4,NA,1,NA,NA,8/8/2024 18:00,67a862f7-93b0-4115-8a64-91017f4741db,8/8/2024 21:45,agoebl,8/8/2024 21:45,agoebl,4307,NA,11,ARFR4-SOS-AZ930-422-NAVAJO-18,#D53E4F,-110.431,36.56805,15 - 20 Deg. F. / 6 - 12,Lats corrected 20230127,15 - 20 Deg. F.,12-Jun,15 - 20 Deg. F. / 6 - 12,15 - 20 / semi-arid,AZ.2,#ee5c42,"semi-arid, warm",#D53E4F,B,NA,NA
ARFR-WY050-49-FREMONT-12,black,5,18,12,NA,943,1,1,NA,N,NA,NA,NA,NA,NA,NA,NA,NA,NA,NA,681,19652058-ca6c-4d54-9a4e-997681718c9d,NA,1,NA,NA,8/8/2024 18:00,67a862f7-93b0-4115-8a64-91017f4741db,8/8/2024 21:45,agoebl,8/8/2024 21:45,agoebl,4308,NA,12,ARFR4-SOS-WY050-49-FREMONT-12,#5E4FA2,-109.34775,43.42663611,5 - 10 Deg. F. / 6 - 12,,5 - 10 Deg. F.,12-Jun,5 - 10 Deg. F. / 6 - 12,5 - 10 / semi-arid,WY.3,#ffb90f,"semi-arid, cold",#5E4FA2,K,NA,NA
ARFR-WY050-49-FREMONT-12,black,5,18,13,NA,944,1,1,NA,N,NA,NA,NA,NA,NA,NA,NA,NA,NA,NA,682,a2e3a76b-0a7e-4a69-be77-880a5507af0a,NA,1,NA,NA,8/8/2024 18:00,67a862f7-93b0-4115-8a64-91017f4741db,8/8/2024 21:45,agoebl,8/8/2024 21:45,agoebl,4309,NA,13,ARFR4-SOS-WY050-49-FREMONT-12,#5E4FA2,-109.34775,43.42663611,5 - 10 Deg. F. / 6 - 12,,5 - 10 Deg. F.,12-Jun,5 - 10 Deg. F. / 6 - 12,5 - 10 / semi-arid,WY.3,#ffb90f,"semi-arid, cold",#5E4FA2,K,NA,NA
ARFR-CO932-316-JEFFERSON-12,black,5,18,14,NA,945,1,1,NA,N,NA,NA,NA,NA,NA,NA,NA,NA,NA,NA,683,09d4b260-5836-4a81-a7ea-72c91e4ddbcc,NA,1,NA,NA,8/8/2024 18:00,67a862f7-93b0-4115-8a64-91017f4741db,8/8/2024 21:45,agoebl,8/8/2024 21:45,agoebl,4310,NA,14,ARFR4-SOS-CO932-316-JEFFERSON-12,#FFFF85,-105.358,39.66325,15 - 20 Deg. F. / 3 - 6,,15 - 20 Deg. F.,6-Mar,15 - 20 Deg. F. / 3 - 6,15 - 20 / semi-humid,CO.3,#698b69,"semi-humid, warm",#FFFF85,F,NA,NA
ARFR-UT080-109-UINTAH-12,black,5,18,15,240,946,1,1,NA,N,NA,NA,NA,NA,NA,NA,NA,NA,NA,NA,684,064c7a11-92c0-45b9-886b-25b6bbf43198,NA,1,NA,NA,8/8/2024 18:00,67a862f7-93b0-4115-8a64-91017f4741db,8/8/2024 21:45,agoebl,8/8/2024 21:45,agoebl,4311,NA,15,ARFR4-SOS-UT080-109-UINTAH-12,#aabe7f,-109.1426444,39.70802222,10 - 15 Deg. F. / 3 - 6,,10 - 15 Deg. F.,6-Mar,10 - 15 Deg. F. / 3 - 6,10 - 15 / semi-humid,UT.1,#66e566,"semi-humid, cool",#aabe7f,G,NA,NA
ARFR-CO932-316-JEFFERSON-12,black,5,18,16,NA,947,1,1,NA,N,NA,NA,NA,NA,NA,NA,NA,NA,NA,NA,685,d222d68a-4400-41d4-8cb6-0611a2514d3d,NA,1,NA,NA,8/8/2024 18:00,67a862f7-93b0-4115-8a64-91017f4741db,8/8/2024 21:45,agoebl,8/8/2024 21:45,agoebl,4312,NA,16,ARFR4-SOS-CO932-316-JEFFERSON-12,#FFFF85,-105.358,39.66325,15 - 20 Deg. F. / 3 - 6,,15 - 20 Deg. F.,6-Mar,15 - 20 Deg. F. / 3 - 6,15 - 20 / semi-humid,CO.3,#698b69,"semi-humid, warm",#FFFF85,F,NA,NA
ARFR-CO932-294-11,black,5,18,17,NA,948,1,1,NA,N,NA,NA,NA,NA,NA,NA,NA,NA,NA,NA,686,4ed9bac1-5eec-4c1a-85eb-ffdd5bcae260,NA,1,NA,NA,8/8/2024 18:00,67a862f7-93b0-4115-8a64-91017f4741db,8/8/2024 21:45,agoebl,8/8/2024 21:45,agoebl,4313,NA,17,ARFR4-SOS-CO932-294-11,#ABDDA4,-105.2030833,39.78458333,15 - 20 Deg. F. / 3 - 6,,15 - 20 Deg. F.,6-Mar,15 - 20 Deg. F. / 3 - 6,15 - 20 / semi-humid,CO.4,#698b69,"semi-humid, warm",#ABDDA4,H,NA,NA
ARFR-CO932-294-11,black,5,18,18,NA,949,1,1,NA,N,NA,NA,NA,NA,NA,NA,NA,NA,NA,NA,687,2a21fc30-6c65-4c54-b93b-6c98a9d2f51a,NA,1,NA,NA,8/8/2024 18:00,67a862f7-93b0-4115-8a64-91017f4741db,8/8/2024 21:45,agoebl,8/8/2024 21:45,agoebl,4314,NA,18,ARFR4-SOS-CO932-294-11,#ABDDA4,-105.2030833,39.78458333,15 - 20 Deg. F. / 3 - 6,,15 - 20 Deg. F.,6-Mar,15 - 20 Deg. F. / 3 - 6,15 - 20 / semi-humid,CO.4,#698b69,"semi-humid, warm",#ABDDA4,H,NA,NA
ARFR-WY040-71-10,black,5,18,19,NA,950,1,1,NA,N,NA,NA,NA,NA,NA,NA,NA,NA,NA,NA,688,3063d155-3f0d-4feb-aa81-bdadefaad2ca,NA,1,NA,"Dry, near death",8/8/2024 18:00,67a862f7-93b0-4115-8a64-91017f4741db,8/8/2024 21:45,agoebl,8/8/2024 21:45,agoebl,4315,NA,19,ARFR4-SOS-WY040-71-10,#66C2A5,-109.2433156,41.13271889,5 - 10 Deg. F. / 3 - 6,,5 - 10 Deg. F.,6-Mar,5 - 10 Deg. F. / 3 - 6,5 - 10 / semi-humid,WY.1,#a5c2f1,"semi-humid, cold",#66C2A5,I,NA,NA
ARFR-WY930-44-LASANIMAS-13,black,5,18,20,241,951,1,1,NA,N,NA,NA,NA,NA,NA,NA,NA,NA,NA,NA,689,ee6e7db6-a7e5-41da-ab72-79af93d0c1a9,NA,1,NA,NA,8/8/2024 18:00,67a862f7-93b0-4115-8a64-91017f4741db,8/8/2024 21:45,agoebl,8/8/2024 21:45,agoebl,4316,NA,20,ARFR4-SOS-WY930-44-LASANIMAS-13,#FDAE61,-104.6423889,37.16547222,15 - 20 Deg. F. / 3 - 6,,15 - 20 Deg. F.,6-Mar,15 - 20 Deg. F. / 3 - 6,15 - 20 / semi-humid,CO.1,#698b69,"semi-humid, warm",#FDAE61,D,NA,NA
ARFR-CO932-314-JEFFERSON-12,black,5,18,21,NA,952,1,1,NA,N,NA,NA,NA,NA,NA,NA,NA,NA,NA,NA,690,76416a38-cd29-4b06-b54e-9ed0f9786250,NA,1,NA,NA,8/8/2024 18:00,67a862f7-93b0-4115-8a64-91017f4741db,8/8/2024 21:45,agoebl,8/8/2024 21:45,agoebl,4317,NA,21,ARFR4-SOS-CO932-314-JEFFERSON-12,#FEE08B,-105.3553333,39.40902778,10 - 15 Deg. F. / 3 - 6,,10 - 15 Deg. F.,6-Mar,10 - 15 Deg. F. / 3 - 6,10 - 15 / semi-humid,CO.2,#66e566,"semi-humid, cool",#FEE08B,E,NA,NA
ARFR-CO932-316-JEFFERSON-12,black,5,18,22,NA,953,1,1,NA,N,NA,NA,NA,NA,NA,NA,NA,NA,NA,NA,691,a9d764b3-1cf9-46a3-bc43-538faaee0618,NA,1,NA,NA,8/8/2024 18:00,67a862f7-93b0-4115-8a64-91017f4741db,8/8/2024 21:45,agoebl,8/8/2024 21:45,agoebl,4318,NA,22,ARFR4-SOS-CO932-316-JEFFERSON-12,#FFFF85,-105.358,39.66325,15 - 20 Deg. F. / 3 - 6,,15 - 20 Deg. F.,6-Mar,15 - 20 Deg. F. / 3 - 6,15 - 20 / semi-humid,CO.3,#698b69,"semi-humid, warm",#FFFF85,F,NA,NA
ARFR-CO932-316-JEFFERSON-12,black,5,18,23,NA,954,1,1,NA,N,NA,NA,NA,NA,NA,NA,NA,NA,NA,NA,692,75fff3cc-a60f-4efc-9cca-da02d04ee111,NA,1,NA,NA,8/8/2024 18:00,67a862f7-93b0-4115-8a64-91017f4741db,8/8/2024 21:45,agoebl,8/8/2024 21:45,agoebl,4319,NA,23,ARFR4-SOS-CO932-316-JEFFERSON-12,#FFFF85,-105.358,39.66325,15 - 20 Deg. F. / 3 - 6,,15 - 20 Deg. F.,6-Mar,15 - 20 Deg. F. / 3 - 6,15 - 20 / semi-humid,CO.3,#698b69,"semi-humid, warm",#FFFF85,F,NA,NA
ARFR-WY050-151-FREMONT-16,black,5,18,24,NA,955,1,1,NA,N,NA,NA,NA,NA,NA,NA,NA,NA,NA,NA,693,db3aabca-3503-441b-bd5e-10e4f6dc3c5b,NA,1,NA,"Dry, small",8/8/2024 18:00,67a862f7-93b0-4115-8a64-91017f4741db,8/8/2024 21:45,agoebl,8/8/2024 21:45,agoebl,4320,NA,24,ARFR4-SOS-WY050-151-FREMONT-16,#3288BD,-108.1704472,42.47886111,10 - 15 Deg. F. / 6 - 12,,10 - 15 Deg. F.,12-Jun,10 - 15 Deg. F. / 6 - 12,10 - 15 / semi-arid,WY.2,#cd8500,"semi-arid, cool",#3288BD,J,NA,NA
ARFR-WY040-71-10,black,5,18,25,242,956,1,1,NA,N,NA,NA,NA,NA,NA,NA,NA,NA,NA,NA,694,6dcc8a69-859c-4ada-97b4-d9539f1d32f1,NA,1,NA,"Dry, nearly dead",8/8/2024 18:00,67a862f7-93b0-4115-8a64-91017f4741db,8/8/2024 21:45,agoebl,8/8/2024 21:45,agoebl,4321,NA,25,ARFR4-SOS-WY040-71-10,#66C2A5,-109.2433156,41.13271889,5 - 10 Deg. F. / 3 - 6,,5 - 10 Deg. F.,6-Mar,5 - 10 Deg. F. / 3 - 6,5 - 10 / semi-humid,WY.1,#a5c2f1,"semi-humid, cold",#66C2A5,I,NA,NA
ARFR-NM930N-66-11,black,5,18,26,NA,957,1,1,NA,N,NA,NA,NA,NA,NA,NA,NA,NA,NA,NA,695,8b3d0d96-6d0a-4d73-90ba-76ca74a33b5a,NA,1,NA,NA,8/8/2024 18:00,67a862f7-93b0-4115-8a64-91017f4741db,8/8/2024 21:45,agoebl,8/8/2024 21:45,agoebl,4322,NA,26,ARFR4-SOS-NM930N-66-11,#F46D43,-107.2045028,36.76818611,10 - 15 Deg. F. / 3 - 6,,10 - 15 Deg. F.,6-Mar,10 - 15 Deg. F. / 3 - 6,10 - 15 / semi-humid,NM.1,#66e566,"semi-humid, cool",#F46D43,C,NA,NA
ARFR-AZ930-423-NAVAJO-18,black,5,18,27,NA,958,1,1,NA,N,NA,NA,NA,NA,NA,NA,NA,NA,NA,NA,696,08d4b9f8-4682-40a0-b63e-6d9dac4038cf,NA,1,NA,NA,8/8/2024 18:00,67a862f7-93b0-4115-8a64-91017f4741db,8/8/2024 21:45,agoebl,8/8/2024 21:45,agoebl,4323,NA,27,ARFR4-SOS-AZ930-423-NAVAJO-18,#9E0142,-110.431,36.45877,15 - 20 Deg. F. / 6 - 12,SdZones downloaded 20230823,15 - 20 Deg. F.,12-Jun,15 - 20 Deg. F. / 6 - 12,15 - 20 / semi-arid,AZ.1,#ee5c42,"semi-arid, warm",#9E0142,A,NA,NA
ARFR-WY050-49-FREMONT-12,black,5,18,28,NA,959,1,1,NA,N,NA,NA,NA,NA,NA,NA,NA,NA,NA,NA,697,249a6359-4d28-4387-87f0-eb33eb6f5622,NA,1,NA,Nearly dead,8/8/2024 18:00,67a862f7-93b0-4115-8a64-91017f4741db,8/8/2024 21:45,agoebl,8/8/2024 21:45,agoebl,4324,NA,28,ARFR4-SOS-WY050-49-FREMONT-12,#5E4FA2,-109.34775,43.42663611,5 - 10 Deg. F. / 6 - 12,,5 - 10 Deg. F.,12-Jun,5 - 10 Deg. F. / 6 - 12,5 - 10 / semi-arid,WY.3,#ffb90f,"semi-arid, cold",#5E4FA2,K,NA,NA
ARFR-CO932-316-JEFFERSON-12,black,5,18,29,NA,960,1,1,NA,N,NA,NA,NA,NA,NA,NA,NA,NA,NA,NA,698,754842cb-666e-45ea-b4e6-520f3b000cef,NA,1,NA,NA,8/8/2024 18:00,67a862f7-93b0-4115-8a64-91017f4741db,8/8/2024 21:45,agoebl,8/8/2024 21:45,agoebl,4325,NA,29,ARFR4-SOS-CO932-316-JEFFERSON-12,#FFFF85,-105.358,39.66325,15 - 20 Deg. F. / 3 - 6,,15 - 20 Deg. F.,6-Mar,15 - 20 Deg. F. / 3 - 6,15 - 20 / semi-humid,CO.3,#698b69,"semi-humid, warm",#FFFF85,F,NA,NA
ARFR-WY930-44-LASANIMAS-13,black,5,18,30,243,961,1,1,NA,Y,0.0072,0.585,8.125,NA,NA,NA,NA,NA,NA,NA,699,e32dcfa9-06b0-4c78-ba64-afb8cd38161b,NA,1,NA,NA,8/8/2024 18:00,67a862f7-93b0-4115-8a64-91017f4741db,8/8/2024 21:45,agoebl,8/8/2024 21:45,agoebl,4326,NA,30,ARFR4-SOS-WY930-44-LASANIMAS-13,#FDAE61,-104.6423889,37.16547222,15 - 20 Deg. F. / 3 - 6,,15 - 20 Deg. F.,6-Mar,15 - 20 Deg. F. / 3 - 6,15 - 20 / semi-humid,CO.1,#698b69,"semi-humid, warm",#FDAE61,D,NA,NA
ARFR-AZ930-422-NAVAJO-18,black,5,18,31,NA,962,1,1,NA,N,NA,NA,NA,NA,NA,NA,NA,NA,NA,NA,700,9f260d50-df9a-4009-b0ba-e9f9bac81ea5,NA,1,NA,Dry,8/8/2024 18:00,67a862f7-93b0-4115-8a64-91017f4741db,8/8/2024 21:45,agoebl,8/8/2024 21:45,agoebl,4327,NA,31,ARFR4-SOS-AZ930-422-NAVAJO-18,#D53E4F,-110.431,36.56805,15 - 20 Deg. F. / 6 - 12,Lats corrected 20230127,15 - 20 Deg. F.,12-Jun,15 - 20 Deg. F. / 6 - 12,15 - 20 / semi-arid,AZ.2,#ee5c42,"semi-arid, warm",#D53E4F,B,NA,NA
ARFR-WY930-44-LASANIMAS-13,black,5,18,32,NA,963,1,1,NA,N,NA,NA,NA,NA,NA,NA,NA,NA,NA,NA,701,68346e15-eca0-41f0-9dcd-660b85fa477d,NA,1,NA,NA,8/8/2024 18:00,67a862f7-93b0-4115-8a64-91017f4741db,8/8/2024 21:45,agoebl,8/8/2024 21:45,agoebl,4328,NA,32,ARFR4-SOS-WY930-44-LASANIMAS-13,#FDAE61,-104.6423889,37.16547222,15 - 20 Deg. F. / 3 - 6,,15 - 20 Deg. F.,6-Mar,15 - 20 Deg. F. / 3 - 6,15 - 20 / semi-humid,CO.1,#698b69,"semi-humid, warm",#FDAE61,D,NA,NA
ARFR-WY050-49-FREMONT-12,black,5,18,33,NA,964,1,1,NA,N,NA,NA,NA,NA,NA,NA,NA,NA,NA,NA,702,c0ca8a98-b83d-47af-a399-df10588d11f1,NA,1,NA,NA,8/8/2024 18:00,67a862f7-93b0-4115-8a64-91017f4741db,8/8/2024 21:45,agoebl,8/8/2024 21:45,agoebl,4329,NA,33,ARFR4-SOS-WY050-49-FREMONT-12,#5E4FA2,-109.34775,43.42663611,5 - 10 Deg. F. / 6 - 12,,5 - 10 Deg. F.,12-Jun,5 - 10 Deg. F. / 6 - 12,5 - 10 / semi-arid,WY.3,#ffb90f,"semi-arid, cold",#5E4FA2,K,NA,NA
ARFR-UT080-109-UINTAH-12,black,5,18,34,NA,965,1,1,NA,N,NA,NA,NA,NA,NA,NA,NA,NA,NA,NA,703,8a7d6b67-00f0-4467-b9c9-9f7a23ff3e17,NA,1,NA,NA,8/8/2024 18:00,67a862f7-93b0-4115-8a64-91017f4741db,8/8/2024 21:45,agoebl,8/8/2024 21:45,agoebl,4330,NA,34,ARFR4-SOS-UT080-109-UINTAH-12,#aabe7f,-109.1426444,39.70802222,10 - 15 Deg. F. / 3 - 6,,10 - 15 Deg. F.,6-Mar,10 - 15 Deg. F. / 3 - 6,10 - 15 / semi-humid,UT.1,#66e566,"semi-humid, cool",#aabe7f,G,NA,NA
ARFR-WY040-71-10,black,5,18,35,244,966,1,1,NA,N,NA,NA,NA,NA,NA,NA,NA,NA,NA,NA,704,6b39f7c2-359d-4d1b-bf07-b428e3e17d56,NA,0,NA,Original plant visible,8/8/2024 18:00,67a862f7-93b0-4115-8a64-91017f4741db,8/8/2024 21:45,agoebl,8/8/2024 21:45,agoebl,4331,NA,35,ARFR4-SOS-WY040-71-10,#66C2A5,-109.2433156,41.13271889,5 - 10 Deg. F. / 3 - 6,,5 - 10 Deg. F.,6-Mar,5 - 10 Deg. F. / 3 - 6,5 - 10 / semi-humid,WY.1,#a5c2f1,"semi-humid, cold",#66C2A5,I,NA,NA
ARFR-NM930N-66-11,black,5,18,36,NA,967,1,1,NA,N,NA,NA,NA,NA,NA,NA,NA,NA,NA,NA,705,07944937-1cc8-458b-9535-6dcd74060b53,NA,1,NA,NA,8/8/2024 18:00,67a862f7-93b0-4115-8a64-91017f4741db,8/8/2024 21:45,agoebl,8/8/2024 21:45,agoebl,4332,NA,36,ARFR4-SOS-NM930N-66-11,#F46D43,-107.2045028,36.76818611,10 - 15 Deg. F. / 3 - 6,,10 - 15 Deg. F.,6-Mar,10 - 15 Deg. F. / 3 - 6,10 - 15 / semi-humid,NM.1,#66e566,"semi-humid, cool",#F46D43,C,NA,NA
ARFR-WY050-49-FREMONT-12,black,5,18,37,NA,968,1,1,NA,N,NA,NA,NA,NA,NA,NA,NA,NA,NA,NA,706,df249f35-46d4-4cc8-b4fa-57221517a6db,NA,1,NA,NA,8/8/2024 18:00,67a862f7-93b0-4115-8a64-91017f4741db,8/8/2024 21:45,agoebl,8/8/2024 21:45,agoebl,4333,NA,37,ARFR4-SOS-WY050-49-FREMONT-12,#5E4FA2,-109.34775,43.42663611,5 - 10 Deg. F. / 6 - 12,,5 - 10 Deg. F.,12-Jun,5 - 10 Deg. F. / 6 - 12,5 - 10 / semi-arid,WY.3,#ffb90f,"semi-arid, cold",#5E4FA2,K,NA,NA
ARFR-CO932-314-JEFFERSON-12,black,5,18,38,NA,969,1,1,NA,N,NA,NA,NA,NA,NA,NA,NA,NA,NA,NA,707,d7d09fb8-4a29-4a61-ac3f-3d3eea3001f3,NA,1,NA,NA,8/8/2024 18:00,67a862f7-93b0-4115-8a64-91017f4741db,8/8/2024 21:45,agoebl,8/8/2024 21:45,agoebl,4334,NA,38,ARFR4-SOS-CO932-314-JEFFERSON-12,#FEE08B,-105.3553333,39.40902778,10 - 15 Deg. F. / 3 - 6,,10 - 15 Deg. F.,6-Mar,10 - 15 Deg. F. / 3 - 6,10 - 15 / semi-humid,CO.2,#66e566,"semi-humid, cool",#FEE08B,E,NA,NA
ARFR-WY930-44-LASANIMAS-13,black,5,18,39,NA,970,1,1,NA,N,NA,NA,NA,NA,NA,NA,NA,NA,NA,NA,708,5630d79f-e879-43da-97a7-9143db0aab6c,NA,1,NA,NA,8/8/2024 18:00,67a862f7-93b0-4115-8a64-91017f4741db,8/8/2024 21:45,agoebl,8/8/2024 21:45,agoebl,4335,NA,39,ARFR4-SOS-WY930-44-LASANIMAS-13,#FDAE61,-104.6423889,37.16547222,15 - 20 Deg. F. / 3 - 6,,15 - 20 Deg. F.,6-Mar,15 - 20 Deg. F. / 3 - 6,15 - 20 / semi-humid,CO.1,#698b69,"semi-humid, warm",#FDAE61,D,NA,NA
ARFR-CO932-316-JEFFERSON-12,black,5,18,40,245,971,1,1,NA,N,NA,NA,NA,NA,NA,NA,NA,NA,NA,NA,709,7f7db63c-83e4-42fb-ba40-1b7c7eb164ee,NA,1,NA,NA,8/8/2024 18:00,67a862f7-93b0-4115-8a64-91017f4741db,8/8/2024 21:45,agoebl,8/8/2024 21:45,agoebl,4336,NA,40,ARFR4-SOS-CO932-316-JEFFERSON-12,#FFFF85,-105.358,39.66325,15 - 20 Deg. F. / 3 - 6,,15 - 20 Deg. F.,6-Mar,15 - 20 Deg. F. / 3 - 6,15 - 20 / semi-humid,CO.3,#698b69,"semi-humid, warm",#FFFF85,F,NA,NA
ARFR-WY050-151-FREMONT-16,black,5,18,41,NA,972,1,1,NA,N,NA,NA,NA,NA,NA,NA,NA,NA,NA,NA,710,2ed45631-a231-4294-8157-e9ebc9f6a627,NA,1,NA,NA,8/8/2024 18:00,67a862f7-93b0-4115-8a64-91017f4741db,8/8/2024 21:45,agoebl,8/8/2024 21:45,agoebl,4337,NA,41,ARFR4-SOS-WY050-151-FREMONT-16,#3288BD,-108.1704472,42.47886111,10 - 15 Deg. F. / 6 - 12,,10 - 15 Deg. F.,12-Jun,10 - 15 Deg. F. / 6 - 12,10 - 15 / semi-arid,WY.2,#cd8500,"semi-arid, cool",#3288BD,J,NA,NA
ARFR-WY050-151-FREMONT-16,black,5,18,42,NA,973,1,1,NA,N,NA,NA,NA,NA,NA,NA,NA,NA,NA,NA,711,840d9615-00c2-479c-aa35-3f3b8c621e5f,NA,1,NA,NA,8/8/2024 18:00,67a862f7-93b0-4115-8a64-91017f4741db,8/8/2024 21:45,agoebl,8/8/2024 21:45,agoebl,4338,NA,42,ARFR4-SOS-WY050-151-FREMONT-16,#3288BD,-108.1704472,42.47886111,10 - 15 Deg. F. / 6 - 12,,10 - 15 Deg. F.,12-Jun,10 - 15 Deg. F. / 6 - 12,10 - 15 / semi-arid,WY.2,#cd8500,"semi-arid, cool",#3288BD,J,NA,NA
ARFR-WY050-49-FREMONT-12,black,5,18,43,NA,974,1,1,NA,N,NA,NA,NA,NA,NA,NA,NA,NA,NA,NA,712,a67872d0-b338-40f8-a67d-8ac99bed0c72,NA,1,NA,NA,8/8/2024 18:00,67a862f7-93b0-4115-8a64-91017f4741db,8/8/2024 21:45,agoebl,8/8/2024 21:45,agoebl,4339,NA,43,ARFR4-SOS-WY050-49-FREMONT-12,#5E4FA2,-109.34775,43.42663611,5 - 10 Deg. F. / 6 - 12,,5 - 10 Deg. F.,12-Jun,5 - 10 Deg. F. / 6 - 12,5 - 10 / semi-arid,WY.3,#ffb90f,"semi-arid, cold",#5E4FA2,K,NA,NA
ARFR-WY050-151-FREMONT-16,black,5,18,44,NA,975,1,1,NA,N,NA,NA,NA,NA,NA,NA,NA,NA,NA,NA,713,2b75cca7-3225-4a86-a162-3e53c597b6e2,NA,1,NA,NA,8/8/2024 18:00,67a862f7-93b0-4115-8a64-91017f4741db,8/8/2024 21:45,agoebl,8/8/2024 21:45,agoebl,4340,NA,44,ARFR4-SOS-WY050-151-FREMONT-16,#3288BD,-108.1704472,42.47886111,10 - 15 Deg. F. / 6 - 12,,10 - 15 Deg. F.,12-Jun,10 - 15 Deg. F. / 6 - 12,10 - 15 / semi-arid,WY.2,#cd8500,"semi-arid, cool",#3288BD,J,NA,NA
ARFR-AZ930-423-NAVAJO-18,black,5,18,45,246,976,1,1,NA,N,NA,NA,NA,NA,NA,NA,NA,NA,NA,NA,714,76ab04e8-598d-4f5d-8aa0-3824b1cd1b07,NA,1,NA,NA,8/8/2024 18:00,67a862f7-93b0-4115-8a64-91017f4741db,8/8/2024 21:45,agoebl,8/8/2024 21:45,agoebl,4341,NA,45,ARFR4-SOS-AZ930-423-NAVAJO-18,#9E0142,-110.431,36.45877,15 - 20 Deg. F. / 6 - 12,SdZones downloaded 20230823,15 - 20 Deg. F.,12-Jun,15 - 20 Deg. F. / 6 - 12,15 - 20 / semi-arid,AZ.1,#ee5c42,"semi-arid, warm",#9E0142,A,NA,NA
ARFR-CO932-314-JEFFERSON-12,black,5,18,46,NA,977,1,1,NA,N,NA,NA,NA,NA,NA,NA,NA,NA,NA,NA,715,22b32afd-5e81-46c6-8316-ce80cd0585c7,NA,0,NA,Original plant visible,8/8/2024 18:00,67a862f7-93b0-4115-8a64-91017f4741db,8/8/2024 21:45,agoebl,8/8/2024 21:45,agoebl,4342,NA,46,ARFR4-SOS-CO932-314-JEFFERSON-12,#FEE08B,-105.3553333,39.40902778,10 - 15 Deg. F. / 3 - 6,,10 - 15 Deg. F.,6-Mar,10 - 15 Deg. F. / 3 - 6,10 - 15 / semi-humid,CO.2,#66e566,"semi-humid, cool",#FEE08B,E,NA,NA
ARFR-CO932-294-11,black,5,18,47,NA,978,1,1,NA,N,NA,NA,NA,NA,NA,NA,NA,NA,NA,NA,716,1dcf8601-cd1c-430b-96e4-6b7b703bdf1c,NA,1,NA,NA,8/8/2024 18:00,67a862f7-93b0-4115-8a64-91017f4741db,8/8/2024 21:45,agoebl,8/8/2024 21:45,agoebl,4343,NA,47,ARFR4-SOS-CO932-294-11,#ABDDA4,-105.2030833,39.78458333,15 - 20 Deg. F. / 3 - 6,,15 - 20 Deg. F.,6-Mar,15 - 20 Deg. F. / 3 - 6,15 - 20 / semi-humid,CO.4,#698b69,"semi-humid, warm",#ABDDA4,H,NA,NA
ARFR-AZ930-423-NAVAJO-18,black,5,18,48,NA,979,1,1,98.622,N,NA,NA,NA,NA,98.622,40.11,12.74,12.41,NA,Y,717,6c00a3f5-2ae0-42ca-b6fc-09b46921f014,NA,NA,NA,H,8/8/2024 18:00,67a862f7-93b0-4115-8a64-91017f4741db,8/8/2024 21:45,agoebl,8/8/2024 21:45,agoebl,4344,NA,48,ARFR4-SOS-AZ930-423-NAVAJO-18,#9E0142,-110.431,36.45877,15 - 20 Deg. F. / 6 - 12,SdZones downloaded 20230823,15 - 20 Deg. F.,12-Jun,15 - 20 Deg. F. / 6 - 12,15 - 20 / semi-arid,AZ.1,#ee5c42,"semi-arid, warm",#9E0142,A,NA,Y
ARFR-WY050-151-FREMONT-16,black,5,18,49,NA,980,1,1,NA,N,NA,NA,NA,NA,NA,NA,NA,NA,NA,NA,718,fb84f9e0-e7b3-4b43-8901-31606ab67bde,NA,1,NA,NA,8/8/2024 18:00,67a862f7-93b0-4115-8a64-91017f4741db,8/8/2024 21:45,agoebl,8/8/2024 21:45,agoebl,4345,NA,49,ARFR4-SOS-WY050-151-FREMONT-16,#3288BD,-108.1704472,42.47886111,10 - 15 Deg. F. / 6 - 12,,10 - 15 Deg. F.,12-Jun,10 - 15 Deg. F. / 6 - 12,10 - 15 / semi-arid,WY.2,#cd8500,"semi-arid, cool",#3288BD,J,NA,NA
ARFR-WY930-44-LASANIMAS-13,black,5,18,50,247,981,1,1,NA,N,NA,NA,NA,NA,NA,NA,NA,NA,NA,NA,719,5da9f193-01d2-47dc-b9f4-8064f07b3237,NA,1,NA,NA,8/8/2024 18:00,67a862f7-93b0-4115-8a64-91017f4741db,8/8/2024 21:45,agoebl,8/8/2024 21:45,agoebl,4346,NA,50,ARFR4-SOS-WY930-44-LASANIMAS-13,#FDAE61,-104.6423889,37.16547222,15 - 20 Deg. F. / 3 - 6,,15 - 20 Deg. F.,6-Mar,15 - 20 Deg. F. / 3 - 6,15 - 20 / semi-humid,CO.1,#698b69,"semi-humid, warm",#FDAE61,D,NA,NA
ARFR-WY040-71-10,black,5,18,51,NA,982,1,1,NA,N,NA,NA,NA,NA,NA,NA,NA,NA,NA,NA,720,8be7fd45-1736-454a-8b67-4aeb522b31af,NA,0,NA,NA,8/8/2024 18:00,67a862f7-93b0-4115-8a64-91017f4741db,8/8/2024 21:45,agoebl,8/8/2024 21:45,agoebl,4347,NA,51,ARFR4-SOS-WY040-71-10,#66C2A5,-109.2433156,41.13271889,5 - 10 Deg. F. / 3 - 6,,5 - 10 Deg. F.,6-Mar,5 - 10 Deg. F. / 3 - 6,5 - 10 / semi-humid,WY.1,#a5c2f1,"semi-humid, cold",#66C2A5,I,NA,NA
ARFR-AZ930-423-NAVAJO-18,black,5,18,52,NA,983,1,1,NA,N,NA,NA,NA,NA,NA,NA,NA,NA,NA,NA,721,a32168e1-fc70-409c-bff2-908d8ca35bac,NA,1,NA,NA,8/8/2024 18:00,67a862f7-93b0-4115-8a64-91017f4741db,8/8/2024 21:45,agoebl,8/8/2024 21:45,agoebl,4348,NA,52,ARFR4-SOS-AZ930-423-NAVAJO-18,#9E0142,-110.431,36.45877,15 - 20 Deg. F. / 6 - 12,SdZones downloaded 20230823,15 - 20 Deg. F.,12-Jun,15 - 20 Deg. F. / 6 - 12,15 - 20 / semi-arid,AZ.1,#ee5c42,"semi-arid, warm",#9E0142,A,NA,NA
ARFR-CO932-314-JEFFERSON-12,black,5,18,53,NA,984,1,1,NA,N,NA,NA,NA,NA,NA,NA,NA,NA,NA,NA,722,521d1c84-c869-4e63-8e21-30a2f3adebfa,NA,1,NA,NA,8/8/2024 18:00,67a862f7-93b0-4115-8a64-91017f4741db,8/8/2024 21:45,agoebl,8/8/2024 21:45,agoebl,4349,NA,53,ARFR4-SOS-CO932-314-JEFFERSON-12,#FEE08B,-105.3553333,39.40902778,10 - 15 Deg. F. / 3 - 6,,10 - 15 Deg. F.,6-Mar,10 - 15 Deg. F. / 3 - 6,10 - 15 / semi-humid,CO.2,#66e566,"semi-humid, cool",#FEE08B,E,NA,NA
ARFR-UT080-109-UINTAH-12,black,5,18,54,NA,985,1,1,NA,N,NA,NA,NA,NA,NA,NA,NA,NA,NA,NA,723,95fcc6c1-3eca-49bd-8fcd-6cd2ebc440af,NA,1,NA,Dry,8/8/2024 18:00,67a862f7-93b0-4115-8a64-91017f4741db,8/8/2024 21:45,agoebl,8/8/2024 21:45,agoebl,4350,NA,54,ARFR4-SOS-UT080-109-UINTAH-12,#aabe7f,-109.1426444,39.70802222,10 - 15 Deg. F. / 3 - 6,,10 - 15 Deg. F.,6-Mar,10 - 15 Deg. F. / 3 - 6,10 - 15 / semi-humid,UT.1,#66e566,"semi-humid, cool",#aabe7f,G,NA,NA
ARFR-AZ930-422-NAVAJO-18,black,5,18,55,248,986,1,1,NA,N,NA,NA,NA,NA,NA,NA,NA,NA,NA,NA,724,0d67b5b9-b8a3-49b4-8ed7-dcfdb3a8b776,NA,1,NA,Dry,8/8/2024 18:00,67a862f7-93b0-4115-8a64-91017f4741db,8/8/2024 21:45,agoebl,8/8/2024 21:45,agoebl,4351,NA,55,ARFR4-SOS-AZ930-422-NAVAJO-18,#D53E4F,-110.431,36.56805,15 - 20 Deg. F. / 6 - 12,Lats corrected 20230127,15 - 20 Deg. F.,12-Jun,15 - 20 Deg. F. / 6 - 12,15 - 20 / semi-arid,AZ.2,#ee5c42,"semi-arid, warm",#D53E4F,B,NA,NA
ARFR-WY930-44-LASANIMAS-13,black,5,19,1,249,987,1,1,NA,N,NA,NA,NA,NA,NA,NA,NA,NA,NA,NA,725,c762b189-af1d-45ae-9a7e-6380690bde23,NA,1,NA,NA,8/8/2024 18:00,7619914f-e8f7-4f00-a238-58f6e6f567dc,8/8/2024 21:45,agoebl,8/8/2024 21:45,agoebl,4352,NA,1,ARFR4-SOS-WY930-44-LASANIMAS-13,#FDAE61,-104.6423889,37.16547222,15 - 20 Deg. F. / 3 - 6,,15 - 20 Deg. F.,6-Mar,15 - 20 Deg. F. / 3 - 6,15 - 20 / semi-humid,CO.1,#698b69,"semi-humid, warm",#FDAE61,D,NA,NA
ARFR-WY930-44-LASANIMAS-13,black,5,19,2,NA,988,1,1,NA,N,NA,NA,NA,NA,NA,NA,NA,NA,NA,NA,726,09db4ed9-cb42-45ab-b5e6-146950b07a21,NA,1,NA,NA,8/8/2024 18:00,7619914f-e8f7-4f00-a238-58f6e6f567dc,8/8/2024 21:45,agoebl,8/8/2024 21:45,agoebl,4353,NA,2,ARFR4-SOS-WY930-44-LASANIMAS-13,#FDAE61,-104.6423889,37.16547222,15 - 20 Deg. F. / 3 - 6,,15 - 20 Deg. F.,6-Mar,15 - 20 Deg. F. / 3 - 6,15 - 20 / semi-humid,CO.1,#698b69,"semi-humid, warm",#FDAE61,D,NA,NA
ARFR-CO932-294-11,black,5,19,3,NA,989,1,1,NA,N,NA,NA,NA,NA,NA,NA,NA,NA,NA,NA,727,cc52190d-b814-4002-9329-6cfee312535a,NA,1,NA,NA,8/8/2024 18:00,7619914f-e8f7-4f00-a238-58f6e6f567dc,8/8/2024 21:45,agoebl,8/8/2024 21:45,agoebl,4354,NA,3,ARFR4-SOS-CO932-294-11,#ABDDA4,-105.2030833,39.78458333,15 - 20 Deg. F. / 3 - 6,,15 - 20 Deg. F.,6-Mar,15 - 20 Deg. F. / 3 - 6,15 - 20 / semi-humid,CO.4,#698b69,"semi-humid, warm",#ABDDA4,H,NA,NA
ARFR-NM930N-66-11,black,5,19,4,NA,990,1,1,NA,N,NA,NA,NA,NA,NA,NA,NA,NA,NA,NA,728,46dad2c7-edb1-4fee-8179-6c798d5664c7,NA,1,NA,NA,8/8/2024 18:00,7619914f-e8f7-4f00-a238-58f6e6f567dc,8/8/2024 21:45,agoebl,8/8/2024 21:45,agoebl,4355,NA,4,ARFR4-SOS-NM930N-66-11,#F46D43,-107.2045028,36.76818611,10 - 15 Deg. F. / 3 - 6,,10 - 15 Deg. F.,6-Mar,10 - 15 Deg. F. / 3 - 6,10 - 15 / semi-humid,NM.1,#66e566,"semi-humid, cool",#F46D43,C,NA,NA
ARFR-WY040-71-10,black,5,19,5,250,991,1,1,NA,N,NA,NA,NA,NA,NA,NA,NA,NA,NA,NA,729,ed4ebc5b-cb31-463d-b8f9-0f28c0763783,NA,1,NA,Dry,8/8/2024 18:00,7619914f-e8f7-4f00-a238-58f6e6f567dc,8/8/2024 21:45,agoebl,8/8/2024 21:45,agoebl,4356,NA,5,ARFR4-SOS-WY040-71-10,#66C2A5,-109.2433156,41.13271889,5 - 10 Deg. F. / 3 - 6,,5 - 10 Deg. F.,6-Mar,5 - 10 Deg. F. / 3 - 6,5 - 10 / semi-humid,WY.1,#a5c2f1,"semi-humid, cold",#66C2A5,I,NA,NA
ARFR-AZ930-422-NAVAJO-18,black,5,19,6,NA,992,1,1,NA,N,NA,NA,NA,NA,NA,NA,NA,NA,NA,NA,730,ec45edd2-cd0c-4109-a48a-2766b9fd2a2f,NA,1,NA,NA,8/8/2024 18:00,7619914f-e8f7-4f00-a238-58f6e6f567dc,8/8/2024 21:45,agoebl,8/8/2024 21:45,agoebl,4357,NA,6,ARFR4-SOS-AZ930-422-NAVAJO-18,#D53E4F,-110.431,36.56805,15 - 20 Deg. F. / 6 - 12,Lats corrected 20230127,15 - 20 Deg. F.,12-Jun,15 - 20 Deg. F. / 6 - 12,15 - 20 / semi-arid,AZ.2,#ee5c42,"semi-arid, warm",#D53E4F,B,NA,NA
ARFR-CO932-316-JEFFERSON-12,black,5,19,7,NA,993,1,1,NA,N,NA,NA,NA,NA,NA,NA,NA,NA,NA,NA,731,2576a6dc-aca9-49cc-a203-b39cb2b351bb,NA,1,NA,NA,8/8/2024 18:00,7619914f-e8f7-4f00-a238-58f6e6f567dc,8/8/2024 21:45,agoebl,8/8/2024 21:45,agoebl,4358,NA,7,ARFR4-SOS-CO932-316-JEFFERSON-12,#FFFF85,-105.358,39.66325,15 - 20 Deg. F. / 3 - 6,,15 - 20 Deg. F.,6-Mar,15 - 20 Deg. F. / 3 - 6,15 - 20 / semi-humid,CO.3,#698b69,"semi-humid, warm",#FFFF85,F,NA,NA
ARFR-UT080-109-UINTAH-12,black,5,19,8,NA,994,1,1,NA,N,NA,NA,NA,NA,NA,NA,NA,NA,NA,NA,732,031844d2-d6d9-4309-b08a-1f9fb39825d9,NA,1,NA,NA,8/8/2024 18:00,7619914f-e8f7-4f00-a238-58f6e6f567dc,8/8/2024 21:45,agoebl,8/8/2024 21:45,agoebl,4359,NA,8,ARFR4-SOS-UT080-109-UINTAH-12,#aabe7f,-109.1426444,39.70802222,10 - 15 Deg. F. / 3 - 6,,10 - 15 Deg. F.,6-Mar,10 - 15 Deg. F. / 3 - 6,10 - 15 / semi-humid,UT.1,#66e566,"semi-humid, cool",#aabe7f,G,NA,NA
ARFR-AZ930-422-NAVAJO-18,black,5,19,9,NA,995,1,1,NA,N,NA,NA,NA,NA,NA,NA,NA,NA,NA,NA,733,71db4129-46f1-4bdf-b7fd-f121de25d6b2,NA,1,NA,NA,8/8/2024 18:00,7619914f-e8f7-4f00-a238-58f6e6f567dc,8/8/2024 21:45,agoebl,8/8/2024 21:45,agoebl,4360,NA,9,ARFR4-SOS-AZ930-422-NAVAJO-18,#D53E4F,-110.431,36.56805,15 - 20 Deg. F. / 6 - 12,Lats corrected 20230127,15 - 20 Deg. F.,12-Jun,15 - 20 Deg. F. / 6 - 12,15 - 20 / semi-arid,AZ.2,#ee5c42,"semi-arid, warm",#D53E4F,B,NA,NA
ARFR-WY050-151-FREMONT-16,black,5,19,10,251,996,1,1,NA,N,NA,NA,NA,NA,NA,NA,NA,NA,NA,NA,734,315d3e88-8c19-4d62-aa66-e564fdf18f59,NA,1,NA,NA,8/8/2024 18:00,7619914f-e8f7-4f00-a238-58f6e6f567dc,8/8/2024 21:45,agoebl,8/8/2024 21:45,agoebl,4361,NA,10,ARFR4-SOS-WY050-151-FREMONT-16,#3288BD,-108.1704472,42.47886111,10 - 15 Deg. F. / 6 - 12,,10 - 15 Deg. F.,12-Jun,10 - 15 Deg. F. / 6 - 12,10 - 15 / semi-arid,WY.2,#cd8500,"semi-arid, cool",#3288BD,J,NA,NA
ARFR-AZ930-422-NAVAJO-18,black,5,19,11,NA,997,1,1,NA,N,NA,NA,NA,NA,NA,NA,NA,NA,NA,NA,735,9de58cec-3f89-4dbc-aab1-c51e3425ce46,NA,1,NA,NA,8/8/2024 18:00,7619914f-e8f7-4f00-a238-58f6e6f567dc,8/8/2024 21:45,agoebl,8/8/2024 21:45,agoebl,4362,NA,11,ARFR4-SOS-AZ930-422-NAVAJO-18,#D53E4F,-110.431,36.56805,15 - 20 Deg. F. / 6 - 12,Lats corrected 20230127,15 - 20 Deg. F.,12-Jun,15 - 20 Deg. F. / 6 - 12,15 - 20 / semi-arid,AZ.2,#ee5c42,"semi-arid, warm",#D53E4F,B,NA,NA
ARFR-WY050-151-FREMONT-16,black,5,19,12,NA,998,1,1,NA,N,NA,NA,NA,NA,NA,NA,NA,NA,NA,NA,736,39e60e75-bc80-4035-b174-cbab122ab083,NA,1,NA,NA,8/8/2024 18:00,7619914f-e8f7-4f00-a238-58f6e6f567dc,8/8/2024 21:45,agoebl,8/8/2024 21:45,agoebl,4363,NA,12,ARFR4-SOS-WY050-151-FREMONT-16,#3288BD,-108.1704472,42.47886111,10 - 15 Deg. F. / 6 - 12,,10 - 15 Deg. F.,12-Jun,10 - 15 Deg. F. / 6 - 12,10 - 15 / semi-arid,WY.2,#cd8500,"semi-arid, cool",#3288BD,J,NA,NA
ARFR-CO932-314-JEFFERSON-12,black,5,19,13,NA,999,1,1,NA,N,NA,NA,NA,NA,NA,NA,NA,NA,NA,NA,737,77edad2c-8b1a-4c85-8c7e-be87f31c0312,NA,1,NA,NA,8/8/2024 18:00,7619914f-e8f7-4f00-a238-58f6e6f567dc,8/8/2024 21:45,agoebl,8/8/2024 21:45,agoebl,4364,NA,13,ARFR4-SOS-CO932-314-JEFFERSON-12,#FEE08B,-105.3553333,39.40902778,10 - 15 Deg. F. / 3 - 6,,10 - 15 Deg. F.,6-Mar,10 - 15 Deg. F. / 3 - 6,10 - 15 / semi-humid,CO.2,#66e566,"semi-humid, cool",#FEE08B,E,NA,NA
ARFR-AZ930-423-NAVAJO-18,black,5,19,14,NA,1000,1,1,NA,N,NA,NA,NA,NA,NA,NA,NA,NA,NA,NA,738,50173c8b-61bf-4e35-b76e-a04b4bcc6676,NA,1,NA,Dry,8/8/2024 18:00,7619914f-e8f7-4f00-a238-58f6e6f567dc,8/8/2024 21:45,agoebl,8/8/2024 21:45,agoebl,4365,NA,14,ARFR4-SOS-AZ930-423-NAVAJO-18,#9E0142,-110.431,36.45877,15 - 20 Deg. F. / 6 - 12,SdZones downloaded 20230823,15 - 20 Deg. F.,12-Jun,15 - 20 Deg. F. / 6 - 12,15 - 20 / semi-arid,AZ.1,#ee5c42,"semi-arid, warm",#9E0142,A,NA,NA
ARFR-CO932-294-11,black,5,19,15,252,1001,1,1,NA,N,NA,NA,NA,NA,NA,NA,NA,NA,NA,NA,739,33bc5c69-adfa-48ce-9ec9-ca060bf710eb,NA,1,NA,NA,8/8/2024 18:00,7619914f-e8f7-4f00-a238-58f6e6f567dc,8/8/2024 21:45,agoebl,8/8/2024 21:45,agoebl,4366,NA,15,ARFR4-SOS-CO932-294-11,#ABDDA4,-105.2030833,39.78458333,15 - 20 Deg. F. / 3 - 6,,15 - 20 Deg. F.,6-Mar,15 - 20 Deg. F. / 3 - 6,15 - 20 / semi-humid,CO.4,#698b69,"semi-humid, warm",#ABDDA4,H,NA,NA
ARFR-NM930N-66-11,black,5,19,16,NA,1002,0,0,NA,N,NA,NA,NA,NA,NA,NA,NA,NA,NA,NA,740,f3cac4b5-9e19-4dbc-9e37-5fbffa026172,NA,0,NA,NA,8/8/2024 18:00,7619914f-e8f7-4f00-a238-58f6e6f567dc,8/8/2024 21:45,agoebl,8/8/2024 21:45,agoebl,4367,NA,16,ARFR4-SOS-NM930N-66-11,#F46D43,-107.2045028,36.76818611,10 - 15 Deg. F. / 3 - 6,,10 - 15 Deg. F.,6-Mar,10 - 15 Deg. F. / 3 - 6,10 - 15 / semi-humid,NM.1,#66e566,"semi-humid, cool",#F46D43,C,NA,NA
ARFR-CO932-314-JEFFERSON-12,black,5,19,17,NA,1003,1,1,NA,N,NA,NA,NA,NA,NA,NA,NA,NA,NA,NA,741,3068e38e-b82c-4726-bff7-cb95a874942c,NA,1,NA,NA,8/8/2024 18:00,7619914f-e8f7-4f00-a238-58f6e6f567dc,8/8/2024 21:45,agoebl,8/8/2024 21:45,agoebl,4368,NA,17,ARFR4-SOS-CO932-314-JEFFERSON-12,#FEE08B,-105.3553333,39.40902778,10 - 15 Deg. F. / 3 - 6,,10 - 15 Deg. F.,6-Mar,10 - 15 Deg. F. / 3 - 6,10 - 15 / semi-humid,CO.2,#66e566,"semi-humid, cool",#FEE08B,E,NA,NA
ARFR-CO932-316-JEFFERSON-12,black,5,19,18,NA,1004,1,1,NA,N,NA,NA,NA,NA,NA,NA,NA,NA,NA,NA,742,d404e991-5d6e-4b19-b120-9204093e44cb,NA,1,NA,NA,8/8/2024 18:00,7619914f-e8f7-4f00-a238-58f6e6f567dc,8/8/2024 21:45,agoebl,8/8/2024 21:45,agoebl,4369,NA,18,ARFR4-SOS-CO932-316-JEFFERSON-12,#FFFF85,-105.358,39.66325,15 - 20 Deg. F. / 3 - 6,,15 - 20 Deg. F.,6-Mar,15 - 20 Deg. F. / 3 - 6,15 - 20 / semi-humid,CO.3,#698b69,"semi-humid, warm",#FFFF85,F,NA,NA
ARFR-AZ930-423-NAVAJO-18,black,5,19,19,NA,1005,1,1,NA,N,NA,NA,NA,NA,NA,NA,NA,NA,NA,NA,743,a6021f3e-6264-4b6a-b9f7-50bfad658f69,NA,1,NA,NA,8/8/2024 18:00,7619914f-e8f7-4f00-a238-58f6e6f567dc,8/8/2024 21:45,agoebl,8/8/2024 21:45,agoebl,4370,NA,19,ARFR4-SOS-AZ930-423-NAVAJO-18,#9E0142,-110.431,36.45877,15 - 20 Deg. F. / 6 - 12,SdZones downloaded 20230823,15 - 20 Deg. F.,12-Jun,15 - 20 Deg. F. / 6 - 12,15 - 20 / semi-arid,AZ.1,#ee5c42,"semi-arid, warm",#9E0142,A,NA,NA
ARFR-NM930N-66-11,black,5,19,20,253,1006,1,1,NA,N,NA,NA,NA,NA,NA,NA,NA,NA,NA,NA,744,a238194a-9354-4116-af41-1047a420b240,NA,1,NA,NA,8/8/2024 18:00,7619914f-e8f7-4f00-a238-58f6e6f567dc,8/8/2024 21:45,agoebl,8/8/2024 21:45,agoebl,4371,NA,20,ARFR4-SOS-NM930N-66-11,#F46D43,-107.2045028,36.76818611,10 - 15 Deg. F. / 3 - 6,,10 - 15 Deg. F.,6-Mar,10 - 15 Deg. F. / 3 - 6,10 - 15 / semi-humid,NM.1,#66e566,"semi-humid, cool",#F46D43,C,NA,NA
ARFR-WY930-44-LASANIMAS-13,black,5,19,21,NA,1007,1,1,NA,N,NA,NA,NA,NA,NA,NA,NA,NA,NA,NA,745,af519336-a5db-471b-8d77-edcedb520e81,NA,1,NA,NA,8/8/2024 18:00,7619914f-e8f7-4f00-a238-58f6e6f567dc,8/8/2024 21:45,agoebl,8/8/2024 21:45,agoebl,4372,NA,21,ARFR4-SOS-WY930-44-LASANIMAS-13,#FDAE61,-104.6423889,37.16547222,15 - 20 Deg. F. / 3 - 6,,15 - 20 Deg. F.,6-Mar,15 - 20 Deg. F. / 3 - 6,15 - 20 / semi-humid,CO.1,#698b69,"semi-humid, warm",#FDAE61,D,NA,NA
ARFR-WY040-71-10,black,5,19,22,NA,1008,1,1,NA,N,NA,NA,NA,NA,NA,NA,NA,NA,NA,NA,746,8377949c-58b5-4082-8707-9cc53f495b19,NA,0,NA,Original plant visible,8/8/2024 18:00,7619914f-e8f7-4f00-a238-58f6e6f567dc,8/8/2024 21:45,agoebl,8/8/2024 21:45,agoebl,4373,NA,22,ARFR4-SOS-WY040-71-10,#66C2A5,-109.2433156,41.13271889,5 - 10 Deg. F. / 3 - 6,,5 - 10 Deg. F.,6-Mar,5 - 10 Deg. F. / 3 - 6,5 - 10 / semi-humid,WY.1,#a5c2f1,"semi-humid, cold",#66C2A5,I,NA,NA
ARFR-WY050-49-FREMONT-12,black,5,19,23,NA,1009,1,1,NA,N,NA,NA,NA,NA,NA,NA,NA,NA,NA,NA,747,f5dcb9b9-c6c9-4221-9291-1ad3f0f34de4,NA,1,NA,"Dry, nearly dead",8/8/2024 18:00,7619914f-e8f7-4f00-a238-58f6e6f567dc,8/8/2024 21:45,agoebl,8/8/2024 21:45,agoebl,4374,NA,23,ARFR4-SOS-WY050-49-FREMONT-12,#5E4FA2,-109.34775,43.42663611,5 - 10 Deg. F. / 6 - 12,,5 - 10 Deg. F.,12-Jun,5 - 10 Deg. F. / 6 - 12,5 - 10 / semi-arid,WY.3,#ffb90f,"semi-arid, cold",#5E4FA2,K,NA,NA
ARFR-AZ930-422-NAVAJO-18,black,5,19,24,NA,1010,1,1,NA,N,NA,NA,NA,NA,NA,NA,NA,NA,NA,NA,748,f115408f-fa38-4e30-b248-db80ba1753ab,NA,1,NA,NA,8/8/2024 18:00,7619914f-e8f7-4f00-a238-58f6e6f567dc,8/8/2024 21:45,agoebl,8/8/2024 21:45,agoebl,4375,NA,24,ARFR4-SOS-AZ930-422-NAVAJO-18,#D53E4F,-110.431,36.56805,15 - 20 Deg. F. / 6 - 12,Lats corrected 20230127,15 - 20 Deg. F.,12-Jun,15 - 20 Deg. F. / 6 - 12,15 - 20 / semi-arid,AZ.2,#ee5c42,"semi-arid, warm",#D53E4F,B,NA,NA
ARFR-AZ930-422-NAVAJO-18,black,5,19,25,254,1011,1,1,NA,N,NA,NA,NA,NA,NA,NA,NA,NA,NA,NA,749,e0e42b4c-a944-4f6d-b7f9-afa5d3a55fb6,NA,1,NA,NA,8/8/2024 18:00,7619914f-e8f7-4f00-a238-58f6e6f567dc,8/8/2024 21:45,agoebl,8/8/2024 21:45,agoebl,4376,NA,25,ARFR4-SOS-AZ930-422-NAVAJO-18,#D53E4F,-110.431,36.56805,15 - 20 Deg. F. / 6 - 12,Lats corrected 20230127,15 - 20 Deg. F.,12-Jun,15 - 20 Deg. F. / 6 - 12,15 - 20 / semi-arid,AZ.2,#ee5c42,"semi-arid, warm",#D53E4F,B,NA,NA
ARFR-UT080-109-UINTAH-12,black,5,19,26,NA,1012,1,1,NA,N,NA,NA,NA,NA,NA,NA,NA,NA,NA,NA,750,9b8230a3-0d3e-4499-ba04-3b5fa0fdd2aa,NA,1,NA,NA,8/8/2024 18:00,7619914f-e8f7-4f00-a238-58f6e6f567dc,8/8/2024 21:45,agoebl,8/8/2024 21:45,agoebl,4377,NA,26,ARFR4-SOS-UT080-109-UINTAH-12,#aabe7f,-109.1426444,39.70802222,10 - 15 Deg. F. / 3 - 6,,10 - 15 Deg. F.,6-Mar,10 - 15 Deg. F. / 3 - 6,10 - 15 / semi-humid,UT.1,#66e566,"semi-humid, cool",#aabe7f,G,NA,NA
ARFR-NM930N-66-11,black,5,19,27,NA,1013,1,1,NA,N,NA,NA,NA,NA,NA,NA,NA,NA,NA,NA,751,f59b5f45-8a91-479e-857a-f26db6ccb109,NA,1,NA,Dry,8/8/2024 18:00,7619914f-e8f7-4f00-a238-58f6e6f567dc,8/8/2024 21:45,agoebl,8/8/2024 21:45,agoebl,4378,NA,27,ARFR4-SOS-NM930N-66-11,#F46D43,-107.2045028,36.76818611,10 - 15 Deg. F. / 3 - 6,,10 - 15 Deg. F.,6-Mar,10 - 15 Deg. F. / 3 - 6,10 - 15 / semi-humid,NM.1,#66e566,"semi-humid, cool",#F46D43,C,NA,NA
ARFR-CO932-316-JEFFERSON-12,black,5,19,28,NA,1014,1,1,NA,N,NA,NA,NA,NA,NA,NA,NA,NA,NA,NA,752,709d7dd7-e39d-47a6-a3fe-04150d192b65,NA,1,NA,NA,8/8/2024 18:00,7619914f-e8f7-4f00-a238-58f6e6f567dc,8/8/2024 21:45,agoebl,8/8/2024 21:45,agoebl,4379,NA,28,ARFR4-SOS-CO932-316-JEFFERSON-12,#FFFF85,-105.358,39.66325,15 - 20 Deg. F. / 3 - 6,,15 - 20 Deg. F.,6-Mar,15 - 20 Deg. F. / 3 - 6,15 - 20 / semi-humid,CO.3,#698b69,"semi-humid, warm",#FFFF85,F,NA,NA
ARFR-AZ930-422-NAVAJO-18,black,5,19,29,NA,1015,1,1,NA,N,NA,NA,NA,NA,NA,NA,NA,NA,NA,NA,753,eb3acccd-4611-4d2c-9466-36cc301f7214,NA,1,NA,NA,8/8/2024 18:00,7619914f-e8f7-4f00-a238-58f6e6f567dc,8/8/2024 21:45,agoebl,8/8/2024 21:45,agoebl,4380,NA,29,ARFR4-SOS-AZ930-422-NAVAJO-18,#D53E4F,-110.431,36.56805,15 - 20 Deg. F. / 6 - 12,Lats corrected 20230127,15 - 20 Deg. F.,12-Jun,15 - 20 Deg. F. / 6 - 12,15 - 20 / semi-arid,AZ.2,#ee5c42,"semi-arid, warm",#D53E4F,B,NA,NA
ARFR-WY040-71-10,black,5,19,30,255,1016,1,1,NA,N,NA,NA,NA,NA,NA,NA,NA,NA,NA,NA,754,c3388fbe-4b1e-436b-a433-bf0a1253e00f,NA,1,NA,Nearly dead,8/8/2024 18:00,7619914f-e8f7-4f00-a238-58f6e6f567dc,8/8/2024 21:45,agoebl,8/8/2024 21:45,agoebl,4381,NA,30,ARFR4-SOS-WY040-71-10,#66C2A5,-109.2433156,41.13271889,5 - 10 Deg. F. / 3 - 6,,5 - 10 Deg. F.,6-Mar,5 - 10 Deg. F. / 3 - 6,5 - 10 / semi-humid,WY.1,#a5c2f1,"semi-humid, cold",#66C2A5,I,NA,NA
ARFR-NM930N-66-11,black,5,19,31,NA,1017,1,1,NA,N,NA,NA,NA,NA,NA,NA,NA,NA,NA,NA,755,a37a4190-272c-4f96-99e6-cb4aef8a30c8,NA,1,NA,NA,8/8/2024 18:00,7619914f-e8f7-4f00-a238-58f6e6f567dc,8/8/2024 21:45,agoebl,8/8/2024 21:45,agoebl,4382,NA,31,ARFR4-SOS-NM930N-66-11,#F46D43,-107.2045028,36.76818611,10 - 15 Deg. F. / 3 - 6,,10 - 15 Deg. F.,6-Mar,10 - 15 Deg. F. / 3 - 6,10 - 15 / semi-humid,NM.1,#66e566,"semi-humid, cool",#F46D43,C,NA,NA
ARFR-NM930N-66-11,black,5,19,32,NA,1018,1,1,NA,N,NA,NA,NA,NA,NA,NA,NA,NA,NA,NA,756,142e3cb7-2e68-474e-9041-43a251206283,NA,1,NA,NA,8/8/2024 18:00,7619914f-e8f7-4f00-a238-58f6e6f567dc,8/8/2024 21:45,agoebl,8/8/2024 21:45,agoebl,4383,NA,32,ARFR4-SOS-NM930N-66-11,#F46D43,-107.2045028,36.76818611,10 - 15 Deg. F. / 3 - 6,,10 - 15 Deg. F.,6-Mar,10 - 15 Deg. F. / 3 - 6,10 - 15 / semi-humid,NM.1,#66e566,"semi-humid, cool",#F46D43,C,NA,NA
ARFR-AZ930-423-NAVAJO-18,black,5,19,33,NA,1019,1,1,NA,Y,0.008,1.197,14.9625,NA,NA,NA,NA,NA,NA,NA,757,b2ca2cfb-9e75-4d0e-adef-f1df9a2f4299,NA,1,NA,NA,8/8/2024 18:00,7619914f-e8f7-4f00-a238-58f6e6f567dc,8/8/2024 21:45,agoebl,8/8/2024 21:45,agoebl,4384,NA,33,ARFR4-SOS-AZ930-423-NAVAJO-18,#9E0142,-110.431,36.45877,15 - 20 Deg. F. / 6 - 12,SdZones downloaded 20230823,15 - 20 Deg. F.,12-Jun,15 - 20 Deg. F. / 6 - 12,15 - 20 / semi-arid,AZ.1,#ee5c42,"semi-arid, warm",#9E0142,A,NA,NA
ARFR-UT080-109-UINTAH-12,black,5,19,34,NA,1020,1,1,NA,N,NA,NA,NA,NA,NA,NA,NA,NA,NA,NA,758,63d7a2e6-e643-47ee-bc72-17894be3f600,NA,1,NA,NA,8/8/2024 18:00,7619914f-e8f7-4f00-a238-58f6e6f567dc,8/8/2024 21:45,agoebl,8/8/2024 21:45,agoebl,4385,NA,34,ARFR4-SOS-UT080-109-UINTAH-12,#aabe7f,-109.1426444,39.70802222,10 - 15 Deg. F. / 3 - 6,,10 - 15 Deg. F.,6-Mar,10 - 15 Deg. F. / 3 - 6,10 - 15 / semi-humid,UT.1,#66e566,"semi-humid, cool",#aabe7f,G,NA,NA
ARFR-UT080-109-UINTAH-12,black,5,19,35,256,1021,1,1,NA,N,NA,NA,NA,NA,NA,NA,NA,NA,NA,NA,759,a01d1a55-afeb-4d1b-9999-3c200c053d0e,NA,1,NA,NA,8/8/2024 18:00,7619914f-e8f7-4f00-a238-58f6e6f567dc,8/8/2024 21:45,agoebl,8/8/2024 21:45,agoebl,4386,NA,35,ARFR4-SOS-UT080-109-UINTAH-12,#aabe7f,-109.1426444,39.70802222,10 - 15 Deg. F. / 3 - 6,,10 - 15 Deg. F.,6-Mar,10 - 15 Deg. F. / 3 - 6,10 - 15 / semi-humid,UT.1,#66e566,"semi-humid, cool",#aabe7f,G,NA,NA
ARFR-CO932-316-JEFFERSON-12,black,5,19,36,NA,1022,1,1,NA,N,NA,NA,NA,NA,NA,NA,NA,NA,NA,NA,760,cf54aae6-2f77-4210-aba2-14e1784212b4,NA,1,NA,NA,8/8/2024 18:00,7619914f-e8f7-4f00-a238-58f6e6f567dc,8/8/2024 21:45,agoebl,8/8/2024 21:45,agoebl,4387,NA,36,ARFR4-SOS-CO932-316-JEFFERSON-12,#FFFF85,-105.358,39.66325,15 - 20 Deg. F. / 3 - 6,,15 - 20 Deg. F.,6-Mar,15 - 20 Deg. F. / 3 - 6,15 - 20 / semi-humid,CO.3,#698b69,"semi-humid, warm",#FFFF85,F,NA,NA
ARFR-AZ930-422-NAVAJO-18,black,5,19,37,NA,1023,1,1,NA,N,NA,NA,NA,NA,NA,NA,NA,NA,NA,NA,761,a8430621-60b9-4085-863e-80b7a95b3180,NA,1,NA,NA,8/8/2024 18:00,7619914f-e8f7-4f00-a238-58f6e6f567dc,8/8/2024 21:45,agoebl,8/8/2024 21:45,agoebl,4388,NA,37,ARFR4-SOS-AZ930-422-NAVAJO-18,#D53E4F,-110.431,36.56805,15 - 20 Deg. F. / 6 - 12,Lats corrected 20230127,15 - 20 Deg. F.,12-Jun,15 - 20 Deg. F. / 6 - 12,15 - 20 / semi-arid,AZ.2,#ee5c42,"semi-arid, warm",#D53E4F,B,NA,NA
ARFR-CO932-314-JEFFERSON-12,black,5,19,38,NA,1024,1,1,NA,N,NA,NA,NA,NA,NA,NA,NA,NA,NA,NA,762,77258efe-11cb-4f11-a74b-c848c2dafcbd,NA,1,NA,NA,8/8/2024 18:00,7619914f-e8f7-4f00-a238-58f6e6f567dc,8/8/2024 21:45,agoebl,8/8/2024 21:45,agoebl,4389,NA,38,ARFR4-SOS-CO932-314-JEFFERSON-12,#FEE08B,-105.3553333,39.40902778,10 - 15 Deg. F. / 3 - 6,,10 - 15 Deg. F.,6-Mar,10 - 15 Deg. F. / 3 - 6,10 - 15 / semi-humid,CO.2,#66e566,"semi-humid, cool",#FEE08B,E,NA,NA
ARFR-CO932-316-JEFFERSON-12,black,5,19,39,NA,1025,1,1,NA,N,NA,NA,NA,NA,NA,NA,NA,NA,NA,NA,763,85509557-ed7e-4493-a537-4d8578198611,NA,1,NA,NA,8/8/2024 18:00,7619914f-e8f7-4f00-a238-58f6e6f567dc,8/8/2024 21:45,agoebl,8/8/2024 21:45,agoebl,4390,NA,39,ARFR4-SOS-CO932-316-JEFFERSON-12,#FFFF85,-105.358,39.66325,15 - 20 Deg. F. / 3 - 6,,15 - 20 Deg. F.,6-Mar,15 - 20 Deg. F. / 3 - 6,15 - 20 / semi-humid,CO.3,#698b69,"semi-humid, warm",#FFFF85,F,NA,NA
ARFR-CO932-316-JEFFERSON-12,black,5,19,40,257,1026,1,1,NA,N,NA,NA,NA,NA,NA,NA,NA,NA,NA,NA,764,bc51f85b-b1de-405f-8061-e41993989b8d,NA,1,NA,NA,8/8/2024 18:00,7619914f-e8f7-4f00-a238-58f6e6f567dc,8/8/2024 21:45,agoebl,8/8/2024 21:45,agoebl,4391,NA,40,ARFR4-SOS-CO932-316-JEFFERSON-12,#FFFF85,-105.358,39.66325,15 - 20 Deg. F. / 3 - 6,,15 - 20 Deg. F.,6-Mar,15 - 20 Deg. F. / 3 - 6,15 - 20 / semi-humid,CO.3,#698b69,"semi-humid, warm",#FFFF85,F,NA,NA
ARFR-WY050-49-FREMONT-12,black,5,19,41,NA,1027,1,1,NA,N,NA,NA,NA,NA,NA,NA,NA,NA,NA,NA,765,b7879dbd-7402-45f3-bccc-80f5bd3ab73c,NA,1,NA,Small,8/8/2024 18:00,7619914f-e8f7-4f00-a238-58f6e6f567dc,8/8/2024 21:45,agoebl,8/8/2024 21:45,agoebl,4392,NA,41,ARFR4-SOS-WY050-49-FREMONT-12,#5E4FA2,-109.34775,43.42663611,5 - 10 Deg. F. / 6 - 12,,5 - 10 Deg. F.,12-Jun,5 - 10 Deg. F. / 6 - 12,5 - 10 / semi-arid,WY.3,#ffb90f,"semi-arid, cold",#5E4FA2,K,NA,NA
ARFR-CO932-314-JEFFERSON-12,black,5,19,42,NA,1028,1,1,NA,N,NA,NA,NA,NA,NA,NA,NA,NA,NA,NA,766,35c6fa65-4636-460f-aa14-4fc3a7d63e83,NA,1,NA,NA,8/8/2024 18:00,7619914f-e8f7-4f00-a238-58f6e6f567dc,8/8/2024 21:45,agoebl,8/8/2024 21:45,agoebl,4393,NA,42,ARFR4-SOS-CO932-314-JEFFERSON-12,#FEE08B,-105.3553333,39.40902778,10 - 15 Deg. F. / 3 - 6,,10 - 15 Deg. F.,6-Mar,10 - 15 Deg. F. / 3 - 6,10 - 15 / semi-humid,CO.2,#66e566,"semi-humid, cool",#FEE08B,E,NA,NA
ARFR-WY050-151-FREMONT-16,black,5,19,43,NA,1029,1,1,NA,N,NA,NA,NA,NA,NA,NA,NA,NA,NA,NA,767,c5203941-2476-4a3c-861c-b0964c4a65d1,NA,1,NA,NA,8/8/2024 18:00,7619914f-e8f7-4f00-a238-58f6e6f567dc,8/8/2024 21:45,agoebl,8/8/2024 21:45,agoebl,4394,NA,43,ARFR4-SOS-WY050-151-FREMONT-16,#3288BD,-108.1704472,42.47886111,10 - 15 Deg. F. / 6 - 12,,10 - 15 Deg. F.,12-Jun,10 - 15 Deg. F. / 6 - 12,10 - 15 / semi-arid,WY.2,#cd8500,"semi-arid, cool",#3288BD,J,NA,NA
ARFR-WY050-151-FREMONT-16,black,5,19,44,NA,1030,1,1,NA,N,NA,NA,NA,NA,NA,NA,NA,NA,NA,NA,768,d75abe6c-1846-4f35-b7b3-906f13b53912,NA,1,NA,NA,8/8/2024 18:00,7619914f-e8f7-4f00-a238-58f6e6f567dc,8/8/2024 21:45,agoebl,8/8/2024 21:45,agoebl,4395,NA,44,ARFR4-SOS-WY050-151-FREMONT-16,#3288BD,-108.1704472,42.47886111,10 - 15 Deg. F. / 6 - 12,,10 - 15 Deg. F.,12-Jun,10 - 15 Deg. F. / 6 - 12,10 - 15 / semi-arid,WY.2,#cd8500,"semi-arid, cool",#3288BD,J,NA,NA
ARFR-WY040-71-10,black,5,19,45,258,1031,1,1,NA,N,NA,NA,NA,NA,NA,NA,NA,NA,NA,NA,769,8a04c049-ec05-430f-9b5d-c7e4d61c4ccf,NA,1,NA,Nearly dead,8/8/2024 18:00,7619914f-e8f7-4f00-a238-58f6e6f567dc,8/8/2024 21:45,agoebl,8/8/2024 21:45,agoebl,4396,NA,45,ARFR4-SOS-WY040-71-10,#66C2A5,-109.2433156,41.13271889,5 - 10 Deg. F. / 3 - 6,,5 - 10 Deg. F.,6-Mar,5 - 10 Deg. F. / 3 - 6,5 - 10 / semi-humid,WY.1,#a5c2f1,"semi-humid, cold",#66C2A5,I,NA,NA
ARFR-WY930-44-LASANIMAS-13,black,5,19,46,NA,1032,1,1,NA,N,NA,NA,NA,NA,NA,NA,NA,NA,NA,NA,770,4dd47948-6934-492f-91fa-2171c095ddf3,NA,1,NA,NA,8/8/2024 18:00,7619914f-e8f7-4f00-a238-58f6e6f567dc,8/8/2024 21:45,agoebl,8/8/2024 21:45,agoebl,4397,NA,46,ARFR4-SOS-WY930-44-LASANIMAS-13,#FDAE61,-104.6423889,37.16547222,15 - 20 Deg. F. / 3 - 6,,15 - 20 Deg. F.,6-Mar,15 - 20 Deg. F. / 3 - 6,15 - 20 / semi-humid,CO.1,#698b69,"semi-humid, warm",#FDAE61,D,NA,NA
ARFR-WY050-151-FREMONT-16,black,5,19,47,NA,1033,1,1,NA,N,NA,NA,NA,NA,NA,NA,NA,NA,NA,NA,771,a9911efe-4684-4134-834a-b95475eaaa81,NA,1,NA,NA,8/8/2024 18:00,7619914f-e8f7-4f00-a238-58f6e6f567dc,8/8/2024 21:45,agoebl,8/8/2024 21:45,agoebl,4398,NA,47,ARFR4-SOS-WY050-151-FREMONT-16,#3288BD,-108.1704472,42.47886111,10 - 15 Deg. F. / 6 - 12,,10 - 15 Deg. F.,12-Jun,10 - 15 Deg. F. / 6 - 12,10 - 15 / semi-arid,WY.2,#cd8500,"semi-arid, cool",#3288BD,J,NA,NA
ARFR-WY040-71-10,black,5,19,48,NA,1034,1,1,NA,N,NA,NA,NA,NA,NA,NA,NA,NA,NA,NA,772,7e153eb9-2a66-4108-a61e-5bff689e6739,NA,1,NA,NA,8/8/2024 18:00,7619914f-e8f7-4f00-a238-58f6e6f567dc,8/8/2024 21:45,agoebl,8/8/2024 21:45,agoebl,4399,NA,48,ARFR4-SOS-WY040-71-10,#66C2A5,-109.2433156,41.13271889,5 - 10 Deg. F. / 3 - 6,,5 - 10 Deg. F.,6-Mar,5 - 10 Deg. F. / 3 - 6,5 - 10 / semi-humid,WY.1,#a5c2f1,"semi-humid, cold",#66C2A5,I,NA,NA
ARFR-UT080-109-UINTAH-12,black,5,19,49,NA,1035,1,1,NA,N,NA,NA,NA,NA,NA,NA,NA,NA,NA,NA,773,209f6c7c-16ca-47f8-9b70-071c59627ec6,NA,1,NA,NA,8/8/2024 18:00,7619914f-e8f7-4f00-a238-58f6e6f567dc,8/8/2024 21:45,agoebl,8/8/2024 21:45,agoebl,4400,NA,49,ARFR4-SOS-UT080-109-UINTAH-12,#aabe7f,-109.1426444,39.70802222,10 - 15 Deg. F. / 3 - 6,,10 - 15 Deg. F.,6-Mar,10 - 15 Deg. F. / 3 - 6,10 - 15 / semi-humid,UT.1,#66e566,"semi-humid, cool",#aabe7f,G,NA,NA
ARFR-NM930N-66-11,black,5,19,50,259,1036,1,1,NA,N,NA,NA,NA,NA,NA,NA,NA,NA,NA,NA,774,9a1b8445-5467-405a-8836-32e29d76a34c,NA,1,NA,NA,8/8/2024 18:00,7619914f-e8f7-4f00-a238-58f6e6f567dc,8/8/2024 21:45,agoebl,8/8/2024 21:45,agoebl,4401,NA,50,ARFR4-SOS-NM930N-66-11,#F46D43,-107.2045028,36.76818611,10 - 15 Deg. F. / 3 - 6,,10 - 15 Deg. F.,6-Mar,10 - 15 Deg. F. / 3 - 6,10 - 15 / semi-humid,NM.1,#66e566,"semi-humid, cool",#F46D43,C,NA,NA
ARFR-CO932-294-11,black,5,19,51,NA,1037,1,1,NA,N,NA,NA,NA,NA,NA,NA,NA,NA,NA,NA,775,06c3b046-460d-4ed1-aad0-66cdc285db13,NA,1,NA,NA,8/8/2024 18:00,7619914f-e8f7-4f00-a238-58f6e6f567dc,8/8/2024 21:45,agoebl,8/8/2024 21:45,agoebl,4402,NA,51,ARFR4-SOS-CO932-294-11,#ABDDA4,-105.2030833,39.78458333,15 - 20 Deg. F. / 3 - 6,,15 - 20 Deg. F.,6-Mar,15 - 20 Deg. F. / 3 - 6,15 - 20 / semi-humid,CO.4,#698b69,"semi-humid, warm",#ABDDA4,H,NA,NA
ARFR-CO932-294-11,black,5,19,52,NA,1038,1,1,NA,N,NA,NA,NA,NA,NA,NA,NA,NA,NA,NA,776,f912c784-20be-4b73-bbdd-cc367237af20,NA,1,NA,NA,8/8/2024 18:00,7619914f-e8f7-4f00-a238-58f6e6f567dc,8/8/2024 21:45,agoebl,8/8/2024 21:45,agoebl,4403,NA,52,ARFR4-SOS-CO932-294-11,#ABDDA4,-105.2030833,39.78458333,15 - 20 Deg. F. / 3 - 6,,15 - 20 Deg. F.,6-Mar,15 - 20 Deg. F. / 3 - 6,15 - 20 / semi-humid,CO.4,#698b69,"semi-humid, warm",#ABDDA4,H,NA,NA
ARFR-CO932-294-11,black,5,19,53,NA,1039,1,1,NA,N,NA,NA,NA,NA,NA,NA,NA,NA,NA,NA,777,4c0a0f4e-e5c9-45e2-b9de-820af196496a,NA,1,NA,NA,8/8/2024 18:00,7619914f-e8f7-4f00-a238-58f6e6f567dc,8/8/2024 21:45,agoebl,8/8/2024 21:45,agoebl,4404,NA,53,ARFR4-SOS-CO932-294-11,#ABDDA4,-105.2030833,39.78458333,15 - 20 Deg. F. / 3 - 6,,15 - 20 Deg. F.,6-Mar,15 - 20 Deg. F. / 3 - 6,15 - 20 / semi-humid,CO.4,#698b69,"semi-humid, warm",#ABDDA4,H,NA,NA
ARFR-AZ930-422-NAVAJO-18,black,5,19,54,NA,1040,1,1,NA,N,NA,NA,NA,NA,NA,NA,NA,NA,NA,NA,778,6656f6da-7048-4227-aeed-b3945ded270e,NA,1,NA,NA,8/8/2024 18:00,7619914f-e8f7-4f00-a238-58f6e6f567dc,8/8/2024 21:45,agoebl,8/8/2024 21:45,agoebl,4405,NA,54,ARFR4-SOS-AZ930-422-NAVAJO-18,#D53E4F,-110.431,36.56805,15 - 20 Deg. F. / 6 - 12,Lats corrected 20230127,15 - 20 Deg. F.,12-Jun,15 - 20 Deg. F. / 6 - 12,15 - 20 / semi-arid,AZ.2,#ee5c42,"semi-arid, warm",#D53E4F,B,NA,NA
ARFR-AZ930-423-NAVAJO-18,black,5,19,55,260,1041,1,1,NA,N,NA,NA,NA,NA,NA,NA,NA,NA,NA,NA,779,78e0266c-1981-4486-be34-bf36996878c2,NA,1,NA,NA,8/8/2024 18:00,7619914f-e8f7-4f00-a238-58f6e6f567dc,8/8/2024 21:45,agoebl,8/8/2024 21:45,agoebl,4406,NA,55,ARFR4-SOS-AZ930-423-NAVAJO-18,#9E0142,-110.431,36.45877,15 - 20 Deg. F. / 6 - 12,SdZones downloaded 20230823,15 - 20 Deg. F.,12-Jun,15 - 20 Deg. F. / 6 - 12,15 - 20 / semi-arid,AZ.1,#ee5c42,"semi-arid, warm",#9E0142,A,NA,NA
ARFR-CO932-316-JEFFERSON-12,black,5,20,1,249,1042,1,1,NA,Y,0.0089,0.674,7.573033708,NA,NA,NA,NA,NA,NA,NA,780,2fb0da16-b384-4c14-acab-9a9ed6cd6b7f,NA,1,NA,NA,8/8/2024 18:00,5072bfab-82a3-4bb4-8662-beaad7e62b4d,8/8/2024 21:45,agoebl,8/8/2024 21:45,agoebl,4407,NA,1,ARFR4-SOS-CO932-316-JEFFERSON-12,#FFFF85,-105.358,39.66325,15 - 20 Deg. F. / 3 - 6,,15 - 20 Deg. F.,6-Mar,15 - 20 Deg. F. / 3 - 6,15 - 20 / semi-humid,CO.3,#698b69,"semi-humid, warm",#FFFF85,F,NA,NA
ARFR-CO932-314-JEFFERSON-12,black,5,20,2,NA,1043,1,1,NA,N,NA,NA,NA,NA,NA,NA,NA,NA,NA,NA,781,6fdad1f1-3198-4abd-8994-7caa68742dde,NA,1,NA,NA,8/8/2024 18:00,5072bfab-82a3-4bb4-8662-beaad7e62b4d,8/8/2024 21:45,agoebl,8/8/2024 21:45,agoebl,4408,NA,2,ARFR4-SOS-CO932-314-JEFFERSON-12,#FEE08B,-105.3553333,39.40902778,10 - 15 Deg. F. / 3 - 6,,10 - 15 Deg. F.,6-Mar,10 - 15 Deg. F. / 3 - 6,10 - 15 / semi-humid,CO.2,#66e566,"semi-humid, cool",#FEE08B,E,NA,NA
ARFR-CO932-294-11,black,5,20,3,NA,1044,1,1,NA,N,NA,NA,NA,NA,NA,NA,NA,NA,NA,NA,782,3fc0bd4b-b624-40a7-915d-1a093da4c795,NA,1,NA,NA,8/8/2024 18:00,5072bfab-82a3-4bb4-8662-beaad7e62b4d,8/8/2024 21:45,agoebl,8/8/2024 21:45,agoebl,4409,NA,3,ARFR4-SOS-CO932-294-11,#ABDDA4,-105.2030833,39.78458333,15 - 20 Deg. F. / 3 - 6,,15 - 20 Deg. F.,6-Mar,15 - 20 Deg. F. / 3 - 6,15 - 20 / semi-humid,CO.4,#698b69,"semi-humid, warm",#ABDDA4,H,NA,NA
ARFR-WY930-44-LASANIMAS-13,black,5,20,4,NA,1045,1,1,NA,N,NA,NA,NA,NA,NA,NA,NA,NA,NA,NA,783,9dec0671-17b5-4653-9a4b-b5073c0a0e4f,NA,1,NA,NA,8/8/2024 18:00,5072bfab-82a3-4bb4-8662-beaad7e62b4d,8/8/2024 21:45,agoebl,8/8/2024 21:45,agoebl,4410,NA,4,ARFR4-SOS-WY930-44-LASANIMAS-13,#FDAE61,-104.6423889,37.16547222,15 - 20 Deg. F. / 3 - 6,,15 - 20 Deg. F.,6-Mar,15 - 20 Deg. F. / 3 - 6,15 - 20 / semi-humid,CO.1,#698b69,"semi-humid, warm",#FDAE61,D,NA,NA
ARFR-CO932-316-JEFFERSON-12,black,5,20,5,250,1046,1,1,43.272,N,NA,NA,NA,NA,43.272,15.04,8.23,2.03,NA,Y,784,96c9e6cd-a93c-42a2-b969-42d659297ce0,NA,NA,NA,H,8/8/2024 18:00,5072bfab-82a3-4bb4-8662-beaad7e62b4d,8/8/2024 21:45,agoebl,8/8/2024 21:45,agoebl,4411,NA,5,ARFR4-SOS-CO932-316-JEFFERSON-12,#FFFF85,-105.358,39.66325,15 - 20 Deg. F. / 3 - 6,,15 - 20 Deg. F.,6-Mar,15 - 20 Deg. F. / 3 - 6,15 - 20 / semi-humid,CO.3,#698b69,"semi-humid, warm",#FFFF85,F,NA,NA
ARFR-UT080-109-UINTAH-12,black,5,20,6,NA,1047,1,1,NA,N,NA,NA,NA,NA,NA,NA,NA,NA,NA,NA,785,d3cacb25-1df8-4940-aff6-92d77098746e,NA,1,NA,NA,8/8/2024 18:00,5072bfab-82a3-4bb4-8662-beaad7e62b4d,8/8/2024 21:45,agoebl,8/8/2024 21:45,agoebl,4412,NA,6,ARFR4-SOS-UT080-109-UINTAH-12,#aabe7f,-109.1426444,39.70802222,10 - 15 Deg. F. / 3 - 6,,10 - 15 Deg. F.,6-Mar,10 - 15 Deg. F. / 3 - 6,10 - 15 / semi-humid,UT.1,#66e566,"semi-humid, cool",#aabe7f,G,NA,NA
ARFR-CO932-294-11,black,5,20,7,NA,1048,1,1,NA,N,NA,NA,NA,NA,NA,NA,NA,NA,NA,NA,786,3e66f02e-e1e9-488e-938b-d1239fccaddd,NA,1,NA,NA,8/8/2024 18:00,5072bfab-82a3-4bb4-8662-beaad7e62b4d,8/8/2024 21:45,agoebl,8/8/2024 21:45,agoebl,4413,NA,7,ARFR4-SOS-CO932-294-11,#ABDDA4,-105.2030833,39.78458333,15 - 20 Deg. F. / 3 - 6,,15 - 20 Deg. F.,6-Mar,15 - 20 Deg. F. / 3 - 6,15 - 20 / semi-humid,CO.4,#698b69,"semi-humid, warm",#ABDDA4,H,NA,NA
ARFR-WY050-49-FREMONT-12,black,5,20,8,NA,1049,1,1,NA,N,NA,NA,NA,NA,NA,NA,NA,NA,NA,NA,787,b764ee83-da1c-43f3-bc31-d70956d5daf4,NA,1,NA,NA,8/8/2024 18:00,5072bfab-82a3-4bb4-8662-beaad7e62b4d,8/8/2024 21:45,agoebl,8/8/2024 21:45,agoebl,4414,NA,8,ARFR4-SOS-WY050-49-FREMONT-12,#5E4FA2,-109.34775,43.42663611,5 - 10 Deg. F. / 6 - 12,,5 - 10 Deg. F.,12-Jun,5 - 10 Deg. F. / 6 - 12,5 - 10 / semi-arid,WY.3,#ffb90f,"semi-arid, cold",#5E4FA2,K,NA,NA
ARFR-NM930N-66-11,black,5,20,9,NA,1050,1,1,NA,N,NA,NA,NA,NA,NA,NA,NA,NA,NA,NA,788,7708844b-3d50-4c00-8d07-16f69e287001,NA,1,NA,NA,8/8/2024 18:00,5072bfab-82a3-4bb4-8662-beaad7e62b4d,8/8/2024 21:45,agoebl,8/8/2024 21:45,agoebl,4415,NA,9,ARFR4-SOS-NM930N-66-11,#F46D43,-107.2045028,36.76818611,10 - 15 Deg. F. / 3 - 6,,10 - 15 Deg. F.,6-Mar,10 - 15 Deg. F. / 3 - 6,10 - 15 / semi-humid,NM.1,#66e566,"semi-humid, cool",#F46D43,C,NA,NA
ARFR-AZ930-423-NAVAJO-18,black,5,20,10,251,1051,1,NA,97.782,N,NA,NA,NA,NA,97.782,36.25,24.95,4.93,NA,Y,789,f301c67f-bd4c-4aa7-813d-132b72f0dd15,NA,NA,NA,H,8/8/2024 18:00,5072bfab-82a3-4bb4-8662-beaad7e62b4d,8/8/2024 21:45,agoebl,8/8/2024 21:45,agoebl,4416,NA,10,ARFR4-SOS-AZ930-423-NAVAJO-18,#9E0142,-110.431,36.45877,15 - 20 Deg. F. / 6 - 12,SdZones downloaded 20230823,15 - 20 Deg. F.,12-Jun,15 - 20 Deg. F. / 6 - 12,15 - 20 / semi-arid,AZ.1,#ee5c42,"semi-arid, warm",#9E0142,A,NA,Y
ARFR-WY930-44-LASANIMAS-13,black,5,20,11,NA,1052,1,1,NA,N,NA,NA,NA,NA,NA,NA,NA,NA,NA,NA,790,f7dab5a1-3a88-49db-977c-cfff3886dc16,NA,1,NA,NA,8/8/2024 18:00,5072bfab-82a3-4bb4-8662-beaad7e62b4d,8/8/2024 21:45,agoebl,8/8/2024 21:45,agoebl,4417,NA,11,ARFR4-SOS-WY930-44-LASANIMAS-13,#FDAE61,-104.6423889,37.16547222,15 - 20 Deg. F. / 3 - 6,,15 - 20 Deg. F.,6-Mar,15 - 20 Deg. F. / 3 - 6,15 - 20 / semi-humid,CO.1,#698b69,"semi-humid, warm",#FDAE61,D,NA,NA
ARFR-AZ930-422-NAVAJO-18,black,5,20,12,NA,1053,1,1,NA,N,NA,NA,NA,NA,NA,NA,NA,NA,NA,NA,791,9f614c4b-44f4-4244-8fb7-fbbd3abbc3ba,NA,1,NA,NA,8/8/2024 18:00,5072bfab-82a3-4bb4-8662-beaad7e62b4d,8/8/2024 21:45,agoebl,8/8/2024 21:45,agoebl,4418,NA,12,ARFR4-SOS-AZ930-422-NAVAJO-18,#D53E4F,-110.431,36.56805,15 - 20 Deg. F. / 6 - 12,Lats corrected 20230127,15 - 20 Deg. F.,12-Jun,15 - 20 Deg. F. / 6 - 12,15 - 20 / semi-arid,AZ.2,#ee5c42,"semi-arid, warm",#D53E4F,B,NA,NA
ARFR-AZ930-423-NAVAJO-18,black,5,20,13,NA,1054,1,1,NA,N,NA,NA,NA,NA,NA,NA,NA,NA,NA,NA,792,322567ac-c85e-46ab-9fc0-e29a42f40eb6,NA,1,NA,"Small, dry",8/8/2024 18:00,5072bfab-82a3-4bb4-8662-beaad7e62b4d,8/8/2024 21:45,agoebl,8/8/2024 21:45,agoebl,4419,NA,13,ARFR4-SOS-AZ930-423-NAVAJO-18,#9E0142,-110.431,36.45877,15 - 20 Deg. F. / 6 - 12,SdZones downloaded 20230823,15 - 20 Deg. F.,12-Jun,15 - 20 Deg. F. / 6 - 12,15 - 20 / semi-arid,AZ.1,#ee5c42,"semi-arid, warm",#9E0142,A,NA,NA
ARFR-WY930-44-LASANIMAS-13,black,5,20,14,NA,1055,1,1,NA,N,NA,NA,NA,NA,NA,NA,NA,NA,NA,NA,793,d881a362-e809-480a-898e-487425247212,NA,1,NA,NA,8/8/2024 18:00,5072bfab-82a3-4bb4-8662-beaad7e62b4d,8/8/2024 21:45,agoebl,8/8/2024 21:45,agoebl,4420,NA,14,ARFR4-SOS-WY930-44-LASANIMAS-13,#FDAE61,-104.6423889,37.16547222,15 - 20 Deg. F. / 3 - 6,,15 - 20 Deg. F.,6-Mar,15 - 20 Deg. F. / 3 - 6,15 - 20 / semi-humid,CO.1,#698b69,"semi-humid, warm",#FDAE61,D,NA,NA
ARFR-CO932-314-JEFFERSON-12,black,5,20,15,252,1056,1,1,NA,N,NA,NA,NA,NA,NA,NA,NA,NA,NA,NA,794,ea636c85-0e54-40cc-9ca3-a32da31fd723,NA,1,NA,NA,8/8/2024 18:00,5072bfab-82a3-4bb4-8662-beaad7e62b4d,8/8/2024 21:45,agoebl,8/8/2024 21:45,agoebl,4421,NA,15,ARFR4-SOS-CO932-314-JEFFERSON-12,#FEE08B,-105.3553333,39.40902778,10 - 15 Deg. F. / 3 - 6,,10 - 15 Deg. F.,6-Mar,10 - 15 Deg. F. / 3 - 6,10 - 15 / semi-humid,CO.2,#66e566,"semi-humid, cool",#FEE08B,E,NA,NA
ARFR-CO932-294-11,black,5,20,16,NA,1057,1,1,NA,N,NA,NA,NA,NA,NA,NA,NA,NA,NA,NA,795,0e45f066-4c4a-4aaf-8c52-aa8724e0b87a,NA,1,NA,NA,8/8/2024 18:00,5072bfab-82a3-4bb4-8662-beaad7e62b4d,8/8/2024 21:45,agoebl,8/8/2024 21:45,agoebl,4422,NA,16,ARFR4-SOS-CO932-294-11,#ABDDA4,-105.2030833,39.78458333,15 - 20 Deg. F. / 3 - 6,,15 - 20 Deg. F.,6-Mar,15 - 20 Deg. F. / 3 - 6,15 - 20 / semi-humid,CO.4,#698b69,"semi-humid, warm",#ABDDA4,H,NA,NA
ARFR-WY050-49-FREMONT-12,black,5,20,17,NA,1058,1,1,NA,N,NA,NA,NA,NA,NA,NA,NA,NA,NA,NA,796,ff549eb7-ec65-45fb-a675-bac905122d35,NA,1,NA,NA,8/8/2024 18:00,5072bfab-82a3-4bb4-8662-beaad7e62b4d,8/8/2024 21:45,agoebl,8/8/2024 21:45,agoebl,4423,NA,17,ARFR4-SOS-WY050-49-FREMONT-12,#5E4FA2,-109.34775,43.42663611,5 - 10 Deg. F. / 6 - 12,,5 - 10 Deg. F.,12-Jun,5 - 10 Deg. F. / 6 - 12,5 - 10 / semi-arid,WY.3,#ffb90f,"semi-arid, cold",#5E4FA2,K,NA,NA
ARFR-WY930-44-LASANIMAS-13,black,5,20,18,NA,1059,1,1,NA,N,NA,NA,NA,NA,NA,NA,NA,NA,NA,NA,797,a45b14d0-aeec-4e4d-9824-c760ffd5143c,NA,1,NA,NA,8/8/2024 18:00,5072bfab-82a3-4bb4-8662-beaad7e62b4d,8/8/2024 21:45,agoebl,8/8/2024 21:45,agoebl,4424,NA,18,ARFR4-SOS-WY930-44-LASANIMAS-13,#FDAE61,-104.6423889,37.16547222,15 - 20 Deg. F. / 3 - 6,,15 - 20 Deg. F.,6-Mar,15 - 20 Deg. F. / 3 - 6,15 - 20 / semi-humid,CO.1,#698b69,"semi-humid, warm",#FDAE61,D,NA,NA
ARFR-CO932-294-11,black,5,20,19,NA,1060,1,1,NA,N,NA,NA,NA,NA,NA,NA,NA,NA,NA,NA,798,47405180-bb08-48e0-9582-4dbebcfe21ff,NA,1,NA,NA,8/8/2024 18:00,5072bfab-82a3-4bb4-8662-beaad7e62b4d,8/8/2024 21:45,agoebl,8/8/2024 21:45,agoebl,4425,NA,19,ARFR4-SOS-CO932-294-11,#ABDDA4,-105.2030833,39.78458333,15 - 20 Deg. F. / 3 - 6,,15 - 20 Deg. F.,6-Mar,15 - 20 Deg. F. / 3 - 6,15 - 20 / semi-humid,CO.4,#698b69,"semi-humid, warm",#ABDDA4,H,NA,NA
ARFR-CO932-314-JEFFERSON-12,black,5,20,20,253,1061,1,1,NA,N,NA,NA,NA,NA,NA,NA,NA,NA,NA,NA,799,90f4e806-e524-45bc-8223-f09b51e1b10a,NA,1,NA,NA,8/8/2024 18:00,5072bfab-82a3-4bb4-8662-beaad7e62b4d,8/8/2024 21:45,agoebl,8/8/2024 21:45,agoebl,4426,NA,20,ARFR4-SOS-CO932-314-JEFFERSON-12,#FEE08B,-105.3553333,39.40902778,10 - 15 Deg. F. / 3 - 6,,10 - 15 Deg. F.,6-Mar,10 - 15 Deg. F. / 3 - 6,10 - 15 / semi-humid,CO.2,#66e566,"semi-humid, cool",#FEE08B,E,NA,NA
ARFR-NM930N-66-11,black,5,20,21,NA,1062,1,NA,NA,N,NA,NA,NA,NA,NA,NA,NA,NA,NA,NA,800,9fcb3f07-8ab5-4c35-b0be-5a6078f33ef0,NA,0,NA,NA,8/8/2024 18:00,5072bfab-82a3-4bb4-8662-beaad7e62b4d,8/8/2024 21:45,agoebl,8/8/2024 21:45,agoebl,4427,NA,21,ARFR4-SOS-NM930N-66-11,#F46D43,-107.2045028,36.76818611,10 - 15 Deg. F. / 3 - 6,,10 - 15 Deg. F.,6-Mar,10 - 15 Deg. F. / 3 - 6,10 - 15 / semi-humid,NM.1,#66e566,"semi-humid, cool",#F46D43,C,NA,NA
ARFR-UT080-109-UINTAH-12,black,5,20,22,NA,1063,1,1,NA,N,NA,NA,NA,NA,NA,NA,NA,NA,NA,NA,801,e87aef71-f20a-45a7-9f31-a462d0d1c794,NA,1,NA,NA,8/8/2024 18:00,5072bfab-82a3-4bb4-8662-beaad7e62b4d,8/8/2024 21:45,agoebl,8/8/2024 21:45,agoebl,4428,NA,22,ARFR4-SOS-UT080-109-UINTAH-12,#aabe7f,-109.1426444,39.70802222,10 - 15 Deg. F. / 3 - 6,,10 - 15 Deg. F.,6-Mar,10 - 15 Deg. F. / 3 - 6,10 - 15 / semi-humid,UT.1,#66e566,"semi-humid, cool",#aabe7f,G,NA,NA
ARFR-WY930-44-LASANIMAS-13,black,5,20,23,NA,1064,1,1,NA,N,NA,NA,NA,NA,NA,NA,NA,NA,NA,NA,802,7f6a61de-23c4-4507-bcc8-222bbcd42c05,NA,1,NA,NA,8/8/2024 18:00,5072bfab-82a3-4bb4-8662-beaad7e62b4d,8/8/2024 21:45,agoebl,8/8/2024 21:45,agoebl,4429,NA,23,ARFR4-SOS-WY930-44-LASANIMAS-13,#FDAE61,-104.6423889,37.16547222,15 - 20 Deg. F. / 3 - 6,,15 - 20 Deg. F.,6-Mar,15 - 20 Deg. F. / 3 - 6,15 - 20 / semi-humid,CO.1,#698b69,"semi-humid, warm",#FDAE61,D,NA,NA
ARFR-UT080-109-UINTAH-12,black,5,20,24,NA,1065,1,1,NA,N,NA,NA,NA,NA,NA,NA,NA,NA,NA,NA,803,7d2dd3ed-1203-42c8-b29e-58e39943e549,NA,1,NA,NA,8/8/2024 18:00,5072bfab-82a3-4bb4-8662-beaad7e62b4d,8/8/2024 21:45,agoebl,8/8/2024 21:45,agoebl,4430,NA,24,ARFR4-SOS-UT080-109-UINTAH-12,#aabe7f,-109.1426444,39.70802222,10 - 15 Deg. F. / 3 - 6,,10 - 15 Deg. F.,6-Mar,10 - 15 Deg. F. / 3 - 6,10 - 15 / semi-humid,UT.1,#66e566,"semi-humid, cool",#aabe7f,G,NA,NA
ARFR-WY930-44-LASANIMAS-13,black,5,20,25,254,1066,1,1,NA,N,NA,NA,NA,NA,NA,NA,NA,NA,NA,NA,804,2260e5fb-31d1-4b18-84d2-beaaff3de286,NA,1,NA,NA,8/8/2024 18:00,5072bfab-82a3-4bb4-8662-beaad7e62b4d,8/8/2024 21:45,agoebl,8/8/2024 21:45,agoebl,4431,NA,25,ARFR4-SOS-WY930-44-LASANIMAS-13,#FDAE61,-104.6423889,37.16547222,15 - 20 Deg. F. / 3 - 6,,15 - 20 Deg. F.,6-Mar,15 - 20 Deg. F. / 3 - 6,15 - 20 / semi-humid,CO.1,#698b69,"semi-humid, warm",#FDAE61,D,NA,NA
ARFR-UT080-109-UINTAH-12,black,5,20,26,NA,1067,1,1,NA,N,NA,NA,NA,NA,NA,NA,NA,NA,NA,NA,805,4d7c3fbe-8792-4043-8937-a74360d40184,NA,1,NA,NA,8/8/2024 18:00,5072bfab-82a3-4bb4-8662-beaad7e62b4d,8/8/2024 21:45,agoebl,8/8/2024 21:45,agoebl,4432,NA,26,ARFR4-SOS-UT080-109-UINTAH-12,#aabe7f,-109.1426444,39.70802222,10 - 15 Deg. F. / 3 - 6,,10 - 15 Deg. F.,6-Mar,10 - 15 Deg. F. / 3 - 6,10 - 15 / semi-humid,UT.1,#66e566,"semi-humid, cool",#aabe7f,G,NA,NA
ARFR-AZ930-422-NAVAJO-18,black,5,20,27,NA,1068,1,1,NA,N,NA,NA,NA,NA,NA,NA,NA,NA,NA,NA,806,290e7410-085e-4d16-a588-ba1640861357,NA,1,NA,NA,8/8/2024 18:00,5072bfab-82a3-4bb4-8662-beaad7e62b4d,8/8/2024 21:45,agoebl,8/8/2024 21:45,agoebl,4433,NA,27,ARFR4-SOS-AZ930-422-NAVAJO-18,#D53E4F,-110.431,36.56805,15 - 20 Deg. F. / 6 - 12,Lats corrected 20230127,15 - 20 Deg. F.,12-Jun,15 - 20 Deg. F. / 6 - 12,15 - 20 / semi-arid,AZ.2,#ee5c42,"semi-arid, warm",#D53E4F,B,NA,NA
ARFR-WY050-49-FREMONT-12,black,5,20,28,NA,1069,1,1,NA,N,NA,NA,NA,NA,NA,NA,NA,NA,NA,NA,807,9b9fd222-a995-42ef-8479-9ed43bd20b56,NA,1,NA,Small,8/8/2024 18:00,5072bfab-82a3-4bb4-8662-beaad7e62b4d,8/8/2024 21:45,agoebl,8/8/2024 21:45,agoebl,4434,NA,28,ARFR4-SOS-WY050-49-FREMONT-12,#5E4FA2,-109.34775,43.42663611,5 - 10 Deg. F. / 6 - 12,,5 - 10 Deg. F.,12-Jun,5 - 10 Deg. F. / 6 - 12,5 - 10 / semi-arid,WY.3,#ffb90f,"semi-arid, cold",#5E4FA2,K,NA,NA
ARFR-UT080-109-UINTAH-12,black,5,20,29,NA,1070,1,1,NA,N,NA,NA,NA,NA,NA,NA,NA,NA,NA,NA,808,8a14c253-bce8-45fe-950f-76012931da72,NA,1,NA,NA,8/8/2024 18:00,5072bfab-82a3-4bb4-8662-beaad7e62b4d,8/8/2024 21:45,agoebl,8/8/2024 21:45,agoebl,4435,NA,29,ARFR4-SOS-UT080-109-UINTAH-12,#aabe7f,-109.1426444,39.70802222,10 - 15 Deg. F. / 3 - 6,,10 - 15 Deg. F.,6-Mar,10 - 15 Deg. F. / 3 - 6,10 - 15 / semi-humid,UT.1,#66e566,"semi-humid, cool",#aabe7f,G,NA,NA
ARFR-WY050-49-FREMONT-12,black,5,20,30,255,1071,1,1,NA,N,NA,NA,NA,NA,NA,NA,NA,NA,NA,NA,809,971daa7e-5b6a-4e1a-b6ac-d45c16b9175f,NA,1,NA,NA,8/8/2024 18:00,5072bfab-82a3-4bb4-8662-beaad7e62b4d,8/8/2024 21:45,agoebl,8/8/2024 21:45,agoebl,4436,NA,30,ARFR4-SOS-WY050-49-FREMONT-12,#5E4FA2,-109.34775,43.42663611,5 - 10 Deg. F. / 6 - 12,,5 - 10 Deg. F.,12-Jun,5 - 10 Deg. F. / 6 - 12,5 - 10 / semi-arid,WY.3,#ffb90f,"semi-arid, cold",#5E4FA2,K,NA,NA
ARFR-WY040-71-10,black,5,20,31,NA,1072,1,1,NA,N,NA,NA,NA,NA,NA,NA,NA,NA,NA,NA,810,c37ce47a-e88a-4add-996a-c23e72519074,NA,0,NA,Original plant visible,8/8/2024 18:00,5072bfab-82a3-4bb4-8662-beaad7e62b4d,8/8/2024 21:45,agoebl,8/8/2024 21:45,agoebl,4437,NA,31,ARFR4-SOS-WY040-71-10,#66C2A5,-109.2433156,41.13271889,5 - 10 Deg. F. / 3 - 6,,5 - 10 Deg. F.,6-Mar,5 - 10 Deg. F. / 3 - 6,5 - 10 / semi-humid,WY.1,#a5c2f1,"semi-humid, cold",#66C2A5,I,NA,NA
ARFR-WY040-71-10,black,5,20,32,NA,1073,1,1,NA,N,NA,NA,NA,NA,NA,NA,NA,NA,NA,NA,811,d619a903-d2d4-407d-91d0-3efbda3cba63,NA,1,NA,Nearly dead,8/8/2024 18:00,5072bfab-82a3-4bb4-8662-beaad7e62b4d,8/8/2024 21:45,agoebl,8/8/2024 21:45,agoebl,4438,NA,32,ARFR4-SOS-WY040-71-10,#66C2A5,-109.2433156,41.13271889,5 - 10 Deg. F. / 3 - 6,,5 - 10 Deg. F.,6-Mar,5 - 10 Deg. F. / 3 - 6,5 - 10 / semi-humid,WY.1,#a5c2f1,"semi-humid, cold",#66C2A5,I,NA,NA
ARFR-WY040-71-10,black,5,20,33,NA,1074,1,1,NA,N,NA,NA,NA,NA,NA,NA,NA,NA,NA,NA,812,f0167654-28c9-470c-b64d-f0065e15270f,NA,1,NA,Very dry,8/8/2024 18:00,5072bfab-82a3-4bb4-8662-beaad7e62b4d,8/8/2024 21:45,agoebl,8/8/2024 21:45,agoebl,4439,NA,33,ARFR4-SOS-WY040-71-10,#66C2A5,-109.2433156,41.13271889,5 - 10 Deg. F. / 3 - 6,,5 - 10 Deg. F.,6-Mar,5 - 10 Deg. F. / 3 - 6,5 - 10 / semi-humid,WY.1,#a5c2f1,"semi-humid, cold",#66C2A5,I,NA,NA
ARFR-AZ930-423-NAVAJO-18,black,5,20,34,NA,1075,1,1,NA,N,NA,NA,NA,NA,NA,NA,NA,NA,NA,NA,813,26459d83-c539-46bb-9a1d-e1c578ab5430,NA,1,NA,NA,8/8/2024 18:00,5072bfab-82a3-4bb4-8662-beaad7e62b4d,8/8/2024 21:45,agoebl,8/8/2024 21:45,agoebl,4440,NA,34,ARFR4-SOS-AZ930-423-NAVAJO-18,#9E0142,-110.431,36.45877,15 - 20 Deg. F. / 6 - 12,SdZones downloaded 20230823,15 - 20 Deg. F.,12-Jun,15 - 20 Deg. F. / 6 - 12,15 - 20 / semi-arid,AZ.1,#ee5c42,"semi-arid, warm",#9E0142,A,NA,NA
ARFR-WY040-71-10,black,5,20,35,256,1076,1,1,NA,N,NA,NA,NA,NA,NA,NA,NA,NA,NA,NA,814,03143411-2880-4a3b-90b9-b59c2620073c,NA,1,NA,Very dry,8/8/2024 18:00,5072bfab-82a3-4bb4-8662-beaad7e62b4d,8/8/2024 21:45,agoebl,8/8/2024 21:45,agoebl,4441,NA,35,ARFR4-SOS-WY040-71-10,#66C2A5,-109.2433156,41.13271889,5 - 10 Deg. F. / 3 - 6,,5 - 10 Deg. F.,6-Mar,5 - 10 Deg. F. / 3 - 6,5 - 10 / semi-humid,WY.1,#a5c2f1,"semi-humid, cold",#66C2A5,I,NA,NA
ARFR-CO932-316-JEFFERSON-12,black,5,20,36,NA,1077,1,1,NA,N,NA,NA,NA,NA,NA,NA,NA,NA,NA,NA,815,43a5df50-6c24-4575-b329-ba1beb1d0cd9,NA,1,NA,NA,8/8/2024 18:00,5072bfab-82a3-4bb4-8662-beaad7e62b4d,8/8/2024 21:45,agoebl,8/8/2024 21:45,agoebl,4442,NA,36,ARFR4-SOS-CO932-316-JEFFERSON-12,#FFFF85,-105.358,39.66325,15 - 20 Deg. F. / 3 - 6,,15 - 20 Deg. F.,6-Mar,15 - 20 Deg. F. / 3 - 6,15 - 20 / semi-humid,CO.3,#698b69,"semi-humid, warm",#FFFF85,F,NA,NA
ARFR-CO932-294-11,black,5,20,37,NA,1078,1,1,NA,N,NA,NA,NA,NA,NA,NA,NA,NA,NA,NA,816,ca41891a-6ac1-4316-bd98-3deabdbbdb9b,NA,1,NA,NA,8/8/2024 18:00,5072bfab-82a3-4bb4-8662-beaad7e62b4d,8/8/2024 21:45,agoebl,8/8/2024 21:45,agoebl,4443,NA,37,ARFR4-SOS-CO932-294-11,#ABDDA4,-105.2030833,39.78458333,15 - 20 Deg. F. / 3 - 6,,15 - 20 Deg. F.,6-Mar,15 - 20 Deg. F. / 3 - 6,15 - 20 / semi-humid,CO.4,#698b69,"semi-humid, warm",#ABDDA4,H,NA,NA
ARFR-WY050-49-FREMONT-12,black,5,20,38,NA,1079,1,NA,36.752,N,NA,NA,NA,NA,36.752,9.33,4.72,0.58,NA,Y,817,291f6eaf-1022-468c-8cd1-6e2000441c13,NA,NA,NA,H,8/8/2024 18:00,5072bfab-82a3-4bb4-8662-beaad7e62b4d,8/8/2024 21:45,agoebl,8/8/2024 21:45,agoebl,4444,NA,38,ARFR4-SOS-WY050-49-FREMONT-12,#5E4FA2,-109.34775,43.42663611,5 - 10 Deg. F. / 6 - 12,,5 - 10 Deg. F.,12-Jun,5 - 10 Deg. F. / 6 - 12,5 - 10 / semi-arid,WY.3,#ffb90f,"semi-arid, cold",#5E4FA2,K,NA,Y
ARFR-NM930N-66-11,black,5,20,39,NA,1080,1,1,NA,N,NA,NA,NA,NA,NA,NA,NA,NA,NA,NA,818,e217d95f-76c7-403b-9bbd-10bd20dc7a78,NA,1,NA,NA,8/8/2024 18:00,5072bfab-82a3-4bb4-8662-beaad7e62b4d,8/8/2024 21:45,agoebl,8/8/2024 21:45,agoebl,4445,NA,39,ARFR4-SOS-NM930N-66-11,#F46D43,-107.2045028,36.76818611,10 - 15 Deg. F. / 3 - 6,,10 - 15 Deg. F.,6-Mar,10 - 15 Deg. F. / 3 - 6,10 - 15 / semi-humid,NM.1,#66e566,"semi-humid, cool",#F46D43,C,NA,NA
ARFR-WY040-71-10,black,5,20,40,257,1081,1,1,NA,Y,0.0057,0.491,8.614035088,NA,NA,NA,NA,NA,NA,NA,819,38690d25-42eb-4ce9-be21-5d3d6e80b812,NA,1,NA,Nearly dead,8/8/2024 18:00,5072bfab-82a3-4bb4-8662-beaad7e62b4d,8/8/2024 21:45,agoebl,8/8/2024 21:45,agoebl,4446,NA,40,ARFR4-SOS-WY040-71-10,#66C2A5,-109.2433156,41.13271889,5 - 10 Deg. F. / 3 - 6,,5 - 10 Deg. F.,6-Mar,5 - 10 Deg. F. / 3 - 6,5 - 10 / semi-humid,WY.1,#a5c2f1,"semi-humid, cold",#66C2A5,I,NA,NA
ARFR-WY930-44-LASANIMAS-13,black,5,20,41,NA,1082,1,1,NA,N,NA,NA,NA,NA,NA,NA,NA,NA,NA,NA,820,dfc6463a-247e-49ed-b6b0-73168dfcd74c,NA,1,NA,NA,8/8/2024 18:00,5072bfab-82a3-4bb4-8662-beaad7e62b4d,8/8/2024 21:45,agoebl,8/8/2024 21:45,agoebl,4447,NA,41,ARFR4-SOS-WY930-44-LASANIMAS-13,#FDAE61,-104.6423889,37.16547222,15 - 20 Deg. F. / 3 - 6,,15 - 20 Deg. F.,6-Mar,15 - 20 Deg. F. / 3 - 6,15 - 20 / semi-humid,CO.1,#698b69,"semi-humid, warm",#FDAE61,D,NA,NA
ARFR-WY930-44-LASANIMAS-13,black,5,20,42,NA,1083,1,1,NA,N,NA,NA,NA,NA,NA,NA,NA,NA,NA,NA,821,1a9c2edd-cced-41cf-8eba-2ce11bfc9284,NA,1,NA,NA,8/8/2024 18:00,5072bfab-82a3-4bb4-8662-beaad7e62b4d,8/8/2024 21:45,agoebl,8/8/2024 21:45,agoebl,4448,NA,42,ARFR4-SOS-WY930-44-LASANIMAS-13,#FDAE61,-104.6423889,37.16547222,15 - 20 Deg. F. / 3 - 6,,15 - 20 Deg. F.,6-Mar,15 - 20 Deg. F. / 3 - 6,15 - 20 / semi-humid,CO.1,#698b69,"semi-humid, warm",#FDAE61,D,NA,NA
ARFR-CO932-314-JEFFERSON-12,black,5,20,43,NA,1084,1,1,NA,N,NA,NA,NA,NA,NA,NA,NA,NA,NA,NA,822,1b5bce05-daa4-425a-b077-466465e6357d,NA,1,NA,NA,8/8/2024 18:00,5072bfab-82a3-4bb4-8662-beaad7e62b4d,8/8/2024 21:45,agoebl,8/8/2024 21:45,agoebl,4449,NA,43,ARFR4-SOS-CO932-314-JEFFERSON-12,#FEE08B,-105.3553333,39.40902778,10 - 15 Deg. F. / 3 - 6,,10 - 15 Deg. F.,6-Mar,10 - 15 Deg. F. / 3 - 6,10 - 15 / semi-humid,CO.2,#66e566,"semi-humid, cool",#FEE08B,E,NA,NA
ARFR-WY040-71-10,black,5,20,44,NA,1085,1,1,NA,N,NA,NA,NA,NA,NA,NA,NA,NA,NA,NA,823,65f3ac1d-83c5-4112-a81e-8080f31466fb,NA,1,NA,Very dry,8/8/2024 18:00,5072bfab-82a3-4bb4-8662-beaad7e62b4d,8/8/2024 21:45,agoebl,8/8/2024 21:45,agoebl,4450,NA,44,ARFR4-SOS-WY040-71-10,#66C2A5,-109.2433156,41.13271889,5 - 10 Deg. F. / 3 - 6,,5 - 10 Deg. F.,6-Mar,5 - 10 Deg. F. / 3 - 6,5 - 10 / semi-humid,WY.1,#a5c2f1,"semi-humid, cold",#66C2A5,I,NA,NA
ARFR-WY050-151-FREMONT-16,black,5,20,45,258,1086,1,1,NA,N,NA,NA,NA,NA,NA,NA,NA,NA,NA,NA,824,1b02d816-934f-4391-9613-318d7f9ada46,NA,1,NA,NA,8/8/2024 18:00,5072bfab-82a3-4bb4-8662-beaad7e62b4d,8/8/2024 21:45,agoebl,8/8/2024 21:45,agoebl,4451,NA,45,ARFR4-SOS-WY050-151-FREMONT-16,#3288BD,-108.1704472,42.47886111,10 - 15 Deg. F. / 6 - 12,,10 - 15 Deg. F.,12-Jun,10 - 15 Deg. F. / 6 - 12,10 - 15 / semi-arid,WY.2,#cd8500,"semi-arid, cool",#3288BD,J,NA,NA
ARFR-NM930N-66-11,black,5,20,46,NA,1087,1,1,NA,Y,0.0156,1.495,9.583333333,NA,NA,NA,NA,NA,NA,NA,825,e86d37bf-f5d7-4d2b-8547-8ecb0142ea9e,NA,1,NA,NA,8/8/2024 18:00,5072bfab-82a3-4bb4-8662-beaad7e62b4d,8/8/2024 21:45,agoebl,8/8/2024 21:45,agoebl,4452,NA,46,ARFR4-SOS-NM930N-66-11,#F46D43,-107.2045028,36.76818611,10 - 15 Deg. F. / 3 - 6,,10 - 15 Deg. F.,6-Mar,10 - 15 Deg. F. / 3 - 6,10 - 15 / semi-humid,NM.1,#66e566,"semi-humid, cool",#F46D43,C,NA,NA
ARFR-NM930N-66-11,black,5,20,47,NA,1088,1,1,NA,N,NA,NA,NA,NA,NA,NA,NA,NA,NA,NA,826,d5b9e29d-9491-4463-af4e-9d034ef4acc9,NA,1,NA,NA,8/8/2024 18:00,5072bfab-82a3-4bb4-8662-beaad7e62b4d,8/8/2024 21:45,agoebl,8/8/2024 21:45,agoebl,4453,NA,47,ARFR4-SOS-NM930N-66-11,#F46D43,-107.2045028,36.76818611,10 - 15 Deg. F. / 3 - 6,,10 - 15 Deg. F.,6-Mar,10 - 15 Deg. F. / 3 - 6,10 - 15 / semi-humid,NM.1,#66e566,"semi-humid, cool",#F46D43,C,NA,NA
ARFR-AZ930-422-NAVAJO-18,black,5,20,48,NA,1089,1,1,NA,N,NA,NA,NA,NA,NA,NA,NA,NA,NA,NA,827,14b3e586-6728-4337-8a8d-810a98c88fee,NA,1,NA,Dry,8/8/2024 18:00,5072bfab-82a3-4bb4-8662-beaad7e62b4d,8/8/2024 21:45,agoebl,8/8/2024 21:45,agoebl,4454,NA,48,ARFR4-SOS-AZ930-422-NAVAJO-18,#D53E4F,-110.431,36.56805,15 - 20 Deg. F. / 6 - 12,Lats corrected 20230127,15 - 20 Deg. F.,12-Jun,15 - 20 Deg. F. / 6 - 12,15 - 20 / semi-arid,AZ.2,#ee5c42,"semi-arid, warm",#D53E4F,B,NA,NA
ARFR-WY040-71-10,black,5,20,49,NA,1090,1,1,NA,N,NA,NA,NA,NA,NA,NA,NA,NA,NA,NA,828,27d9a459-5269-4991-af7e-8fcef31bab91,NA,1,NA,Nearly dead,8/8/2024 18:00,5072bfab-82a3-4bb4-8662-beaad7e62b4d,8/8/2024 21:45,agoebl,8/8/2024 21:45,agoebl,4455,NA,49,ARFR4-SOS-WY040-71-10,#66C2A5,-109.2433156,41.13271889,5 - 10 Deg. F. / 3 - 6,,5 - 10 Deg. F.,6-Mar,5 - 10 Deg. F. / 3 - 6,5 - 10 / semi-humid,WY.1,#a5c2f1,"semi-humid, cold",#66C2A5,I,NA,NA
ARFR-CO932-316-JEFFERSON-12,black,5,20,50,259,1091,1,1,80.942,N,NA,NA,NA,NA,80.942,24.29,4.02,3.75,NA,Y,829,4dff2b9a-cdc2-42be-96b9-9c9675746193,NA,NA,NA,H,8/8/2024 18:00,5072bfab-82a3-4bb4-8662-beaad7e62b4d,8/8/2024 21:45,agoebl,8/8/2024 21:45,agoebl,4456,NA,50,ARFR4-SOS-CO932-316-JEFFERSON-12,#FFFF85,-105.358,39.66325,15 - 20 Deg. F. / 3 - 6,,15 - 20 Deg. F.,6-Mar,15 - 20 Deg. F. / 3 - 6,15 - 20 / semi-humid,CO.3,#698b69,"semi-humid, warm",#FFFF85,F,NA,NA
ARFR-AZ930-422-NAVAJO-18,black,5,20,51,NA,1092,1,1,NA,N,NA,NA,NA,NA,NA,NA,NA,NA,NA,NA,830,8d81fcc6-9e2a-4ccf-b356-1d5ed2d102fc,NA,1,NA,NA,8/8/2024 18:00,5072bfab-82a3-4bb4-8662-beaad7e62b4d,8/8/2024 21:45,agoebl,8/8/2024 21:45,agoebl,4457,NA,51,ARFR4-SOS-AZ930-422-NAVAJO-18,#D53E4F,-110.431,36.56805,15 - 20 Deg. F. / 6 - 12,Lats corrected 20230127,15 - 20 Deg. F.,12-Jun,15 - 20 Deg. F. / 6 - 12,15 - 20 / semi-arid,AZ.2,#ee5c42,"semi-arid, warm",#D53E4F,B,NA,NA
ARFR-NM930N-66-11,black,5,20,52,NA,1093,1,1,NA,N,NA,NA,NA,NA,NA,NA,NA,NA,NA,NA,831,c3df45da-a838-465f-8b7d-f2f23e10ccab,NA,1,NA,NA,8/8/2024 18:00,5072bfab-82a3-4bb4-8662-beaad7e62b4d,8/8/2024 21:45,agoebl,8/8/2024 21:45,agoebl,4458,NA,52,ARFR4-SOS-NM930N-66-11,#F46D43,-107.2045028,36.76818611,10 - 15 Deg. F. / 3 - 6,,10 - 15 Deg. F.,6-Mar,10 - 15 Deg. F. / 3 - 6,10 - 15 / semi-humid,NM.1,#66e566,"semi-humid, cool",#F46D43,C,NA,NA
ARFR-WY050-151-FREMONT-16,black,5,20,53,NA,1094,1,1,NA,N,NA,NA,NA,NA,NA,NA,NA,NA,NA,NA,832,4a580dbc-b209-410f-a68e-848098b373f2,NA,1,NA,Small,8/8/2024 18:00,5072bfab-82a3-4bb4-8662-beaad7e62b4d,8/8/2024 21:45,agoebl,8/8/2024 21:45,agoebl,4459,NA,53,ARFR4-SOS-WY050-151-FREMONT-16,#3288BD,-108.1704472,42.47886111,10 - 15 Deg. F. / 6 - 12,,10 - 15 Deg. F.,12-Jun,10 - 15 Deg. F. / 6 - 12,10 - 15 / semi-arid,WY.2,#cd8500,"semi-arid, cool",#3288BD,J,NA,NA
ARFR-CO932-314-JEFFERSON-12,black,5,20,54,NA,1095,1,1,NA,N,NA,NA,NA,NA,NA,NA,NA,NA,NA,NA,833,384c1440-90d7-456e-bfc0-6a90608a4b6c,NA,1,NA,NA,8/8/2024 18:00,5072bfab-82a3-4bb4-8662-beaad7e62b4d,8/8/2024 21:45,agoebl,8/8/2024 21:45,agoebl,4460,NA,54,ARFR4-SOS-CO932-314-JEFFERSON-12,#FEE08B,-105.3553333,39.40902778,10 - 15 Deg. F. / 3 - 6,,10 - 15 Deg. F.,6-Mar,10 - 15 Deg. F. / 3 - 6,10 - 15 / semi-humid,CO.2,#66e566,"semi-humid, cool",#FEE08B,E,NA,NA
ARFR-WY050-151-FREMONT-16,white,6,21,1,261,1096,1,1,NA,N,NA,NA,NA,NA,NA,NA,NA,NA,NA,NA,888,43a53a71-3281-46aa-8153-c2212aebdc8e,NA,0,NA,Possible recruit,8/13/2024 18:00,40ac51ff-7373-487a-92d9-6be73bd2b6f8,8/13/2024 19:22,agoebl,8/13/2024 19:22,agoebl,4461,NA,1,ARFR4-SOS-WY050-151-FREMONT-16,#3288BD,-108.1704472,42.47886111,10 - 15 Deg. F. / 6 - 12,,10 - 15 Deg. F.,12-Jun,10 - 15 Deg. F. / 6 - 12,10 - 15 / semi-arid,WY.2,#cd8500,"semi-arid, cool",#3288BD,J,NA,NA
ARFR-UT080-109-UINTAH-12,white,6,21,2,NA,1097,1,1,NA,N,NA,NA,NA,NA,NA,NA,NA,NA,NA,NA,889,e419dfd0-a671-42cd-924b-768e066baeb6,NA,1,NA,NA,8/13/2024 18:00,40ac51ff-7373-487a-92d9-6be73bd2b6f8,8/13/2024 19:22,agoebl,8/13/2024 19:22,agoebl,4462,NA,2,ARFR4-SOS-UT080-109-UINTAH-12,#aabe7f,-109.1426444,39.70802222,10 - 15 Deg. F. / 3 - 6,,10 - 15 Deg. F.,6-Mar,10 - 15 Deg. F. / 3 - 6,10 - 15 / semi-humid,UT.1,#66e566,"semi-humid, cool",#aabe7f,G,NA,NA
ARFR-WY050-49-FREMONT-12,white,6,21,3,NA,1098,1,1,NA,N,NA,NA,NA,NA,NA,NA,NA,NA,NA,NA,890,280a8c2d-3d18-4538-ba56-96c9434a891a,NA,1,NA,NA,8/13/2024 18:00,40ac51ff-7373-487a-92d9-6be73bd2b6f8,8/13/2024 19:22,agoebl,8/13/2024 19:22,agoebl,4463,NA,3,ARFR4-SOS-WY050-49-FREMONT-12,#5E4FA2,-109.34775,43.42663611,5 - 10 Deg. F. / 6 - 12,,5 - 10 Deg. F.,12-Jun,5 - 10 Deg. F. / 6 - 12,5 - 10 / semi-arid,WY.3,#ffb90f,"semi-arid, cold",#5E4FA2,K,NA,NA
ARFR-CO932-294-11,white,6,21,4,NA,1099,1,1,NA,N,NA,NA,NA,NA,NA,NA,NA,NA,NA,NA,891,a8f700be-eba4-4d07-b84b-e86de6b66dfa,NA,1,NA,NA,8/13/2024 18:00,40ac51ff-7373-487a-92d9-6be73bd2b6f8,8/13/2024 19:22,agoebl,8/13/2024 19:22,agoebl,4464,NA,4,ARFR4-SOS-CO932-294-11,#ABDDA4,-105.2030833,39.78458333,15 - 20 Deg. F. / 3 - 6,,15 - 20 Deg. F.,6-Mar,15 - 20 Deg. F. / 3 - 6,15 - 20 / semi-humid,CO.4,#698b69,"semi-humid, warm",#ABDDA4,H,NA,NA
ARFR-WY040-71-10,white,6,21,5,262,1100,1,1,NA,N,NA,NA,NA,NA,NA,NA,NA,NA,NA,NA,892,8451525d-702a-446b-98ba-259209f668a6,NA,1,NA,Dry,8/13/2024 18:00,40ac51ff-7373-487a-92d9-6be73bd2b6f8,8/13/2024 19:22,agoebl,8/13/2024 19:22,agoebl,4465,NA,5,ARFR4-SOS-WY040-71-10,#66C2A5,-109.2433156,41.13271889,5 - 10 Deg. F. / 3 - 6,,5 - 10 Deg. F.,6-Mar,5 - 10 Deg. F. / 3 - 6,5 - 10 / semi-humid,WY.1,#a5c2f1,"semi-humid, cold",#66C2A5,I,NA,NA
ARFR-AZ930-422-NAVAJO-18,white,6,21,6,NA,1101,1,1,NA,N,NA,NA,NA,NA,NA,NA,NA,NA,NA,NA,893,a1847814-bca9-44cb-aad2-e3c8eee310f5,NA,1,NA,Dry,8/13/2024 18:00,40ac51ff-7373-487a-92d9-6be73bd2b6f8,8/13/2024 19:22,agoebl,8/13/2024 19:22,agoebl,4466,NA,6,ARFR4-SOS-AZ930-422-NAVAJO-18,#D53E4F,-110.431,36.56805,15 - 20 Deg. F. / 6 - 12,Lats corrected 20230127,15 - 20 Deg. F.,12-Jun,15 - 20 Deg. F. / 6 - 12,15 - 20 / semi-arid,AZ.2,#ee5c42,"semi-arid, warm",#D53E4F,B,NA,NA
ARFR-WY050-151-FREMONT-16,white,6,21,7,NA,1102,1,1,NA,N,NA,NA,NA,NA,NA,NA,NA,NA,NA,NA,894,ed6287ff-827a-4943-b250-5ed4964b2340,NA,1,NA,NA,8/13/2024 18:00,40ac51ff-7373-487a-92d9-6be73bd2b6f8,8/13/2024 19:22,agoebl,8/13/2024 19:22,agoebl,4467,NA,7,ARFR4-SOS-WY050-151-FREMONT-16,#3288BD,-108.1704472,42.47886111,10 - 15 Deg. F. / 6 - 12,,10 - 15 Deg. F.,12-Jun,10 - 15 Deg. F. / 6 - 12,10 - 15 / semi-arid,WY.2,#cd8500,"semi-arid, cool",#3288BD,J,NA,NA
ARFR-WY040-71-10,white,6,21,8,NA,1103,1,1,NA,N,NA,NA,NA,NA,NA,NA,NA,NA,NA,NA,895,acbb4c12-879c-460e-bf08-836eabdbeb12,NA,0,NA,NA,8/13/2024 18:00,40ac51ff-7373-487a-92d9-6be73bd2b6f8,8/13/2024 19:22,agoebl,8/13/2024 19:22,agoebl,4468,NA,8,ARFR4-SOS-WY040-71-10,#66C2A5,-109.2433156,41.13271889,5 - 10 Deg. F. / 3 - 6,,5 - 10 Deg. F.,6-Mar,5 - 10 Deg. F. / 3 - 6,5 - 10 / semi-humid,WY.1,#a5c2f1,"semi-humid, cold",#66C2A5,I,NA,NA
ARFR-WY050-151-FREMONT-16,white,6,21,9,NA,1104,1,1,NA,N,NA,NA,NA,NA,NA,NA,NA,NA,NA,NA,896,3fe0d21a-58f2-453d-aca1-e4c6e0d56c14,NA,1,NA,NA,8/13/2024 18:00,40ac51ff-7373-487a-92d9-6be73bd2b6f8,8/13/2024 19:22,agoebl,8/13/2024 19:22,agoebl,4469,NA,9,ARFR4-SOS-WY050-151-FREMONT-16,#3288BD,-108.1704472,42.47886111,10 - 15 Deg. F. / 6 - 12,,10 - 15 Deg. F.,12-Jun,10 - 15 Deg. F. / 6 - 12,10 - 15 / semi-arid,WY.2,#cd8500,"semi-arid, cool",#3288BD,J,NA,NA
ARFR-WY930-44-LASANIMAS-13,white,6,21,10,263,1105,1,1,NA,N,NA,NA,NA,NA,NA,NA,NA,NA,NA,NA,897,55685c53-8be9-4560-ab88-c5cc85c72843,NA,1,NA,NA,8/13/2024 18:00,40ac51ff-7373-487a-92d9-6be73bd2b6f8,8/13/2024 19:22,agoebl,8/13/2024 19:22,agoebl,4470,NA,10,ARFR4-SOS-WY930-44-LASANIMAS-13,#FDAE61,-104.6423889,37.16547222,15 - 20 Deg. F. / 3 - 6,,15 - 20 Deg. F.,6-Mar,15 - 20 Deg. F. / 3 - 6,15 - 20 / semi-humid,CO.1,#698b69,"semi-humid, warm",#FDAE61,D,NA,NA
ARFR-NM930N-66-11,white,6,21,11,NA,1106,1,1,NA,N,NA,NA,NA,NA,NA,NA,NA,NA,NA,NA,898,8affec91-b635-4c07-b4f5-d82ef1794379,NA,1,NA,NA,8/13/2024 18:00,40ac51ff-7373-487a-92d9-6be73bd2b6f8,8/13/2024 19:22,agoebl,8/13/2024 19:22,agoebl,4471,NA,11,ARFR4-SOS-NM930N-66-11,#F46D43,-107.2045028,36.76818611,10 - 15 Deg. F. / 3 - 6,,10 - 15 Deg. F.,6-Mar,10 - 15 Deg. F. / 3 - 6,10 - 15 / semi-humid,NM.1,#66e566,"semi-humid, cool",#F46D43,C,NA,NA
ARFR-NM930N-66-11,white,6,21,12,NA,1107,1,1,NA,N,NA,NA,NA,NA,NA,NA,NA,NA,NA,NA,899,8d89d5ce-cb2f-4193-89e1-a3f3f17425b8,NA,1,NA,NA,8/13/2024 18:00,40ac51ff-7373-487a-92d9-6be73bd2b6f8,8/13/2024 19:22,agoebl,8/13/2024 19:22,agoebl,4472,NA,12,ARFR4-SOS-NM930N-66-11,#F46D43,-107.2045028,36.76818611,10 - 15 Deg. F. / 3 - 6,,10 - 15 Deg. F.,6-Mar,10 - 15 Deg. F. / 3 - 6,10 - 15 / semi-humid,NM.1,#66e566,"semi-humid, cool",#F46D43,C,NA,NA
ARFR-NM930N-66-11,white,6,21,13,NA,1108,1,1,NA,N,NA,NA,NA,NA,NA,NA,NA,NA,NA,NA,900,ac0658e4-d2ad-499f-a6ab-1bfc56bd5f1b,NA,1,NA,NA,8/13/2024 18:00,40ac51ff-7373-487a-92d9-6be73bd2b6f8,8/13/2024 19:22,agoebl,8/13/2024 19:22,agoebl,4473,NA,13,ARFR4-SOS-NM930N-66-11,#F46D43,-107.2045028,36.76818611,10 - 15 Deg. F. / 3 - 6,,10 - 15 Deg. F.,6-Mar,10 - 15 Deg. F. / 3 - 6,10 - 15 / semi-humid,NM.1,#66e566,"semi-humid, cool",#F46D43,C,NA,NA
ARFR-WY050-151-FREMONT-16,white,6,21,14,NA,1109,1,1,NA,N,NA,NA,NA,NA,NA,NA,NA,NA,NA,NA,901,3ce459c1-e9ed-42f0-be02-bdfbd22b1d9a,NA,1,NA,NA,8/13/2024 18:00,40ac51ff-7373-487a-92d9-6be73bd2b6f8,8/13/2024 19:22,agoebl,8/13/2024 19:22,agoebl,4474,NA,14,ARFR4-SOS-WY050-151-FREMONT-16,#3288BD,-108.1704472,42.47886111,10 - 15 Deg. F. / 6 - 12,,10 - 15 Deg. F.,12-Jun,10 - 15 Deg. F. / 6 - 12,10 - 15 / semi-arid,WY.2,#cd8500,"semi-arid, cool",#3288BD,J,NA,NA
ARFR-CO932-314-JEFFERSON-12,white,6,21,15,264,1110,1,1,NA,N,NA,NA,NA,NA,NA,NA,NA,NA,NA,NA,902,5a8c39b5-9d8c-45d0-89e1-8038187e4eab,NA,1,NA,NA,8/13/2024 18:00,40ac51ff-7373-487a-92d9-6be73bd2b6f8,8/13/2024 19:22,agoebl,8/13/2024 19:22,agoebl,4475,NA,15,ARFR4-SOS-CO932-314-JEFFERSON-12,#FEE08B,-105.3553333,39.40902778,10 - 15 Deg. F. / 3 - 6,,10 - 15 Deg. F.,6-Mar,10 - 15 Deg. F. / 3 - 6,10 - 15 / semi-humid,CO.2,#66e566,"semi-humid, cool",#FEE08B,E,NA,NA
ARFR-CO932-316-JEFFERSON-12,white,6,21,16,NA,1111,1,1,NA,N,NA,NA,NA,NA,NA,NA,NA,NA,NA,NA,903,9fec2ad2-8be0-47cb-94f7-f5647f7f4d0d,NA,1,NA,NA,8/13/2024 18:00,40ac51ff-7373-487a-92d9-6be73bd2b6f8,8/13/2024 19:22,agoebl,8/13/2024 19:22,agoebl,4476,NA,16,ARFR4-SOS-CO932-316-JEFFERSON-12,#FFFF85,-105.358,39.66325,15 - 20 Deg. F. / 3 - 6,,15 - 20 Deg. F.,6-Mar,15 - 20 Deg. F. / 3 - 6,15 - 20 / semi-humid,CO.3,#698b69,"semi-humid, warm",#FFFF85,F,NA,NA
ARFR-WY050-151-FREMONT-16,white,6,21,17,NA,1112,1,1,NA,N,NA,NA,NA,NA,NA,NA,NA,NA,NA,NA,904,09b00ad1-026a-4e8e-babd-ab16e789d243,NA,1,NA,NA,8/13/2024 18:00,40ac51ff-7373-487a-92d9-6be73bd2b6f8,8/13/2024 19:22,agoebl,8/13/2024 19:22,agoebl,4477,NA,17,ARFR4-SOS-WY050-151-FREMONT-16,#3288BD,-108.1704472,42.47886111,10 - 15 Deg. F. / 6 - 12,,10 - 15 Deg. F.,12-Jun,10 - 15 Deg. F. / 6 - 12,10 - 15 / semi-arid,WY.2,#cd8500,"semi-arid, cool",#3288BD,J,NA,NA
ARFR-WY040-71-10,white,6,21,18,NA,1113,1,1,NA,N,NA,NA,NA,NA,NA,NA,NA,NA,NA,NA,905,e6acc0ea-a257-46c0-b8b0-2ec05a68953b,NA,1,NA,Dry,8/13/2024 18:00,40ac51ff-7373-487a-92d9-6be73bd2b6f8,8/13/2024 19:22,agoebl,8/13/2024 19:22,agoebl,4478,NA,18,ARFR4-SOS-WY040-71-10,#66C2A5,-109.2433156,41.13271889,5 - 10 Deg. F. / 3 - 6,,5 - 10 Deg. F.,6-Mar,5 - 10 Deg. F. / 3 - 6,5 - 10 / semi-humid,WY.1,#a5c2f1,"semi-humid, cold",#66C2A5,I,NA,NA
ARFR-AZ930-423-NAVAJO-18,white,6,21,19,NA,1114,1,1,NA,N,NA,NA,NA,NA,NA,NA,NA,NA,NA,NA,906,47260f00-0a73-449b-bf85-aa9eac17e2d7,NA,1,NA,NA,8/13/2024 18:00,40ac51ff-7373-487a-92d9-6be73bd2b6f8,8/13/2024 19:22,agoebl,8/13/2024 19:22,agoebl,4479,NA,19,ARFR4-SOS-AZ930-423-NAVAJO-18,#9E0142,-110.431,36.45877,15 - 20 Deg. F. / 6 - 12,SdZones downloaded 20230823,15 - 20 Deg. F.,12-Jun,15 - 20 Deg. F. / 6 - 12,15 - 20 / semi-arid,AZ.1,#ee5c42,"semi-arid, warm",#9E0142,A,NA,NA
ARFR-WY930-44-LASANIMAS-13,white,6,21,20,265,1115,1,1,NA,N,NA,NA,NA,NA,NA,NA,NA,NA,NA,NA,907,003548c6-a96a-4979-8d12-28de21f00e9f,NA,1,NA,NA,8/13/2024 18:00,40ac51ff-7373-487a-92d9-6be73bd2b6f8,8/13/2024 19:22,agoebl,8/13/2024 19:22,agoebl,4480,NA,20,ARFR4-SOS-WY930-44-LASANIMAS-13,#FDAE61,-104.6423889,37.16547222,15 - 20 Deg. F. / 3 - 6,,15 - 20 Deg. F.,6-Mar,15 - 20 Deg. F. / 3 - 6,15 - 20 / semi-humid,CO.1,#698b69,"semi-humid, warm",#FDAE61,D,NA,NA
ARFR-UT080-109-UINTAH-12,white,6,21,21,NA,1116,1,1,NA,N,NA,NA,NA,NA,NA,NA,NA,NA,NA,NA,908,2c0b1cc6-3bf1-4f1b-ac8d-982810e023aa,NA,1,NA,NA,8/13/2024 18:00,40ac51ff-7373-487a-92d9-6be73bd2b6f8,8/13/2024 19:22,agoebl,8/13/2024 19:22,agoebl,4481,NA,21,ARFR4-SOS-UT080-109-UINTAH-12,#aabe7f,-109.1426444,39.70802222,10 - 15 Deg. F. / 3 - 6,,10 - 15 Deg. F.,6-Mar,10 - 15 Deg. F. / 3 - 6,10 - 15 / semi-humid,UT.1,#66e566,"semi-humid, cool",#aabe7f,G,NA,NA
ARFR-NM930N-66-11,white,6,21,22,NA,1117,1,1,NA,N,NA,NA,NA,NA,NA,NA,NA,NA,NA,NA,909,332445b1-6387-45fb-827a-f11b7ee1504d,NA,1,NA,NA,8/13/2024 18:00,40ac51ff-7373-487a-92d9-6be73bd2b6f8,8/13/2024 19:22,agoebl,8/13/2024 19:22,agoebl,4482,NA,22,ARFR4-SOS-NM930N-66-11,#F46D43,-107.2045028,36.76818611,10 - 15 Deg. F. / 3 - 6,,10 - 15 Deg. F.,6-Mar,10 - 15 Deg. F. / 3 - 6,10 - 15 / semi-humid,NM.1,#66e566,"semi-humid, cool",#F46D43,C,NA,NA
ARFR-UT080-109-UINTAH-12,white,6,21,23,NA,1118,1,1,NA,N,NA,NA,NA,NA,NA,NA,NA,NA,NA,NA,910,d76a6288-322f-48d3-bf3d-cdae65e81987,NA,1,NA,NA,8/13/2024 18:00,40ac51ff-7373-487a-92d9-6be73bd2b6f8,8/13/2024 19:22,agoebl,8/13/2024 19:22,agoebl,4483,NA,23,ARFR4-SOS-UT080-109-UINTAH-12,#aabe7f,-109.1426444,39.70802222,10 - 15 Deg. F. / 3 - 6,,10 - 15 Deg. F.,6-Mar,10 - 15 Deg. F. / 3 - 6,10 - 15 / semi-humid,UT.1,#66e566,"semi-humid, cool",#aabe7f,G,NA,NA
ARFR-WY040-71-10,white,6,21,24,NA,1119,1,1,NA,N,NA,NA,NA,NA,NA,NA,NA,NA,NA,NA,911,f36a1bd5-d355-4c65-a5b0-4f8bc16fc82d,NA,1,NA,"Very dry, small",8/13/2024 18:00,40ac51ff-7373-487a-92d9-6be73bd2b6f8,8/13/2024 19:22,agoebl,8/13/2024 19:22,agoebl,4484,NA,24,ARFR4-SOS-WY040-71-10,#66C2A5,-109.2433156,41.13271889,5 - 10 Deg. F. / 3 - 6,,5 - 10 Deg. F.,6-Mar,5 - 10 Deg. F. / 3 - 6,5 - 10 / semi-humid,WY.1,#a5c2f1,"semi-humid, cold",#66C2A5,I,NA,NA
ARFR-CO932-314-JEFFERSON-12,white,6,21,25,266,1120,1,1,NA,N,NA,NA,NA,NA,NA,NA,NA,NA,NA,NA,912,022fdb31-9be9-431b-92b0-bf1aabc14e91,NA,1,NA,NA,8/13/2024 18:00,40ac51ff-7373-487a-92d9-6be73bd2b6f8,8/13/2024 19:22,agoebl,8/13/2024 19:22,agoebl,4485,NA,25,ARFR4-SOS-CO932-314-JEFFERSON-12,#FEE08B,-105.3553333,39.40902778,10 - 15 Deg. F. / 3 - 6,,10 - 15 Deg. F.,6-Mar,10 - 15 Deg. F. / 3 - 6,10 - 15 / semi-humid,CO.2,#66e566,"semi-humid, cool",#FEE08B,E,NA,NA
ARFR-UT080-109-UINTAH-12,white,6,21,26,NA,1121,1,1,NA,N,NA,NA,NA,NA,NA,NA,NA,NA,NA,NA,913,259a480e-ffb2-45df-a3b6-57cff0747c3f,NA,1,NA,Very dry,8/13/2024 18:00,40ac51ff-7373-487a-92d9-6be73bd2b6f8,8/13/2024 19:22,agoebl,8/13/2024 19:22,agoebl,4486,NA,26,ARFR4-SOS-UT080-109-UINTAH-12,#aabe7f,-109.1426444,39.70802222,10 - 15 Deg. F. / 3 - 6,,10 - 15 Deg. F.,6-Mar,10 - 15 Deg. F. / 3 - 6,10 - 15 / semi-humid,UT.1,#66e566,"semi-humid, cool",#aabe7f,G,NA,NA
ARFR-WY050-49-FREMONT-12,white,6,21,27,NA,1122,1,1,NA,N,NA,NA,NA,NA,NA,NA,NA,NA,NA,NA,914,381108e5-6e54-472e-9af9-41dceacf7086,NA,1,NA,NA,8/13/2024 18:00,40ac51ff-7373-487a-92d9-6be73bd2b6f8,8/13/2024 19:22,agoebl,8/13/2024 19:22,agoebl,4487,NA,27,ARFR4-SOS-WY050-49-FREMONT-12,#5E4FA2,-109.34775,43.42663611,5 - 10 Deg. F. / 6 - 12,,5 - 10 Deg. F.,12-Jun,5 - 10 Deg. F. / 6 - 12,5 - 10 / semi-arid,WY.3,#ffb90f,"semi-arid, cold",#5E4FA2,K,NA,NA
ARFR-WY050-49-FREMONT-12,white,6,21,28,NA,1123,1,1,NA,N,NA,NA,NA,NA,NA,NA,NA,NA,NA,NA,915,bd29088a-42f9-4bed-a801-e940d08c22da,NA,1,NA,NA,8/13/2024 18:00,40ac51ff-7373-487a-92d9-6be73bd2b6f8,8/13/2024 19:22,agoebl,8/13/2024 19:22,agoebl,4488,NA,28,ARFR4-SOS-WY050-49-FREMONT-12,#5E4FA2,-109.34775,43.42663611,5 - 10 Deg. F. / 6 - 12,,5 - 10 Deg. F.,12-Jun,5 - 10 Deg. F. / 6 - 12,5 - 10 / semi-arid,WY.3,#ffb90f,"semi-arid, cold",#5E4FA2,K,NA,NA
ARFR-NM930N-66-11,white,6,21,29,NA,1124,1,1,NA,N,NA,NA,NA,NA,NA,NA,NA,NA,NA,NA,916,b7c8e4c9-cd22-49ab-a6f0-f95a2e1b4dc8,NA,1,NA,NA,8/13/2024 18:00,40ac51ff-7373-487a-92d9-6be73bd2b6f8,8/13/2024 19:22,agoebl,8/13/2024 19:22,agoebl,4489,NA,29,ARFR4-SOS-NM930N-66-11,#F46D43,-107.2045028,36.76818611,10 - 15 Deg. F. / 3 - 6,,10 - 15 Deg. F.,6-Mar,10 - 15 Deg. F. / 3 - 6,10 - 15 / semi-humid,NM.1,#66e566,"semi-humid, cool",#F46D43,C,NA,NA
ARFR-AZ930-423-NAVAJO-18,white,6,21,30,267,1125,1,1,NA,N,NA,NA,NA,NA,NA,NA,NA,NA,NA,NA,917,989e5a20-bbe5-441e-a57a-b773e97e80c7,NA,1,NA,NA,8/13/2024 18:00,40ac51ff-7373-487a-92d9-6be73bd2b6f8,8/13/2024 19:22,agoebl,8/13/2024 19:22,agoebl,4490,NA,30,ARFR4-SOS-AZ930-423-NAVAJO-18,#9E0142,-110.431,36.45877,15 - 20 Deg. F. / 6 - 12,SdZones downloaded 20230823,15 - 20 Deg. F.,12-Jun,15 - 20 Deg. F. / 6 - 12,15 - 20 / semi-arid,AZ.1,#ee5c42,"semi-arid, warm",#9E0142,A,NA,NA
ARFR-CO932-316-JEFFERSON-12,white,6,21,31,NA,1126,1,1,NA,N,NA,NA,NA,NA,NA,NA,NA,NA,NA,NA,918,4938b5be-9beb-4807-afea-87da045ae653,NA,1,NA,NA,8/13/2024 18:00,40ac51ff-7373-487a-92d9-6be73bd2b6f8,8/13/2024 19:22,agoebl,8/13/2024 19:22,agoebl,4491,NA,31,ARFR4-SOS-CO932-316-JEFFERSON-12,#FFFF85,-105.358,39.66325,15 - 20 Deg. F. / 3 - 6,,15 - 20 Deg. F.,6-Mar,15 - 20 Deg. F. / 3 - 6,15 - 20 / semi-humid,CO.3,#698b69,"semi-humid, warm",#FFFF85,F,NA,NA
ARFR-CO932-316-JEFFERSON-12,white,6,21,32,NA,1127,1,1,NA,N,NA,NA,NA,NA,NA,NA,NA,NA,NA,NA,919,175923f2-0d6d-40d0-b6b8-43195fca46df,NA,1,NA,NA,8/13/2024 18:00,40ac51ff-7373-487a-92d9-6be73bd2b6f8,8/13/2024 19:22,agoebl,8/13/2024 19:22,agoebl,4492,NA,32,ARFR4-SOS-CO932-316-JEFFERSON-12,#FFFF85,-105.358,39.66325,15 - 20 Deg. F. / 3 - 6,,15 - 20 Deg. F.,6-Mar,15 - 20 Deg. F. / 3 - 6,15 - 20 / semi-humid,CO.3,#698b69,"semi-humid, warm",#FFFF85,F,NA,NA
ARFR-AZ930-422-NAVAJO-18,white,6,21,33,NA,1128,1,1,NA,N,NA,NA,NA,NA,NA,NA,NA,NA,NA,NA,920,120a053e-fb7a-4112-bc74-b24ef3d3a585,NA,1,NA,NA,8/13/2024 18:00,40ac51ff-7373-487a-92d9-6be73bd2b6f8,8/13/2024 19:22,agoebl,8/13/2024 19:22,agoebl,4493,NA,33,ARFR4-SOS-AZ930-422-NAVAJO-18,#D53E4F,-110.431,36.56805,15 - 20 Deg. F. / 6 - 12,Lats corrected 20230127,15 - 20 Deg. F.,12-Jun,15 - 20 Deg. F. / 6 - 12,15 - 20 / semi-arid,AZ.2,#ee5c42,"semi-arid, warm",#D53E4F,B,NA,NA
ARFR-AZ930-422-NAVAJO-18,white,6,21,34,NA,1129,1,1,89.052,N,NA,NA,NA,NA,89.052,28.65,10.45,8.91,NA,Y,921,68ee205e-0f0f-4d71-a959-27cbd3e86521,NA,NA,NA,H,8/13/2024 18:00,40ac51ff-7373-487a-92d9-6be73bd2b6f8,8/13/2024 19:22,agoebl,8/13/2024 19:22,agoebl,4494,NA,34,ARFR4-SOS-AZ930-422-NAVAJO-18,#D53E4F,-110.431,36.56805,15 - 20 Deg. F. / 6 - 12,Lats corrected 20230127,15 - 20 Deg. F.,12-Jun,15 - 20 Deg. F. / 6 - 12,15 - 20 / semi-arid,AZ.2,#ee5c42,"semi-arid, warm",#D53E4F,B,NA,NA
ARFR-AZ930-423-NAVAJO-18,white,6,21,35,268,1130,1,1,NA,Y,0.0032,0.414,12.9375,NA,NA,NA,NA,NA,NA,NA,922,bd25b0fe-d7b0-4ded-aa0c-4a542836746a,NA,1,NA,NA,8/13/2024 18:00,40ac51ff-7373-487a-92d9-6be73bd2b6f8,8/13/2024 19:22,agoebl,8/13/2024 19:22,agoebl,4495,NA,35,ARFR4-SOS-AZ930-423-NAVAJO-18,#9E0142,-110.431,36.45877,15 - 20 Deg. F. / 6 - 12,SdZones downloaded 20230823,15 - 20 Deg. F.,12-Jun,15 - 20 Deg. F. / 6 - 12,15 - 20 / semi-arid,AZ.1,#ee5c42,"semi-arid, warm",#9E0142,A,NA,NA
ARFR-WY050-151-FREMONT-16,white,6,21,36,NA,1131,1,1,NA,N,NA,NA,NA,NA,NA,NA,NA,NA,NA,NA,923,83e6dee5-4dfb-43d6-8078-b07caa38e651,NA,1,NA,NA,8/13/2024 18:00,40ac51ff-7373-487a-92d9-6be73bd2b6f8,8/13/2024 19:22,agoebl,8/13/2024 19:22,agoebl,4496,NA,36,ARFR4-SOS-WY050-151-FREMONT-16,#3288BD,-108.1704472,42.47886111,10 - 15 Deg. F. / 6 - 12,,10 - 15 Deg. F.,12-Jun,10 - 15 Deg. F. / 6 - 12,10 - 15 / semi-arid,WY.2,#cd8500,"semi-arid, cool",#3288BD,J,NA,NA
ARFR-AZ930-422-NAVAJO-18,white,6,21,37,NA,1132,1,1,NA,N,NA,NA,NA,NA,NA,NA,NA,NA,NA,NA,924,66d93a0e-caab-4109-9860-687feff30dd0,NA,1,NA,NA,8/13/2024 18:00,40ac51ff-7373-487a-92d9-6be73bd2b6f8,8/13/2024 19:22,agoebl,8/13/2024 19:22,agoebl,4497,NA,37,ARFR4-SOS-AZ930-422-NAVAJO-18,#D53E4F,-110.431,36.56805,15 - 20 Deg. F. / 6 - 12,Lats corrected 20230127,15 - 20 Deg. F.,12-Jun,15 - 20 Deg. F. / 6 - 12,15 - 20 / semi-arid,AZ.2,#ee5c42,"semi-arid, warm",#D53E4F,B,NA,NA
ARFR-CO932-316-JEFFERSON-12,white,6,21,38,NA,1133,1,1,45.882,N,NA,NA,NA,NA,45.882,10.04,1.36,1.29,Weighed with Mettler Toledo,Y,925,530937cb-756b-460c-a670-ab7d9f6a4d9b,NA,NA,NA,H,8/13/2024 18:00,40ac51ff-7373-487a-92d9-6be73bd2b6f8,8/13/2024 19:22,agoebl,8/13/2024 19:22,agoebl,4498,NA,38,ARFR4-SOS-CO932-316-JEFFERSON-12,#FFFF85,-105.358,39.66325,15 - 20 Deg. F. / 3 - 6,,15 - 20 Deg. F.,6-Mar,15 - 20 Deg. F. / 3 - 6,15 - 20 / semi-humid,CO.3,#698b69,"semi-humid, warm",#FFFF85,F,NA,NA
ARFR-NM930N-66-11,white,6,21,39,NA,1134,1,1,NA,N,NA,NA,NA,NA,NA,NA,NA,NA,NA,NA,926,755e908f-243d-41d5-adda-e4bf5557074b,NA,1,NA,NA,8/13/2024 18:00,40ac51ff-7373-487a-92d9-6be73bd2b6f8,8/13/2024 19:22,agoebl,8/13/2024 19:22,agoebl,4499,NA,39,ARFR4-SOS-NM930N-66-11,#F46D43,-107.2045028,36.76818611,10 - 15 Deg. F. / 3 - 6,,10 - 15 Deg. F.,6-Mar,10 - 15 Deg. F. / 3 - 6,10 - 15 / semi-humid,NM.1,#66e566,"semi-humid, cool",#F46D43,C,NA,NA
ARFR-WY930-44-LASANIMAS-13,white,6,21,40,269,1135,1,1,NA,N,NA,NA,NA,NA,NA,NA,NA,NA,NA,NA,927,9425d036-5e40-442e-b57d-b9d9d57920e7,NA,1,NA,NA,8/13/2024 18:00,40ac51ff-7373-487a-92d9-6be73bd2b6f8,8/13/2024 19:22,agoebl,8/13/2024 19:22,agoebl,4500,NA,40,ARFR4-SOS-WY930-44-LASANIMAS-13,#FDAE61,-104.6423889,37.16547222,15 - 20 Deg. F. / 3 - 6,,15 - 20 Deg. F.,6-Mar,15 - 20 Deg. F. / 3 - 6,15 - 20 / semi-humid,CO.1,#698b69,"semi-humid, warm",#FDAE61,D,NA,NA
ARFR-AZ930-423-NAVAJO-18,white,6,21,41,NA,1136,1,1,NA,N,NA,NA,NA,NA,NA,NA,NA,NA,NA,NA,928,14e405a2-022d-42fd-becc-510f77887981,NA,1,NA,NA,8/13/2024 18:00,40ac51ff-7373-487a-92d9-6be73bd2b6f8,8/13/2024 19:22,agoebl,8/13/2024 19:22,agoebl,4501,NA,41,ARFR4-SOS-AZ930-423-NAVAJO-18,#9E0142,-110.431,36.45877,15 - 20 Deg. F. / 6 - 12,SdZones downloaded 20230823,15 - 20 Deg. F.,12-Jun,15 - 20 Deg. F. / 6 - 12,15 - 20 / semi-arid,AZ.1,#ee5c42,"semi-arid, warm",#9E0142,A,NA,NA
ARFR-WY050-49-FREMONT-12,white,6,21,42,NA,1137,0,0,NA,N,NA,NA,NA,NA,NA,NA,NA,NA,NA,NA,929,78ba5005-fa68-411c-8ba8-dc088bd8f756,NA,0,NA,Possible recruits,8/13/2024 18:00,40ac51ff-7373-487a-92d9-6be73bd2b6f8,8/13/2024 19:22,agoebl,8/13/2024 19:22,agoebl,4502,NA,42,ARFR4-SOS-WY050-49-FREMONT-12,#5E4FA2,-109.34775,43.42663611,5 - 10 Deg. F. / 6 - 12,,5 - 10 Deg. F.,12-Jun,5 - 10 Deg. F. / 6 - 12,5 - 10 / semi-arid,WY.3,#ffb90f,"semi-arid, cold",#5E4FA2,K,NA,NA
ARFR-WY040-71-10,white,6,21,43,NA,1138,1,1,NA,N,NA,NA,NA,NA,NA,NA,NA,NA,NA,NA,930,a2deb6d7-482e-48e0-8b3a-121397a6a8b7,NA,1,NA,"Mostly dead, very small",8/13/2024 18:00,40ac51ff-7373-487a-92d9-6be73bd2b6f8,8/13/2024 19:22,agoebl,8/13/2024 19:22,agoebl,4503,NA,43,ARFR4-SOS-WY040-71-10,#66C2A5,-109.2433156,41.13271889,5 - 10 Deg. F. / 3 - 6,,5 - 10 Deg. F.,6-Mar,5 - 10 Deg. F. / 3 - 6,5 - 10 / semi-humid,WY.1,#a5c2f1,"semi-humid, cold",#66C2A5,I,NA,NA
ARFR-UT080-109-UINTAH-12,white,6,21,44,NA,1139,1,1,NA,N,NA,NA,NA,NA,NA,NA,NA,NA,NA,NA,931,2e2df5b0-d436-4af2-94f4-e31019bb2a25,NA,1,NA,NA,8/13/2024 18:00,40ac51ff-7373-487a-92d9-6be73bd2b6f8,8/13/2024 19:22,agoebl,8/13/2024 19:22,agoebl,4504,NA,44,ARFR4-SOS-UT080-109-UINTAH-12,#aabe7f,-109.1426444,39.70802222,10 - 15 Deg. F. / 3 - 6,,10 - 15 Deg. F.,6-Mar,10 - 15 Deg. F. / 3 - 6,10 - 15 / semi-humid,UT.1,#66e566,"semi-humid, cool",#aabe7f,G,NA,NA
ARFR-CO932-316-JEFFERSON-12,white,6,21,45,270,1140,1,1,NA,N,NA,NA,NA,NA,NA,NA,NA,NA,NA,NA,932,2be5176f-6166-4ff8-95b4-08870a54f6da,NA,1,NA,Small,8/13/2024 18:00,40ac51ff-7373-487a-92d9-6be73bd2b6f8,8/13/2024 19:22,agoebl,8/13/2024 19:22,agoebl,4505,NA,45,ARFR4-SOS-CO932-316-JEFFERSON-12,#FFFF85,-105.358,39.66325,15 - 20 Deg. F. / 3 - 6,,15 - 20 Deg. F.,6-Mar,15 - 20 Deg. F. / 3 - 6,15 - 20 / semi-humid,CO.3,#698b69,"semi-humid, warm",#FFFF85,F,NA,NA
ARFR-WY050-49-FREMONT-12,white,6,21,46,NA,1141,1,1,NA,N,NA,NA,NA,NA,NA,NA,NA,NA,NA,NA,933,90f2e548-e490-46c5-8b2b-c27488858ec6,NA,1,NA,Small,8/13/2024 18:00,40ac51ff-7373-487a-92d9-6be73bd2b6f8,8/13/2024 19:22,agoebl,8/13/2024 19:22,agoebl,4506,NA,46,ARFR4-SOS-WY050-49-FREMONT-12,#5E4FA2,-109.34775,43.42663611,5 - 10 Deg. F. / 6 - 12,,5 - 10 Deg. F.,12-Jun,5 - 10 Deg. F. / 6 - 12,5 - 10 / semi-arid,WY.3,#ffb90f,"semi-arid, cold",#5E4FA2,K,NA,NA
ARFR-AZ930-423-NAVAJO-18,white,6,21,47,NA,1142,1,1,NA,N,NA,NA,NA,NA,NA,NA,NA,NA,NA,NA,934,7d5e0761-e287-40c9-ba98-33f53ce8b686,NA,1,NA,NA,8/13/2024 18:00,40ac51ff-7373-487a-92d9-6be73bd2b6f8,8/13/2024 19:22,agoebl,8/13/2024 19:22,agoebl,4507,NA,47,ARFR4-SOS-AZ930-423-NAVAJO-18,#9E0142,-110.431,36.45877,15 - 20 Deg. F. / 6 - 12,SdZones downloaded 20230823,15 - 20 Deg. F.,12-Jun,15 - 20 Deg. F. / 6 - 12,15 - 20 / semi-arid,AZ.1,#ee5c42,"semi-arid, warm",#9E0142,A,NA,NA
ARFR-AZ930-423-NAVAJO-18,white,6,21,48,NA,1143,0,0,NA,N,NA,NA,NA,NA,NA,NA,NA,NA,NA,NA,935,84275748-47a6-427a-9929-cb0c469932bc,NA,0,NA,NA,8/13/2024 18:00,40ac51ff-7373-487a-92d9-6be73bd2b6f8,8/13/2024 19:22,agoebl,8/13/2024 19:22,agoebl,4508,NA,48,ARFR4-SOS-AZ930-423-NAVAJO-18,#9E0142,-110.431,36.45877,15 - 20 Deg. F. / 6 - 12,SdZones downloaded 20230823,15 - 20 Deg. F.,12-Jun,15 - 20 Deg. F. / 6 - 12,15 - 20 / semi-arid,AZ.1,#ee5c42,"semi-arid, warm",#9E0142,A,NA,NA
ARFR-WY050-49-FREMONT-12,white,6,21,49,NA,1144,1,1,NA,N,NA,NA,NA,NA,NA,NA,NA,NA,NA,NA,936,991a2b8f-d3f1-4173-ab89-17b84ee3affe,NA,1,NA,NA,8/13/2024 18:00,40ac51ff-7373-487a-92d9-6be73bd2b6f8,8/13/2024 19:22,agoebl,8/13/2024 19:22,agoebl,4509,NA,49,ARFR4-SOS-WY050-49-FREMONT-12,#5E4FA2,-109.34775,43.42663611,5 - 10 Deg. F. / 6 - 12,,5 - 10 Deg. F.,12-Jun,5 - 10 Deg. F. / 6 - 12,5 - 10 / semi-arid,WY.3,#ffb90f,"semi-arid, cold",#5E4FA2,K,NA,NA
ARFR-WY050-151-FREMONT-16,white,6,21,50,271,1145,1,1,NA,N,NA,NA,NA,NA,NA,NA,NA,NA,NA,NA,937,d419f644-2588-417c-9153-691b4917d6f7,NA,1,NA,NA,8/13/2024 18:00,40ac51ff-7373-487a-92d9-6be73bd2b6f8,8/13/2024 19:22,agoebl,8/13/2024 19:22,agoebl,4510,NA,50,ARFR4-SOS-WY050-151-FREMONT-16,#3288BD,-108.1704472,42.47886111,10 - 15 Deg. F. / 6 - 12,,10 - 15 Deg. F.,12-Jun,10 - 15 Deg. F. / 6 - 12,10 - 15 / semi-arid,WY.2,#cd8500,"semi-arid, cool",#3288BD,J,NA,NA
ARFR-NM930N-66-11,white,6,21,51,NA,1146,1,1,NA,N,NA,NA,NA,NA,NA,NA,NA,NA,NA,NA,938,6f7be2e7-d794-47bd-8283-ec37b766536f,NA,1,NA,Dry,8/13/2024 18:00,40ac51ff-7373-487a-92d9-6be73bd2b6f8,8/13/2024 19:22,agoebl,8/13/2024 19:22,agoebl,4511,NA,51,ARFR4-SOS-NM930N-66-11,#F46D43,-107.2045028,36.76818611,10 - 15 Deg. F. / 3 - 6,,10 - 15 Deg. F.,6-Mar,10 - 15 Deg. F. / 3 - 6,10 - 15 / semi-humid,NM.1,#66e566,"semi-humid, cool",#F46D43,C,NA,NA
ARFR-WY930-44-LASANIMAS-13,white,6,21,52,NA,1147,1,1,NA,N,NA,NA,NA,NA,NA,NA,NA,NA,NA,NA,939,e0b443f6-60bd-4854-af75-b34eb26c05b9,NA,1,NA,NA,8/13/2024 18:00,40ac51ff-7373-487a-92d9-6be73bd2b6f8,8/13/2024 19:22,agoebl,8/13/2024 19:22,agoebl,4512,NA,52,ARFR4-SOS-WY930-44-LASANIMAS-13,#FDAE61,-104.6423889,37.16547222,15 - 20 Deg. F. / 3 - 6,,15 - 20 Deg. F.,6-Mar,15 - 20 Deg. F. / 3 - 6,15 - 20 / semi-humid,CO.1,#698b69,"semi-humid, warm",#FDAE61,D,NA,NA
ARFR-WY040-71-10,white,6,21,53,NA,1148,1,1,NA,N,NA,NA,NA,NA,NA,NA,NA,NA,NA,NA,940,59372571-5db0-4851-aadb-a76a191ca7cc,NA,1,NA,Mostly dead,8/13/2024 18:00,40ac51ff-7373-487a-92d9-6be73bd2b6f8,8/13/2024 19:22,agoebl,8/13/2024 19:22,agoebl,4513,NA,53,ARFR4-SOS-WY040-71-10,#66C2A5,-109.2433156,41.13271889,5 - 10 Deg. F. / 3 - 6,,5 - 10 Deg. F.,6-Mar,5 - 10 Deg. F. / 3 - 6,5 - 10 / semi-humid,WY.1,#a5c2f1,"semi-humid, cold",#66C2A5,I,NA,NA
ARFR-CO932-294-11,white,6,21,54,NA,1149,1,1,NA,Y,0.0055,0.742,13.49090909,NA,NA,NA,NA,NA,NA,NA,941,4743b84d-b41e-4408-95af-6489ccf843a3,NA,1,NA,NA,8/13/2024 18:00,40ac51ff-7373-487a-92d9-6be73bd2b6f8,8/13/2024 19:22,agoebl,8/13/2024 19:22,agoebl,4514,NA,54,ARFR4-SOS-CO932-294-11,#ABDDA4,-105.2030833,39.78458333,15 - 20 Deg. F. / 3 - 6,,15 - 20 Deg. F.,6-Mar,15 - 20 Deg. F. / 3 - 6,15 - 20 / semi-humid,CO.4,#698b69,"semi-humid, warm",#ABDDA4,H,NA,NA
ARFR-CO932-294-11,white,6,21,55,272,1150,1,1,NA,N,NA,NA,NA,NA,NA,NA,NA,NA,NA,NA,942,3d5f30ae-ee98-43af-ba84-3e6f4983275c,NA,1,NA,NA,8/13/2024 18:00,40ac51ff-7373-487a-92d9-6be73bd2b6f8,8/13/2024 19:22,agoebl,8/13/2024 19:22,agoebl,4515,NA,55,ARFR4-SOS-CO932-294-11,#ABDDA4,-105.2030833,39.78458333,15 - 20 Deg. F. / 3 - 6,,15 - 20 Deg. F.,6-Mar,15 - 20 Deg. F. / 3 - 6,15 - 20 / semi-humid,CO.4,#698b69,"semi-humid, warm",#ABDDA4,H,NA,NA
ARFR-UT080-109-UINTAH-12,white,6,22,1,261,1151,1,1,NA,N,NA,NA,NA,NA,NA,NA,NA,NA,NA,NA,998,b53d60ed-ab75-4786-93ee-b40a4b9b2e11,NA,1,NA,NA,8/20/2024 18:00,92a06f92-f73d-4141-a22e-39a21d141aea,8/20/2024 21:34,agoebl,8/20/2024 21:34,agoebl,4516,NA,1,ARFR4-SOS-UT080-109-UINTAH-12,#aabe7f,-109.1426444,39.70802222,10 - 15 Deg. F. / 3 - 6,,10 - 15 Deg. F.,6-Mar,10 - 15 Deg. F. / 3 - 6,10 - 15 / semi-humid,UT.1,#66e566,"semi-humid, cool",#aabe7f,G,NA,NA
ARFR-NM930N-66-11,white,6,22,2,NA,1152,1,1,NA,N,NA,NA,NA,NA,NA,NA,NA,NA,NA,NA,999,8b126565-8d0a-4a6a-8008-ed1cf3edec7b,NA,1,NA,Very dry,8/20/2024 18:00,92a06f92-f73d-4141-a22e-39a21d141aea,8/20/2024 21:34,agoebl,8/20/2024 21:34,agoebl,4517,NA,2,ARFR4-SOS-NM930N-66-11,#F46D43,-107.2045028,36.76818611,10 - 15 Deg. F. / 3 - 6,,10 - 15 Deg. F.,6-Mar,10 - 15 Deg. F. / 3 - 6,10 - 15 / semi-humid,NM.1,#66e566,"semi-humid, cool",#F46D43,C,NA,NA
ARFR-CO932-294-11,white,6,22,3,NA,1153,1,1,NA,Y,0.0104,0.879,8.451923077,NA,NA,NA,NA,NA,NA,NA,1000,50667975-9ba0-4388-be16-d8215ae51009,NA,1,NA,NA,8/20/2024 18:00,92a06f92-f73d-4141-a22e-39a21d141aea,8/20/2024 21:34,agoebl,8/20/2024 21:34,agoebl,4518,NA,3,ARFR4-SOS-CO932-294-11,#ABDDA4,-105.2030833,39.78458333,15 - 20 Deg. F. / 3 - 6,,15 - 20 Deg. F.,6-Mar,15 - 20 Deg. F. / 3 - 6,15 - 20 / semi-humid,CO.4,#698b69,"semi-humid, warm",#ABDDA4,H,NA,NA
ARFR-WY050-49-FREMONT-12,white,6,22,4,NA,1154,1,1,NA,N,NA,NA,NA,NA,NA,NA,NA,NA,NA,NA,1001,0e773476-2c01-45f2-9416-ffc9c60c58af,NA,1,NA,NA,8/20/2024 18:00,92a06f92-f73d-4141-a22e-39a21d141aea,8/20/2024 21:34,agoebl,8/20/2024 21:34,agoebl,4519,NA,4,ARFR4-SOS-WY050-49-FREMONT-12,#5E4FA2,-109.34775,43.42663611,5 - 10 Deg. F. / 6 - 12,,5 - 10 Deg. F.,12-Jun,5 - 10 Deg. F. / 6 - 12,5 - 10 / semi-arid,WY.3,#ffb90f,"semi-arid, cold",#5E4FA2,K,NA,NA
ARFR-NM930N-66-11,white,6,22,5,262,1155,1,1,NA,N,NA,NA,NA,NA,NA,NA,NA,NA,NA,NA,1002,d4ff98cf-d690-4417-a4bc-fdd23bdb36d0,NA,1,NA,NA,8/20/2024 18:00,92a06f92-f73d-4141-a22e-39a21d141aea,8/20/2024 21:34,agoebl,8/20/2024 21:34,agoebl,4520,NA,5,ARFR4-SOS-NM930N-66-11,#F46D43,-107.2045028,36.76818611,10 - 15 Deg. F. / 3 - 6,,10 - 15 Deg. F.,6-Mar,10 - 15 Deg. F. / 3 - 6,10 - 15 / semi-humid,NM.1,#66e566,"semi-humid, cool",#F46D43,C,NA,NA
ARFR-CO932-316-JEFFERSON-12,white,6,22,6,NA,1156,1,1,NA,N,NA,NA,NA,NA,NA,NA,NA,NA,NA,NA,1003,2efd7ccd-1e05-413a-81c2-5bda6fa17b7a,NA,1,NA,NA,8/20/2024 18:00,92a06f92-f73d-4141-a22e-39a21d141aea,8/20/2024 21:34,agoebl,8/20/2024 21:34,agoebl,4521,NA,6,ARFR4-SOS-CO932-316-JEFFERSON-12,#FFFF85,-105.358,39.66325,15 - 20 Deg. F. / 3 - 6,,15 - 20 Deg. F.,6-Mar,15 - 20 Deg. F. / 3 - 6,15 - 20 / semi-humid,CO.3,#698b69,"semi-humid, warm",#FFFF85,F,NA,NA
ARFR-AZ930-423-NAVAJO-18,white,6,22,7,NA,1157,1,1,NA,N,NA,NA,NA,NA,NA,NA,NA,NA,NA,NA,1004,8b4f164f-7ed0-4375-b8d0-27c044c2731b,NA,1,NA,NA,8/20/2024 18:00,92a06f92-f73d-4141-a22e-39a21d141aea,8/20/2024 21:34,agoebl,8/20/2024 21:34,agoebl,4522,NA,7,ARFR4-SOS-AZ930-423-NAVAJO-18,#9E0142,-110.431,36.45877,15 - 20 Deg. F. / 6 - 12,SdZones downloaded 20230823,15 - 20 Deg. F.,12-Jun,15 - 20 Deg. F. / 6 - 12,15 - 20 / semi-arid,AZ.1,#ee5c42,"semi-arid, warm",#9E0142,A,NA,NA
ARFR-CO932-316-JEFFERSON-12,white,6,22,8,NA,1158,1,1,NA,N,NA,NA,NA,NA,NA,NA,NA,NA,NA,NA,1005,9ab3e177-3198-441e-89aa-5a28bc351567,NA,1,NA,NA,8/20/2024 18:00,92a06f92-f73d-4141-a22e-39a21d141aea,8/20/2024 21:34,agoebl,8/20/2024 21:34,agoebl,4523,NA,8,ARFR4-SOS-CO932-316-JEFFERSON-12,#FFFF85,-105.358,39.66325,15 - 20 Deg. F. / 3 - 6,,15 - 20 Deg. F.,6-Mar,15 - 20 Deg. F. / 3 - 6,15 - 20 / semi-humid,CO.3,#698b69,"semi-humid, warm",#FFFF85,F,NA,NA
ARFR-WY050-49-FREMONT-12,white,6,22,9,NA,1159,1,1,NA,N,NA,NA,NA,NA,NA,NA,NA,NA,NA,NA,1006,c3771660-17ec-42f7-999f-d92181ebb139,NA,1,NA,Small,8/20/2024 18:00,92a06f92-f73d-4141-a22e-39a21d141aea,8/20/2024 21:34,agoebl,8/20/2024 21:34,agoebl,4524,NA,9,ARFR4-SOS-WY050-49-FREMONT-12,#5E4FA2,-109.34775,43.42663611,5 - 10 Deg. F. / 6 - 12,,5 - 10 Deg. F.,12-Jun,5 - 10 Deg. F. / 6 - 12,5 - 10 / semi-arid,WY.3,#ffb90f,"semi-arid, cold",#5E4FA2,K,NA,NA
ARFR-AZ930-423-NAVAJO-18,white,6,22,10,263,1160,1,0,140.562,N,NA,NA,NA,NA,140.562,60.32,26.02,19.97,NA,Y,1007,89e839d2-9b0c-45e2-b461-06322e2b8ccf,NA,NA,NA,H,8/20/2024 18:00,92a06f92-f73d-4141-a22e-39a21d141aea,8/20/2024 21:34,agoebl,8/20/2024 21:34,agoebl,4525,NA,10,ARFR4-SOS-AZ930-423-NAVAJO-18,#9E0142,-110.431,36.45877,15 - 20 Deg. F. / 6 - 12,SdZones downloaded 20230823,15 - 20 Deg. F.,12-Jun,15 - 20 Deg. F. / 6 - 12,15 - 20 / semi-arid,AZ.1,#ee5c42,"semi-arid, warm",#9E0142,A,NA,Y
ARFR-CO932-294-11,white,6,22,11,NA,1161,1,0,109.102,N,NA,NA,NA,NA,109.102,58.52,31.86,11.16,NA,Y,1008,334e539a-c278-4b65-ba5f-03811708762a,NA,NA,NA,H,8/20/2024 18:00,92a06f92-f73d-4141-a22e-39a21d141aea,8/20/2024 21:34,agoebl,8/20/2024 21:34,agoebl,4526,NA,11,ARFR4-SOS-CO932-294-11,#ABDDA4,-105.2030833,39.78458333,15 - 20 Deg. F. / 3 - 6,,15 - 20 Deg. F.,6-Mar,15 - 20 Deg. F. / 3 - 6,15 - 20 / semi-humid,CO.4,#698b69,"semi-humid, warm",#ABDDA4,H,NA,Y
ARFR-WY040-71-10,white,6,22,12,NA,1162,1,1,NA,N,NA,NA,NA,NA,NA,NA,NA,NA,NA,NA,1009,18288d69-2450-4131-9c7e-4613185290b7,NA,0,NA,NA,8/20/2024 18:00,92a06f92-f73d-4141-a22e-39a21d141aea,8/20/2024 21:34,agoebl,8/20/2024 21:34,agoebl,4527,NA,12,ARFR4-SOS-WY040-71-10,#66C2A5,-109.2433156,41.13271889,5 - 10 Deg. F. / 3 - 6,,5 - 10 Deg. F.,6-Mar,5 - 10 Deg. F. / 3 - 6,5 - 10 / semi-humid,WY.1,#a5c2f1,"semi-humid, cold",#66C2A5,I,NA,NA
ARFR-CO932-316-JEFFERSON-12,white,6,22,13,NA,1163,1,1,NA,N,NA,NA,NA,NA,NA,NA,NA,NA,NA,NA,1010,acdff409-fe69-4551-aa38-5d38c1870c02,NA,1,NA,NA,8/20/2024 18:00,92a06f92-f73d-4141-a22e-39a21d141aea,8/20/2024 21:34,agoebl,8/20/2024 21:34,agoebl,4528,NA,13,ARFR4-SOS-CO932-316-JEFFERSON-12,#FFFF85,-105.358,39.66325,15 - 20 Deg. F. / 3 - 6,,15 - 20 Deg. F.,6-Mar,15 - 20 Deg. F. / 3 - 6,15 - 20 / semi-humid,CO.3,#698b69,"semi-humid, warm",#FFFF85,F,NA,NA
ARFR-AZ930-422-NAVAJO-18,white,6,22,14,NA,1164,1,1,NA,N,NA,NA,NA,NA,NA,NA,NA,NA,NA,NA,1011,2dfd81b7-b3f8-48ec-8aed-3020bb5918c3,NA,1,NA,NA,8/20/2024 18:00,92a06f92-f73d-4141-a22e-39a21d141aea,8/20/2024 21:34,agoebl,8/20/2024 21:34,agoebl,4529,NA,14,ARFR4-SOS-AZ930-422-NAVAJO-18,#D53E4F,-110.431,36.56805,15 - 20 Deg. F. / 6 - 12,Lats corrected 20230127,15 - 20 Deg. F.,12-Jun,15 - 20 Deg. F. / 6 - 12,15 - 20 / semi-arid,AZ.2,#ee5c42,"semi-arid, warm",#D53E4F,B,NA,NA
ARFR-WY050-151-FREMONT-16,white,6,22,15,264,1165,1,1,NA,N,NA,NA,NA,NA,NA,NA,NA,NA,NA,NA,1012,96d2e0a8-9543-4f3a-b248-eac2e5f5f7fc,NA,1,NA,"Small, dry",8/20/2024 18:00,92a06f92-f73d-4141-a22e-39a21d141aea,8/20/2024 21:34,agoebl,8/20/2024 21:34,agoebl,4530,NA,15,ARFR4-SOS-WY050-151-FREMONT-16,#3288BD,-108.1704472,42.47886111,10 - 15 Deg. F. / 6 - 12,,10 - 15 Deg. F.,12-Jun,10 - 15 Deg. F. / 6 - 12,10 - 15 / semi-arid,WY.2,#cd8500,"semi-arid, cool",#3288BD,J,NA,NA
ARFR-CO932-294-11,white,6,22,16,NA,1166,1,1,NA,N,NA,NA,NA,NA,NA,NA,NA,NA,NA,NA,1013,596745f5-0f91-4c74-aeb2-571af844ec28,NA,1,NA,NA,8/20/2024 18:00,92a06f92-f73d-4141-a22e-39a21d141aea,8/20/2024 21:34,agoebl,8/20/2024 21:34,agoebl,4531,NA,16,ARFR4-SOS-CO932-294-11,#ABDDA4,-105.2030833,39.78458333,15 - 20 Deg. F. / 3 - 6,,15 - 20 Deg. F.,6-Mar,15 - 20 Deg. F. / 3 - 6,15 - 20 / semi-humid,CO.4,#698b69,"semi-humid, warm",#ABDDA4,H,NA,NA
ARFR-CO932-314-JEFFERSON-12,white,6,22,17,NA,1167,1,1,NA,N,NA,NA,NA,NA,NA,NA,NA,NA,NA,NA,1014,2419aab3-1c62-4b1c-b0bc-bd0f85e7ae85,NA,1,NA,NA,8/20/2024 18:00,92a06f92-f73d-4141-a22e-39a21d141aea,8/20/2024 21:34,agoebl,8/20/2024 21:34,agoebl,4532,NA,17,ARFR4-SOS-CO932-314-JEFFERSON-12,#FEE08B,-105.3553333,39.40902778,10 - 15 Deg. F. / 3 - 6,,10 - 15 Deg. F.,6-Mar,10 - 15 Deg. F. / 3 - 6,10 - 15 / semi-humid,CO.2,#66e566,"semi-humid, cool",#FEE08B,E,NA,NA
ARFR-NM930N-66-11,white,6,22,18,NA,1168,1,1,NA,Y,0.0056,1.005,17.94642857,NA,NA,NA,NA,NA,NA,NA,1015,5a01dc77-a30d-4fab-af36-4bf3e1ff33e9,NA,1,NA,NA,8/20/2024 18:00,92a06f92-f73d-4141-a22e-39a21d141aea,8/20/2024 21:34,agoebl,8/20/2024 21:34,agoebl,4533,NA,18,ARFR4-SOS-NM930N-66-11,#F46D43,-107.2045028,36.76818611,10 - 15 Deg. F. / 3 - 6,,10 - 15 Deg. F.,6-Mar,10 - 15 Deg. F. / 3 - 6,10 - 15 / semi-humid,NM.1,#66e566,"semi-humid, cool",#F46D43,C,NA,NA
ARFR-AZ930-423-NAVAJO-18,white,6,22,19,NA,1169,1,1,NA,N,NA,NA,NA,NA,NA,NA,NA,NA,NA,NA,1016,d976f8c4-cb31-4c00-b803-873983e548e3,NA,1,NA,Dry,8/20/2024 18:00,92a06f92-f73d-4141-a22e-39a21d141aea,8/20/2024 21:34,agoebl,8/20/2024 21:34,agoebl,4534,NA,19,ARFR4-SOS-AZ930-423-NAVAJO-18,#9E0142,-110.431,36.45877,15 - 20 Deg. F. / 6 - 12,SdZones downloaded 20230823,15 - 20 Deg. F.,12-Jun,15 - 20 Deg. F. / 6 - 12,15 - 20 / semi-arid,AZ.1,#ee5c42,"semi-arid, warm",#9E0142,A,NA,NA
ARFR-CO932-314-JEFFERSON-12,white,6,22,20,265,1170,1,1,NA,N,NA,NA,NA,NA,NA,NA,NA,NA,NA,NA,1017,cc550180-b553-4d3e-8082-d94fd88a4617,NA,1,NA,NA,8/20/2024 18:00,92a06f92-f73d-4141-a22e-39a21d141aea,8/20/2024 21:34,agoebl,8/20/2024 21:34,agoebl,4535,NA,20,ARFR4-SOS-CO932-314-JEFFERSON-12,#FEE08B,-105.3553333,39.40902778,10 - 15 Deg. F. / 3 - 6,,10 - 15 Deg. F.,6-Mar,10 - 15 Deg. F. / 3 - 6,10 - 15 / semi-humid,CO.2,#66e566,"semi-humid, cool",#FEE08B,E,NA,NA
ARFR-WY050-49-FREMONT-12,white,6,22,21,NA,1171,1,1,NA,N,NA,NA,NA,NA,NA,NA,NA,NA,NA,NA,1018,2954d0f7-0cfd-40fa-bdb1-10867e2f6b7e,NA,1,NA,NA,8/20/2024 18:00,92a06f92-f73d-4141-a22e-39a21d141aea,8/20/2024 21:34,agoebl,8/20/2024 21:34,agoebl,4536,NA,21,ARFR4-SOS-WY050-49-FREMONT-12,#5E4FA2,-109.34775,43.42663611,5 - 10 Deg. F. / 6 - 12,,5 - 10 Deg. F.,12-Jun,5 - 10 Deg. F. / 6 - 12,5 - 10 / semi-arid,WY.3,#ffb90f,"semi-arid, cold",#5E4FA2,K,NA,NA
ARFR-AZ930-423-NAVAJO-18,white,6,22,22,NA,1172,1,1,NA,N,NA,NA,NA,NA,NA,NA,NA,NA,NA,NA,1019,a867b3c2-07df-469a-9a4c-8b768973420b,NA,1,NA,NA,8/20/2024 18:00,92a06f92-f73d-4141-a22e-39a21d141aea,8/20/2024 21:34,agoebl,8/20/2024 21:34,agoebl,4537,NA,22,ARFR4-SOS-AZ930-423-NAVAJO-18,#9E0142,-110.431,36.45877,15 - 20 Deg. F. / 6 - 12,SdZones downloaded 20230823,15 - 20 Deg. F.,12-Jun,15 - 20 Deg. F. / 6 - 12,15 - 20 / semi-arid,AZ.1,#ee5c42,"semi-arid, warm",#9E0142,A,NA,NA
ARFR-CO932-314-JEFFERSON-12,white,6,22,23,NA,1173,1,1,NA,N,NA,NA,NA,NA,NA,NA,NA,NA,NA,NA,1020,ebf47959-c2a7-43c0-9886-63af62a4711a,NA,1,NA,NA,8/20/2024 18:00,92a06f92-f73d-4141-a22e-39a21d141aea,8/20/2024 21:34,agoebl,8/20/2024 21:34,agoebl,4538,NA,23,ARFR4-SOS-CO932-314-JEFFERSON-12,#FEE08B,-105.3553333,39.40902778,10 - 15 Deg. F. / 3 - 6,,10 - 15 Deg. F.,6-Mar,10 - 15 Deg. F. / 3 - 6,10 - 15 / semi-humid,CO.2,#66e566,"semi-humid, cool",#FEE08B,E,NA,NA
ARFR-WY050-151-FREMONT-16,white,6,22,24,NA,1174,1,0,38.142,N,NA,NA,NA,NA,38.142,13.16,3.43,6.08,NA,Y,1021,4cc1495c-6c2d-468b-a1fc-7980dbf7b2d2,NA,NA,NA,H,8/20/2024 18:00,92a06f92-f73d-4141-a22e-39a21d141aea,8/20/2024 21:34,agoebl,8/20/2024 21:34,agoebl,4539,NA,24,ARFR4-SOS-WY050-151-FREMONT-16,#3288BD,-108.1704472,42.47886111,10 - 15 Deg. F. / 6 - 12,,10 - 15 Deg. F.,12-Jun,10 - 15 Deg. F. / 6 - 12,10 - 15 / semi-arid,WY.2,#cd8500,"semi-arid, cool",#3288BD,J,NA,Y
ARFR-WY050-49-FREMONT-12,white,6,22,25,266,1175,1,1,NA,N,NA,NA,NA,NA,NA,NA,NA,NA,NA,NA,1022,1d5afbb5-3d9d-4430-a1a8-5620ea6a2795,NA,1,NA,NA,8/20/2024 18:00,92a06f92-f73d-4141-a22e-39a21d141aea,8/20/2024 21:34,agoebl,8/20/2024 21:34,agoebl,4540,NA,25,ARFR4-SOS-WY050-49-FREMONT-12,#5E4FA2,-109.34775,43.42663611,5 - 10 Deg. F. / 6 - 12,,5 - 10 Deg. F.,12-Jun,5 - 10 Deg. F. / 6 - 12,5 - 10 / semi-arid,WY.3,#ffb90f,"semi-arid, cold",#5E4FA2,K,NA,NA
ARFR-WY040-71-10,white,6,22,26,NA,1176,1,1,NA,N,NA,NA,NA,NA,NA,NA,NA,NA,NA,NA,1023,3676f0e3-dde9-443c-91ab-564ae3317d9e,NA,1,NA,NA,8/20/2024 18:00,92a06f92-f73d-4141-a22e-39a21d141aea,8/20/2024 21:34,agoebl,8/20/2024 21:34,agoebl,4541,NA,26,ARFR4-SOS-WY040-71-10,#66C2A5,-109.2433156,41.13271889,5 - 10 Deg. F. / 3 - 6,,5 - 10 Deg. F.,6-Mar,5 - 10 Deg. F. / 3 - 6,5 - 10 / semi-humid,WY.1,#a5c2f1,"semi-humid, cold",#66C2A5,I,NA,NA
ARFR-CO932-294-11,white,6,22,27,NA,1177,1,1,NA,N,NA,NA,NA,NA,NA,NA,NA,NA,NA,NA,1024,11626633-e94f-4963-a8da-2d7d9b74d1a3,NA,1,NA,NA,8/20/2024 18:00,92a06f92-f73d-4141-a22e-39a21d141aea,8/20/2024 21:34,agoebl,8/20/2024 21:34,agoebl,4542,NA,27,ARFR4-SOS-CO932-294-11,#ABDDA4,-105.2030833,39.78458333,15 - 20 Deg. F. / 3 - 6,,15 - 20 Deg. F.,6-Mar,15 - 20 Deg. F. / 3 - 6,15 - 20 / semi-humid,CO.4,#698b69,"semi-humid, warm",#ABDDA4,H,NA,NA
ARFR-CO932-314-JEFFERSON-12,white,6,22,28,NA,1178,1,1,NA,N,NA,NA,NA,NA,NA,NA,NA,NA,NA,NA,1025,d8fa9894-8386-492d-b9fe-521127b640fd,NA,1,NA,NA,8/20/2024 18:00,92a06f92-f73d-4141-a22e-39a21d141aea,8/20/2024 21:34,agoebl,8/20/2024 21:34,agoebl,4543,NA,28,ARFR4-SOS-CO932-314-JEFFERSON-12,#FEE08B,-105.3553333,39.40902778,10 - 15 Deg. F. / 3 - 6,,10 - 15 Deg. F.,6-Mar,10 - 15 Deg. F. / 3 - 6,10 - 15 / semi-humid,CO.2,#66e566,"semi-humid, cool",#FEE08B,E,NA,NA
ARFR-AZ930-422-NAVAJO-18,white,6,22,29,NA,1179,1,1,NA,N,NA,NA,NA,NA,NA,NA,NA,NA,NA,NA,1026,c3aeee1e-acf0-40dd-bcb5-c72a6e8f07da,NA,1,NA,NA,8/20/2024 18:00,92a06f92-f73d-4141-a22e-39a21d141aea,8/20/2024 21:34,agoebl,8/20/2024 21:34,agoebl,4544,NA,29,ARFR4-SOS-AZ930-422-NAVAJO-18,#D53E4F,-110.431,36.56805,15 - 20 Deg. F. / 6 - 12,Lats corrected 20230127,15 - 20 Deg. F.,12-Jun,15 - 20 Deg. F. / 6 - 12,15 - 20 / semi-arid,AZ.2,#ee5c42,"semi-arid, warm",#D53E4F,B,NA,NA
ARFR-WY930-44-LASANIMAS-13,white,6,22,30,267,1180,1,1,NA,N,NA,NA,NA,NA,NA,NA,NA,NA,NA,NA,1027,5a067017-d34e-4072-be82-f508db4a47c1,NA,1,NA,NA,8/20/2024 18:00,92a06f92-f73d-4141-a22e-39a21d141aea,8/20/2024 21:34,agoebl,8/20/2024 21:34,agoebl,4545,NA,30,ARFR4-SOS-WY930-44-LASANIMAS-13,#FDAE61,-104.6423889,37.16547222,15 - 20 Deg. F. / 3 - 6,,15 - 20 Deg. F.,6-Mar,15 - 20 Deg. F. / 3 - 6,15 - 20 / semi-humid,CO.1,#698b69,"semi-humid, warm",#FDAE61,D,NA,NA
ARFR-UT080-109-UINTAH-12,white,6,22,31,NA,1181,1,1,NA,Y,0.0074,0.794,10.72972973,NA,NA,NA,NA,NA,NA,NA,1028,a6a710c9-2213-4f09-8036-0fa5d23983df,NA,1,NA,NA,8/20/2024 18:00,92a06f92-f73d-4141-a22e-39a21d141aea,8/20/2024 21:34,agoebl,8/20/2024 21:34,agoebl,4546,NA,31,ARFR4-SOS-UT080-109-UINTAH-12,#aabe7f,-109.1426444,39.70802222,10 - 15 Deg. F. / 3 - 6,,10 - 15 Deg. F.,6-Mar,10 - 15 Deg. F. / 3 - 6,10 - 15 / semi-humid,UT.1,#66e566,"semi-humid, cool",#aabe7f,G,NA,NA
ARFR-WY050-151-FREMONT-16,white,6,22,32,NA,1182,1,1,NA,N,NA,NA,NA,NA,NA,NA,NA,NA,NA,NA,1029,9771c405-a7ae-4c3f-9f2a-63ae70a7ce18,NA,1,NA,NA,8/20/2024 18:00,92a06f92-f73d-4141-a22e-39a21d141aea,8/20/2024 21:34,agoebl,8/20/2024 21:34,agoebl,4547,NA,32,ARFR4-SOS-WY050-151-FREMONT-16,#3288BD,-108.1704472,42.47886111,10 - 15 Deg. F. / 6 - 12,,10 - 15 Deg. F.,12-Jun,10 - 15 Deg. F. / 6 - 12,10 - 15 / semi-arid,WY.2,#cd8500,"semi-arid, cool",#3288BD,J,NA,NA
ARFR-AZ930-422-NAVAJO-18,white,6,22,33,NA,1183,1,1,NA,N,NA,NA,NA,NA,NA,NA,NA,NA,NA,NA,1030,2dc7dbb3-5c09-46f6-9526-00c97e80c2b9,NA,1,NA,NA,8/20/2024 18:00,92a06f92-f73d-4141-a22e-39a21d141aea,8/20/2024 21:34,agoebl,8/20/2024 21:34,agoebl,4548,NA,33,ARFR4-SOS-AZ930-422-NAVAJO-18,#D53E4F,-110.431,36.56805,15 - 20 Deg. F. / 6 - 12,Lats corrected 20230127,15 - 20 Deg. F.,12-Jun,15 - 20 Deg. F. / 6 - 12,15 - 20 / semi-arid,AZ.2,#ee5c42,"semi-arid, warm",#D53E4F,B,NA,NA
ARFR-CO932-316-JEFFERSON-12,white,6,22,34,NA,1184,1,1,NA,N,NA,NA,NA,NA,NA,NA,NA,NA,NA,NA,1031,8a940bad-9f06-4ec1-81c7-96c5dac4ab5a,NA,1,NA,NA,8/20/2024 18:00,92a06f92-f73d-4141-a22e-39a21d141aea,8/20/2024 21:34,agoebl,8/20/2024 21:34,agoebl,4549,NA,34,ARFR4-SOS-CO932-316-JEFFERSON-12,#FFFF85,-105.358,39.66325,15 - 20 Deg. F. / 3 - 6,,15 - 20 Deg. F.,6-Mar,15 - 20 Deg. F. / 3 - 6,15 - 20 / semi-humid,CO.3,#698b69,"semi-humid, warm",#FFFF85,F,NA,NA
ARFR-CO932-314-JEFFERSON-12,white,6,22,35,268,1185,1,1,NA,N,NA,NA,NA,NA,NA,NA,NA,NA,NA,NA,1032,baad9677-4b96-4120-a351-e4ab5efff88e,NA,1,NA,NA,8/20/2024 18:00,92a06f92-f73d-4141-a22e-39a21d141aea,8/20/2024 21:34,agoebl,8/20/2024 21:34,agoebl,4550,NA,35,ARFR4-SOS-CO932-314-JEFFERSON-12,#FEE08B,-105.3553333,39.40902778,10 - 15 Deg. F. / 3 - 6,,10 - 15 Deg. F.,6-Mar,10 - 15 Deg. F. / 3 - 6,10 - 15 / semi-humid,CO.2,#66e566,"semi-humid, cool",#FEE08B,E,NA,NA
ARFR-CO932-314-JEFFERSON-12,white,6,22,36,NA,1186,1,1,NA,N,NA,NA,NA,NA,NA,NA,NA,NA,NA,NA,1033,24d88ca2-03bd-4643-844f-51c77b0a16de,NA,1,NA,NA,8/20/2024 18:00,92a06f92-f73d-4141-a22e-39a21d141aea,8/20/2024 21:34,agoebl,8/20/2024 21:34,agoebl,4551,NA,36,ARFR4-SOS-CO932-314-JEFFERSON-12,#FEE08B,-105.3553333,39.40902778,10 - 15 Deg. F. / 3 - 6,,10 - 15 Deg. F.,6-Mar,10 - 15 Deg. F. / 3 - 6,10 - 15 / semi-humid,CO.2,#66e566,"semi-humid, cool",#FEE08B,E,NA,NA
ARFR-UT080-109-UINTAH-12,white,6,22,37,NA,1187,1,1,NA,N,NA,NA,NA,NA,NA,NA,NA,NA,NA,NA,1034,7c2b096b-e00b-49cf-b6e0-459b94db8d6a,NA,1,NA,Near dead,8/20/2024 18:00,92a06f92-f73d-4141-a22e-39a21d141aea,8/20/2024 21:34,agoebl,8/20/2024 21:34,agoebl,4552,NA,37,ARFR4-SOS-UT080-109-UINTAH-12,#aabe7f,-109.1426444,39.70802222,10 - 15 Deg. F. / 3 - 6,,10 - 15 Deg. F.,6-Mar,10 - 15 Deg. F. / 3 - 6,10 - 15 / semi-humid,UT.1,#66e566,"semi-humid, cool",#aabe7f,G,NA,NA
ARFR-UT080-109-UINTAH-12,white,6,22,38,NA,1188,1,1,2.62,N,NA,NA,NA,NA,2.62,0,0,0,Missing? Zeros for inf added since didn't flwr,Y,1035,4e927df7-1947-487d-8951-20f833bb5afe,NA,NA,NA,H,8/20/2024 18:00,92a06f92-f73d-4141-a22e-39a21d141aea,8/20/2024 21:34,agoebl,8/20/2024 21:34,agoebl,4553,NA,38,ARFR4-SOS-UT080-109-UINTAH-12,#aabe7f,-109.1426444,39.70802222,10 - 15 Deg. F. / 3 - 6,,10 - 15 Deg. F.,6-Mar,10 - 15 Deg. F. / 3 - 6,10 - 15 / semi-humid,UT.1,#66e566,"semi-humid, cool",#aabe7f,G,NA,NA
ARFR-CO932-314-JEFFERSON-12,white,6,22,39,NA,1189,1,1,NA,N,NA,NA,NA,NA,NA,NA,NA,NA,NA,NA,1036,0a15af0d-ace7-4481-a4c6-fdbc98f695d3,NA,1,NA,NA,8/20/2024 18:00,92a06f92-f73d-4141-a22e-39a21d141aea,8/20/2024 21:34,agoebl,8/20/2024 21:34,agoebl,4554,NA,39,ARFR4-SOS-CO932-314-JEFFERSON-12,#FEE08B,-105.3553333,39.40902778,10 - 15 Deg. F. / 3 - 6,,10 - 15 Deg. F.,6-Mar,10 - 15 Deg. F. / 3 - 6,10 - 15 / semi-humid,CO.2,#66e566,"semi-humid, cool",#FEE08B,E,NA,NA
ARFR-WY050-49-FREMONT-12,white,6,22,40,269,1190,1,1,NA,N,NA,NA,NA,NA,NA,NA,NA,NA,NA,NA,1037,88949e2e-85a7-4312-8c2f-3b3d2b7536b5,NA,1,NA,Dry,8/20/2024 18:00,92a06f92-f73d-4141-a22e-39a21d141aea,8/20/2024 21:34,agoebl,8/20/2024 21:34,agoebl,4555,NA,40,ARFR4-SOS-WY050-49-FREMONT-12,#5E4FA2,-109.34775,43.42663611,5 - 10 Deg. F. / 6 - 12,,5 - 10 Deg. F.,12-Jun,5 - 10 Deg. F. / 6 - 12,5 - 10 / semi-arid,WY.3,#ffb90f,"semi-arid, cold",#5E4FA2,K,NA,NA
ARFR-CO932-294-11,white,6,22,41,NA,1191,1,1,NA,N,NA,NA,NA,NA,NA,NA,NA,NA,NA,NA,1038,5dd3caf5-15e4-4312-8301-dd573888ac2a,NA,1,NA,NA,8/20/2024 18:00,92a06f92-f73d-4141-a22e-39a21d141aea,8/20/2024 21:34,agoebl,8/20/2024 21:34,agoebl,4556,NA,41,ARFR4-SOS-CO932-294-11,#ABDDA4,-105.2030833,39.78458333,15 - 20 Deg. F. / 3 - 6,,15 - 20 Deg. F.,6-Mar,15 - 20 Deg. F. / 3 - 6,15 - 20 / semi-humid,CO.4,#698b69,"semi-humid, warm",#ABDDA4,H,NA,NA
ARFR-CO932-314-JEFFERSON-12,white,6,22,42,NA,1192,0,0,NA,N,NA,NA,NA,NA,NA,NA,NA,NA,NA,NA,1039,61fec12a-a11f-4e8f-8026-1b99bba379aa,NA,0,NA,NA,8/20/2024 18:00,92a06f92-f73d-4141-a22e-39a21d141aea,8/20/2024 21:34,agoebl,8/20/2024 21:34,agoebl,4557,NA,42,ARFR4-SOS-CO932-314-JEFFERSON-12,#FEE08B,-105.3553333,39.40902778,10 - 15 Deg. F. / 3 - 6,,10 - 15 Deg. F.,6-Mar,10 - 15 Deg. F. / 3 - 6,10 - 15 / semi-humid,CO.2,#66e566,"semi-humid, cool",#FEE08B,E,NA,NA
ARFR-CO932-314-JEFFERSON-12,white,6,22,43,NA,1193,1,0,111.092,N,NA,NA,NA,NA,111.092,59.64,15.19,20.3,NA,Y,1040,23980c92-47fd-45fe-ad40-bc12f6195070,NA,NA,NA,H,8/20/2024 18:00,92a06f92-f73d-4141-a22e-39a21d141aea,8/20/2024 21:34,agoebl,8/20/2024 21:34,agoebl,4558,NA,43,ARFR4-SOS-CO932-314-JEFFERSON-12,#FEE08B,-105.3553333,39.40902778,10 - 15 Deg. F. / 3 - 6,,10 - 15 Deg. F.,6-Mar,10 - 15 Deg. F. / 3 - 6,10 - 15 / semi-humid,CO.2,#66e566,"semi-humid, cool",#FEE08B,E,NA,NA
ARFR-WY040-71-10,white,6,22,44,NA,1194,1,1,NA,N,NA,NA,NA,NA,NA,NA,NA,NA,NA,NA,1041,f1550549-7890-4ca6-8c86-981e15826ec8,NA,0,NA,NA,8/20/2024 18:00,92a06f92-f73d-4141-a22e-39a21d141aea,8/20/2024 21:34,agoebl,8/20/2024 21:34,agoebl,4559,NA,44,ARFR4-SOS-WY040-71-10,#66C2A5,-109.2433156,41.13271889,5 - 10 Deg. F. / 3 - 6,,5 - 10 Deg. F.,6-Mar,5 - 10 Deg. F. / 3 - 6,5 - 10 / semi-humid,WY.1,#a5c2f1,"semi-humid, cold",#66C2A5,I,NA,NA
ARFR-AZ930-422-NAVAJO-18,white,6,22,45,270,1195,1,1,NA,N,NA,NA,NA,NA,NA,NA,NA,NA,NA,NA,1042,c2d5d9e1-ec7e-4880-ac1c-7c123dad15b0,NA,1,NA,NA,8/20/2024 18:00,92a06f92-f73d-4141-a22e-39a21d141aea,8/20/2024 21:34,agoebl,8/20/2024 21:34,agoebl,4560,NA,45,ARFR4-SOS-AZ930-422-NAVAJO-18,#D53E4F,-110.431,36.56805,15 - 20 Deg. F. / 6 - 12,Lats corrected 20230127,15 - 20 Deg. F.,12-Jun,15 - 20 Deg. F. / 6 - 12,15 - 20 / semi-arid,AZ.2,#ee5c42,"semi-arid, warm",#D53E4F,B,NA,NA
ARFR-AZ930-423-NAVAJO-18,white,6,22,46,NA,1196,1,1,NA,N,NA,NA,NA,NA,NA,NA,NA,NA,NA,NA,1043,6d6f1bc0-c632-48f4-a312-a3cd7e793b03,NA,1,NA,NA,8/20/2024 18:00,92a06f92-f73d-4141-a22e-39a21d141aea,8/20/2024 21:34,agoebl,8/20/2024 21:34,agoebl,4561,NA,46,ARFR4-SOS-AZ930-423-NAVAJO-18,#9E0142,-110.431,36.45877,15 - 20 Deg. F. / 6 - 12,SdZones downloaded 20230823,15 - 20 Deg. F.,12-Jun,15 - 20 Deg. F. / 6 - 12,15 - 20 / semi-arid,AZ.1,#ee5c42,"semi-arid, warm",#9E0142,A,NA,NA
ARFR-WY050-151-FREMONT-16,white,6,22,47,NA,1197,1,1,NA,N,NA,NA,NA,NA,NA,NA,NA,NA,NA,NA,1044,caf1f5b0-6698-44d0-8bf0-c3c94e1f71cb,NA,1,NA,NA,8/20/2024 18:00,92a06f92-f73d-4141-a22e-39a21d141aea,8/20/2024 21:34,agoebl,8/20/2024 21:34,agoebl,4562,NA,47,ARFR4-SOS-WY050-151-FREMONT-16,#3288BD,-108.1704472,42.47886111,10 - 15 Deg. F. / 6 - 12,,10 - 15 Deg. F.,12-Jun,10 - 15 Deg. F. / 6 - 12,10 - 15 / semi-arid,WY.2,#cd8500,"semi-arid, cool",#3288BD,J,NA,NA
ARFR-UT080-109-UINTAH-12,white,6,22,48,NA,1198,1,1,NA,N,NA,NA,NA,NA,NA,NA,NA,NA,NA,NA,1045,01e61bb8-6311-4e18-a796-e383319c700b,NA,1,NA,NA,8/20/2024 18:00,92a06f92-f73d-4141-a22e-39a21d141aea,8/20/2024 21:34,agoebl,8/20/2024 21:34,agoebl,4563,NA,48,ARFR4-SOS-UT080-109-UINTAH-12,#aabe7f,-109.1426444,39.70802222,10 - 15 Deg. F. / 3 - 6,,10 - 15 Deg. F.,6-Mar,10 - 15 Deg. F. / 3 - 6,10 - 15 / semi-humid,UT.1,#66e566,"semi-humid, cool",#aabe7f,G,NA,NA
ARFR-CO932-316-JEFFERSON-12,white,6,22,49,NA,1199,1,1,NA,N,NA,NA,NA,NA,NA,NA,NA,NA,NA,NA,1046,fe0fee41-dab3-4e17-bd36-b34249658ed7,NA,0,NA,"Missing, fissure",8/20/2024 18:00,92a06f92-f73d-4141-a22e-39a21d141aea,8/20/2024 21:34,agoebl,8/20/2024 21:34,agoebl,4564,NA,49,ARFR4-SOS-CO932-316-JEFFERSON-12,#FFFF85,-105.358,39.66325,15 - 20 Deg. F. / 3 - 6,,15 - 20 Deg. F.,6-Mar,15 - 20 Deg. F. / 3 - 6,15 - 20 / semi-humid,CO.3,#698b69,"semi-humid, warm",#FFFF85,F,NA,Y
ARFR-CO932-294-11,white,6,22,50,271,1200,1,1,NA,N,NA,NA,NA,NA,NA,NA,NA,NA,NA,NA,1047,eea56631-5fdd-4806-8ae5-2fa3f9b0eb63,NA,1,NA,NA,8/20/2024 18:00,92a06f92-f73d-4141-a22e-39a21d141aea,8/20/2024 21:34,agoebl,8/20/2024 21:34,agoebl,4565,NA,50,ARFR4-SOS-CO932-294-11,#ABDDA4,-105.2030833,39.78458333,15 - 20 Deg. F. / 3 - 6,,15 - 20 Deg. F.,6-Mar,15 - 20 Deg. F. / 3 - 6,15 - 20 / semi-humid,CO.4,#698b69,"semi-humid, warm",#ABDDA4,H,NA,NA
ARFR-WY930-44-LASANIMAS-13,white,6,22,51,NA,1201,1,1,NA,N,NA,NA,NA,NA,NA,NA,NA,NA,NA,NA,1048,d281a5bc-1ab9-41a8-9093-f363ffee4efe,NA,1,NA,NA,8/20/2024 18:00,92a06f92-f73d-4141-a22e-39a21d141aea,8/20/2024 21:34,agoebl,8/20/2024 21:34,agoebl,4566,NA,51,ARFR4-SOS-WY930-44-LASANIMAS-13,#FDAE61,-104.6423889,37.16547222,15 - 20 Deg. F. / 3 - 6,,15 - 20 Deg. F.,6-Mar,15 - 20 Deg. F. / 3 - 6,15 - 20 / semi-humid,CO.1,#698b69,"semi-humid, warm",#FDAE61,D,NA,NA
ARFR-WY050-151-FREMONT-16,white,6,22,52,NA,1202,1,1,NA,N,NA,NA,NA,NA,NA,NA,NA,NA,NA,NA,1049,cb8f9400-7d47-4c32-88d1-f4c2c72d1677,NA,1,NA,NA,8/20/2024 18:00,92a06f92-f73d-4141-a22e-39a21d141aea,8/20/2024 21:34,agoebl,8/20/2024 21:34,agoebl,4567,NA,52,ARFR4-SOS-WY050-151-FREMONT-16,#3288BD,-108.1704472,42.47886111,10 - 15 Deg. F. / 6 - 12,,10 - 15 Deg. F.,12-Jun,10 - 15 Deg. F. / 6 - 12,10 - 15 / semi-arid,WY.2,#cd8500,"semi-arid, cool",#3288BD,J,NA,NA
ARFR-AZ930-423-NAVAJO-18,white,6,22,53,NA,1203,1,0,NA,N,NA,NA,NA,NA,NA,NA,NA,NA,NA,NA,1050,7d95321b-6db4-4caf-b576-6ae92d0a736c,NA,0,NA,Recruits in area,8/20/2024 18:00,92a06f92-f73d-4141-a22e-39a21d141aea,8/20/2024 21:34,agoebl,8/20/2024 21:34,agoebl,4568,NA,53,ARFR4-SOS-AZ930-423-NAVAJO-18,#9E0142,-110.431,36.45877,15 - 20 Deg. F. / 6 - 12,SdZones downloaded 20230823,15 - 20 Deg. F.,12-Jun,15 - 20 Deg. F. / 6 - 12,15 - 20 / semi-arid,AZ.1,#ee5c42,"semi-arid, warm",#9E0142,A,NA,NA
ARFR-NM930N-66-11,white,6,22,54,NA,1204,0,0,NA,N,NA,NA,NA,NA,NA,NA,NA,NA,NA,NA,1051,2681c49c-f30e-4c6a-aec4-80f90fb5af6f,NA,0,NA,NA,8/20/2024 18:00,92a06f92-f73d-4141-a22e-39a21d141aea,8/20/2024 21:34,agoebl,8/20/2024 21:34,agoebl,4569,NA,54,ARFR4-SOS-NM930N-66-11,#F46D43,-107.2045028,36.76818611,10 - 15 Deg. F. / 3 - 6,,10 - 15 Deg. F.,6-Mar,10 - 15 Deg. F. / 3 - 6,10 - 15 / semi-humid,NM.1,#66e566,"semi-humid, cool",#F46D43,C,NA,NA
ARFR-AZ930-423-NAVAJO-18,white,6,22,55,272,1205,1,1,NA,N,NA,NA,NA,NA,NA,NA,NA,NA,NA,NA,1052,5e84408c-2e55-4621-933d-a03e10c5e1a4,NA,1,NA,Dry,8/20/2024 18:00,92a06f92-f73d-4141-a22e-39a21d141aea,8/20/2024 21:34,agoebl,8/20/2024 21:34,agoebl,4570,NA,55,ARFR4-SOS-AZ930-423-NAVAJO-18,#9E0142,-110.431,36.45877,15 - 20 Deg. F. / 6 - 12,SdZones downloaded 20230823,15 - 20 Deg. F.,12-Jun,15 - 20 Deg. F. / 6 - 12,15 - 20 / semi-arid,AZ.1,#ee5c42,"semi-arid, warm",#9E0142,A,NA,NA
ARFR-AZ930-423-NAVAJO-18,white,6,23,1,273,1206,1,1,NA,N,NA,NA,NA,NA,NA,NA,NA,NA,NA,NA,1053,1ea2146f-b396-435e-b562-ca55bc2a71f3,NA,1,NA,Dry,8/20/2024 18:00,0c16d540-fa8d-4f90-a0be-cd86c3778d96,8/20/2024 21:34,agoebl,8/20/2024 21:34,agoebl,4571,NA,1,ARFR4-SOS-AZ930-423-NAVAJO-18,#9E0142,-110.431,36.45877,15 - 20 Deg. F. / 6 - 12,SdZones downloaded 20230823,15 - 20 Deg. F.,12-Jun,15 - 20 Deg. F. / 6 - 12,15 - 20 / semi-arid,AZ.1,#ee5c42,"semi-arid, warm",#9E0142,A,NA,NA
ARFR-WY930-44-LASANIMAS-13,white,6,23,2,NA,1207,1,NA,119.522,N,NA,NA,NA,NA,119.522,54.52,33.79,2.83,NA,Y,1054,8e7bd5a0-11ea-42d6-bba5-6256854371ef,NA,NA,NA,H,8/20/2024 18:00,0c16d540-fa8d-4f90-a0be-cd86c3778d96,8/20/2024 21:34,agoebl,8/20/2024 21:34,agoebl,4572,NA,2,ARFR4-SOS-WY930-44-LASANIMAS-13,#FDAE61,-104.6423889,37.16547222,15 - 20 Deg. F. / 3 - 6,,15 - 20 Deg. F.,6-Mar,15 - 20 Deg. F. / 3 - 6,15 - 20 / semi-humid,CO.1,#698b69,"semi-humid, warm",#FDAE61,D,NA,Y
ARFR-WY050-49-FREMONT-12,white,6,23,3,NA,1208,1,1,NA,N,NA,NA,NA,NA,NA,NA,NA,NA,NA,NA,1055,cd9861af-2660-4d88-ade0-39268e77175a,NA,0,NA,NA,8/20/2024 18:00,0c16d540-fa8d-4f90-a0be-cd86c3778d96,8/20/2024 21:34,agoebl,8/20/2024 21:34,agoebl,4573,NA,3,ARFR4-SOS-WY050-49-FREMONT-12,#5E4FA2,-109.34775,43.42663611,5 - 10 Deg. F. / 6 - 12,,5 - 10 Deg. F.,12-Jun,5 - 10 Deg. F. / 6 - 12,5 - 10 / semi-arid,WY.3,#ffb90f,"semi-arid, cold",#5E4FA2,K,NA,NA
ARFR-WY930-44-LASANIMAS-13,white,6,23,4,NA,1209,1,1,NA,N,NA,NA,NA,NA,NA,NA,NA,NA,NA,NA,1056,a2ac2eb9-8d36-4b98-a7c8-92aa2cd2d25c,NA,1,NA,NA,8/20/2024 18:00,0c16d540-fa8d-4f90-a0be-cd86c3778d96,8/20/2024 21:34,agoebl,8/20/2024 21:34,agoebl,4574,NA,4,ARFR4-SOS-WY930-44-LASANIMAS-13,#FDAE61,-104.6423889,37.16547222,15 - 20 Deg. F. / 3 - 6,,15 - 20 Deg. F.,6-Mar,15 - 20 Deg. F. / 3 - 6,15 - 20 / semi-humid,CO.1,#698b69,"semi-humid, warm",#FDAE61,D,NA,NA
ARFR-AZ930-423-NAVAJO-18,white,6,23,5,274,1210,1,1,NA,N,NA,NA,NA,NA,NA,NA,NA,NA,NA,NA,1057,b7826604-2976-448a-b07b-6e92bed671d8,NA,1,NA,NA,8/20/2024 18:00,0c16d540-fa8d-4f90-a0be-cd86c3778d96,8/20/2024 21:34,agoebl,8/20/2024 21:34,agoebl,4575,NA,5,ARFR4-SOS-AZ930-423-NAVAJO-18,#9E0142,-110.431,36.45877,15 - 20 Deg. F. / 6 - 12,SdZones downloaded 20230823,15 - 20 Deg. F.,12-Jun,15 - 20 Deg. F. / 6 - 12,15 - 20 / semi-arid,AZ.1,#ee5c42,"semi-arid, warm",#9E0142,A,NA,NA
ARFR-WY930-44-LASANIMAS-13,white,6,23,6,NA,1211,1,1,NA,N,NA,NA,NA,NA,NA,NA,NA,NA,NA,NA,1058,9646d2c3-c8ce-4c43-b6fa-f23f2bb66044,NA,1,NA,NA,8/20/2024 18:00,0c16d540-fa8d-4f90-a0be-cd86c3778d96,8/20/2024 21:34,agoebl,8/20/2024 21:34,agoebl,4576,NA,6,ARFR4-SOS-WY930-44-LASANIMAS-13,#FDAE61,-104.6423889,37.16547222,15 - 20 Deg. F. / 3 - 6,,15 - 20 Deg. F.,6-Mar,15 - 20 Deg. F. / 3 - 6,15 - 20 / semi-humid,CO.1,#698b69,"semi-humid, warm",#FDAE61,D,NA,NA
ARFR-NM930N-66-11,white,6,23,7,NA,1212,1,1,NA,N,NA,NA,NA,NA,NA,NA,NA,NA,NA,NA,1059,39e1a3e3-81d5-44f2-911f-65dc18941bca,NA,1,NA,NA,8/20/2024 18:00,0c16d540-fa8d-4f90-a0be-cd86c3778d96,8/20/2024 21:34,agoebl,8/20/2024 21:34,agoebl,4577,NA,7,ARFR4-SOS-NM930N-66-11,#F46D43,-107.2045028,36.76818611,10 - 15 Deg. F. / 3 - 6,,10 - 15 Deg. F.,6-Mar,10 - 15 Deg. F. / 3 - 6,10 - 15 / semi-humid,NM.1,#66e566,"semi-humid, cool",#F46D43,C,NA,NA
ARFR-CO932-294-11,white,6,23,8,NA,1213,1,1,NA,N,NA,NA,NA,NA,NA,NA,NA,NA,NA,NA,1060,de43ef06-187b-4d28-acb4-f77c432a45b0,NA,1,NA,NA,8/20/2024 18:00,0c16d540-fa8d-4f90-a0be-cd86c3778d96,8/20/2024 21:34,agoebl,8/20/2024 21:34,agoebl,4578,NA,8,ARFR4-SOS-CO932-294-11,#ABDDA4,-105.2030833,39.78458333,15 - 20 Deg. F. / 3 - 6,,15 - 20 Deg. F.,6-Mar,15 - 20 Deg. F. / 3 - 6,15 - 20 / semi-humid,CO.4,#698b69,"semi-humid, warm",#ABDDA4,H,NA,NA
ARFR-WY040-71-10,white,6,23,9,NA,1214,1,1,NA,N,NA,NA,NA,NA,NA,NA,NA,NA,NA,NA,1061,31ec50fc-4f25-4125-911c-78eb89701a39,NA,1,NA,Dry,8/20/2024 18:00,0c16d540-fa8d-4f90-a0be-cd86c3778d96,8/20/2024 21:34,agoebl,8/20/2024 21:34,agoebl,4579,NA,9,ARFR4-SOS-WY040-71-10,#66C2A5,-109.2433156,41.13271889,5 - 10 Deg. F. / 3 - 6,,5 - 10 Deg. F.,6-Mar,5 - 10 Deg. F. / 3 - 6,5 - 10 / semi-humid,WY.1,#a5c2f1,"semi-humid, cold",#66C2A5,I,NA,NA
ARFR-NM930N-66-11,white,6,23,10,275,1215,1,1,NA,N,NA,NA,NA,NA,NA,NA,NA,NA,NA,NA,1062,388e2968-4407-415c-90dd-7de1db14c01f,NA,1,NA,NA,8/20/2024 18:00,0c16d540-fa8d-4f90-a0be-cd86c3778d96,8/20/2024 21:34,agoebl,8/20/2024 21:34,agoebl,4580,NA,10,ARFR4-SOS-NM930N-66-11,#F46D43,-107.2045028,36.76818611,10 - 15 Deg. F. / 3 - 6,,10 - 15 Deg. F.,6-Mar,10 - 15 Deg. F. / 3 - 6,10 - 15 / semi-humid,NM.1,#66e566,"semi-humid, cool",#F46D43,C,NA,NA
ARFR-WY040-71-10,white,6,23,11,NA,1216,1,1,NA,N,NA,NA,NA,NA,NA,NA,NA,NA,NA,NA,1063,bc7cf722-3170-4634-900a-791ef6e112be,NA,1,NA,NA,8/20/2024 18:00,0c16d540-fa8d-4f90-a0be-cd86c3778d96,8/20/2024 21:34,agoebl,8/20/2024 21:34,agoebl,4581,NA,11,ARFR4-SOS-WY040-71-10,#66C2A5,-109.2433156,41.13271889,5 - 10 Deg. F. / 3 - 6,,5 - 10 Deg. F.,6-Mar,5 - 10 Deg. F. / 3 - 6,5 - 10 / semi-humid,WY.1,#a5c2f1,"semi-humid, cold",#66C2A5,I,NA,NA
ARFR-CO932-316-JEFFERSON-12,white,6,23,12,NA,1217,1,1,77.532,N,NA,NA,NA,NA,77.532,38.86,15.91,10.8,NA,Y,1064,562eefa3-5c02-4532-a8d4-01241205078a,NA,NA,NA,H,8/20/2024 18:00,0c16d540-fa8d-4f90-a0be-cd86c3778d96,8/20/2024 21:34,agoebl,8/20/2024 21:34,agoebl,4582,NA,12,ARFR4-SOS-CO932-316-JEFFERSON-12,#FFFF85,-105.358,39.66325,15 - 20 Deg. F. / 3 - 6,,15 - 20 Deg. F.,6-Mar,15 - 20 Deg. F. / 3 - 6,15 - 20 / semi-humid,CO.3,#698b69,"semi-humid, warm",#FFFF85,F,NA,NA
ARFR-UT080-109-UINTAH-12,white,6,23,13,NA,1218,1,1,NA,N,NA,NA,NA,NA,NA,NA,NA,NA,NA,NA,1065,e4e54703-d95c-40aa-9633-f59b3d0fbc27,NA,1,NA,NA,8/20/2024 18:00,0c16d540-fa8d-4f90-a0be-cd86c3778d96,8/20/2024 21:34,agoebl,8/20/2024 21:34,agoebl,4583,NA,13,ARFR4-SOS-UT080-109-UINTAH-12,#aabe7f,-109.1426444,39.70802222,10 - 15 Deg. F. / 3 - 6,,10 - 15 Deg. F.,6-Mar,10 - 15 Deg. F. / 3 - 6,10 - 15 / semi-humid,UT.1,#66e566,"semi-humid, cool",#aabe7f,G,NA,NA
ARFR-CO932-314-JEFFERSON-12,white,6,23,14,NA,1219,1,NA,87.512,N,NA,NA,NA,NA,87.512,38.78,13.75,11.84,NA,Y,1066,a8a15586-a464-4f27-b41b-1f953c8d368b,NA,NA,NA,H,8/20/2024 18:00,0c16d540-fa8d-4f90-a0be-cd86c3778d96,8/20/2024 21:34,agoebl,8/20/2024 21:34,agoebl,4584,NA,14,ARFR4-SOS-CO932-314-JEFFERSON-12,#FEE08B,-105.3553333,39.40902778,10 - 15 Deg. F. / 3 - 6,,10 - 15 Deg. F.,6-Mar,10 - 15 Deg. F. / 3 - 6,10 - 15 / semi-humid,CO.2,#66e566,"semi-humid, cool",#FEE08B,E,NA,Y
ARFR-NM930N-66-11,white,6,23,15,276,1220,1,1,NA,N,NA,NA,NA,NA,NA,NA,NA,NA,NA,NA,1067,90ed4021-9818-4a95-8d49-5756d9d2cb1b,NA,1,NA,NA,8/20/2024 18:00,0c16d540-fa8d-4f90-a0be-cd86c3778d96,8/20/2024 21:34,agoebl,8/20/2024 21:34,agoebl,4585,NA,15,ARFR4-SOS-NM930N-66-11,#F46D43,-107.2045028,36.76818611,10 - 15 Deg. F. / 3 - 6,,10 - 15 Deg. F.,6-Mar,10 - 15 Deg. F. / 3 - 6,10 - 15 / semi-humid,NM.1,#66e566,"semi-humid, cool",#F46D43,C,NA,NA
ARFR-NM930N-66-11,white,6,23,16,NA,1221,0,0,NA,N,NA,NA,NA,NA,NA,NA,NA,NA,NA,NA,1068,58efb27f-9f9f-4f39-9c1c-bdaeea38180a,NA,0,NA,NA,8/20/2024 18:00,0c16d540-fa8d-4f90-a0be-cd86c3778d96,8/20/2024 21:34,agoebl,8/20/2024 21:34,agoebl,4586,NA,16,ARFR4-SOS-NM930N-66-11,#F46D43,-107.2045028,36.76818611,10 - 15 Deg. F. / 3 - 6,,10 - 15 Deg. F.,6-Mar,10 - 15 Deg. F. / 3 - 6,10 - 15 / semi-humid,NM.1,#66e566,"semi-humid, cool",#F46D43,C,NA,NA
ARFR-CO932-294-11,white,6,23,17,NA,1222,1,1,NA,N,NA,NA,NA,NA,NA,NA,NA,NA,NA,NA,1069,bb0179c5-3073-4d96-a21f-db4e9dba625b,NA,1,NA,NA,8/20/2024 18:00,0c16d540-fa8d-4f90-a0be-cd86c3778d96,8/20/2024 21:34,agoebl,8/20/2024 21:34,agoebl,4587,NA,17,ARFR4-SOS-CO932-294-11,#ABDDA4,-105.2030833,39.78458333,15 - 20 Deg. F. / 3 - 6,,15 - 20 Deg. F.,6-Mar,15 - 20 Deg. F. / 3 - 6,15 - 20 / semi-humid,CO.4,#698b69,"semi-humid, warm",#ABDDA4,H,NA,NA
ARFR-CO932-294-11,white,6,23,18,NA,1223,1,1,NA,N,NA,NA,NA,NA,NA,NA,NA,NA,NA,NA,1070,abc3842c-952a-451d-9578-fd27ba7dd55b,NA,1,NA,NA,8/20/2024 18:00,0c16d540-fa8d-4f90-a0be-cd86c3778d96,8/20/2024 21:34,agoebl,8/20/2024 21:34,agoebl,4588,NA,18,ARFR4-SOS-CO932-294-11,#ABDDA4,-105.2030833,39.78458333,15 - 20 Deg. F. / 3 - 6,,15 - 20 Deg. F.,6-Mar,15 - 20 Deg. F. / 3 - 6,15 - 20 / semi-humid,CO.4,#698b69,"semi-humid, warm",#ABDDA4,H,NA,NA
ARFR-UT080-109-UINTAH-12,white,6,23,19,NA,1224,1,NA,NA,N,NA,NA,NA,NA,NA,NA,NA,NA,NA,NA,1071,bf54f68d-0914-40f1-b792-3d46c2ccc00c,NA,0,NA,NA,8/20/2024 18:00,0c16d540-fa8d-4f90-a0be-cd86c3778d96,8/20/2024 21:34,agoebl,8/20/2024 21:34,agoebl,4589,NA,19,ARFR4-SOS-UT080-109-UINTAH-12,#aabe7f,-109.1426444,39.70802222,10 - 15 Deg. F. / 3 - 6,,10 - 15 Deg. F.,6-Mar,10 - 15 Deg. F. / 3 - 6,10 - 15 / semi-humid,UT.1,#66e566,"semi-humid, cool",#aabe7f,G,NA,Y
ARFR-WY930-44-LASANIMAS-13,white,6,23,20,277,1225,1,1,NA,N,NA,NA,NA,NA,NA,NA,NA,NA,NA,NA,1072,6208f352-9a64-480f-bc4b-6679c218df55,NA,1,NA,NA,8/20/2024 18:00,0c16d540-fa8d-4f90-a0be-cd86c3778d96,8/20/2024 21:34,agoebl,8/20/2024 21:34,agoebl,4590,NA,20,ARFR4-SOS-WY930-44-LASANIMAS-13,#FDAE61,-104.6423889,37.16547222,15 - 20 Deg. F. / 3 - 6,,15 - 20 Deg. F.,6-Mar,15 - 20 Deg. F. / 3 - 6,15 - 20 / semi-humid,CO.1,#698b69,"semi-humid, warm",#FDAE61,D,NA,NA
ARFR-NM930N-66-11,white,6,23,21,NA,1226,1,1,NA,Y,0.0043,0.876,20.37209302,NA,NA,NA,NA,NA,NA,NA,1073,b1df6362-7cd3-4f6b-bced-0024bbf3e99c,NA,1,NA,NA,8/20/2024 18:00,0c16d540-fa8d-4f90-a0be-cd86c3778d96,8/20/2024 21:34,agoebl,8/20/2024 21:34,agoebl,4591,NA,21,ARFR4-SOS-NM930N-66-11,#F46D43,-107.2045028,36.76818611,10 - 15 Deg. F. / 3 - 6,,10 - 15 Deg. F.,6-Mar,10 - 15 Deg. F. / 3 - 6,10 - 15 / semi-humid,NM.1,#66e566,"semi-humid, cool",#F46D43,C,NA,NA
ARFR-WY050-49-FREMONT-12,white,6,23,22,NA,1227,1,1,NA,N,NA,NA,NA,NA,NA,NA,NA,NA,NA,NA,1074,7879f6d0-401d-4435-9b64-f71ac93e867c,NA,1,NA,NA,8/20/2024 18:00,0c16d540-fa8d-4f90-a0be-cd86c3778d96,8/20/2024 21:34,agoebl,8/20/2024 21:34,agoebl,4592,NA,22,ARFR4-SOS-WY050-49-FREMONT-12,#5E4FA2,-109.34775,43.42663611,5 - 10 Deg. F. / 6 - 12,,5 - 10 Deg. F.,12-Jun,5 - 10 Deg. F. / 6 - 12,5 - 10 / semi-arid,WY.3,#ffb90f,"semi-arid, cold",#5E4FA2,K,NA,NA
ARFR-WY930-44-LASANIMAS-13,white,6,23,23,NA,1228,1,1,NA,N,NA,NA,NA,NA,NA,NA,NA,NA,NA,NA,1075,289e9a8b-1177-4c80-913f-e3eb25f68bd3,NA,1,NA,NA,8/20/2024 18:00,0c16d540-fa8d-4f90-a0be-cd86c3778d96,8/20/2024 21:34,agoebl,8/20/2024 21:34,agoebl,4593,NA,23,ARFR4-SOS-WY930-44-LASANIMAS-13,#FDAE61,-104.6423889,37.16547222,15 - 20 Deg. F. / 3 - 6,,15 - 20 Deg. F.,6-Mar,15 - 20 Deg. F. / 3 - 6,15 - 20 / semi-humid,CO.1,#698b69,"semi-humid, warm",#FDAE61,D,NA,NA
ARFR-CO932-294-11,white,6,23,24,NA,1229,1,1,NA,N,NA,NA,NA,NA,NA,NA,NA,NA,NA,NA,1076,b26eafaa-1d34-4f5d-b10a-665039b6917f,NA,1,NA,NA,8/20/2024 18:00,0c16d540-fa8d-4f90-a0be-cd86c3778d96,8/20/2024 21:34,agoebl,8/20/2024 21:34,agoebl,4594,NA,24,ARFR4-SOS-CO932-294-11,#ABDDA4,-105.2030833,39.78458333,15 - 20 Deg. F. / 3 - 6,,15 - 20 Deg. F.,6-Mar,15 - 20 Deg. F. / 3 - 6,15 - 20 / semi-humid,CO.4,#698b69,"semi-humid, warm",#ABDDA4,H,NA,NA
ARFR-WY050-151-FREMONT-16,white,6,23,25,278,1230,1,1,NA,N,NA,NA,NA,NA,NA,NA,NA,NA,NA,NA,1077,95e2079d-675e-4cb8-be42-a6f5939cd18b,NA,1,NA,Very small,8/20/2024 18:00,0c16d540-fa8d-4f90-a0be-cd86c3778d96,8/20/2024 21:34,agoebl,8/20/2024 21:34,agoebl,4595,NA,25,ARFR4-SOS-WY050-151-FREMONT-16,#3288BD,-108.1704472,42.47886111,10 - 15 Deg. F. / 6 - 12,,10 - 15 Deg. F.,12-Jun,10 - 15 Deg. F. / 6 - 12,10 - 15 / semi-arid,WY.2,#cd8500,"semi-arid, cool",#3288BD,J,NA,NA
ARFR-WY050-151-FREMONT-16,white,6,23,26,NA,1231,1,1,NA,N,NA,NA,NA,NA,NA,NA,NA,NA,NA,NA,1078,35bdc4d3-22be-41ac-9b9c-e789e4f769e3,NA,1,NA,Small,8/20/2024 18:00,0c16d540-fa8d-4f90-a0be-cd86c3778d96,8/20/2024 21:34,agoebl,8/20/2024 21:34,agoebl,4596,NA,26,ARFR4-SOS-WY050-151-FREMONT-16,#3288BD,-108.1704472,42.47886111,10 - 15 Deg. F. / 6 - 12,,10 - 15 Deg. F.,12-Jun,10 - 15 Deg. F. / 6 - 12,10 - 15 / semi-arid,WY.2,#cd8500,"semi-arid, cool",#3288BD,J,NA,NA
ARFR-AZ930-422-NAVAJO-18,white,6,23,27,NA,1232,1,1,NA,N,NA,NA,NA,NA,NA,NA,NA,NA,NA,NA,1079,d5f4b9fe-d4e4-41a8-969b-461a27370536,NA,1,NA,NA,8/20/2024 18:00,0c16d540-fa8d-4f90-a0be-cd86c3778d96,8/20/2024 21:34,agoebl,8/20/2024 21:34,agoebl,4597,NA,27,ARFR4-SOS-AZ930-422-NAVAJO-18,#D53E4F,-110.431,36.56805,15 - 20 Deg. F. / 6 - 12,Lats corrected 20230127,15 - 20 Deg. F.,12-Jun,15 - 20 Deg. F. / 6 - 12,15 - 20 / semi-arid,AZ.2,#ee5c42,"semi-arid, warm",#D53E4F,B,NA,NA
ARFR-WY930-44-LASANIMAS-13,white,6,23,28,NA,1233,1,1,NA,N,NA,NA,NA,NA,NA,NA,NA,NA,NA,NA,1080,f1974af7-bbe7-449f-a029-006912da6587,NA,1,NA,NA,8/20/2024 18:00,0c16d540-fa8d-4f90-a0be-cd86c3778d96,8/20/2024 21:34,agoebl,8/20/2024 21:34,agoebl,4598,NA,28,ARFR4-SOS-WY930-44-LASANIMAS-13,#FDAE61,-104.6423889,37.16547222,15 - 20 Deg. F. / 3 - 6,,15 - 20 Deg. F.,6-Mar,15 - 20 Deg. F. / 3 - 6,15 - 20 / semi-humid,CO.1,#698b69,"semi-humid, warm",#FDAE61,D,NA,NA
ARFR-WY040-71-10,white,6,23,29,NA,1234,1,1,NA,N,NA,NA,NA,NA,NA,NA,NA,NA,NA,NA,1081,2fd93eda-4526-4041-9340-2c084c90e952,NA,1,NA,Small,8/20/2024 18:00,0c16d540-fa8d-4f90-a0be-cd86c3778d96,8/20/2024 21:34,agoebl,8/20/2024 21:34,agoebl,4599,NA,29,ARFR4-SOS-WY040-71-10,#66C2A5,-109.2433156,41.13271889,5 - 10 Deg. F. / 3 - 6,,5 - 10 Deg. F.,6-Mar,5 - 10 Deg. F. / 3 - 6,5 - 10 / semi-humid,WY.1,#a5c2f1,"semi-humid, cold",#66C2A5,I,NA,NA
ARFR-CO932-294-11,white,6,23,30,279,1235,1,1,NA,N,NA,NA,NA,NA,NA,NA,NA,NA,NA,NA,1082,ed8dcc44-f61f-4a08-a2ad-5dc5d2257b15,NA,1,NA,NA,8/20/2024 18:00,0c16d540-fa8d-4f90-a0be-cd86c3778d96,8/20/2024 21:34,agoebl,8/20/2024 21:34,agoebl,4600,NA,30,ARFR4-SOS-CO932-294-11,#ABDDA4,-105.2030833,39.78458333,15 - 20 Deg. F. / 3 - 6,,15 - 20 Deg. F.,6-Mar,15 - 20 Deg. F. / 3 - 6,15 - 20 / semi-humid,CO.4,#698b69,"semi-humid, warm",#ABDDA4,H,NA,NA
ARFR-NM930N-66-11,white,6,23,31,NA,1236,1,1,NA,N,NA,NA,NA,NA,NA,NA,NA,NA,NA,NA,1083,df31fc38-9aac-44ec-94a1-5d1640230cae,NA,1,NA,NA,8/20/2024 18:00,0c16d540-fa8d-4f90-a0be-cd86c3778d96,8/20/2024 21:34,agoebl,8/20/2024 21:34,agoebl,4601,NA,31,ARFR4-SOS-NM930N-66-11,#F46D43,-107.2045028,36.76818611,10 - 15 Deg. F. / 3 - 6,,10 - 15 Deg. F.,6-Mar,10 - 15 Deg. F. / 3 - 6,10 - 15 / semi-humid,NM.1,#66e566,"semi-humid, cool",#F46D43,C,NA,NA
ARFR-UT080-109-UINTAH-12,white,6,23,32,NA,1237,1,1,NA,N,NA,NA,NA,NA,NA,NA,NA,NA,NA,NA,1084,8102d252-7178-45b8-9368-d98b9212f911,NA,1,NA,NA,8/20/2024 18:00,0c16d540-fa8d-4f90-a0be-cd86c3778d96,8/20/2024 21:34,agoebl,8/20/2024 21:34,agoebl,4602,NA,32,ARFR4-SOS-UT080-109-UINTAH-12,#aabe7f,-109.1426444,39.70802222,10 - 15 Deg. F. / 3 - 6,,10 - 15 Deg. F.,6-Mar,10 - 15 Deg. F. / 3 - 6,10 - 15 / semi-humid,UT.1,#66e566,"semi-humid, cool",#aabe7f,G,NA,NA
ARFR-WY930-44-LASANIMAS-13,white,6,23,33,NA,1238,1,1,NA,N,NA,NA,NA,NA,NA,NA,NA,NA,NA,NA,1085,9e082657-979c-48a5-bda1-dfbe407b9daf,NA,1,NA,NA,8/20/2024 18:00,0c16d540-fa8d-4f90-a0be-cd86c3778d96,8/20/2024 21:34,agoebl,8/20/2024 21:34,agoebl,4603,NA,33,ARFR4-SOS-WY930-44-LASANIMAS-13,#FDAE61,-104.6423889,37.16547222,15 - 20 Deg. F. / 3 - 6,,15 - 20 Deg. F.,6-Mar,15 - 20 Deg. F. / 3 - 6,15 - 20 / semi-humid,CO.1,#698b69,"semi-humid, warm",#FDAE61,D,NA,NA
ARFR-AZ930-422-NAVAJO-18,white,6,23,34,NA,1239,1,1,NA,N,NA,NA,NA,NA,NA,NA,NA,NA,NA,NA,1086,334ad35f-0cd5-4030-99e3-fc431824ed50,NA,1,NA,NA,8/20/2024 18:00,0c16d540-fa8d-4f90-a0be-cd86c3778d96,8/20/2024 21:34,agoebl,8/20/2024 21:34,agoebl,4604,NA,34,ARFR4-SOS-AZ930-422-NAVAJO-18,#D53E4F,-110.431,36.56805,15 - 20 Deg. F. / 6 - 12,Lats corrected 20230127,15 - 20 Deg. F.,12-Jun,15 - 20 Deg. F. / 6 - 12,15 - 20 / semi-arid,AZ.2,#ee5c42,"semi-arid, warm",#D53E4F,B,NA,NA
ARFR-WY050-151-FREMONT-16,white,6,23,35,280,1240,1,1,43.992,N,NA,NA,NA,NA,43.992,14.19,2.84,4.63,NA,Y,1087,b0aea12d-83a4-47aa-8c48-16eab65889ed,NA,NA,NA,H,8/20/2024 18:00,0c16d540-fa8d-4f90-a0be-cd86c3778d96,8/20/2024 21:34,agoebl,8/20/2024 21:34,agoebl,4605,NA,35,ARFR4-SOS-WY050-151-FREMONT-16,#3288BD,-108.1704472,42.47886111,10 - 15 Deg. F. / 6 - 12,,10 - 15 Deg. F.,12-Jun,10 - 15 Deg. F. / 6 - 12,10 - 15 / semi-arid,WY.2,#cd8500,"semi-arid, cool",#3288BD,J,NA,NA
ARFR-CO932-314-JEFFERSON-12,white,6,23,36,NA,1241,1,1,NA,N,NA,NA,NA,NA,NA,NA,NA,NA,NA,NA,1088,1feec441-6acd-46b8-844e-838a02e2a802,NA,1,NA,Small,8/20/2024 18:00,0c16d540-fa8d-4f90-a0be-cd86c3778d96,8/20/2024 21:34,agoebl,8/20/2024 21:34,agoebl,4606,NA,36,ARFR4-SOS-CO932-314-JEFFERSON-12,#FEE08B,-105.3553333,39.40902778,10 - 15 Deg. F. / 3 - 6,,10 - 15 Deg. F.,6-Mar,10 - 15 Deg. F. / 3 - 6,10 - 15 / semi-humid,CO.2,#66e566,"semi-humid, cool",#FEE08B,E,NA,NA
ARFR-WY040-71-10,white,6,23,37,NA,1242,1,1,NA,N,NA,NA,NA,NA,NA,NA,NA,NA,NA,NA,1089,7150ca45-a002-4e92-922a-1db6dad5b96d,NA,0,NA,Recruits nearby,8/20/2024 18:00,0c16d540-fa8d-4f90-a0be-cd86c3778d96,8/20/2024 21:34,agoebl,8/20/2024 21:34,agoebl,4607,NA,37,ARFR4-SOS-WY040-71-10,#66C2A5,-109.2433156,41.13271889,5 - 10 Deg. F. / 3 - 6,,5 - 10 Deg. F.,6-Mar,5 - 10 Deg. F. / 3 - 6,5 - 10 / semi-humid,WY.1,#a5c2f1,"semi-humid, cold",#66C2A5,I,NA,NA
ARFR-CO932-314-JEFFERSON-12,white,6,23,38,NA,1243,1,1,NA,N,NA,NA,NA,NA,NA,NA,NA,NA,NA,NA,1090,0dbb1d05-6c5e-40e4-9c37-2039b9db5597,NA,1,NA,NA,8/20/2024 18:00,0c16d540-fa8d-4f90-a0be-cd86c3778d96,8/20/2024 21:34,agoebl,8/20/2024 21:34,agoebl,4608,NA,38,ARFR4-SOS-CO932-314-JEFFERSON-12,#FEE08B,-105.3553333,39.40902778,10 - 15 Deg. F. / 3 - 6,,10 - 15 Deg. F.,6-Mar,10 - 15 Deg. F. / 3 - 6,10 - 15 / semi-humid,CO.2,#66e566,"semi-humid, cool",#FEE08B,E,NA,NA
ARFR-WY050-49-FREMONT-12,white,6,23,39,NA,1244,1,1,NA,N,NA,NA,NA,NA,NA,NA,NA,NA,NA,NA,1091,56e8131a-812f-4512-b9c1-1a1318bd8607,NA,1,NA,Nearly dead,8/20/2024 18:00,0c16d540-fa8d-4f90-a0be-cd86c3778d96,8/20/2024 21:34,agoebl,8/20/2024 21:34,agoebl,4609,NA,39,ARFR4-SOS-WY050-49-FREMONT-12,#5E4FA2,-109.34775,43.42663611,5 - 10 Deg. F. / 6 - 12,,5 - 10 Deg. F.,12-Jun,5 - 10 Deg. F. / 6 - 12,5 - 10 / semi-arid,WY.3,#ffb90f,"semi-arid, cold",#5E4FA2,K,NA,NA
ARFR-WY040-71-10,white,6,23,40,281,1245,1,1,NA,N,NA,NA,NA,NA,NA,NA,NA,NA,NA,NA,1092,0d1a6ce4-0efb-4619-8b4c-13161c772158,NA,0,NA,NA,8/20/2024 18:00,0c16d540-fa8d-4f90-a0be-cd86c3778d96,8/20/2024 21:34,agoebl,8/20/2024 21:34,agoebl,4610,NA,40,ARFR4-SOS-WY040-71-10,#66C2A5,-109.2433156,41.13271889,5 - 10 Deg. F. / 3 - 6,,5 - 10 Deg. F.,6-Mar,5 - 10 Deg. F. / 3 - 6,5 - 10 / semi-humid,WY.1,#a5c2f1,"semi-humid, cold",#66C2A5,I,NA,NA
ARFR-CO932-316-JEFFERSON-12,white,6,23,41,NA,1246,1,1,NA,N,NA,NA,NA,NA,NA,NA,NA,NA,NA,NA,1093,9a2121e7-0b45-4311-a165-421e17f59cb6,NA,1,NA,NA,8/20/2024 18:00,0c16d540-fa8d-4f90-a0be-cd86c3778d96,8/20/2024 21:34,agoebl,8/20/2024 21:34,agoebl,4611,NA,41,ARFR4-SOS-CO932-316-JEFFERSON-12,#FFFF85,-105.358,39.66325,15 - 20 Deg. F. / 3 - 6,,15 - 20 Deg. F.,6-Mar,15 - 20 Deg. F. / 3 - 6,15 - 20 / semi-humid,CO.3,#698b69,"semi-humid, warm",#FFFF85,F,NA,NA
ARFR-WY050-49-FREMONT-12,white,6,23,42,NA,1247,1,1,NA,N,NA,NA,NA,NA,NA,NA,NA,NA,NA,NA,1094,a1dd92c6-4d1b-4b00-ba4f-0a106d79b8b4,NA,1,NA,NA,8/20/2024 18:00,0c16d540-fa8d-4f90-a0be-cd86c3778d96,8/20/2024 21:34,agoebl,8/20/2024 21:34,agoebl,4612,NA,42,ARFR4-SOS-WY050-49-FREMONT-12,#5E4FA2,-109.34775,43.42663611,5 - 10 Deg. F. / 6 - 12,,5 - 10 Deg. F.,12-Jun,5 - 10 Deg. F. / 6 - 12,5 - 10 / semi-arid,WY.3,#ffb90f,"semi-arid, cold",#5E4FA2,K,NA,NA
ARFR-NM930N-66-11,white,6,23,43,NA,1248,1,1,NA,N,NA,NA,NA,NA,NA,NA,NA,NA,NA,NA,1095,abd978b0-f706-4b5a-a65f-06311132ffd7,NA,1,NA,NA,8/20/2024 18:00,0c16d540-fa8d-4f90-a0be-cd86c3778d96,8/20/2024 21:34,agoebl,8/20/2024 21:34,agoebl,4613,NA,43,ARFR4-SOS-NM930N-66-11,#F46D43,-107.2045028,36.76818611,10 - 15 Deg. F. / 3 - 6,,10 - 15 Deg. F.,6-Mar,10 - 15 Deg. F. / 3 - 6,10 - 15 / semi-humid,NM.1,#66e566,"semi-humid, cool",#F46D43,C,NA,NA
ARFR-UT080-109-UINTAH-12,white,6,23,44,NA,1249,1,1,NA,N,NA,NA,NA,NA,NA,NA,NA,NA,NA,NA,1096,c8e17c1d-f3c1-47e0-87c8-b096a30109a7,NA,1,NA,NA,8/20/2024 18:00,0c16d540-fa8d-4f90-a0be-cd86c3778d96,8/20/2024 21:34,agoebl,8/20/2024 21:34,agoebl,4614,NA,44,ARFR4-SOS-UT080-109-UINTAH-12,#aabe7f,-109.1426444,39.70802222,10 - 15 Deg. F. / 3 - 6,,10 - 15 Deg. F.,6-Mar,10 - 15 Deg. F. / 3 - 6,10 - 15 / semi-humid,UT.1,#66e566,"semi-humid, cool",#aabe7f,G,NA,NA
ARFR-CO932-314-JEFFERSON-12,white,6,23,45,282,1250,1,1,NA,N,NA,NA,NA,NA,NA,NA,NA,NA,NA,NA,1097,ca428497-58b8-4ec6-a438-2e9c372d6f7b,NA,1,NA,NA,8/20/2024 18:00,0c16d540-fa8d-4f90-a0be-cd86c3778d96,8/20/2024 21:34,agoebl,8/20/2024 21:34,agoebl,4615,NA,45,ARFR4-SOS-CO932-314-JEFFERSON-12,#FEE08B,-105.3553333,39.40902778,10 - 15 Deg. F. / 3 - 6,,10 - 15 Deg. F.,6-Mar,10 - 15 Deg. F. / 3 - 6,10 - 15 / semi-humid,CO.2,#66e566,"semi-humid, cool",#FEE08B,E,NA,NA
ARFR-CO932-316-JEFFERSON-12,white,6,23,46,NA,1251,1,1,NA,N,NA,NA,NA,NA,NA,NA,NA,NA,NA,NA,1098,5001c1f9-9685-4ace-b305-0d0505f2b084,NA,1,NA,NA,8/20/2024 18:00,0c16d540-fa8d-4f90-a0be-cd86c3778d96,8/20/2024 21:34,agoebl,8/20/2024 21:34,agoebl,4616,NA,46,ARFR4-SOS-CO932-316-JEFFERSON-12,#FFFF85,-105.358,39.66325,15 - 20 Deg. F. / 3 - 6,,15 - 20 Deg. F.,6-Mar,15 - 20 Deg. F. / 3 - 6,15 - 20 / semi-humid,CO.3,#698b69,"semi-humid, warm",#FFFF85,F,NA,NA
ARFR-AZ930-423-NAVAJO-18,white,6,23,47,NA,1252,1,1,NA,N,NA,NA,NA,NA,NA,NA,NA,NA,NA,NA,1099,6c76abd2-d90f-45af-be40-9532c8e9a1fd,NA,1,NA,NA,8/20/2024 18:00,0c16d540-fa8d-4f90-a0be-cd86c3778d96,8/20/2024 21:34,agoebl,8/20/2024 21:34,agoebl,4617,NA,47,ARFR4-SOS-AZ930-423-NAVAJO-18,#9E0142,-110.431,36.45877,15 - 20 Deg. F. / 6 - 12,SdZones downloaded 20230823,15 - 20 Deg. F.,12-Jun,15 - 20 Deg. F. / 6 - 12,15 - 20 / semi-arid,AZ.1,#ee5c42,"semi-arid, warm",#9E0142,A,NA,NA
ARFR-WY050-49-FREMONT-12,white,6,23,48,NA,1253,1,1,NA,N,NA,NA,NA,NA,NA,NA,NA,NA,NA,NA,1100,ad90ee30-2a64-4be1-ab91-80e0c19f7886,NA,1,NA,Dry,8/20/2024 18:00,0c16d540-fa8d-4f90-a0be-cd86c3778d96,8/20/2024 21:34,agoebl,8/20/2024 21:34,agoebl,4618,NA,48,ARFR4-SOS-WY050-49-FREMONT-12,#5E4FA2,-109.34775,43.42663611,5 - 10 Deg. F. / 6 - 12,,5 - 10 Deg. F.,12-Jun,5 - 10 Deg. F. / 6 - 12,5 - 10 / semi-arid,WY.3,#ffb90f,"semi-arid, cold",#5E4FA2,K,NA,NA
ARFR-WY050-49-FREMONT-12,white,6,23,49,NA,1254,1,1,NA,N,NA,NA,NA,NA,NA,NA,NA,NA,NA,NA,1101,ea5eecb2-7097-4909-a6f8-31e2019587eb,NA,1,NA,NA,8/20/2024 18:00,0c16d540-fa8d-4f90-a0be-cd86c3778d96,8/20/2024 21:34,agoebl,8/20/2024 21:34,agoebl,4619,NA,49,ARFR4-SOS-WY050-49-FREMONT-12,#5E4FA2,-109.34775,43.42663611,5 - 10 Deg. F. / 6 - 12,,5 - 10 Deg. F.,12-Jun,5 - 10 Deg. F. / 6 - 12,5 - 10 / semi-arid,WY.3,#ffb90f,"semi-arid, cold",#5E4FA2,K,NA,NA
ARFR-CO932-294-11,white,6,23,50,283,1255,1,1,NA,N,NA,NA,NA,NA,NA,NA,NA,NA,NA,NA,1102,5d00e34e-ad45-4ed9-a55a-f3bed3660745,NA,1,NA,NA,8/20/2024 18:00,0c16d540-fa8d-4f90-a0be-cd86c3778d96,8/20/2024 21:34,agoebl,8/20/2024 21:34,agoebl,4620,NA,50,ARFR4-SOS-CO932-294-11,#ABDDA4,-105.2030833,39.78458333,15 - 20 Deg. F. / 3 - 6,,15 - 20 Deg. F.,6-Mar,15 - 20 Deg. F. / 3 - 6,15 - 20 / semi-humid,CO.4,#698b69,"semi-humid, warm",#ABDDA4,H,NA,NA
ARFR-WY930-44-LASANIMAS-13,white,6,23,51,NA,1256,1,1,NA,N,NA,NA,NA,NA,NA,NA,NA,NA,NA,NA,1103,e5909fd6-69af-443f-9a93-e210d66c5cc1,NA,1,NA,NA,8/20/2024 18:00,0c16d540-fa8d-4f90-a0be-cd86c3778d96,8/20/2024 21:34,agoebl,8/20/2024 21:34,agoebl,4621,NA,51,ARFR4-SOS-WY930-44-LASANIMAS-13,#FDAE61,-104.6423889,37.16547222,15 - 20 Deg. F. / 3 - 6,,15 - 20 Deg. F.,6-Mar,15 - 20 Deg. F. / 3 - 6,15 - 20 / semi-humid,CO.1,#698b69,"semi-humid, warm",#FDAE61,D,NA,NA
ARFR-AZ930-423-NAVAJO-18,white,6,23,52,NA,1257,1,1,NA,N,NA,NA,NA,NA,NA,NA,NA,NA,NA,NA,1104,b1a047aa-aa6e-452b-85df-dd55f91656a9,NA,1,NA,Dry,8/20/2024 18:00,0c16d540-fa8d-4f90-a0be-cd86c3778d96,8/20/2024 21:34,agoebl,8/20/2024 21:34,agoebl,4622,NA,52,ARFR4-SOS-AZ930-423-NAVAJO-18,#9E0142,-110.431,36.45877,15 - 20 Deg. F. / 6 - 12,SdZones downloaded 20230823,15 - 20 Deg. F.,12-Jun,15 - 20 Deg. F. / 6 - 12,15 - 20 / semi-arid,AZ.1,#ee5c42,"semi-arid, warm",#9E0142,A,NA,NA
ARFR-CO932-294-11,white,6,23,53,NA,1258,1,1,NA,N,NA,NA,NA,NA,NA,NA,NA,NA,NA,NA,1105,9eb40caa-85f8-4b85-ae0c-0e04febf17d7,NA,1,NA,NA,8/20/2024 18:00,0c16d540-fa8d-4f90-a0be-cd86c3778d96,8/20/2024 21:34,agoebl,8/20/2024 21:34,agoebl,4623,NA,53,ARFR4-SOS-CO932-294-11,#ABDDA4,-105.2030833,39.78458333,15 - 20 Deg. F. / 3 - 6,,15 - 20 Deg. F.,6-Mar,15 - 20 Deg. F. / 3 - 6,15 - 20 / semi-humid,CO.4,#698b69,"semi-humid, warm",#ABDDA4,H,NA,NA
ARFR-AZ930-422-NAVAJO-18,white,6,23,54,NA,1259,1,1,NA,N,NA,NA,NA,NA,NA,NA,NA,NA,NA,NA,1106,096a644d-9350-416f-be72-e6f32a423161,NA,1,NA,Dry,8/20/2024 18:00,0c16d540-fa8d-4f90-a0be-cd86c3778d96,8/20/2024 21:34,agoebl,8/20/2024 21:34,agoebl,4624,NA,54,ARFR4-SOS-AZ930-422-NAVAJO-18,#D53E4F,-110.431,36.56805,15 - 20 Deg. F. / 6 - 12,Lats corrected 20230127,15 - 20 Deg. F.,12-Jun,15 - 20 Deg. F. / 6 - 12,15 - 20 / semi-arid,AZ.2,#ee5c42,"semi-arid, warm",#D53E4F,B,NA,NA
ARFR-WY040-71-10,white,6,23,55,284,1260,1,1,NA,N,NA,NA,NA,NA,NA,NA,NA,NA,NA,NA,1107,4b025bfe-b0a4-4bca-b0e4-ebc20293634c,NA,1,NA,Nearly dead,8/20/2024 18:00,0c16d540-fa8d-4f90-a0be-cd86c3778d96,8/20/2024 21:34,agoebl,8/20/2024 21:34,agoebl,4625,NA,55,ARFR4-SOS-WY040-71-10,#66C2A5,-109.2433156,41.13271889,5 - 10 Deg. F. / 3 - 6,,5 - 10 Deg. F.,6-Mar,5 - 10 Deg. F. / 3 - 6,5 - 10 / semi-humid,WY.1,#a5c2f1,"semi-humid, cold",#66C2A5,I,NA,NA
ARFR-WY050-151-FREMONT-16,white,6,24,1,273,1261,1,1,NA,N,NA,NA,NA,NA,NA,NA,NA,NA,NA,NA,1108,3ae333b1-a5f6-42f2-9aaa-ef1a0802817a,NA,1,NA,NA,8/20/2024 18:00,b0000e61-2c94-4ad7-8d68-796193a9ddd7,8/20/2024 21:34,agoebl,8/20/2024 21:34,agoebl,4626,NA,1,ARFR4-SOS-WY050-151-FREMONT-16,#3288BD,-108.1704472,42.47886111,10 - 15 Deg. F. / 6 - 12,,10 - 15 Deg. F.,12-Jun,10 - 15 Deg. F. / 6 - 12,10 - 15 / semi-arid,WY.2,#cd8500,"semi-arid, cool",#3288BD,J,NA,NA
ARFR-WY040-71-10,white,6,24,2,NA,1262,1,0,9.23,N,NA,NA,NA,NA,9.23,0,0,0,Missing? Zeros for inf added since didn't flwr,Y,1109,8bc87d7e-f772-469e-bc7b-1758f48402bb,NA,NA,NA,H,8/20/2024 18:00,b0000e61-2c94-4ad7-8d68-796193a9ddd7,8/20/2024 21:34,agoebl,8/20/2024 21:34,agoebl,4627,NA,2,ARFR4-SOS-WY040-71-10,#66C2A5,-109.2433156,41.13271889,5 - 10 Deg. F. / 3 - 6,,5 - 10 Deg. F.,6-Mar,5 - 10 Deg. F. / 3 - 6,5 - 10 / semi-humid,WY.1,#a5c2f1,"semi-humid, cold",#66C2A5,I,NA,NA
ARFR-WY930-44-LASANIMAS-13,white,6,24,3,NA,1263,1,1,NA,N,NA,NA,NA,NA,NA,NA,NA,NA,NA,NA,1110,da3814a3-6800-4888-945d-a95365249843,NA,1,NA,NA,8/20/2024 18:00,b0000e61-2c94-4ad7-8d68-796193a9ddd7,8/20/2024 21:34,agoebl,8/20/2024 21:34,agoebl,4628,NA,3,ARFR4-SOS-WY930-44-LASANIMAS-13,#FDAE61,-104.6423889,37.16547222,15 - 20 Deg. F. / 3 - 6,,15 - 20 Deg. F.,6-Mar,15 - 20 Deg. F. / 3 - 6,15 - 20 / semi-humid,CO.1,#698b69,"semi-humid, warm",#FDAE61,D,NA,NA
ARFR-AZ930-422-NAVAJO-18,white,6,24,4,NA,1264,1,1,NA,N,NA,NA,NA,NA,NA,NA,NA,NA,NA,NA,1111,cedc15b9-76f9-4a4c-af1d-7e5b6d91442f,NA,1,NA,Dry,8/20/2024 18:00,b0000e61-2c94-4ad7-8d68-796193a9ddd7,8/20/2024 21:34,agoebl,8/20/2024 21:34,agoebl,4629,NA,4,ARFR4-SOS-AZ930-422-NAVAJO-18,#D53E4F,-110.431,36.56805,15 - 20 Deg. F. / 6 - 12,Lats corrected 20230127,15 - 20 Deg. F.,12-Jun,15 - 20 Deg. F. / 6 - 12,15 - 20 / semi-arid,AZ.2,#ee5c42,"semi-arid, warm",#D53E4F,B,NA,NA
ARFR-UT080-109-UINTAH-12,white,6,24,5,274,1265,0,0,NA,N,NA,NA,NA,NA,NA,NA,NA,NA,NA,NA,1112,cec611c9-d6bc-443b-9366-e893c39bc905,NA,0,NA,NA,8/20/2024 18:00,b0000e61-2c94-4ad7-8d68-796193a9ddd7,8/20/2024 21:34,agoebl,8/20/2024 21:34,agoebl,4630,NA,5,ARFR4-SOS-UT080-109-UINTAH-12,#aabe7f,-109.1426444,39.70802222,10 - 15 Deg. F. / 3 - 6,,10 - 15 Deg. F.,6-Mar,10 - 15 Deg. F. / 3 - 6,10 - 15 / semi-humid,UT.1,#66e566,"semi-humid, cool",#aabe7f,G,NA,NA
ARFR-AZ930-422-NAVAJO-18,white,6,24,6,NA,1266,1,1,NA,N,NA,NA,NA,NA,NA,NA,NA,NA,NA,NA,1113,b75c57d0-6fd5-45d3-ad04-94523cea189b,NA,0,NA,NA,8/20/2024 18:00,b0000e61-2c94-4ad7-8d68-796193a9ddd7,8/20/2024 21:34,agoebl,8/20/2024 21:34,agoebl,4631,NA,6,ARFR4-SOS-AZ930-422-NAVAJO-18,#D53E4F,-110.431,36.56805,15 - 20 Deg. F. / 6 - 12,Lats corrected 20230127,15 - 20 Deg. F.,12-Jun,15 - 20 Deg. F. / 6 - 12,15 - 20 / semi-arid,AZ.2,#ee5c42,"semi-arid, warm",#D53E4F,B,NA,NA
ARFR-UT080-109-UINTAH-12,white,6,24,7,NA,1267,1,1,NA,N,NA,NA,NA,NA,NA,NA,NA,NA,NA,NA,1114,43ce1d0f-71fe-4716-9c41-8513230e768a,NA,1,NA,NA,8/20/2024 18:00,b0000e61-2c94-4ad7-8d68-796193a9ddd7,8/20/2024 21:34,agoebl,8/20/2024 21:34,agoebl,4632,NA,7,ARFR4-SOS-UT080-109-UINTAH-12,#aabe7f,-109.1426444,39.70802222,10 - 15 Deg. F. / 3 - 6,,10 - 15 Deg. F.,6-Mar,10 - 15 Deg. F. / 3 - 6,10 - 15 / semi-humid,UT.1,#66e566,"semi-humid, cool",#aabe7f,G,NA,NA
ARFR-AZ930-422-NAVAJO-18,white,6,24,8,NA,1268,1,1,NA,N,NA,NA,NA,NA,NA,NA,NA,NA,NA,NA,1115,77f27f22-514f-4b51-b0aa-bcd88a398795,NA,1,NA,NA,8/20/2024 18:00,b0000e61-2c94-4ad7-8d68-796193a9ddd7,8/20/2024 21:34,agoebl,8/20/2024 21:34,agoebl,4633,NA,8,ARFR4-SOS-AZ930-422-NAVAJO-18,#D53E4F,-110.431,36.56805,15 - 20 Deg. F. / 6 - 12,Lats corrected 20230127,15 - 20 Deg. F.,12-Jun,15 - 20 Deg. F. / 6 - 12,15 - 20 / semi-arid,AZ.2,#ee5c42,"semi-arid, warm",#D53E4F,B,NA,NA
ARFR-CO932-316-JEFFERSON-12,white,6,24,9,NA,1269,1,NA,5.27,N,NA,NA,NA,NA,5.27,0,0,0,Missing? Zeros for inf added since didn't flwr,Y,1116,515cc020-fc63-44fc-a076-403423bb66ed,NA,NA,NA,H,8/20/2024 18:00,b0000e61-2c94-4ad7-8d68-796193a9ddd7,8/20/2024 21:34,agoebl,8/20/2024 21:34,agoebl,4634,NA,9,ARFR4-SOS-CO932-316-JEFFERSON-12,#FFFF85,-105.358,39.66325,15 - 20 Deg. F. / 3 - 6,,15 - 20 Deg. F.,6-Mar,15 - 20 Deg. F. / 3 - 6,15 - 20 / semi-humid,CO.3,#698b69,"semi-humid, warm",#FFFF85,F,NA,Y
ARFR-CO932-314-JEFFERSON-12,white,6,24,10,275,1270,1,1,NA,N,NA,NA,NA,NA,NA,NA,NA,NA,NA,NA,1117,411a95b8-89bb-447c-ba3a-4dbca1bb1ea3,NA,1,NA,Dry,8/20/2024 18:00,b0000e61-2c94-4ad7-8d68-796193a9ddd7,8/20/2024 21:34,agoebl,8/20/2024 21:34,agoebl,4635,NA,10,ARFR4-SOS-CO932-314-JEFFERSON-12,#FEE08B,-105.3553333,39.40902778,10 - 15 Deg. F. / 3 - 6,,10 - 15 Deg. F.,6-Mar,10 - 15 Deg. F. / 3 - 6,10 - 15 / semi-humid,CO.2,#66e566,"semi-humid, cool",#FEE08B,E,NA,NA
ARFR-WY050-49-FREMONT-12,white,6,24,11,NA,1271,1,1,NA,N,NA,NA,NA,NA,NA,NA,NA,NA,NA,NA,1118,2dc10e1f-c009-434b-b526-a450c92ce5ff,NA,1,NA,NA,8/20/2024 18:00,b0000e61-2c94-4ad7-8d68-796193a9ddd7,8/20/2024 21:34,agoebl,8/20/2024 21:34,agoebl,4636,NA,11,ARFR4-SOS-WY050-49-FREMONT-12,#5E4FA2,-109.34775,43.42663611,5 - 10 Deg. F. / 6 - 12,,5 - 10 Deg. F.,12-Jun,5 - 10 Deg. F. / 6 - 12,5 - 10 / semi-arid,WY.3,#ffb90f,"semi-arid, cold",#5E4FA2,K,NA,NA
ARFR-CO932-316-JEFFERSON-12,white,6,24,12,NA,1272,1,1,102.912,N,NA,NA,NA,NA,102.912,59.88,27.56,12.09,NA,Y,1119,5a5bb1e2-8ec3-4c94-8e89-1647e6965173,NA,NA,NA,H,8/20/2024 18:00,b0000e61-2c94-4ad7-8d68-796193a9ddd7,8/20/2024 21:34,agoebl,8/20/2024 21:34,agoebl,4637,NA,12,ARFR4-SOS-CO932-316-JEFFERSON-12,#FFFF85,-105.358,39.66325,15 - 20 Deg. F. / 3 - 6,,15 - 20 Deg. F.,6-Mar,15 - 20 Deg. F. / 3 - 6,15 - 20 / semi-humid,CO.3,#698b69,"semi-humid, warm",#FFFF85,F,NA,NA
ARFR-CO932-316-JEFFERSON-12,white,6,24,13,NA,1273,1,1,NA,N,NA,NA,NA,NA,NA,NA,NA,NA,NA,NA,1120,eb3c5545-315f-44a2-bcd1-bc5dd28f719f,NA,1,NA,NA,8/20/2024 18:00,b0000e61-2c94-4ad7-8d68-796193a9ddd7,8/20/2024 21:34,agoebl,8/20/2024 21:34,agoebl,4638,NA,13,ARFR4-SOS-CO932-316-JEFFERSON-12,#FFFF85,-105.358,39.66325,15 - 20 Deg. F. / 3 - 6,,15 - 20 Deg. F.,6-Mar,15 - 20 Deg. F. / 3 - 6,15 - 20 / semi-humid,CO.3,#698b69,"semi-humid, warm",#FFFF85,F,NA,NA
ARFR-WY930-44-LASANIMAS-13,white,6,24,14,NA,1274,1,0,NA,N,NA,NA,NA,NA,NA,NA,NA,NA,NA,NA,1121,bf589328-d2f7-4941-8ddd-03be9afc990d,NA,0,NA,NA,8/20/2024 18:00,b0000e61-2c94-4ad7-8d68-796193a9ddd7,8/20/2024 21:34,agoebl,8/20/2024 21:34,agoebl,4639,NA,14,ARFR4-SOS-WY930-44-LASANIMAS-13,#FDAE61,-104.6423889,37.16547222,15 - 20 Deg. F. / 3 - 6,,15 - 20 Deg. F.,6-Mar,15 - 20 Deg. F. / 3 - 6,15 - 20 / semi-humid,CO.1,#698b69,"semi-humid, warm",#FDAE61,D,NA,NA
ARFR-CO932-314-JEFFERSON-12,white,6,24,15,276,1275,1,1,NA,N,NA,NA,NA,NA,NA,NA,NA,NA,NA,NA,1122,9772b207-3173-400f-9eb7-77fb8f849353,NA,1,NA,NA,8/20/2024 18:00,b0000e61-2c94-4ad7-8d68-796193a9ddd7,8/20/2024 21:34,agoebl,8/20/2024 21:34,agoebl,4640,NA,15,ARFR4-SOS-CO932-314-JEFFERSON-12,#FEE08B,-105.3553333,39.40902778,10 - 15 Deg. F. / 3 - 6,,10 - 15 Deg. F.,6-Mar,10 - 15 Deg. F. / 3 - 6,10 - 15 / semi-humid,CO.2,#66e566,"semi-humid, cool",#FEE08B,E,NA,NA
ARFR-NM930N-66-11,white,6,24,16,NA,1276,1,1,NA,N,NA,NA,NA,NA,NA,NA,NA,NA,NA,NA,1123,909f2262-62f4-43a2-b8f3-bccb9b905509,NA,1,NA,Dry,8/20/2024 18:00,b0000e61-2c94-4ad7-8d68-796193a9ddd7,8/20/2024 21:34,agoebl,8/20/2024 21:34,agoebl,4641,NA,16,ARFR4-SOS-NM930N-66-11,#F46D43,-107.2045028,36.76818611,10 - 15 Deg. F. / 3 - 6,,10 - 15 Deg. F.,6-Mar,10 - 15 Deg. F. / 3 - 6,10 - 15 / semi-humid,NM.1,#66e566,"semi-humid, cool",#F46D43,C,NA,NA
ARFR-UT080-109-UINTAH-12,white,6,24,17,NA,1277,1,1,NA,N,NA,NA,NA,NA,NA,NA,NA,NA,NA,NA,1124,27b04c82-9a85-4633-8d39-1075e26433ea,NA,1,NA,Dry,8/20/2024 18:00,b0000e61-2c94-4ad7-8d68-796193a9ddd7,8/20/2024 21:34,agoebl,8/20/2024 21:34,agoebl,4642,NA,17,ARFR4-SOS-UT080-109-UINTAH-12,#aabe7f,-109.1426444,39.70802222,10 - 15 Deg. F. / 3 - 6,,10 - 15 Deg. F.,6-Mar,10 - 15 Deg. F. / 3 - 6,10 - 15 / semi-humid,UT.1,#66e566,"semi-humid, cool",#aabe7f,G,NA,NA
ARFR-WY930-44-LASANIMAS-13,white,6,24,18,NA,1278,1,1,NA,N,NA,NA,NA,NA,NA,NA,NA,NA,NA,NA,1125,34400cfc-6b75-4243-8d21-67afa4eddedc,NA,1,NA,Small,8/20/2024 18:00,b0000e61-2c94-4ad7-8d68-796193a9ddd7,8/20/2024 21:34,agoebl,8/20/2024 21:34,agoebl,4643,NA,18,ARFR4-SOS-WY930-44-LASANIMAS-13,#FDAE61,-104.6423889,37.16547222,15 - 20 Deg. F. / 3 - 6,,15 - 20 Deg. F.,6-Mar,15 - 20 Deg. F. / 3 - 6,15 - 20 / semi-humid,CO.1,#698b69,"semi-humid, warm",#FDAE61,D,NA,NA
ARFR-CO932-294-11,white,6,24,19,NA,1279,1,1,NA,N,NA,NA,NA,NA,NA,NA,NA,NA,NA,NA,1126,bd5a39e8-a277-418b-aa11-407d75f2b086,NA,1,NA,NA,8/20/2024 18:00,b0000e61-2c94-4ad7-8d68-796193a9ddd7,8/20/2024 21:34,agoebl,8/20/2024 21:34,agoebl,4644,NA,19,ARFR4-SOS-CO932-294-11,#ABDDA4,-105.2030833,39.78458333,15 - 20 Deg. F. / 3 - 6,,15 - 20 Deg. F.,6-Mar,15 - 20 Deg. F. / 3 - 6,15 - 20 / semi-humid,CO.4,#698b69,"semi-humid, warm",#ABDDA4,H,NA,NA
ARFR-CO932-314-JEFFERSON-12,white,6,24,20,277,1280,1,1,NA,N,NA,NA,NA,NA,NA,NA,NA,NA,NA,NA,1127,dda4f0d8-c7e1-441c-99a8-2e74395f70e9,NA,1,NA,NA,8/20/2024 18:00,b0000e61-2c94-4ad7-8d68-796193a9ddd7,8/20/2024 21:34,agoebl,8/20/2024 21:34,agoebl,4645,NA,20,ARFR4-SOS-CO932-314-JEFFERSON-12,#FEE08B,-105.3553333,39.40902778,10 - 15 Deg. F. / 3 - 6,,10 - 15 Deg. F.,6-Mar,10 - 15 Deg. F. / 3 - 6,10 - 15 / semi-humid,CO.2,#66e566,"semi-humid, cool",#FEE08B,E,NA,NA
ARFR-WY050-49-FREMONT-12,white,6,24,21,NA,1281,1,1,NA,N,NA,NA,NA,NA,NA,NA,NA,NA,NA,NA,1128,2fe4d874-9399-4190-ab9f-a40eb8825280,NA,1,NA,Small,8/20/2024 18:00,b0000e61-2c94-4ad7-8d68-796193a9ddd7,8/20/2024 21:34,agoebl,8/20/2024 21:34,agoebl,4646,NA,21,ARFR4-SOS-WY050-49-FREMONT-12,#5E4FA2,-109.34775,43.42663611,5 - 10 Deg. F. / 6 - 12,,5 - 10 Deg. F.,12-Jun,5 - 10 Deg. F. / 6 - 12,5 - 10 / semi-arid,WY.3,#ffb90f,"semi-arid, cold",#5E4FA2,K,NA,NA
ARFR-UT080-109-UINTAH-12,white,6,24,22,NA,1282,1,1,NA,N,NA,NA,NA,NA,NA,NA,NA,NA,NA,NA,1129,5092e727-e804-40d7-a229-b525b016115c,NA,1,NA,NA,8/20/2024 18:00,b0000e61-2c94-4ad7-8d68-796193a9ddd7,8/20/2024 21:34,agoebl,8/20/2024 21:34,agoebl,4647,NA,22,ARFR4-SOS-UT080-109-UINTAH-12,#aabe7f,-109.1426444,39.70802222,10 - 15 Deg. F. / 3 - 6,,10 - 15 Deg. F.,6-Mar,10 - 15 Deg. F. / 3 - 6,10 - 15 / semi-humid,UT.1,#66e566,"semi-humid, cool",#aabe7f,G,NA,NA
ARFR-AZ930-422-NAVAJO-18,white,6,24,23,NA,1283,1,1,NA,N,NA,NA,NA,NA,NA,NA,NA,NA,NA,NA,1130,3237764d-9ba5-49c4-b62e-cf676b8e3350,NA,1,NA,NA,8/20/2024 18:00,b0000e61-2c94-4ad7-8d68-796193a9ddd7,8/20/2024 21:34,agoebl,8/20/2024 21:34,agoebl,4648,NA,23,ARFR4-SOS-AZ930-422-NAVAJO-18,#D53E4F,-110.431,36.56805,15 - 20 Deg. F. / 6 - 12,Lats corrected 20230127,15 - 20 Deg. F.,12-Jun,15 - 20 Deg. F. / 6 - 12,15 - 20 / semi-arid,AZ.2,#ee5c42,"semi-arid, warm",#D53E4F,B,NA,NA
ARFR-WY930-44-LASANIMAS-13,white,6,24,24,NA,1284,1,1,NA,N,NA,NA,NA,NA,NA,NA,NA,NA,NA,NA,1131,43008677-d9b9-4c56-bc36-4cf4a3b8452b,NA,1,NA,NA,8/20/2024 18:00,b0000e61-2c94-4ad7-8d68-796193a9ddd7,8/20/2024 21:34,agoebl,8/20/2024 21:34,agoebl,4649,NA,24,ARFR4-SOS-WY930-44-LASANIMAS-13,#FDAE61,-104.6423889,37.16547222,15 - 20 Deg. F. / 3 - 6,,15 - 20 Deg. F.,6-Mar,15 - 20 Deg. F. / 3 - 6,15 - 20 / semi-humid,CO.1,#698b69,"semi-humid, warm",#FDAE61,D,NA,NA
ARFR-AZ930-422-NAVAJO-18,white,6,24,25,278,1285,1,1,NA,N,NA,NA,NA,NA,NA,NA,NA,NA,NA,NA,1132,c3d97db5-30d5-4c27-9bc3-c7caa54ade73,NA,0,NA,NA,8/20/2024 18:00,b0000e61-2c94-4ad7-8d68-796193a9ddd7,8/20/2024 21:34,agoebl,8/20/2024 21:34,agoebl,4650,NA,25,ARFR4-SOS-AZ930-422-NAVAJO-18,#D53E4F,-110.431,36.56805,15 - 20 Deg. F. / 6 - 12,Lats corrected 20230127,15 - 20 Deg. F.,12-Jun,15 - 20 Deg. F. / 6 - 12,15 - 20 / semi-arid,AZ.2,#ee5c42,"semi-arid, warm",#D53E4F,B,NA,NA
ARFR-CO932-316-JEFFERSON-12,white,6,24,26,NA,1286,1,1,NA,N,NA,NA,NA,NA,NA,NA,NA,NA,NA,NA,1133,1281a82f-e4a3-45de-b2a4-e6ba9886f259,NA,1,NA,NA,8/20/2024 18:00,b0000e61-2c94-4ad7-8d68-796193a9ddd7,8/20/2024 21:34,agoebl,8/20/2024 21:34,agoebl,4651,NA,26,ARFR4-SOS-CO932-316-JEFFERSON-12,#FFFF85,-105.358,39.66325,15 - 20 Deg. F. / 3 - 6,,15 - 20 Deg. F.,6-Mar,15 - 20 Deg. F. / 3 - 6,15 - 20 / semi-humid,CO.3,#698b69,"semi-humid, warm",#FFFF85,F,NA,NA
ARFR-CO932-316-JEFFERSON-12,white,6,24,27,NA,1287,1,1,NA,N,NA,NA,NA,NA,NA,NA,NA,NA,NA,NA,1134,483551c1-1556-4c80-8001-6cb73e2a1e97,NA,1,NA,NA,8/20/2024 18:00,b0000e61-2c94-4ad7-8d68-796193a9ddd7,8/20/2024 21:34,agoebl,8/20/2024 21:34,agoebl,4652,NA,27,ARFR4-SOS-CO932-316-JEFFERSON-12,#FFFF85,-105.358,39.66325,15 - 20 Deg. F. / 3 - 6,,15 - 20 Deg. F.,6-Mar,15 - 20 Deg. F. / 3 - 6,15 - 20 / semi-humid,CO.3,#698b69,"semi-humid, warm",#FFFF85,F,NA,NA
ARFR-AZ930-422-NAVAJO-18,white,6,24,28,NA,1288,1,1,NA,N,NA,NA,NA,NA,NA,NA,NA,NA,NA,NA,1135,7e0e3651-da2f-4ec1-9af0-abf5711e64ee,NA,1,NA,NA,8/20/2024 18:00,b0000e61-2c94-4ad7-8d68-796193a9ddd7,8/20/2024 21:34,agoebl,8/20/2024 21:34,agoebl,4653,NA,28,ARFR4-SOS-AZ930-422-NAVAJO-18,#D53E4F,-110.431,36.56805,15 - 20 Deg. F. / 6 - 12,Lats corrected 20230127,15 - 20 Deg. F.,12-Jun,15 - 20 Deg. F. / 6 - 12,15 - 20 / semi-arid,AZ.2,#ee5c42,"semi-arid, warm",#D53E4F,B,NA,NA
ARFR-AZ930-423-NAVAJO-18,white,6,24,29,NA,1289,1,1,NA,N,NA,NA,NA,NA,NA,NA,NA,NA,NA,NA,1136,49e6e345-bf9a-477d-9ec9-068782221bb1,NA,1,NA,NA,8/20/2024 18:00,b0000e61-2c94-4ad7-8d68-796193a9ddd7,8/20/2024 21:34,agoebl,8/20/2024 21:34,agoebl,4654,NA,29,ARFR4-SOS-AZ930-423-NAVAJO-18,#9E0142,-110.431,36.45877,15 - 20 Deg. F. / 6 - 12,SdZones downloaded 20230823,15 - 20 Deg. F.,12-Jun,15 - 20 Deg. F. / 6 - 12,15 - 20 / semi-arid,AZ.1,#ee5c42,"semi-arid, warm",#9E0142,A,NA,NA
ARFR-WY050-151-FREMONT-16,white,6,24,30,279,1290,1,1,NA,Y,0.0076,0.888,11.68421053,NA,NA,NA,NA,NA,NA,NA,1137,38b72b45-d76a-40fe-89c8-560dac50b085,NA,1,NA,NA,8/20/2024 18:00,b0000e61-2c94-4ad7-8d68-796193a9ddd7,8/20/2024 21:34,agoebl,8/20/2024 21:34,agoebl,4655,NA,30,ARFR4-SOS-WY050-151-FREMONT-16,#3288BD,-108.1704472,42.47886111,10 - 15 Deg. F. / 6 - 12,,10 - 15 Deg. F.,12-Jun,10 - 15 Deg. F. / 6 - 12,10 - 15 / semi-arid,WY.2,#cd8500,"semi-arid, cool",#3288BD,J,NA,NA
ARFR-WY050-49-FREMONT-12,white,6,24,31,NA,1291,1,1,NA,N,NA,NA,NA,NA,NA,NA,NA,NA,NA,NA,1138,517e0091-e2de-499e-b031-6c8f3d6c123e,NA,0,NA,"Recruits, hole",8/20/2024 18:00,b0000e61-2c94-4ad7-8d68-796193a9ddd7,8/20/2024 21:34,agoebl,8/20/2024 21:34,agoebl,4656,NA,31,ARFR4-SOS-WY050-49-FREMONT-12,#5E4FA2,-109.34775,43.42663611,5 - 10 Deg. F. / 6 - 12,,5 - 10 Deg. F.,12-Jun,5 - 10 Deg. F. / 6 - 12,5 - 10 / semi-arid,WY.3,#ffb90f,"semi-arid, cold",#5E4FA2,K,NA,NA
ARFR-WY050-151-FREMONT-16,white,6,24,32,NA,1292,1,1,NA,N,NA,NA,NA,NA,NA,NA,NA,NA,NA,NA,1139,a0957115-2d0f-4127-913c-a8aefcbb5c1e,NA,1,NA,NA,8/20/2024 18:00,b0000e61-2c94-4ad7-8d68-796193a9ddd7,8/20/2024 21:34,agoebl,8/20/2024 21:34,agoebl,4657,NA,32,ARFR4-SOS-WY050-151-FREMONT-16,#3288BD,-108.1704472,42.47886111,10 - 15 Deg. F. / 6 - 12,,10 - 15 Deg. F.,12-Jun,10 - 15 Deg. F. / 6 - 12,10 - 15 / semi-arid,WY.2,#cd8500,"semi-arid, cool",#3288BD,J,NA,NA
ARFR-AZ930-422-NAVAJO-18,white,6,24,33,NA,1293,1,1,NA,N,NA,NA,NA,NA,NA,NA,NA,NA,NA,NA,1140,47f5fac9-9d88-4c16-b8fa-3379b087c5ca,NA,1,NA,NA,8/20/2024 18:00,b0000e61-2c94-4ad7-8d68-796193a9ddd7,8/20/2024 21:34,agoebl,8/20/2024 21:34,agoebl,4658,NA,33,ARFR4-SOS-AZ930-422-NAVAJO-18,#D53E4F,-110.431,36.56805,15 - 20 Deg. F. / 6 - 12,Lats corrected 20230127,15 - 20 Deg. F.,12-Jun,15 - 20 Deg. F. / 6 - 12,15 - 20 / semi-arid,AZ.2,#ee5c42,"semi-arid, warm",#D53E4F,B,NA,NA
ARFR-WY040-71-10,white,6,24,34,NA,1294,1,1,NA,N,NA,NA,NA,NA,NA,NA,NA,NA,NA,NA,1141,5d81b022-b5f6-4002-8038-cbb4efd7fbef,NA,1,NA,In hole,8/20/2024 18:00,b0000e61-2c94-4ad7-8d68-796193a9ddd7,8/20/2024 21:34,agoebl,8/20/2024 21:34,agoebl,4659,NA,34,ARFR4-SOS-WY040-71-10,#66C2A5,-109.2433156,41.13271889,5 - 10 Deg. F. / 3 - 6,,5 - 10 Deg. F.,6-Mar,5 - 10 Deg. F. / 3 - 6,5 - 10 / semi-humid,WY.1,#a5c2f1,"semi-humid, cold",#66C2A5,I,NA,NA
ARFR-WY050-151-FREMONT-16,white,6,24,35,280,1295,1,1,107.062,N,NA,NA,NA,NA,107.062,25.12,8.94,6.88,NA,Y,1142,f04ddb64-d364-443e-b569-befa4a1e1bad,NA,NA,NA,H,8/20/2024 18:00,b0000e61-2c94-4ad7-8d68-796193a9ddd7,8/20/2024 21:34,agoebl,8/20/2024 21:34,agoebl,4660,NA,35,ARFR4-SOS-WY050-151-FREMONT-16,#3288BD,-108.1704472,42.47886111,10 - 15 Deg. F. / 6 - 12,,10 - 15 Deg. F.,12-Jun,10 - 15 Deg. F. / 6 - 12,10 - 15 / semi-arid,WY.2,#cd8500,"semi-arid, cool",#3288BD,J,NA,NA
ARFR-WY040-71-10,white,6,24,36,NA,1296,1,1,NA,N,NA,NA,NA,NA,NA,NA,NA,NA,NA,NA,1143,0831fff1-1227-4e76-8896-c5fb6de4f867,NA,1,NA,"Small, dry",8/20/2024 18:00,b0000e61-2c94-4ad7-8d68-796193a9ddd7,8/20/2024 21:34,agoebl,8/20/2024 21:34,agoebl,4661,NA,36,ARFR4-SOS-WY040-71-10,#66C2A5,-109.2433156,41.13271889,5 - 10 Deg. F. / 3 - 6,,5 - 10 Deg. F.,6-Mar,5 - 10 Deg. F. / 3 - 6,5 - 10 / semi-humid,WY.1,#a5c2f1,"semi-humid, cold",#66C2A5,I,NA,NA
ARFR-CO932-314-JEFFERSON-12,white,6,24,37,NA,1297,1,1,NA,N,NA,NA,NA,NA,NA,NA,NA,NA,NA,NA,1144,ce85d96b-4668-40a4-bee2-899414e19fe0,NA,1,NA,NA,8/20/2024 18:00,b0000e61-2c94-4ad7-8d68-796193a9ddd7,8/20/2024 21:34,agoebl,8/20/2024 21:34,agoebl,4662,NA,37,ARFR4-SOS-CO932-314-JEFFERSON-12,#FEE08B,-105.3553333,39.40902778,10 - 15 Deg. F. / 3 - 6,,10 - 15 Deg. F.,6-Mar,10 - 15 Deg. F. / 3 - 6,10 - 15 / semi-humid,CO.2,#66e566,"semi-humid, cool",#FEE08B,E,NA,NA
ARFR-WY930-44-LASANIMAS-13,white,6,24,38,NA,1298,1,1,NA,N,NA,NA,NA,NA,NA,NA,NA,NA,NA,NA,1145,923d26c0-a895-48b0-90f5-9a1d6320be76,NA,1,NA,NA,8/20/2024 18:00,b0000e61-2c94-4ad7-8d68-796193a9ddd7,8/20/2024 21:34,agoebl,8/20/2024 21:34,agoebl,4663,NA,38,ARFR4-SOS-WY930-44-LASANIMAS-13,#FDAE61,-104.6423889,37.16547222,15 - 20 Deg. F. / 3 - 6,,15 - 20 Deg. F.,6-Mar,15 - 20 Deg. F. / 3 - 6,15 - 20 / semi-humid,CO.1,#698b69,"semi-humid, warm",#FDAE61,D,NA,NA
ARFR-NM930N-66-11,white,6,24,39,NA,1299,1,1,NA,N,NA,NA,NA,NA,NA,NA,NA,NA,NA,NA,1146,4b95c5cd-93b2-4ba3-8562-cec74e78a7dc,NA,1,NA,NA,8/20/2024 18:00,b0000e61-2c94-4ad7-8d68-796193a9ddd7,8/20/2024 21:34,agoebl,8/20/2024 21:34,agoebl,4664,NA,39,ARFR4-SOS-NM930N-66-11,#F46D43,-107.2045028,36.76818611,10 - 15 Deg. F. / 3 - 6,,10 - 15 Deg. F.,6-Mar,10 - 15 Deg. F. / 3 - 6,10 - 15 / semi-humid,NM.1,#66e566,"semi-humid, cool",#F46D43,C,NA,NA
ARFR-CO932-294-11,white,6,24,40,281,1300,1,1,NA,N,NA,NA,NA,NA,NA,NA,NA,NA,NA,NA,1147,abc68b18-87c0-4e21-bc4b-ed63afd6ebef,NA,1,NA,NA,8/20/2024 18:00,b0000e61-2c94-4ad7-8d68-796193a9ddd7,8/20/2024 21:34,agoebl,8/20/2024 21:34,agoebl,4665,NA,40,ARFR4-SOS-CO932-294-11,#ABDDA4,-105.2030833,39.78458333,15 - 20 Deg. F. / 3 - 6,,15 - 20 Deg. F.,6-Mar,15 - 20 Deg. F. / 3 - 6,15 - 20 / semi-humid,CO.4,#698b69,"semi-humid, warm",#ABDDA4,H,NA,NA
ARFR-CO932-294-11,white,6,24,41,NA,1301,1,1,NA,N,NA,NA,NA,NA,NA,NA,NA,NA,NA,NA,1148,f9457c78-8998-4602-82de-9c01127e6bd2,NA,1,NA,NA,8/20/2024 18:00,b0000e61-2c94-4ad7-8d68-796193a9ddd7,8/20/2024 21:34,agoebl,8/20/2024 21:34,agoebl,4666,NA,41,ARFR4-SOS-CO932-294-11,#ABDDA4,-105.2030833,39.78458333,15 - 20 Deg. F. / 3 - 6,,15 - 20 Deg. F.,6-Mar,15 - 20 Deg. F. / 3 - 6,15 - 20 / semi-humid,CO.4,#698b69,"semi-humid, warm",#ABDDA4,H,NA,NA
ARFR-WY040-71-10,white,6,24,42,NA,1302,1,1,NA,N,NA,NA,NA,NA,NA,NA,NA,NA,NA,NA,1149,d2900a18-5fac-4994-a0da-6ba57858a40c,NA,1,NA,NA,8/20/2024 18:00,b0000e61-2c94-4ad7-8d68-796193a9ddd7,8/20/2024 21:34,agoebl,8/20/2024 21:34,agoebl,4667,NA,42,ARFR4-SOS-WY040-71-10,#66C2A5,-109.2433156,41.13271889,5 - 10 Deg. F. / 3 - 6,,5 - 10 Deg. F.,6-Mar,5 - 10 Deg. F. / 3 - 6,5 - 10 / semi-humid,WY.1,#a5c2f1,"semi-humid, cold",#66C2A5,I,NA,NA
ARFR-WY050-151-FREMONT-16,white,6,24,43,NA,1303,1,1,NA,N,NA,NA,NA,NA,NA,NA,NA,NA,NA,NA,1150,881d90ff-6594-49f3-bea9-a40fa684cfd2,NA,1,NA,NA,8/20/2024 18:00,b0000e61-2c94-4ad7-8d68-796193a9ddd7,8/20/2024 21:34,agoebl,8/20/2024 21:34,agoebl,4668,NA,43,ARFR4-SOS-WY050-151-FREMONT-16,#3288BD,-108.1704472,42.47886111,10 - 15 Deg. F. / 6 - 12,,10 - 15 Deg. F.,12-Jun,10 - 15 Deg. F. / 6 - 12,10 - 15 / semi-arid,WY.2,#cd8500,"semi-arid, cool",#3288BD,J,NA,NA
ARFR-CO932-316-JEFFERSON-12,white,6,24,44,NA,1304,1,1,NA,N,NA,NA,NA,NA,NA,NA,NA,NA,NA,NA,1151,03955327-c97f-49fd-b40c-354c9b2ebc2f,NA,1,NA,NA,8/20/2024 18:00,b0000e61-2c94-4ad7-8d68-796193a9ddd7,8/20/2024 21:34,agoebl,8/20/2024 21:34,agoebl,4669,NA,44,ARFR4-SOS-CO932-316-JEFFERSON-12,#FFFF85,-105.358,39.66325,15 - 20 Deg. F. / 3 - 6,,15 - 20 Deg. F.,6-Mar,15 - 20 Deg. F. / 3 - 6,15 - 20 / semi-humid,CO.3,#698b69,"semi-humid, warm",#FFFF85,F,NA,NA
ARFR-UT080-109-UINTAH-12,white,6,24,45,282,1305,1,1,84.942,N,NA,NA,NA,NA,84.942,28.45,10.02,4.77,NA,Y,1152,bad5bbdb-8b2c-44b5-9093-b82becfa688e,NA,NA,NA,H,8/20/2024 18:00,b0000e61-2c94-4ad7-8d68-796193a9ddd7,8/20/2024 21:34,agoebl,8/20/2024 21:34,agoebl,4670,NA,45,ARFR4-SOS-UT080-109-UINTAH-12,#aabe7f,-109.1426444,39.70802222,10 - 15 Deg. F. / 3 - 6,,10 - 15 Deg. F.,6-Mar,10 - 15 Deg. F. / 3 - 6,10 - 15 / semi-humid,UT.1,#66e566,"semi-humid, cool",#aabe7f,G,NA,NA
ARFR-AZ930-422-NAVAJO-18,white,6,24,46,NA,1306,1,1,NA,N,NA,NA,NA,NA,NA,NA,NA,NA,NA,NA,1153,5d157a49-9fea-4a6c-8f81-d010cd2be07f,NA,1,NA,NA,8/20/2024 18:00,b0000e61-2c94-4ad7-8d68-796193a9ddd7,8/20/2024 21:34,agoebl,8/20/2024 21:34,agoebl,4671,NA,46,ARFR4-SOS-AZ930-422-NAVAJO-18,#D53E4F,-110.431,36.56805,15 - 20 Deg. F. / 6 - 12,Lats corrected 20230127,15 - 20 Deg. F.,12-Jun,15 - 20 Deg. F. / 6 - 12,15 - 20 / semi-arid,AZ.2,#ee5c42,"semi-arid, warm",#D53E4F,B,NA,NA
ARFR-CO932-316-JEFFERSON-12,white,6,24,47,NA,1307,1,1,NA,N,NA,NA,NA,NA,NA,NA,NA,NA,NA,NA,1154,0eb19888-887e-4ad1-94bf-3bf472767fdf,NA,1,NA,NA,8/20/2024 18:00,b0000e61-2c94-4ad7-8d68-796193a9ddd7,8/20/2024 21:34,agoebl,8/20/2024 21:34,agoebl,4672,NA,47,ARFR4-SOS-CO932-316-JEFFERSON-12,#FFFF85,-105.358,39.66325,15 - 20 Deg. F. / 3 - 6,,15 - 20 Deg. F.,6-Mar,15 - 20 Deg. F. / 3 - 6,15 - 20 / semi-humid,CO.3,#698b69,"semi-humid, warm",#FFFF85,F,NA,NA
ARFR-WY930-44-LASANIMAS-13,white,6,24,48,NA,1308,1,1,NA,N,NA,NA,NA,NA,NA,NA,NA,NA,NA,NA,1155,55860e6b-7483-4205-b853-3a0fbbdcfa9b,NA,1,NA,NA,8/20/2024 18:00,b0000e61-2c94-4ad7-8d68-796193a9ddd7,8/20/2024 21:34,agoebl,8/20/2024 21:34,agoebl,4673,NA,48,ARFR4-SOS-WY930-44-LASANIMAS-13,#FDAE61,-104.6423889,37.16547222,15 - 20 Deg. F. / 3 - 6,,15 - 20 Deg. F.,6-Mar,15 - 20 Deg. F. / 3 - 6,15 - 20 / semi-humid,CO.1,#698b69,"semi-humid, warm",#FDAE61,D,NA,NA
ARFR-CO932-314-JEFFERSON-12,white,6,24,49,NA,1309,1,1,NA,N,NA,NA,NA,NA,NA,NA,NA,NA,NA,NA,1156,e1e9ad9c-e717-43c3-9a9a-78f99c1181ac,NA,1,NA,NA,8/20/2024 18:00,b0000e61-2c94-4ad7-8d68-796193a9ddd7,8/20/2024 21:34,agoebl,8/20/2024 21:34,agoebl,4674,NA,49,ARFR4-SOS-CO932-314-JEFFERSON-12,#FEE08B,-105.3553333,39.40902778,10 - 15 Deg. F. / 3 - 6,,10 - 15 Deg. F.,6-Mar,10 - 15 Deg. F. / 3 - 6,10 - 15 / semi-humid,CO.2,#66e566,"semi-humid, cool",#FEE08B,E,NA,NA
ARFR-UT080-109-UINTAH-12,white,6,24,50,283,1310,1,1,NA,N,NA,NA,NA,NA,NA,NA,NA,NA,NA,NA,1157,bd5b947f-59ef-4d18-a1b2-c5f6fbbe596c,NA,1,NA,NA,8/20/2024 18:00,b0000e61-2c94-4ad7-8d68-796193a9ddd7,8/20/2024 21:34,agoebl,8/20/2024 21:34,agoebl,4675,NA,50,ARFR4-SOS-UT080-109-UINTAH-12,#aabe7f,-109.1426444,39.70802222,10 - 15 Deg. F. / 3 - 6,,10 - 15 Deg. F.,6-Mar,10 - 15 Deg. F. / 3 - 6,10 - 15 / semi-humid,UT.1,#66e566,"semi-humid, cool",#aabe7f,G,NA,NA
ARFR-CO932-294-11,white,6,24,51,NA,1311,1,1,NA,N,NA,NA,NA,NA,NA,NA,NA,NA,NA,NA,1158,464f1b67-a8cd-4d78-bd29-4c250a4a15cb,NA,1,NA,NA,8/20/2024 18:00,b0000e61-2c94-4ad7-8d68-796193a9ddd7,8/20/2024 21:34,agoebl,8/20/2024 21:34,agoebl,4676,NA,51,ARFR4-SOS-CO932-294-11,#ABDDA4,-105.2030833,39.78458333,15 - 20 Deg. F. / 3 - 6,,15 - 20 Deg. F.,6-Mar,15 - 20 Deg. F. / 3 - 6,15 - 20 / semi-humid,CO.4,#698b69,"semi-humid, warm",#ABDDA4,H,NA,NA
ARFR-AZ930-422-NAVAJO-18,white,6,24,52,NA,1312,1,1,NA,N,NA,NA,NA,NA,NA,NA,NA,NA,NA,NA,1159,6569d48e-97ee-4a48-8bf0-c871fa4a11c3,NA,0,NA,NA,8/20/2024 18:00,b0000e61-2c94-4ad7-8d68-796193a9ddd7,8/20/2024 21:34,agoebl,8/20/2024 21:34,agoebl,4677,NA,52,ARFR4-SOS-AZ930-422-NAVAJO-18,#D53E4F,-110.431,36.56805,15 - 20 Deg. F. / 6 - 12,Lats corrected 20230127,15 - 20 Deg. F.,12-Jun,15 - 20 Deg. F. / 6 - 12,15 - 20 / semi-arid,AZ.2,#ee5c42,"semi-arid, warm",#D53E4F,B,NA,NA
ARFR-WY040-71-10,white,6,24,53,NA,1313,1,1,NA,N,NA,NA,NA,NA,NA,NA,NA,NA,NA,NA,1160,b0da6d8c-af4d-45e0-bd82-2b3f5946c6ae,NA,0,NA,NA,8/20/2024 18:00,b0000e61-2c94-4ad7-8d68-796193a9ddd7,8/20/2024 21:34,agoebl,8/20/2024 21:34,agoebl,4678,NA,53,ARFR4-SOS-WY040-71-10,#66C2A5,-109.2433156,41.13271889,5 - 10 Deg. F. / 3 - 6,,5 - 10 Deg. F.,6-Mar,5 - 10 Deg. F. / 3 - 6,5 - 10 / semi-humid,WY.1,#a5c2f1,"semi-humid, cold",#66C2A5,I,NA,NA
ARFR-WY050-151-FREMONT-16,black,7,25,1,285,1314,1,1,NA,N,NA,NA,NA,NA,NA,NA,NA,NA,NA,NA,1161,d172225d-a11a-4e91-80ef-4fd7040e257d,NA,0,NA,NA,8/20/2024 18:00,d1481060-fc4d-4827-b681-8fe333d60d02,8/20/2024 21:34,agoebl,8/20/2024 21:34,agoebl,4679,NA,1,ARFR4-SOS-WY050-151-FREMONT-16,#3288BD,-108.1704472,42.47886111,10 - 15 Deg. F. / 6 - 12,,10 - 15 Deg. F.,12-Jun,10 - 15 Deg. F. / 6 - 12,10 - 15 / semi-arid,WY.2,#cd8500,"semi-arid, cool",#3288BD,J,NA,NA
ARFR-CO932-294-11,black,7,25,2,NA,1315,1,1,NA,N,NA,NA,NA,NA,NA,NA,NA,NA,NA,NA,1162,7a624943-46f4-4323-b08f-91032a5f0b98,NA,1,NA,NA,8/20/2024 18:00,d1481060-fc4d-4827-b681-8fe333d60d02,8/20/2024 21:34,agoebl,8/20/2024 21:34,agoebl,4680,NA,2,ARFR4-SOS-CO932-294-11,#ABDDA4,-105.2030833,39.78458333,15 - 20 Deg. F. / 3 - 6,,15 - 20 Deg. F.,6-Mar,15 - 20 Deg. F. / 3 - 6,15 - 20 / semi-humid,CO.4,#698b69,"semi-humid, warm",#ABDDA4,H,NA,NA
ARFR-CO932-314-JEFFERSON-12,black,7,25,3,NA,1316,0,0,NA,N,NA,NA,NA,NA,NA,NA,NA,NA,NA,NA,1163,97b8539f-9f03-489a-9b87-cadb759a64eb,NA,0,NA,NA,8/20/2024 18:00,d1481060-fc4d-4827-b681-8fe333d60d02,8/20/2024 21:34,agoebl,8/20/2024 21:34,agoebl,4681,NA,3,ARFR4-SOS-CO932-314-JEFFERSON-12,#FEE08B,-105.3553333,39.40902778,10 - 15 Deg. F. / 3 - 6,,10 - 15 Deg. F.,6-Mar,10 - 15 Deg. F. / 3 - 6,10 - 15 / semi-humid,CO.2,#66e566,"semi-humid, cool",#FEE08B,E,NA,NA
ARFR-WY040-71-10,black,7,25,4,NA,1317,1,1,NA,N,NA,NA,NA,NA,NA,NA,NA,NA,NA,NA,1164,a68b6301-e6b0-43e1-8db4-4e70a84314e5,NA,1,NA,Dry,8/20/2024 18:00,d1481060-fc4d-4827-b681-8fe333d60d02,8/20/2024 21:34,agoebl,8/20/2024 21:34,agoebl,4682,NA,4,ARFR4-SOS-WY040-71-10,#66C2A5,-109.2433156,41.13271889,5 - 10 Deg. F. / 3 - 6,,5 - 10 Deg. F.,6-Mar,5 - 10 Deg. F. / 3 - 6,5 - 10 / semi-humid,WY.1,#a5c2f1,"semi-humid, cold",#66C2A5,I,NA,NA
ARFR-WY050-151-FREMONT-16,black,7,25,5,286,1318,1,1,NA,N,NA,NA,NA,NA,NA,NA,NA,NA,NA,NA,1165,1926bf68-4f87-4d7a-b2db-e5a8c149bead,NA,1,NA,Dry,8/20/2024 18:00,d1481060-fc4d-4827-b681-8fe333d60d02,8/20/2024 21:34,agoebl,8/20/2024 21:34,agoebl,4683,NA,5,ARFR4-SOS-WY050-151-FREMONT-16,#3288BD,-108.1704472,42.47886111,10 - 15 Deg. F. / 6 - 12,,10 - 15 Deg. F.,12-Jun,10 - 15 Deg. F. / 6 - 12,10 - 15 / semi-arid,WY.2,#cd8500,"semi-arid, cool",#3288BD,J,NA,NA
ARFR-UT080-109-UINTAH-12,black,7,25,6,NA,1319,1,1,NA,N,NA,NA,NA,NA,NA,NA,NA,NA,NA,NA,1166,1f3c5ac9-9aed-4f0d-a31c-d0c82d853013,NA,1,NA,NA,8/20/2024 18:00,d1481060-fc4d-4827-b681-8fe333d60d02,8/20/2024 21:34,agoebl,8/20/2024 21:34,agoebl,4684,NA,6,ARFR4-SOS-UT080-109-UINTAH-12,#aabe7f,-109.1426444,39.70802222,10 - 15 Deg. F. / 3 - 6,,10 - 15 Deg. F.,6-Mar,10 - 15 Deg. F. / 3 - 6,10 - 15 / semi-humid,UT.1,#66e566,"semi-humid, cool",#aabe7f,G,NA,NA
ARFR-CO932-314-JEFFERSON-12,black,7,25,7,NA,1320,1,1,NA,N,NA,NA,NA,NA,NA,NA,NA,NA,NA,NA,1167,1dcf5d2b-cfb1-4bb3-8179-058b318b7d74,NA,1,NA,NA,8/20/2024 18:00,d1481060-fc4d-4827-b681-8fe333d60d02,8/20/2024 21:34,agoebl,8/20/2024 21:34,agoebl,4685,NA,7,ARFR4-SOS-CO932-314-JEFFERSON-12,#FEE08B,-105.3553333,39.40902778,10 - 15 Deg. F. / 3 - 6,,10 - 15 Deg. F.,6-Mar,10 - 15 Deg. F. / 3 - 6,10 - 15 / semi-humid,CO.2,#66e566,"semi-humid, cool",#FEE08B,E,NA,NA
ARFR-WY930-44-LASANIMAS-13,black,7,25,8,NA,1321,1,1,NA,N,NA,NA,NA,NA,NA,NA,NA,NA,NA,NA,1168,a65747e7-bf29-4135-9b32-46616090eb74,NA,1,NA,NA,8/20/2024 18:00,d1481060-fc4d-4827-b681-8fe333d60d02,8/20/2024 21:34,agoebl,8/20/2024 21:34,agoebl,4686,NA,8,ARFR4-SOS-WY930-44-LASANIMAS-13,#FDAE61,-104.6423889,37.16547222,15 - 20 Deg. F. / 3 - 6,,15 - 20 Deg. F.,6-Mar,15 - 20 Deg. F. / 3 - 6,15 - 20 / semi-humid,CO.1,#698b69,"semi-humid, warm",#FDAE61,D,NA,NA
ARFR-CO932-314-JEFFERSON-12,black,7,25,9,NA,1322,1,1,NA,N,NA,NA,NA,NA,NA,NA,NA,NA,NA,NA,1169,9b2a0072-3930-483c-bf54-aae9bcb5b630,NA,1,NA,Dry,8/20/2024 18:00,d1481060-fc4d-4827-b681-8fe333d60d02,8/20/2024 21:34,agoebl,8/20/2024 21:34,agoebl,4687,NA,9,ARFR4-SOS-CO932-314-JEFFERSON-12,#FEE08B,-105.3553333,39.40902778,10 - 15 Deg. F. / 3 - 6,,10 - 15 Deg. F.,6-Mar,10 - 15 Deg. F. / 3 - 6,10 - 15 / semi-humid,CO.2,#66e566,"semi-humid, cool",#FEE08B,E,NA,NA
ARFR-WY050-151-FREMONT-16,black,7,25,10,287,1323,1,1,NA,N,NA,NA,NA,NA,NA,NA,NA,NA,NA,NA,1170,919e862a-e0a3-48b2-82a6-4f656c51d13f,NA,1,NA,NA,8/20/2024 18:00,d1481060-fc4d-4827-b681-8fe333d60d02,8/20/2024 21:34,agoebl,8/20/2024 21:34,agoebl,4688,NA,10,ARFR4-SOS-WY050-151-FREMONT-16,#3288BD,-108.1704472,42.47886111,10 - 15 Deg. F. / 6 - 12,,10 - 15 Deg. F.,12-Jun,10 - 15 Deg. F. / 6 - 12,10 - 15 / semi-arid,WY.2,#cd8500,"semi-arid, cool",#3288BD,J,NA,NA
ARFR-WY040-71-10,black,7,25,11,NA,1324,1,1,NA,N,NA,NA,NA,NA,NA,NA,NA,NA,NA,NA,1171,e687be25-e96a-439c-b70d-2851a4734b4a,NA,1,NA,Dry,8/20/2024 18:00,d1481060-fc4d-4827-b681-8fe333d60d02,8/20/2024 21:34,agoebl,8/20/2024 21:34,agoebl,4689,NA,11,ARFR4-SOS-WY040-71-10,#66C2A5,-109.2433156,41.13271889,5 - 10 Deg. F. / 3 - 6,,5 - 10 Deg. F.,6-Mar,5 - 10 Deg. F. / 3 - 6,5 - 10 / semi-humid,WY.1,#a5c2f1,"semi-humid, cold",#66C2A5,I,NA,NA
ARFR-AZ930-423-NAVAJO-18,black,7,25,12,NA,1325,1,1,NA,N,NA,NA,NA,NA,NA,NA,NA,NA,NA,NA,1172,1cdee5b5-0347-4ace-a6df-5d77b80ead4a,NA,0,NA,NA,8/20/2024 18:00,d1481060-fc4d-4827-b681-8fe333d60d02,8/20/2024 21:34,agoebl,8/20/2024 21:34,agoebl,4690,NA,12,ARFR4-SOS-AZ930-423-NAVAJO-18,#9E0142,-110.431,36.45877,15 - 20 Deg. F. / 6 - 12,SdZones downloaded 20230823,15 - 20 Deg. F.,12-Jun,15 - 20 Deg. F. / 6 - 12,15 - 20 / semi-arid,AZ.1,#ee5c42,"semi-arid, warm",#9E0142,A,NA,NA
ARFR-WY040-71-10,black,7,25,13,NA,1326,1,1,NA,N,NA,NA,NA,NA,NA,NA,NA,NA,NA,NA,1173,05d15ed8-f6e9-4d22-8665-c93b032ff5f4,NA,1,NA,NA,8/20/2024 18:00,d1481060-fc4d-4827-b681-8fe333d60d02,8/20/2024 21:34,agoebl,8/20/2024 21:34,agoebl,4691,NA,13,ARFR4-SOS-WY040-71-10,#66C2A5,-109.2433156,41.13271889,5 - 10 Deg. F. / 3 - 6,,5 - 10 Deg. F.,6-Mar,5 - 10 Deg. F. / 3 - 6,5 - 10 / semi-humid,WY.1,#a5c2f1,"semi-humid, cold",#66C2A5,I,NA,NA
ARFR-UT080-109-UINTAH-12,black,7,25,14,NA,1327,1,1,NA,N,NA,NA,NA,NA,NA,NA,NA,NA,NA,NA,1174,0d98136d-4966-463f-a7b7-089da8b83d87,NA,1,NA,NA,8/20/2024 18:00,d1481060-fc4d-4827-b681-8fe333d60d02,8/20/2024 21:34,agoebl,8/20/2024 21:34,agoebl,4692,NA,14,ARFR4-SOS-UT080-109-UINTAH-12,#aabe7f,-109.1426444,39.70802222,10 - 15 Deg. F. / 3 - 6,,10 - 15 Deg. F.,6-Mar,10 - 15 Deg. F. / 3 - 6,10 - 15 / semi-humid,UT.1,#66e566,"semi-humid, cool",#aabe7f,G,NA,NA
ARFR-NM930N-66-11,black,7,25,15,288,1328,1,1,NA,N,NA,NA,NA,NA,NA,NA,NA,NA,NA,NA,1175,7a33b913-3e6b-4412-a0c5-12fcbfc5b769,NA,1,NA,NA,8/20/2024 18:00,d1481060-fc4d-4827-b681-8fe333d60d02,8/20/2024 21:34,agoebl,8/20/2024 21:34,agoebl,4693,NA,15,ARFR4-SOS-NM930N-66-11,#F46D43,-107.2045028,36.76818611,10 - 15 Deg. F. / 3 - 6,,10 - 15 Deg. F.,6-Mar,10 - 15 Deg. F. / 3 - 6,10 - 15 / semi-humid,NM.1,#66e566,"semi-humid, cool",#F46D43,C,NA,NA
ARFR-CO932-314-JEFFERSON-12,black,7,25,16,NA,1329,1,1,NA,Y,0.0102,0.331,3.245098039,NA,NA,NA,NA,NA,NA,NA,1176,b01ce518-d18c-4bb2-896f-5aaafe62f1a9,NA,1,NA,NA,8/20/2024 18:00,d1481060-fc4d-4827-b681-8fe333d60d02,8/20/2024 21:34,agoebl,8/20/2024 21:34,agoebl,4694,NA,16,ARFR4-SOS-CO932-314-JEFFERSON-12,#FEE08B,-105.3553333,39.40902778,10 - 15 Deg. F. / 3 - 6,,10 - 15 Deg. F.,6-Mar,10 - 15 Deg. F. / 3 - 6,10 - 15 / semi-humid,CO.2,#66e566,"semi-humid, cool",#FEE08B,E,NA,NA
ARFR-WY040-71-10,black,7,25,17,NA,1330,1,1,NA,N,NA,NA,NA,NA,NA,NA,NA,NA,NA,NA,1177,1bc44441-4aa8-4976-8b2a-83d4903227fa,NA,1,NA,Nearly dead,8/20/2024 18:00,d1481060-fc4d-4827-b681-8fe333d60d02,8/20/2024 21:34,agoebl,8/20/2024 21:34,agoebl,4695,NA,17,ARFR4-SOS-WY040-71-10,#66C2A5,-109.2433156,41.13271889,5 - 10 Deg. F. / 3 - 6,,5 - 10 Deg. F.,6-Mar,5 - 10 Deg. F. / 3 - 6,5 - 10 / semi-humid,WY.1,#a5c2f1,"semi-humid, cold",#66C2A5,I,NA,NA
ARFR-WY050-151-FREMONT-16,black,7,25,18,NA,1331,1,1,NA,N,NA,NA,NA,NA,NA,NA,NA,NA,NA,NA,1178,82da9170-f687-4309-9d75-2010e6b92268,NA,1,NA,NA,8/20/2024 18:00,d1481060-fc4d-4827-b681-8fe333d60d02,8/20/2024 21:34,agoebl,8/20/2024 21:34,agoebl,4696,NA,18,ARFR4-SOS-WY050-151-FREMONT-16,#3288BD,-108.1704472,42.47886111,10 - 15 Deg. F. / 6 - 12,,10 - 15 Deg. F.,12-Jun,10 - 15 Deg. F. / 6 - 12,10 - 15 / semi-arid,WY.2,#cd8500,"semi-arid, cool",#3288BD,J,NA,NA
ARFR-WY050-151-FREMONT-16,black,7,25,19,NA,1332,1,1,NA,N,NA,NA,NA,NA,NA,NA,NA,NA,NA,NA,1179,c646c01f-c162-44c2-8d28-8e92f55c1958,NA,0,NA,NA,8/20/2024 18:00,d1481060-fc4d-4827-b681-8fe333d60d02,8/20/2024 21:34,agoebl,8/20/2024 21:34,agoebl,4697,NA,19,ARFR4-SOS-WY050-151-FREMONT-16,#3288BD,-108.1704472,42.47886111,10 - 15 Deg. F. / 6 - 12,,10 - 15 Deg. F.,12-Jun,10 - 15 Deg. F. / 6 - 12,10 - 15 / semi-arid,WY.2,#cd8500,"semi-arid, cool",#3288BD,J,NA,Y
ARFR-WY050-49-FREMONT-12,black,7,25,20,289,1333,1,1,NA,N,NA,NA,NA,NA,NA,NA,NA,NA,NA,NA,1180,26621196-3f64-49f5-82e2-d023054957a1,NA,1,NA,NA,8/20/2024 18:00,d1481060-fc4d-4827-b681-8fe333d60d02,8/20/2024 21:34,agoebl,8/20/2024 21:34,agoebl,4698,NA,20,ARFR4-SOS-WY050-49-FREMONT-12,#5E4FA2,-109.34775,43.42663611,5 - 10 Deg. F. / 6 - 12,,5 - 10 Deg. F.,12-Jun,5 - 10 Deg. F. / 6 - 12,5 - 10 / semi-arid,WY.3,#ffb90f,"semi-arid, cold",#5E4FA2,K,NA,NA
ARFR-UT080-109-UINTAH-12,black,7,25,21,NA,1334,1,1,NA,N,NA,NA,NA,NA,NA,NA,NA,NA,NA,NA,1181,411b285f-dd2d-4b23-b5dc-76d7b7d331a4,NA,1,NA,NA,8/20/2024 18:00,d1481060-fc4d-4827-b681-8fe333d60d02,8/20/2024 21:34,agoebl,8/20/2024 21:34,agoebl,4699,NA,21,ARFR4-SOS-UT080-109-UINTAH-12,#aabe7f,-109.1426444,39.70802222,10 - 15 Deg. F. / 3 - 6,,10 - 15 Deg. F.,6-Mar,10 - 15 Deg. F. / 3 - 6,10 - 15 / semi-humid,UT.1,#66e566,"semi-humid, cool",#aabe7f,G,NA,NA
ARFR-UT080-109-UINTAH-12,black,7,25,22,NA,1335,1,1,NA,N,NA,NA,NA,NA,NA,NA,NA,NA,NA,NA,1182,e7ab7424-8ae7-49bb-b84e-cd8baaa44548,NA,1,NA,NA,8/20/2024 18:00,d1481060-fc4d-4827-b681-8fe333d60d02,8/20/2024 21:34,agoebl,8/20/2024 21:34,agoebl,4700,NA,22,ARFR4-SOS-UT080-109-UINTAH-12,#aabe7f,-109.1426444,39.70802222,10 - 15 Deg. F. / 3 - 6,,10 - 15 Deg. F.,6-Mar,10 - 15 Deg. F. / 3 - 6,10 - 15 / semi-humid,UT.1,#66e566,"semi-humid, cool",#aabe7f,G,NA,NA
ARFR-CO932-294-11,black,7,25,23,NA,1336,1,1,NA,N,NA,NA,NA,NA,NA,NA,NA,NA,NA,NA,1183,7a936e30-3c35-4f2a-9e7a-97f94bca39bd,NA,1,NA,NA,8/20/2024 18:00,d1481060-fc4d-4827-b681-8fe333d60d02,8/20/2024 21:34,agoebl,8/20/2024 21:34,agoebl,4701,NA,23,ARFR4-SOS-CO932-294-11,#ABDDA4,-105.2030833,39.78458333,15 - 20 Deg. F. / 3 - 6,,15 - 20 Deg. F.,6-Mar,15 - 20 Deg. F. / 3 - 6,15 - 20 / semi-humid,CO.4,#698b69,"semi-humid, warm",#ABDDA4,H,NA,NA
ARFR-CO932-316-JEFFERSON-12,black,7,25,24,NA,1337,1,1,NA,N,NA,NA,NA,NA,NA,NA,NA,NA,NA,NA,1184,d3e9239c-89a4-450d-adc4-06050545fd65,NA,1,NA,NA,8/20/2024 18:00,d1481060-fc4d-4827-b681-8fe333d60d02,8/20/2024 21:34,agoebl,8/20/2024 21:34,agoebl,4702,NA,24,ARFR4-SOS-CO932-316-JEFFERSON-12,#FFFF85,-105.358,39.66325,15 - 20 Deg. F. / 3 - 6,,15 - 20 Deg. F.,6-Mar,15 - 20 Deg. F. / 3 - 6,15 - 20 / semi-humid,CO.3,#698b69,"semi-humid, warm",#FFFF85,F,NA,NA
ARFR-NM930N-66-11,black,7,25,25,290,1338,1,0,105.632,N,NA,NA,NA,NA,105.632,34.7,15.81,9.32,NA,Y,1185,d097b8c2-bb5e-41bb-a963-38446199018d,NA,NA,NA,H,8/20/2024 18:00,d1481060-fc4d-4827-b681-8fe333d60d02,8/20/2024 21:34,agoebl,8/20/2024 21:34,agoebl,4703,NA,25,ARFR4-SOS-NM930N-66-11,#F46D43,-107.2045028,36.76818611,10 - 15 Deg. F. / 3 - 6,,10 - 15 Deg. F.,6-Mar,10 - 15 Deg. F. / 3 - 6,10 - 15 / semi-humid,NM.1,#66e566,"semi-humid, cool",#F46D43,C,NA,Y
ARFR-AZ930-422-NAVAJO-18,black,7,25,26,NA,1339,1,1,NA,N,NA,NA,NA,NA,NA,NA,NA,NA,NA,NA,1186,13118c44-0001-4e80-a30f-ee87974107a8,NA,1,NA,NA,8/20/2024 18:00,d1481060-fc4d-4827-b681-8fe333d60d02,8/20/2024 21:34,agoebl,8/20/2024 21:34,agoebl,4704,NA,26,ARFR4-SOS-AZ930-422-NAVAJO-18,#D53E4F,-110.431,36.56805,15 - 20 Deg. F. / 6 - 12,Lats corrected 20230127,15 - 20 Deg. F.,12-Jun,15 - 20 Deg. F. / 6 - 12,15 - 20 / semi-arid,AZ.2,#ee5c42,"semi-arid, warm",#D53E4F,B,NA,NA
ARFR-AZ930-422-NAVAJO-18,black,7,25,27,NA,1340,1,1,NA,N,NA,NA,NA,NA,NA,NA,NA,NA,NA,NA,1187,e2b97d17-78d9-44e8-88e0-67f626c6e14b,NA,1,NA,NA,8/20/2024 18:00,d1481060-fc4d-4827-b681-8fe333d60d02,8/20/2024 21:34,agoebl,8/20/2024 21:34,agoebl,4705,NA,27,ARFR4-SOS-AZ930-422-NAVAJO-18,#D53E4F,-110.431,36.56805,15 - 20 Deg. F. / 6 - 12,Lats corrected 20230127,15 - 20 Deg. F.,12-Jun,15 - 20 Deg. F. / 6 - 12,15 - 20 / semi-arid,AZ.2,#ee5c42,"semi-arid, warm",#D53E4F,B,NA,NA
ARFR-CO932-316-JEFFERSON-12,black,7,25,28,NA,1341,1,1,NA,N,NA,NA,NA,NA,NA,NA,NA,NA,NA,NA,1188,4148dd40-5b86-474c-8d54-3d8df80b1a5e,NA,1,NA,NA,8/20/2024 18:00,d1481060-fc4d-4827-b681-8fe333d60d02,8/20/2024 21:34,agoebl,8/20/2024 21:34,agoebl,4706,NA,28,ARFR4-SOS-CO932-316-JEFFERSON-12,#FFFF85,-105.358,39.66325,15 - 20 Deg. F. / 3 - 6,,15 - 20 Deg. F.,6-Mar,15 - 20 Deg. F. / 3 - 6,15 - 20 / semi-humid,CO.3,#698b69,"semi-humid, warm",#FFFF85,F,NA,NA
ARFR-CO932-316-JEFFERSON-12,black,7,25,29,NA,1342,1,1,NA,N,NA,NA,NA,NA,NA,NA,NA,NA,NA,NA,1189,992721df-72fc-4232-9db1-bfde6ce254d2,NA,1,NA,NA,8/20/2024 18:00,d1481060-fc4d-4827-b681-8fe333d60d02,8/20/2024 21:34,agoebl,8/20/2024 21:34,agoebl,4707,NA,29,ARFR4-SOS-CO932-316-JEFFERSON-12,#FFFF85,-105.358,39.66325,15 - 20 Deg. F. / 3 - 6,,15 - 20 Deg. F.,6-Mar,15 - 20 Deg. F. / 3 - 6,15 - 20 / semi-humid,CO.3,#698b69,"semi-humid, warm",#FFFF85,F,NA,NA
ARFR-WY930-44-LASANIMAS-13,black,7,25,30,291,1343,1,1,NA,N,NA,NA,NA,NA,NA,NA,NA,NA,NA,NA,1190,8a00d50c-82aa-4129-b779-a63480be6100,NA,1,NA,NA,8/20/2024 18:00,d1481060-fc4d-4827-b681-8fe333d60d02,8/20/2024 21:34,agoebl,8/20/2024 21:34,agoebl,4708,NA,30,ARFR4-SOS-WY930-44-LASANIMAS-13,#FDAE61,-104.6423889,37.16547222,15 - 20 Deg. F. / 3 - 6,,15 - 20 Deg. F.,6-Mar,15 - 20 Deg. F. / 3 - 6,15 - 20 / semi-humid,CO.1,#698b69,"semi-humid, warm",#FDAE61,D,NA,NA
ARFR-CO932-316-JEFFERSON-12,black,7,25,31,NA,1344,1,1,NA,N,NA,NA,NA,NA,NA,NA,NA,NA,NA,NA,1191,92652b44-82bf-423e-af84-b7536158c28a,NA,1,NA,NA,8/20/2024 18:00,d1481060-fc4d-4827-b681-8fe333d60d02,8/20/2024 21:34,agoebl,8/20/2024 21:34,agoebl,4709,NA,31,ARFR4-SOS-CO932-316-JEFFERSON-12,#FFFF85,-105.358,39.66325,15 - 20 Deg. F. / 3 - 6,,15 - 20 Deg. F.,6-Mar,15 - 20 Deg. F. / 3 - 6,15 - 20 / semi-humid,CO.3,#698b69,"semi-humid, warm",#FFFF85,F,NA,NA
ARFR-WY040-71-10,black,7,25,32,NA,1345,1,1,NA,N,NA,NA,NA,NA,NA,NA,NA,NA,NA,NA,1192,aff4ae12-cd79-4328-ab87-54c8c7338ce9,NA,1,NA,Small,8/20/2024 18:00,d1481060-fc4d-4827-b681-8fe333d60d02,8/20/2024 21:34,agoebl,8/20/2024 21:34,agoebl,4710,NA,32,ARFR4-SOS-WY040-71-10,#66C2A5,-109.2433156,41.13271889,5 - 10 Deg. F. / 3 - 6,,5 - 10 Deg. F.,6-Mar,5 - 10 Deg. F. / 3 - 6,5 - 10 / semi-humid,WY.1,#a5c2f1,"semi-humid, cold",#66C2A5,I,NA,NA
ARFR-UT080-109-UINTAH-12,black,7,25,33,NA,1346,1,1,NA,N,NA,NA,NA,NA,NA,NA,NA,NA,NA,NA,1193,cfb0cd24-b38a-4d78-a0cc-8daa5d110b11,NA,1,NA,NA,8/20/2024 18:00,d1481060-fc4d-4827-b681-8fe333d60d02,8/20/2024 21:34,agoebl,8/20/2024 21:34,agoebl,4711,NA,33,ARFR4-SOS-UT080-109-UINTAH-12,#aabe7f,-109.1426444,39.70802222,10 - 15 Deg. F. / 3 - 6,,10 - 15 Deg. F.,6-Mar,10 - 15 Deg. F. / 3 - 6,10 - 15 / semi-humid,UT.1,#66e566,"semi-humid, cool",#aabe7f,G,NA,NA
ARFR-WY050-49-FREMONT-12,black,7,25,34,NA,1347,1,1,NA,N,NA,NA,NA,NA,NA,NA,NA,NA,NA,NA,1194,da8aefed-430a-4732-9749-3285fb60e01d,NA,1,NA,Small,8/20/2024 18:00,d1481060-fc4d-4827-b681-8fe333d60d02,8/20/2024 21:34,agoebl,8/20/2024 21:34,agoebl,4712,NA,34,ARFR4-SOS-WY050-49-FREMONT-12,#5E4FA2,-109.34775,43.42663611,5 - 10 Deg. F. / 6 - 12,,5 - 10 Deg. F.,12-Jun,5 - 10 Deg. F. / 6 - 12,5 - 10 / semi-arid,WY.3,#ffb90f,"semi-arid, cold",#5E4FA2,K,NA,NA
ARFR-NM930N-66-11,black,7,25,35,292,1348,0,0,NA,N,NA,NA,NA,NA,NA,NA,NA,NA,NA,NA,1195,7d03a458-bb16-4739-9684-2ee4d7f75984,NA,0,NA,NA,8/20/2024 18:00,d1481060-fc4d-4827-b681-8fe333d60d02,8/20/2024 21:34,agoebl,8/20/2024 21:34,agoebl,4713,NA,35,ARFR4-SOS-NM930N-66-11,#F46D43,-107.2045028,36.76818611,10 - 15 Deg. F. / 3 - 6,,10 - 15 Deg. F.,6-Mar,10 - 15 Deg. F. / 3 - 6,10 - 15 / semi-humid,NM.1,#66e566,"semi-humid, cool",#F46D43,C,NA,NA
ARFR-WY930-44-LASANIMAS-13,black,7,25,36,NA,1349,1,1,NA,N,NA,NA,NA,NA,NA,NA,NA,NA,NA,NA,1196,aa564508-9ce0-4ff0-8c7b-e0a1c0201592,NA,1,NA,NA,8/20/2024 18:00,d1481060-fc4d-4827-b681-8fe333d60d02,8/20/2024 21:34,agoebl,8/20/2024 21:34,agoebl,4714,NA,36,ARFR4-SOS-WY930-44-LASANIMAS-13,#FDAE61,-104.6423889,37.16547222,15 - 20 Deg. F. / 3 - 6,,15 - 20 Deg. F.,6-Mar,15 - 20 Deg. F. / 3 - 6,15 - 20 / semi-humid,CO.1,#698b69,"semi-humid, warm",#FDAE61,D,NA,NA
ARFR-WY930-44-LASANIMAS-13,black,7,25,37,NA,1350,1,1,NA,N,NA,NA,NA,NA,NA,NA,NA,NA,NA,NA,1197,e0a50824-3511-4a20-b344-11b9df7a1462,NA,1,NA,NA,8/20/2024 18:00,d1481060-fc4d-4827-b681-8fe333d60d02,8/20/2024 21:34,agoebl,8/20/2024 21:34,agoebl,4715,NA,37,ARFR4-SOS-WY930-44-LASANIMAS-13,#FDAE61,-104.6423889,37.16547222,15 - 20 Deg. F. / 3 - 6,,15 - 20 Deg. F.,6-Mar,15 - 20 Deg. F. / 3 - 6,15 - 20 / semi-humid,CO.1,#698b69,"semi-humid, warm",#FDAE61,D,NA,NA
ARFR-WY040-71-10,black,7,25,38,NA,1351,1,1,NA,N,NA,NA,NA,NA,NA,NA,NA,NA,NA,NA,1198,31339a1e-b4ea-4f1e-b964-2a262f7416fd,NA,1,NA,NA,8/20/2024 18:00,d1481060-fc4d-4827-b681-8fe333d60d02,8/20/2024 21:34,agoebl,8/20/2024 21:34,agoebl,4716,NA,38,ARFR4-SOS-WY040-71-10,#66C2A5,-109.2433156,41.13271889,5 - 10 Deg. F. / 3 - 6,,5 - 10 Deg. F.,6-Mar,5 - 10 Deg. F. / 3 - 6,5 - 10 / semi-humid,WY.1,#a5c2f1,"semi-humid, cold",#66C2A5,I,NA,NA
ARFR-AZ930-423-NAVAJO-18,black,7,25,39,NA,1352,1,1,NA,N,NA,NA,NA,NA,NA,NA,NA,NA,NA,NA,1199,5dc947b6-d6ab-4894-8009-ce684b8b3b5b,NA,1,NA,NA,8/20/2024 18:00,d1481060-fc4d-4827-b681-8fe333d60d02,8/20/2024 21:34,agoebl,8/20/2024 21:34,agoebl,4717,NA,39,ARFR4-SOS-AZ930-423-NAVAJO-18,#9E0142,-110.431,36.45877,15 - 20 Deg. F. / 6 - 12,SdZones downloaded 20230823,15 - 20 Deg. F.,12-Jun,15 - 20 Deg. F. / 6 - 12,15 - 20 / semi-arid,AZ.1,#ee5c42,"semi-arid, warm",#9E0142,A,NA,NA
ARFR-AZ930-423-NAVAJO-18,black,7,25,40,293,1353,1,1,NA,N,NA,NA,NA,NA,NA,NA,NA,NA,NA,NA,1200,68ab04c1-2c5e-4c7d-bbcc-97a745673503,NA,1,NA,NA,8/20/2024 18:00,d1481060-fc4d-4827-b681-8fe333d60d02,8/20/2024 21:34,agoebl,8/20/2024 21:34,agoebl,4718,NA,40,ARFR4-SOS-AZ930-423-NAVAJO-18,#9E0142,-110.431,36.45877,15 - 20 Deg. F. / 6 - 12,SdZones downloaded 20230823,15 - 20 Deg. F.,12-Jun,15 - 20 Deg. F. / 6 - 12,15 - 20 / semi-arid,AZ.1,#ee5c42,"semi-arid, warm",#9E0142,A,NA,NA
ARFR-WY930-44-LASANIMAS-13,black,7,25,41,NA,1354,1,1,NA,N,NA,NA,NA,NA,NA,NA,NA,NA,NA,NA,1201,54b8b2f5-c98c-43f2-b6f8-9503a5838687,NA,1,NA,NA,8/20/2024 18:00,d1481060-fc4d-4827-b681-8fe333d60d02,8/20/2024 21:34,agoebl,8/20/2024 21:34,agoebl,4719,NA,41,ARFR4-SOS-WY930-44-LASANIMAS-13,#FDAE61,-104.6423889,37.16547222,15 - 20 Deg. F. / 3 - 6,,15 - 20 Deg. F.,6-Mar,15 - 20 Deg. F. / 3 - 6,15 - 20 / semi-humid,CO.1,#698b69,"semi-humid, warm",#FDAE61,D,NA,NA
ARFR-AZ930-422-NAVAJO-18,black,7,25,42,NA,1355,1,1,NA,N,NA,NA,NA,NA,NA,NA,NA,NA,NA,NA,1202,5aacbba1-215e-420b-9a07-900f4b588fad,NA,1,NA,NA,8/20/2024 18:00,d1481060-fc4d-4827-b681-8fe333d60d02,8/20/2024 21:34,agoebl,8/20/2024 21:34,agoebl,4720,NA,42,ARFR4-SOS-AZ930-422-NAVAJO-18,#D53E4F,-110.431,36.56805,15 - 20 Deg. F. / 6 - 12,Lats corrected 20230127,15 - 20 Deg. F.,12-Jun,15 - 20 Deg. F. / 6 - 12,15 - 20 / semi-arid,AZ.2,#ee5c42,"semi-arid, warm",#D53E4F,B,NA,NA
ARFR-NM930N-66-11,black,7,25,43,NA,1356,1,1,NA,N,NA,NA,NA,NA,NA,NA,NA,NA,NA,NA,1203,62e2063b-91c3-4e71-88e3-3ef2927da576,NA,1,NA,NA,8/20/2024 18:00,d1481060-fc4d-4827-b681-8fe333d60d02,8/20/2024 21:34,agoebl,8/20/2024 21:34,agoebl,4721,NA,43,ARFR4-SOS-NM930N-66-11,#F46D43,-107.2045028,36.76818611,10 - 15 Deg. F. / 3 - 6,,10 - 15 Deg. F.,6-Mar,10 - 15 Deg. F. / 3 - 6,10 - 15 / semi-humid,NM.1,#66e566,"semi-humid, cool",#F46D43,C,NA,NA
ARFR-AZ930-423-NAVAJO-18,black,7,25,44,NA,1357,1,1,NA,N,NA,NA,NA,NA,NA,NA,NA,NA,NA,NA,1204,8e6db833-0ebe-4db5-af21-38e253e7bb17,NA,1,NA,NA,8/20/2024 18:00,d1481060-fc4d-4827-b681-8fe333d60d02,8/20/2024 21:34,agoebl,8/20/2024 21:34,agoebl,4722,NA,44,ARFR4-SOS-AZ930-423-NAVAJO-18,#9E0142,-110.431,36.45877,15 - 20 Deg. F. / 6 - 12,SdZones downloaded 20230823,15 - 20 Deg. F.,12-Jun,15 - 20 Deg. F. / 6 - 12,15 - 20 / semi-arid,AZ.1,#ee5c42,"semi-arid, warm",#9E0142,A,NA,NA
ARFR-WY050-151-FREMONT-16,black,7,25,45,294,1358,1,1,NA,N,NA,NA,NA,NA,NA,NA,NA,NA,NA,NA,1205,6416f19e-a979-4f9b-8424-f0b3c4a47dbe,NA,1,NA,NA,8/20/2024 18:00,d1481060-fc4d-4827-b681-8fe333d60d02,8/20/2024 21:34,agoebl,8/20/2024 21:34,agoebl,4723,NA,45,ARFR4-SOS-WY050-151-FREMONT-16,#3288BD,-108.1704472,42.47886111,10 - 15 Deg. F. / 6 - 12,,10 - 15 Deg. F.,12-Jun,10 - 15 Deg. F. / 6 - 12,10 - 15 / semi-arid,WY.2,#cd8500,"semi-arid, cool",#3288BD,J,NA,NA
ARFR-WY050-49-FREMONT-12,black,7,25,46,NA,1359,1,1,NA,N,NA,NA,NA,NA,NA,NA,NA,NA,NA,NA,1206,36018397-276e-4814-98c8-bc29e0e9862a,NA,1,NA,NA,8/20/2024 18:00,d1481060-fc4d-4827-b681-8fe333d60d02,8/20/2024 21:34,agoebl,8/20/2024 21:34,agoebl,4724,NA,46,ARFR4-SOS-WY050-49-FREMONT-12,#5E4FA2,-109.34775,43.42663611,5 - 10 Deg. F. / 6 - 12,,5 - 10 Deg. F.,12-Jun,5 - 10 Deg. F. / 6 - 12,5 - 10 / semi-arid,WY.3,#ffb90f,"semi-arid, cold",#5E4FA2,K,NA,NA
ARFR-WY040-71-10,black,7,25,47,NA,1360,0,NA,NA,N,NA,NA,NA,NA,NA,NA,NA,NA,NA,NA,1207,d41c304f-978c-4ca3-8714-9dd643e8fe11,NA,0,NA,NA,8/20/2024 18:00,d1481060-fc4d-4827-b681-8fe333d60d02,8/20/2024 21:34,agoebl,8/20/2024 21:34,agoebl,4725,NA,47,ARFR4-SOS-WY040-71-10,#66C2A5,-109.2433156,41.13271889,5 - 10 Deg. F. / 3 - 6,,5 - 10 Deg. F.,6-Mar,5 - 10 Deg. F. / 3 - 6,5 - 10 / semi-humid,WY.1,#a5c2f1,"semi-humid, cold",#66C2A5,I,NA,Y
ARFR-WY050-151-FREMONT-16,black,7,25,48,NA,1361,1,1,NA,N,NA,NA,NA,NA,NA,NA,NA,NA,NA,NA,1208,b86710af-c7b7-4638-afc9-8c496694bd72,NA,1,NA,Almost dead,8/20/2024 18:00,d1481060-fc4d-4827-b681-8fe333d60d02,8/20/2024 21:34,agoebl,8/20/2024 21:34,agoebl,4726,NA,48,ARFR4-SOS-WY050-151-FREMONT-16,#3288BD,-108.1704472,42.47886111,10 - 15 Deg. F. / 6 - 12,,10 - 15 Deg. F.,12-Jun,10 - 15 Deg. F. / 6 - 12,10 - 15 / semi-arid,WY.2,#cd8500,"semi-arid, cool",#3288BD,J,NA,NA
ARFR-UT080-109-UINTAH-12,black,7,25,49,NA,1362,1,1,NA,N,NA,NA,NA,NA,NA,NA,NA,NA,NA,NA,1209,db2ff106-351f-4ab1-80b1-110984a69237,NA,1,NA,NA,8/20/2024 18:00,d1481060-fc4d-4827-b681-8fe333d60d02,8/20/2024 21:34,agoebl,8/20/2024 21:34,agoebl,4727,NA,49,ARFR4-SOS-UT080-109-UINTAH-12,#aabe7f,-109.1426444,39.70802222,10 - 15 Deg. F. / 3 - 6,,10 - 15 Deg. F.,6-Mar,10 - 15 Deg. F. / 3 - 6,10 - 15 / semi-humid,UT.1,#66e566,"semi-humid, cool",#aabe7f,G,NA,NA
ARFR-CO932-294-11,black,7,25,50,295,1363,1,1,NA,N,NA,NA,NA,NA,NA,NA,NA,NA,NA,NA,1210,053f1b86-97c4-46b3-a7c6-6b6bfc547e36,NA,1,NA,NA,8/20/2024 18:00,d1481060-fc4d-4827-b681-8fe333d60d02,8/20/2024 21:34,agoebl,8/20/2024 21:34,agoebl,4728,NA,50,ARFR4-SOS-CO932-294-11,#ABDDA4,-105.2030833,39.78458333,15 - 20 Deg. F. / 3 - 6,,15 - 20 Deg. F.,6-Mar,15 - 20 Deg. F. / 3 - 6,15 - 20 / semi-humid,CO.4,#698b69,"semi-humid, warm",#ABDDA4,H,NA,NA
ARFR-CO932-316-JEFFERSON-12,black,7,25,51,NA,1364,1,1,NA,N,NA,NA,NA,NA,NA,NA,NA,NA,NA,NA,1211,23f35849-531c-42ce-864b-84f903521a89,NA,1,NA,NA,8/20/2024 18:00,d1481060-fc4d-4827-b681-8fe333d60d02,8/20/2024 21:34,agoebl,8/20/2024 21:34,agoebl,4729,NA,51,ARFR4-SOS-CO932-316-JEFFERSON-12,#FFFF85,-105.358,39.66325,15 - 20 Deg. F. / 3 - 6,,15 - 20 Deg. F.,6-Mar,15 - 20 Deg. F. / 3 - 6,15 - 20 / semi-humid,CO.3,#698b69,"semi-humid, warm",#FFFF85,F,NA,NA
ARFR-CO932-316-JEFFERSON-12,black,7,25,52,NA,1365,1,1,NA,N,NA,NA,NA,NA,NA,NA,NA,NA,NA,NA,1212,3453bf96-2fd5-49c5-af3a-edb2ad8fc575,NA,1,NA,NA,8/20/2024 18:00,d1481060-fc4d-4827-b681-8fe333d60d02,8/20/2024 21:34,agoebl,8/20/2024 21:34,agoebl,4730,NA,52,ARFR4-SOS-CO932-316-JEFFERSON-12,#FFFF85,-105.358,39.66325,15 - 20 Deg. F. / 3 - 6,,15 - 20 Deg. F.,6-Mar,15 - 20 Deg. F. / 3 - 6,15 - 20 / semi-humid,CO.3,#698b69,"semi-humid, warm",#FFFF85,F,NA,NA
ARFR-WY040-71-10,black,7,25,53,NA,1366,1,0,NA,N,NA,NA,NA,NA,NA,NA,NA,NA,NA,NA,1213,de6b0d82-cedb-4ec8-9d2d-ef87e8eb8526,NA,0,NA,NA,8/20/2024 18:00,d1481060-fc4d-4827-b681-8fe333d60d02,8/20/2024 21:34,agoebl,8/20/2024 21:34,agoebl,4731,NA,53,ARFR4-SOS-WY040-71-10,#66C2A5,-109.2433156,41.13271889,5 - 10 Deg. F. / 3 - 6,,5 - 10 Deg. F.,6-Mar,5 - 10 Deg. F. / 3 - 6,5 - 10 / semi-humid,WY.1,#a5c2f1,"semi-humid, cold",#66C2A5,I,NA,NA
ARFR-WY050-49-FREMONT-12,black,7,25,54,NA,1367,1,1,NA,N,NA,NA,NA,NA,NA,NA,NA,NA,NA,NA,1214,9303ad0a-5e0a-479e-97e1-22961635579d,NA,1,NA,NA,8/20/2024 18:00,d1481060-fc4d-4827-b681-8fe333d60d02,8/20/2024 21:34,agoebl,8/20/2024 21:34,agoebl,4732,NA,54,ARFR4-SOS-WY050-49-FREMONT-12,#5E4FA2,-109.34775,43.42663611,5 - 10 Deg. F. / 6 - 12,,5 - 10 Deg. F.,12-Jun,5 - 10 Deg. F. / 6 - 12,5 - 10 / semi-arid,WY.3,#ffb90f,"semi-arid, cold",#5E4FA2,K,NA,NA
ARFR-WY930-44-LASANIMAS-13,black,7,25,55,296,1368,1,1,NA,N,NA,NA,NA,NA,NA,NA,NA,NA,NA,NA,1215,cd06c197-a773-47e3-8cd3-910c1eb987e1,NA,1,NA,NA,8/20/2024 18:00,d1481060-fc4d-4827-b681-8fe333d60d02,8/20/2024 21:34,agoebl,8/20/2024 21:34,agoebl,4733,NA,55,ARFR4-SOS-WY930-44-LASANIMAS-13,#FDAE61,-104.6423889,37.16547222,15 - 20 Deg. F. / 3 - 6,,15 - 20 Deg. F.,6-Mar,15 - 20 Deg. F. / 3 - 6,15 - 20 / semi-humid,CO.1,#698b69,"semi-humid, warm",#FDAE61,D,NA,NA
ARFR-CO932-314-JEFFERSON-12,black,7,26,1,285,1369,1,1,NA,N,NA,NA,NA,NA,NA,NA,NA,NA,NA,NA,1216,b673f62d-e05b-4b9f-80b6-ebb69118757e,NA,1,NA,NA,8/20/2024 18:00,6f7a9c3a-1135-467c-9083-b95853c7ae85,8/20/2024 21:34,agoebl,8/20/2024 21:34,agoebl,4734,NA,1,ARFR4-SOS-CO932-314-JEFFERSON-12,#FEE08B,-105.3553333,39.40902778,10 - 15 Deg. F. / 3 - 6,,10 - 15 Deg. F.,6-Mar,10 - 15 Deg. F. / 3 - 6,10 - 15 / semi-humid,CO.2,#66e566,"semi-humid, cool",#FEE08B,E,NA,NA
ARFR-UT080-109-UINTAH-12,black,7,26,2,NA,1370,1,1,NA,N,NA,NA,NA,NA,NA,NA,NA,NA,NA,NA,1217,2d4660cc-f78a-4913-b071-47aa36f9036c,NA,1,NA,Dry,8/20/2024 18:00,6f7a9c3a-1135-467c-9083-b95853c7ae85,8/20/2024 21:34,agoebl,8/20/2024 21:34,agoebl,4735,NA,2,ARFR4-SOS-UT080-109-UINTAH-12,#aabe7f,-109.1426444,39.70802222,10 - 15 Deg. F. / 3 - 6,,10 - 15 Deg. F.,6-Mar,10 - 15 Deg. F. / 3 - 6,10 - 15 / semi-humid,UT.1,#66e566,"semi-humid, cool",#aabe7f,G,NA,NA
ARFR-WY930-44-LASANIMAS-13,black,7,26,3,NA,1371,1,1,NA,N,NA,NA,NA,NA,NA,NA,NA,NA,NA,NA,1218,87f93d01-d1e6-4500-b12f-3b7183310d51,NA,1,NA,Dry,8/20/2024 18:00,6f7a9c3a-1135-467c-9083-b95853c7ae85,8/20/2024 21:34,agoebl,8/20/2024 21:34,agoebl,4736,NA,3,ARFR4-SOS-WY930-44-LASANIMAS-13,#FDAE61,-104.6423889,37.16547222,15 - 20 Deg. F. / 3 - 6,,15 - 20 Deg. F.,6-Mar,15 - 20 Deg. F. / 3 - 6,15 - 20 / semi-humid,CO.1,#698b69,"semi-humid, warm",#FDAE61,D,NA,NA
ARFR-WY050-49-FREMONT-12,black,7,26,4,NA,1372,1,1,NA,N,NA,NA,NA,NA,NA,NA,NA,NA,NA,NA,1219,95fb3641-eb6e-4da8-ae1f-196bd0565f6f,NA,1,NA,Dry,8/20/2024 18:00,6f7a9c3a-1135-467c-9083-b95853c7ae85,8/20/2024 21:34,agoebl,8/20/2024 21:34,agoebl,4737,NA,4,ARFR4-SOS-WY050-49-FREMONT-12,#5E4FA2,-109.34775,43.42663611,5 - 10 Deg. F. / 6 - 12,,5 - 10 Deg. F.,12-Jun,5 - 10 Deg. F. / 6 - 12,5 - 10 / semi-arid,WY.3,#ffb90f,"semi-arid, cold",#5E4FA2,K,NA,NA
ARFR-AZ930-422-NAVAJO-18,black,7,26,5,286,1373,1,1,NA,N,NA,NA,NA,NA,NA,NA,NA,NA,NA,NA,1220,78c16c5e-c201-4629-a24d-ce9fb63d017b,NA,0,NA,NA,8/20/2024 18:00,6f7a9c3a-1135-467c-9083-b95853c7ae85,8/20/2024 21:34,agoebl,8/20/2024 21:34,agoebl,4738,NA,5,ARFR4-SOS-AZ930-422-NAVAJO-18,#D53E4F,-110.431,36.56805,15 - 20 Deg. F. / 6 - 12,Lats corrected 20230127,15 - 20 Deg. F.,12-Jun,15 - 20 Deg. F. / 6 - 12,15 - 20 / semi-arid,AZ.2,#ee5c42,"semi-arid, warm",#D53E4F,B,NA,NA
ARFR-CO932-316-JEFFERSON-12,black,7,26,6,NA,1374,1,1,NA,Y,0.0048,0.367,7.645833333,NA,NA,NA,NA,NA,NA,NA,1221,ce15be46-990a-44be-ab8f-3277e7f10ad4,NA,1,NA,NA,8/20/2024 18:00,6f7a9c3a-1135-467c-9083-b95853c7ae85,8/20/2024 21:34,agoebl,8/20/2024 21:34,agoebl,4739,NA,6,ARFR4-SOS-CO932-316-JEFFERSON-12,#FFFF85,-105.358,39.66325,15 - 20 Deg. F. / 3 - 6,,15 - 20 Deg. F.,6-Mar,15 - 20 Deg. F. / 3 - 6,15 - 20 / semi-humid,CO.3,#698b69,"semi-humid, warm",#FFFF85,F,NA,NA
ARFR-AZ930-423-NAVAJO-18,black,7,26,7,NA,1375,1,1,NA,N,NA,NA,NA,NA,NA,NA,NA,NA,NA,NA,1222,1e1ae9d6-f281-4c16-b321-2068aea5fa7e,NA,1,NA,NA,8/20/2024 18:00,6f7a9c3a-1135-467c-9083-b95853c7ae85,8/20/2024 21:34,agoebl,8/20/2024 21:34,agoebl,4740,NA,7,ARFR4-SOS-AZ930-423-NAVAJO-18,#9E0142,-110.431,36.45877,15 - 20 Deg. F. / 6 - 12,SdZones downloaded 20230823,15 - 20 Deg. F.,12-Jun,15 - 20 Deg. F. / 6 - 12,15 - 20 / semi-arid,AZ.1,#ee5c42,"semi-arid, warm",#9E0142,A,NA,NA
ARFR-WY050-151-FREMONT-16,black,7,26,8,NA,1376,1,1,NA,N,NA,NA,NA,NA,NA,NA,NA,NA,NA,NA,1223,3a84c603-8e30-489b-8656-6d7133bda325,NA,0,NA,"Recruits near, possible alive",8/20/2024 18:00,6f7a9c3a-1135-467c-9083-b95853c7ae85,8/20/2024 21:34,agoebl,8/20/2024 21:34,agoebl,4741,NA,8,ARFR4-SOS-WY050-151-FREMONT-16,#3288BD,-108.1704472,42.47886111,10 - 15 Deg. F. / 6 - 12,,10 - 15 Deg. F.,12-Jun,10 - 15 Deg. F. / 6 - 12,10 - 15 / semi-arid,WY.2,#cd8500,"semi-arid, cool",#3288BD,J,NA,NA
ARFR-UT080-109-UINTAH-12,black,7,26,9,NA,1377,1,1,NA,N,NA,NA,NA,NA,NA,NA,NA,NA,NA,NA,1224,69c76e79-d218-45ee-a5fc-38241ad7a2e6,NA,1,NA,NA,8/20/2024 18:00,6f7a9c3a-1135-467c-9083-b95853c7ae85,8/20/2024 21:34,agoebl,8/20/2024 21:34,agoebl,4742,NA,9,ARFR4-SOS-UT080-109-UINTAH-12,#aabe7f,-109.1426444,39.70802222,10 - 15 Deg. F. / 3 - 6,,10 - 15 Deg. F.,6-Mar,10 - 15 Deg. F. / 3 - 6,10 - 15 / semi-humid,UT.1,#66e566,"semi-humid, cool",#aabe7f,G,NA,NA
ARFR-WY930-44-LASANIMAS-13,black,7,26,10,287,1378,1,1,NA,N,NA,NA,NA,NA,NA,NA,NA,NA,NA,NA,1225,c1eea511-3bc5-41c5-b40b-1e69360efdd4,NA,1,NA,NA,8/20/2024 18:00,6f7a9c3a-1135-467c-9083-b95853c7ae85,8/20/2024 21:34,agoebl,8/20/2024 21:34,agoebl,4743,NA,10,ARFR4-SOS-WY930-44-LASANIMAS-13,#FDAE61,-104.6423889,37.16547222,15 - 20 Deg. F. / 3 - 6,,15 - 20 Deg. F.,6-Mar,15 - 20 Deg. F. / 3 - 6,15 - 20 / semi-humid,CO.1,#698b69,"semi-humid, warm",#FDAE61,D,NA,NA
ARFR-UT080-109-UINTAH-12,black,7,26,11,NA,1379,1,1,NA,N,NA,NA,NA,NA,NA,NA,NA,NA,NA,NA,1226,95b7d38d-b3e5-431b-bba5-96427fe93027,NA,1,NA,NA,8/20/2024 18:00,6f7a9c3a-1135-467c-9083-b95853c7ae85,8/20/2024 21:34,agoebl,8/20/2024 21:34,agoebl,4744,NA,11,ARFR4-SOS-UT080-109-UINTAH-12,#aabe7f,-109.1426444,39.70802222,10 - 15 Deg. F. / 3 - 6,,10 - 15 Deg. F.,6-Mar,10 - 15 Deg. F. / 3 - 6,10 - 15 / semi-humid,UT.1,#66e566,"semi-humid, cool",#aabe7f,G,NA,NA
ARFR-CO932-316-JEFFERSON-12,black,7,26,12,NA,1380,1,1,NA,N,NA,NA,NA,NA,NA,NA,NA,NA,NA,NA,1227,4cf546e8-a287-41e1-baff-c2d62b13398a,NA,1,NA,NA,8/20/2024 18:00,6f7a9c3a-1135-467c-9083-b95853c7ae85,8/20/2024 21:34,agoebl,8/20/2024 21:34,agoebl,4745,NA,12,ARFR4-SOS-CO932-316-JEFFERSON-12,#FFFF85,-105.358,39.66325,15 - 20 Deg. F. / 3 - 6,,15 - 20 Deg. F.,6-Mar,15 - 20 Deg. F. / 3 - 6,15 - 20 / semi-humid,CO.3,#698b69,"semi-humid, warm",#FFFF85,F,NA,NA
ARFR-CO932-316-JEFFERSON-12,black,7,26,13,NA,1381,0,NA,NA,N,NA,NA,NA,NA,NA,NA,NA,NA,NA,NA,1228,93478ddd-bd42-4b26-98e2-c82ec30fc9e9,NA,0,NA,NA,8/20/2024 18:00,6f7a9c3a-1135-467c-9083-b95853c7ae85,8/20/2024 21:34,agoebl,8/20/2024 21:34,agoebl,4746,NA,13,ARFR4-SOS-CO932-316-JEFFERSON-12,#FFFF85,-105.358,39.66325,15 - 20 Deg. F. / 3 - 6,,15 - 20 Deg. F.,6-Mar,15 - 20 Deg. F. / 3 - 6,15 - 20 / semi-humid,CO.3,#698b69,"semi-humid, warm",#FFFF85,F,NA,NA
ARFR-CO932-294-11,black,7,26,14,NA,1382,1,1,NA,N,NA,NA,NA,NA,NA,NA,NA,NA,NA,NA,1229,b3ee5b15-6100-42f4-a60e-3c7da8134267,NA,1,NA,Small,8/20/2024 18:00,6f7a9c3a-1135-467c-9083-b95853c7ae85,8/20/2024 21:34,agoebl,8/20/2024 21:34,agoebl,4747,NA,14,ARFR4-SOS-CO932-294-11,#ABDDA4,-105.2030833,39.78458333,15 - 20 Deg. F. / 3 - 6,,15 - 20 Deg. F.,6-Mar,15 - 20 Deg. F. / 3 - 6,15 - 20 / semi-humid,CO.4,#698b69,"semi-humid, warm",#ABDDA4,H,NA,NA
ARFR-CO932-316-JEFFERSON-12,black,7,26,15,288,1383,1,1,NA,N,NA,NA,NA,NA,NA,NA,NA,NA,NA,NA,1230,78863f0e-49d5-4fb2-b028-c78643c30a28,NA,1,NA,NA,8/20/2024 18:00,6f7a9c3a-1135-467c-9083-b95853c7ae85,8/20/2024 21:34,agoebl,8/20/2024 21:34,agoebl,4748,NA,15,ARFR4-SOS-CO932-316-JEFFERSON-12,#FFFF85,-105.358,39.66325,15 - 20 Deg. F. / 3 - 6,,15 - 20 Deg. F.,6-Mar,15 - 20 Deg. F. / 3 - 6,15 - 20 / semi-humid,CO.3,#698b69,"semi-humid, warm",#FFFF85,F,NA,NA
ARFR-WY930-44-LASANIMAS-13,black,7,26,16,NA,1384,1,1,NA,N,NA,NA,NA,NA,NA,NA,NA,NA,NA,NA,1231,4a102f34-eb63-4aaa-9a9a-4458322824bf,NA,1,NA,NA,8/20/2024 18:00,6f7a9c3a-1135-467c-9083-b95853c7ae85,8/20/2024 21:34,agoebl,8/20/2024 21:34,agoebl,4749,NA,16,ARFR4-SOS-WY930-44-LASANIMAS-13,#FDAE61,-104.6423889,37.16547222,15 - 20 Deg. F. / 3 - 6,,15 - 20 Deg. F.,6-Mar,15 - 20 Deg. F. / 3 - 6,15 - 20 / semi-humid,CO.1,#698b69,"semi-humid, warm",#FDAE61,D,NA,NA
ARFR-WY050-151-FREMONT-16,black,7,26,17,NA,1385,1,1,NA,N,NA,NA,NA,NA,NA,NA,NA,NA,NA,NA,1232,60b4d816-4c78-4550-938d-c057c5d15e0f,NA,1,NA,Small,8/20/2024 18:00,6f7a9c3a-1135-467c-9083-b95853c7ae85,8/20/2024 21:34,agoebl,8/20/2024 21:34,agoebl,4750,NA,17,ARFR4-SOS-WY050-151-FREMONT-16,#3288BD,-108.1704472,42.47886111,10 - 15 Deg. F. / 6 - 12,,10 - 15 Deg. F.,12-Jun,10 - 15 Deg. F. / 6 - 12,10 - 15 / semi-arid,WY.2,#cd8500,"semi-arid, cool",#3288BD,J,NA,NA
ARFR-WY930-44-LASANIMAS-13,black,7,26,18,NA,1386,1,1,NA,N,NA,NA,NA,NA,NA,NA,NA,NA,NA,NA,1233,3a32dd35-2174-436d-87b7-e12a05153d90,NA,1,NA,NA,8/20/2024 18:00,6f7a9c3a-1135-467c-9083-b95853c7ae85,8/20/2024 21:34,agoebl,8/20/2024 21:34,agoebl,4751,NA,18,ARFR4-SOS-WY930-44-LASANIMAS-13,#FDAE61,-104.6423889,37.16547222,15 - 20 Deg. F. / 3 - 6,,15 - 20 Deg. F.,6-Mar,15 - 20 Deg. F. / 3 - 6,15 - 20 / semi-humid,CO.1,#698b69,"semi-humid, warm",#FDAE61,D,NA,NA
ARFR-UT080-109-UINTAH-12,black,7,26,19,NA,1387,1,1,NA,N,NA,NA,NA,NA,NA,NA,NA,NA,NA,NA,1234,d41ef668-3069-401c-bea7-e6862554954f,NA,1,NA,Dry,8/20/2024 18:00,6f7a9c3a-1135-467c-9083-b95853c7ae85,8/20/2024 21:34,agoebl,8/20/2024 21:34,agoebl,4752,NA,19,ARFR4-SOS-UT080-109-UINTAH-12,#aabe7f,-109.1426444,39.70802222,10 - 15 Deg. F. / 3 - 6,,10 - 15 Deg. F.,6-Mar,10 - 15 Deg. F. / 3 - 6,10 - 15 / semi-humid,UT.1,#66e566,"semi-humid, cool",#aabe7f,G,NA,NA
ARFR-UT080-109-UINTAH-12,black,7,26,20,289,1388,1,1,NA,N,NA,NA,NA,NA,NA,NA,NA,NA,NA,NA,1235,82b4d4ef-7c1a-4f27-a153-98aaace55a8c,NA,1,NA,NA,8/20/2024 18:00,6f7a9c3a-1135-467c-9083-b95853c7ae85,8/20/2024 21:34,agoebl,8/20/2024 21:34,agoebl,4753,NA,20,ARFR4-SOS-UT080-109-UINTAH-12,#aabe7f,-109.1426444,39.70802222,10 - 15 Deg. F. / 3 - 6,,10 - 15 Deg. F.,6-Mar,10 - 15 Deg. F. / 3 - 6,10 - 15 / semi-humid,UT.1,#66e566,"semi-humid, cool",#aabe7f,G,NA,NA
ARFR-UT080-109-UINTAH-12,black,7,26,21,NA,1389,1,1,NA,N,NA,NA,NA,NA,NA,NA,NA,NA,NA,NA,1236,e483d426-e4d1-4c3a-a627-c4ea3bba1845,NA,1,NA,Dry,8/20/2024 18:00,6f7a9c3a-1135-467c-9083-b95853c7ae85,8/20/2024 21:34,agoebl,8/20/2024 21:34,agoebl,4754,NA,21,ARFR4-SOS-UT080-109-UINTAH-12,#aabe7f,-109.1426444,39.70802222,10 - 15 Deg. F. / 3 - 6,,10 - 15 Deg. F.,6-Mar,10 - 15 Deg. F. / 3 - 6,10 - 15 / semi-humid,UT.1,#66e566,"semi-humid, cool",#aabe7f,G,NA,NA
ARFR-WY040-71-10,black,7,26,22,NA,1390,1,1,NA,N,NA,NA,NA,NA,NA,NA,NA,NA,NA,NA,1237,ba6d3829-57aa-46c9-a6b3-a68d93a1fcb5,NA,0,NA,NA,8/20/2024 18:00,6f7a9c3a-1135-467c-9083-b95853c7ae85,8/20/2024 21:34,agoebl,8/20/2024 21:34,agoebl,4755,NA,22,ARFR4-SOS-WY040-71-10,#66C2A5,-109.2433156,41.13271889,5 - 10 Deg. F. / 3 - 6,,5 - 10 Deg. F.,6-Mar,5 - 10 Deg. F. / 3 - 6,5 - 10 / semi-humid,WY.1,#a5c2f1,"semi-humid, cold",#66C2A5,I,NA,NA
ARFR-WY930-44-LASANIMAS-13,black,7,26,23,NA,1391,1,1,NA,N,NA,NA,NA,NA,NA,NA,NA,NA,NA,NA,1238,fad8236a-3f2f-432c-910e-94bbf279ee8f,NA,1,NA,NA,8/20/2024 18:00,6f7a9c3a-1135-467c-9083-b95853c7ae85,8/20/2024 21:34,agoebl,8/20/2024 21:34,agoebl,4756,NA,23,ARFR4-SOS-WY930-44-LASANIMAS-13,#FDAE61,-104.6423889,37.16547222,15 - 20 Deg. F. / 3 - 6,,15 - 20 Deg. F.,6-Mar,15 - 20 Deg. F. / 3 - 6,15 - 20 / semi-humid,CO.1,#698b69,"semi-humid, warm",#FDAE61,D,NA,NA
ARFR-WY040-71-10,black,7,26,24,NA,1392,1,1,NA,N,NA,NA,NA,NA,NA,NA,NA,NA,NA,NA,1239,15e5f133-0792-4d26-9b98-8de7c8dfa02b,NA,1,NA,NA,8/20/2024 18:00,6f7a9c3a-1135-467c-9083-b95853c7ae85,8/20/2024 21:34,agoebl,8/20/2024 21:34,agoebl,4757,NA,24,ARFR4-SOS-WY040-71-10,#66C2A5,-109.2433156,41.13271889,5 - 10 Deg. F. / 3 - 6,,5 - 10 Deg. F.,6-Mar,5 - 10 Deg. F. / 3 - 6,5 - 10 / semi-humid,WY.1,#a5c2f1,"semi-humid, cold",#66C2A5,I,NA,NA
ARFR-AZ930-422-NAVAJO-18,black,7,26,25,290,1393,1,1,NA,N,NA,NA,NA,NA,NA,NA,NA,NA,NA,NA,1240,3a18b895-f008-4fe4-bfb1-50d1ce6abb19,NA,1,NA,NA,8/20/2024 18:00,6f7a9c3a-1135-467c-9083-b95853c7ae85,8/20/2024 21:34,agoebl,8/20/2024 21:34,agoebl,4758,NA,25,ARFR4-SOS-AZ930-422-NAVAJO-18,#D53E4F,-110.431,36.56805,15 - 20 Deg. F. / 6 - 12,Lats corrected 20230127,15 - 20 Deg. F.,12-Jun,15 - 20 Deg. F. / 6 - 12,15 - 20 / semi-arid,AZ.2,#ee5c42,"semi-arid, warm",#D53E4F,B,NA,NA
ARFR-NM930N-66-11,black,7,26,26,NA,1394,1,1,NA,N,NA,NA,NA,NA,NA,NA,NA,NA,NA,NA,1241,a0ddd70e-d97e-486d-8fff-efb215fd9b34,NA,1,NA,NA,8/20/2024 18:00,6f7a9c3a-1135-467c-9083-b95853c7ae85,8/20/2024 21:34,agoebl,8/20/2024 21:34,agoebl,4759,NA,26,ARFR4-SOS-NM930N-66-11,#F46D43,-107.2045028,36.76818611,10 - 15 Deg. F. / 3 - 6,,10 - 15 Deg. F.,6-Mar,10 - 15 Deg. F. / 3 - 6,10 - 15 / semi-humid,NM.1,#66e566,"semi-humid, cool",#F46D43,C,NA,NA
ARFR-CO932-316-JEFFERSON-12,black,7,26,27,NA,1395,1,1,NA,N,NA,NA,NA,NA,NA,NA,NA,NA,NA,NA,1242,9c67ce19-6abc-4e49-adaa-aa5bdee903b3,NA,1,NA,NA,8/20/2024 18:00,6f7a9c3a-1135-467c-9083-b95853c7ae85,8/20/2024 21:34,agoebl,8/20/2024 21:34,agoebl,4760,NA,27,ARFR4-SOS-CO932-316-JEFFERSON-12,#FFFF85,-105.358,39.66325,15 - 20 Deg. F. / 3 - 6,,15 - 20 Deg. F.,6-Mar,15 - 20 Deg. F. / 3 - 6,15 - 20 / semi-humid,CO.3,#698b69,"semi-humid, warm",#FFFF85,F,NA,NA
ARFR-WY050-49-FREMONT-12,black,7,26,28,NA,1396,1,1,NA,N,NA,NA,NA,NA,NA,NA,NA,NA,NA,NA,1243,2477e25b-9c05-4dad-a062-fd6424b42bcb,NA,0,NA,Recruits near,8/20/2024 18:00,6f7a9c3a-1135-467c-9083-b95853c7ae85,8/20/2024 21:34,agoebl,8/20/2024 21:34,agoebl,4761,NA,28,ARFR4-SOS-WY050-49-FREMONT-12,#5E4FA2,-109.34775,43.42663611,5 - 10 Deg. F. / 6 - 12,,5 - 10 Deg. F.,12-Jun,5 - 10 Deg. F. / 6 - 12,5 - 10 / semi-arid,WY.3,#ffb90f,"semi-arid, cold",#5E4FA2,K,NA,NA
ARFR-NM930N-66-11,black,7,26,29,NA,1397,1,1,NA,N,NA,NA,NA,NA,NA,NA,NA,NA,NA,NA,1244,c13b0e72-6f11-40b9-86cc-44c02131dd04,NA,1,NA,NA,8/20/2024 18:00,6f7a9c3a-1135-467c-9083-b95853c7ae85,8/20/2024 21:34,agoebl,8/20/2024 21:34,agoebl,4762,NA,29,ARFR4-SOS-NM930N-66-11,#F46D43,-107.2045028,36.76818611,10 - 15 Deg. F. / 3 - 6,,10 - 15 Deg. F.,6-Mar,10 - 15 Deg. F. / 3 - 6,10 - 15 / semi-humid,NM.1,#66e566,"semi-humid, cool",#F46D43,C,NA,NA
ARFR-CO932-314-JEFFERSON-12,black,7,26,30,291,1398,1,1,NA,N,NA,NA,NA,NA,NA,NA,NA,NA,NA,NA,1245,7e712496-1f95-485f-95e9-9c1c1314c5f8,NA,1,NA,Near dead,8/20/2024 18:00,6f7a9c3a-1135-467c-9083-b95853c7ae85,8/20/2024 21:34,agoebl,8/20/2024 21:34,agoebl,4763,NA,30,ARFR4-SOS-CO932-314-JEFFERSON-12,#FEE08B,-105.3553333,39.40902778,10 - 15 Deg. F. / 3 - 6,,10 - 15 Deg. F.,6-Mar,10 - 15 Deg. F. / 3 - 6,10 - 15 / semi-humid,CO.2,#66e566,"semi-humid, cool",#FEE08B,E,NA,NA
ARFR-UT080-109-UINTAH-12,black,7,26,31,NA,1399,1,1,NA,N,NA,NA,NA,NA,NA,NA,NA,NA,NA,NA,1246,d5c5ab09-f957-4350-a66d-1f7174306b7f,NA,1,NA,NA,8/20/2024 18:00,6f7a9c3a-1135-467c-9083-b95853c7ae85,8/20/2024 21:34,agoebl,8/20/2024 21:34,agoebl,4764,NA,31,ARFR4-SOS-UT080-109-UINTAH-12,#aabe7f,-109.1426444,39.70802222,10 - 15 Deg. F. / 3 - 6,,10 - 15 Deg. F.,6-Mar,10 - 15 Deg. F. / 3 - 6,10 - 15 / semi-humid,UT.1,#66e566,"semi-humid, cool",#aabe7f,G,NA,NA
ARFR-WY050-49-FREMONT-12,black,7,26,32,NA,1400,1,1,NA,N,NA,NA,NA,NA,NA,NA,NA,NA,NA,NA,1247,1e833dda-e1da-40fb-b618-8abbde606194,NA,1,NA,NA,8/20/2024 18:00,6f7a9c3a-1135-467c-9083-b95853c7ae85,8/20/2024 21:34,agoebl,8/20/2024 21:34,agoebl,4765,NA,32,ARFR4-SOS-WY050-49-FREMONT-12,#5E4FA2,-109.34775,43.42663611,5 - 10 Deg. F. / 6 - 12,,5 - 10 Deg. F.,12-Jun,5 - 10 Deg. F. / 6 - 12,5 - 10 / semi-arid,WY.3,#ffb90f,"semi-arid, cold",#5E4FA2,K,NA,NA
ARFR-CO932-294-11,black,7,26,33,NA,1401,1,1,NA,N,NA,NA,NA,NA,NA,NA,NA,NA,NA,NA,1248,e3910b8d-c5ac-4c1d-9848-33c9ab21dcfb,NA,1,NA,NA,8/20/2024 18:00,6f7a9c3a-1135-467c-9083-b95853c7ae85,8/20/2024 21:34,agoebl,8/20/2024 21:34,agoebl,4766,NA,33,ARFR4-SOS-CO932-294-11,#ABDDA4,-105.2030833,39.78458333,15 - 20 Deg. F. / 3 - 6,,15 - 20 Deg. F.,6-Mar,15 - 20 Deg. F. / 3 - 6,15 - 20 / semi-humid,CO.4,#698b69,"semi-humid, warm",#ABDDA4,H,NA,NA
ARFR-UT080-109-UINTAH-12,black,7,26,34,NA,1402,1,1,NA,N,NA,NA,NA,NA,NA,NA,NA,NA,NA,NA,1249,0c5e5a4b-a5e4-4752-b279-3c06b8ad49ac,NA,1,NA,NA,8/20/2024 18:00,6f7a9c3a-1135-467c-9083-b95853c7ae85,8/20/2024 21:34,agoebl,8/20/2024 21:34,agoebl,4767,NA,34,ARFR4-SOS-UT080-109-UINTAH-12,#aabe7f,-109.1426444,39.70802222,10 - 15 Deg. F. / 3 - 6,,10 - 15 Deg. F.,6-Mar,10 - 15 Deg. F. / 3 - 6,10 - 15 / semi-humid,UT.1,#66e566,"semi-humid, cool",#aabe7f,G,NA,NA
ARFR-WY050-49-FREMONT-12,black,7,26,35,292,1403,1,1,NA,N,NA,NA,NA,NA,NA,NA,NA,NA,NA,NA,1250,955d590b-443e-4a6a-98ea-346316901098,NA,1,NA,NA,8/20/2024 18:00,6f7a9c3a-1135-467c-9083-b95853c7ae85,8/20/2024 21:34,agoebl,8/20/2024 21:34,agoebl,4768,NA,35,ARFR4-SOS-WY050-49-FREMONT-12,#5E4FA2,-109.34775,43.42663611,5 - 10 Deg. F. / 6 - 12,,5 - 10 Deg. F.,12-Jun,5 - 10 Deg. F. / 6 - 12,5 - 10 / semi-arid,WY.3,#ffb90f,"semi-arid, cold",#5E4FA2,K,NA,NA
ARFR-UT080-109-UINTAH-12,black,7,26,36,NA,1404,1,1,NA,N,NA,NA,NA,NA,NA,NA,NA,NA,NA,NA,1251,e1082631-60cf-49d9-8b69-4c83669cbbdd,NA,1,NA,NA,8/20/2024 18:00,6f7a9c3a-1135-467c-9083-b95853c7ae85,8/20/2024 21:34,agoebl,8/20/2024 21:34,agoebl,4769,NA,36,ARFR4-SOS-UT080-109-UINTAH-12,#aabe7f,-109.1426444,39.70802222,10 - 15 Deg. F. / 3 - 6,,10 - 15 Deg. F.,6-Mar,10 - 15 Deg. F. / 3 - 6,10 - 15 / semi-humid,UT.1,#66e566,"semi-humid, cool",#aabe7f,G,NA,NA
ARFR-CO932-314-JEFFERSON-12,black,7,26,37,NA,1405,0,NA,NA,N,NA,NA,NA,NA,NA,NA,NA,NA,NA,NA,1252,049f2ff0-dcc0-4659-bdc9-e539a3abdde0,NA,0,NA,NA,8/20/2024 18:00,6f7a9c3a-1135-467c-9083-b95853c7ae85,8/20/2024 21:34,agoebl,8/20/2024 21:34,agoebl,4770,NA,37,ARFR4-SOS-CO932-314-JEFFERSON-12,#FEE08B,-105.3553333,39.40902778,10 - 15 Deg. F. / 3 - 6,,10 - 15 Deg. F.,6-Mar,10 - 15 Deg. F. / 3 - 6,10 - 15 / semi-humid,CO.2,#66e566,"semi-humid, cool",#FEE08B,E,NA,NA
ARFR-WY050-49-FREMONT-12,black,7,26,38,NA,1406,1,1,NA,N,NA,NA,NA,NA,NA,NA,NA,NA,NA,NA,1253,8fb85040-d2fd-4aef-9998-b35f348ffe04,NA,1,NA,NA,8/20/2024 18:00,6f7a9c3a-1135-467c-9083-b95853c7ae85,8/20/2024 21:34,agoebl,8/20/2024 21:34,agoebl,4771,NA,38,ARFR4-SOS-WY050-49-FREMONT-12,#5E4FA2,-109.34775,43.42663611,5 - 10 Deg. F. / 6 - 12,,5 - 10 Deg. F.,12-Jun,5 - 10 Deg. F. / 6 - 12,5 - 10 / semi-arid,WY.3,#ffb90f,"semi-arid, cold",#5E4FA2,K,NA,NA
ARFR-WY040-71-10,black,7,26,39,NA,1407,1,1,NA,N,NA,NA,NA,NA,NA,NA,NA,NA,NA,NA,1254,a4d1e2ca-8126-49dc-b7db-2c910fb2e6ab,NA,0,NA,NA,8/20/2024 18:00,6f7a9c3a-1135-467c-9083-b95853c7ae85,8/20/2024 21:34,agoebl,8/20/2024 21:34,agoebl,4772,NA,39,ARFR4-SOS-WY040-71-10,#66C2A5,-109.2433156,41.13271889,5 - 10 Deg. F. / 3 - 6,,5 - 10 Deg. F.,6-Mar,5 - 10 Deg. F. / 3 - 6,5 - 10 / semi-humid,WY.1,#a5c2f1,"semi-humid, cold",#66C2A5,I,NA,NA
ARFR-WY040-71-10,black,7,26,40,293,1408,1,1,NA,N,NA,NA,NA,NA,NA,NA,NA,NA,NA,NA,1255,3cd6655c-0dc5-41cc-9d9d-f39c834c3286,NA,1,NA,"Near dead, in hole",8/20/2024 18:00,6f7a9c3a-1135-467c-9083-b95853c7ae85,8/20/2024 21:34,agoebl,8/20/2024 21:34,agoebl,4773,NA,40,ARFR4-SOS-WY040-71-10,#66C2A5,-109.2433156,41.13271889,5 - 10 Deg. F. / 3 - 6,,5 - 10 Deg. F.,6-Mar,5 - 10 Deg. F. / 3 - 6,5 - 10 / semi-humid,WY.1,#a5c2f1,"semi-humid, cold",#66C2A5,I,NA,NA
ARFR-AZ930-423-NAVAJO-18,black,7,26,41,NA,1409,1,1,NA,N,NA,NA,NA,NA,NA,NA,NA,NA,NA,NA,1256,1d3a3122-b0c1-46d3-ac0a-7c2655f97d74,NA,1,NA,NA,8/20/2024 18:00,6f7a9c3a-1135-467c-9083-b95853c7ae85,8/20/2024 21:34,agoebl,8/20/2024 21:34,agoebl,4774,NA,41,ARFR4-SOS-AZ930-423-NAVAJO-18,#9E0142,-110.431,36.45877,15 - 20 Deg. F. / 6 - 12,SdZones downloaded 20230823,15 - 20 Deg. F.,12-Jun,15 - 20 Deg. F. / 6 - 12,15 - 20 / semi-arid,AZ.1,#ee5c42,"semi-arid, warm",#9E0142,A,NA,NA
ARFR-WY930-44-LASANIMAS-13,black,7,26,42,NA,1410,1,1,NA,N,NA,NA,NA,NA,NA,NA,NA,NA,NA,NA,1257,7f4fe00b-e455-4661-a4ab-ca95d1e1b80e,NA,1,NA,NA,8/20/2024 18:00,6f7a9c3a-1135-467c-9083-b95853c7ae85,8/20/2024 21:34,agoebl,8/20/2024 21:34,agoebl,4775,NA,42,ARFR4-SOS-WY930-44-LASANIMAS-13,#FDAE61,-104.6423889,37.16547222,15 - 20 Deg. F. / 3 - 6,,15 - 20 Deg. F.,6-Mar,15 - 20 Deg. F. / 3 - 6,15 - 20 / semi-humid,CO.1,#698b69,"semi-humid, warm",#FDAE61,D,NA,NA
ARFR-AZ930-423-NAVAJO-18,black,7,26,43,NA,1411,1,1,NA,N,NA,NA,NA,NA,NA,NA,NA,NA,NA,NA,1258,97c16396-74a8-464f-8443-0e038ffd348b,NA,1,NA,NA,8/20/2024 18:00,6f7a9c3a-1135-467c-9083-b95853c7ae85,8/20/2024 21:34,agoebl,8/20/2024 21:34,agoebl,4776,NA,43,ARFR4-SOS-AZ930-423-NAVAJO-18,#9E0142,-110.431,36.45877,15 - 20 Deg. F. / 6 - 12,SdZones downloaded 20230823,15 - 20 Deg. F.,12-Jun,15 - 20 Deg. F. / 6 - 12,15 - 20 / semi-arid,AZ.1,#ee5c42,"semi-arid, warm",#9E0142,A,NA,NA
ARFR-WY040-71-10,black,7,26,44,NA,1412,1,1,NA,N,NA,NA,NA,NA,NA,NA,NA,NA,NA,NA,1259,7ffb25a2-76a4-4c94-85d5-216f02fa6c3b,NA,0,NA,NA,8/20/2024 18:00,6f7a9c3a-1135-467c-9083-b95853c7ae85,8/20/2024 21:34,agoebl,8/20/2024 21:34,agoebl,4777,NA,44,ARFR4-SOS-WY040-71-10,#66C2A5,-109.2433156,41.13271889,5 - 10 Deg. F. / 3 - 6,,5 - 10 Deg. F.,6-Mar,5 - 10 Deg. F. / 3 - 6,5 - 10 / semi-humid,WY.1,#a5c2f1,"semi-humid, cold",#66C2A5,I,NA,NA
ARFR-CO932-294-11,black,7,26,45,294,1413,1,1,NA,N,NA,NA,NA,NA,NA,NA,NA,NA,NA,NA,1260,bcf228be-32a8-4e18-96d1-d257f6eb8bef,NA,1,NA,NA,8/20/2024 18:00,6f7a9c3a-1135-467c-9083-b95853c7ae85,8/20/2024 21:34,agoebl,8/20/2024 21:34,agoebl,4778,NA,45,ARFR4-SOS-CO932-294-11,#ABDDA4,-105.2030833,39.78458333,15 - 20 Deg. F. / 3 - 6,,15 - 20 Deg. F.,6-Mar,15 - 20 Deg. F. / 3 - 6,15 - 20 / semi-humid,CO.4,#698b69,"semi-humid, warm",#ABDDA4,H,NA,NA
ARFR-WY050-49-FREMONT-12,black,7,26,46,NA,1414,1,1,NA,N,NA,NA,NA,NA,NA,NA,NA,NA,NA,NA,1261,ec08d9dc-5854-410f-ba74-874aadbe70dc,NA,1,NA,NA,8/20/2024 18:00,6f7a9c3a-1135-467c-9083-b95853c7ae85,8/20/2024 21:34,agoebl,8/20/2024 21:34,agoebl,4779,NA,46,ARFR4-SOS-WY050-49-FREMONT-12,#5E4FA2,-109.34775,43.42663611,5 - 10 Deg. F. / 6 - 12,,5 - 10 Deg. F.,12-Jun,5 - 10 Deg. F. / 6 - 12,5 - 10 / semi-arid,WY.3,#ffb90f,"semi-arid, cold",#5E4FA2,K,NA,NA
ARFR-WY930-44-LASANIMAS-13,black,7,26,47,NA,1415,1,1,NA,N,NA,NA,NA,NA,NA,NA,NA,NA,NA,NA,1262,d2c6b3fd-44b2-4bed-acd2-53dbd0bf5c05,NA,1,NA,NA,8/20/2024 18:00,6f7a9c3a-1135-467c-9083-b95853c7ae85,8/20/2024 21:34,agoebl,8/20/2024 21:34,agoebl,4780,NA,47,ARFR4-SOS-WY930-44-LASANIMAS-13,#FDAE61,-104.6423889,37.16547222,15 - 20 Deg. F. / 3 - 6,,15 - 20 Deg. F.,6-Mar,15 - 20 Deg. F. / 3 - 6,15 - 20 / semi-humid,CO.1,#698b69,"semi-humid, warm",#FDAE61,D,NA,NA
ARFR-CO932-294-11,black,7,26,48,NA,1416,1,1,127.122,N,NA,NA,NA,NA,127.122,57.13,17.58,18.02,NA,Y,1263,76b04a08-8d71-4433-9c51-18fbe05e5496,NA,NA,NA,H,8/20/2024 18:00,6f7a9c3a-1135-467c-9083-b95853c7ae85,8/20/2024 21:34,agoebl,8/20/2024 21:34,agoebl,4781,NA,48,ARFR4-SOS-CO932-294-11,#ABDDA4,-105.2030833,39.78458333,15 - 20 Deg. F. / 3 - 6,,15 - 20 Deg. F.,6-Mar,15 - 20 Deg. F. / 3 - 6,15 - 20 / semi-humid,CO.4,#698b69,"semi-humid, warm",#ABDDA4,H,NA,NA
ARFR-NM930N-66-11,black,7,26,49,NA,1417,1,NA,108.692,N,NA,NA,NA,NA,108.692,21.92,9.27,3.53,NA,Y,1264,500625cd-5b0b-4d21-bbf3-ff1fa4eb6aea,NA,NA,NA,H,8/20/2024 18:00,6f7a9c3a-1135-467c-9083-b95853c7ae85,8/20/2024 21:34,agoebl,8/20/2024 21:34,agoebl,4782,NA,49,ARFR4-SOS-NM930N-66-11,#F46D43,-107.2045028,36.76818611,10 - 15 Deg. F. / 3 - 6,,10 - 15 Deg. F.,6-Mar,10 - 15 Deg. F. / 3 - 6,10 - 15 / semi-humid,NM.1,#66e566,"semi-humid, cool",#F46D43,C,NA,Y
ARFR-AZ930-422-NAVAJO-18,black,7,26,50,295,1418,1,1,NA,N,NA,NA,NA,NA,NA,NA,NA,NA,NA,NA,1265,4226aaf9-7e33-4914-948e-589c41d746e5,NA,1,NA,Small,8/20/2024 18:00,6f7a9c3a-1135-467c-9083-b95853c7ae85,8/20/2024 21:34,agoebl,8/20/2024 21:34,agoebl,4783,NA,50,ARFR4-SOS-AZ930-422-NAVAJO-18,#D53E4F,-110.431,36.56805,15 - 20 Deg. F. / 6 - 12,Lats corrected 20230127,15 - 20 Deg. F.,12-Jun,15 - 20 Deg. F. / 6 - 12,15 - 20 / semi-arid,AZ.2,#ee5c42,"semi-arid, warm",#D53E4F,B,NA,NA
ARFR-AZ930-423-NAVAJO-18,black,7,26,51,NA,1419,1,1,NA,N,NA,NA,NA,NA,NA,NA,NA,NA,NA,NA,1266,2d69966c-2799-438c-86ea-5ba16dedeaeb,NA,1,NA,NA,8/20/2024 18:00,6f7a9c3a-1135-467c-9083-b95853c7ae85,8/20/2024 21:34,agoebl,8/20/2024 21:34,agoebl,4784,NA,51,ARFR4-SOS-AZ930-423-NAVAJO-18,#9E0142,-110.431,36.45877,15 - 20 Deg. F. / 6 - 12,SdZones downloaded 20230823,15 - 20 Deg. F.,12-Jun,15 - 20 Deg. F. / 6 - 12,15 - 20 / semi-arid,AZ.1,#ee5c42,"semi-arid, warm",#9E0142,A,NA,NA
ARFR-AZ930-422-NAVAJO-18,black,7,26,52,NA,1420,1,1,NA,Y,0.0097,0.676,6.969072165,NA,NA,NA,NA,NA,NA,NA,1267,4af29185-721a-4f5f-b19b-911470f61099,NA,1,NA,Dry,8/20/2024 18:00,6f7a9c3a-1135-467c-9083-b95853c7ae85,8/20/2024 21:34,agoebl,8/20/2024 21:34,agoebl,4785,NA,52,ARFR4-SOS-AZ930-422-NAVAJO-18,#D53E4F,-110.431,36.56805,15 - 20 Deg. F. / 6 - 12,Lats corrected 20230127,15 - 20 Deg. F.,12-Jun,15 - 20 Deg. F. / 6 - 12,15 - 20 / semi-arid,AZ.2,#ee5c42,"semi-arid, warm",#D53E4F,B,NA,NA
ARFR-AZ930-422-NAVAJO-18,black,7,26,53,NA,1421,1,1,NA,N,NA,NA,NA,NA,NA,NA,NA,NA,NA,NA,1268,a297baf2-77a5-40c2-86f6-a693446a1460,NA,1,NA,NA,8/20/2024 18:00,6f7a9c3a-1135-467c-9083-b95853c7ae85,8/20/2024 21:34,agoebl,8/20/2024 21:34,agoebl,4786,NA,53,ARFR4-SOS-AZ930-422-NAVAJO-18,#D53E4F,-110.431,36.56805,15 - 20 Deg. F. / 6 - 12,Lats corrected 20230127,15 - 20 Deg. F.,12-Jun,15 - 20 Deg. F. / 6 - 12,15 - 20 / semi-arid,AZ.2,#ee5c42,"semi-arid, warm",#D53E4F,B,NA,NA
ARFR-WY050-151-FREMONT-16,black,7,26,54,NA,1422,1,1,NA,N,NA,NA,NA,NA,NA,NA,NA,NA,NA,NA,1269,e94e3880-0487-4c0c-b034-fadcf6a6c856,NA,1,NA,Dry,8/20/2024 18:00,6f7a9c3a-1135-467c-9083-b95853c7ae85,8/20/2024 21:34,agoebl,8/20/2024 21:34,agoebl,4787,NA,54,ARFR4-SOS-WY050-151-FREMONT-16,#3288BD,-108.1704472,42.47886111,10 - 15 Deg. F. / 6 - 12,,10 - 15 Deg. F.,12-Jun,10 - 15 Deg. F. / 6 - 12,10 - 15 / semi-arid,WY.2,#cd8500,"semi-arid, cool",#3288BD,J,NA,NA
ARFR-WY050-49-FREMONT-12,black,7,26,55,296,1423,1,1,NA,N,NA,NA,NA,NA,NA,NA,NA,NA,NA,NA,1270,c515048c-a999-4606-b468-611ccb175808,NA,1,NA,NA,8/20/2024 18:00,6f7a9c3a-1135-467c-9083-b95853c7ae85,8/20/2024 21:34,agoebl,8/20/2024 21:34,agoebl,4788,NA,55,ARFR4-SOS-WY050-49-FREMONT-12,#5E4FA2,-109.34775,43.42663611,5 - 10 Deg. F. / 6 - 12,,5 - 10 Deg. F.,12-Jun,5 - 10 Deg. F. / 6 - 12,5 - 10 / semi-arid,WY.3,#ffb90f,"semi-arid, cold",#5E4FA2,K,NA,NA
ARFR-CO932-294-11,black,7,27,1,297,1424,1,1,NA,N,NA,NA,NA,NA,NA,NA,NA,NA,NA,NA,1271,06049d13-75eb-43f4-b16f-8d5673b9acc1,NA,1,NA,NA,8/20/2024 18:00,6a2e8102-06c6-4eca-8d09-1a272242f44a,8/20/2024 21:34,agoebl,8/20/2024 21:34,agoebl,4789,NA,1,ARFR4-SOS-CO932-294-11,#ABDDA4,-105.2030833,39.78458333,15 - 20 Deg. F. / 3 - 6,,15 - 20 Deg. F.,6-Mar,15 - 20 Deg. F. / 3 - 6,15 - 20 / semi-humid,CO.4,#698b69,"semi-humid, warm",#ABDDA4,H,NA,NA
ARFR-WY040-71-10,black,7,27,2,NA,1425,1,1,NA,N,NA,NA,NA,NA,NA,NA,NA,NA,NA,NA,1272,60d7dc7b-20d9-4c27-8a16-422acb7556c2,NA,1,NA,"Dry, almost dead",8/20/2024 18:00,6a2e8102-06c6-4eca-8d09-1a272242f44a,8/20/2024 21:34,agoebl,8/20/2024 21:34,agoebl,4790,NA,2,ARFR4-SOS-WY040-71-10,#66C2A5,-109.2433156,41.13271889,5 - 10 Deg. F. / 3 - 6,,5 - 10 Deg. F.,6-Mar,5 - 10 Deg. F. / 3 - 6,5 - 10 / semi-humid,WY.1,#a5c2f1,"semi-humid, cold",#66C2A5,I,NA,NA
ARFR-CO932-316-JEFFERSON-12,black,7,27,3,NA,1426,1,1,NA,N,NA,NA,NA,NA,NA,NA,NA,NA,NA,NA,1273,5a143560-3cd9-4a28-ab00-ab1db6c8a1bf,NA,1,NA,NA,8/20/2024 18:00,6a2e8102-06c6-4eca-8d09-1a272242f44a,8/20/2024 21:34,agoebl,8/20/2024 21:34,agoebl,4791,NA,3,ARFR4-SOS-CO932-316-JEFFERSON-12,#FFFF85,-105.358,39.66325,15 - 20 Deg. F. / 3 - 6,,15 - 20 Deg. F.,6-Mar,15 - 20 Deg. F. / 3 - 6,15 - 20 / semi-humid,CO.3,#698b69,"semi-humid, warm",#FFFF85,F,NA,NA
ARFR-AZ930-422-NAVAJO-18,black,7,27,4,NA,1427,1,1,NA,N,NA,NA,NA,NA,NA,NA,NA,NA,NA,NA,1274,bbb834a3-614f-4d84-b98f-08b32bc78623,NA,0,NA,NA,8/20/2024 18:00,6a2e8102-06c6-4eca-8d09-1a272242f44a,8/20/2024 21:34,agoebl,8/20/2024 21:34,agoebl,4792,NA,4,ARFR4-SOS-AZ930-422-NAVAJO-18,#D53E4F,-110.431,36.56805,15 - 20 Deg. F. / 6 - 12,Lats corrected 20230127,15 - 20 Deg. F.,12-Jun,15 - 20 Deg. F. / 6 - 12,15 - 20 / semi-arid,AZ.2,#ee5c42,"semi-arid, warm",#D53E4F,B,NA,NA
ARFR-WY050-151-FREMONT-16,black,7,27,5,298,1428,1,1,NA,N,NA,NA,NA,NA,NA,NA,NA,NA,NA,NA,1275,cd1385de-3d16-47d2-bb32-45d383ff8f94,NA,1,NA,"Dry, near dead",8/20/2024 18:00,6a2e8102-06c6-4eca-8d09-1a272242f44a,8/20/2024 21:34,agoebl,8/20/2024 21:34,agoebl,4793,NA,5,ARFR4-SOS-WY050-151-FREMONT-16,#3288BD,-108.1704472,42.47886111,10 - 15 Deg. F. / 6 - 12,,10 - 15 Deg. F.,12-Jun,10 - 15 Deg. F. / 6 - 12,10 - 15 / semi-arid,WY.2,#cd8500,"semi-arid, cool",#3288BD,J,NA,NA
ARFR-WY050-151-FREMONT-16,black,7,27,6,NA,1429,1,1,NA,N,NA,NA,NA,NA,NA,NA,NA,NA,NA,NA,1276,5215f176-62d9-463e-a60f-ea046f346e11,NA,1,NA,Dry,8/20/2024 18:00,6a2e8102-06c6-4eca-8d09-1a272242f44a,8/20/2024 21:34,agoebl,8/20/2024 21:34,agoebl,4794,NA,6,ARFR4-SOS-WY050-151-FREMONT-16,#3288BD,-108.1704472,42.47886111,10 - 15 Deg. F. / 6 - 12,,10 - 15 Deg. F.,12-Jun,10 - 15 Deg. F. / 6 - 12,10 - 15 / semi-arid,WY.2,#cd8500,"semi-arid, cool",#3288BD,J,NA,NA
ARFR-WY040-71-10,black,7,27,7,NA,1430,1,1,NA,N,NA,NA,NA,NA,NA,NA,NA,NA,NA,NA,1277,2d48f3e8-cb1c-4eda-8e16-7453f069a35a,NA,0,NA,NA,8/20/2024 18:00,6a2e8102-06c6-4eca-8d09-1a272242f44a,8/20/2024 21:34,agoebl,8/20/2024 21:34,agoebl,4795,NA,7,ARFR4-SOS-WY040-71-10,#66C2A5,-109.2433156,41.13271889,5 - 10 Deg. F. / 3 - 6,,5 - 10 Deg. F.,6-Mar,5 - 10 Deg. F. / 3 - 6,5 - 10 / semi-humid,WY.1,#a5c2f1,"semi-humid, cold",#66C2A5,I,NA,NA
ARFR-NM930N-66-11,black,7,27,8,NA,1431,1,1,NA,N,NA,NA,NA,NA,NA,NA,NA,NA,NA,NA,1278,056b8901-9374-42a0-a0fa-97013a888582,NA,1,NA,NA,8/20/2024 18:00,6a2e8102-06c6-4eca-8d09-1a272242f44a,8/20/2024 21:34,agoebl,8/20/2024 21:34,agoebl,4796,NA,8,ARFR4-SOS-NM930N-66-11,#F46D43,-107.2045028,36.76818611,10 - 15 Deg. F. / 3 - 6,,10 - 15 Deg. F.,6-Mar,10 - 15 Deg. F. / 3 - 6,10 - 15 / semi-humid,NM.1,#66e566,"semi-humid, cool",#F46D43,C,NA,NA
ARFR-AZ930-422-NAVAJO-18,black,7,27,9,NA,1432,1,1,NA,Y,0.0093,0.688,7.397849462,NA,NA,NA,NA,NA,NA,NA,1279,ae522070-d657-4125-bb78-e64c742f7555,NA,1,NA,NA,8/20/2024 18:00,6a2e8102-06c6-4eca-8d09-1a272242f44a,8/20/2024 21:34,agoebl,8/20/2024 21:34,agoebl,4797,NA,9,ARFR4-SOS-AZ930-422-NAVAJO-18,#D53E4F,-110.431,36.56805,15 - 20 Deg. F. / 6 - 12,Lats corrected 20230127,15 - 20 Deg. F.,12-Jun,15 - 20 Deg. F. / 6 - 12,15 - 20 / semi-arid,AZ.2,#ee5c42,"semi-arid, warm",#D53E4F,B,NA,NA
ARFR-WY930-44-LASANIMAS-13,black,7,27,10,299,1433,1,1,NA,N,NA,NA,NA,NA,NA,NA,NA,NA,NA,NA,1280,8ce6d0f7-61da-497f-9854-6c3b46791933,NA,1,NA,Small,8/20/2024 18:00,6a2e8102-06c6-4eca-8d09-1a272242f44a,8/20/2024 21:34,agoebl,8/20/2024 21:34,agoebl,4798,NA,10,ARFR4-SOS-WY930-44-LASANIMAS-13,#FDAE61,-104.6423889,37.16547222,15 - 20 Deg. F. / 3 - 6,,15 - 20 Deg. F.,6-Mar,15 - 20 Deg. F. / 3 - 6,15 - 20 / semi-humid,CO.1,#698b69,"semi-humid, warm",#FDAE61,D,NA,NA
ARFR-AZ930-422-NAVAJO-18,black,7,27,11,NA,1434,1,1,NA,N,NA,NA,NA,NA,NA,NA,NA,NA,NA,NA,1281,abaf7f5d-0dad-470f-8748-925023f298f0,NA,1,NA,NA,8/20/2024 18:00,6a2e8102-06c6-4eca-8d09-1a272242f44a,8/20/2024 21:34,agoebl,8/20/2024 21:34,agoebl,4799,NA,11,ARFR4-SOS-AZ930-422-NAVAJO-18,#D53E4F,-110.431,36.56805,15 - 20 Deg. F. / 6 - 12,Lats corrected 20230127,15 - 20 Deg. F.,12-Jun,15 - 20 Deg. F. / 6 - 12,15 - 20 / semi-arid,AZ.2,#ee5c42,"semi-arid, warm",#D53E4F,B,NA,NA
ARFR-CO932-314-JEFFERSON-12,black,7,27,12,NA,1435,1,1,NA,N,NA,NA,NA,NA,NA,NA,NA,NA,NA,NA,1282,7916f731-4c4c-46fa-b573-9b1c230a1482,NA,1,NA,Near dead,8/20/2024 18:00,6a2e8102-06c6-4eca-8d09-1a272242f44a,8/20/2024 21:34,agoebl,8/20/2024 21:34,agoebl,4800,NA,12,ARFR4-SOS-CO932-314-JEFFERSON-12,#FEE08B,-105.3553333,39.40902778,10 - 15 Deg. F. / 3 - 6,,10 - 15 Deg. F.,6-Mar,10 - 15 Deg. F. / 3 - 6,10 - 15 / semi-humid,CO.2,#66e566,"semi-humid, cool",#FEE08B,E,NA,NA
ARFR-CO932-294-11,black,7,27,13,NA,1436,1,1,NA,N,NA,NA,NA,NA,NA,NA,NA,NA,NA,NA,1283,6aef6445-6496-439b-940d-bb5847c82d6c,NA,1,NA,NA,8/20/2024 18:00,6a2e8102-06c6-4eca-8d09-1a272242f44a,8/20/2024 21:34,agoebl,8/20/2024 21:34,agoebl,4801,NA,13,ARFR4-SOS-CO932-294-11,#ABDDA4,-105.2030833,39.78458333,15 - 20 Deg. F. / 3 - 6,,15 - 20 Deg. F.,6-Mar,15 - 20 Deg. F. / 3 - 6,15 - 20 / semi-humid,CO.4,#698b69,"semi-humid, warm",#ABDDA4,H,NA,NA
ARFR-NM930N-66-11,black,7,27,14,NA,1437,1,1,NA,N,NA,NA,NA,NA,NA,NA,NA,NA,NA,NA,1284,a423c66d-03cc-4ff7-9abc-85d612204592,NA,1,NA,NA,8/20/2024 18:00,6a2e8102-06c6-4eca-8d09-1a272242f44a,8/20/2024 21:34,agoebl,8/20/2024 21:34,agoebl,4802,NA,14,ARFR4-SOS-NM930N-66-11,#F46D43,-107.2045028,36.76818611,10 - 15 Deg. F. / 3 - 6,,10 - 15 Deg. F.,6-Mar,10 - 15 Deg. F. / 3 - 6,10 - 15 / semi-humid,NM.1,#66e566,"semi-humid, cool",#F46D43,C,NA,NA
ARFR-AZ930-423-NAVAJO-18,black,7,27,15,300,1438,1,1,NA,N,NA,NA,NA,NA,NA,NA,NA,NA,NA,NA,1285,9e0e38b7-7ac6-4c34-b6dc-4492958c6f33,NA,1,NA,NA,8/20/2024 18:00,6a2e8102-06c6-4eca-8d09-1a272242f44a,8/20/2024 21:34,agoebl,8/20/2024 21:34,agoebl,4803,NA,15,ARFR4-SOS-AZ930-423-NAVAJO-18,#9E0142,-110.431,36.45877,15 - 20 Deg. F. / 6 - 12,SdZones downloaded 20230823,15 - 20 Deg. F.,12-Jun,15 - 20 Deg. F. / 6 - 12,15 - 20 / semi-arid,AZ.1,#ee5c42,"semi-arid, warm",#9E0142,A,NA,NA
ARFR-UT080-109-UINTAH-12,black,7,27,16,NA,1439,1,1,NA,N,NA,NA,NA,NA,NA,NA,NA,NA,NA,NA,1286,0d2c7467-cf9d-4529-b84f-b72ab92ebd53,NA,1,NA,Dry,8/20/2024 18:00,6a2e8102-06c6-4eca-8d09-1a272242f44a,8/20/2024 21:34,agoebl,8/20/2024 21:34,agoebl,4804,NA,16,ARFR4-SOS-UT080-109-UINTAH-12,#aabe7f,-109.1426444,39.70802222,10 - 15 Deg. F. / 3 - 6,,10 - 15 Deg. F.,6-Mar,10 - 15 Deg. F. / 3 - 6,10 - 15 / semi-humid,UT.1,#66e566,"semi-humid, cool",#aabe7f,G,NA,NA
ARFR-WY050-151-FREMONT-16,black,7,27,17,NA,1440,1,1,44.192,N,NA,NA,NA,NA,44.192,0.064,0.08,NA,"Head/chafff combined, weighed with Mettler Toledo",Y,1287,d03bba73-8837-426b-a0e3-901e4bc19ba2,NA,NA,NA,H,8/20/2024 18:00,6a2e8102-06c6-4eca-8d09-1a272242f44a,8/20/2024 21:34,agoebl,8/20/2024 21:34,agoebl,4805,NA,17,ARFR4-SOS-WY050-151-FREMONT-16,#3288BD,-108.1704472,42.47886111,10 - 15 Deg. F. / 6 - 12,,10 - 15 Deg. F.,12-Jun,10 - 15 Deg. F. / 6 - 12,10 - 15 / semi-arid,WY.2,#cd8500,"semi-arid, cool",#3288BD,J,NA,NA
ARFR-CO932-314-JEFFERSON-12,black,7,27,18,NA,1441,1,1,NA,N,NA,NA,NA,NA,NA,NA,NA,NA,NA,NA,1288,af6c818c-1272-435a-b456-46b53f330d2d,NA,1,NA,NA,8/20/2024 18:00,6a2e8102-06c6-4eca-8d09-1a272242f44a,8/20/2024 21:34,agoebl,8/20/2024 21:34,agoebl,4806,NA,18,ARFR4-SOS-CO932-314-JEFFERSON-12,#FEE08B,-105.3553333,39.40902778,10 - 15 Deg. F. / 3 - 6,,10 - 15 Deg. F.,6-Mar,10 - 15 Deg. F. / 3 - 6,10 - 15 / semi-humid,CO.2,#66e566,"semi-humid, cool",#FEE08B,E,NA,NA
ARFR-AZ930-422-NAVAJO-18,black,7,27,19,NA,1442,1,1,NA,N,NA,NA,NA,NA,NA,NA,NA,NA,NA,NA,1289,ce26bb82-d45b-4210-8da0-053e7fa8084e,NA,1,NA,NA,8/20/2024 18:00,6a2e8102-06c6-4eca-8d09-1a272242f44a,8/20/2024 21:34,agoebl,8/20/2024 21:34,agoebl,4807,NA,19,ARFR4-SOS-AZ930-422-NAVAJO-18,#D53E4F,-110.431,36.56805,15 - 20 Deg. F. / 6 - 12,Lats corrected 20230127,15 - 20 Deg. F.,12-Jun,15 - 20 Deg. F. / 6 - 12,15 - 20 / semi-arid,AZ.2,#ee5c42,"semi-arid, warm",#D53E4F,B,NA,NA
ARFR-CO932-314-JEFFERSON-12,black,7,27,20,301,1443,1,1,NA,N,NA,NA,NA,NA,NA,NA,NA,NA,NA,NA,1290,8d152ecc-6be8-4097-8817-716d68d5d7bb,NA,1,NA,NA,8/20/2024 18:00,6a2e8102-06c6-4eca-8d09-1a272242f44a,8/20/2024 21:34,agoebl,8/20/2024 21:34,agoebl,4808,NA,20,ARFR4-SOS-CO932-314-JEFFERSON-12,#FEE08B,-105.3553333,39.40902778,10 - 15 Deg. F. / 3 - 6,,10 - 15 Deg. F.,6-Mar,10 - 15 Deg. F. / 3 - 6,10 - 15 / semi-humid,CO.2,#66e566,"semi-humid, cool",#FEE08B,E,NA,NA
ARFR-CO932-316-JEFFERSON-12,black,7,27,21,NA,1444,1,1,NA,N,NA,NA,NA,NA,NA,NA,NA,NA,NA,NA,1291,e3a1cfe0-5505-445c-8525-ca197a320626,NA,1,NA,Near dead,8/20/2024 18:00,6a2e8102-06c6-4eca-8d09-1a272242f44a,8/20/2024 21:34,agoebl,8/20/2024 21:34,agoebl,4809,NA,21,ARFR4-SOS-CO932-316-JEFFERSON-12,#FFFF85,-105.358,39.66325,15 - 20 Deg. F. / 3 - 6,,15 - 20 Deg. F.,6-Mar,15 - 20 Deg. F. / 3 - 6,15 - 20 / semi-humid,CO.3,#698b69,"semi-humid, warm",#FFFF85,F,NA,NA
ARFR-WY930-44-LASANIMAS-13,black,7,27,22,NA,1445,1,1,NA,N,NA,NA,NA,NA,NA,NA,NA,NA,NA,NA,1292,c843bdfe-58a2-409c-b30c-9ace1fa7318d,NA,1,NA,NA,8/20/2024 18:00,6a2e8102-06c6-4eca-8d09-1a272242f44a,8/20/2024 21:34,agoebl,8/20/2024 21:34,agoebl,4810,NA,22,ARFR4-SOS-WY930-44-LASANIMAS-13,#FDAE61,-104.6423889,37.16547222,15 - 20 Deg. F. / 3 - 6,,15 - 20 Deg. F.,6-Mar,15 - 20 Deg. F. / 3 - 6,15 - 20 / semi-humid,CO.1,#698b69,"semi-humid, warm",#FDAE61,D,NA,NA
ARFR-CO932-294-11,black,7,27,23,NA,1446,1,1,NA,N,NA,NA,NA,NA,NA,NA,NA,NA,NA,NA,1293,3c2cc913-7ae0-4cc4-aeab-2e90c74f47c3,NA,1,NA,NA,8/20/2024 18:00,6a2e8102-06c6-4eca-8d09-1a272242f44a,8/20/2024 21:34,agoebl,8/20/2024 21:34,agoebl,4811,NA,23,ARFR4-SOS-CO932-294-11,#ABDDA4,-105.2030833,39.78458333,15 - 20 Deg. F. / 3 - 6,,15 - 20 Deg. F.,6-Mar,15 - 20 Deg. F. / 3 - 6,15 - 20 / semi-humid,CO.4,#698b69,"semi-humid, warm",#ABDDA4,H,NA,NA
ARFR-NM930N-66-11,black,7,27,24,NA,1447,1,1,NA,N,NA,NA,NA,NA,NA,NA,NA,NA,NA,NA,1294,fab2abee-d8d0-4d2b-889c-e3c537c09cf9,NA,1,NA,NA,8/20/2024 18:00,6a2e8102-06c6-4eca-8d09-1a272242f44a,8/20/2024 21:34,agoebl,8/20/2024 21:34,agoebl,4812,NA,24,ARFR4-SOS-NM930N-66-11,#F46D43,-107.2045028,36.76818611,10 - 15 Deg. F. / 3 - 6,,10 - 15 Deg. F.,6-Mar,10 - 15 Deg. F. / 3 - 6,10 - 15 / semi-humid,NM.1,#66e566,"semi-humid, cool",#F46D43,C,NA,NA
ARFR-CO932-316-JEFFERSON-12,black,7,27,25,302,1448,1,1,86.242,N,NA,NA,NA,NA,86.242,22.46,9.63,4.79,NA,Y,1295,5bdc297c-ce71-45ad-9fa3-b908d7f19e42,NA,NA,NA,H,8/20/2024 18:00,6a2e8102-06c6-4eca-8d09-1a272242f44a,8/20/2024 21:34,agoebl,8/20/2024 21:34,agoebl,4813,NA,25,ARFR4-SOS-CO932-316-JEFFERSON-12,#FFFF85,-105.358,39.66325,15 - 20 Deg. F. / 3 - 6,,15 - 20 Deg. F.,6-Mar,15 - 20 Deg. F. / 3 - 6,15 - 20 / semi-humid,CO.3,#698b69,"semi-humid, warm",#FFFF85,F,NA,NA
ARFR-AZ930-422-NAVAJO-18,black,7,27,26,NA,1449,1,1,NA,N,NA,NA,NA,NA,NA,NA,NA,NA,NA,NA,1296,85872683-e114-46c3-b14c-31ad083cd000,NA,1,NA,Dry,8/20/2024 18:00,6a2e8102-06c6-4eca-8d09-1a272242f44a,8/20/2024 21:34,agoebl,8/20/2024 21:34,agoebl,4814,NA,26,ARFR4-SOS-AZ930-422-NAVAJO-18,#D53E4F,-110.431,36.56805,15 - 20 Deg. F. / 6 - 12,Lats corrected 20230127,15 - 20 Deg. F.,12-Jun,15 - 20 Deg. F. / 6 - 12,15 - 20 / semi-arid,AZ.2,#ee5c42,"semi-arid, warm",#D53E4F,B,NA,NA
ARFR-AZ930-423-NAVAJO-18,black,7,27,27,NA,1450,1,1,NA,N,NA,NA,NA,NA,NA,NA,NA,NA,NA,NA,1297,1ccf8dd0-3379-4c7d-9f13-99c6f24a6dac,NA,1,NA,NA,8/20/2024 18:00,6a2e8102-06c6-4eca-8d09-1a272242f44a,8/20/2024 21:34,agoebl,8/20/2024 21:34,agoebl,4815,NA,27,ARFR4-SOS-AZ930-423-NAVAJO-18,#9E0142,-110.431,36.45877,15 - 20 Deg. F. / 6 - 12,SdZones downloaded 20230823,15 - 20 Deg. F.,12-Jun,15 - 20 Deg. F. / 6 - 12,15 - 20 / semi-arid,AZ.1,#ee5c42,"semi-arid, warm",#9E0142,A,NA,NA
ARFR-NM930N-66-11,black,7,27,28,NA,1451,1,1,NA,Y,0.0112,0.561,5.008928571,NA,NA,NA,NA,NA,NA,NA,1298,d50db8c8-ec18-40ba-896d-477ef817936e,NA,1,NA,Dry,8/20/2024 18:00,6a2e8102-06c6-4eca-8d09-1a272242f44a,8/20/2024 21:34,agoebl,8/20/2024 21:34,agoebl,4816,NA,28,ARFR4-SOS-NM930N-66-11,#F46D43,-107.2045028,36.76818611,10 - 15 Deg. F. / 3 - 6,,10 - 15 Deg. F.,6-Mar,10 - 15 Deg. F. / 3 - 6,10 - 15 / semi-humid,NM.1,#66e566,"semi-humid, cool",#F46D43,C,NA,NA
ARFR-UT080-109-UINTAH-12,black,7,27,29,NA,1452,1,1,NA,N,NA,NA,NA,NA,NA,NA,NA,NA,NA,NA,1299,5a625e9e-c232-4eab-96df-e0ac65b6cfe8,NA,1,NA,NA,8/20/2024 18:00,6a2e8102-06c6-4eca-8d09-1a272242f44a,8/20/2024 21:34,agoebl,8/20/2024 21:34,agoebl,4817,NA,29,ARFR4-SOS-UT080-109-UINTAH-12,#aabe7f,-109.1426444,39.70802222,10 - 15 Deg. F. / 3 - 6,,10 - 15 Deg. F.,6-Mar,10 - 15 Deg. F. / 3 - 6,10 - 15 / semi-humid,UT.1,#66e566,"semi-humid, cool",#aabe7f,G,NA,NA
ARFR-AZ930-423-NAVAJO-18,black,7,27,30,303,1453,1,1,NA,N,NA,NA,NA,NA,NA,NA,NA,NA,NA,NA,1300,d0ff2b79-4eec-4f2a-be51-95e8d09b6b2e,NA,1,NA,NA,8/20/2024 18:00,6a2e8102-06c6-4eca-8d09-1a272242f44a,8/20/2024 21:34,agoebl,8/20/2024 21:34,agoebl,4818,NA,30,ARFR4-SOS-AZ930-423-NAVAJO-18,#9E0142,-110.431,36.45877,15 - 20 Deg. F. / 6 - 12,SdZones downloaded 20230823,15 - 20 Deg. F.,12-Jun,15 - 20 Deg. F. / 6 - 12,15 - 20 / semi-arid,AZ.1,#ee5c42,"semi-arid, warm",#9E0142,A,NA,NA
ARFR-AZ930-423-NAVAJO-18,black,7,27,31,NA,1454,1,1,NA,N,NA,NA,NA,NA,NA,NA,NA,NA,NA,NA,1301,30424705-a878-48c8-8c44-e62440e4966a,NA,1,NA,NA,8/20/2024 18:00,6a2e8102-06c6-4eca-8d09-1a272242f44a,8/20/2024 21:34,agoebl,8/20/2024 21:34,agoebl,4819,NA,31,ARFR4-SOS-AZ930-423-NAVAJO-18,#9E0142,-110.431,36.45877,15 - 20 Deg. F. / 6 - 12,SdZones downloaded 20230823,15 - 20 Deg. F.,12-Jun,15 - 20 Deg. F. / 6 - 12,15 - 20 / semi-arid,AZ.1,#ee5c42,"semi-arid, warm",#9E0142,A,NA,NA
ARFR-CO932-316-JEFFERSON-12,black,7,27,32,NA,1455,1,1,NA,N,NA,NA,NA,NA,NA,NA,NA,NA,NA,NA,1302,5f2cc812-eac5-44c4-93bb-8988d523b0de,NA,1,NA,NA,8/20/2024 18:00,6a2e8102-06c6-4eca-8d09-1a272242f44a,8/20/2024 21:34,agoebl,8/20/2024 21:34,agoebl,4820,NA,32,ARFR4-SOS-CO932-316-JEFFERSON-12,#FFFF85,-105.358,39.66325,15 - 20 Deg. F. / 3 - 6,,15 - 20 Deg. F.,6-Mar,15 - 20 Deg. F. / 3 - 6,15 - 20 / semi-humid,CO.3,#698b69,"semi-humid, warm",#FFFF85,F,NA,NA
ARFR-WY040-71-10,black,7,27,33,NA,1456,1,1,NA,N,NA,NA,NA,NA,NA,NA,NA,NA,NA,NA,1303,4c8d4e6c-edce-4338-8aff-83569f511ed8,NA,0,NA,NA,8/20/2024 18:00,6a2e8102-06c6-4eca-8d09-1a272242f44a,8/20/2024 21:34,agoebl,8/20/2024 21:34,agoebl,4821,NA,33,ARFR4-SOS-WY040-71-10,#66C2A5,-109.2433156,41.13271889,5 - 10 Deg. F. / 3 - 6,,5 - 10 Deg. F.,6-Mar,5 - 10 Deg. F. / 3 - 6,5 - 10 / semi-humid,WY.1,#a5c2f1,"semi-humid, cold",#66C2A5,I,NA,NA
ARFR-WY050-151-FREMONT-16,black,7,27,34,NA,1457,1,1,NA,N,NA,NA,NA,NA,NA,NA,NA,NA,NA,NA,1304,a756f904-103f-4644-b33e-b41437b46df1,NA,1,NA,Small,8/20/2024 18:00,6a2e8102-06c6-4eca-8d09-1a272242f44a,8/20/2024 21:34,agoebl,8/20/2024 21:34,agoebl,4822,NA,34,ARFR4-SOS-WY050-151-FREMONT-16,#3288BD,-108.1704472,42.47886111,10 - 15 Deg. F. / 6 - 12,,10 - 15 Deg. F.,12-Jun,10 - 15 Deg. F. / 6 - 12,10 - 15 / semi-arid,WY.2,#cd8500,"semi-arid, cool",#3288BD,J,NA,NA
ARFR-CO932-314-JEFFERSON-12,black,7,27,35,304,1458,1,1,NA,N,NA,NA,NA,NA,NA,NA,NA,NA,NA,NA,1305,b2fe3fab-26ef-400e-a620-8bb3e6ccf9a3,NA,1,NA,Dry,8/20/2024 18:00,6a2e8102-06c6-4eca-8d09-1a272242f44a,8/20/2024 21:34,agoebl,8/20/2024 21:34,agoebl,4823,NA,35,ARFR4-SOS-CO932-314-JEFFERSON-12,#FEE08B,-105.3553333,39.40902778,10 - 15 Deg. F. / 3 - 6,,10 - 15 Deg. F.,6-Mar,10 - 15 Deg. F. / 3 - 6,10 - 15 / semi-humid,CO.2,#66e566,"semi-humid, cool",#FEE08B,E,NA,NA
ARFR-AZ930-422-NAVAJO-18,black,7,27,36,NA,1459,1,1,NA,N,NA,NA,NA,NA,NA,NA,NA,NA,NA,NA,1306,815336dd-3d64-42e6-9df1-10aed2a88823,NA,1,NA,NA,8/20/2024 18:00,6a2e8102-06c6-4eca-8d09-1a272242f44a,8/20/2024 21:34,agoebl,8/20/2024 21:34,agoebl,4824,NA,36,ARFR4-SOS-AZ930-422-NAVAJO-18,#D53E4F,-110.431,36.56805,15 - 20 Deg. F. / 6 - 12,Lats corrected 20230127,15 - 20 Deg. F.,12-Jun,15 - 20 Deg. F. / 6 - 12,15 - 20 / semi-arid,AZ.2,#ee5c42,"semi-arid, warm",#D53E4F,B,NA,NA
ARFR-CO932-294-11,black,7,27,37,NA,1460,1,1,NA,N,NA,NA,NA,NA,NA,NA,NA,NA,NA,NA,1307,1f5335b9-bfc8-4800-8a5d-10c07f12a829,NA,1,NA,NA,8/20/2024 18:00,6a2e8102-06c6-4eca-8d09-1a272242f44a,8/20/2024 21:34,agoebl,8/20/2024 21:34,agoebl,4825,NA,37,ARFR4-SOS-CO932-294-11,#ABDDA4,-105.2030833,39.78458333,15 - 20 Deg. F. / 3 - 6,,15 - 20 Deg. F.,6-Mar,15 - 20 Deg. F. / 3 - 6,15 - 20 / semi-humid,CO.4,#698b69,"semi-humid, warm",#ABDDA4,H,NA,NA
ARFR-NM930N-66-11,black,7,27,38,NA,1461,1,1,NA,N,NA,NA,NA,NA,NA,NA,NA,NA,NA,NA,1308,eaf0cca5-e0ab-4467-8446-e920d2ee14d3,NA,1,NA,Dry,8/20/2024 18:00,6a2e8102-06c6-4eca-8d09-1a272242f44a,8/20/2024 21:34,agoebl,8/20/2024 21:34,agoebl,4826,NA,38,ARFR4-SOS-NM930N-66-11,#F46D43,-107.2045028,36.76818611,10 - 15 Deg. F. / 3 - 6,,10 - 15 Deg. F.,6-Mar,10 - 15 Deg. F. / 3 - 6,10 - 15 / semi-humid,NM.1,#66e566,"semi-humid, cool",#F46D43,C,NA,NA
ARFR-CO932-294-11,black,7,27,39,NA,1462,1,1,NA,N,NA,NA,NA,NA,NA,NA,NA,NA,NA,NA,1309,2d96ff2d-d267-4fc1-857a-54f18342d14b,NA,1,NA,NA,8/20/2024 18:00,6a2e8102-06c6-4eca-8d09-1a272242f44a,8/20/2024 21:34,agoebl,8/20/2024 21:34,agoebl,4827,NA,39,ARFR4-SOS-CO932-294-11,#ABDDA4,-105.2030833,39.78458333,15 - 20 Deg. F. / 3 - 6,,15 - 20 Deg. F.,6-Mar,15 - 20 Deg. F. / 3 - 6,15 - 20 / semi-humid,CO.4,#698b69,"semi-humid, warm",#ABDDA4,H,NA,NA
ARFR-WY930-44-LASANIMAS-13,black,7,27,40,305,1463,1,1,NA,N,NA,NA,NA,NA,NA,NA,NA,NA,NA,NA,1310,e0e080cf-29bf-4491-b8b5-0f3cf77fd34d,NA,1,NA,NA,8/20/2024 18:00,6a2e8102-06c6-4eca-8d09-1a272242f44a,8/20/2024 21:34,agoebl,8/20/2024 21:34,agoebl,4828,NA,40,ARFR4-SOS-WY930-44-LASANIMAS-13,#FDAE61,-104.6423889,37.16547222,15 - 20 Deg. F. / 3 - 6,,15 - 20 Deg. F.,6-Mar,15 - 20 Deg. F. / 3 - 6,15 - 20 / semi-humid,CO.1,#698b69,"semi-humid, warm",#FDAE61,D,NA,NA
ARFR-CO932-316-JEFFERSON-12,black,7,27,41,NA,1464,1,1,NA,N,NA,NA,NA,NA,NA,NA,NA,NA,NA,NA,1311,d441156b-57c5-4c92-9e7d-d4f0c611cd0e,NA,1,NA,NA,8/20/2024 18:00,6a2e8102-06c6-4eca-8d09-1a272242f44a,8/20/2024 21:34,agoebl,8/20/2024 21:34,agoebl,4829,NA,41,ARFR4-SOS-CO932-316-JEFFERSON-12,#FFFF85,-105.358,39.66325,15 - 20 Deg. F. / 3 - 6,,15 - 20 Deg. F.,6-Mar,15 - 20 Deg. F. / 3 - 6,15 - 20 / semi-humid,CO.3,#698b69,"semi-humid, warm",#FFFF85,F,NA,NA
ARFR-CO932-294-11,black,7,27,42,NA,1465,1,1,NA,N,NA,NA,NA,NA,NA,NA,NA,NA,NA,NA,1312,9689049f-50ef-47a3-86c3-c65f93864c8b,NA,1,NA,NA,8/20/2024 18:00,6a2e8102-06c6-4eca-8d09-1a272242f44a,8/20/2024 21:34,agoebl,8/20/2024 21:34,agoebl,4830,NA,42,ARFR4-SOS-CO932-294-11,#ABDDA4,-105.2030833,39.78458333,15 - 20 Deg. F. / 3 - 6,,15 - 20 Deg. F.,6-Mar,15 - 20 Deg. F. / 3 - 6,15 - 20 / semi-humid,CO.4,#698b69,"semi-humid, warm",#ABDDA4,H,NA,NA
ARFR-WY040-71-10,black,7,27,43,NA,1466,1,1,NA,N,NA,NA,NA,NA,NA,NA,NA,NA,NA,NA,1313,b205a6a2-91b9-4a79-bd7e-09a34af9646c,NA,0,NA,NA,8/20/2024 18:00,6a2e8102-06c6-4eca-8d09-1a272242f44a,8/20/2024 21:34,agoebl,8/20/2024 21:34,agoebl,4831,NA,43,ARFR4-SOS-WY040-71-10,#66C2A5,-109.2433156,41.13271889,5 - 10 Deg. F. / 3 - 6,,5 - 10 Deg. F.,6-Mar,5 - 10 Deg. F. / 3 - 6,5 - 10 / semi-humid,WY.1,#a5c2f1,"semi-humid, cold",#66C2A5,I,NA,NA
ARFR-NM930N-66-11,black,7,27,44,NA,1467,1,1,NA,N,NA,NA,NA,NA,NA,NA,NA,NA,NA,NA,1314,f3bcd733-e932-4664-98c9-7c7ec010d61a,NA,1,NA,NA,8/20/2024 18:00,6a2e8102-06c6-4eca-8d09-1a272242f44a,8/20/2024 21:34,agoebl,8/20/2024 21:34,agoebl,4832,NA,44,ARFR4-SOS-NM930N-66-11,#F46D43,-107.2045028,36.76818611,10 - 15 Deg. F. / 3 - 6,,10 - 15 Deg. F.,6-Mar,10 - 15 Deg. F. / 3 - 6,10 - 15 / semi-humid,NM.1,#66e566,"semi-humid, cool",#F46D43,C,NA,NA
ARFR-CO932-294-11,black,7,27,45,306,1468,1,1,NA,Y,0.0042,0.751,17.88095238,NA,NA,NA,NA,NA,NA,NA,1315,aec06bcf-45e9-4a36-a722-ca8c280a29e8,NA,1,NA,NA,8/20/2024 18:00,6a2e8102-06c6-4eca-8d09-1a272242f44a,8/20/2024 21:34,agoebl,8/20/2024 21:34,agoebl,4833,NA,45,ARFR4-SOS-CO932-294-11,#ABDDA4,-105.2030833,39.78458333,15 - 20 Deg. F. / 3 - 6,,15 - 20 Deg. F.,6-Mar,15 - 20 Deg. F. / 3 - 6,15 - 20 / semi-humid,CO.4,#698b69,"semi-humid, warm",#ABDDA4,H,NA,NA
ARFR-AZ930-423-NAVAJO-18,black,7,27,46,NA,1469,1,1,NA,N,NA,NA,NA,NA,NA,NA,NA,NA,NA,NA,1316,a85cb123-7293-44a4-bf00-74eae848358f,NA,1,NA,NA,8/20/2024 18:00,6a2e8102-06c6-4eca-8d09-1a272242f44a,8/20/2024 21:34,agoebl,8/20/2024 21:34,agoebl,4834,NA,46,ARFR4-SOS-AZ930-423-NAVAJO-18,#9E0142,-110.431,36.45877,15 - 20 Deg. F. / 6 - 12,SdZones downloaded 20230823,15 - 20 Deg. F.,12-Jun,15 - 20 Deg. F. / 6 - 12,15 - 20 / semi-arid,AZ.1,#ee5c42,"semi-arid, warm",#9E0142,A,NA,NA
ARFR-CO932-316-JEFFERSON-12,black,7,27,47,NA,1470,1,1,NA,N,NA,NA,NA,NA,NA,NA,NA,NA,NA,NA,1317,40d9a74d-510e-47a8-bb49-3bf442073af0,NA,1,NA,NA,8/20/2024 18:00,6a2e8102-06c6-4eca-8d09-1a272242f44a,8/20/2024 21:34,agoebl,8/20/2024 21:34,agoebl,4835,NA,47,ARFR4-SOS-CO932-316-JEFFERSON-12,#FFFF85,-105.358,39.66325,15 - 20 Deg. F. / 3 - 6,,15 - 20 Deg. F.,6-Mar,15 - 20 Deg. F. / 3 - 6,15 - 20 / semi-humid,CO.3,#698b69,"semi-humid, warm",#FFFF85,F,NA,NA
ARFR-WY040-71-10,black,7,27,48,NA,1471,1,1,NA,N,NA,NA,NA,NA,NA,NA,NA,NA,NA,NA,1318,0f1491ca-3c05-42e6-9230-ecb335d04dfe,NA,0,NA,NA,8/20/2024 18:00,6a2e8102-06c6-4eca-8d09-1a272242f44a,8/20/2024 21:34,agoebl,8/20/2024 21:34,agoebl,4836,NA,48,ARFR4-SOS-WY040-71-10,#66C2A5,-109.2433156,41.13271889,5 - 10 Deg. F. / 3 - 6,,5 - 10 Deg. F.,6-Mar,5 - 10 Deg. F. / 3 - 6,5 - 10 / semi-humid,WY.1,#a5c2f1,"semi-humid, cold",#66C2A5,I,NA,NA
ARFR-WY050-49-FREMONT-12,black,7,27,49,NA,1472,1,1,NA,N,NA,NA,NA,NA,NA,NA,NA,NA,NA,NA,1319,3416a28f-68c5-49f1-8a7c-20dc1775979b,NA,1,NA,NA,8/20/2024 18:00,6a2e8102-06c6-4eca-8d09-1a272242f44a,8/20/2024 21:34,agoebl,8/20/2024 21:34,agoebl,4837,NA,49,ARFR4-SOS-WY050-49-FREMONT-12,#5E4FA2,-109.34775,43.42663611,5 - 10 Deg. F. / 6 - 12,,5 - 10 Deg. F.,12-Jun,5 - 10 Deg. F. / 6 - 12,5 - 10 / semi-arid,WY.3,#ffb90f,"semi-arid, cold",#5E4FA2,K,NA,NA
ARFR-AZ930-423-NAVAJO-18,black,7,27,50,307,1473,1,1,NA,N,NA,NA,NA,NA,NA,NA,NA,NA,NA,NA,1320,b84e1c1d-0def-4940-9edd-21f15a511b25,NA,1,NA,NA,8/20/2024 18:00,6a2e8102-06c6-4eca-8d09-1a272242f44a,8/20/2024 21:34,agoebl,8/20/2024 21:34,agoebl,4838,NA,50,ARFR4-SOS-AZ930-423-NAVAJO-18,#9E0142,-110.431,36.45877,15 - 20 Deg. F. / 6 - 12,SdZones downloaded 20230823,15 - 20 Deg. F.,12-Jun,15 - 20 Deg. F. / 6 - 12,15 - 20 / semi-arid,AZ.1,#ee5c42,"semi-arid, warm",#9E0142,A,NA,NA
ARFR-WY930-44-LASANIMAS-13,black,7,27,51,NA,1474,1,1,NA,N,NA,NA,NA,NA,NA,NA,NA,NA,NA,NA,1321,3e7d2a01-5885-4ab9-995f-35f69b83e15b,NA,1,NA,NA,8/20/2024 18:00,6a2e8102-06c6-4eca-8d09-1a272242f44a,8/20/2024 21:34,agoebl,8/20/2024 21:34,agoebl,4839,NA,51,ARFR4-SOS-WY930-44-LASANIMAS-13,#FDAE61,-104.6423889,37.16547222,15 - 20 Deg. F. / 3 - 6,,15 - 20 Deg. F.,6-Mar,15 - 20 Deg. F. / 3 - 6,15 - 20 / semi-humid,CO.1,#698b69,"semi-humid, warm",#FDAE61,D,NA,NA
ARFR-AZ930-422-NAVAJO-18,black,7,27,52,NA,1475,1,NA,71.872,N,NA,NA,NA,NA,71.872,27.28,9.97,10.24,NA,Y,1322,dd85e0d2-fd99-418f-a00c-817b62abfe12,NA,NA,NA,H,8/20/2024 18:00,6a2e8102-06c6-4eca-8d09-1a272242f44a,8/20/2024 21:34,agoebl,8/20/2024 21:34,agoebl,4840,NA,52,ARFR4-SOS-AZ930-422-NAVAJO-18,#D53E4F,-110.431,36.56805,15 - 20 Deg. F. / 6 - 12,Lats corrected 20230127,15 - 20 Deg. F.,12-Jun,15 - 20 Deg. F. / 6 - 12,15 - 20 / semi-arid,AZ.2,#ee5c42,"semi-arid, warm",#D53E4F,B,NA,Y
ARFR-WY050-49-FREMONT-12,black,7,27,53,NA,1476,1,1,41.472,N,NA,NA,NA,NA,41.472,8.97,1.18,2.66,Weighed with Mettler Toledo,Y,1323,7a91565c-f7f8-4029-bef7-2706faa473af,NA,NA,NA,H,8/20/2024 18:00,6a2e8102-06c6-4eca-8d09-1a272242f44a,8/20/2024 21:34,agoebl,8/20/2024 21:34,agoebl,4841,NA,53,ARFR4-SOS-WY050-49-FREMONT-12,#5E4FA2,-109.34775,43.42663611,5 - 10 Deg. F. / 6 - 12,,5 - 10 Deg. F.,12-Jun,5 - 10 Deg. F. / 6 - 12,5 - 10 / semi-arid,WY.3,#ffb90f,"semi-arid, cold",#5E4FA2,K,NA,NA
ARFR-AZ930-422-NAVAJO-18,black,7,27,54,NA,1477,1,1,NA,N,NA,NA,NA,NA,NA,NA,NA,NA,NA,NA,1324,78509cb4-3875-434a-9703-944e787d3f3b,NA,1,NA,NA,8/20/2024 18:00,6a2e8102-06c6-4eca-8d09-1a272242f44a,8/20/2024 21:34,agoebl,8/20/2024 21:34,agoebl,4842,NA,54,ARFR4-SOS-AZ930-422-NAVAJO-18,#D53E4F,-110.431,36.56805,15 - 20 Deg. F. / 6 - 12,Lats corrected 20230127,15 - 20 Deg. F.,12-Jun,15 - 20 Deg. F. / 6 - 12,15 - 20 / semi-arid,AZ.2,#ee5c42,"semi-arid, warm",#D53E4F,B,NA,NA
ARFR-WY050-49-FREMONT-12,black,7,27,55,308,1478,1,1,NA,N,NA,NA,NA,NA,NA,NA,NA,NA,NA,NA,1325,65c87b36-eaa9-4554-992f-761d579523f8,NA,1,NA,Small,8/20/2024 18:00,6a2e8102-06c6-4eca-8d09-1a272242f44a,8/20/2024 21:34,agoebl,8/20/2024 21:34,agoebl,4843,NA,55,ARFR4-SOS-WY050-49-FREMONT-12,#5E4FA2,-109.34775,43.42663611,5 - 10 Deg. F. / 6 - 12,,5 - 10 Deg. F.,12-Jun,5 - 10 Deg. F. / 6 - 12,5 - 10 / semi-arid,WY.3,#ffb90f,"semi-arid, cold",#5E4FA2,K,NA,NA
ARFR-CO932-314-JEFFERSON-12,black,7,28,1,297,1479,1,1,NA,N,NA,NA,NA,NA,NA,NA,NA,NA,NA,NA,1326,d3d78691-ce99-4b9e-aead-37b8cb743007,NA,1,NA,NA,8/20/2024 18:00,f6870d82-9f95-4432-80ac-2e948ae5ba67,8/20/2024 21:34,agoebl,8/20/2024 21:34,agoebl,4844,NA,1,ARFR4-SOS-CO932-314-JEFFERSON-12,#FEE08B,-105.3553333,39.40902778,10 - 15 Deg. F. / 3 - 6,,10 - 15 Deg. F.,6-Mar,10 - 15 Deg. F. / 3 - 6,10 - 15 / semi-humid,CO.2,#66e566,"semi-humid, cool",#FEE08B,E,NA,NA
ARFR-CO932-316-JEFFERSON-12,black,7,28,2,NA,1480,1,1,NA,N,NA,NA,NA,NA,NA,NA,NA,NA,NA,NA,1327,0c3377d1-e22d-42de-8fd4-b5fd67218743,NA,1,NA,NA,8/20/2024 18:00,f6870d82-9f95-4432-80ac-2e948ae5ba67,8/20/2024 21:34,agoebl,8/20/2024 21:34,agoebl,4845,NA,2,ARFR4-SOS-CO932-316-JEFFERSON-12,#FFFF85,-105.358,39.66325,15 - 20 Deg. F. / 3 - 6,,15 - 20 Deg. F.,6-Mar,15 - 20 Deg. F. / 3 - 6,15 - 20 / semi-humid,CO.3,#698b69,"semi-humid, warm",#FFFF85,F,NA,NA
ARFR-UT080-109-UINTAH-12,black,7,28,3,NA,1481,1,1,NA,N,NA,NA,NA,NA,NA,NA,NA,NA,NA,NA,1328,e26613fc-ef9e-4df0-804b-bd495142d1dc,NA,1,NA,NA,8/20/2024 18:00,f6870d82-9f95-4432-80ac-2e948ae5ba67,8/20/2024 21:34,agoebl,8/20/2024 21:34,agoebl,4846,NA,3,ARFR4-SOS-UT080-109-UINTAH-12,#aabe7f,-109.1426444,39.70802222,10 - 15 Deg. F. / 3 - 6,,10 - 15 Deg. F.,6-Mar,10 - 15 Deg. F. / 3 - 6,10 - 15 / semi-humid,UT.1,#66e566,"semi-humid, cool",#aabe7f,G,NA,NA
ARFR-WY050-151-FREMONT-16,black,7,28,4,NA,1482,1,1,NA,N,NA,NA,NA,NA,NA,NA,NA,NA,NA,NA,1329,225567a9-5cce-42f7-8867-d400f9a6f168,NA,1,NA,Dry,8/20/2024 18:00,f6870d82-9f95-4432-80ac-2e948ae5ba67,8/20/2024 21:34,agoebl,8/20/2024 21:34,agoebl,4847,NA,4,ARFR4-SOS-WY050-151-FREMONT-16,#3288BD,-108.1704472,42.47886111,10 - 15 Deg. F. / 6 - 12,,10 - 15 Deg. F.,12-Jun,10 - 15 Deg. F. / 6 - 12,10 - 15 / semi-arid,WY.2,#cd8500,"semi-arid, cool",#3288BD,J,NA,NA
ARFR-AZ930-422-NAVAJO-18,black,7,28,5,298,1483,1,1,NA,N,NA,NA,NA,NA,NA,NA,NA,NA,NA,NA,1330,47af7f91-9c94-432b-a792-9abb64e62a19,NA,1,NA,NA,8/20/2024 18:00,f6870d82-9f95-4432-80ac-2e948ae5ba67,8/20/2024 21:34,agoebl,8/20/2024 21:34,agoebl,4848,NA,5,ARFR4-SOS-AZ930-422-NAVAJO-18,#D53E4F,-110.431,36.56805,15 - 20 Deg. F. / 6 - 12,Lats corrected 20230127,15 - 20 Deg. F.,12-Jun,15 - 20 Deg. F. / 6 - 12,15 - 20 / semi-arid,AZ.2,#ee5c42,"semi-arid, warm",#D53E4F,B,NA,NA
ARFR-WY930-44-LASANIMAS-13,black,7,28,6,NA,1484,1,1,NA,N,NA,NA,NA,NA,NA,NA,NA,NA,NA,NA,1331,1c1e40e2-f78c-4cc1-a338-37d8f50dfae0,NA,1,NA,NA,8/20/2024 18:00,f6870d82-9f95-4432-80ac-2e948ae5ba67,8/20/2024 21:34,agoebl,8/20/2024 21:34,agoebl,4849,NA,6,ARFR4-SOS-WY930-44-LASANIMAS-13,#FDAE61,-104.6423889,37.16547222,15 - 20 Deg. F. / 3 - 6,,15 - 20 Deg. F.,6-Mar,15 - 20 Deg. F. / 3 - 6,15 - 20 / semi-humid,CO.1,#698b69,"semi-humid, warm",#FDAE61,D,NA,NA
ARFR-UT080-109-UINTAH-12,black,7,28,7,NA,1485,1,1,NA,N,NA,NA,NA,NA,NA,NA,NA,NA,NA,NA,1332,43996983-8340-4e1d-afb9-fe1196b1b43f,NA,1,NA,NA,8/20/2024 18:00,f6870d82-9f95-4432-80ac-2e948ae5ba67,8/20/2024 21:34,agoebl,8/20/2024 21:34,agoebl,4850,NA,7,ARFR4-SOS-UT080-109-UINTAH-12,#aabe7f,-109.1426444,39.70802222,10 - 15 Deg. F. / 3 - 6,,10 - 15 Deg. F.,6-Mar,10 - 15 Deg. F. / 3 - 6,10 - 15 / semi-humid,UT.1,#66e566,"semi-humid, cool",#aabe7f,G,NA,NA
ARFR-CO932-294-11,black,7,28,8,NA,1486,1,1,NA,N,NA,NA,NA,NA,NA,NA,NA,NA,NA,NA,1333,01a40721-989a-44b0-8f6d-e0aa13fb2c65,NA,1,NA,NA,8/20/2024 18:00,f6870d82-9f95-4432-80ac-2e948ae5ba67,8/20/2024 21:34,agoebl,8/20/2024 21:34,agoebl,4851,NA,8,ARFR4-SOS-CO932-294-11,#ABDDA4,-105.2030833,39.78458333,15 - 20 Deg. F. / 3 - 6,,15 - 20 Deg. F.,6-Mar,15 - 20 Deg. F. / 3 - 6,15 - 20 / semi-humid,CO.4,#698b69,"semi-humid, warm",#ABDDA4,H,NA,NA
ARFR-AZ930-423-NAVAJO-18,black,7,28,9,NA,1487,1,1,NA,N,NA,NA,NA,NA,NA,NA,NA,NA,NA,NA,1334,d2d9fa8f-8c0f-4cd7-bad1-bfb41ad35343,NA,1,NA,NA,8/20/2024 18:00,f6870d82-9f95-4432-80ac-2e948ae5ba67,8/20/2024 21:34,agoebl,8/20/2024 21:34,agoebl,4852,NA,9,ARFR4-SOS-AZ930-423-NAVAJO-18,#9E0142,-110.431,36.45877,15 - 20 Deg. F. / 6 - 12,SdZones downloaded 20230823,15 - 20 Deg. F.,12-Jun,15 - 20 Deg. F. / 6 - 12,15 - 20 / semi-arid,AZ.1,#ee5c42,"semi-arid, warm",#9E0142,A,NA,NA
ARFR-WY040-71-10,black,7,28,10,299,1488,1,1,NA,N,NA,NA,NA,NA,NA,NA,NA,NA,NA,NA,1335,9455da68-c80c-4a15-96ab-d51955dfc52a,NA,0,NA,NA,8/20/2024 18:00,f6870d82-9f95-4432-80ac-2e948ae5ba67,8/20/2024 21:34,agoebl,8/20/2024 21:34,agoebl,4853,NA,10,ARFR4-SOS-WY040-71-10,#66C2A5,-109.2433156,41.13271889,5 - 10 Deg. F. / 3 - 6,,5 - 10 Deg. F.,6-Mar,5 - 10 Deg. F. / 3 - 6,5 - 10 / semi-humid,WY.1,#a5c2f1,"semi-humid, cold",#66C2A5,I,NA,NA
ARFR-WY930-44-LASANIMAS-13,black,7,28,11,NA,1489,1,1,NA,N,NA,NA,NA,NA,NA,NA,NA,NA,NA,NA,1336,216d7bee-cb6f-47d3-8617-b885e316be96,NA,1,NA,NA,8/20/2024 18:00,f6870d82-9f95-4432-80ac-2e948ae5ba67,8/20/2024 21:34,agoebl,8/20/2024 21:34,agoebl,4854,NA,11,ARFR4-SOS-WY930-44-LASANIMAS-13,#FDAE61,-104.6423889,37.16547222,15 - 20 Deg. F. / 3 - 6,,15 - 20 Deg. F.,6-Mar,15 - 20 Deg. F. / 3 - 6,15 - 20 / semi-humid,CO.1,#698b69,"semi-humid, warm",#FDAE61,D,NA,NA
ARFR-NM930N-66-11,black,7,28,12,NA,1490,1,1,NA,Y,0.0082,0.722,8.804878049,NA,NA,NA,NA,NA,NA,NA,1337,ad491489-5807-43c7-a3f4-15b7442abf02,NA,1,NA,NA,8/20/2024 18:00,f6870d82-9f95-4432-80ac-2e948ae5ba67,8/20/2024 21:34,agoebl,8/20/2024 21:34,agoebl,4855,NA,12,ARFR4-SOS-NM930N-66-11,#F46D43,-107.2045028,36.76818611,10 - 15 Deg. F. / 3 - 6,,10 - 15 Deg. F.,6-Mar,10 - 15 Deg. F. / 3 - 6,10 - 15 / semi-humid,NM.1,#66e566,"semi-humid, cool",#F46D43,C,NA,NA
ARFR-CO932-314-JEFFERSON-12,black,7,28,13,NA,1491,1,1,NA,N,NA,NA,NA,NA,NA,NA,NA,NA,NA,NA,1338,31b1a37b-ae97-436d-9935-c12d2b7e0b95,NA,1,NA,NA,8/20/2024 18:00,f6870d82-9f95-4432-80ac-2e948ae5ba67,8/20/2024 21:34,agoebl,8/20/2024 21:34,agoebl,4856,NA,13,ARFR4-SOS-CO932-314-JEFFERSON-12,#FEE08B,-105.3553333,39.40902778,10 - 15 Deg. F. / 3 - 6,,10 - 15 Deg. F.,6-Mar,10 - 15 Deg. F. / 3 - 6,10 - 15 / semi-humid,CO.2,#66e566,"semi-humid, cool",#FEE08B,E,NA,NA
ARFR-WY040-71-10,black,7,28,14,NA,1492,1,1,NA,N,NA,NA,NA,NA,NA,NA,NA,NA,NA,NA,1339,a830319c-a11d-418d-8a8f-f26fb4c30147,NA,1,NA,NA,8/20/2024 18:00,f6870d82-9f95-4432-80ac-2e948ae5ba67,8/20/2024 21:34,agoebl,8/20/2024 21:34,agoebl,4857,NA,14,ARFR4-SOS-WY040-71-10,#66C2A5,-109.2433156,41.13271889,5 - 10 Deg. F. / 3 - 6,,5 - 10 Deg. F.,6-Mar,5 - 10 Deg. F. / 3 - 6,5 - 10 / semi-humid,WY.1,#a5c2f1,"semi-humid, cold",#66C2A5,I,NA,NA
ARFR-WY050-151-FREMONT-16,black,7,28,15,300,1493,0,1,NA,N,NA,NA,NA,NA,NA,NA,NA,NA,NA,NA,1340,97d8ac33-914b-43fa-bb27-689d1fb3b639,NA,0,NA,NA,8/20/2024 18:00,f6870d82-9f95-4432-80ac-2e948ae5ba67,8/20/2024 21:34,agoebl,8/20/2024 21:34,agoebl,4858,NA,15,ARFR4-SOS-WY050-151-FREMONT-16,#3288BD,-108.1704472,42.47886111,10 - 15 Deg. F. / 6 - 12,,10 - 15 Deg. F.,12-Jun,10 - 15 Deg. F. / 6 - 12,10 - 15 / semi-arid,WY.2,#cd8500,"semi-arid, cool",#3288BD,J,NA,NA
ARFR-NM930N-66-11,black,7,28,16,NA,1494,1,1,NA,N,NA,NA,NA,NA,NA,NA,NA,NA,NA,NA,1341,f09abf40-0657-4dc8-981d-f023c6584163,NA,1,NA,NA,8/20/2024 18:00,f6870d82-9f95-4432-80ac-2e948ae5ba67,8/20/2024 21:34,agoebl,8/20/2024 21:34,agoebl,4859,NA,16,ARFR4-SOS-NM930N-66-11,#F46D43,-107.2045028,36.76818611,10 - 15 Deg. F. / 3 - 6,,10 - 15 Deg. F.,6-Mar,10 - 15 Deg. F. / 3 - 6,10 - 15 / semi-humid,NM.1,#66e566,"semi-humid, cool",#F46D43,C,NA,NA
ARFR-NM930N-66-11,black,7,28,17,NA,1495,1,1,NA,N,NA,NA,NA,NA,NA,NA,NA,NA,NA,NA,1342,f7567a26-c881-4ea4-9161-159fd9086ff9,NA,1,NA,NA,8/20/2024 18:00,f6870d82-9f95-4432-80ac-2e948ae5ba67,8/20/2024 21:34,agoebl,8/20/2024 21:34,agoebl,4860,NA,17,ARFR4-SOS-NM930N-66-11,#F46D43,-107.2045028,36.76818611,10 - 15 Deg. F. / 3 - 6,,10 - 15 Deg. F.,6-Mar,10 - 15 Deg. F. / 3 - 6,10 - 15 / semi-humid,NM.1,#66e566,"semi-humid, cool",#F46D43,C,NA,NA
ARFR-WY050-49-FREMONT-12,black,7,28,18,NA,1496,0,1,NA,N,NA,NA,NA,NA,NA,NA,NA,NA,NA,NA,1343,e566b43d-abbb-478c-b147-63055188b584,NA,0,NA,NA,8/20/2024 18:00,f6870d82-9f95-4432-80ac-2e948ae5ba67,8/20/2024 21:34,agoebl,8/20/2024 21:34,agoebl,4861,NA,18,ARFR4-SOS-WY050-49-FREMONT-12,#5E4FA2,-109.34775,43.42663611,5 - 10 Deg. F. / 6 - 12,,5 - 10 Deg. F.,12-Jun,5 - 10 Deg. F. / 6 - 12,5 - 10 / semi-arid,WY.3,#ffb90f,"semi-arid, cold",#5E4FA2,K,NA,NA
ARFR-WY050-49-FREMONT-12,black,7,28,19,NA,1497,1,1,NA,N,NA,NA,NA,NA,NA,NA,NA,NA,NA,NA,1344,ac4bbefd-3aa4-4055-ac85-ac52e7dd5406,NA,1,NA,NA,8/20/2024 18:00,f6870d82-9f95-4432-80ac-2e948ae5ba67,8/20/2024 21:34,agoebl,8/20/2024 21:34,agoebl,4862,NA,19,ARFR4-SOS-WY050-49-FREMONT-12,#5E4FA2,-109.34775,43.42663611,5 - 10 Deg. F. / 6 - 12,,5 - 10 Deg. F.,12-Jun,5 - 10 Deg. F. / 6 - 12,5 - 10 / semi-arid,WY.3,#ffb90f,"semi-arid, cold",#5E4FA2,K,NA,NA
ARFR-CO932-294-11,black,7,28,20,301,1498,1,1,NA,N,NA,NA,NA,NA,NA,NA,NA,NA,NA,NA,1345,9786bbe5-dfb9-4743-8bde-84a82a94e4b9,NA,1,NA,NA,8/20/2024 18:00,f6870d82-9f95-4432-80ac-2e948ae5ba67,8/20/2024 21:34,agoebl,8/20/2024 21:34,agoebl,4863,NA,20,ARFR4-SOS-CO932-294-11,#ABDDA4,-105.2030833,39.78458333,15 - 20 Deg. F. / 3 - 6,,15 - 20 Deg. F.,6-Mar,15 - 20 Deg. F. / 3 - 6,15 - 20 / semi-humid,CO.4,#698b69,"semi-humid, warm",#ABDDA4,H,NA,NA
ARFR-CO932-314-JEFFERSON-12,black,7,28,21,NA,1499,1,1,NA,N,NA,NA,NA,NA,NA,NA,NA,NA,NA,NA,1346,2ec1247e-72cc-400a-9e80-3c2d6656befa,NA,1,NA,NA,8/20/2024 18:00,f6870d82-9f95-4432-80ac-2e948ae5ba67,8/20/2024 21:34,agoebl,8/20/2024 21:34,agoebl,4864,NA,21,ARFR4-SOS-CO932-314-JEFFERSON-12,#FEE08B,-105.3553333,39.40902778,10 - 15 Deg. F. / 3 - 6,,10 - 15 Deg. F.,6-Mar,10 - 15 Deg. F. / 3 - 6,10 - 15 / semi-humid,CO.2,#66e566,"semi-humid, cool",#FEE08B,E,NA,NA
ARFR-AZ930-422-NAVAJO-18,black,7,28,22,NA,1500,1,1,NA,N,NA,NA,NA,NA,NA,NA,NA,NA,NA,NA,1347,92d1ae23-c9a5-426b-9031-bcdf5f1e8dcd,NA,1,NA,Dry,8/20/2024 18:00,f6870d82-9f95-4432-80ac-2e948ae5ba67,8/20/2024 21:34,agoebl,8/20/2024 21:34,agoebl,4865,NA,22,ARFR4-SOS-AZ930-422-NAVAJO-18,#D53E4F,-110.431,36.56805,15 - 20 Deg. F. / 6 - 12,Lats corrected 20230127,15 - 20 Deg. F.,12-Jun,15 - 20 Deg. F. / 6 - 12,15 - 20 / semi-arid,AZ.2,#ee5c42,"semi-arid, warm",#D53E4F,B,NA,NA
ARFR-WY050-49-FREMONT-12,black,7,28,23,NA,1501,1,1,NA,N,NA,NA,NA,NA,NA,NA,NA,NA,NA,NA,1348,b12edc86-4568-4f49-9683-75df85704450,NA,1,NA,NA,8/20/2024 18:00,f6870d82-9f95-4432-80ac-2e948ae5ba67,8/20/2024 21:34,agoebl,8/20/2024 21:34,agoebl,4866,NA,23,ARFR4-SOS-WY050-49-FREMONT-12,#5E4FA2,-109.34775,43.42663611,5 - 10 Deg. F. / 6 - 12,,5 - 10 Deg. F.,12-Jun,5 - 10 Deg. F. / 6 - 12,5 - 10 / semi-arid,WY.3,#ffb90f,"semi-arid, cold",#5E4FA2,K,NA,NA
ARFR-CO932-294-11,black,7,28,24,NA,1502,1,1,NA,N,NA,NA,NA,NA,NA,NA,NA,NA,NA,NA,1349,32fd457f-3759-4573-a4ed-f8466950bb06,NA,1,NA,NA,8/20/2024 18:00,f6870d82-9f95-4432-80ac-2e948ae5ba67,8/20/2024 21:34,agoebl,8/20/2024 21:34,agoebl,4867,NA,24,ARFR4-SOS-CO932-294-11,#ABDDA4,-105.2030833,39.78458333,15 - 20 Deg. F. / 3 - 6,,15 - 20 Deg. F.,6-Mar,15 - 20 Deg. F. / 3 - 6,15 - 20 / semi-humid,CO.4,#698b69,"semi-humid, warm",#ABDDA4,H,NA,NA
ARFR-CO932-294-11,black,7,28,25,302,1503,1,1,NA,N,NA,NA,NA,NA,NA,NA,NA,NA,NA,NA,1350,b3461652-8fa6-4228-a7e7-bc2cf9275f78,NA,1,NA,NA,8/20/2024 18:00,f6870d82-9f95-4432-80ac-2e948ae5ba67,8/20/2024 21:34,agoebl,8/20/2024 21:34,agoebl,4868,NA,25,ARFR4-SOS-CO932-294-11,#ABDDA4,-105.2030833,39.78458333,15 - 20 Deg. F. / 3 - 6,,15 - 20 Deg. F.,6-Mar,15 - 20 Deg. F. / 3 - 6,15 - 20 / semi-humid,CO.4,#698b69,"semi-humid, warm",#ABDDA4,H,NA,NA
ARFR-CO932-316-JEFFERSON-12,black,7,28,26,NA,1504,0,1,NA,N,NA,NA,NA,NA,NA,NA,NA,NA,NA,NA,1351,ee457e92-8b2c-4a59-9b9c-70f602b3c6bf,NA,0,NA,NA,8/20/2024 18:00,f6870d82-9f95-4432-80ac-2e948ae5ba67,8/20/2024 21:34,agoebl,8/20/2024 21:34,agoebl,4869,NA,26,ARFR4-SOS-CO932-316-JEFFERSON-12,#FFFF85,-105.358,39.66325,15 - 20 Deg. F. / 3 - 6,,15 - 20 Deg. F.,6-Mar,15 - 20 Deg. F. / 3 - 6,15 - 20 / semi-humid,CO.3,#698b69,"semi-humid, warm",#FFFF85,F,NA,NA
ARFR-CO932-314-JEFFERSON-12,black,7,28,27,NA,1505,1,1,NA,N,NA,NA,NA,NA,NA,NA,NA,NA,NA,NA,1352,cd2865de-ed50-41c9-8ca1-bff8846e717f,NA,1,NA,NA,8/20/2024 18:00,f6870d82-9f95-4432-80ac-2e948ae5ba67,8/20/2024 21:34,agoebl,8/20/2024 21:34,agoebl,4870,NA,27,ARFR4-SOS-CO932-314-JEFFERSON-12,#FEE08B,-105.3553333,39.40902778,10 - 15 Deg. F. / 3 - 6,,10 - 15 Deg. F.,6-Mar,10 - 15 Deg. F. / 3 - 6,10 - 15 / semi-humid,CO.2,#66e566,"semi-humid, cool",#FEE08B,E,NA,NA
ARFR-AZ930-423-NAVAJO-18,black,7,28,28,NA,1506,0,1,NA,N,NA,NA,NA,NA,NA,NA,NA,NA,NA,NA,1353,c21a0a74-7dd5-4047-8d4f-f5cc0999b790,NA,1,NA,NA,8/20/2024 18:00,f6870d82-9f95-4432-80ac-2e948ae5ba67,8/20/2024 21:34,agoebl,8/20/2024 21:34,agoebl,4871,NA,28,ARFR4-SOS-AZ930-423-NAVAJO-18,#9E0142,-110.431,36.45877,15 - 20 Deg. F. / 6 - 12,SdZones downloaded 20230823,15 - 20 Deg. F.,12-Jun,15 - 20 Deg. F. / 6 - 12,15 - 20 / semi-arid,AZ.1,#ee5c42,"semi-arid, warm",#9E0142,A,NA,NA
ARFR-WY050-151-FREMONT-16,black,7,28,29,NA,1507,1,1,NA,N,NA,NA,NA,NA,NA,NA,NA,NA,NA,NA,1354,d86e0c13-fa18-4e8e-a0e9-fb5d2b6feed3,NA,1,NA,NA,8/20/2024 18:00,f6870d82-9f95-4432-80ac-2e948ae5ba67,8/20/2024 21:34,agoebl,8/20/2024 21:34,agoebl,4872,NA,29,ARFR4-SOS-WY050-151-FREMONT-16,#3288BD,-108.1704472,42.47886111,10 - 15 Deg. F. / 6 - 12,,10 - 15 Deg. F.,12-Jun,10 - 15 Deg. F. / 6 - 12,10 - 15 / semi-arid,WY.2,#cd8500,"semi-arid, cool",#3288BD,J,NA,NA
ARFR-AZ930-423-NAVAJO-18,black,7,28,30,303,1508,1,1,NA,N,NA,NA,NA,NA,NA,NA,NA,NA,NA,NA,1355,599d02ee-a1f3-4179-8b31-c3b563cf3611,NA,1,NA,Near dead,8/20/2024 18:00,f6870d82-9f95-4432-80ac-2e948ae5ba67,8/20/2024 21:34,agoebl,8/20/2024 21:34,agoebl,4873,NA,30,ARFR4-SOS-AZ930-423-NAVAJO-18,#9E0142,-110.431,36.45877,15 - 20 Deg. F. / 6 - 12,SdZones downloaded 20230823,15 - 20 Deg. F.,12-Jun,15 - 20 Deg. F. / 6 - 12,15 - 20 / semi-arid,AZ.1,#ee5c42,"semi-arid, warm",#9E0142,A,NA,NA
ARFR-CO932-314-JEFFERSON-12,black,7,28,31,NA,1509,1,1,NA,N,NA,NA,NA,NA,NA,NA,NA,NA,NA,NA,1356,d5e1b001-272d-4e3a-90e0-081e8972e92a,NA,1,NA,NA,8/20/2024 18:00,f6870d82-9f95-4432-80ac-2e948ae5ba67,8/20/2024 21:34,agoebl,8/20/2024 21:34,agoebl,4874,NA,31,ARFR4-SOS-CO932-314-JEFFERSON-12,#FEE08B,-105.3553333,39.40902778,10 - 15 Deg. F. / 3 - 6,,10 - 15 Deg. F.,6-Mar,10 - 15 Deg. F. / 3 - 6,10 - 15 / semi-humid,CO.2,#66e566,"semi-humid, cool",#FEE08B,E,NA,NA
ARFR-WY050-49-FREMONT-12,black,7,28,32,NA,1510,1,1,NA,N,NA,NA,NA,NA,NA,NA,NA,NA,NA,NA,1357,fde70af7-8bb9-425f-a6ca-230a81190fb5,NA,1,NA,NA,8/20/2024 18:00,f6870d82-9f95-4432-80ac-2e948ae5ba67,8/20/2024 21:34,agoebl,8/20/2024 21:34,agoebl,4875,NA,32,ARFR4-SOS-WY050-49-FREMONT-12,#5E4FA2,-109.34775,43.42663611,5 - 10 Deg. F. / 6 - 12,,5 - 10 Deg. F.,12-Jun,5 - 10 Deg. F. / 6 - 12,5 - 10 / semi-arid,WY.3,#ffb90f,"semi-arid, cold",#5E4FA2,K,NA,NA
ARFR-UT080-109-UINTAH-12,black,7,28,33,NA,1511,1,1,NA,N,NA,NA,NA,NA,NA,NA,NA,NA,NA,NA,1358,5da1228c-6f69-4614-8bef-ae63a0d5d87d,NA,0,NA,NA,8/20/2024 18:00,f6870d82-9f95-4432-80ac-2e948ae5ba67,8/20/2024 21:34,agoebl,8/20/2024 21:34,agoebl,4876,NA,33,ARFR4-SOS-UT080-109-UINTAH-12,#aabe7f,-109.1426444,39.70802222,10 - 15 Deg. F. / 3 - 6,,10 - 15 Deg. F.,6-Mar,10 - 15 Deg. F. / 3 - 6,10 - 15 / semi-humid,UT.1,#66e566,"semi-humid, cool",#aabe7f,G,NA,NA
ARFR-NM930N-66-11,black,7,28,34,NA,1512,1,1,NA,N,NA,NA,NA,NA,NA,NA,NA,NA,NA,NA,1359,9ff56dbc-ad41-49c6-b066-1269f8ef63ee,NA,1,NA,NA,8/20/2024 18:00,f6870d82-9f95-4432-80ac-2e948ae5ba67,8/20/2024 21:34,agoebl,8/20/2024 21:34,agoebl,4877,NA,34,ARFR4-SOS-NM930N-66-11,#F46D43,-107.2045028,36.76818611,10 - 15 Deg. F. / 3 - 6,,10 - 15 Deg. F.,6-Mar,10 - 15 Deg. F. / 3 - 6,10 - 15 / semi-humid,NM.1,#66e566,"semi-humid, cool",#F46D43,C,NA,NA
ARFR-CO932-316-JEFFERSON-12,black,7,28,35,304,1513,1,1,NA,N,NA,NA,NA,NA,NA,NA,NA,NA,NA,NA,1360,f3ef7a4d-1c81-4049-b56e-09376ce4ac12,NA,1,NA,Small,8/20/2024 18:00,f6870d82-9f95-4432-80ac-2e948ae5ba67,8/20/2024 21:34,agoebl,8/20/2024 21:34,agoebl,4878,NA,35,ARFR4-SOS-CO932-316-JEFFERSON-12,#FFFF85,-105.358,39.66325,15 - 20 Deg. F. / 3 - 6,,15 - 20 Deg. F.,6-Mar,15 - 20 Deg. F. / 3 - 6,15 - 20 / semi-humid,CO.3,#698b69,"semi-humid, warm",#FFFF85,F,NA,NA
ARFR-WY050-151-FREMONT-16,black,7,28,36,NA,1514,1,1,NA,N,NA,NA,NA,NA,NA,NA,NA,NA,NA,NA,1361,f3bf8a41-9b42-46e8-909a-a9a21166f6e2,NA,1,NA,NA,8/20/2024 18:00,f6870d82-9f95-4432-80ac-2e948ae5ba67,8/20/2024 21:34,agoebl,8/20/2024 21:34,agoebl,4879,NA,36,ARFR4-SOS-WY050-151-FREMONT-16,#3288BD,-108.1704472,42.47886111,10 - 15 Deg. F. / 6 - 12,,10 - 15 Deg. F.,12-Jun,10 - 15 Deg. F. / 6 - 12,10 - 15 / semi-arid,WY.2,#cd8500,"semi-arid, cool",#3288BD,J,NA,NA
ARFR-CO932-314-JEFFERSON-12,black,7,28,37,NA,1515,1,1,NA,Y,0.0089,1.057,11.87640449,NA,NA,NA,NA,NA,NA,NA,1362,052713a5-d4f2-40e1-a3b9-6eb2d53dbb04,NA,1,NA,NA,8/20/2024 18:00,f6870d82-9f95-4432-80ac-2e948ae5ba67,8/20/2024 21:34,agoebl,8/20/2024 21:34,agoebl,4880,NA,37,ARFR4-SOS-CO932-314-JEFFERSON-12,#FEE08B,-105.3553333,39.40902778,10 - 15 Deg. F. / 3 - 6,,10 - 15 Deg. F.,6-Mar,10 - 15 Deg. F. / 3 - 6,10 - 15 / semi-humid,CO.2,#66e566,"semi-humid, cool",#FEE08B,E,NA,NA
ARFR-CO932-314-JEFFERSON-12,black,7,28,38,NA,1516,1,1,NA,N,NA,NA,NA,NA,NA,NA,NA,NA,NA,NA,1363,9a7be0f0-1ddb-4ba1-aa8f-1674b4e6d997,NA,1,NA,NA,8/20/2024 18:00,f6870d82-9f95-4432-80ac-2e948ae5ba67,8/20/2024 21:34,agoebl,8/20/2024 21:34,agoebl,4881,NA,38,ARFR4-SOS-CO932-314-JEFFERSON-12,#FEE08B,-105.3553333,39.40902778,10 - 15 Deg. F. / 3 - 6,,10 - 15 Deg. F.,6-Mar,10 - 15 Deg. F. / 3 - 6,10 - 15 / semi-humid,CO.2,#66e566,"semi-humid, cool",#FEE08B,E,NA,NA
ARFR-NM930N-66-11,black,7,28,39,NA,1517,1,1,NA,N,NA,NA,NA,NA,NA,NA,NA,NA,NA,NA,1364,3e219019-e61d-4ae7-bf4e-d253e798da57,NA,1,NA,Dry,8/20/2024 18:00,f6870d82-9f95-4432-80ac-2e948ae5ba67,8/20/2024 21:34,agoebl,8/20/2024 21:34,agoebl,4882,NA,39,ARFR4-SOS-NM930N-66-11,#F46D43,-107.2045028,36.76818611,10 - 15 Deg. F. / 3 - 6,,10 - 15 Deg. F.,6-Mar,10 - 15 Deg. F. / 3 - 6,10 - 15 / semi-humid,NM.1,#66e566,"semi-humid, cool",#F46D43,C,NA,NA
ARFR-WY050-151-FREMONT-16,black,7,28,40,305,1518,1,1,NA,N,NA,NA,NA,NA,NA,NA,NA,NA,NA,NA,1365,46d2f2fe-4d71-4f1f-9cb6-90998499ff1d,NA,0,NA,Recruits near,8/20/2024 18:00,f6870d82-9f95-4432-80ac-2e948ae5ba67,8/20/2024 21:34,agoebl,8/20/2024 21:34,agoebl,4883,NA,40,ARFR4-SOS-WY050-151-FREMONT-16,#3288BD,-108.1704472,42.47886111,10 - 15 Deg. F. / 6 - 12,,10 - 15 Deg. F.,12-Jun,10 - 15 Deg. F. / 6 - 12,10 - 15 / semi-arid,WY.2,#cd8500,"semi-arid, cool",#3288BD,J,NA,NA
ARFR-WY050-49-FREMONT-12,black,7,28,41,NA,1519,0,NA,NA,N,NA,NA,NA,NA,NA,NA,NA,NA,NA,NA,1366,f2dad42c-1f95-4b56-aff3-f2a256559611,NA,0,NA,NA,8/20/2024 18:00,f6870d82-9f95-4432-80ac-2e948ae5ba67,8/20/2024 21:34,agoebl,8/20/2024 21:34,agoebl,4884,NA,41,ARFR4-SOS-WY050-49-FREMONT-12,#5E4FA2,-109.34775,43.42663611,5 - 10 Deg. F. / 6 - 12,,5 - 10 Deg. F.,12-Jun,5 - 10 Deg. F. / 6 - 12,5 - 10 / semi-arid,WY.3,#ffb90f,"semi-arid, cold",#5E4FA2,K,NA,NA
ARFR-CO932-294-11,black,7,28,42,NA,1520,1,1,NA,N,NA,NA,NA,NA,NA,NA,NA,NA,NA,NA,NA,NA,NA,NA,NA,NA,NA,NA,NA,NA,NA,NA,NA,NA,NA,ARFR4-SOS-CO932-294-11,#ABDDA4,-105.2030833,39.78458333,15 - 20 Deg. F. / 3 - 6,,15 - 20 Deg. F.,6-Mar,15 - 20 Deg. F. / 3 - 6,15 - 20 / semi-humid,CO.4,#698b69,"semi-humid, warm",#ABDDA4,H,NA,NA
ARFR-CO932-314-JEFFERSON-12,black,7,28,43,NA,1521,1,1,NA,N,NA,NA,NA,NA,NA,NA,NA,NA,NA,NA,1368,223d7176-95f2-4b3c-af34-c22c0762c911,NA,1,NA,NA,8/20/2024 18:00,f6870d82-9f95-4432-80ac-2e948ae5ba67,8/20/2024 21:34,agoebl,8/20/2024 21:34,agoebl,4886,NA,43,ARFR4-SOS-CO932-314-JEFFERSON-12,#FEE08B,-105.3553333,39.40902778,10 - 15 Deg. F. / 3 - 6,,10 - 15 Deg. F.,6-Mar,10 - 15 Deg. F. / 3 - 6,10 - 15 / semi-humid,CO.2,#66e566,"semi-humid, cool",#FEE08B,E,NA,NA
ARFR-WY050-49-FREMONT-12,black,7,28,44,NA,1522,1,1,NA,N,NA,NA,NA,NA,NA,NA,NA,NA,NA,NA,1369,250e2c01-3938-4e2d-b4fa-5f88f12763f9,NA,1,NA,NA,8/20/2024 18:00,f6870d82-9f95-4432-80ac-2e948ae5ba67,8/20/2024 21:34,agoebl,8/20/2024 21:34,agoebl,4887,NA,44,ARFR4-SOS-WY050-49-FREMONT-12,#5E4FA2,-109.34775,43.42663611,5 - 10 Deg. F. / 6 - 12,,5 - 10 Deg. F.,12-Jun,5 - 10 Deg. F. / 6 - 12,5 - 10 / semi-arid,WY.3,#ffb90f,"semi-arid, cold",#5E4FA2,K,NA,NA
ARFR-AZ930-423-NAVAJO-18,black,7,28,45,306,1523,0,NA,NA,N,NA,NA,NA,NA,NA,NA,NA,NA,NA,NA,1370,20dad6f3-0d79-4802-bc6a-37471e562fd3,NA,0,NA,NA,8/20/2024 18:00,f6870d82-9f95-4432-80ac-2e948ae5ba67,8/20/2024 21:34,agoebl,8/20/2024 21:34,agoebl,4888,NA,45,ARFR4-SOS-AZ930-423-NAVAJO-18,#9E0142,-110.431,36.45877,15 - 20 Deg. F. / 6 - 12,SdZones downloaded 20230823,15 - 20 Deg. F.,12-Jun,15 - 20 Deg. F. / 6 - 12,15 - 20 / semi-arid,AZ.1,#ee5c42,"semi-arid, warm",#9E0142,A,NA,NA
ARFR-WY050-151-FREMONT-16,black,7,28,46,NA,1524,1,1,NA,N,NA,NA,NA,NA,NA,NA,NA,NA,NA,NA,1371,e8cb02ae-6dc2-422d-965b-8aabf1827394,NA,1,NA,NA,8/20/2024 18:00,f6870d82-9f95-4432-80ac-2e948ae5ba67,8/20/2024 21:34,agoebl,8/20/2024 21:34,agoebl,4889,NA,46,ARFR4-SOS-WY050-151-FREMONT-16,#3288BD,-108.1704472,42.47886111,10 - 15 Deg. F. / 6 - 12,,10 - 15 Deg. F.,12-Jun,10 - 15 Deg. F. / 6 - 12,10 - 15 / semi-arid,WY.2,#cd8500,"semi-arid, cool",#3288BD,J,NA,NA
ARFR-NM930N-66-11,black,7,28,47,NA,1525,1,1,NA,N,NA,NA,NA,NA,NA,NA,NA,NA,NA,NA,1372,2b40b2be-5ca3-434e-a00d-c56d32b9372d,NA,1,NA,NA,8/20/2024 18:00,f6870d82-9f95-4432-80ac-2e948ae5ba67,8/20/2024 21:34,agoebl,8/20/2024 21:34,agoebl,4890,NA,47,ARFR4-SOS-NM930N-66-11,#F46D43,-107.2045028,36.76818611,10 - 15 Deg. F. / 3 - 6,,10 - 15 Deg. F.,6-Mar,10 - 15 Deg. F. / 3 - 6,10 - 15 / semi-humid,NM.1,#66e566,"semi-humid, cool",#F46D43,C,NA,NA
ARFR-CO932-314-JEFFERSON-12,black,7,28,48,NA,1526,1,1,NA,N,NA,NA,NA,NA,NA,NA,NA,NA,NA,NA,1373,ccc493e8-5b9c-419f-a44a-bd861e0b387a,NA,1,NA,Dry,8/20/2024 18:00,f6870d82-9f95-4432-80ac-2e948ae5ba67,8/20/2024 21:34,agoebl,8/20/2024 21:34,agoebl,4891,NA,48,ARFR4-SOS-CO932-314-JEFFERSON-12,#FEE08B,-105.3553333,39.40902778,10 - 15 Deg. F. / 3 - 6,,10 - 15 Deg. F.,6-Mar,10 - 15 Deg. F. / 3 - 6,10 - 15 / semi-humid,CO.2,#66e566,"semi-humid, cool",#FEE08B,E,NA,NA
ARFR-NM930N-66-11,black,7,28,49,NA,1527,1,1,NA,N,NA,NA,NA,NA,NA,NA,NA,NA,NA,NA,1374,0665106b-f434-4add-881f-8c4c690c9cf0,NA,1,NA,NA,8/20/2024 18:00,f6870d82-9f95-4432-80ac-2e948ae5ba67,8/20/2024 21:34,agoebl,8/20/2024 21:34,agoebl,4892,NA,49,ARFR4-SOS-NM930N-66-11,#F46D43,-107.2045028,36.76818611,10 - 15 Deg. F. / 3 - 6,,10 - 15 Deg. F.,6-Mar,10 - 15 Deg. F. / 3 - 6,10 - 15 / semi-humid,NM.1,#66e566,"semi-humid, cool",#F46D43,C,NA,NA
ARFR-WY930-44-LASANIMAS-13,black,7,28,50,307,1528,1,1,NA,N,NA,NA,NA,NA,NA,NA,NA,NA,NA,NA,1375,ce1051a2-07e5-48c0-a137-996c6403f3db,NA,1,NA,"Dry, small",8/20/2024 18:00,f6870d82-9f95-4432-80ac-2e948ae5ba67,8/20/2024 21:34,agoebl,8/20/2024 21:34,agoebl,4893,NA,50,ARFR4-SOS-WY930-44-LASANIMAS-13,#FDAE61,-104.6423889,37.16547222,15 - 20 Deg. F. / 3 - 6,,15 - 20 Deg. F.,6-Mar,15 - 20 Deg. F. / 3 - 6,15 - 20 / semi-humid,CO.1,#698b69,"semi-humid, warm",#FDAE61,D,NA,NA
ARFR-AZ930-422-NAVAJO-18,black,7,28,51,NA,1529,1,NA,NA,N,NA,NA,NA,NA,NA,NA,NA,NA,NA,NA,1376,7b8e21df-9e4d-4ca8-bcf0-fb2c5c2f9533,NA,1,NA,NA,8/20/2024 18:00,f6870d82-9f95-4432-80ac-2e948ae5ba67,8/20/2024 21:34,agoebl,8/20/2024 21:34,agoebl,4894,NA,51,ARFR4-SOS-AZ930-422-NAVAJO-18,#D53E4F,-110.431,36.56805,15 - 20 Deg. F. / 6 - 12,Lats corrected 20230127,15 - 20 Deg. F.,12-Jun,15 - 20 Deg. F. / 6 - 12,15 - 20 / semi-arid,AZ.2,#ee5c42,"semi-arid, warm",#D53E4F,B,NA,Y
ARFR-AZ930-422-NAVAJO-18,black,7,28,52,NA,1530,1,1,NA,N,NA,NA,NA,NA,NA,NA,NA,NA,NA,NA,1377,a7bee5e3-bca3-407c-ba44-4dbe6c6987d8,NA,1,NA,NA,8/20/2024 18:00,f6870d82-9f95-4432-80ac-2e948ae5ba67,8/20/2024 21:34,agoebl,8/20/2024 21:34,agoebl,4895,NA,52,ARFR4-SOS-AZ930-422-NAVAJO-18,#D53E4F,-110.431,36.56805,15 - 20 Deg. F. / 6 - 12,Lats corrected 20230127,15 - 20 Deg. F.,12-Jun,15 - 20 Deg. F. / 6 - 12,15 - 20 / semi-arid,AZ.2,#ee5c42,"semi-arid, warm",#D53E4F,B,NA,NA
ARFR-CO932-294-11,black,7,28,53,NA,1531,1,1,NA,N,NA,NA,NA,NA,NA,NA,NA,NA,NA,NA,1378,01ff37c0-84fb-42da-ac78-a805ec24400c,NA,1,NA,NA,8/20/2024 18:00,f6870d82-9f95-4432-80ac-2e948ae5ba67,8/20/2024 21:34,agoebl,8/20/2024 21:34,agoebl,4896,NA,53,ARFR4-SOS-CO932-294-11,#ABDDA4,-105.2030833,39.78458333,15 - 20 Deg. F. / 3 - 6,,15 - 20 Deg. F.,6-Mar,15 - 20 Deg. F. / 3 - 6,15 - 20 / semi-humid,CO.4,#698b69,"semi-humid, warm",#ABDDA4,H,NA,NA
ARFR-CO932-294-11,white,8,29,1,309,1532,1,1,NA,N,NA,NA,NA,NA,NA,NA,NA,NA,NA,NA,NA,NA,NA,NA,NA,NA,NA,NA,NA,NA,NA,NA,NA,NA,NA,ARFR4-SOS-CO932-294-11,#ABDDA4,-105.2030833,39.78458333,15 - 20 Deg. F. / 3 - 6,,15 - 20 Deg. F.,6-Mar,15 - 20 Deg. F. / 3 - 6,15 - 20 / semi-humid,CO.4,#698b69,"semi-humid, warm",#ABDDA4,H,NA,NA
ARFR-WY930-44-LASANIMAS-13,white,8,29,2,NA,1533,1,1,NA,N,NA,NA,NA,NA,NA,NA,NA,NA,NA,NA,NA,NA,NA,NA,NA,NA,NA,NA,NA,NA,NA,NA,NA,NA,NA,ARFR4-SOS-WY930-44-LASANIMAS-13,#FDAE61,-104.6423889,37.16547222,15 - 20 Deg. F. / 3 - 6,,15 - 20 Deg. F.,6-Mar,15 - 20 Deg. F. / 3 - 6,15 - 20 / semi-humid,CO.1,#698b69,"semi-humid, warm",#FDAE61,D,NA,NA
ARFR-CO932-314-JEFFERSON-12,white,8,29,3,NA,1534,1,1,NA,N,NA,NA,NA,NA,NA,NA,NA,NA,NA,NA,NA,NA,NA,NA,NA,NA,NA,NA,NA,NA,NA,NA,NA,NA,NA,ARFR4-SOS-CO932-314-JEFFERSON-12,#FEE08B,-105.3553333,39.40902778,10 - 15 Deg. F. / 3 - 6,,10 - 15 Deg. F.,6-Mar,10 - 15 Deg. F. / 3 - 6,10 - 15 / semi-humid,CO.2,#66e566,"semi-humid, cool",#FEE08B,E,NA,NA
ARFR-WY050-151-FREMONT-16,white,8,29,4,NA,1535,1,1,NA,N,NA,NA,NA,NA,NA,NA,NA,NA,NA,NA,NA,NA,NA,NA,NA,NA,NA,NA,NA,NA,NA,NA,NA,NA,NA,ARFR4-SOS-WY050-151-FREMONT-16,#3288BD,-108.1704472,42.47886111,10 - 15 Deg. F. / 6 - 12,,10 - 15 Deg. F.,12-Jun,10 - 15 Deg. F. / 6 - 12,10 - 15 / semi-arid,WY.2,#cd8500,"semi-arid, cool",#3288BD,J,NA,NA
ARFR-UT080-109-UINTAH-12,white,8,29,5,310,1536,1,1,NA,N,NA,NA,NA,NA,NA,NA,NA,NA,NA,NA,NA,NA,NA,NA,NA,NA,NA,NA,NA,NA,NA,NA,NA,NA,NA,ARFR4-SOS-UT080-109-UINTAH-12,#aabe7f,-109.1426444,39.70802222,10 - 15 Deg. F. / 3 - 6,,10 - 15 Deg. F.,6-Mar,10 - 15 Deg. F. / 3 - 6,10 - 15 / semi-humid,UT.1,#66e566,"semi-humid, cool",#aabe7f,G,NA,NA
ARFR-CO932-314-JEFFERSON-12,white,8,29,6,NA,1537,1,1,NA,Y,0.0092,1.021,11.09782609,NA,NA,NA,NA,NA,NA,NA,NA,NA,NA,NA,NA,NA,NA,NA,NA,NA,NA,NA,NA,NA,NA,ARFR4-SOS-CO932-314-JEFFERSON-12,#FEE08B,-105.3553333,39.40902778,10 - 15 Deg. F. / 3 - 6,,10 - 15 Deg. F.,6-Mar,10 - 15 Deg. F. / 3 - 6,10 - 15 / semi-humid,CO.2,#66e566,"semi-humid, cool",#FEE08B,E,NA,NA
ARFR-NM930N-66-11,white,8,29,7,NA,1538,1,1,NA,N,NA,NA,NA,NA,NA,NA,NA,NA,NA,NA,NA,NA,NA,NA,NA,NA,NA,NA,NA,NA,NA,NA,NA,NA,NA,ARFR4-SOS-NM930N-66-11,#F46D43,-107.2045028,36.76818611,10 - 15 Deg. F. / 3 - 6,,10 - 15 Deg. F.,6-Mar,10 - 15 Deg. F. / 3 - 6,10 - 15 / semi-humid,NM.1,#66e566,"semi-humid, cool",#F46D43,C,NA,NA
ARFR-WY050-49-FREMONT-12,white,8,29,8,NA,1539,1,1,NA,N,NA,NA,NA,NA,NA,NA,NA,NA,NA,NA,NA,NA,NA,NA,NA,NA,NA,NA,NA,NA,NA,NA,NA,NA,NA,ARFR4-SOS-WY050-49-FREMONT-12,#5E4FA2,-109.34775,43.42663611,5 - 10 Deg. F. / 6 - 12,,5 - 10 Deg. F.,12-Jun,5 - 10 Deg. F. / 6 - 12,5 - 10 / semi-arid,WY.3,#ffb90f,"semi-arid, cold",#5E4FA2,K,NA,NA
ARFR-CO932-294-11,white,8,29,9,NA,1540,0,0,NA,N,NA,NA,NA,NA,NA,NA,NA,NA,NA,NA,NA,NA,NA,NA,NA,NA,NA,NA,NA,NA,NA,NA,NA,NA,NA,ARFR4-SOS-CO932-294-11,#ABDDA4,-105.2030833,39.78458333,15 - 20 Deg. F. / 3 - 6,,15 - 20 Deg. F.,6-Mar,15 - 20 Deg. F. / 3 - 6,15 - 20 / semi-humid,CO.4,#698b69,"semi-humid, warm",#ABDDA4,H,NA,NA
ARFR-WY930-44-LASANIMAS-13,white,8,29,10,311,1541,1,1,NA,N,NA,NA,NA,NA,NA,NA,NA,NA,NA,NA,NA,NA,NA,NA,NA,NA,NA,NA,NA,NA,NA,NA,NA,NA,NA,ARFR4-SOS-WY930-44-LASANIMAS-13,#FDAE61,-104.6423889,37.16547222,15 - 20 Deg. F. / 3 - 6,,15 - 20 Deg. F.,6-Mar,15 - 20 Deg. F. / 3 - 6,15 - 20 / semi-humid,CO.1,#698b69,"semi-humid, warm",#FDAE61,D,NA,NA
ARFR-AZ930-423-NAVAJO-18,white,8,29,11,NA,1542,1,1,NA,N,NA,NA,NA,NA,NA,NA,NA,NA,NA,NA,NA,NA,NA,NA,NA,NA,NA,NA,NA,NA,NA,NA,NA,NA,NA,ARFR4-SOS-AZ930-423-NAVAJO-18,#9E0142,-110.431,36.45877,15 - 20 Deg. F. / 6 - 12,SdZones downloaded 20230823,15 - 20 Deg. F.,12-Jun,15 - 20 Deg. F. / 6 - 12,15 - 20 / semi-arid,AZ.1,#ee5c42,"semi-arid, warm",#9E0142,A,NA,NA
ARFR-WY050-151-FREMONT-16,white,8,29,12,NA,1543,1,1,NA,N,NA,NA,NA,NA,NA,NA,NA,NA,NA,NA,NA,NA,NA,NA,NA,NA,NA,NA,NA,NA,NA,NA,NA,NA,NA,ARFR4-SOS-WY050-151-FREMONT-16,#3288BD,-108.1704472,42.47886111,10 - 15 Deg. F. / 6 - 12,,10 - 15 Deg. F.,12-Jun,10 - 15 Deg. F. / 6 - 12,10 - 15 / semi-arid,WY.2,#cd8500,"semi-arid, cool",#3288BD,J,NA,NA
ARFR-WY050-151-FREMONT-16,white,8,29,13,NA,1544,1,1,NA,N,NA,NA,NA,NA,NA,NA,NA,NA,NA,NA,NA,NA,NA,NA,NA,NA,NA,NA,NA,NA,NA,NA,NA,NA,NA,ARFR4-SOS-WY050-151-FREMONT-16,#3288BD,-108.1704472,42.47886111,10 - 15 Deg. F. / 6 - 12,,10 - 15 Deg. F.,12-Jun,10 - 15 Deg. F. / 6 - 12,10 - 15 / semi-arid,WY.2,#cd8500,"semi-arid, cool",#3288BD,J,NA,NA
ARFR-CO932-314-JEFFERSON-12,white,8,29,14,NA,1545,1,1,NA,N,NA,NA,NA,NA,NA,NA,NA,NA,NA,NA,NA,NA,NA,NA,NA,NA,NA,NA,NA,NA,NA,NA,NA,NA,NA,ARFR4-SOS-CO932-314-JEFFERSON-12,#FEE08B,-105.3553333,39.40902778,10 - 15 Deg. F. / 3 - 6,,10 - 15 Deg. F.,6-Mar,10 - 15 Deg. F. / 3 - 6,10 - 15 / semi-humid,CO.2,#66e566,"semi-humid, cool",#FEE08B,E,NA,NA
ARFR-CO932-294-11,white,8,29,15,312,1546,1,1,NA,N,NA,NA,NA,NA,NA,NA,NA,NA,NA,NA,NA,NA,NA,NA,NA,NA,NA,NA,NA,NA,NA,NA,NA,NA,NA,ARFR4-SOS-CO932-294-11,#ABDDA4,-105.2030833,39.78458333,15 - 20 Deg. F. / 3 - 6,,15 - 20 Deg. F.,6-Mar,15 - 20 Deg. F. / 3 - 6,15 - 20 / semi-humid,CO.4,#698b69,"semi-humid, warm",#ABDDA4,H,NA,NA
ARFR-UT080-109-UINTAH-12,white,8,29,16,NA,1547,1,NA,89.652,N,NA,NA,NA,NA,89.652,32.47,11.51,8.31,NA,Y,NA,NA,NA,NA,NA,NA,NA,NA,NA,NA,NA,NA,NA,NA,NA,ARFR4-SOS-UT080-109-UINTAH-12,#aabe7f,-109.1426444,39.70802222,10 - 15 Deg. F. / 3 - 6,,10 - 15 Deg. F.,6-Mar,10 - 15 Deg. F. / 3 - 6,10 - 15 / semi-humid,UT.1,#66e566,"semi-humid, cool",#aabe7f,G,NA,Y
ARFR-CO932-316-JEFFERSON-12,white,8,29,17,NA,1548,1,1,NA,N,NA,NA,NA,NA,NA,NA,NA,NA,NA,NA,NA,NA,NA,NA,NA,NA,NA,NA,NA,NA,NA,NA,NA,NA,NA,ARFR4-SOS-CO932-316-JEFFERSON-12,#FFFF85,-105.358,39.66325,15 - 20 Deg. F. / 3 - 6,,15 - 20 Deg. F.,6-Mar,15 - 20 Deg. F. / 3 - 6,15 - 20 / semi-humid,CO.3,#698b69,"semi-humid, warm",#FFFF85,F,NA,NA
ARFR-CO932-316-JEFFERSON-12,white,8,29,18,NA,1549,1,1,NA,N,NA,NA,NA,NA,NA,NA,NA,NA,NA,NA,NA,NA,NA,NA,NA,NA,NA,NA,NA,NA,NA,NA,NA,NA,NA,ARFR4-SOS-CO932-316-JEFFERSON-12,#FFFF85,-105.358,39.66325,15 - 20 Deg. F. / 3 - 6,,15 - 20 Deg. F.,6-Mar,15 - 20 Deg. F. / 3 - 6,15 - 20 / semi-humid,CO.3,#698b69,"semi-humid, warm",#FFFF85,F,NA,NA
ARFR-NM930N-66-11,white,8,29,19,NA,1550,1,1,NA,N,NA,NA,NA,NA,NA,NA,NA,NA,NA,NA,NA,NA,NA,NA,NA,NA,NA,NA,NA,NA,NA,NA,NA,NA,NA,ARFR4-SOS-NM930N-66-11,#F46D43,-107.2045028,36.76818611,10 - 15 Deg. F. / 3 - 6,,10 - 15 Deg. F.,6-Mar,10 - 15 Deg. F. / 3 - 6,10 - 15 / semi-humid,NM.1,#66e566,"semi-humid, cool",#F46D43,C,NA,NA
ARFR-CO932-294-11,white,8,29,20,313,1551,1,1,NA,N,NA,NA,NA,NA,NA,NA,NA,NA,NA,NA,NA,NA,NA,NA,NA,NA,NA,NA,NA,NA,NA,NA,NA,NA,NA,ARFR4-SOS-CO932-294-11,#ABDDA4,-105.2030833,39.78458333,15 - 20 Deg. F. / 3 - 6,,15 - 20 Deg. F.,6-Mar,15 - 20 Deg. F. / 3 - 6,15 - 20 / semi-humid,CO.4,#698b69,"semi-humid, warm",#ABDDA4,H,NA,NA
ARFR-AZ930-422-NAVAJO-18,white,8,29,21,NA,1552,1,1,NA,N,NA,NA,NA,NA,NA,NA,NA,NA,NA,NA,NA,NA,NA,NA,NA,NA,NA,NA,NA,NA,NA,NA,NA,NA,NA,ARFR4-SOS-AZ930-422-NAVAJO-18,#D53E4F,-110.431,36.56805,15 - 20 Deg. F. / 6 - 12,Lats corrected 20230127,15 - 20 Deg. F.,12-Jun,15 - 20 Deg. F. / 6 - 12,15 - 20 / semi-arid,AZ.2,#ee5c42,"semi-arid, warm",#D53E4F,B,NA,NA
ARFR-WY040-71-10,white,8,29,22,NA,1553,1,1,NA,N,NA,NA,NA,NA,NA,NA,NA,NA,NA,NA,NA,NA,NA,NA,NA,NA,NA,NA,NA,NA,NA,NA,NA,NA,NA,ARFR4-SOS-WY040-71-10,#66C2A5,-109.2433156,41.13271889,5 - 10 Deg. F. / 3 - 6,,5 - 10 Deg. F.,6-Mar,5 - 10 Deg. F. / 3 - 6,5 - 10 / semi-humid,WY.1,#a5c2f1,"semi-humid, cold",#66C2A5,I,NA,NA
ARFR-AZ930-422-NAVAJO-18,white,8,29,23,NA,1554,1,1,NA,N,NA,NA,NA,NA,NA,NA,NA,NA,NA,NA,NA,NA,NA,NA,NA,NA,NA,NA,NA,NA,NA,NA,NA,NA,NA,ARFR4-SOS-AZ930-422-NAVAJO-18,#D53E4F,-110.431,36.56805,15 - 20 Deg. F. / 6 - 12,Lats corrected 20230127,15 - 20 Deg. F.,12-Jun,15 - 20 Deg. F. / 6 - 12,15 - 20 / semi-arid,AZ.2,#ee5c42,"semi-arid, warm",#D53E4F,B,NA,NA
ARFR-CO932-294-11,white,8,29,24,NA,1555,1,1,NA,N,NA,NA,NA,NA,NA,NA,NA,NA,NA,NA,NA,NA,NA,NA,NA,NA,NA,NA,NA,NA,NA,NA,NA,NA,NA,ARFR4-SOS-CO932-294-11,#ABDDA4,-105.2030833,39.78458333,15 - 20 Deg. F. / 3 - 6,,15 - 20 Deg. F.,6-Mar,15 - 20 Deg. F. / 3 - 6,15 - 20 / semi-humid,CO.4,#698b69,"semi-humid, warm",#ABDDA4,H,NA,NA
ARFR-AZ930-423-NAVAJO-18,white,8,29,25,314,1556,1,1,NA,N,NA,NA,NA,NA,NA,NA,NA,NA,NA,NA,NA,NA,NA,NA,NA,NA,NA,NA,NA,NA,NA,NA,NA,NA,NA,ARFR4-SOS-AZ930-423-NAVAJO-18,#9E0142,-110.431,36.45877,15 - 20 Deg. F. / 6 - 12,SdZones downloaded 20230823,15 - 20 Deg. F.,12-Jun,15 - 20 Deg. F. / 6 - 12,15 - 20 / semi-arid,AZ.1,#ee5c42,"semi-arid, warm",#9E0142,A,NA,NA
ARFR-WY930-44-LASANIMAS-13,white,8,29,26,NA,1557,1,1,NA,N,NA,NA,NA,NA,NA,NA,NA,NA,NA,NA,NA,NA,NA,NA,NA,NA,NA,NA,NA,NA,NA,NA,NA,NA,NA,ARFR4-SOS-WY930-44-LASANIMAS-13,#FDAE61,-104.6423889,37.16547222,15 - 20 Deg. F. / 3 - 6,,15 - 20 Deg. F.,6-Mar,15 - 20 Deg. F. / 3 - 6,15 - 20 / semi-humid,CO.1,#698b69,"semi-humid, warm",#FDAE61,D,NA,NA
ARFR-WY050-151-FREMONT-16,white,8,29,27,NA,1558,1,1,NA,N,NA,NA,NA,NA,NA,NA,NA,NA,NA,NA,NA,NA,NA,NA,NA,NA,NA,NA,NA,NA,NA,NA,NA,NA,NA,ARFR4-SOS-WY050-151-FREMONT-16,#3288BD,-108.1704472,42.47886111,10 - 15 Deg. F. / 6 - 12,,10 - 15 Deg. F.,12-Jun,10 - 15 Deg. F. / 6 - 12,10 - 15 / semi-arid,WY.2,#cd8500,"semi-arid, cool",#3288BD,J,NA,NA
ARFR-CO932-316-JEFFERSON-12,white,8,29,28,NA,1559,1,1,NA,N,NA,NA,NA,NA,NA,NA,NA,NA,NA,NA,NA,NA,NA,NA,NA,NA,NA,NA,NA,NA,NA,NA,NA,NA,NA,ARFR4-SOS-CO932-316-JEFFERSON-12,#FFFF85,-105.358,39.66325,15 - 20 Deg. F. / 3 - 6,,15 - 20 Deg. F.,6-Mar,15 - 20 Deg. F. / 3 - 6,15 - 20 / semi-humid,CO.3,#698b69,"semi-humid, warm",#FFFF85,F,NA,NA
ARFR-WY050-49-FREMONT-12,white,8,29,29,NA,1560,1,1,NA,N,NA,NA,NA,NA,NA,NA,NA,NA,NA,NA,NA,NA,NA,NA,NA,NA,NA,NA,NA,NA,NA,NA,NA,NA,NA,ARFR4-SOS-WY050-49-FREMONT-12,#5E4FA2,-109.34775,43.42663611,5 - 10 Deg. F. / 6 - 12,,5 - 10 Deg. F.,12-Jun,5 - 10 Deg. F. / 6 - 12,5 - 10 / semi-arid,WY.3,#ffb90f,"semi-arid, cold",#5E4FA2,K,NA,NA
ARFR-WY050-151-FREMONT-16,white,8,29,30,315,1561,1,1,NA,N,NA,NA,NA,NA,NA,NA,NA,NA,NA,NA,NA,NA,NA,NA,NA,NA,NA,NA,NA,NA,NA,NA,NA,NA,NA,ARFR4-SOS-WY050-151-FREMONT-16,#3288BD,-108.1704472,42.47886111,10 - 15 Deg. F. / 6 - 12,,10 - 15 Deg. F.,12-Jun,10 - 15 Deg. F. / 6 - 12,10 - 15 / semi-arid,WY.2,#cd8500,"semi-arid, cool",#3288BD,J,NA,NA
ARFR-CO932-314-JEFFERSON-12,white,8,29,31,NA,1562,1,1,NA,N,NA,NA,NA,NA,NA,NA,NA,NA,NA,NA,NA,NA,NA,NA,NA,NA,NA,NA,NA,NA,NA,NA,NA,NA,NA,ARFR4-SOS-CO932-314-JEFFERSON-12,#FEE08B,-105.3553333,39.40902778,10 - 15 Deg. F. / 3 - 6,,10 - 15 Deg. F.,6-Mar,10 - 15 Deg. F. / 3 - 6,10 - 15 / semi-humid,CO.2,#66e566,"semi-humid, cool",#FEE08B,E,NA,NA
ARFR-AZ930-423-NAVAJO-18,white,8,29,32,NA,1563,1,1,NA,N,NA,NA,NA,NA,NA,NA,NA,NA,NA,NA,NA,NA,NA,NA,NA,NA,NA,NA,NA,NA,NA,NA,NA,NA,NA,ARFR4-SOS-AZ930-423-NAVAJO-18,#9E0142,-110.431,36.45877,15 - 20 Deg. F. / 6 - 12,SdZones downloaded 20230823,15 - 20 Deg. F.,12-Jun,15 - 20 Deg. F. / 6 - 12,15 - 20 / semi-arid,AZ.1,#ee5c42,"semi-arid, warm",#9E0142,A,NA,NA
ARFR-AZ930-422-NAVAJO-18,white,8,29,33,NA,1564,1,NA,NA,N,NA,NA,NA,NA,NA,NA,NA,NA,NA,NA,NA,NA,NA,NA,NA,NA,NA,NA,NA,NA,NA,NA,NA,NA,NA,ARFR4-SOS-AZ930-422-NAVAJO-18,#D53E4F,-110.431,36.56805,15 - 20 Deg. F. / 6 - 12,Lats corrected 20230127,15 - 20 Deg. F.,12-Jun,15 - 20 Deg. F. / 6 - 12,15 - 20 / semi-arid,AZ.2,#ee5c42,"semi-arid, warm",#D53E4F,B,NA,Y
ARFR-CO932-294-11,white,8,29,34,NA,1565,1,1,NA,N,NA,NA,NA,NA,NA,NA,NA,NA,NA,NA,NA,NA,NA,NA,NA,NA,NA,NA,NA,NA,NA,NA,NA,NA,NA,ARFR4-SOS-CO932-294-11,#ABDDA4,-105.2030833,39.78458333,15 - 20 Deg. F. / 3 - 6,,15 - 20 Deg. F.,6-Mar,15 - 20 Deg. F. / 3 - 6,15 - 20 / semi-humid,CO.4,#698b69,"semi-humid, warm",#ABDDA4,H,NA,NA
ARFR-WY930-44-LASANIMAS-13,white,8,29,35,316,1566,1,1,NA,N,NA,NA,NA,NA,NA,NA,NA,NA,NA,NA,NA,NA,NA,NA,NA,NA,NA,NA,NA,NA,NA,NA,NA,NA,NA,ARFR4-SOS-WY930-44-LASANIMAS-13,#FDAE61,-104.6423889,37.16547222,15 - 20 Deg. F. / 3 - 6,,15 - 20 Deg. F.,6-Mar,15 - 20 Deg. F. / 3 - 6,15 - 20 / semi-humid,CO.1,#698b69,"semi-humid, warm",#FDAE61,D,NA,NA
ARFR-WY050-49-FREMONT-12,white,8,29,36,NA,1567,1,1,NA,N,NA,NA,NA,NA,NA,NA,NA,NA,NA,NA,NA,NA,NA,NA,NA,NA,NA,NA,NA,NA,NA,NA,NA,NA,NA,ARFR4-SOS-WY050-49-FREMONT-12,#5E4FA2,-109.34775,43.42663611,5 - 10 Deg. F. / 6 - 12,,5 - 10 Deg. F.,12-Jun,5 - 10 Deg. F. / 6 - 12,5 - 10 / semi-arid,WY.3,#ffb90f,"semi-arid, cold",#5E4FA2,K,NA,NA
ARFR-CO932-316-JEFFERSON-12,white,8,29,37,NA,1568,1,1,NA,N,NA,NA,NA,NA,NA,NA,NA,NA,NA,NA,NA,NA,NA,NA,NA,NA,NA,NA,NA,NA,NA,NA,NA,NA,NA,ARFR4-SOS-CO932-316-JEFFERSON-12,#FFFF85,-105.358,39.66325,15 - 20 Deg. F. / 3 - 6,,15 - 20 Deg. F.,6-Mar,15 - 20 Deg. F. / 3 - 6,15 - 20 / semi-humid,CO.3,#698b69,"semi-humid, warm",#FFFF85,F,NA,NA
ARFR-AZ930-422-NAVAJO-18,white,8,29,38,NA,1569,1,1,NA,N,NA,NA,NA,NA,NA,NA,NA,NA,NA,NA,NA,NA,NA,NA,NA,NA,NA,NA,NA,NA,NA,NA,NA,NA,NA,ARFR4-SOS-AZ930-422-NAVAJO-18,#D53E4F,-110.431,36.56805,15 - 20 Deg. F. / 6 - 12,Lats corrected 20230127,15 - 20 Deg. F.,12-Jun,15 - 20 Deg. F. / 6 - 12,15 - 20 / semi-arid,AZ.2,#ee5c42,"semi-arid, warm",#D53E4F,B,NA,NA
ARFR-WY050-151-FREMONT-16,white,8,29,39,NA,1570,1,1,NA,N,NA,NA,NA,NA,NA,NA,NA,NA,NA,NA,NA,NA,NA,NA,NA,NA,NA,NA,NA,NA,NA,NA,NA,NA,NA,ARFR4-SOS-WY050-151-FREMONT-16,#3288BD,-108.1704472,42.47886111,10 - 15 Deg. F. / 6 - 12,,10 - 15 Deg. F.,12-Jun,10 - 15 Deg. F. / 6 - 12,10 - 15 / semi-arid,WY.2,#cd8500,"semi-arid, cool",#3288BD,J,NA,NA
ARFR-AZ930-422-NAVAJO-18,white,8,29,40,317,1571,1,1,NA,N,NA,NA,NA,NA,NA,NA,NA,NA,NA,NA,NA,NA,NA,NA,NA,NA,NA,NA,NA,NA,NA,NA,NA,NA,NA,ARFR4-SOS-AZ930-422-NAVAJO-18,#D53E4F,-110.431,36.56805,15 - 20 Deg. F. / 6 - 12,Lats corrected 20230127,15 - 20 Deg. F.,12-Jun,15 - 20 Deg. F. / 6 - 12,15 - 20 / semi-arid,AZ.2,#ee5c42,"semi-arid, warm",#D53E4F,B,NA,NA
ARFR-UT080-109-UINTAH-12,white,8,29,41,NA,1572,1,1,NA,N,NA,NA,NA,NA,NA,NA,NA,NA,NA,NA,NA,NA,NA,NA,NA,NA,NA,NA,NA,NA,NA,NA,NA,NA,NA,ARFR4-SOS-UT080-109-UINTAH-12,#aabe7f,-109.1426444,39.70802222,10 - 15 Deg. F. / 3 - 6,,10 - 15 Deg. F.,6-Mar,10 - 15 Deg. F. / 3 - 6,10 - 15 / semi-humid,UT.1,#66e566,"semi-humid, cool",#aabe7f,G,NA,NA
ARFR-AZ930-422-NAVAJO-18,white,8,29,42,NA,1573,1,1,NA,N,NA,NA,NA,NA,NA,NA,NA,NA,NA,NA,NA,NA,NA,NA,NA,NA,NA,NA,NA,NA,NA,NA,NA,NA,NA,ARFR4-SOS-AZ930-422-NAVAJO-18,#D53E4F,-110.431,36.56805,15 - 20 Deg. F. / 6 - 12,Lats corrected 20230127,15 - 20 Deg. F.,12-Jun,15 - 20 Deg. F. / 6 - 12,15 - 20 / semi-arid,AZ.2,#ee5c42,"semi-arid, warm",#D53E4F,B,NA,NA
ARFR-CO932-314-JEFFERSON-12,white,8,29,43,NA,1574,1,1,NA,N,NA,NA,NA,NA,NA,NA,NA,NA,NA,NA,NA,NA,NA,NA,NA,NA,NA,NA,NA,NA,NA,NA,NA,NA,NA,ARFR4-SOS-CO932-314-JEFFERSON-12,#FEE08B,-105.3553333,39.40902778,10 - 15 Deg. F. / 3 - 6,,10 - 15 Deg. F.,6-Mar,10 - 15 Deg. F. / 3 - 6,10 - 15 / semi-humid,CO.2,#66e566,"semi-humid, cool",#FEE08B,E,NA,NA
ARFR-CO932-314-JEFFERSON-12,white,8,29,44,NA,1575,1,1,NA,N,NA,NA,NA,NA,NA,NA,NA,NA,NA,NA,NA,NA,NA,NA,NA,NA,NA,NA,NA,NA,NA,NA,NA,NA,NA,ARFR4-SOS-CO932-314-JEFFERSON-12,#FEE08B,-105.3553333,39.40902778,10 - 15 Deg. F. / 3 - 6,,10 - 15 Deg. F.,6-Mar,10 - 15 Deg. F. / 3 - 6,10 - 15 / semi-humid,CO.2,#66e566,"semi-humid, cool",#FEE08B,E,NA,NA
ARFR-WY050-49-FREMONT-12,white,8,29,45,318,1576,1,1,NA,N,NA,NA,NA,NA,NA,NA,NA,NA,NA,NA,NA,NA,NA,NA,NA,NA,NA,NA,NA,NA,NA,NA,NA,NA,NA,ARFR4-SOS-WY050-49-FREMONT-12,#5E4FA2,-109.34775,43.42663611,5 - 10 Deg. F. / 6 - 12,,5 - 10 Deg. F.,12-Jun,5 - 10 Deg. F. / 6 - 12,5 - 10 / semi-arid,WY.3,#ffb90f,"semi-arid, cold",#5E4FA2,K,NA,NA
ARFR-AZ930-422-NAVAJO-18,white,8,29,46,NA,1577,1,1,NA,N,NA,NA,NA,NA,NA,NA,NA,NA,NA,NA,NA,NA,NA,NA,NA,NA,NA,NA,NA,NA,NA,NA,NA,NA,NA,ARFR4-SOS-AZ930-422-NAVAJO-18,#D53E4F,-110.431,36.56805,15 - 20 Deg. F. / 6 - 12,Lats corrected 20230127,15 - 20 Deg. F.,12-Jun,15 - 20 Deg. F. / 6 - 12,15 - 20 / semi-arid,AZ.2,#ee5c42,"semi-arid, warm",#D53E4F,B,NA,NA
ARFR-NM930N-66-11,white,8,29,47,NA,1578,1,1,NA,N,NA,NA,NA,NA,NA,NA,NA,NA,NA,NA,NA,NA,NA,NA,NA,NA,NA,NA,NA,NA,NA,NA,NA,NA,NA,ARFR4-SOS-NM930N-66-11,#F46D43,-107.2045028,36.76818611,10 - 15 Deg. F. / 3 - 6,,10 - 15 Deg. F.,6-Mar,10 - 15 Deg. F. / 3 - 6,10 - 15 / semi-humid,NM.1,#66e566,"semi-humid, cool",#F46D43,C,NA,NA
ARFR-CO932-316-JEFFERSON-12,white,8,29,48,NA,1579,1,1,NA,Y,0.0035,0.487,13.91428571,NA,NA,NA,NA,NA,NA,NA,NA,NA,NA,NA,NA,NA,NA,NA,NA,NA,NA,NA,NA,NA,NA,ARFR4-SOS-CO932-316-JEFFERSON-12,#FFFF85,-105.358,39.66325,15 - 20 Deg. F. / 3 - 6,,15 - 20 Deg. F.,6-Mar,15 - 20 Deg. F. / 3 - 6,15 - 20 / semi-humid,CO.3,#698b69,"semi-humid, warm",#FFFF85,F,NA,NA
ARFR-UT080-109-UINTAH-12,white,8,29,49,NA,1580,1,1,NA,Y,0.0061,0.994,16.29508197,NA,NA,NA,NA,NA,NA,NA,NA,NA,NA,NA,NA,NA,NA,NA,NA,NA,NA,NA,NA,NA,NA,ARFR4-SOS-UT080-109-UINTAH-12,#aabe7f,-109.1426444,39.70802222,10 - 15 Deg. F. / 3 - 6,,10 - 15 Deg. F.,6-Mar,10 - 15 Deg. F. / 3 - 6,10 - 15 / semi-humid,UT.1,#66e566,"semi-humid, cool",#aabe7f,G,NA,NA
ARFR-CO932-294-11,white,8,29,50,319,1581,1,1,NA,N,NA,NA,NA,NA,NA,NA,NA,NA,NA,NA,NA,NA,NA,NA,NA,NA,NA,NA,NA,NA,NA,NA,NA,NA,NA,ARFR4-SOS-CO932-294-11,#ABDDA4,-105.2030833,39.78458333,15 - 20 Deg. F. / 3 - 6,,15 - 20 Deg. F.,6-Mar,15 - 20 Deg. F. / 3 - 6,15 - 20 / semi-humid,CO.4,#698b69,"semi-humid, warm",#ABDDA4,H,NA,NA
ARFR-AZ930-422-NAVAJO-18,white,8,29,51,NA,1582,1,1,NA,N,NA,NA,NA,NA,NA,NA,NA,NA,NA,NA,NA,NA,NA,NA,NA,NA,NA,NA,NA,NA,NA,NA,NA,NA,NA,ARFR4-SOS-AZ930-422-NAVAJO-18,#D53E4F,-110.431,36.56805,15 - 20 Deg. F. / 6 - 12,Lats corrected 20230127,15 - 20 Deg. F.,12-Jun,15 - 20 Deg. F. / 6 - 12,15 - 20 / semi-arid,AZ.2,#ee5c42,"semi-arid, warm",#D53E4F,B,NA,NA
ARFR-WY040-71-10,white,8,29,52,NA,1583,0,NA,NA,N,NA,NA,NA,NA,NA,NA,NA,NA,NA,NA,NA,NA,NA,NA,NA,NA,NA,NA,NA,NA,NA,NA,NA,NA,NA,ARFR4-SOS-WY040-71-10,#66C2A5,-109.2433156,41.13271889,5 - 10 Deg. F. / 3 - 6,,5 - 10 Deg. F.,6-Mar,5 - 10 Deg. F. / 3 - 6,5 - 10 / semi-humid,WY.1,#a5c2f1,"semi-humid, cold",#66C2A5,I,NA,NA
ARFR-UT080-109-UINTAH-12,white,8,29,53,NA,1584,1,1,NA,N,NA,NA,NA,NA,NA,NA,NA,NA,NA,NA,NA,NA,NA,NA,NA,NA,NA,NA,NA,NA,NA,NA,NA,NA,NA,ARFR4-SOS-UT080-109-UINTAH-12,#aabe7f,-109.1426444,39.70802222,10 - 15 Deg. F. / 3 - 6,,10 - 15 Deg. F.,6-Mar,10 - 15 Deg. F. / 3 - 6,10 - 15 / semi-humid,UT.1,#66e566,"semi-humid, cool",#aabe7f,G,NA,NA
ARFR-WY040-71-10,white,8,29,54,NA,1585,1,1,NA,N,NA,NA,NA,NA,NA,NA,NA,NA,NA,NA,NA,NA,NA,NA,NA,NA,NA,NA,NA,NA,NA,NA,NA,NA,NA,ARFR4-SOS-WY040-71-10,#66C2A5,-109.2433156,41.13271889,5 - 10 Deg. F. / 3 - 6,,5 - 10 Deg. F.,6-Mar,5 - 10 Deg. F. / 3 - 6,5 - 10 / semi-humid,WY.1,#a5c2f1,"semi-humid, cold",#66C2A5,I,NA,NA
ARFR-WY930-44-LASANIMAS-13,white,8,29,55,320,1586,1,NA,NA,N,NA,NA,NA,NA,NA,NA,NA,NA,NA,NA,NA,NA,NA,NA,NA,NA,NA,NA,NA,NA,NA,NA,NA,NA,NA,ARFR4-SOS-WY930-44-LASANIMAS-13,#FDAE61,-104.6423889,37.16547222,15 - 20 Deg. F. / 3 - 6,,15 - 20 Deg. F.,6-Mar,15 - 20 Deg. F. / 3 - 6,15 - 20 / semi-humid,CO.1,#698b69,"semi-humid, warm",#FDAE61,D,NA,Y
ARFR-CO932-314-JEFFERSON-12,white,8,30,1,309,1587,1,1,NA,N,NA,NA,NA,NA,NA,NA,NA,NA,NA,NA,NA,NA,NA,NA,NA,NA,NA,NA,NA,NA,NA,NA,NA,NA,NA,ARFR4-SOS-CO932-314-JEFFERSON-12,#FEE08B,-105.3553333,39.40902778,10 - 15 Deg. F. / 3 - 6,,10 - 15 Deg. F.,6-Mar,10 - 15 Deg. F. / 3 - 6,10 - 15 / semi-humid,CO.2,#66e566,"semi-humid, cool",#FEE08B,E,NA,NA
ARFR-WY930-44-LASANIMAS-13,white,8,30,2,NA,1588,1,1,NA,N,NA,NA,NA,NA,NA,NA,NA,NA,NA,NA,NA,NA,NA,NA,NA,NA,NA,NA,NA,NA,NA,NA,NA,NA,NA,ARFR4-SOS-WY930-44-LASANIMAS-13,#FDAE61,-104.6423889,37.16547222,15 - 20 Deg. F. / 3 - 6,,15 - 20 Deg. F.,6-Mar,15 - 20 Deg. F. / 3 - 6,15 - 20 / semi-humid,CO.1,#698b69,"semi-humid, warm",#FDAE61,D,NA,NA
ARFR-CO932-294-11,white,8,30,3,NA,1589,1,1,NA,N,NA,NA,NA,NA,NA,NA,NA,NA,NA,NA,NA,NA,NA,NA,NA,NA,NA,NA,NA,NA,NA,NA,NA,NA,NA,ARFR4-SOS-CO932-294-11,#ABDDA4,-105.2030833,39.78458333,15 - 20 Deg. F. / 3 - 6,,15 - 20 Deg. F.,6-Mar,15 - 20 Deg. F. / 3 - 6,15 - 20 / semi-humid,CO.4,#698b69,"semi-humid, warm",#ABDDA4,H,NA,NA
ARFR-CO932-294-11,white,8,30,4,NA,1590,1,1,NA,N,NA,NA,NA,NA,NA,NA,NA,NA,NA,NA,NA,NA,NA,NA,NA,NA,NA,NA,NA,NA,NA,NA,NA,NA,NA,ARFR4-SOS-CO932-294-11,#ABDDA4,-105.2030833,39.78458333,15 - 20 Deg. F. / 3 - 6,,15 - 20 Deg. F.,6-Mar,15 - 20 Deg. F. / 3 - 6,15 - 20 / semi-humid,CO.4,#698b69,"semi-humid, warm",#ABDDA4,H,NA,NA
ARFR-NM930N-66-11,white,8,30,5,310,1591,1,1,NA,N,NA,NA,NA,NA,NA,NA,NA,NA,NA,NA,NA,NA,NA,NA,NA,NA,NA,NA,NA,NA,NA,NA,NA,NA,NA,ARFR4-SOS-NM930N-66-11,#F46D43,-107.2045028,36.76818611,10 - 15 Deg. F. / 3 - 6,,10 - 15 Deg. F.,6-Mar,10 - 15 Deg. F. / 3 - 6,10 - 15 / semi-humid,NM.1,#66e566,"semi-humid, cool",#F46D43,C,NA,NA
ARFR-AZ930-422-NAVAJO-18,white,8,30,6,NA,1592,1,1,NA,Y,0.0049,0.598,12.20408163,NA,NA,NA,NA,NA,NA,NA,NA,NA,NA,NA,NA,NA,NA,NA,NA,NA,NA,NA,NA,NA,NA,ARFR4-SOS-AZ930-422-NAVAJO-18,#D53E4F,-110.431,36.56805,15 - 20 Deg. F. / 6 - 12,Lats corrected 20230127,15 - 20 Deg. F.,12-Jun,15 - 20 Deg. F. / 6 - 12,15 - 20 / semi-arid,AZ.2,#ee5c42,"semi-arid, warm",#D53E4F,B,NA,NA
ARFR-WY050-49-FREMONT-12,white,8,30,7,NA,1593,1,1,NA,N,NA,NA,NA,NA,NA,NA,NA,NA,NA,NA,NA,NA,NA,NA,NA,NA,NA,NA,NA,NA,NA,NA,NA,NA,NA,ARFR4-SOS-WY050-49-FREMONT-12,#5E4FA2,-109.34775,43.42663611,5 - 10 Deg. F. / 6 - 12,,5 - 10 Deg. F.,12-Jun,5 - 10 Deg. F. / 6 - 12,5 - 10 / semi-arid,WY.3,#ffb90f,"semi-arid, cold",#5E4FA2,K,NA,NA
ARFR-WY930-44-LASANIMAS-13,white,8,30,8,NA,1594,1,1,NA,N,NA,NA,NA,NA,NA,NA,NA,NA,NA,NA,NA,NA,NA,NA,NA,NA,NA,NA,NA,NA,NA,NA,NA,NA,NA,ARFR4-SOS-WY930-44-LASANIMAS-13,#FDAE61,-104.6423889,37.16547222,15 - 20 Deg. F. / 3 - 6,,15 - 20 Deg. F.,6-Mar,15 - 20 Deg. F. / 3 - 6,15 - 20 / semi-humid,CO.1,#698b69,"semi-humid, warm",#FDAE61,D,NA,NA
ARFR-AZ930-422-NAVAJO-18,white,8,30,9,NA,1595,1,1,NA,Y,0.0039,0.83,21.28205128,NA,NA,NA,NA,NA,NA,NA,NA,NA,NA,NA,NA,NA,NA,NA,NA,NA,NA,NA,NA,NA,NA,ARFR4-SOS-AZ930-422-NAVAJO-18,#D53E4F,-110.431,36.56805,15 - 20 Deg. F. / 6 - 12,Lats corrected 20230127,15 - 20 Deg. F.,12-Jun,15 - 20 Deg. F. / 6 - 12,15 - 20 / semi-arid,AZ.2,#ee5c42,"semi-arid, warm",#D53E4F,B,NA,NA
ARFR-AZ930-422-NAVAJO-18,white,8,30,10,311,1596,1,1,NA,N,NA,NA,NA,NA,NA,NA,NA,NA,NA,NA,NA,NA,NA,NA,NA,NA,NA,NA,NA,NA,NA,NA,NA,NA,NA,ARFR4-SOS-AZ930-422-NAVAJO-18,#D53E4F,-110.431,36.56805,15 - 20 Deg. F. / 6 - 12,Lats corrected 20230127,15 - 20 Deg. F.,12-Jun,15 - 20 Deg. F. / 6 - 12,15 - 20 / semi-arid,AZ.2,#ee5c42,"semi-arid, warm",#D53E4F,B,NA,NA
ARFR-UT080-109-UINTAH-12,white,8,30,11,NA,1597,1,1,NA,N,NA,NA,NA,NA,NA,NA,NA,NA,NA,NA,NA,NA,NA,NA,NA,NA,NA,NA,NA,NA,NA,NA,NA,NA,NA,ARFR4-SOS-UT080-109-UINTAH-12,#aabe7f,-109.1426444,39.70802222,10 - 15 Deg. F. / 3 - 6,,10 - 15 Deg. F.,6-Mar,10 - 15 Deg. F. / 3 - 6,10 - 15 / semi-humid,UT.1,#66e566,"semi-humid, cool",#aabe7f,G,NA,NA
ARFR-WY050-151-FREMONT-16,white,8,30,12,NA,1598,1,1,NA,N,NA,NA,NA,NA,NA,NA,NA,NA,NA,NA,NA,NA,NA,NA,NA,NA,NA,NA,NA,NA,NA,NA,NA,NA,NA,ARFR4-SOS-WY050-151-FREMONT-16,#3288BD,-108.1704472,42.47886111,10 - 15 Deg. F. / 6 - 12,,10 - 15 Deg. F.,12-Jun,10 - 15 Deg. F. / 6 - 12,10 - 15 / semi-arid,WY.2,#cd8500,"semi-arid, cool",#3288BD,J,NA,NA
ARFR-WY040-71-10,white,8,30,13,NA,1599,1,1,NA,N,NA,NA,NA,NA,NA,NA,NA,NA,NA,NA,NA,NA,NA,NA,NA,NA,NA,NA,NA,NA,NA,NA,NA,NA,NA,ARFR4-SOS-WY040-71-10,#66C2A5,-109.2433156,41.13271889,5 - 10 Deg. F. / 3 - 6,,5 - 10 Deg. F.,6-Mar,5 - 10 Deg. F. / 3 - 6,5 - 10 / semi-humid,WY.1,#a5c2f1,"semi-humid, cold",#66C2A5,I,NA,NA
ARFR-WY050-49-FREMONT-12,white,8,30,14,NA,1600,1,1,NA,N,NA,NA,NA,NA,NA,NA,NA,NA,NA,NA,NA,NA,NA,NA,NA,NA,NA,NA,NA,NA,NA,NA,NA,NA,NA,ARFR4-SOS-WY050-49-FREMONT-12,#5E4FA2,-109.34775,43.42663611,5 - 10 Deg. F. / 6 - 12,,5 - 10 Deg. F.,12-Jun,5 - 10 Deg. F. / 6 - 12,5 - 10 / semi-arid,WY.3,#ffb90f,"semi-arid, cold",#5E4FA2,K,NA,NA
ARFR-CO932-314-JEFFERSON-12,white,8,30,15,312,1601,1,1,NA,N,NA,NA,NA,NA,NA,NA,NA,NA,NA,NA,NA,NA,NA,NA,NA,NA,NA,NA,NA,NA,NA,NA,NA,NA,NA,ARFR4-SOS-CO932-314-JEFFERSON-12,#FEE08B,-105.3553333,39.40902778,10 - 15 Deg. F. / 3 - 6,,10 - 15 Deg. F.,6-Mar,10 - 15 Deg. F. / 3 - 6,10 - 15 / semi-humid,CO.2,#66e566,"semi-humid, cool",#FEE08B,E,NA,NA
ARFR-NM930N-66-11,white,8,30,16,NA,1602,1,1,NA,N,NA,NA,NA,NA,NA,NA,NA,NA,NA,NA,NA,NA,NA,NA,NA,NA,NA,NA,NA,NA,NA,NA,NA,NA,NA,ARFR4-SOS-NM930N-66-11,#F46D43,-107.2045028,36.76818611,10 - 15 Deg. F. / 3 - 6,,10 - 15 Deg. F.,6-Mar,10 - 15 Deg. F. / 3 - 6,10 - 15 / semi-humid,NM.1,#66e566,"semi-humid, cool",#F46D43,C,NA,NA
ARFR-AZ930-423-NAVAJO-18,white,8,30,17,NA,1603,1,1,NA,N,NA,NA,NA,NA,NA,NA,NA,NA,NA,NA,NA,NA,NA,NA,NA,NA,NA,NA,NA,NA,NA,NA,NA,NA,NA,ARFR4-SOS-AZ930-423-NAVAJO-18,#9E0142,-110.431,36.45877,15 - 20 Deg. F. / 6 - 12,SdZones downloaded 20230823,15 - 20 Deg. F.,12-Jun,15 - 20 Deg. F. / 6 - 12,15 - 20 / semi-arid,AZ.1,#ee5c42,"semi-arid, warm",#9E0142,A,NA,NA
ARFR-WY050-151-FREMONT-16,white,8,30,18,NA,1604,1,1,NA,N,NA,NA,NA,NA,NA,NA,NA,NA,NA,NA,NA,NA,NA,NA,NA,NA,NA,NA,NA,NA,NA,NA,NA,NA,NA,ARFR4-SOS-WY050-151-FREMONT-16,#3288BD,-108.1704472,42.47886111,10 - 15 Deg. F. / 6 - 12,,10 - 15 Deg. F.,12-Jun,10 - 15 Deg. F. / 6 - 12,10 - 15 / semi-arid,WY.2,#cd8500,"semi-arid, cool",#3288BD,J,NA,NA
ARFR-WY040-71-10,white,8,30,19,NA,1605,1,1,NA,N,NA,NA,NA,NA,NA,NA,NA,NA,NA,NA,NA,NA,NA,NA,NA,NA,NA,NA,NA,NA,NA,NA,NA,NA,NA,ARFR4-SOS-WY040-71-10,#66C2A5,-109.2433156,41.13271889,5 - 10 Deg. F. / 3 - 6,,5 - 10 Deg. F.,6-Mar,5 - 10 Deg. F. / 3 - 6,5 - 10 / semi-humid,WY.1,#a5c2f1,"semi-humid, cold",#66C2A5,I,NA,NA
ARFR-NM930N-66-11,white,8,30,20,313,1606,1,1,NA,N,NA,NA,NA,NA,NA,NA,NA,NA,NA,NA,NA,NA,NA,NA,NA,NA,NA,NA,NA,NA,NA,NA,NA,NA,NA,ARFR4-SOS-NM930N-66-11,#F46D43,-107.2045028,36.76818611,10 - 15 Deg. F. / 3 - 6,,10 - 15 Deg. F.,6-Mar,10 - 15 Deg. F. / 3 - 6,10 - 15 / semi-humid,NM.1,#66e566,"semi-humid, cool",#F46D43,C,NA,NA
ARFR-CO932-294-11,white,8,30,21,NA,1607,1,1,NA,N,NA,NA,NA,NA,NA,NA,NA,NA,NA,NA,NA,NA,NA,NA,NA,NA,NA,NA,NA,NA,NA,NA,NA,NA,NA,ARFR4-SOS-CO932-294-11,#ABDDA4,-105.2030833,39.78458333,15 - 20 Deg. F. / 3 - 6,,15 - 20 Deg. F.,6-Mar,15 - 20 Deg. F. / 3 - 6,15 - 20 / semi-humid,CO.4,#698b69,"semi-humid, warm",#ABDDA4,H,NA,NA
ARFR-NM930N-66-11,white,8,30,22,NA,1608,1,NA,NA,N,NA,NA,NA,NA,NA,NA,NA,NA,NA,NA,NA,NA,NA,NA,NA,NA,NA,NA,NA,NA,NA,NA,NA,NA,NA,ARFR4-SOS-NM930N-66-11,#F46D43,-107.2045028,36.76818611,10 - 15 Deg. F. / 3 - 6,,10 - 15 Deg. F.,6-Mar,10 - 15 Deg. F. / 3 - 6,10 - 15 / semi-humid,NM.1,#66e566,"semi-humid, cool",#F46D43,C,NA,NA
ARFR-WY040-71-10,white,8,30,23,NA,1609,1,1,NA,N,NA,NA,NA,NA,NA,NA,NA,NA,NA,NA,NA,NA,NA,NA,NA,NA,NA,NA,NA,NA,NA,NA,NA,NA,NA,ARFR4-SOS-WY040-71-10,#66C2A5,-109.2433156,41.13271889,5 - 10 Deg. F. / 3 - 6,,5 - 10 Deg. F.,6-Mar,5 - 10 Deg. F. / 3 - 6,5 - 10 / semi-humid,WY.1,#a5c2f1,"semi-humid, cold",#66C2A5,I,NA,NA
ARFR-CO932-294-11,white,8,30,24,NA,1610,1,1,83.032,N,NA,NA,NA,NA,83.032,41.8,25.11,4.94,NA,Y,NA,NA,NA,NA,NA,NA,NA,NA,NA,NA,NA,NA,NA,NA,NA,ARFR4-SOS-CO932-294-11,#ABDDA4,-105.2030833,39.78458333,15 - 20 Deg. F. / 3 - 6,,15 - 20 Deg. F.,6-Mar,15 - 20 Deg. F. / 3 - 6,15 - 20 / semi-humid,CO.4,#698b69,"semi-humid, warm",#ABDDA4,H,NA,NA
ARFR-AZ930-422-NAVAJO-18,white,8,30,25,314,1611,1,1,NA,N,NA,NA,NA,NA,NA,NA,NA,NA,NA,NA,NA,NA,NA,NA,NA,NA,NA,NA,NA,NA,NA,NA,NA,NA,NA,ARFR4-SOS-AZ930-422-NAVAJO-18,#D53E4F,-110.431,36.56805,15 - 20 Deg. F. / 6 - 12,Lats corrected 20230127,15 - 20 Deg. F.,12-Jun,15 - 20 Deg. F. / 6 - 12,15 - 20 / semi-arid,AZ.2,#ee5c42,"semi-arid, warm",#D53E4F,B,NA,NA
ARFR-WY050-49-FREMONT-12,white,8,30,26,NA,1612,1,1,NA,Y,0.0052,0.413,7.942307692,NA,NA,NA,NA,NA,NA,NA,NA,NA,NA,NA,NA,NA,NA,NA,NA,NA,NA,NA,NA,NA,NA,ARFR4-SOS-WY050-49-FREMONT-12,#5E4FA2,-109.34775,43.42663611,5 - 10 Deg. F. / 6 - 12,,5 - 10 Deg. F.,12-Jun,5 - 10 Deg. F. / 6 - 12,5 - 10 / semi-arid,WY.3,#ffb90f,"semi-arid, cold",#5E4FA2,K,NA,NA
ARFR-UT080-109-UINTAH-12,white,8,30,27,NA,1613,0,0,NA,N,NA,NA,NA,NA,NA,NA,NA,NA,NA,NA,NA,NA,NA,NA,NA,NA,NA,NA,NA,NA,NA,NA,NA,NA,NA,ARFR4-SOS-UT080-109-UINTAH-12,#aabe7f,-109.1426444,39.70802222,10 - 15 Deg. F. / 3 - 6,,10 - 15 Deg. F.,6-Mar,10 - 15 Deg. F. / 3 - 6,10 - 15 / semi-humid,UT.1,#66e566,"semi-humid, cool",#aabe7f,G,NA,NA
ARFR-AZ930-423-NAVAJO-18,white,8,30,28,NA,1614,1,1,NA,N,NA,NA,NA,NA,NA,NA,NA,NA,NA,NA,NA,NA,NA,NA,NA,NA,NA,NA,NA,NA,NA,NA,NA,NA,NA,ARFR4-SOS-AZ930-423-NAVAJO-18,#9E0142,-110.431,36.45877,15 - 20 Deg. F. / 6 - 12,SdZones downloaded 20230823,15 - 20 Deg. F.,12-Jun,15 - 20 Deg. F. / 6 - 12,15 - 20 / semi-arid,AZ.1,#ee5c42,"semi-arid, warm",#9E0142,A,NA,NA
ARFR-CO932-316-JEFFERSON-12,white,8,30,29,NA,1615,1,1,NA,N,NA,NA,NA,NA,NA,NA,NA,NA,NA,NA,NA,NA,NA,NA,NA,NA,NA,NA,NA,NA,NA,NA,NA,NA,NA,ARFR4-SOS-CO932-316-JEFFERSON-12,#FFFF85,-105.358,39.66325,15 - 20 Deg. F. / 3 - 6,,15 - 20 Deg. F.,6-Mar,15 - 20 Deg. F. / 3 - 6,15 - 20 / semi-humid,CO.3,#698b69,"semi-humid, warm",#FFFF85,F,NA,NA
ARFR-UT080-109-UINTAH-12,white,8,30,30,315,1616,0,0,NA,N,NA,NA,NA,NA,NA,NA,NA,NA,NA,NA,NA,NA,NA,NA,NA,NA,NA,NA,NA,NA,NA,NA,NA,NA,NA,ARFR4-SOS-UT080-109-UINTAH-12,#aabe7f,-109.1426444,39.70802222,10 - 15 Deg. F. / 3 - 6,,10 - 15 Deg. F.,6-Mar,10 - 15 Deg. F. / 3 - 6,10 - 15 / semi-humid,UT.1,#66e566,"semi-humid, cool",#aabe7f,G,NA,NA
ARFR-WY050-151-FREMONT-16,white,8,30,31,NA,1617,1,1,NA,N,NA,NA,NA,NA,NA,NA,NA,NA,NA,NA,NA,NA,NA,NA,NA,NA,NA,NA,NA,NA,NA,NA,NA,NA,NA,ARFR4-SOS-WY050-151-FREMONT-16,#3288BD,-108.1704472,42.47886111,10 - 15 Deg. F. / 6 - 12,,10 - 15 Deg. F.,12-Jun,10 - 15 Deg. F. / 6 - 12,10 - 15 / semi-arid,WY.2,#cd8500,"semi-arid, cool",#3288BD,J,NA,NA
ARFR-CO932-294-11,white,8,30,32,NA,1618,1,1,NA,N,NA,NA,NA,NA,NA,NA,NA,NA,NA,NA,NA,NA,NA,NA,NA,NA,NA,NA,NA,NA,NA,NA,NA,NA,NA,ARFR4-SOS-CO932-294-11,#ABDDA4,-105.2030833,39.78458333,15 - 20 Deg. F. / 3 - 6,,15 - 20 Deg. F.,6-Mar,15 - 20 Deg. F. / 3 - 6,15 - 20 / semi-humid,CO.4,#698b69,"semi-humid, warm",#ABDDA4,H,NA,NA
ARFR-AZ930-422-NAVAJO-18,white,8,30,33,NA,1619,1,1,NA,Y,0.0048,1.432,29.83333333,NA,NA,NA,NA,NA,NA,NA,NA,NA,NA,NA,NA,NA,NA,NA,NA,NA,NA,NA,NA,NA,NA,ARFR4-SOS-AZ930-422-NAVAJO-18,#D53E4F,-110.431,36.56805,15 - 20 Deg. F. / 6 - 12,Lats corrected 20230127,15 - 20 Deg. F.,12-Jun,15 - 20 Deg. F. / 6 - 12,15 - 20 / semi-arid,AZ.2,#ee5c42,"semi-arid, warm",#D53E4F,B,NA,NA
ARFR-NM930N-66-11,white,8,30,34,NA,1620,1,1,NA,N,NA,NA,NA,NA,NA,NA,NA,NA,NA,NA,NA,NA,NA,NA,NA,NA,NA,NA,NA,NA,NA,NA,NA,NA,NA,ARFR4-SOS-NM930N-66-11,#F46D43,-107.2045028,36.76818611,10 - 15 Deg. F. / 3 - 6,,10 - 15 Deg. F.,6-Mar,10 - 15 Deg. F. / 3 - 6,10 - 15 / semi-humid,NM.1,#66e566,"semi-humid, cool",#F46D43,C,NA,NA
ARFR-WY050-49-FREMONT-12,white,8,30,35,316,1621,1,1,NA,N,NA,NA,NA,NA,NA,NA,NA,NA,NA,NA,NA,NA,NA,NA,NA,NA,NA,NA,NA,NA,NA,NA,NA,NA,NA,ARFR4-SOS-WY050-49-FREMONT-12,#5E4FA2,-109.34775,43.42663611,5 - 10 Deg. F. / 6 - 12,,5 - 10 Deg. F.,12-Jun,5 - 10 Deg. F. / 6 - 12,5 - 10 / semi-arid,WY.3,#ffb90f,"semi-arid, cold",#5E4FA2,K,NA,NA
ARFR-WY050-49-FREMONT-12,white,8,30,36,NA,1622,1,1,NA,N,NA,NA,NA,NA,NA,NA,NA,NA,NA,NA,NA,NA,NA,NA,NA,NA,NA,NA,NA,NA,NA,NA,NA,NA,NA,ARFR4-SOS-WY050-49-FREMONT-12,#5E4FA2,-109.34775,43.42663611,5 - 10 Deg. F. / 6 - 12,,5 - 10 Deg. F.,12-Jun,5 - 10 Deg. F. / 6 - 12,5 - 10 / semi-arid,WY.3,#ffb90f,"semi-arid, cold",#5E4FA2,K,NA,NA
ARFR-WY040-71-10,white,8,30,37,NA,1623,1,1,NA,N,NA,NA,NA,NA,NA,NA,NA,NA,NA,NA,NA,NA,NA,NA,NA,NA,NA,NA,NA,NA,NA,NA,NA,NA,NA,ARFR4-SOS-WY040-71-10,#66C2A5,-109.2433156,41.13271889,5 - 10 Deg. F. / 3 - 6,,5 - 10 Deg. F.,6-Mar,5 - 10 Deg. F. / 3 - 6,5 - 10 / semi-humid,WY.1,#a5c2f1,"semi-humid, cold",#66C2A5,I,NA,NA
ARFR-NM930N-66-11,white,8,30,38,NA,1624,1,1,NA,N,NA,NA,NA,NA,NA,NA,NA,NA,NA,NA,NA,NA,NA,NA,NA,NA,NA,NA,NA,NA,NA,NA,NA,NA,NA,ARFR4-SOS-NM930N-66-11,#F46D43,-107.2045028,36.76818611,10 - 15 Deg. F. / 3 - 6,,10 - 15 Deg. F.,6-Mar,10 - 15 Deg. F. / 3 - 6,10 - 15 / semi-humid,NM.1,#66e566,"semi-humid, cool",#F46D43,C,NA,NA
ARFR-WY050-49-FREMONT-12,white,8,30,39,NA,1625,1,1,NA,N,NA,NA,NA,NA,NA,NA,NA,NA,NA,NA,NA,NA,NA,NA,NA,NA,NA,NA,NA,NA,NA,NA,NA,NA,NA,ARFR4-SOS-WY050-49-FREMONT-12,#5E4FA2,-109.34775,43.42663611,5 - 10 Deg. F. / 6 - 12,,5 - 10 Deg. F.,12-Jun,5 - 10 Deg. F. / 6 - 12,5 - 10 / semi-arid,WY.3,#ffb90f,"semi-arid, cold",#5E4FA2,K,NA,NA
ARFR-WY050-49-FREMONT-12,white,8,30,40,317,1626,1,1,NA,N,NA,NA,NA,NA,NA,NA,NA,NA,NA,NA,NA,NA,NA,NA,NA,NA,NA,NA,NA,NA,NA,NA,NA,NA,NA,ARFR4-SOS-WY050-49-FREMONT-12,#5E4FA2,-109.34775,43.42663611,5 - 10 Deg. F. / 6 - 12,,5 - 10 Deg. F.,12-Jun,5 - 10 Deg. F. / 6 - 12,5 - 10 / semi-arid,WY.3,#ffb90f,"semi-arid, cold",#5E4FA2,K,NA,NA
ARFR-WY050-49-FREMONT-12,white,8,30,41,NA,1627,1,1,NA,N,NA,NA,NA,NA,NA,NA,NA,NA,NA,NA,NA,NA,NA,NA,NA,NA,NA,NA,NA,NA,NA,NA,NA,NA,NA,ARFR4-SOS-WY050-49-FREMONT-12,#5E4FA2,-109.34775,43.42663611,5 - 10 Deg. F. / 6 - 12,,5 - 10 Deg. F.,12-Jun,5 - 10 Deg. F. / 6 - 12,5 - 10 / semi-arid,WY.3,#ffb90f,"semi-arid, cold",#5E4FA2,K,NA,NA
ARFR-AZ930-423-NAVAJO-18,white,8,30,42,NA,1628,1,1,NA,N,NA,NA,NA,NA,NA,NA,NA,NA,NA,NA,NA,NA,NA,NA,NA,NA,NA,NA,NA,NA,NA,NA,NA,NA,NA,ARFR4-SOS-AZ930-423-NAVAJO-18,#9E0142,-110.431,36.45877,15 - 20 Deg. F. / 6 - 12,SdZones downloaded 20230823,15 - 20 Deg. F.,12-Jun,15 - 20 Deg. F. / 6 - 12,15 - 20 / semi-arid,AZ.1,#ee5c42,"semi-arid, warm",#9E0142,A,NA,NA
ARFR-NM930N-66-11,white,8,30,43,NA,1629,1,1,NA,N,NA,NA,NA,NA,NA,NA,NA,NA,NA,NA,NA,NA,NA,NA,NA,NA,NA,NA,NA,NA,NA,NA,NA,NA,NA,ARFR4-SOS-NM930N-66-11,#F46D43,-107.2045028,36.76818611,10 - 15 Deg. F. / 3 - 6,,10 - 15 Deg. F.,6-Mar,10 - 15 Deg. F. / 3 - 6,10 - 15 / semi-humid,NM.1,#66e566,"semi-humid, cool",#F46D43,C,NA,NA
ARFR-WY050-151-FREMONT-16,white,8,30,44,NA,1630,1,1,NA,N,NA,NA,NA,NA,NA,NA,NA,NA,NA,NA,NA,NA,NA,NA,NA,NA,NA,NA,NA,NA,NA,NA,NA,NA,NA,ARFR4-SOS-WY050-151-FREMONT-16,#3288BD,-108.1704472,42.47886111,10 - 15 Deg. F. / 6 - 12,,10 - 15 Deg. F.,12-Jun,10 - 15 Deg. F. / 6 - 12,10 - 15 / semi-arid,WY.2,#cd8500,"semi-arid, cool",#3288BD,J,NA,NA
ARFR-CO932-316-JEFFERSON-12,white,8,30,45,318,1631,1,1,NA,N,NA,NA,NA,NA,NA,NA,NA,NA,NA,NA,NA,NA,NA,NA,NA,NA,NA,NA,NA,NA,NA,NA,NA,NA,NA,ARFR4-SOS-CO932-316-JEFFERSON-12,#FFFF85,-105.358,39.66325,15 - 20 Deg. F. / 3 - 6,,15 - 20 Deg. F.,6-Mar,15 - 20 Deg. F. / 3 - 6,15 - 20 / semi-humid,CO.3,#698b69,"semi-humid, warm",#FFFF85,F,NA,NA
ARFR-WY930-44-LASANIMAS-13,white,8,30,46,NA,1632,1,1,NA,Y,0.008,0.591,7.3875,NA,NA,NA,NA,NA,NA,NA,NA,NA,NA,NA,NA,NA,NA,NA,NA,NA,NA,NA,NA,NA,NA,ARFR4-SOS-WY930-44-LASANIMAS-13,#FDAE61,-104.6423889,37.16547222,15 - 20 Deg. F. / 3 - 6,,15 - 20 Deg. F.,6-Mar,15 - 20 Deg. F. / 3 - 6,15 - 20 / semi-humid,CO.1,#698b69,"semi-humid, warm",#FDAE61,D,NA,NA
ARFR-NM930N-66-11,white,8,30,47,NA,1633,1,1,NA,N,NA,NA,NA,NA,NA,NA,NA,NA,NA,NA,NA,NA,NA,NA,NA,NA,NA,NA,NA,NA,NA,NA,NA,NA,NA,ARFR4-SOS-NM930N-66-11,#F46D43,-107.2045028,36.76818611,10 - 15 Deg. F. / 3 - 6,,10 - 15 Deg. F.,6-Mar,10 - 15 Deg. F. / 3 - 6,10 - 15 / semi-humid,NM.1,#66e566,"semi-humid, cool",#F46D43,C,NA,NA
ARFR-AZ930-422-NAVAJO-18,white,8,30,48,NA,1634,1,1,NA,N,NA,NA,NA,NA,NA,NA,NA,NA,NA,NA,NA,NA,NA,NA,NA,NA,NA,NA,NA,NA,NA,NA,NA,NA,NA,ARFR4-SOS-AZ930-422-NAVAJO-18,#D53E4F,-110.431,36.56805,15 - 20 Deg. F. / 6 - 12,Lats corrected 20230127,15 - 20 Deg. F.,12-Jun,15 - 20 Deg. F. / 6 - 12,15 - 20 / semi-arid,AZ.2,#ee5c42,"semi-arid, warm",#D53E4F,B,NA,NA
ARFR-CO932-316-JEFFERSON-12,white,8,30,49,NA,1635,1,1,70.202,N,NA,NA,NA,NA,70.202,3.23,0.47,0.68,Weighed with Mettler Toledo,Y,NA,NA,NA,NA,NA,NA,NA,NA,NA,NA,NA,NA,NA,NA,NA,ARFR4-SOS-CO932-316-JEFFERSON-12,#FFFF85,-105.358,39.66325,15 - 20 Deg. F. / 3 - 6,,15 - 20 Deg. F.,6-Mar,15 - 20 Deg. F. / 3 - 6,15 - 20 / semi-humid,CO.3,#698b69,"semi-humid, warm",#FFFF85,F,NA,NA
ARFR-WY050-151-FREMONT-16,white,8,30,50,319,1636,1,1,NA,N,NA,NA,NA,NA,NA,NA,NA,NA,NA,NA,NA,NA,NA,NA,NA,NA,NA,NA,NA,NA,NA,NA,NA,NA,NA,ARFR4-SOS-WY050-151-FREMONT-16,#3288BD,-108.1704472,42.47886111,10 - 15 Deg. F. / 6 - 12,,10 - 15 Deg. F.,12-Jun,10 - 15 Deg. F. / 6 - 12,10 - 15 / semi-arid,WY.2,#cd8500,"semi-arid, cool",#3288BD,J,NA,NA
ARFR-CO932-314-JEFFERSON-12,white,8,30,51,NA,1637,1,NA,43.162,N,NA,NA,NA,NA,43.162,19.88,12.07,4.64,NA,Y,NA,NA,NA,NA,NA,NA,NA,NA,NA,NA,NA,NA,NA,NA,NA,ARFR4-SOS-CO932-314-JEFFERSON-12,#FEE08B,-105.3553333,39.40902778,10 - 15 Deg. F. / 3 - 6,,10 - 15 Deg. F.,6-Mar,10 - 15 Deg. F. / 3 - 6,10 - 15 / semi-humid,CO.2,#66e566,"semi-humid, cool",#FEE08B,E,NA,Y
ARFR-UT080-109-UINTAH-12,white,8,30,52,NA,1638,1,1,NA,N,NA,NA,NA,NA,NA,NA,NA,NA,NA,NA,NA,NA,NA,NA,NA,NA,NA,NA,NA,NA,NA,NA,NA,NA,NA,ARFR4-SOS-UT080-109-UINTAH-12,#aabe7f,-109.1426444,39.70802222,10 - 15 Deg. F. / 3 - 6,,10 - 15 Deg. F.,6-Mar,10 - 15 Deg. F. / 3 - 6,10 - 15 / semi-humid,UT.1,#66e566,"semi-humid, cool",#aabe7f,G,NA,NA
ARFR-WY930-44-LASANIMAS-13,white,8,30,53,NA,1639,1,1,NA,N,NA,NA,NA,NA,NA,NA,NA,NA,NA,NA,NA,NA,NA,NA,NA,NA,NA,NA,NA,NA,NA,NA,NA,NA,NA,ARFR4-SOS-WY930-44-LASANIMAS-13,#FDAE61,-104.6423889,37.16547222,15 - 20 Deg. F. / 3 - 6,,15 - 20 Deg. F.,6-Mar,15 - 20 Deg. F. / 3 - 6,15 - 20 / semi-humid,CO.1,#698b69,"semi-humid, warm",#FDAE61,D,NA,NA
ARFR-WY040-71-10,white,8,30,54,NA,1640,1,1,NA,N,NA,NA,NA,NA,NA,NA,NA,NA,NA,NA,NA,NA,NA,NA,NA,NA,NA,NA,NA,NA,NA,NA,NA,NA,NA,ARFR4-SOS-WY040-71-10,#66C2A5,-109.2433156,41.13271889,5 - 10 Deg. F. / 3 - 6,,5 - 10 Deg. F.,6-Mar,5 - 10 Deg. F. / 3 - 6,5 - 10 / semi-humid,WY.1,#a5c2f1,"semi-humid, cold",#66C2A5,I,NA,NA
ARFR-WY050-49-FREMONT-12,white,8,30,55,320,1641,1,1,NA,Y,0.0097,0.561,5.783505155,NA,NA,NA,NA,NA,NA,NA,NA,NA,NA,NA,NA,NA,NA,NA,NA,NA,NA,NA,NA,NA,NA,ARFR4-SOS-WY050-49-FREMONT-12,#5E4FA2,-109.34775,43.42663611,5 - 10 Deg. F. / 6 - 12,,5 - 10 Deg. F.,12-Jun,5 - 10 Deg. F. / 6 - 12,5 - 10 / semi-arid,WY.3,#ffb90f,"semi-arid, cold",#5E4FA2,K,NA,NA
ARFR-WY040-71-10,white,8,31,1,321,1642,1,1,NA,N,NA,NA,NA,NA,NA,NA,NA,NA,NA,NA,NA,NA,NA,NA,NA,NA,NA,NA,NA,NA,NA,NA,NA,NA,NA,ARFR4-SOS-WY040-71-10,#66C2A5,-109.2433156,41.13271889,5 - 10 Deg. F. / 3 - 6,,5 - 10 Deg. F.,6-Mar,5 - 10 Deg. F. / 3 - 6,5 - 10 / semi-humid,WY.1,#a5c2f1,"semi-humid, cold",#66C2A5,I,NA,NA
ARFR-WY040-71-10,white,8,31,2,NA,1643,1,1,15.83,N,NA,NA,NA,NA,15.83,0.103,0.05,NA,"Head/chaff combined, weighed with Mettler Toledo",Y,NA,NA,NA,NA,NA,NA,NA,NA,NA,NA,NA,NA,NA,NA,NA,ARFR4-SOS-WY040-71-10,#66C2A5,-109.2433156,41.13271889,5 - 10 Deg. F. / 3 - 6,,5 - 10 Deg. F.,6-Mar,5 - 10 Deg. F. / 3 - 6,5 - 10 / semi-humid,WY.1,#a5c2f1,"semi-humid, cold",#66C2A5,I,NA,NA
ARFR-CO932-316-JEFFERSON-12,white,8,31,3,NA,1644,1,1,NA,N,NA,NA,NA,NA,NA,NA,NA,NA,NA,NA,NA,NA,NA,NA,NA,NA,NA,NA,NA,NA,NA,NA,NA,NA,NA,ARFR4-SOS-CO932-316-JEFFERSON-12,#FFFF85,-105.358,39.66325,15 - 20 Deg. F. / 3 - 6,,15 - 20 Deg. F.,6-Mar,15 - 20 Deg. F. / 3 - 6,15 - 20 / semi-humid,CO.3,#698b69,"semi-humid, warm",#FFFF85,F,NA,NA
ARFR-WY930-44-LASANIMAS-13,white,8,31,4,NA,1645,0,0,NA,N,NA,NA,NA,NA,NA,NA,NA,NA,NA,NA,NA,NA,NA,NA,NA,NA,NA,NA,NA,NA,NA,NA,NA,NA,NA,ARFR4-SOS-WY930-44-LASANIMAS-13,#FDAE61,-104.6423889,37.16547222,15 - 20 Deg. F. / 3 - 6,,15 - 20 Deg. F.,6-Mar,15 - 20 Deg. F. / 3 - 6,15 - 20 / semi-humid,CO.1,#698b69,"semi-humid, warm",#FDAE61,D,NA,NA
ARFR-CO932-314-JEFFERSON-12,white,8,31,5,322,1646,1,1,NA,N,NA,NA,NA,NA,NA,NA,NA,NA,NA,NA,NA,NA,NA,NA,NA,NA,NA,NA,NA,NA,NA,NA,NA,NA,NA,ARFR4-SOS-CO932-314-JEFFERSON-12,#FEE08B,-105.3553333,39.40902778,10 - 15 Deg. F. / 3 - 6,,10 - 15 Deg. F.,6-Mar,10 - 15 Deg. F. / 3 - 6,10 - 15 / semi-humid,CO.2,#66e566,"semi-humid, cool",#FEE08B,E,NA,NA
ARFR-AZ930-423-NAVAJO-18,white,8,31,6,NA,1647,1,1,NA,N,NA,NA,NA,NA,NA,NA,NA,NA,NA,NA,NA,NA,NA,NA,NA,NA,NA,NA,NA,NA,NA,NA,NA,NA,NA,ARFR4-SOS-AZ930-423-NAVAJO-18,#9E0142,-110.431,36.45877,15 - 20 Deg. F. / 6 - 12,SdZones downloaded 20230823,15 - 20 Deg. F.,12-Jun,15 - 20 Deg. F. / 6 - 12,15 - 20 / semi-arid,AZ.1,#ee5c42,"semi-arid, warm",#9E0142,A,NA,NA
ARFR-CO932-294-11,white,8,31,7,NA,1648,1,1,NA,N,NA,NA,NA,NA,NA,NA,NA,NA,NA,NA,NA,NA,NA,NA,NA,NA,NA,NA,NA,NA,NA,NA,NA,NA,NA,ARFR4-SOS-CO932-294-11,#ABDDA4,-105.2030833,39.78458333,15 - 20 Deg. F. / 3 - 6,,15 - 20 Deg. F.,6-Mar,15 - 20 Deg. F. / 3 - 6,15 - 20 / semi-humid,CO.4,#698b69,"semi-humid, warm",#ABDDA4,H,NA,NA
ARFR-WY050-49-FREMONT-12,white,8,31,8,NA,1649,1,1,NA,N,NA,NA,NA,NA,NA,NA,NA,NA,NA,NA,NA,NA,NA,NA,NA,NA,NA,NA,NA,NA,NA,NA,NA,NA,NA,ARFR4-SOS-WY050-49-FREMONT-12,#5E4FA2,-109.34775,43.42663611,5 - 10 Deg. F. / 6 - 12,,5 - 10 Deg. F.,12-Jun,5 - 10 Deg. F. / 6 - 12,5 - 10 / semi-arid,WY.3,#ffb90f,"semi-arid, cold",#5E4FA2,K,NA,NA
ARFR-NM930N-66-11,white,8,31,9,NA,1650,1,1,NA,N,NA,NA,NA,NA,NA,NA,NA,NA,NA,NA,NA,NA,NA,NA,NA,NA,NA,NA,NA,NA,NA,NA,NA,NA,NA,ARFR4-SOS-NM930N-66-11,#F46D43,-107.2045028,36.76818611,10 - 15 Deg. F. / 3 - 6,,10 - 15 Deg. F.,6-Mar,10 - 15 Deg. F. / 3 - 6,10 - 15 / semi-humid,NM.1,#66e566,"semi-humid, cool",#F46D43,C,NA,NA
ARFR-CO932-316-JEFFERSON-12,white,8,31,10,323,1651,1,1,NA,N,NA,NA,NA,NA,NA,NA,NA,NA,NA,NA,NA,NA,NA,NA,NA,NA,NA,NA,NA,NA,NA,NA,NA,NA,NA,ARFR4-SOS-CO932-316-JEFFERSON-12,#FFFF85,-105.358,39.66325,15 - 20 Deg. F. / 3 - 6,,15 - 20 Deg. F.,6-Mar,15 - 20 Deg. F. / 3 - 6,15 - 20 / semi-humid,CO.3,#698b69,"semi-humid, warm",#FFFF85,F,NA,NA
ARFR-CO932-316-JEFFERSON-12,white,8,31,11,NA,1652,1,1,NA,N,NA,NA,NA,NA,NA,NA,NA,NA,NA,NA,NA,NA,NA,NA,NA,NA,NA,NA,NA,NA,NA,NA,NA,NA,NA,ARFR4-SOS-CO932-316-JEFFERSON-12,#FFFF85,-105.358,39.66325,15 - 20 Deg. F. / 3 - 6,,15 - 20 Deg. F.,6-Mar,15 - 20 Deg. F. / 3 - 6,15 - 20 / semi-humid,CO.3,#698b69,"semi-humid, warm",#FFFF85,F,NA,NA
ARFR-WY040-71-10,white,8,31,12,NA,1653,1,1,NA,N,NA,NA,NA,NA,NA,NA,NA,NA,NA,NA,NA,NA,NA,NA,NA,NA,NA,NA,NA,NA,NA,NA,NA,NA,NA,ARFR4-SOS-WY040-71-10,#66C2A5,-109.2433156,41.13271889,5 - 10 Deg. F. / 3 - 6,,5 - 10 Deg. F.,6-Mar,5 - 10 Deg. F. / 3 - 6,5 - 10 / semi-humid,WY.1,#a5c2f1,"semi-humid, cold",#66C2A5,I,NA,NA
ARFR-WY050-151-FREMONT-16,white,8,31,13,NA,1654,1,1,NA,Y,0.0063,0.783,12.42857143,NA,NA,NA,NA,NA,NA,NA,NA,NA,NA,NA,NA,NA,NA,NA,NA,NA,NA,NA,NA,NA,NA,ARFR4-SOS-WY050-151-FREMONT-16,#3288BD,-108.1704472,42.47886111,10 - 15 Deg. F. / 6 - 12,,10 - 15 Deg. F.,12-Jun,10 - 15 Deg. F. / 6 - 12,10 - 15 / semi-arid,WY.2,#cd8500,"semi-arid, cool",#3288BD,J,NA,NA
ARFR-NM930N-66-11,white,8,31,14,NA,1655,1,1,NA,N,NA,NA,NA,NA,NA,NA,NA,NA,NA,NA,NA,NA,NA,NA,NA,NA,NA,NA,NA,NA,NA,NA,NA,NA,NA,ARFR4-SOS-NM930N-66-11,#F46D43,-107.2045028,36.76818611,10 - 15 Deg. F. / 3 - 6,,10 - 15 Deg. F.,6-Mar,10 - 15 Deg. F. / 3 - 6,10 - 15 / semi-humid,NM.1,#66e566,"semi-humid, cool",#F46D43,C,NA,NA
ARFR-AZ930-423-NAVAJO-18,white,8,31,15,324,1656,1,1,NA,N,NA,NA,NA,NA,NA,NA,NA,NA,NA,NA,NA,NA,NA,NA,NA,NA,NA,NA,NA,NA,NA,NA,NA,NA,NA,ARFR4-SOS-AZ930-423-NAVAJO-18,#9E0142,-110.431,36.45877,15 - 20 Deg. F. / 6 - 12,SdZones downloaded 20230823,15 - 20 Deg. F.,12-Jun,15 - 20 Deg. F. / 6 - 12,15 - 20 / semi-arid,AZ.1,#ee5c42,"semi-arid, warm",#9E0142,A,NA,NA
ARFR-WY930-44-LASANIMAS-13,white,8,31,16,NA,1657,1,1,NA,N,NA,NA,NA,NA,NA,NA,NA,NA,NA,NA,NA,NA,NA,NA,NA,NA,NA,NA,NA,NA,NA,NA,NA,NA,NA,ARFR4-SOS-WY930-44-LASANIMAS-13,#FDAE61,-104.6423889,37.16547222,15 - 20 Deg. F. / 3 - 6,,15 - 20 Deg. F.,6-Mar,15 - 20 Deg. F. / 3 - 6,15 - 20 / semi-humid,CO.1,#698b69,"semi-humid, warm",#FDAE61,D,NA,NA
ARFR-WY050-49-FREMONT-12,white,8,31,17,NA,1658,1,1,NA,N,NA,NA,NA,NA,NA,NA,NA,NA,NA,NA,NA,NA,NA,NA,NA,NA,NA,NA,NA,NA,NA,NA,NA,NA,NA,ARFR4-SOS-WY050-49-FREMONT-12,#5E4FA2,-109.34775,43.42663611,5 - 10 Deg. F. / 6 - 12,,5 - 10 Deg. F.,12-Jun,5 - 10 Deg. F. / 6 - 12,5 - 10 / semi-arid,WY.3,#ffb90f,"semi-arid, cold",#5E4FA2,K,NA,NA
ARFR-UT080-109-UINTAH-12,white,8,31,18,NA,1659,0,0,NA,N,NA,NA,NA,NA,NA,NA,NA,NA,NA,NA,NA,NA,NA,NA,NA,NA,NA,NA,NA,NA,NA,NA,NA,NA,NA,ARFR4-SOS-UT080-109-UINTAH-12,#aabe7f,-109.1426444,39.70802222,10 - 15 Deg. F. / 3 - 6,,10 - 15 Deg. F.,6-Mar,10 - 15 Deg. F. / 3 - 6,10 - 15 / semi-humid,UT.1,#66e566,"semi-humid, cool",#aabe7f,G,NA,NA
ARFR-CO932-294-11,white,8,31,19,NA,1660,1,1,NA,N,NA,NA,NA,NA,NA,NA,NA,NA,NA,NA,NA,NA,NA,NA,NA,NA,NA,NA,NA,NA,NA,NA,NA,NA,NA,ARFR4-SOS-CO932-294-11,#ABDDA4,-105.2030833,39.78458333,15 - 20 Deg. F. / 3 - 6,,15 - 20 Deg. F.,6-Mar,15 - 20 Deg. F. / 3 - 6,15 - 20 / semi-humid,CO.4,#698b69,"semi-humid, warm",#ABDDA4,H,NA,NA
ARFR-WY050-49-FREMONT-12,white,8,31,20,325,1661,1,1,NA,N,NA,NA,NA,NA,NA,NA,NA,NA,NA,NA,NA,NA,NA,NA,NA,NA,NA,NA,NA,NA,NA,NA,NA,NA,NA,ARFR4-SOS-WY050-49-FREMONT-12,#5E4FA2,-109.34775,43.42663611,5 - 10 Deg. F. / 6 - 12,,5 - 10 Deg. F.,12-Jun,5 - 10 Deg. F. / 6 - 12,5 - 10 / semi-arid,WY.3,#ffb90f,"semi-arid, cold",#5E4FA2,K,NA,NA
ARFR-CO932-316-JEFFERSON-12,white,8,31,21,NA,1662,1,1,NA,N,NA,NA,NA,NA,NA,NA,NA,NA,NA,NA,NA,NA,NA,NA,NA,NA,NA,NA,NA,NA,NA,NA,NA,NA,NA,ARFR4-SOS-CO932-316-JEFFERSON-12,#FFFF85,-105.358,39.66325,15 - 20 Deg. F. / 3 - 6,,15 - 20 Deg. F.,6-Mar,15 - 20 Deg. F. / 3 - 6,15 - 20 / semi-humid,CO.3,#698b69,"semi-humid, warm",#FFFF85,F,NA,NA
ARFR-CO932-294-11,white,8,31,22,NA,1663,1,1,NA,N,NA,NA,NA,NA,NA,NA,NA,NA,NA,NA,NA,NA,NA,NA,NA,NA,NA,NA,NA,NA,NA,NA,NA,NA,NA,ARFR4-SOS-CO932-294-11,#ABDDA4,-105.2030833,39.78458333,15 - 20 Deg. F. / 3 - 6,,15 - 20 Deg. F.,6-Mar,15 - 20 Deg. F. / 3 - 6,15 - 20 / semi-humid,CO.4,#698b69,"semi-humid, warm",#ABDDA4,H,NA,NA
ARFR-WY040-71-10,white,8,31,23,NA,1664,1,1,NA,N,NA,NA,NA,NA,NA,NA,NA,NA,NA,NA,NA,NA,NA,NA,NA,NA,NA,NA,NA,NA,NA,NA,NA,NA,NA,ARFR4-SOS-WY040-71-10,#66C2A5,-109.2433156,41.13271889,5 - 10 Deg. F. / 3 - 6,,5 - 10 Deg. F.,6-Mar,5 - 10 Deg. F. / 3 - 6,5 - 10 / semi-humid,WY.1,#a5c2f1,"semi-humid, cold",#66C2A5,I,NA,NA
ARFR-NM930N-66-11,white,8,31,24,NA,1665,1,1,NA,N,NA,NA,NA,NA,NA,NA,NA,NA,NA,NA,NA,NA,NA,NA,NA,NA,NA,NA,NA,NA,NA,NA,NA,NA,NA,ARFR4-SOS-NM930N-66-11,#F46D43,-107.2045028,36.76818611,10 - 15 Deg. F. / 3 - 6,,10 - 15 Deg. F.,6-Mar,10 - 15 Deg. F. / 3 - 6,10 - 15 / semi-humid,NM.1,#66e566,"semi-humid, cool",#F46D43,C,NA,NA
ARFR-WY050-151-FREMONT-16,white,8,31,25,326,1666,1,1,NA,Y,0.0067,0.744,11.10447761,NA,NA,NA,NA,NA,NA,NA,NA,NA,NA,NA,NA,NA,NA,NA,NA,NA,NA,NA,NA,NA,NA,ARFR4-SOS-WY050-151-FREMONT-16,#3288BD,-108.1704472,42.47886111,10 - 15 Deg. F. / 6 - 12,,10 - 15 Deg. F.,12-Jun,10 - 15 Deg. F. / 6 - 12,10 - 15 / semi-arid,WY.2,#cd8500,"semi-arid, cool",#3288BD,J,NA,NA
ARFR-WY050-49-FREMONT-12,white,8,31,26,NA,1667,1,1,NA,N,NA,NA,NA,NA,NA,NA,NA,NA,NA,NA,NA,NA,NA,NA,NA,NA,NA,NA,NA,NA,NA,NA,NA,NA,NA,ARFR4-SOS-WY050-49-FREMONT-12,#5E4FA2,-109.34775,43.42663611,5 - 10 Deg. F. / 6 - 12,,5 - 10 Deg. F.,12-Jun,5 - 10 Deg. F. / 6 - 12,5 - 10 / semi-arid,WY.3,#ffb90f,"semi-arid, cold",#5E4FA2,K,NA,NA
ARFR-WY050-151-FREMONT-16,white,8,31,27,NA,1668,1,1,NA,N,NA,NA,NA,NA,NA,NA,NA,NA,NA,NA,NA,NA,NA,NA,NA,NA,NA,NA,NA,NA,NA,NA,NA,NA,NA,ARFR4-SOS-WY050-151-FREMONT-16,#3288BD,-108.1704472,42.47886111,10 - 15 Deg. F. / 6 - 12,,10 - 15 Deg. F.,12-Jun,10 - 15 Deg. F. / 6 - 12,10 - 15 / semi-arid,WY.2,#cd8500,"semi-arid, cool",#3288BD,J,NA,NA
ARFR-AZ930-423-NAVAJO-18,white,8,31,28,NA,1669,1,1,NA,N,NA,NA,NA,NA,NA,NA,NA,NA,NA,NA,NA,NA,NA,NA,NA,NA,NA,NA,NA,NA,NA,NA,NA,NA,NA,ARFR4-SOS-AZ930-423-NAVAJO-18,#9E0142,-110.431,36.45877,15 - 20 Deg. F. / 6 - 12,SdZones downloaded 20230823,15 - 20 Deg. F.,12-Jun,15 - 20 Deg. F. / 6 - 12,15 - 20 / semi-arid,AZ.1,#ee5c42,"semi-arid, warm",#9E0142,A,NA,NA
ARFR-CO932-314-JEFFERSON-12,white,8,31,29,NA,1670,1,1,NA,N,NA,NA,NA,NA,NA,NA,NA,NA,NA,NA,NA,NA,NA,NA,NA,NA,NA,NA,NA,NA,NA,NA,NA,NA,NA,ARFR4-SOS-CO932-314-JEFFERSON-12,#FEE08B,-105.3553333,39.40902778,10 - 15 Deg. F. / 3 - 6,,10 - 15 Deg. F.,6-Mar,10 - 15 Deg. F. / 3 - 6,10 - 15 / semi-humid,CO.2,#66e566,"semi-humid, cool",#FEE08B,E,NA,NA
ARFR-CO932-316-JEFFERSON-12,white,8,31,30,327,1671,1,1,NA,N,NA,NA,NA,NA,NA,NA,NA,NA,NA,NA,NA,NA,NA,NA,NA,NA,NA,NA,NA,NA,NA,NA,NA,NA,NA,ARFR4-SOS-CO932-316-JEFFERSON-12,#FFFF85,-105.358,39.66325,15 - 20 Deg. F. / 3 - 6,,15 - 20 Deg. F.,6-Mar,15 - 20 Deg. F. / 3 - 6,15 - 20 / semi-humid,CO.3,#698b69,"semi-humid, warm",#FFFF85,F,NA,NA
ARFR-AZ930-423-NAVAJO-18,white,8,31,31,NA,1672,1,1,NA,N,NA,NA,NA,NA,NA,NA,NA,NA,NA,NA,NA,NA,NA,NA,NA,NA,NA,NA,NA,NA,NA,NA,NA,NA,NA,ARFR4-SOS-AZ930-423-NAVAJO-18,#9E0142,-110.431,36.45877,15 - 20 Deg. F. / 6 - 12,SdZones downloaded 20230823,15 - 20 Deg. F.,12-Jun,15 - 20 Deg. F. / 6 - 12,15 - 20 / semi-arid,AZ.1,#ee5c42,"semi-arid, warm",#9E0142,A,NA,NA
ARFR-WY050-49-FREMONT-12,white,8,31,32,NA,1673,1,1,NA,N,NA,NA,NA,NA,NA,NA,NA,NA,NA,NA,NA,NA,NA,NA,NA,NA,NA,NA,NA,NA,NA,NA,NA,NA,NA,ARFR4-SOS-WY050-49-FREMONT-12,#5E4FA2,-109.34775,43.42663611,5 - 10 Deg. F. / 6 - 12,,5 - 10 Deg. F.,12-Jun,5 - 10 Deg. F. / 6 - 12,5 - 10 / semi-arid,WY.3,#ffb90f,"semi-arid, cold",#5E4FA2,K,NA,NA
ARFR-AZ930-422-NAVAJO-18,white,8,31,33,NA,1674,1,1,NA,N,NA,NA,NA,NA,NA,NA,NA,NA,NA,NA,NA,NA,NA,NA,NA,NA,NA,NA,NA,NA,NA,NA,NA,NA,NA,ARFR4-SOS-AZ930-422-NAVAJO-18,#D53E4F,-110.431,36.56805,15 - 20 Deg. F. / 6 - 12,Lats corrected 20230127,15 - 20 Deg. F.,12-Jun,15 - 20 Deg. F. / 6 - 12,15 - 20 / semi-arid,AZ.2,#ee5c42,"semi-arid, warm",#D53E4F,B,NA,NA
ARFR-AZ930-422-NAVAJO-18,white,8,31,34,NA,1675,1,1,NA,N,NA,NA,NA,NA,NA,NA,NA,NA,NA,NA,NA,NA,NA,NA,NA,NA,NA,NA,NA,NA,NA,NA,NA,NA,NA,ARFR4-SOS-AZ930-422-NAVAJO-18,#D53E4F,-110.431,36.56805,15 - 20 Deg. F. / 6 - 12,Lats corrected 20230127,15 - 20 Deg. F.,12-Jun,15 - 20 Deg. F. / 6 - 12,15 - 20 / semi-arid,AZ.2,#ee5c42,"semi-arid, warm",#D53E4F,B,NA,NA
ARFR-UT080-109-UINTAH-12,white,8,31,35,328,1676,1,1,NA,N,NA,NA,NA,NA,NA,NA,NA,NA,NA,NA,NA,NA,NA,NA,NA,NA,NA,NA,NA,NA,NA,NA,NA,NA,NA,ARFR4-SOS-UT080-109-UINTAH-12,#aabe7f,-109.1426444,39.70802222,10 - 15 Deg. F. / 3 - 6,,10 - 15 Deg. F.,6-Mar,10 - 15 Deg. F. / 3 - 6,10 - 15 / semi-humid,UT.1,#66e566,"semi-humid, cool",#aabe7f,G,NA,NA
ARFR-NM930N-66-11,white,8,31,36,NA,1677,1,NA,149.222,N,NA,NA,NA,NA,149.222,NA,11.72,7.52,NA,Y,NA,NA,NA,NA,NA,NA,NA,NA,NA,NA,NA,NA,NA,NA,NA,ARFR4-SOS-NM930N-66-11,#F46D43,-107.2045028,36.76818611,10 - 15 Deg. F. / 3 - 6,,10 - 15 Deg. F.,6-Mar,10 - 15 Deg. F. / 3 - 6,10 - 15 / semi-humid,NM.1,#66e566,"semi-humid, cool",#F46D43,C,NA,Y
ARFR-CO932-314-JEFFERSON-12,white,8,31,37,NA,1678,1,1,NA,N,NA,NA,NA,NA,NA,NA,NA,NA,NA,NA,NA,NA,NA,NA,NA,NA,NA,NA,NA,NA,NA,NA,NA,NA,NA,ARFR4-SOS-CO932-314-JEFFERSON-12,#FEE08B,-105.3553333,39.40902778,10 - 15 Deg. F. / 3 - 6,,10 - 15 Deg. F.,6-Mar,10 - 15 Deg. F. / 3 - 6,10 - 15 / semi-humid,CO.2,#66e566,"semi-humid, cool",#FEE08B,E,NA,NA
ARFR-UT080-109-UINTAH-12,white,8,31,38,NA,1679,1,1,NA,N,NA,NA,NA,NA,NA,NA,NA,NA,NA,NA,NA,NA,NA,NA,NA,NA,NA,NA,NA,NA,NA,NA,NA,NA,NA,ARFR4-SOS-UT080-109-UINTAH-12,#aabe7f,-109.1426444,39.70802222,10 - 15 Deg. F. / 3 - 6,,10 - 15 Deg. F.,6-Mar,10 - 15 Deg. F. / 3 - 6,10 - 15 / semi-humid,UT.1,#66e566,"semi-humid, cool",#aabe7f,G,NA,NA
ARFR-NM930N-66-11,white,8,31,39,NA,1680,1,1,NA,N,NA,NA,NA,NA,NA,NA,NA,NA,NA,NA,NA,NA,NA,NA,NA,NA,NA,NA,NA,NA,NA,NA,NA,NA,NA,ARFR4-SOS-NM930N-66-11,#F46D43,-107.2045028,36.76818611,10 - 15 Deg. F. / 3 - 6,,10 - 15 Deg. F.,6-Mar,10 - 15 Deg. F. / 3 - 6,10 - 15 / semi-humid,NM.1,#66e566,"semi-humid, cool",#F46D43,C,NA,NA
ARFR-WY040-71-10,white,8,31,40,329,1681,1,1,NA,N,NA,NA,NA,NA,NA,NA,NA,NA,NA,NA,NA,NA,NA,NA,NA,NA,NA,NA,NA,NA,NA,NA,NA,NA,NA,ARFR4-SOS-WY040-71-10,#66C2A5,-109.2433156,41.13271889,5 - 10 Deg. F. / 3 - 6,,5 - 10 Deg. F.,6-Mar,5 - 10 Deg. F. / 3 - 6,5 - 10 / semi-humid,WY.1,#a5c2f1,"semi-humid, cold",#66C2A5,I,NA,NA
ARFR-AZ930-423-NAVAJO-18,white,8,31,41,NA,1682,1,1,NA,N,NA,NA,NA,NA,NA,NA,NA,NA,NA,NA,NA,NA,NA,NA,NA,NA,NA,NA,NA,NA,NA,NA,NA,NA,NA,ARFR4-SOS-AZ930-423-NAVAJO-18,#9E0142,-110.431,36.45877,15 - 20 Deg. F. / 6 - 12,SdZones downloaded 20230823,15 - 20 Deg. F.,12-Jun,15 - 20 Deg. F. / 6 - 12,15 - 20 / semi-arid,AZ.1,#ee5c42,"semi-arid, warm",#9E0142,A,NA,NA
ARFR-CO932-316-JEFFERSON-12,white,8,31,42,NA,1683,1,1,NA,N,NA,NA,NA,NA,NA,NA,NA,NA,NA,NA,NA,NA,NA,NA,NA,NA,NA,NA,NA,NA,NA,NA,NA,NA,NA,ARFR4-SOS-CO932-316-JEFFERSON-12,#FFFF85,-105.358,39.66325,15 - 20 Deg. F. / 3 - 6,,15 - 20 Deg. F.,6-Mar,15 - 20 Deg. F. / 3 - 6,15 - 20 / semi-humid,CO.3,#698b69,"semi-humid, warm",#FFFF85,F,NA,NA
ARFR-CO932-316-JEFFERSON-12,white,8,31,43,NA,1684,1,1,NA,N,NA,NA,NA,NA,NA,NA,NA,NA,NA,NA,NA,NA,NA,NA,NA,NA,NA,NA,NA,NA,NA,NA,NA,NA,NA,ARFR4-SOS-CO932-316-JEFFERSON-12,#FFFF85,-105.358,39.66325,15 - 20 Deg. F. / 3 - 6,,15 - 20 Deg. F.,6-Mar,15 - 20 Deg. F. / 3 - 6,15 - 20 / semi-humid,CO.3,#698b69,"semi-humid, warm",#FFFF85,F,NA,NA
ARFR-UT080-109-UINTAH-12,white,8,31,44,NA,1685,1,1,NA,N,NA,NA,NA,NA,NA,NA,NA,NA,NA,NA,NA,NA,NA,NA,NA,NA,NA,NA,NA,NA,NA,NA,NA,NA,NA,ARFR4-SOS-UT080-109-UINTAH-12,#aabe7f,-109.1426444,39.70802222,10 - 15 Deg. F. / 3 - 6,,10 - 15 Deg. F.,6-Mar,10 - 15 Deg. F. / 3 - 6,10 - 15 / semi-humid,UT.1,#66e566,"semi-humid, cool",#aabe7f,G,NA,NA
ARFR-AZ930-423-NAVAJO-18,white,8,31,45,330,1686,1,1,NA,N,NA,NA,NA,NA,NA,NA,NA,NA,NA,NA,NA,NA,NA,NA,NA,NA,NA,NA,NA,NA,NA,NA,NA,NA,NA,ARFR4-SOS-AZ930-423-NAVAJO-18,#9E0142,-110.431,36.45877,15 - 20 Deg. F. / 6 - 12,SdZones downloaded 20230823,15 - 20 Deg. F.,12-Jun,15 - 20 Deg. F. / 6 - 12,15 - 20 / semi-arid,AZ.1,#ee5c42,"semi-arid, warm",#9E0142,A,NA,NA
ARFR-WY040-71-10,white,8,31,46,NA,1687,1,1,NA,N,NA,NA,NA,NA,NA,NA,NA,NA,NA,NA,NA,NA,NA,NA,NA,NA,NA,NA,NA,NA,NA,NA,NA,NA,NA,ARFR4-SOS-WY040-71-10,#66C2A5,-109.2433156,41.13271889,5 - 10 Deg. F. / 3 - 6,,5 - 10 Deg. F.,6-Mar,5 - 10 Deg. F. / 3 - 6,5 - 10 / semi-humid,WY.1,#a5c2f1,"semi-humid, cold",#66C2A5,I,NA,NA
ARFR-WY050-49-FREMONT-12,white,8,31,47,NA,1688,1,1,NA,N,NA,NA,NA,NA,NA,NA,NA,NA,NA,NA,NA,NA,NA,NA,NA,NA,NA,NA,NA,NA,NA,NA,NA,NA,NA,ARFR4-SOS-WY050-49-FREMONT-12,#5E4FA2,-109.34775,43.42663611,5 - 10 Deg. F. / 6 - 12,,5 - 10 Deg. F.,12-Jun,5 - 10 Deg. F. / 6 - 12,5 - 10 / semi-arid,WY.3,#ffb90f,"semi-arid, cold",#5E4FA2,K,NA,NA
ARFR-CO932-294-11,white,8,31,48,NA,1689,1,1,NA,N,NA,NA,NA,NA,NA,NA,NA,NA,NA,NA,NA,NA,NA,NA,NA,NA,NA,NA,NA,NA,NA,NA,NA,NA,NA,ARFR4-SOS-CO932-294-11,#ABDDA4,-105.2030833,39.78458333,15 - 20 Deg. F. / 3 - 6,,15 - 20 Deg. F.,6-Mar,15 - 20 Deg. F. / 3 - 6,15 - 20 / semi-humid,CO.4,#698b69,"semi-humid, warm",#ABDDA4,H,NA,NA
ARFR-WY930-44-LASANIMAS-13,white,8,31,49,NA,1690,1,1,NA,N,NA,NA,NA,NA,NA,NA,NA,NA,NA,NA,NA,NA,NA,NA,NA,NA,NA,NA,NA,NA,NA,NA,NA,NA,NA,ARFR4-SOS-WY930-44-LASANIMAS-13,#FDAE61,-104.6423889,37.16547222,15 - 20 Deg. F. / 3 - 6,,15 - 20 Deg. F.,6-Mar,15 - 20 Deg. F. / 3 - 6,15 - 20 / semi-humid,CO.1,#698b69,"semi-humid, warm",#FDAE61,D,NA,NA
ARFR-CO932-314-JEFFERSON-12,white,8,31,50,331,1691,1,1,NA,N,NA,NA,NA,NA,NA,NA,NA,NA,NA,NA,NA,NA,NA,NA,NA,NA,NA,NA,NA,NA,NA,NA,NA,NA,NA,ARFR4-SOS-CO932-314-JEFFERSON-12,#FEE08B,-105.3553333,39.40902778,10 - 15 Deg. F. / 3 - 6,,10 - 15 Deg. F.,6-Mar,10 - 15 Deg. F. / 3 - 6,10 - 15 / semi-humid,CO.2,#66e566,"semi-humid, cool",#FEE08B,E,NA,NA
ARFR-CO932-314-JEFFERSON-12,white,8,31,51,NA,1692,1,1,NA,N,NA,NA,NA,NA,NA,NA,NA,NA,NA,NA,NA,NA,NA,NA,NA,NA,NA,NA,NA,NA,NA,NA,NA,NA,NA,ARFR4-SOS-CO932-314-JEFFERSON-12,#FEE08B,-105.3553333,39.40902778,10 - 15 Deg. F. / 3 - 6,,10 - 15 Deg. F.,6-Mar,10 - 15 Deg. F. / 3 - 6,10 - 15 / semi-humid,CO.2,#66e566,"semi-humid, cool",#FEE08B,E,NA,NA
ARFR-WY930-44-LASANIMAS-13,white,8,31,52,NA,1693,1,1,NA,N,NA,NA,NA,NA,NA,NA,NA,NA,NA,NA,NA,NA,NA,NA,NA,NA,NA,NA,NA,NA,NA,NA,NA,NA,NA,ARFR4-SOS-WY930-44-LASANIMAS-13,#FDAE61,-104.6423889,37.16547222,15 - 20 Deg. F. / 3 - 6,,15 - 20 Deg. F.,6-Mar,15 - 20 Deg. F. / 3 - 6,15 - 20 / semi-humid,CO.1,#698b69,"semi-humid, warm",#FDAE61,D,NA,NA
ARFR-AZ930-422-NAVAJO-18,white,8,31,53,NA,1694,1,1,NA,N,NA,NA,NA,NA,NA,NA,NA,NA,NA,NA,NA,NA,NA,NA,NA,NA,NA,NA,NA,NA,NA,NA,NA,NA,NA,ARFR4-SOS-AZ930-422-NAVAJO-18,#D53E4F,-110.431,36.56805,15 - 20 Deg. F. / 6 - 12,Lats corrected 20230127,15 - 20 Deg. F.,12-Jun,15 - 20 Deg. F. / 6 - 12,15 - 20 / semi-arid,AZ.2,#ee5c42,"semi-arid, warm",#D53E4F,B,NA,NA
ARFR-AZ930-423-NAVAJO-18,white,8,31,54,NA,1695,1,1,NA,N,NA,NA,NA,NA,NA,NA,NA,NA,NA,NA,NA,NA,NA,NA,NA,NA,NA,NA,NA,NA,NA,NA,NA,NA,NA,ARFR4-SOS-AZ930-423-NAVAJO-18,#9E0142,-110.431,36.45877,15 - 20 Deg. F. / 6 - 12,SdZones downloaded 20230823,15 - 20 Deg. F.,12-Jun,15 - 20 Deg. F. / 6 - 12,15 - 20 / semi-arid,AZ.1,#ee5c42,"semi-arid, warm",#9E0142,A,NA,NA
ARFR-NM930N-66-11,white,8,31,55,332,1696,1,1,NA,N,NA,NA,NA,NA,NA,NA,NA,NA,NA,NA,NA,NA,NA,NA,NA,NA,NA,NA,NA,NA,NA,NA,NA,NA,NA,ARFR4-SOS-NM930N-66-11,#F46D43,-107.2045028,36.76818611,10 - 15 Deg. F. / 3 - 6,,10 - 15 Deg. F.,6-Mar,10 - 15 Deg. F. / 3 - 6,10 - 15 / semi-humid,NM.1,#66e566,"semi-humid, cool",#F46D43,C,NA,NA
ARFR-NM930N-66-11,white,8,32,1,321,1697,1,1,NA,N,NA,NA,NA,NA,NA,NA,NA,NA,NA,NA,NA,NA,NA,NA,NA,NA,NA,NA,NA,NA,NA,NA,NA,NA,NA,ARFR4-SOS-NM930N-66-11,#F46D43,-107.2045028,36.76818611,10 - 15 Deg. F. / 3 - 6,,10 - 15 Deg. F.,6-Mar,10 - 15 Deg. F. / 3 - 6,10 - 15 / semi-humid,NM.1,#66e566,"semi-humid, cool",#F46D43,C,NA,NA
ARFR-AZ930-423-NAVAJO-18,white,8,32,2,NA,1698,1,1,NA,N,NA,NA,NA,NA,NA,NA,NA,NA,NA,NA,NA,NA,NA,NA,NA,NA,NA,NA,NA,NA,NA,NA,NA,NA,NA,ARFR4-SOS-AZ930-423-NAVAJO-18,#9E0142,-110.431,36.45877,15 - 20 Deg. F. / 6 - 12,SdZones downloaded 20230823,15 - 20 Deg. F.,12-Jun,15 - 20 Deg. F. / 6 - 12,15 - 20 / semi-arid,AZ.1,#ee5c42,"semi-arid, warm",#9E0142,A,NA,NA
ARFR-WY050-151-FREMONT-16,white,8,32,3,NA,1699,1,1,NA,N,NA,NA,NA,NA,NA,NA,NA,NA,NA,NA,NA,NA,NA,NA,NA,NA,NA,NA,NA,NA,NA,NA,NA,NA,NA,ARFR4-SOS-WY050-151-FREMONT-16,#3288BD,-108.1704472,42.47886111,10 - 15 Deg. F. / 6 - 12,,10 - 15 Deg. F.,12-Jun,10 - 15 Deg. F. / 6 - 12,10 - 15 / semi-arid,WY.2,#cd8500,"semi-arid, cool",#3288BD,J,NA,NA
ARFR-UT080-109-UINTAH-12,white,8,32,4,NA,1700,1,1,NA,N,NA,NA,NA,NA,NA,NA,NA,NA,NA,NA,NA,NA,NA,NA,NA,NA,NA,NA,NA,NA,NA,NA,NA,NA,NA,ARFR4-SOS-UT080-109-UINTAH-12,#aabe7f,-109.1426444,39.70802222,10 - 15 Deg. F. / 3 - 6,,10 - 15 Deg. F.,6-Mar,10 - 15 Deg. F. / 3 - 6,10 - 15 / semi-humid,UT.1,#66e566,"semi-humid, cool",#aabe7f,G,NA,NA
ARFR-CO932-294-11,white,8,32,5,322,1701,1,1,NA,N,NA,NA,NA,NA,NA,NA,NA,NA,NA,NA,NA,NA,NA,NA,NA,NA,NA,NA,NA,NA,NA,NA,NA,NA,NA,ARFR4-SOS-CO932-294-11,#ABDDA4,-105.2030833,39.78458333,15 - 20 Deg. F. / 3 - 6,,15 - 20 Deg. F.,6-Mar,15 - 20 Deg. F. / 3 - 6,15 - 20 / semi-humid,CO.4,#698b69,"semi-humid, warm",#ABDDA4,H,NA,NA
ARFR-WY050-151-FREMONT-16,white,8,32,6,NA,1702,1,1,60.562,N,NA,NA,NA,NA,60.562,20.54,4.35,7.14,NA,Y,NA,NA,NA,NA,NA,NA,NA,NA,NA,NA,NA,NA,NA,NA,NA,ARFR4-SOS-WY050-151-FREMONT-16,#3288BD,-108.1704472,42.47886111,10 - 15 Deg. F. / 6 - 12,,10 - 15 Deg. F.,12-Jun,10 - 15 Deg. F. / 6 - 12,10 - 15 / semi-arid,WY.2,#cd8500,"semi-arid, cool",#3288BD,J,NA,NA
ARFR-CO932-316-JEFFERSON-12,white,8,32,7,NA,1703,1,1,NA,N,NA,NA,NA,NA,NA,NA,NA,NA,NA,NA,NA,NA,NA,NA,NA,NA,NA,NA,NA,NA,NA,NA,NA,NA,NA,ARFR4-SOS-CO932-316-JEFFERSON-12,#FFFF85,-105.358,39.66325,15 - 20 Deg. F. / 3 - 6,,15 - 20 Deg. F.,6-Mar,15 - 20 Deg. F. / 3 - 6,15 - 20 / semi-humid,CO.3,#698b69,"semi-humid, warm",#FFFF85,F,NA,NA
ARFR-UT080-109-UINTAH-12,white,8,32,8,NA,1704,1,1,NA,N,NA,NA,NA,NA,NA,NA,NA,NA,NA,NA,NA,NA,NA,NA,NA,NA,NA,NA,NA,NA,NA,NA,NA,NA,NA,ARFR4-SOS-UT080-109-UINTAH-12,#aabe7f,-109.1426444,39.70802222,10 - 15 Deg. F. / 3 - 6,,10 - 15 Deg. F.,6-Mar,10 - 15 Deg. F. / 3 - 6,10 - 15 / semi-humid,UT.1,#66e566,"semi-humid, cool",#aabe7f,G,NA,NA
ARFR-WY050-151-FREMONT-16,white,8,32,9,NA,1705,1,1,NA,N,NA,NA,NA,NA,NA,NA,NA,NA,NA,NA,NA,NA,NA,NA,NA,NA,NA,NA,NA,NA,NA,NA,NA,NA,NA,ARFR4-SOS-WY050-151-FREMONT-16,#3288BD,-108.1704472,42.47886111,10 - 15 Deg. F. / 6 - 12,,10 - 15 Deg. F.,12-Jun,10 - 15 Deg. F. / 6 - 12,10 - 15 / semi-arid,WY.2,#cd8500,"semi-arid, cool",#3288BD,J,NA,NA
ARFR-CO932-316-JEFFERSON-12,white,8,32,10,323,1706,1,1,NA,N,NA,NA,NA,NA,NA,NA,NA,NA,NA,NA,NA,NA,NA,NA,NA,NA,NA,NA,NA,NA,NA,NA,NA,NA,NA,ARFR4-SOS-CO932-316-JEFFERSON-12,#FFFF85,-105.358,39.66325,15 - 20 Deg. F. / 3 - 6,,15 - 20 Deg. F.,6-Mar,15 - 20 Deg. F. / 3 - 6,15 - 20 / semi-humid,CO.3,#698b69,"semi-humid, warm",#FFFF85,F,NA,NA
ARFR-WY040-71-10,white,8,32,11,NA,1707,1,1,NA,N,NA,NA,NA,NA,NA,NA,NA,NA,NA,NA,NA,NA,NA,NA,NA,NA,NA,NA,NA,NA,NA,NA,NA,NA,NA,ARFR4-SOS-WY040-71-10,#66C2A5,-109.2433156,41.13271889,5 - 10 Deg. F. / 3 - 6,,5 - 10 Deg. F.,6-Mar,5 - 10 Deg. F. / 3 - 6,5 - 10 / semi-humid,WY.1,#a5c2f1,"semi-humid, cold",#66C2A5,I,NA,NA
ARFR-CO932-294-11,white,8,32,12,NA,1708,1,1,NA,N,NA,NA,NA,NA,NA,NA,NA,NA,NA,NA,NA,NA,NA,NA,NA,NA,NA,NA,NA,NA,NA,NA,NA,NA,NA,ARFR4-SOS-CO932-294-11,#ABDDA4,-105.2030833,39.78458333,15 - 20 Deg. F. / 3 - 6,,15 - 20 Deg. F.,6-Mar,15 - 20 Deg. F. / 3 - 6,15 - 20 / semi-humid,CO.4,#698b69,"semi-humid, warm",#ABDDA4,H,NA,NA
ARFR-WY040-71-10,white,8,32,13,NA,1709,1,1,NA,N,NA,NA,NA,NA,NA,NA,NA,NA,NA,NA,NA,NA,NA,NA,NA,NA,NA,NA,NA,NA,NA,NA,NA,NA,NA,ARFR4-SOS-WY040-71-10,#66C2A5,-109.2433156,41.13271889,5 - 10 Deg. F. / 3 - 6,,5 - 10 Deg. F.,6-Mar,5 - 10 Deg. F. / 3 - 6,5 - 10 / semi-humid,WY.1,#a5c2f1,"semi-humid, cold",#66C2A5,I,NA,NA
ARFR-AZ930-422-NAVAJO-18,white,8,32,14,NA,1710,1,1,NA,N,NA,NA,NA,NA,NA,NA,NA,NA,NA,NA,NA,NA,NA,NA,NA,NA,NA,NA,NA,NA,NA,NA,NA,NA,NA,ARFR4-SOS-AZ930-422-NAVAJO-18,#D53E4F,-110.431,36.56805,15 - 20 Deg. F. / 6 - 12,Lats corrected 20230127,15 - 20 Deg. F.,12-Jun,15 - 20 Deg. F. / 6 - 12,15 - 20 / semi-arid,AZ.2,#ee5c42,"semi-arid, warm",#D53E4F,B,NA,NA
ARFR-CO932-316-JEFFERSON-12,white,8,32,15,324,1711,1,1,NA,N,NA,NA,NA,NA,NA,NA,NA,NA,NA,NA,NA,NA,NA,NA,NA,NA,NA,NA,NA,NA,NA,NA,NA,NA,NA,ARFR4-SOS-CO932-316-JEFFERSON-12,#FFFF85,-105.358,39.66325,15 - 20 Deg. F. / 3 - 6,,15 - 20 Deg. F.,6-Mar,15 - 20 Deg. F. / 3 - 6,15 - 20 / semi-humid,CO.3,#698b69,"semi-humid, warm",#FFFF85,F,NA,NA
ARFR-CO932-314-JEFFERSON-12,white,8,32,16,NA,1712,1,1,NA,N,NA,NA,NA,NA,NA,NA,NA,NA,NA,NA,NA,NA,NA,NA,NA,NA,NA,NA,NA,NA,NA,NA,NA,NA,NA,ARFR4-SOS-CO932-314-JEFFERSON-12,#FEE08B,-105.3553333,39.40902778,10 - 15 Deg. F. / 3 - 6,,10 - 15 Deg. F.,6-Mar,10 - 15 Deg. F. / 3 - 6,10 - 15 / semi-humid,CO.2,#66e566,"semi-humid, cool",#FEE08B,E,NA,NA
ARFR-WY050-151-FREMONT-16,white,8,32,17,NA,1713,1,1,NA,N,NA,NA,NA,NA,NA,NA,NA,NA,NA,NA,NA,NA,NA,NA,NA,NA,NA,NA,NA,NA,NA,NA,NA,NA,NA,ARFR4-SOS-WY050-151-FREMONT-16,#3288BD,-108.1704472,42.47886111,10 - 15 Deg. F. / 6 - 12,,10 - 15 Deg. F.,12-Jun,10 - 15 Deg. F. / 6 - 12,10 - 15 / semi-arid,WY.2,#cd8500,"semi-arid, cool",#3288BD,J,NA,NA
ARFR-WY050-151-FREMONT-16,white,8,32,18,NA,1714,1,1,NA,N,NA,NA,NA,NA,NA,NA,NA,NA,NA,NA,NA,NA,NA,NA,NA,NA,NA,NA,NA,NA,NA,NA,NA,NA,NA,ARFR4-SOS-WY050-151-FREMONT-16,#3288BD,-108.1704472,42.47886111,10 - 15 Deg. F. / 6 - 12,,10 - 15 Deg. F.,12-Jun,10 - 15 Deg. F. / 6 - 12,10 - 15 / semi-arid,WY.2,#cd8500,"semi-arid, cool",#3288BD,J,NA,NA
ARFR-CO932-314-JEFFERSON-12,white,8,32,19,NA,1715,1,1,NA,N,NA,NA,NA,NA,NA,NA,NA,NA,NA,NA,NA,NA,NA,NA,NA,NA,NA,NA,NA,NA,NA,NA,NA,NA,NA,ARFR4-SOS-CO932-314-JEFFERSON-12,#FEE08B,-105.3553333,39.40902778,10 - 15 Deg. F. / 3 - 6,,10 - 15 Deg. F.,6-Mar,10 - 15 Deg. F. / 3 - 6,10 - 15 / semi-humid,CO.2,#66e566,"semi-humid, cool",#FEE08B,E,NA,NA
ARFR-CO932-294-11,white,8,32,20,325,1716,1,1,NA,N,NA,NA,NA,NA,NA,NA,NA,NA,NA,NA,NA,NA,NA,NA,NA,NA,NA,NA,NA,NA,NA,NA,NA,NA,NA,ARFR4-SOS-CO932-294-11,#ABDDA4,-105.2030833,39.78458333,15 - 20 Deg. F. / 3 - 6,,15 - 20 Deg. F.,6-Mar,15 - 20 Deg. F. / 3 - 6,15 - 20 / semi-humid,CO.4,#698b69,"semi-humid, warm",#ABDDA4,H,NA,NA
ARFR-WY040-71-10,white,8,32,21,NA,1717,1,1,NA,N,NA,NA,NA,NA,NA,NA,NA,NA,NA,NA,NA,NA,NA,NA,NA,NA,NA,NA,NA,NA,NA,NA,NA,NA,NA,ARFR4-SOS-WY040-71-10,#66C2A5,-109.2433156,41.13271889,5 - 10 Deg. F. / 3 - 6,,5 - 10 Deg. F.,6-Mar,5 - 10 Deg. F. / 3 - 6,5 - 10 / semi-humid,WY.1,#a5c2f1,"semi-humid, cold",#66C2A5,I,NA,NA
ARFR-AZ930-423-NAVAJO-18,white,8,32,22,NA,1718,1,1,NA,N,NA,NA,NA,NA,NA,NA,NA,NA,NA,NA,NA,NA,NA,NA,NA,NA,NA,NA,NA,NA,NA,NA,NA,NA,NA,ARFR4-SOS-AZ930-423-NAVAJO-18,#9E0142,-110.431,36.45877,15 - 20 Deg. F. / 6 - 12,SdZones downloaded 20230823,15 - 20 Deg. F.,12-Jun,15 - 20 Deg. F. / 6 - 12,15 - 20 / semi-arid,AZ.1,#ee5c42,"semi-arid, warm",#9E0142,A,NA,NA
ARFR-UT080-109-UINTAH-12,white,8,32,23,NA,1719,1,1,NA,N,NA,NA,NA,NA,NA,NA,NA,NA,NA,NA,NA,NA,NA,NA,NA,NA,NA,NA,NA,NA,NA,NA,NA,NA,NA,ARFR4-SOS-UT080-109-UINTAH-12,#aabe7f,-109.1426444,39.70802222,10 - 15 Deg. F. / 3 - 6,,10 - 15 Deg. F.,6-Mar,10 - 15 Deg. F. / 3 - 6,10 - 15 / semi-humid,UT.1,#66e566,"semi-humid, cool",#aabe7f,G,NA,NA
ARFR-WY930-44-LASANIMAS-13,white,8,32,24,NA,1720,1,1,NA,N,NA,NA,NA,NA,NA,NA,NA,NA,NA,NA,NA,NA,NA,NA,NA,NA,NA,NA,NA,NA,NA,NA,NA,NA,NA,ARFR4-SOS-WY930-44-LASANIMAS-13,#FDAE61,-104.6423889,37.16547222,15 - 20 Deg. F. / 3 - 6,,15 - 20 Deg. F.,6-Mar,15 - 20 Deg. F. / 3 - 6,15 - 20 / semi-humid,CO.1,#698b69,"semi-humid, warm",#FDAE61,D,NA,NA
ARFR-CO932-316-JEFFERSON-12,white,8,32,25,326,1721,1,1,NA,N,NA,NA,NA,NA,NA,NA,NA,NA,NA,NA,NA,NA,NA,NA,NA,NA,NA,NA,NA,NA,NA,NA,NA,NA,NA,ARFR4-SOS-CO932-316-JEFFERSON-12,#FFFF85,-105.358,39.66325,15 - 20 Deg. F. / 3 - 6,,15 - 20 Deg. F.,6-Mar,15 - 20 Deg. F. / 3 - 6,15 - 20 / semi-humid,CO.3,#698b69,"semi-humid, warm",#FFFF85,F,NA,NA
ARFR-WY930-44-LASANIMAS-13,white,8,32,26,NA,1722,1,1,NA,N,NA,NA,NA,NA,NA,NA,NA,NA,NA,NA,NA,NA,NA,NA,NA,NA,NA,NA,NA,NA,NA,NA,NA,NA,NA,ARFR4-SOS-WY930-44-LASANIMAS-13,#FDAE61,-104.6423889,37.16547222,15 - 20 Deg. F. / 3 - 6,,15 - 20 Deg. F.,6-Mar,15 - 20 Deg. F. / 3 - 6,15 - 20 / semi-humid,CO.1,#698b69,"semi-humid, warm",#FDAE61,D,NA,NA
ARFR-CO932-314-JEFFERSON-12,white,8,32,27,NA,1723,0,NA,NA,N,NA,NA,NA,NA,NA,NA,NA,NA,NA,NA,NA,NA,NA,NA,NA,NA,NA,NA,NA,NA,NA,NA,NA,NA,NA,ARFR4-SOS-CO932-314-JEFFERSON-12,#FEE08B,-105.3553333,39.40902778,10 - 15 Deg. F. / 3 - 6,,10 - 15 Deg. F.,6-Mar,10 - 15 Deg. F. / 3 - 6,10 - 15 / semi-humid,CO.2,#66e566,"semi-humid, cool",#FEE08B,E,NA,NA
ARFR-AZ930-422-NAVAJO-18,white,8,32,28,NA,1724,1,1,NA,N,NA,NA,NA,NA,NA,NA,NA,NA,NA,NA,NA,NA,NA,NA,NA,NA,NA,NA,NA,NA,NA,NA,NA,NA,NA,ARFR4-SOS-AZ930-422-NAVAJO-18,#D53E4F,-110.431,36.56805,15 - 20 Deg. F. / 6 - 12,Lats corrected 20230127,15 - 20 Deg. F.,12-Jun,15 - 20 Deg. F. / 6 - 12,15 - 20 / semi-arid,AZ.2,#ee5c42,"semi-arid, warm",#D53E4F,B,NA,NA
ARFR-WY050-49-FREMONT-12,white,8,32,29,NA,1725,1,1,NA,N,NA,NA,NA,NA,NA,NA,NA,NA,NA,NA,NA,NA,NA,NA,NA,NA,NA,NA,NA,NA,NA,NA,NA,NA,NA,ARFR4-SOS-WY050-49-FREMONT-12,#5E4FA2,-109.34775,43.42663611,5 - 10 Deg. F. / 6 - 12,,5 - 10 Deg. F.,12-Jun,5 - 10 Deg. F. / 6 - 12,5 - 10 / semi-arid,WY.3,#ffb90f,"semi-arid, cold",#5E4FA2,K,NA,NA
ARFR-NM930N-66-11,white,8,32,30,327,1726,1,1,NA,N,NA,NA,NA,NA,NA,NA,NA,NA,NA,NA,NA,NA,NA,NA,NA,NA,NA,NA,NA,NA,NA,NA,NA,NA,NA,ARFR4-SOS-NM930N-66-11,#F46D43,-107.2045028,36.76818611,10 - 15 Deg. F. / 3 - 6,,10 - 15 Deg. F.,6-Mar,10 - 15 Deg. F. / 3 - 6,10 - 15 / semi-humid,NM.1,#66e566,"semi-humid, cool",#F46D43,C,NA,NA
ARFR-AZ930-423-NAVAJO-18,white,8,32,31,NA,1727,1,1,NA,N,NA,NA,NA,NA,NA,NA,NA,NA,NA,NA,NA,NA,NA,NA,NA,NA,NA,NA,NA,NA,NA,NA,NA,NA,NA,ARFR4-SOS-AZ930-423-NAVAJO-18,#9E0142,-110.431,36.45877,15 - 20 Deg. F. / 6 - 12,SdZones downloaded 20230823,15 - 20 Deg. F.,12-Jun,15 - 20 Deg. F. / 6 - 12,15 - 20 / semi-arid,AZ.1,#ee5c42,"semi-arid, warm",#9E0142,A,NA,NA
ARFR-WY040-71-10,white,8,32,32,NA,1728,1,1,NA,N,NA,NA,NA,NA,NA,NA,NA,NA,NA,NA,NA,NA,NA,NA,NA,NA,NA,NA,NA,NA,NA,NA,NA,NA,NA,ARFR4-SOS-WY040-71-10,#66C2A5,-109.2433156,41.13271889,5 - 10 Deg. F. / 3 - 6,,5 - 10 Deg. F.,6-Mar,5 - 10 Deg. F. / 3 - 6,5 - 10 / semi-humid,WY.1,#a5c2f1,"semi-humid, cold",#66C2A5,I,NA,NA
ARFR-UT080-109-UINTAH-12,white,8,32,33,NA,1729,1,1,6.31,N,NA,NA,NA,NA,6.31,0.34,0.04,NA,Head and chaff combined - weighed with Mettler Tuledo,Y,NA,NA,NA,NA,NA,NA,NA,NA,NA,NA,NA,NA,NA,NA,NA,ARFR4-SOS-UT080-109-UINTAH-12,#aabe7f,-109.1426444,39.70802222,10 - 15 Deg. F. / 3 - 6,,10 - 15 Deg. F.,6-Mar,10 - 15 Deg. F. / 3 - 6,10 - 15 / semi-humid,UT.1,#66e566,"semi-humid, cool",#aabe7f,G,NA,NA
ARFR-CO932-314-JEFFERSON-12,white,8,32,34,NA,1730,1,1,NA,N,NA,NA,NA,NA,NA,NA,NA,NA,NA,NA,NA,NA,NA,NA,NA,NA,NA,NA,NA,NA,NA,NA,NA,NA,NA,ARFR4-SOS-CO932-314-JEFFERSON-12,#FEE08B,-105.3553333,39.40902778,10 - 15 Deg. F. / 3 - 6,,10 - 15 Deg. F.,6-Mar,10 - 15 Deg. F. / 3 - 6,10 - 15 / semi-humid,CO.2,#66e566,"semi-humid, cool",#FEE08B,E,NA,NA
ARFR-UT080-109-UINTAH-12,white,8,32,35,328,1731,1,1,NA,Y,0.0034,0.908,26.70588235,NA,NA,NA,NA,NA,NA,NA,NA,NA,NA,NA,NA,NA,NA,NA,NA,NA,NA,NA,NA,NA,NA,ARFR4-SOS-UT080-109-UINTAH-12,#aabe7f,-109.1426444,39.70802222,10 - 15 Deg. F. / 3 - 6,,10 - 15 Deg. F.,6-Mar,10 - 15 Deg. F. / 3 - 6,10 - 15 / semi-humid,UT.1,#66e566,"semi-humid, cool",#aabe7f,G,NA,NA
ARFR-WY930-44-LASANIMAS-13,white,8,32,36,NA,1732,1,1,NA,N,NA,NA,NA,NA,NA,NA,NA,NA,NA,NA,NA,NA,NA,NA,NA,NA,NA,NA,NA,NA,NA,NA,NA,NA,NA,ARFR4-SOS-WY930-44-LASANIMAS-13,#FDAE61,-104.6423889,37.16547222,15 - 20 Deg. F. / 3 - 6,,15 - 20 Deg. F.,6-Mar,15 - 20 Deg. F. / 3 - 6,15 - 20 / semi-humid,CO.1,#698b69,"semi-humid, warm",#FDAE61,D,NA,NA
ARFR-WY050-151-FREMONT-16,white,8,32,37,NA,1733,1,1,NA,N,NA,NA,NA,NA,NA,NA,NA,NA,NA,NA,NA,NA,NA,NA,NA,NA,NA,NA,NA,NA,NA,NA,NA,NA,NA,ARFR4-SOS-WY050-151-FREMONT-16,#3288BD,-108.1704472,42.47886111,10 - 15 Deg. F. / 6 - 12,,10 - 15 Deg. F.,12-Jun,10 - 15 Deg. F. / 6 - 12,10 - 15 / semi-arid,WY.2,#cd8500,"semi-arid, cool",#3288BD,J,NA,NA
ARFR-WY930-44-LASANIMAS-13,white,8,32,38,NA,1734,1,1,NA,N,NA,NA,NA,NA,NA,NA,NA,NA,NA,NA,NA,NA,NA,NA,NA,NA,NA,NA,NA,NA,NA,NA,NA,NA,NA,ARFR4-SOS-WY930-44-LASANIMAS-13,#FDAE61,-104.6423889,37.16547222,15 - 20 Deg. F. / 3 - 6,,15 - 20 Deg. F.,6-Mar,15 - 20 Deg. F. / 3 - 6,15 - 20 / semi-humid,CO.1,#698b69,"semi-humid, warm",#FDAE61,D,NA,NA
ARFR-WY930-44-LASANIMAS-13,white,8,32,39,NA,1735,1,1,NA,N,NA,NA,NA,NA,NA,NA,NA,NA,NA,NA,NA,NA,NA,NA,NA,NA,NA,NA,NA,NA,NA,NA,NA,NA,NA,ARFR4-SOS-WY930-44-LASANIMAS-13,#FDAE61,-104.6423889,37.16547222,15 - 20 Deg. F. / 3 - 6,,15 - 20 Deg. F.,6-Mar,15 - 20 Deg. F. / 3 - 6,15 - 20 / semi-humid,CO.1,#698b69,"semi-humid, warm",#FDAE61,D,NA,NA
ARFR-WY040-71-10,white,8,32,40,329,1736,1,1,NA,N,NA,NA,NA,NA,NA,NA,NA,NA,NA,NA,NA,NA,NA,NA,NA,NA,NA,NA,NA,NA,NA,NA,NA,NA,NA,ARFR4-SOS-WY040-71-10,#66C2A5,-109.2433156,41.13271889,5 - 10 Deg. F. / 3 - 6,,5 - 10 Deg. F.,6-Mar,5 - 10 Deg. F. / 3 - 6,5 - 10 / semi-humid,WY.1,#a5c2f1,"semi-humid, cold",#66C2A5,I,NA,NA
ARFR-CO932-314-JEFFERSON-12,white,8,32,41,NA,1737,0,NA,NA,N,NA,NA,NA,NA,NA,NA,NA,NA,NA,NA,NA,NA,NA,NA,NA,NA,NA,NA,NA,NA,NA,NA,NA,NA,NA,ARFR4-SOS-CO932-314-JEFFERSON-12,#FEE08B,-105.3553333,39.40902778,10 - 15 Deg. F. / 3 - 6,,10 - 15 Deg. F.,6-Mar,10 - 15 Deg. F. / 3 - 6,10 - 15 / semi-humid,CO.2,#66e566,"semi-humid, cool",#FEE08B,E,NA,NA
ARFR-CO932-294-11,white,8,32,42,NA,1738,1,1,NA,N,NA,NA,NA,NA,NA,NA,NA,NA,NA,NA,NA,NA,NA,NA,NA,NA,NA,NA,NA,NA,NA,NA,NA,NA,NA,ARFR4-SOS-CO932-294-11,#ABDDA4,-105.2030833,39.78458333,15 - 20 Deg. F. / 3 - 6,,15 - 20 Deg. F.,6-Mar,15 - 20 Deg. F. / 3 - 6,15 - 20 / semi-humid,CO.4,#698b69,"semi-humid, warm",#ABDDA4,H,NA,NA
ARFR-AZ930-423-NAVAJO-18,white,8,32,43,NA,1739,1,1,NA,N,NA,NA,NA,NA,NA,NA,NA,NA,NA,NA,NA,NA,NA,NA,NA,NA,NA,NA,NA,NA,NA,NA,NA,NA,NA,ARFR4-SOS-AZ930-423-NAVAJO-18,#9E0142,-110.431,36.45877,15 - 20 Deg. F. / 6 - 12,SdZones downloaded 20230823,15 - 20 Deg. F.,12-Jun,15 - 20 Deg. F. / 6 - 12,15 - 20 / semi-arid,AZ.1,#ee5c42,"semi-arid, warm",#9E0142,A,NA,NA
ARFR-WY930-44-LASANIMAS-13,white,8,32,44,NA,1740,1,1,NA,N,NA,NA,NA,NA,NA,NA,NA,NA,NA,NA,NA,NA,NA,NA,NA,NA,NA,NA,NA,NA,NA,NA,NA,NA,NA,ARFR4-SOS-WY930-44-LASANIMAS-13,#FDAE61,-104.6423889,37.16547222,15 - 20 Deg. F. / 3 - 6,,15 - 20 Deg. F.,6-Mar,15 - 20 Deg. F. / 3 - 6,15 - 20 / semi-humid,CO.1,#698b69,"semi-humid, warm",#FDAE61,D,NA,NA
ARFR-UT080-109-UINTAH-12,white,8,32,45,330,1741,1,1,NA,N,NA,NA,NA,NA,NA,NA,NA,NA,NA,NA,NA,NA,NA,NA,NA,NA,NA,NA,NA,NA,NA,NA,NA,NA,NA,ARFR4-SOS-UT080-109-UINTAH-12,#aabe7f,-109.1426444,39.70802222,10 - 15 Deg. F. / 3 - 6,,10 - 15 Deg. F.,6-Mar,10 - 15 Deg. F. / 3 - 6,10 - 15 / semi-humid,UT.1,#66e566,"semi-humid, cool",#aabe7f,G,NA,NA
ARFR-CO932-316-JEFFERSON-12,white,8,32,46,NA,1742,1,1,NA,N,NA,NA,NA,NA,NA,NA,NA,NA,NA,NA,NA,NA,NA,NA,NA,NA,NA,NA,NA,NA,NA,NA,NA,NA,NA,ARFR4-SOS-CO932-316-JEFFERSON-12,#FFFF85,-105.358,39.66325,15 - 20 Deg. F. / 3 - 6,,15 - 20 Deg. F.,6-Mar,15 - 20 Deg. F. / 3 - 6,15 - 20 / semi-humid,CO.3,#698b69,"semi-humid, warm",#FFFF85,F,NA,NA
ARFR-WY930-44-LASANIMAS-13,white,8,32,47,NA,1743,1,1,NA,N,NA,NA,NA,NA,NA,NA,NA,NA,NA,NA,NA,NA,NA,NA,NA,NA,NA,NA,NA,NA,NA,NA,NA,NA,NA,ARFR4-SOS-WY930-44-LASANIMAS-13,#FDAE61,-104.6423889,37.16547222,15 - 20 Deg. F. / 3 - 6,,15 - 20 Deg. F.,6-Mar,15 - 20 Deg. F. / 3 - 6,15 - 20 / semi-humid,CO.1,#698b69,"semi-humid, warm",#FDAE61,D,NA,NA
ARFR-AZ930-423-NAVAJO-18,white,8,32,48,NA,1744,1,1,NA,N,NA,NA,NA,NA,NA,NA,NA,NA,NA,NA,NA,NA,NA,NA,NA,NA,NA,NA,NA,NA,NA,NA,NA,NA,NA,ARFR4-SOS-AZ930-423-NAVAJO-18,#9E0142,-110.431,36.45877,15 - 20 Deg. F. / 6 - 12,SdZones downloaded 20230823,15 - 20 Deg. F.,12-Jun,15 - 20 Deg. F. / 6 - 12,15 - 20 / semi-arid,AZ.1,#ee5c42,"semi-arid, warm",#9E0142,A,NA,NA
ARFR-AZ930-423-NAVAJO-18,white,8,32,49,NA,1745,1,1,NA,N,NA,NA,NA,NA,NA,NA,NA,NA,NA,NA,NA,NA,NA,NA,NA,NA,NA,NA,NA,NA,NA,NA,NA,NA,NA,ARFR4-SOS-AZ930-423-NAVAJO-18,#9E0142,-110.431,36.45877,15 - 20 Deg. F. / 6 - 12,SdZones downloaded 20230823,15 - 20 Deg. F.,12-Jun,15 - 20 Deg. F. / 6 - 12,15 - 20 / semi-arid,AZ.1,#ee5c42,"semi-arid, warm",#9E0142,A,NA,NA
ARFR-WY040-71-10,white,8,32,50,331,1746,1,1,NA,N,NA,NA,NA,NA,NA,NA,NA,NA,NA,NA,NA,NA,NA,NA,NA,NA,NA,NA,NA,NA,NA,NA,NA,NA,NA,ARFR4-SOS-WY040-71-10,#66C2A5,-109.2433156,41.13271889,5 - 10 Deg. F. / 3 - 6,,5 - 10 Deg. F.,6-Mar,5 - 10 Deg. F. / 3 - 6,5 - 10 / semi-humid,WY.1,#a5c2f1,"semi-humid, cold",#66C2A5,I,NA,NA
ARFR-CO932-314-JEFFERSON-12,white,8,32,51,NA,1747,1,1,NA,N,NA,NA,NA,NA,NA,NA,NA,NA,NA,NA,NA,NA,NA,NA,NA,NA,NA,NA,NA,NA,NA,NA,NA,NA,NA,ARFR4-SOS-CO932-314-JEFFERSON-12,#FEE08B,-105.3553333,39.40902778,10 - 15 Deg. F. / 3 - 6,,10 - 15 Deg. F.,6-Mar,10 - 15 Deg. F. / 3 - 6,10 - 15 / semi-humid,CO.2,#66e566,"semi-humid, cool",#FEE08B,E,NA,NA
ARFR-NM930N-66-11,white,8,32,52,NA,1748,1,1,NA,N,NA,NA,NA,NA,NA,NA,NA,NA,NA,NA,NA,NA,NA,NA,NA,NA,NA,NA,NA,NA,NA,NA,NA,NA,NA,ARFR4-SOS-NM930N-66-11,#F46D43,-107.2045028,36.76818611,10 - 15 Deg. F. / 3 - 6,,10 - 15 Deg. F.,6-Mar,10 - 15 Deg. F. / 3 - 6,10 - 15 / semi-humid,NM.1,#66e566,"semi-humid, cool",#F46D43,C,NA,NA
ARFR-UT080-109-UINTAH-12,white,8,32,53,NA,1749,1,1,NA,N,NA,NA,NA,NA,NA,NA,NA,NA,NA,NA,NA,NA,NA,NA,NA,NA,NA,NA,NA,NA,NA,NA,NA,NA,NA,ARFR4-SOS-UT080-109-UINTAH-12,#aabe7f,-109.1426444,39.70802222,10 - 15 Deg. F. / 3 - 6,,10 - 15 Deg. F.,6-Mar,10 - 15 Deg. F. / 3 - 6,10 - 15 / semi-humid,UT.1,#66e566,"semi-humid, cool",#aabe7f,G,NA,NA
ARFR-WY050-151-FREMONT-16,black,9,33,1,333,1750,0,0,NA,N,NA,NA,NA,NA,NA,NA,NA,NA,NA,NA,1540,be5e1957-1805-43a7-b391-2a996d5fca58,NA,0,NA,NA,8/20/2024 18:00,559bafcd-6ff9-497b-b962-5d7de5728760,8/20/2024 21:34,agoebl,8/20/2024 21:34,agoebl,5115,NA,1,ARFR4-SOS-WY050-151-FREMONT-16,#3288BD,-108.1704472,42.47886111,10 - 15 Deg. F. / 6 - 12,,10 - 15 Deg. F.,12-Jun,10 - 15 Deg. F. / 6 - 12,10 - 15 / semi-arid,WY.2,#cd8500,"semi-arid, cool",#3288BD,J,NA,NA
ARFR-WY040-71-10,black,9,33,2,NA,1751,1,1,NA,N,NA,NA,NA,NA,NA,NA,NA,NA,NA,NA,1541,f59e5ece-abde-404b-a9eb-fc72d450c61a,NA,1,NA,Near dead,8/20/2024 18:00,559bafcd-6ff9-497b-b962-5d7de5728760,8/20/2024 21:34,agoebl,8/20/2024 21:34,agoebl,5116,NA,2,ARFR4-SOS-WY040-71-10,#66C2A5,-109.2433156,41.13271889,5 - 10 Deg. F. / 3 - 6,,5 - 10 Deg. F.,6-Mar,5 - 10 Deg. F. / 3 - 6,5 - 10 / semi-humid,WY.1,#a5c2f1,"semi-humid, cold",#66C2A5,I,NA,NA
ARFR-CO932-294-11,black,9,33,3,NA,1752,1,1,NA,N,NA,NA,NA,NA,NA,NA,NA,NA,NA,NA,1542,4f9f65ec-d89a-4d82-aa6f-294527535b0a,NA,1,NA,NA,8/20/2024 18:00,559bafcd-6ff9-497b-b962-5d7de5728760,8/20/2024 21:34,agoebl,8/20/2024 21:34,agoebl,5117,NA,3,ARFR4-SOS-CO932-294-11,#ABDDA4,-105.2030833,39.78458333,15 - 20 Deg. F. / 3 - 6,,15 - 20 Deg. F.,6-Mar,15 - 20 Deg. F. / 3 - 6,15 - 20 / semi-humid,CO.4,#698b69,"semi-humid, warm",#ABDDA4,H,NA,NA
ARFR-UT080-109-UINTAH-12,black,9,33,4,NA,1753,1,1,NA,N,NA,NA,NA,NA,NA,NA,NA,NA,NA,NA,1543,bb842cb5-8abb-4401-9261-c19bc1f6b3db,NA,1,NA,NA,8/20/2024 18:00,559bafcd-6ff9-497b-b962-5d7de5728760,8/20/2024 21:34,agoebl,8/20/2024 21:34,agoebl,5118,NA,4,ARFR4-SOS-UT080-109-UINTAH-12,#aabe7f,-109.1426444,39.70802222,10 - 15 Deg. F. / 3 - 6,,10 - 15 Deg. F.,6-Mar,10 - 15 Deg. F. / 3 - 6,10 - 15 / semi-humid,UT.1,#66e566,"semi-humid, cool",#aabe7f,G,NA,NA
ARFR-WY930-44-LASANIMAS-13,black,9,33,5,334,1754,1,1,NA,N,NA,NA,NA,NA,NA,NA,NA,NA,NA,NA,1544,0ed86504-e39c-4687-a30a-4c7397e16fe4,NA,1,NA,NA,8/20/2024 18:00,559bafcd-6ff9-497b-b962-5d7de5728760,8/20/2024 21:34,agoebl,8/20/2024 21:34,agoebl,5119,NA,5,ARFR4-SOS-WY930-44-LASANIMAS-13,#FDAE61,-104.6423889,37.16547222,15 - 20 Deg. F. / 3 - 6,,15 - 20 Deg. F.,6-Mar,15 - 20 Deg. F. / 3 - 6,15 - 20 / semi-humid,CO.1,#698b69,"semi-humid, warm",#FDAE61,D,NA,NA
ARFR-WY050-151-FREMONT-16,black,9,33,6,NA,1755,1,1,NA,N,NA,NA,NA,NA,NA,NA,NA,NA,NA,NA,1545,6559aa93-372d-4312-86a3-5b431f25ed9f,NA,1,NA,Dieback,8/20/2024 18:00,559bafcd-6ff9-497b-b962-5d7de5728760,8/20/2024 21:34,agoebl,8/20/2024 21:34,agoebl,5120,NA,6,ARFR4-SOS-WY050-151-FREMONT-16,#3288BD,-108.1704472,42.47886111,10 - 15 Deg. F. / 6 - 12,,10 - 15 Deg. F.,12-Jun,10 - 15 Deg. F. / 6 - 12,10 - 15 / semi-arid,WY.2,#cd8500,"semi-arid, cool",#3288BD,J,NA,NA
ARFR-CO932-316-JEFFERSON-12,black,9,33,7,NA,1756,1,1,NA,N,NA,NA,NA,NA,NA,NA,NA,NA,NA,NA,1546,fd825b9f-135d-441f-9b1c-bdcb4ae3c111,NA,1,NA,NA,8/20/2024 18:00,559bafcd-6ff9-497b-b962-5d7de5728760,8/20/2024 21:34,agoebl,8/20/2024 21:34,agoebl,5121,NA,7,ARFR4-SOS-CO932-316-JEFFERSON-12,#FFFF85,-105.358,39.66325,15 - 20 Deg. F. / 3 - 6,,15 - 20 Deg. F.,6-Mar,15 - 20 Deg. F. / 3 - 6,15 - 20 / semi-humid,CO.3,#698b69,"semi-humid, warm",#FFFF85,F,NA,NA
ARFR-WY040-71-10,black,9,33,8,NA,1757,1,1,29.942,N,NA,NA,NA,NA,29.942,0.07,0.09,NA,"Head/chaff combined, weighed with Mettler Toledo",Y,1547,812d7356-c776-4971-8120-35295bdeb452,NA,NA,NA,H,8/20/2024 18:00,559bafcd-6ff9-497b-b962-5d7de5728760,8/20/2024 21:34,agoebl,8/20/2024 21:34,agoebl,5122,NA,8,ARFR4-SOS-WY040-71-10,#66C2A5,-109.2433156,41.13271889,5 - 10 Deg. F. / 3 - 6,,5 - 10 Deg. F.,6-Mar,5 - 10 Deg. F. / 3 - 6,5 - 10 / semi-humid,WY.1,#a5c2f1,"semi-humid, cold",#66C2A5,I,NA,NA
ARFR-CO932-294-11,black,9,33,9,NA,1758,1,1,NA,N,NA,NA,NA,NA,NA,NA,NA,NA,NA,NA,1548,4f328950-bdd8-439a-873c-d4ea89d29816,NA,1,NA,NA,8/20/2024 18:00,559bafcd-6ff9-497b-b962-5d7de5728760,8/20/2024 21:34,agoebl,8/20/2024 21:34,agoebl,5123,NA,9,ARFR4-SOS-CO932-294-11,#ABDDA4,-105.2030833,39.78458333,15 - 20 Deg. F. / 3 - 6,,15 - 20 Deg. F.,6-Mar,15 - 20 Deg. F. / 3 - 6,15 - 20 / semi-humid,CO.4,#698b69,"semi-humid, warm",#ABDDA4,H,NA,NA
ARFR-AZ930-422-NAVAJO-18,black,9,33,10,335,1759,1,NA,47.002,N,NA,NA,NA,NA,47.002,14.87,6.95,3.92,NA,Y,1549,e289b854-d6e3-4f79-8c99-f7d91e57f8b9,NA,NA,NA,H,8/20/2024 18:00,559bafcd-6ff9-497b-b962-5d7de5728760,8/20/2024 21:34,agoebl,8/20/2024 21:34,agoebl,5124,NA,10,ARFR4-SOS-AZ930-422-NAVAJO-18,#D53E4F,-110.431,36.56805,15 - 20 Deg. F. / 6 - 12,Lats corrected 20230127,15 - 20 Deg. F.,12-Jun,15 - 20 Deg. F. / 6 - 12,15 - 20 / semi-arid,AZ.2,#ee5c42,"semi-arid, warm",#D53E4F,B,NA,Y
ARFR-WY040-71-10,black,9,33,11,NA,1760,1,1,NA,N,NA,NA,NA,NA,NA,NA,NA,NA,NA,NA,1550,a7073f4e-e4b0-4cbe-9d34-f0160c15e38b,NA,0,NA,Plt vis,8/20/2024 18:00,559bafcd-6ff9-497b-b962-5d7de5728760,8/20/2024 21:34,agoebl,8/20/2024 21:34,agoebl,5125,NA,11,ARFR4-SOS-WY040-71-10,#66C2A5,-109.2433156,41.13271889,5 - 10 Deg. F. / 3 - 6,,5 - 10 Deg. F.,6-Mar,5 - 10 Deg. F. / 3 - 6,5 - 10 / semi-humid,WY.1,#a5c2f1,"semi-humid, cold",#66C2A5,I,NA,NA
ARFR-WY050-49-FREMONT-12,black,9,33,12,NA,1761,1,1,NA,N,NA,NA,NA,NA,NA,NA,NA,NA,NA,NA,1551,5ffa7fe0-ddc8-4a5f-bf53-07a0cb949521,NA,1,NA,Near dea,8/20/2024 18:00,559bafcd-6ff9-497b-b962-5d7de5728760,8/20/2024 21:34,agoebl,8/20/2024 21:34,agoebl,5126,NA,12,ARFR4-SOS-WY050-49-FREMONT-12,#5E4FA2,-109.34775,43.42663611,5 - 10 Deg. F. / 6 - 12,,5 - 10 Deg. F.,12-Jun,5 - 10 Deg. F. / 6 - 12,5 - 10 / semi-arid,WY.3,#ffb90f,"semi-arid, cold",#5E4FA2,K,NA,NA
ARFR-NM930N-66-11,black,9,33,13,NA,1762,1,1,NA,N,NA,NA,NA,NA,NA,NA,NA,NA,NA,NA,1552,822a3060-eb04-4bed-a66f-695d78d71821,NA,1,NA,NA,8/20/2024 18:00,559bafcd-6ff9-497b-b962-5d7de5728760,8/20/2024 21:34,agoebl,8/20/2024 21:34,agoebl,5127,NA,13,ARFR4-SOS-NM930N-66-11,#F46D43,-107.2045028,36.76818611,10 - 15 Deg. F. / 3 - 6,,10 - 15 Deg. F.,6-Mar,10 - 15 Deg. F. / 3 - 6,10 - 15 / semi-humid,NM.1,#66e566,"semi-humid, cool",#F46D43,C,NA,NA
ARFR-CO932-316-JEFFERSON-12,black,9,33,14,NA,1763,1,1,NA,N,NA,NA,NA,NA,NA,NA,NA,NA,NA,NA,1553,09388d2b-dc74-41c5-8e0e-9ca392cf3419,NA,1,NA,NA,8/20/2024 18:00,559bafcd-6ff9-497b-b962-5d7de5728760,8/20/2024 21:34,agoebl,8/20/2024 21:34,agoebl,5128,NA,14,ARFR4-SOS-CO932-316-JEFFERSON-12,#FFFF85,-105.358,39.66325,15 - 20 Deg. F. / 3 - 6,,15 - 20 Deg. F.,6-Mar,15 - 20 Deg. F. / 3 - 6,15 - 20 / semi-humid,CO.3,#698b69,"semi-humid, warm",#FFFF85,F,NA,NA
ARFR-NM930N-66-11,black,9,33,15,336,1764,1,1,NA,N,NA,NA,NA,NA,NA,NA,NA,NA,NA,NA,1554,cc2ad48e-51aa-4f2a-8580-893fdfb47bbb,NA,1,NA,NA,8/20/2024 18:00,559bafcd-6ff9-497b-b962-5d7de5728760,8/20/2024 21:34,agoebl,8/20/2024 21:34,agoebl,5129,NA,15,ARFR4-SOS-NM930N-66-11,#F46D43,-107.2045028,36.76818611,10 - 15 Deg. F. / 3 - 6,,10 - 15 Deg. F.,6-Mar,10 - 15 Deg. F. / 3 - 6,10 - 15 / semi-humid,NM.1,#66e566,"semi-humid, cool",#F46D43,C,NA,NA
ARFR-WY930-44-LASANIMAS-13,black,9,33,16,NA,1765,1,1,NA,N,NA,NA,NA,NA,NA,NA,NA,NA,NA,NA,1555,2ca84b02-492a-4c1c-80a2-479f6d8dea7d,NA,1,NA,NA,8/20/2024 18:00,559bafcd-6ff9-497b-b962-5d7de5728760,8/20/2024 21:34,agoebl,8/20/2024 21:34,agoebl,5130,NA,16,ARFR4-SOS-WY930-44-LASANIMAS-13,#FDAE61,-104.6423889,37.16547222,15 - 20 Deg. F. / 3 - 6,,15 - 20 Deg. F.,6-Mar,15 - 20 Deg. F. / 3 - 6,15 - 20 / semi-humid,CO.1,#698b69,"semi-humid, warm",#FDAE61,D,NA,NA
ARFR-AZ930-423-NAVAJO-18,black,9,33,17,NA,1766,1,1,NA,N,NA,NA,NA,NA,NA,NA,NA,NA,NA,NA,1556,6802ffb2-9758-4f34-b347-6045724e37f4,NA,1,NA,NA,8/20/2024 18:00,559bafcd-6ff9-497b-b962-5d7de5728760,8/20/2024 21:34,agoebl,8/20/2024 21:34,agoebl,5131,NA,17,ARFR4-SOS-AZ930-423-NAVAJO-18,#9E0142,-110.431,36.45877,15 - 20 Deg. F. / 6 - 12,SdZones downloaded 20230823,15 - 20 Deg. F.,12-Jun,15 - 20 Deg. F. / 6 - 12,15 - 20 / semi-arid,AZ.1,#ee5c42,"semi-arid, warm",#9E0142,A,NA,NA
ARFR-WY050-151-FREMONT-16,black,9,33,18,NA,1767,1,1,NA,N,NA,NA,NA,NA,NA,NA,NA,NA,NA,NA,1557,de460559-4124-428c-a09b-0126198e52a6,NA,0,NA,NA,8/20/2024 18:00,559bafcd-6ff9-497b-b962-5d7de5728760,8/20/2024 21:34,agoebl,8/20/2024 21:34,agoebl,5132,NA,18,ARFR4-SOS-WY050-151-FREMONT-16,#3288BD,-108.1704472,42.47886111,10 - 15 Deg. F. / 6 - 12,,10 - 15 Deg. F.,12-Jun,10 - 15 Deg. F. / 6 - 12,10 - 15 / semi-arid,WY.2,#cd8500,"semi-arid, cool",#3288BD,J,NA,NA
ARFR-CO932-294-11,black,9,33,19,NA,1768,1,1,NA,N,NA,NA,NA,NA,NA,NA,NA,NA,NA,NA,1558,c10c4c72-ae00-424d-bdfb-7566452f8dab,NA,1,NA,NA,8/20/2024 18:00,559bafcd-6ff9-497b-b962-5d7de5728760,8/20/2024 21:34,agoebl,8/20/2024 21:34,agoebl,5133,NA,19,ARFR4-SOS-CO932-294-11,#ABDDA4,-105.2030833,39.78458333,15 - 20 Deg. F. / 3 - 6,,15 - 20 Deg. F.,6-Mar,15 - 20 Deg. F. / 3 - 6,15 - 20 / semi-humid,CO.4,#698b69,"semi-humid, warm",#ABDDA4,H,NA,NA
ARFR-WY930-44-LASANIMAS-13,black,9,33,20,337,1769,1,1,NA,N,NA,NA,NA,NA,NA,NA,NA,NA,NA,NA,1559,71d2fb97-3d20-4736-8382-d0f27b4d1110,NA,1,NA,NA,8/20/2024 18:00,559bafcd-6ff9-497b-b962-5d7de5728760,8/20/2024 21:34,agoebl,8/20/2024 21:34,agoebl,5134,NA,20,ARFR4-SOS-WY930-44-LASANIMAS-13,#FDAE61,-104.6423889,37.16547222,15 - 20 Deg. F. / 3 - 6,,15 - 20 Deg. F.,6-Mar,15 - 20 Deg. F. / 3 - 6,15 - 20 / semi-humid,CO.1,#698b69,"semi-humid, warm",#FDAE61,D,NA,NA
ARFR-WY930-44-LASANIMAS-13,black,9,33,21,NA,1770,1,1,NA,N,NA,NA,NA,NA,NA,NA,NA,NA,NA,NA,1560,fc5ba116-a70e-4dc0-93fc-2583c30c0f82,NA,1,NA,NA,8/20/2024 18:00,559bafcd-6ff9-497b-b962-5d7de5728760,8/20/2024 21:34,agoebl,8/20/2024 21:34,agoebl,5135,NA,21,ARFR4-SOS-WY930-44-LASANIMAS-13,#FDAE61,-104.6423889,37.16547222,15 - 20 Deg. F. / 3 - 6,,15 - 20 Deg. F.,6-Mar,15 - 20 Deg. F. / 3 - 6,15 - 20 / semi-humid,CO.1,#698b69,"semi-humid, warm",#FDAE61,D,NA,NA
ARFR-AZ930-422-NAVAJO-18,black,9,33,22,NA,1771,1,1,NA,N,NA,NA,NA,NA,NA,NA,NA,NA,NA,NA,1561,fa6fb386-11d3-4b37-a999-1413f85d820c,NA,1,NA,NA,8/20/2024 18:00,559bafcd-6ff9-497b-b962-5d7de5728760,8/20/2024 21:34,agoebl,8/20/2024 21:34,agoebl,5136,NA,22,ARFR4-SOS-AZ930-422-NAVAJO-18,#D53E4F,-110.431,36.56805,15 - 20 Deg. F. / 6 - 12,Lats corrected 20230127,15 - 20 Deg. F.,12-Jun,15 - 20 Deg. F. / 6 - 12,15 - 20 / semi-arid,AZ.2,#ee5c42,"semi-arid, warm",#D53E4F,B,NA,NA
ARFR-NM930N-66-11,black,9,33,23,NA,1772,1,1,NA,N,NA,NA,NA,NA,NA,NA,NA,NA,NA,NA,1562,b7c57b64-415c-4d86-8d19-9b6de935e525,NA,1,NA,NA,8/20/2024 18:00,559bafcd-6ff9-497b-b962-5d7de5728760,8/20/2024 21:34,agoebl,8/20/2024 21:34,agoebl,5137,NA,23,ARFR4-SOS-NM930N-66-11,#F46D43,-107.2045028,36.76818611,10 - 15 Deg. F. / 3 - 6,,10 - 15 Deg. F.,6-Mar,10 - 15 Deg. F. / 3 - 6,10 - 15 / semi-humid,NM.1,#66e566,"semi-humid, cool",#F46D43,C,NA,NA
ARFR-UT080-109-UINTAH-12,black,9,33,24,NA,1773,1,1,NA,N,NA,NA,NA,NA,NA,NA,NA,NA,NA,NA,1563,45362c11-f721-4f95-99a3-225f6c486f5d,NA,1,NA,NA,8/20/2024 18:00,559bafcd-6ff9-497b-b962-5d7de5728760,8/20/2024 21:34,agoebl,8/20/2024 21:34,agoebl,5138,NA,24,ARFR4-SOS-UT080-109-UINTAH-12,#aabe7f,-109.1426444,39.70802222,10 - 15 Deg. F. / 3 - 6,,10 - 15 Deg. F.,6-Mar,10 - 15 Deg. F. / 3 - 6,10 - 15 / semi-humid,UT.1,#66e566,"semi-humid, cool",#aabe7f,G,NA,NA
ARFR-CO932-314-JEFFERSON-12,black,9,33,25,338,1774,1,1,NA,N,NA,NA,NA,NA,NA,NA,NA,NA,NA,NA,1564,4d55ad2a-0f9e-454a-8d65-762bed35962e,NA,1,NA,NA,8/20/2024 18:00,559bafcd-6ff9-497b-b962-5d7de5728760,8/20/2024 21:34,agoebl,8/20/2024 21:34,agoebl,5139,NA,25,ARFR4-SOS-CO932-314-JEFFERSON-12,#FEE08B,-105.3553333,39.40902778,10 - 15 Deg. F. / 3 - 6,,10 - 15 Deg. F.,6-Mar,10 - 15 Deg. F. / 3 - 6,10 - 15 / semi-humid,CO.2,#66e566,"semi-humid, cool",#FEE08B,E,NA,NA
ARFR-CO932-294-11,black,9,33,26,NA,1775,1,1,NA,N,NA,NA,NA,NA,NA,NA,NA,NA,NA,NA,1565,0c9deda7-01ef-472b-9dea-75eddd9929c7,NA,0,NA,NA,8/20/2024 18:00,559bafcd-6ff9-497b-b962-5d7de5728760,8/20/2024 21:34,agoebl,8/20/2024 21:34,agoebl,5140,NA,26,ARFR4-SOS-CO932-294-11,#ABDDA4,-105.2030833,39.78458333,15 - 20 Deg. F. / 3 - 6,,15 - 20 Deg. F.,6-Mar,15 - 20 Deg. F. / 3 - 6,15 - 20 / semi-humid,CO.4,#698b69,"semi-humid, warm",#ABDDA4,H,NA,NA
ARFR-UT080-109-UINTAH-12,black,9,33,27,NA,1776,1,1,NA,N,NA,NA,NA,NA,NA,NA,NA,NA,NA,NA,1566,566004c8-7e26-42bf-8642-6a3589136a9f,NA,1,NA,NA,8/20/2024 18:00,559bafcd-6ff9-497b-b962-5d7de5728760,8/20/2024 21:34,agoebl,8/20/2024 21:34,agoebl,5141,NA,27,ARFR4-SOS-UT080-109-UINTAH-12,#aabe7f,-109.1426444,39.70802222,10 - 15 Deg. F. / 3 - 6,,10 - 15 Deg. F.,6-Mar,10 - 15 Deg. F. / 3 - 6,10 - 15 / semi-humid,UT.1,#66e566,"semi-humid, cool",#aabe7f,G,NA,NA
ARFR-WY930-44-LASANIMAS-13,black,9,33,28,NA,1777,1,1,NA,N,NA,NA,NA,NA,NA,NA,NA,NA,NA,NA,1567,c84d28c9-77a3-4fc5-a31c-b11d2a3a230b,NA,1,NA,NA,8/20/2024 18:00,559bafcd-6ff9-497b-b962-5d7de5728760,8/20/2024 21:34,agoebl,8/20/2024 21:34,agoebl,5142,NA,28,ARFR4-SOS-WY930-44-LASANIMAS-13,#FDAE61,-104.6423889,37.16547222,15 - 20 Deg. F. / 3 - 6,,15 - 20 Deg. F.,6-Mar,15 - 20 Deg. F. / 3 - 6,15 - 20 / semi-humid,CO.1,#698b69,"semi-humid, warm",#FDAE61,D,NA,NA
ARFR-WY050-151-FREMONT-16,black,9,33,29,NA,1778,1,1,NA,N,NA,NA,NA,NA,NA,NA,NA,NA,NA,NA,1568,36dd1d9c-b323-445f-9d6f-591ca238f470,NA,1,NA,Dieback,8/20/2024 18:00,559bafcd-6ff9-497b-b962-5d7de5728760,8/20/2024 21:34,agoebl,8/20/2024 21:34,agoebl,5143,NA,29,ARFR4-SOS-WY050-151-FREMONT-16,#3288BD,-108.1704472,42.47886111,10 - 15 Deg. F. / 6 - 12,,10 - 15 Deg. F.,12-Jun,10 - 15 Deg. F. / 6 - 12,10 - 15 / semi-arid,WY.2,#cd8500,"semi-arid, cool",#3288BD,J,NA,NA
ARFR-NM930N-66-11,black,9,33,30,339,1779,1,1,NA,N,NA,NA,NA,NA,NA,NA,NA,NA,NA,NA,1569,7ec2a0d3-0a22-4512-8d41-c7aca4673615,NA,1,NA,NA,8/20/2024 18:00,559bafcd-6ff9-497b-b962-5d7de5728760,8/20/2024 21:34,agoebl,8/20/2024 21:34,agoebl,5144,NA,30,ARFR4-SOS-NM930N-66-11,#F46D43,-107.2045028,36.76818611,10 - 15 Deg. F. / 3 - 6,,10 - 15 Deg. F.,6-Mar,10 - 15 Deg. F. / 3 - 6,10 - 15 / semi-humid,NM.1,#66e566,"semi-humid, cool",#F46D43,C,NA,NA
ARFR-WY050-49-FREMONT-12,black,9,33,31,NA,1780,1,1,NA,N,NA,NA,NA,NA,NA,NA,NA,NA,NA,NA,1570,bdc0b4b5-9bdc-48f7-8e77-9a24f69fd958,NA,1,NA,Dieback,8/20/2024 18:00,559bafcd-6ff9-497b-b962-5d7de5728760,8/20/2024 21:34,agoebl,8/20/2024 21:34,agoebl,5145,NA,31,ARFR4-SOS-WY050-49-FREMONT-12,#5E4FA2,-109.34775,43.42663611,5 - 10 Deg. F. / 6 - 12,,5 - 10 Deg. F.,12-Jun,5 - 10 Deg. F. / 6 - 12,5 - 10 / semi-arid,WY.3,#ffb90f,"semi-arid, cold",#5E4FA2,K,NA,NA
ARFR-UT080-109-UINTAH-12,black,9,33,32,NA,1781,1,1,NA,N,NA,NA,NA,NA,NA,NA,NA,NA,NA,NA,1571,887ef039-d2f3-4a6b-ac0a-10b27dab6188,NA,1,NA,NA,8/20/2024 18:00,559bafcd-6ff9-497b-b962-5d7de5728760,8/20/2024 21:34,agoebl,8/20/2024 21:34,agoebl,5146,NA,32,ARFR4-SOS-UT080-109-UINTAH-12,#aabe7f,-109.1426444,39.70802222,10 - 15 Deg. F. / 3 - 6,,10 - 15 Deg. F.,6-Mar,10 - 15 Deg. F. / 3 - 6,10 - 15 / semi-humid,UT.1,#66e566,"semi-humid, cool",#aabe7f,G,NA,NA
ARFR-WY050-151-FREMONT-16,black,9,33,33,NA,1782,1,1,NA,N,NA,NA,NA,NA,NA,NA,NA,NA,NA,NA,1572,a3974642-2a44-4b11-8e5b-fccbcbe575d8,NA,1,NA,Low,8/20/2024 18:00,559bafcd-6ff9-497b-b962-5d7de5728760,8/20/2024 21:34,agoebl,8/20/2024 21:34,agoebl,5147,NA,33,ARFR4-SOS-WY050-151-FREMONT-16,#3288BD,-108.1704472,42.47886111,10 - 15 Deg. F. / 6 - 12,,10 - 15 Deg. F.,12-Jun,10 - 15 Deg. F. / 6 - 12,10 - 15 / semi-arid,WY.2,#cd8500,"semi-arid, cool",#3288BD,J,NA,NA
ARFR-CO932-316-JEFFERSON-12,black,9,33,34,NA,1783,1,1,NA,N,NA,NA,NA,NA,NA,NA,NA,NA,NA,NA,1573,dbe7d5cf-d54d-44b6-9105-786faee6ec46,NA,1,NA,NA,8/20/2024 18:00,559bafcd-6ff9-497b-b962-5d7de5728760,8/20/2024 21:34,agoebl,8/20/2024 21:34,agoebl,5148,NA,34,ARFR4-SOS-CO932-316-JEFFERSON-12,#FFFF85,-105.358,39.66325,15 - 20 Deg. F. / 3 - 6,,15 - 20 Deg. F.,6-Mar,15 - 20 Deg. F. / 3 - 6,15 - 20 / semi-humid,CO.3,#698b69,"semi-humid, warm",#FFFF85,F,NA,NA
ARFR-AZ930-422-NAVAJO-18,black,9,33,35,340,1784,1,1,NA,N,NA,NA,NA,NA,NA,NA,NA,NA,NA,NA,1574,93d24e91-8c86-483f-98e3-2a3ad6155163,NA,1,NA,NA,8/20/2024 18:00,559bafcd-6ff9-497b-b962-5d7de5728760,8/20/2024 21:34,agoebl,8/20/2024 21:34,agoebl,5149,NA,35,ARFR4-SOS-AZ930-422-NAVAJO-18,#D53E4F,-110.431,36.56805,15 - 20 Deg. F. / 6 - 12,Lats corrected 20230127,15 - 20 Deg. F.,12-Jun,15 - 20 Deg. F. / 6 - 12,15 - 20 / semi-arid,AZ.2,#ee5c42,"semi-arid, warm",#D53E4F,B,NA,NA
ARFR-WY050-49-FREMONT-12,black,9,33,36,NA,1785,1,1,NA,N,NA,NA,NA,NA,NA,NA,NA,NA,NA,NA,1575,cb2af2c8-1cdc-4fba-bf78-dc7b41bac165,NA,1,NA,Dieback,8/20/2024 18:00,559bafcd-6ff9-497b-b962-5d7de5728760,8/20/2024 21:34,agoebl,8/20/2024 21:34,agoebl,5150,NA,36,ARFR4-SOS-WY050-49-FREMONT-12,#5E4FA2,-109.34775,43.42663611,5 - 10 Deg. F. / 6 - 12,,5 - 10 Deg. F.,12-Jun,5 - 10 Deg. F. / 6 - 12,5 - 10 / semi-arid,WY.3,#ffb90f,"semi-arid, cold",#5E4FA2,K,NA,NA
ARFR-CO932-316-JEFFERSON-12,black,9,33,37,NA,1786,1,1,NA,N,NA,NA,NA,NA,NA,NA,NA,NA,NA,NA,1576,e9439354-4efa-4d03-9a29-0a38a7fa0903,NA,1,NA,NA,8/20/2024 18:00,559bafcd-6ff9-497b-b962-5d7de5728760,8/20/2024 21:34,agoebl,8/20/2024 21:34,agoebl,5151,NA,37,ARFR4-SOS-CO932-316-JEFFERSON-12,#FFFF85,-105.358,39.66325,15 - 20 Deg. F. / 3 - 6,,15 - 20 Deg. F.,6-Mar,15 - 20 Deg. F. / 3 - 6,15 - 20 / semi-humid,CO.3,#698b69,"semi-humid, warm",#FFFF85,F,NA,NA
ARFR-WY050-49-FREMONT-12,black,9,33,38,NA,1787,1,1,NA,N,NA,NA,NA,NA,NA,NA,NA,NA,NA,NA,1577,41e746cb-d05d-4ae6-a031-09be58543865,NA,1,NA,Low,8/20/2024 18:00,559bafcd-6ff9-497b-b962-5d7de5728760,8/20/2024 21:34,agoebl,8/20/2024 21:34,agoebl,5152,NA,38,ARFR4-SOS-WY050-49-FREMONT-12,#5E4FA2,-109.34775,43.42663611,5 - 10 Deg. F. / 6 - 12,,5 - 10 Deg. F.,12-Jun,5 - 10 Deg. F. / 6 - 12,5 - 10 / semi-arid,WY.3,#ffb90f,"semi-arid, cold",#5E4FA2,K,NA,NA
ARFR-AZ930-423-NAVAJO-18,black,9,33,39,NA,1788,1,NA,156.652,N,NA,NA,NA,NA,156.652,51.16,20.74,23.54,NA,Y,1578,e9dd4992-1e75-4b88-8708-ef88a4fb7723,NA,NA,NA,H,8/20/2024 18:00,559bafcd-6ff9-497b-b962-5d7de5728760,8/20/2024 21:34,agoebl,8/20/2024 21:34,agoebl,5153,NA,39,ARFR4-SOS-AZ930-423-NAVAJO-18,#9E0142,-110.431,36.45877,15 - 20 Deg. F. / 6 - 12,SdZones downloaded 20230823,15 - 20 Deg. F.,12-Jun,15 - 20 Deg. F. / 6 - 12,15 - 20 / semi-arid,AZ.1,#ee5c42,"semi-arid, warm",#9E0142,A,NA,Y
ARFR-AZ930-423-NAVAJO-18,black,9,33,40,341,1789,0,NA,NA,N,NA,NA,NA,NA,NA,NA,NA,NA,NA,NA,1579,48c989e9-ae48-4906-9ba2-a696c3da4f9a,NA,0,NA,NA,8/20/2024 18:00,559bafcd-6ff9-497b-b962-5d7de5728760,8/20/2024 21:34,agoebl,8/20/2024 21:34,agoebl,5154,NA,40,ARFR4-SOS-AZ930-423-NAVAJO-18,#9E0142,-110.431,36.45877,15 - 20 Deg. F. / 6 - 12,SdZones downloaded 20230823,15 - 20 Deg. F.,12-Jun,15 - 20 Deg. F. / 6 - 12,15 - 20 / semi-arid,AZ.1,#ee5c42,"semi-arid, warm",#9E0142,A,NA,NA
ARFR-WY040-71-10,black,9,33,41,NA,1790,1,1,NA,N,NA,NA,NA,NA,NA,NA,NA,NA,NA,NA,1580,ad2a9bcc-81f5-4b34-ad15-db9c98b97014,NA,1,NA,Near dead,8/20/2024 18:00,559bafcd-6ff9-497b-b962-5d7de5728760,8/20/2024 21:34,agoebl,8/20/2024 21:34,agoebl,5155,NA,41,ARFR4-SOS-WY040-71-10,#66C2A5,-109.2433156,41.13271889,5 - 10 Deg. F. / 3 - 6,,5 - 10 Deg. F.,6-Mar,5 - 10 Deg. F. / 3 - 6,5 - 10 / semi-humid,WY.1,#a5c2f1,"semi-humid, cold",#66C2A5,I,NA,NA
ARFR-WY050-49-FREMONT-12,black,9,33,42,NA,1791,1,1,NA,N,NA,NA,NA,NA,NA,NA,NA,NA,NA,NA,1581,aedce1f4-6c2f-473b-8031-9d17abe38566,NA,1,NA,NA,8/20/2024 18:00,559bafcd-6ff9-497b-b962-5d7de5728760,8/20/2024 21:34,agoebl,8/20/2024 21:34,agoebl,5156,NA,42,ARFR4-SOS-WY050-49-FREMONT-12,#5E4FA2,-109.34775,43.42663611,5 - 10 Deg. F. / 6 - 12,,5 - 10 Deg. F.,12-Jun,5 - 10 Deg. F. / 6 - 12,5 - 10 / semi-arid,WY.3,#ffb90f,"semi-arid, cold",#5E4FA2,K,NA,NA
ARFR-CO932-294-11,black,9,33,43,NA,1792,1,1,NA,N,NA,NA,NA,NA,NA,NA,NA,NA,NA,NA,1582,22c947c3-c1dd-40a2-a21d-4fec3d7bc717,NA,1,NA,NA,8/20/2024 18:00,559bafcd-6ff9-497b-b962-5d7de5728760,8/20/2024 21:34,agoebl,8/20/2024 21:34,agoebl,5157,NA,43,ARFR4-SOS-CO932-294-11,#ABDDA4,-105.2030833,39.78458333,15 - 20 Deg. F. / 3 - 6,,15 - 20 Deg. F.,6-Mar,15 - 20 Deg. F. / 3 - 6,15 - 20 / semi-humid,CO.4,#698b69,"semi-humid, warm",#ABDDA4,H,NA,NA
ARFR-AZ930-422-NAVAJO-18,black,9,33,44,NA,1793,1,1,NA,N,NA,NA,NA,NA,NA,NA,NA,NA,NA,NA,1583,6dac5917-e14a-48db-806b-98640376fdf6,NA,1,NA,NA,8/20/2024 18:00,559bafcd-6ff9-497b-b962-5d7de5728760,8/20/2024 21:34,agoebl,8/20/2024 21:34,agoebl,5158,NA,44,ARFR4-SOS-AZ930-422-NAVAJO-18,#D53E4F,-110.431,36.56805,15 - 20 Deg. F. / 6 - 12,Lats corrected 20230127,15 - 20 Deg. F.,12-Jun,15 - 20 Deg. F. / 6 - 12,15 - 20 / semi-arid,AZ.2,#ee5c42,"semi-arid, warm",#D53E4F,B,NA,NA
ARFR-NM930N-66-11,black,9,33,45,342,1794,1,1,146.622,N,NA,NA,NA,NA,146.622,35.68,12.69,10.27,NA,Y,1584,60102171-f7ce-4c64-a14d-48cfe35f0707,NA,NA,NA,H,8/20/2024 18:00,559bafcd-6ff9-497b-b962-5d7de5728760,8/20/2024 21:34,agoebl,8/20/2024 21:34,agoebl,5159,NA,45,ARFR4-SOS-NM930N-66-11,#F46D43,-107.2045028,36.76818611,10 - 15 Deg. F. / 3 - 6,,10 - 15 Deg. F.,6-Mar,10 - 15 Deg. F. / 3 - 6,10 - 15 / semi-humid,NM.1,#66e566,"semi-humid, cool",#F46D43,C,NA,NA
ARFR-WY050-49-FREMONT-12,black,9,33,46,NA,1795,1,1,NA,N,NA,NA,NA,NA,NA,NA,NA,NA,NA,NA,1585,fb872c1a-4bcf-4270-8b67-c3d3b81f53a4,NA,1,NA,NA,8/20/2024 18:00,559bafcd-6ff9-497b-b962-5d7de5728760,8/20/2024 21:34,agoebl,8/20/2024 21:34,agoebl,5160,NA,46,ARFR4-SOS-WY050-49-FREMONT-12,#5E4FA2,-109.34775,43.42663611,5 - 10 Deg. F. / 6 - 12,,5 - 10 Deg. F.,12-Jun,5 - 10 Deg. F. / 6 - 12,5 - 10 / semi-arid,WY.3,#ffb90f,"semi-arid, cold",#5E4FA2,K,NA,NA
ARFR-UT080-109-UINTAH-12,black,9,33,47,NA,1796,1,1,NA,N,NA,NA,NA,NA,NA,NA,NA,NA,NA,NA,1586,9cb6fe76-1d8f-4f6b-95ec-3ac2eba7a6ae,NA,1,NA,NA,8/20/2024 18:00,559bafcd-6ff9-497b-b962-5d7de5728760,8/20/2024 21:34,agoebl,8/20/2024 21:34,agoebl,5161,NA,47,ARFR4-SOS-UT080-109-UINTAH-12,#aabe7f,-109.1426444,39.70802222,10 - 15 Deg. F. / 3 - 6,,10 - 15 Deg. F.,6-Mar,10 - 15 Deg. F. / 3 - 6,10 - 15 / semi-humid,UT.1,#66e566,"semi-humid, cool",#aabe7f,G,NA,NA
ARFR-AZ930-422-NAVAJO-18,black,9,33,48,NA,1797,1,1,NA,N,NA,NA,NA,NA,NA,NA,NA,NA,NA,NA,1587,2973a79b-4258-4718-9ab3-7f29af238666,NA,1,NA,NA,8/20/2024 18:00,559bafcd-6ff9-497b-b962-5d7de5728760,8/20/2024 21:34,agoebl,8/20/2024 21:34,agoebl,5162,NA,48,ARFR4-SOS-AZ930-422-NAVAJO-18,#D53E4F,-110.431,36.56805,15 - 20 Deg. F. / 6 - 12,Lats corrected 20230127,15 - 20 Deg. F.,12-Jun,15 - 20 Deg. F. / 6 - 12,15 - 20 / semi-arid,AZ.2,#ee5c42,"semi-arid, warm",#D53E4F,B,NA,NA
ARFR-WY930-44-LASANIMAS-13,black,9,33,49,NA,1798,1,1,NA,N,NA,NA,NA,NA,NA,NA,NA,NA,NA,NA,1588,ffb47d31-604e-4103-be96-a5fb879fb129,NA,1,NA,NA,8/20/2024 18:00,559bafcd-6ff9-497b-b962-5d7de5728760,8/20/2024 21:34,agoebl,8/20/2024 21:34,agoebl,5163,NA,49,ARFR4-SOS-WY930-44-LASANIMAS-13,#FDAE61,-104.6423889,37.16547222,15 - 20 Deg. F. / 3 - 6,,15 - 20 Deg. F.,6-Mar,15 - 20 Deg. F. / 3 - 6,15 - 20 / semi-humid,CO.1,#698b69,"semi-humid, warm",#FDAE61,D,NA,NA
ARFR-AZ930-423-NAVAJO-18,black,9,33,50,343,1799,1,1,NA,N,NA,NA,NA,NA,NA,NA,NA,NA,NA,NA,1589,cc16a83f-6321-488e-87cc-f5fb897f7537,NA,1,NA,NA,8/20/2024 18:00,559bafcd-6ff9-497b-b962-5d7de5728760,8/20/2024 21:34,agoebl,8/20/2024 21:34,agoebl,5164,NA,50,ARFR4-SOS-AZ930-423-NAVAJO-18,#9E0142,-110.431,36.45877,15 - 20 Deg. F. / 6 - 12,SdZones downloaded 20230823,15 - 20 Deg. F.,12-Jun,15 - 20 Deg. F. / 6 - 12,15 - 20 / semi-arid,AZ.1,#ee5c42,"semi-arid, warm",#9E0142,A,NA,NA
ARFR-CO932-314-JEFFERSON-12,black,9,33,51,NA,1800,1,1,NA,N,NA,NA,NA,NA,NA,NA,NA,NA,NA,NA,1590,ca8bafe0-37ed-4861-a463-0f744ce34a63,NA,1,NA,Dry,8/20/2024 18:00,559bafcd-6ff9-497b-b962-5d7de5728760,8/20/2024 21:34,agoebl,8/20/2024 21:34,agoebl,5165,NA,51,ARFR4-SOS-CO932-314-JEFFERSON-12,#FEE08B,-105.3553333,39.40902778,10 - 15 Deg. F. / 3 - 6,,10 - 15 Deg. F.,6-Mar,10 - 15 Deg. F. / 3 - 6,10 - 15 / semi-humid,CO.2,#66e566,"semi-humid, cool",#FEE08B,E,NA,NA
ARFR-CO932-314-JEFFERSON-12,black,9,33,52,NA,1801,1,1,NA,N,NA,NA,NA,NA,NA,NA,NA,NA,NA,NA,1594,ea24af3e-2abd-4087-9dcc-0a285966503d,NA,1,NA,NA,8/20/2024 18:00,559bafcd-6ff9-497b-b962-5d7de5728760,8/20/2024 21:34,agoebl,8/20/2024 21:34,agoebl,5166,NA,52,ARFR4-SOS-CO932-314-JEFFERSON-12,#FEE08B,-105.3553333,39.40902778,10 - 15 Deg. F. / 3 - 6,,10 - 15 Deg. F.,6-Mar,10 - 15 Deg. F. / 3 - 6,10 - 15 / semi-humid,CO.2,#66e566,"semi-humid, cool",#FEE08B,E,NA,NA
ARFR-UT080-109-UINTAH-12,black,9,33,53,NA,1802,1,1,NA,N,NA,NA,NA,NA,NA,NA,NA,NA,NA,NA,1592,8551ca0f-2383-439e-b52c-fd78dc8d5b05,NA,1,NA,NA,8/20/2024 18:00,559bafcd-6ff9-497b-b962-5d7de5728760,8/20/2024 21:34,agoebl,8/20/2024 21:34,agoebl,5167,NA,53,ARFR4-SOS-UT080-109-UINTAH-12,#aabe7f,-109.1426444,39.70802222,10 - 15 Deg. F. / 3 - 6,,10 - 15 Deg. F.,6-Mar,10 - 15 Deg. F. / 3 - 6,10 - 15 / semi-humid,UT.1,#66e566,"semi-humid, cool",#aabe7f,G,NA,NA
ARFR-CO932-314-JEFFERSON-12,black,9,33,54,NA,1803,0,NA,NA,N,NA,NA,NA,NA,NA,NA,NA,NA,NA,NA,1593,d872c424-21d2-4787-ad80-301d2afd061a,NA,0,NA,NA,8/20/2024 18:00,559bafcd-6ff9-497b-b962-5d7de5728760,8/20/2024 21:34,agoebl,8/20/2024 21:34,agoebl,5168,NA,54,ARFR4-SOS-CO932-314-JEFFERSON-12,#FEE08B,-105.3553333,39.40902778,10 - 15 Deg. F. / 3 - 6,,10 - 15 Deg. F.,6-Mar,10 - 15 Deg. F. / 3 - 6,10 - 15 / semi-humid,CO.2,#66e566,"semi-humid, cool",#FEE08B,E,NA,NA
ARFR-NM930N-66-11,black,9,33,55,344,1804,1,1,NA,N,NA,NA,NA,NA,NA,NA,NA,NA,NA,NA,NA,NA,NA,NA,NA,NA,NA,NA,NA,NA,NA,NA,NA,NA,NA,ARFR4-SOS-NM930N-66-11,#F46D43,-107.2045028,36.76818611,10 - 15 Deg. F. / 3 - 6,,10 - 15 Deg. F.,6-Mar,10 - 15 Deg. F. / 3 - 6,10 - 15 / semi-humid,NM.1,#66e566,"semi-humid, cool",#F46D43,C,NA,NA
ARFR-AZ930-422-NAVAJO-18,black,9,34,1,333,1805,1,1,NA,N,NA,NA,NA,NA,NA,NA,NA,NA,NA,NA,1595,ffd4b461-9d2e-4f84-be3d-572d7be4448b,NA,1,NA,NA,8/20/2024 18:00,01cd958b-526b-4086-acba-0e1c85f1778e,8/20/2024 21:34,agoebl,8/20/2024 21:34,agoebl,5170,NA,1,ARFR4-SOS-AZ930-422-NAVAJO-18,#D53E4F,-110.431,36.56805,15 - 20 Deg. F. / 6 - 12,Lats corrected 20230127,15 - 20 Deg. F.,12-Jun,15 - 20 Deg. F. / 6 - 12,15 - 20 / semi-arid,AZ.2,#ee5c42,"semi-arid, warm",#D53E4F,B,NA,NA
ARFR-UT080-109-UINTAH-12,black,9,34,2,NA,1806,1,1,NA,N,NA,NA,NA,NA,NA,NA,NA,NA,NA,NA,1596,0e006bbd-14fd-4a3d-b379-3e6659afa0fd,NA,1,NA,NA,8/20/2024 18:00,01cd958b-526b-4086-acba-0e1c85f1778e,8/20/2024 21:34,agoebl,8/20/2024 21:34,agoebl,5171,NA,2,ARFR4-SOS-UT080-109-UINTAH-12,#aabe7f,-109.1426444,39.70802222,10 - 15 Deg. F. / 3 - 6,,10 - 15 Deg. F.,6-Mar,10 - 15 Deg. F. / 3 - 6,10 - 15 / semi-humid,UT.1,#66e566,"semi-humid, cool",#aabe7f,G,NA,NA
ARFR-AZ930-422-NAVAJO-18,black,9,34,3,NA,1807,1,1,NA,N,NA,NA,NA,NA,NA,NA,NA,NA,NA,NA,1597,cc836945-3dca-444f-a2a8-cf5ce502fdbd,NA,1,NA,NA,8/20/2024 18:00,01cd958b-526b-4086-acba-0e1c85f1778e,8/20/2024 21:34,agoebl,8/20/2024 21:34,agoebl,5172,NA,3,ARFR4-SOS-AZ930-422-NAVAJO-18,#D53E4F,-110.431,36.56805,15 - 20 Deg. F. / 6 - 12,Lats corrected 20230127,15 - 20 Deg. F.,12-Jun,15 - 20 Deg. F. / 6 - 12,15 - 20 / semi-arid,AZ.2,#ee5c42,"semi-arid, warm",#D53E4F,B,NA,NA
ARFR-NM930N-66-11,black,9,34,4,NA,1808,1,1,NA,N,NA,NA,NA,NA,NA,NA,NA,NA,NA,NA,1598,e1ce3fa0-2024-46ea-b171-cdf5d2a21458,NA,1,NA,NA,8/20/2024 18:00,01cd958b-526b-4086-acba-0e1c85f1778e,8/20/2024 21:34,agoebl,8/20/2024 21:34,agoebl,5173,NA,4,ARFR4-SOS-NM930N-66-11,#F46D43,-107.2045028,36.76818611,10 - 15 Deg. F. / 3 - 6,,10 - 15 Deg. F.,6-Mar,10 - 15 Deg. F. / 3 - 6,10 - 15 / semi-humid,NM.1,#66e566,"semi-humid, cool",#F46D43,C,NA,NA
ARFR-WY050-49-FREMONT-12,black,9,34,5,334,1809,1,1,NA,Y,0.0054,0.837,15.5,NA,NA,NA,NA,NA,NA,NA,1599,f7ad357d-7db4-4104-a820-f5ed613135bc,NA,1,NA,Low,8/20/2024 18:00,01cd958b-526b-4086-acba-0e1c85f1778e,8/20/2024 21:34,agoebl,8/20/2024 21:34,agoebl,5174,NA,5,ARFR4-SOS-WY050-49-FREMONT-12,#5E4FA2,-109.34775,43.42663611,5 - 10 Deg. F. / 6 - 12,,5 - 10 Deg. F.,12-Jun,5 - 10 Deg. F. / 6 - 12,5 - 10 / semi-arid,WY.3,#ffb90f,"semi-arid, cold",#5E4FA2,K,NA,NA
ARFR-WY040-71-10,black,9,34,6,NA,1810,1,1,NA,N,NA,NA,NA,NA,NA,NA,NA,NA,NA,NA,1600,fc1697f9-7d91-4393-a1a9-e7a285e1c22b,NA,0,NA,NA,8/20/2024 18:00,01cd958b-526b-4086-acba-0e1c85f1778e,8/20/2024 21:34,agoebl,8/20/2024 21:34,agoebl,5175,NA,6,ARFR4-SOS-WY040-71-10,#66C2A5,-109.2433156,41.13271889,5 - 10 Deg. F. / 3 - 6,,5 - 10 Deg. F.,6-Mar,5 - 10 Deg. F. / 3 - 6,5 - 10 / semi-humid,WY.1,#a5c2f1,"semi-humid, cold",#66C2A5,I,NA,NA
ARFR-AZ930-422-NAVAJO-18,black,9,34,7,NA,1811,0,0,NA,N,NA,NA,NA,NA,NA,NA,NA,NA,NA,NA,1601,f001adcf-f33d-4d33-8414-ad7d837246bb,NA,1,NA,"Dieback, looks origi",8/20/2024 18:00,01cd958b-526b-4086-acba-0e1c85f1778e,8/20/2024 21:34,agoebl,8/20/2024 21:34,agoebl,5176,NA,7,ARFR4-SOS-AZ930-422-NAVAJO-18,#D53E4F,-110.431,36.56805,15 - 20 Deg. F. / 6 - 12,Lats corrected 20230127,15 - 20 Deg. F.,12-Jun,15 - 20 Deg. F. / 6 - 12,15 - 20 / semi-arid,AZ.2,#ee5c42,"semi-arid, warm",#D53E4F,B,NA,NA
ARFR-UT080-109-UINTAH-12,black,9,34,8,NA,1812,1,1,NA,N,NA,NA,NA,NA,NA,NA,NA,NA,NA,NA,1602,4359431e-f784-4468-a266-ec19dacf1cf1,NA,1,NA,NA,8/20/2024 18:00,01cd958b-526b-4086-acba-0e1c85f1778e,8/20/2024 21:34,agoebl,8/20/2024 21:34,agoebl,5177,NA,8,ARFR4-SOS-UT080-109-UINTAH-12,#aabe7f,-109.1426444,39.70802222,10 - 15 Deg. F. / 3 - 6,,10 - 15 Deg. F.,6-Mar,10 - 15 Deg. F. / 3 - 6,10 - 15 / semi-humid,UT.1,#66e566,"semi-humid, cool",#aabe7f,G,NA,NA
ARFR-AZ930-423-NAVAJO-18,black,9,34,9,NA,1813,1,1,NA,N,NA,NA,NA,NA,NA,NA,NA,NA,NA,NA,1603,3ce375f3-2e06-401a-be0e-f9a809feb329,NA,1,NA,NA,8/20/2024 18:00,01cd958b-526b-4086-acba-0e1c85f1778e,8/20/2024 21:34,agoebl,8/20/2024 21:34,agoebl,5178,NA,9,ARFR4-SOS-AZ930-423-NAVAJO-18,#9E0142,-110.431,36.45877,15 - 20 Deg. F. / 6 - 12,SdZones downloaded 20230823,15 - 20 Deg. F.,12-Jun,15 - 20 Deg. F. / 6 - 12,15 - 20 / semi-arid,AZ.1,#ee5c42,"semi-arid, warm",#9E0142,A,NA,NA
ARFR-CO932-316-JEFFERSON-12,black,9,34,10,335,1814,1,1,NA,N,NA,NA,NA,NA,NA,NA,NA,NA,NA,NA,NA,NA,NA,NA,NA,NA,NA,NA,NA,NA,NA,NA,NA,NA,NA,ARFR4-SOS-CO932-316-JEFFERSON-12,#FFFF85,-105.358,39.66325,15 - 20 Deg. F. / 3 - 6,,15 - 20 Deg. F.,6-Mar,15 - 20 Deg. F. / 3 - 6,15 - 20 / semi-humid,CO.3,#698b69,"semi-humid, warm",#FFFF85,F,NA,NA
ARFR-NM930N-66-11,black,9,34,11,NA,1815,1,1,NA,N,NA,NA,NA,NA,NA,NA,NA,NA,NA,NA,1605,df506306-5583-45c3-98e6-f55cf9a5b78e,NA,1,NA,NA,8/20/2024 18:00,01cd958b-526b-4086-acba-0e1c85f1778e,8/20/2024 21:34,agoebl,8/20/2024 21:34,agoebl,5180,NA,11,ARFR4-SOS-NM930N-66-11,#F46D43,-107.2045028,36.76818611,10 - 15 Deg. F. / 3 - 6,,10 - 15 Deg. F.,6-Mar,10 - 15 Deg. F. / 3 - 6,10 - 15 / semi-humid,NM.1,#66e566,"semi-humid, cool",#F46D43,C,NA,NA
ARFR-WY050-49-FREMONT-12,black,9,34,12,NA,1816,1,1,NA,N,NA,NA,NA,NA,NA,NA,NA,NA,NA,NA,1606,87364267-201c-4e49-8802-652c908b6a5b,NA,1,NA,NA,8/20/2024 18:00,01cd958b-526b-4086-acba-0e1c85f1778e,8/20/2024 21:34,agoebl,8/20/2024 21:34,agoebl,5181,NA,12,ARFR4-SOS-WY050-49-FREMONT-12,#5E4FA2,-109.34775,43.42663611,5 - 10 Deg. F. / 6 - 12,,5 - 10 Deg. F.,12-Jun,5 - 10 Deg. F. / 6 - 12,5 - 10 / semi-arid,WY.3,#ffb90f,"semi-arid, cold",#5E4FA2,K,NA,NA
ARFR-NM930N-66-11,black,9,34,13,NA,1817,1,1,NA,N,NA,NA,NA,NA,NA,NA,NA,NA,NA,NA,1607,a9e127f7-1e92-4617-bfd4-48a38e6bc8b9,NA,1,NA,NA,8/20/2024 18:00,01cd958b-526b-4086-acba-0e1c85f1778e,8/20/2024 21:34,agoebl,8/20/2024 21:34,agoebl,5182,NA,13,ARFR4-SOS-NM930N-66-11,#F46D43,-107.2045028,36.76818611,10 - 15 Deg. F. / 3 - 6,,10 - 15 Deg. F.,6-Mar,10 - 15 Deg. F. / 3 - 6,10 - 15 / semi-humid,NM.1,#66e566,"semi-humid, cool",#F46D43,C,NA,NA
ARFR-NM930N-66-11,black,9,34,14,NA,1818,1,1,NA,N,NA,NA,NA,NA,NA,NA,NA,NA,NA,NA,1608,c0f7584e-c557-4b1c-84e8-06572653f949,NA,1,NA,NA,8/20/2024 18:00,01cd958b-526b-4086-acba-0e1c85f1778e,8/20/2024 21:34,agoebl,8/20/2024 21:34,agoebl,5183,NA,14,ARFR4-SOS-NM930N-66-11,#F46D43,-107.2045028,36.76818611,10 - 15 Deg. F. / 3 - 6,,10 - 15 Deg. F.,6-Mar,10 - 15 Deg. F. / 3 - 6,10 - 15 / semi-humid,NM.1,#66e566,"semi-humid, cool",#F46D43,C,NA,NA
ARFR-WY040-71-10,black,9,34,15,336,1819,1,1,NA,N,NA,NA,NA,NA,NA,NA,NA,NA,NA,NA,1609,10629916-e4ab-41e7-9a22-9b3e788ba1ca,NA,0,NA,Plt vis,8/20/2024 18:00,01cd958b-526b-4086-acba-0e1c85f1778e,8/20/2024 21:34,agoebl,8/20/2024 21:34,agoebl,5184,NA,15,ARFR4-SOS-WY040-71-10,#66C2A5,-109.2433156,41.13271889,5 - 10 Deg. F. / 3 - 6,,5 - 10 Deg. F.,6-Mar,5 - 10 Deg. F. / 3 - 6,5 - 10 / semi-humid,WY.1,#a5c2f1,"semi-humid, cold",#66C2A5,I,NA,NA
ARFR-AZ930-422-NAVAJO-18,black,9,34,16,NA,1820,1,1,NA,N,NA,NA,NA,NA,NA,NA,NA,NA,NA,NA,1610,5f5ebf0c-451c-46d3-a550-3608f27f76ce,NA,1,NA,NA,8/20/2024 18:00,01cd958b-526b-4086-acba-0e1c85f1778e,8/20/2024 21:34,agoebl,8/20/2024 21:34,agoebl,5185,NA,16,ARFR4-SOS-AZ930-422-NAVAJO-18,#D53E4F,-110.431,36.56805,15 - 20 Deg. F. / 6 - 12,Lats corrected 20230127,15 - 20 Deg. F.,12-Jun,15 - 20 Deg. F. / 6 - 12,15 - 20 / semi-arid,AZ.2,#ee5c42,"semi-arid, warm",#D53E4F,B,NA,NA
ARFR-AZ930-423-NAVAJO-18,black,9,34,17,NA,1821,1,1,NA,Y,0.0033,0.994,30.12121212,NA,NA,NA,NA,NA,NA,NA,1611,788dc31c-cc5f-4549-b39d-ea4b9659e387,NA,1,NA,NA,8/20/2024 18:00,01cd958b-526b-4086-acba-0e1c85f1778e,8/20/2024 21:34,agoebl,8/20/2024 21:34,agoebl,5186,NA,17,ARFR4-SOS-AZ930-423-NAVAJO-18,#9E0142,-110.431,36.45877,15 - 20 Deg. F. / 6 - 12,SdZones downloaded 20230823,15 - 20 Deg. F.,12-Jun,15 - 20 Deg. F. / 6 - 12,15 - 20 / semi-arid,AZ.1,#ee5c42,"semi-arid, warm",#9E0142,A,NA,NA
ARFR-AZ930-423-NAVAJO-18,black,9,34,18,NA,1822,0,0,NA,N,NA,NA,NA,NA,NA,NA,NA,NA,NA,NA,1604,db1d5915-5f3a-46a9-8a22-f7c55b15ec81,NA,NA,NA,NA,8/20/2024 18:00,01cd958b-526b-4086-acba-0e1c85f1778e,8/20/2024 21:34,agoebl,8/20/2024 21:34,agoebl,5187,NA,18,ARFR4-SOS-AZ930-423-NAVAJO-18,#9E0142,-110.431,36.45877,15 - 20 Deg. F. / 6 - 12,SdZones downloaded 20230823,15 - 20 Deg. F.,12-Jun,15 - 20 Deg. F. / 6 - 12,15 - 20 / semi-arid,AZ.1,#ee5c42,"semi-arid, warm",#9E0142,A,NA,NA
ARFR-WY930-44-LASANIMAS-13,black,9,34,19,NA,1823,1,1,NA,N,NA,NA,NA,NA,NA,NA,NA,NA,NA,NA,1613,755d0813-18b8-479f-bfed-9c5362626965,NA,1,NA,NA,8/20/2024 18:00,01cd958b-526b-4086-acba-0e1c85f1778e,8/20/2024 21:34,agoebl,8/20/2024 21:34,agoebl,5188,NA,19,ARFR4-SOS-WY930-44-LASANIMAS-13,#FDAE61,-104.6423889,37.16547222,15 - 20 Deg. F. / 3 - 6,,15 - 20 Deg. F.,6-Mar,15 - 20 Deg. F. / 3 - 6,15 - 20 / semi-humid,CO.1,#698b69,"semi-humid, warm",#FDAE61,D,NA,NA
ARFR-CO932-316-JEFFERSON-12,black,9,34,20,337,1824,1,1,NA,N,NA,NA,NA,NA,NA,NA,NA,NA,NA,NA,1614,19adfc5e-cffa-4788-86b2-ee265d2476c0,NA,0,NA,Part buried ,8/20/2024 18:00,01cd958b-526b-4086-acba-0e1c85f1778e,8/20/2024 21:34,agoebl,8/20/2024 21:34,agoebl,5189,NA,20,ARFR4-SOS-CO932-316-JEFFERSON-12,#FFFF85,-105.358,39.66325,15 - 20 Deg. F. / 3 - 6,,15 - 20 Deg. F.,6-Mar,15 - 20 Deg. F. / 3 - 6,15 - 20 / semi-humid,CO.3,#698b69,"semi-humid, warm",#FFFF85,F,NA,NA
ARFR-CO932-294-11,black,9,34,21,NA,1825,1,1,NA,N,NA,NA,NA,NA,NA,NA,NA,NA,NA,NA,1615,a6d7ac7a-264a-4a6e-9c77-de98ab59802c,NA,1,NA,NA,8/20/2024 18:00,01cd958b-526b-4086-acba-0e1c85f1778e,8/20/2024 21:34,agoebl,8/20/2024 21:34,agoebl,5190,NA,21,ARFR4-SOS-CO932-294-11,#ABDDA4,-105.2030833,39.78458333,15 - 20 Deg. F. / 3 - 6,,15 - 20 Deg. F.,6-Mar,15 - 20 Deg. F. / 3 - 6,15 - 20 / semi-humid,CO.4,#698b69,"semi-humid, warm",#ABDDA4,H,NA,NA
ARFR-CO932-314-JEFFERSON-12,black,9,34,22,NA,1826,1,1,NA,N,NA,NA,NA,NA,NA,NA,NA,NA,NA,NA,1616,54ca87f6-0e5b-49b1-ae13-eb70154ba72d,NA,1,NA,NA,8/20/2024 18:00,01cd958b-526b-4086-acba-0e1c85f1778e,8/20/2024 21:34,agoebl,8/20/2024 21:34,agoebl,5191,NA,22,ARFR4-SOS-CO932-314-JEFFERSON-12,#FEE08B,-105.3553333,39.40902778,10 - 15 Deg. F. / 3 - 6,,10 - 15 Deg. F.,6-Mar,10 - 15 Deg. F. / 3 - 6,10 - 15 / semi-humid,CO.2,#66e566,"semi-humid, cool",#FEE08B,E,NA,NA
ARFR-UT080-109-UINTAH-12,black,9,34,23,NA,1827,1,1,NA,N,NA,NA,NA,NA,NA,NA,NA,NA,NA,NA,1617,e3156b70-8c52-4f01-8676-d6fe1ab67cbe,NA,1,NA,NA,8/20/2024 18:00,01cd958b-526b-4086-acba-0e1c85f1778e,8/20/2024 21:34,agoebl,8/20/2024 21:34,agoebl,5192,NA,23,ARFR4-SOS-UT080-109-UINTAH-12,#aabe7f,-109.1426444,39.70802222,10 - 15 Deg. F. / 3 - 6,,10 - 15 Deg. F.,6-Mar,10 - 15 Deg. F. / 3 - 6,10 - 15 / semi-humid,UT.1,#66e566,"semi-humid, cool",#aabe7f,G,NA,NA
ARFR-CO932-314-JEFFERSON-12,black,9,34,24,NA,1828,1,NA,65.422,N,NA,NA,NA,NA,65.422,24.39,7.66,9.21,NA,Y,1618,98cf3823-df4a-4837-ad72-c751bb9e8d59,NA,NA,NA,H,8/20/2024 18:00,01cd958b-526b-4086-acba-0e1c85f1778e,8/20/2024 21:34,agoebl,8/20/2024 21:34,agoebl,5193,NA,24,ARFR4-SOS-CO932-314-JEFFERSON-12,#FEE08B,-105.3553333,39.40902778,10 - 15 Deg. F. / 3 - 6,,10 - 15 Deg. F.,6-Mar,10 - 15 Deg. F. / 3 - 6,10 - 15 / semi-humid,CO.2,#66e566,"semi-humid, cool",#FEE08B,E,NA,Y
ARFR-NM930N-66-11,black,9,34,25,338,1829,1,1,NA,N,NA,NA,NA,NA,NA,NA,NA,NA,NA,NA,1619,2d863781-d58d-408a-b9da-853d0e3d13bd,NA,1,NA,NA,8/20/2024 18:00,01cd958b-526b-4086-acba-0e1c85f1778e,8/20/2024 21:34,agoebl,8/20/2024 21:34,agoebl,5194,NA,25,ARFR4-SOS-NM930N-66-11,#F46D43,-107.2045028,36.76818611,10 - 15 Deg. F. / 3 - 6,,10 - 15 Deg. F.,6-Mar,10 - 15 Deg. F. / 3 - 6,10 - 15 / semi-humid,NM.1,#66e566,"semi-humid, cool",#F46D43,C,NA,NA
ARFR-CO932-316-JEFFERSON-12,black,9,34,26,NA,1830,1,1,NA,N,NA,NA,NA,NA,NA,NA,NA,NA,NA,NA,1620,cda27ee8-9aa0-4ae0-a32a-ea6bed795635,NA,1,NA,NA,8/20/2024 18:00,01cd958b-526b-4086-acba-0e1c85f1778e,8/20/2024 21:34,agoebl,8/20/2024 21:34,agoebl,5195,NA,26,ARFR4-SOS-CO932-316-JEFFERSON-12,#FFFF85,-105.358,39.66325,15 - 20 Deg. F. / 3 - 6,,15 - 20 Deg. F.,6-Mar,15 - 20 Deg. F. / 3 - 6,15 - 20 / semi-humid,CO.3,#698b69,"semi-humid, warm",#FFFF85,F,NA,NA
ARFR-WY050-151-FREMONT-16,black,9,34,27,NA,1831,1,1,48.962,N,NA,NA,NA,NA,48.962,20.06,4.74,6.07,NA,Y,1621,dbb11075-0f9a-43cc-aa2e-e3c7e3dfaf57,NA,NA,NA,H,8/20/2024 18:00,01cd958b-526b-4086-acba-0e1c85f1778e,8/20/2024 21:34,agoebl,8/20/2024 21:34,agoebl,5196,NA,27,ARFR4-SOS-WY050-151-FREMONT-16,#3288BD,-108.1704472,42.47886111,10 - 15 Deg. F. / 6 - 12,,10 - 15 Deg. F.,12-Jun,10 - 15 Deg. F. / 6 - 12,10 - 15 / semi-arid,WY.2,#cd8500,"semi-arid, cool",#3288BD,J,NA,NA
ARFR-CO932-316-JEFFERSON-12,black,9,34,28,NA,1832,1,1,NA,N,NA,NA,NA,NA,NA,NA,NA,NA,NA,NA,1622,684086ad-e4a0-4fa9-9f7f-84ffcc893d81,NA,1,NA,NA,8/20/2024 18:00,01cd958b-526b-4086-acba-0e1c85f1778e,8/20/2024 21:34,agoebl,8/20/2024 21:34,agoebl,5197,NA,28,ARFR4-SOS-CO932-316-JEFFERSON-12,#FFFF85,-105.358,39.66325,15 - 20 Deg. F. / 3 - 6,,15 - 20 Deg. F.,6-Mar,15 - 20 Deg. F. / 3 - 6,15 - 20 / semi-humid,CO.3,#698b69,"semi-humid, warm",#FFFF85,F,NA,NA
ARFR-AZ930-422-NAVAJO-18,black,9,34,29,NA,1833,1,1,NA,N,NA,NA,NA,NA,NA,NA,NA,NA,NA,NA,1623,33d148e9-0a79-4cd6-96f5-df455e9c0c28,NA,1,NA,NA,8/20/2024 18:00,01cd958b-526b-4086-acba-0e1c85f1778e,8/20/2024 21:34,agoebl,8/20/2024 21:34,agoebl,5198,NA,29,ARFR4-SOS-AZ930-422-NAVAJO-18,#D53E4F,-110.431,36.56805,15 - 20 Deg. F. / 6 - 12,Lats corrected 20230127,15 - 20 Deg. F.,12-Jun,15 - 20 Deg. F. / 6 - 12,15 - 20 / semi-arid,AZ.2,#ee5c42,"semi-arid, warm",#D53E4F,B,NA,NA
ARFR-WY050-49-FREMONT-12,black,9,34,30,339,1834,1,1,NA,N,NA,NA,NA,NA,NA,NA,NA,NA,NA,NA,1624,a8c74978-6746-4ad8-99ec-6c8fe2188246,NA,1,NA,Low,8/20/2024 18:00,01cd958b-526b-4086-acba-0e1c85f1778e,8/20/2024 21:34,agoebl,8/20/2024 21:34,agoebl,5199,NA,30,ARFR4-SOS-WY050-49-FREMONT-12,#5E4FA2,-109.34775,43.42663611,5 - 10 Deg. F. / 6 - 12,,5 - 10 Deg. F.,12-Jun,5 - 10 Deg. F. / 6 - 12,5 - 10 / semi-arid,WY.3,#ffb90f,"semi-arid, cold",#5E4FA2,K,NA,NA
ARFR-WY040-71-10,black,9,34,31,NA,1835,1,1,NA,N,NA,NA,NA,NA,NA,NA,NA,NA,NA,NA,1625,8b8355b6-7f37-453e-b29c-d815cce55508,NA,1,NA,Near dead,8/20/2024 18:00,01cd958b-526b-4086-acba-0e1c85f1778e,8/20/2024 21:34,agoebl,8/20/2024 21:34,agoebl,5200,NA,31,ARFR4-SOS-WY040-71-10,#66C2A5,-109.2433156,41.13271889,5 - 10 Deg. F. / 3 - 6,,5 - 10 Deg. F.,6-Mar,5 - 10 Deg. F. / 3 - 6,5 - 10 / semi-humid,WY.1,#a5c2f1,"semi-humid, cold",#66C2A5,I,NA,NA
ARFR-AZ930-422-NAVAJO-18,black,9,34,32,NA,1836,1,1,NA,N,NA,NA,NA,NA,NA,NA,NA,NA,NA,NA,1626,571b823b-513a-4f60-86a3-c6d2fa738990,NA,1,NA,NA,8/20/2024 18:00,01cd958b-526b-4086-acba-0e1c85f1778e,8/20/2024 21:34,agoebl,8/20/2024 21:34,agoebl,5201,NA,32,ARFR4-SOS-AZ930-422-NAVAJO-18,#D53E4F,-110.431,36.56805,15 - 20 Deg. F. / 6 - 12,Lats corrected 20230127,15 - 20 Deg. F.,12-Jun,15 - 20 Deg. F. / 6 - 12,15 - 20 / semi-arid,AZ.2,#ee5c42,"semi-arid, warm",#D53E4F,B,NA,NA
ARFR-UT080-109-UINTAH-12,black,9,34,33,NA,1837,1,1,NA,N,NA,NA,NA,NA,NA,NA,NA,NA,NA,NA,1627,4baa4d7a-153d-4134-a339-3a8f684a3dcc,NA,1,NA,NA,8/20/2024 18:00,01cd958b-526b-4086-acba-0e1c85f1778e,8/20/2024 21:34,agoebl,8/20/2024 21:34,agoebl,5202,NA,33,ARFR4-SOS-UT080-109-UINTAH-12,#aabe7f,-109.1426444,39.70802222,10 - 15 Deg. F. / 3 - 6,,10 - 15 Deg. F.,6-Mar,10 - 15 Deg. F. / 3 - 6,10 - 15 / semi-humid,UT.1,#66e566,"semi-humid, cool",#aabe7f,G,NA,NA
ARFR-CO932-314-JEFFERSON-12,black,9,34,34,NA,1838,1,1,NA,N,NA,NA,NA,NA,NA,NA,NA,NA,NA,NA,1628,cd05ee23-67ba-4255-b927-63f338ba7f78,NA,1,NA,Low,8/20/2024 18:00,01cd958b-526b-4086-acba-0e1c85f1778e,8/20/2024 21:34,agoebl,8/20/2024 21:34,agoebl,5203,NA,34,ARFR4-SOS-CO932-314-JEFFERSON-12,#FEE08B,-105.3553333,39.40902778,10 - 15 Deg. F. / 3 - 6,,10 - 15 Deg. F.,6-Mar,10 - 15 Deg. F. / 3 - 6,10 - 15 / semi-humid,CO.2,#66e566,"semi-humid, cool",#FEE08B,E,NA,NA
ARFR-AZ930-423-NAVAJO-18,black,9,34,35,340,1839,0,NA,NA,N,NA,NA,NA,NA,NA,NA,NA,NA,NA,NA,1629,58f18b1a-1c08-4564-9945-3c4ea2c65703,NA,0,NA,NA,8/20/2024 18:00,01cd958b-526b-4086-acba-0e1c85f1778e,8/20/2024 21:34,agoebl,8/20/2024 21:34,agoebl,5204,NA,35,ARFR4-SOS-AZ930-423-NAVAJO-18,#9E0142,-110.431,36.45877,15 - 20 Deg. F. / 6 - 12,SdZones downloaded 20230823,15 - 20 Deg. F.,12-Jun,15 - 20 Deg. F. / 6 - 12,15 - 20 / semi-arid,AZ.1,#ee5c42,"semi-arid, warm",#9E0142,A,NA,NA
ARFR-AZ930-422-NAVAJO-18,black,9,34,36,NA,1840,1,1,NA,N,NA,NA,NA,NA,NA,NA,NA,NA,NA,NA,1630,680c750d-4b1f-42ea-824e-d81bf7b7a006,NA,1,NA,NA,8/20/2024 18:00,01cd958b-526b-4086-acba-0e1c85f1778e,8/20/2024 21:34,agoebl,8/20/2024 21:34,agoebl,5205,NA,36,ARFR4-SOS-AZ930-422-NAVAJO-18,#D53E4F,-110.431,36.56805,15 - 20 Deg. F. / 6 - 12,Lats corrected 20230127,15 - 20 Deg. F.,12-Jun,15 - 20 Deg. F. / 6 - 12,15 - 20 / semi-arid,AZ.2,#ee5c42,"semi-arid, warm",#D53E4F,B,NA,NA
ARFR-AZ930-423-NAVAJO-18,black,9,34,37,NA,1841,0,NA,NA,N,NA,NA,NA,NA,NA,NA,NA,NA,NA,NA,1631,311c13d5-7941-4789-b7b9-e69b9bb01bc2,NA,0,NA,NA,8/20/2024 18:00,01cd958b-526b-4086-acba-0e1c85f1778e,8/20/2024 21:34,agoebl,8/20/2024 21:34,agoebl,5206,NA,37,ARFR4-SOS-AZ930-423-NAVAJO-18,#9E0142,-110.431,36.45877,15 - 20 Deg. F. / 6 - 12,SdZones downloaded 20230823,15 - 20 Deg. F.,12-Jun,15 - 20 Deg. F. / 6 - 12,15 - 20 / semi-arid,AZ.1,#ee5c42,"semi-arid, warm",#9E0142,A,NA,NA
ARFR-CO932-294-11,black,9,34,38,NA,1842,1,1,NA,N,NA,NA,NA,NA,NA,NA,NA,NA,NA,NA,1632,82480d2a-2e58-4773-8114-6f6e9410751c,NA,1,NA,NA,8/20/2024 18:00,01cd958b-526b-4086-acba-0e1c85f1778e,8/20/2024 21:34,agoebl,8/20/2024 21:34,agoebl,5204,NA,38,ARFR4-SOS-CO932-294-11,#ABDDA4,-105.2030833,39.78458333,15 - 20 Deg. F. / 3 - 6,,15 - 20 Deg. F.,6-Mar,15 - 20 Deg. F. / 3 - 6,15 - 20 / semi-humid,CO.4,#698b69,"semi-humid, warm",#ABDDA4,H,NA,NA
ARFR-AZ930-423-NAVAJO-18,black,9,34,39,NA,1843,1,1,NA,N,NA,NA,NA,NA,NA,NA,NA,NA,NA,NA,1633,a9d29e77-0a7d-49d7-a8b3-b1107c48570e,NA,1,NA,NA,8/20/2024 18:00,01cd958b-526b-4086-acba-0e1c85f1778e,8/20/2024 21:34,agoebl,8/20/2024 21:34,agoebl,5208,NA,39,ARFR4-SOS-AZ930-423-NAVAJO-18,#9E0142,-110.431,36.45877,15 - 20 Deg. F. / 6 - 12,SdZones downloaded 20230823,15 - 20 Deg. F.,12-Jun,15 - 20 Deg. F. / 6 - 12,15 - 20 / semi-arid,AZ.1,#ee5c42,"semi-arid, warm",#9E0142,A,NA,NA
ARFR-CO932-294-11,black,9,34,40,341,1844,1,1,NA,N,NA,NA,NA,NA,NA,NA,NA,NA,NA,NA,1634,a876379f-49be-4319-a38e-abc1391f00b6,NA,1,NA,NA,8/20/2024 18:00,01cd958b-526b-4086-acba-0e1c85f1778e,8/20/2024 21:34,agoebl,8/20/2024 21:34,agoebl,5209,NA,40,ARFR4-SOS-CO932-294-11,#ABDDA4,-105.2030833,39.78458333,15 - 20 Deg. F. / 3 - 6,,15 - 20 Deg. F.,6-Mar,15 - 20 Deg. F. / 3 - 6,15 - 20 / semi-humid,CO.4,#698b69,"semi-humid, warm",#ABDDA4,H,NA,NA
ARFR-AZ930-422-NAVAJO-18,black,9,34,41,NA,1845,1,NA,NA,N,NA,NA,NA,NA,NA,NA,NA,NA,NA,NA,1635,32226be6-e990-470f-a9fa-105d891d5122,NA,1,NA,Dry,8/20/2024 18:00,01cd958b-526b-4086-acba-0e1c85f1778e,8/20/2024 21:34,agoebl,8/20/2024 21:34,agoebl,5210,NA,41,ARFR4-SOS-AZ930-422-NAVAJO-18,#D53E4F,-110.431,36.56805,15 - 20 Deg. F. / 6 - 12,Lats corrected 20230127,15 - 20 Deg. F.,12-Jun,15 - 20 Deg. F. / 6 - 12,15 - 20 / semi-arid,AZ.2,#ee5c42,"semi-arid, warm",#D53E4F,B,NA,NA
ARFR-CO932-294-11,black,9,34,42,NA,1846,1,1,NA,N,NA,NA,NA,NA,NA,NA,NA,NA,NA,NA,1636,b7e71803-9835-4ada-9fc6-abe98e502f6a,NA,1,NA,NA,8/20/2024 18:00,01cd958b-526b-4086-acba-0e1c85f1778e,8/20/2024 21:34,agoebl,8/20/2024 21:34,agoebl,5211,NA,42,ARFR4-SOS-CO932-294-11,#ABDDA4,-105.2030833,39.78458333,15 - 20 Deg. F. / 3 - 6,,15 - 20 Deg. F.,6-Mar,15 - 20 Deg. F. / 3 - 6,15 - 20 / semi-humid,CO.4,#698b69,"semi-humid, warm",#ABDDA4,H,NA,NA
ARFR-WY050-151-FREMONT-16,black,9,34,43,NA,1847,1,1,NA,N,NA,NA,NA,NA,NA,NA,NA,NA,NA,NA,1637,1f3598dc-e514-4fd1-8f17-907a4c079196,NA,1,NA,NA,8/20/2024 18:00,01cd958b-526b-4086-acba-0e1c85f1778e,8/20/2024 21:34,agoebl,8/20/2024 21:34,agoebl,5212,NA,43,ARFR4-SOS-WY050-151-FREMONT-16,#3288BD,-108.1704472,42.47886111,10 - 15 Deg. F. / 6 - 12,,10 - 15 Deg. F.,12-Jun,10 - 15 Deg. F. / 6 - 12,10 - 15 / semi-arid,WY.2,#cd8500,"semi-arid, cool",#3288BD,J,NA,NA
ARFR-WY040-71-10,black,9,34,44,NA,1848,1,1,27.222,N,NA,NA,NA,NA,27.222,0.196,0.14,NA,"Head/chaff combined, weighed with Mettler Toledo",Y,1638,6c225a3b-78d8-46c1-957a-ae058569fca2,NA,NA,NA,H,8/20/2024 18:00,01cd958b-526b-4086-acba-0e1c85f1778e,8/20/2024 21:34,agoebl,8/20/2024 21:34,agoebl,5213,NA,44,ARFR4-SOS-WY040-71-10,#66C2A5,-109.2433156,41.13271889,5 - 10 Deg. F. / 3 - 6,,5 - 10 Deg. F.,6-Mar,5 - 10 Deg. F. / 3 - 6,5 - 10 / semi-humid,WY.1,#a5c2f1,"semi-humid, cold",#66C2A5,I,NA,NA
ARFR-WY040-71-10,black,9,34,45,342,1849,1,1,NA,N,NA,NA,NA,NA,NA,NA,NA,NA,NA,NA,1639,d2ddc21e-7d60-404f-9f29-8b7ad76408fb,NA,1,NA,Dieback,8/20/2024 18:00,01cd958b-526b-4086-acba-0e1c85f1778e,8/20/2024 21:34,agoebl,8/20/2024 21:34,agoebl,5214,NA,45,ARFR4-SOS-WY040-71-10,#66C2A5,-109.2433156,41.13271889,5 - 10 Deg. F. / 3 - 6,,5 - 10 Deg. F.,6-Mar,5 - 10 Deg. F. / 3 - 6,5 - 10 / semi-humid,WY.1,#a5c2f1,"semi-humid, cold",#66C2A5,I,NA,NA
ARFR-CO932-294-11,black,9,34,46,NA,1850,1,1,NA,N,NA,NA,NA,NA,NA,NA,NA,NA,NA,NA,1640,22824d18-15cd-4c35-b016-f86f4dce10c8,NA,1,NA,NA,8/20/2024 18:00,01cd958b-526b-4086-acba-0e1c85f1778e,8/20/2024 21:34,agoebl,8/20/2024 21:34,agoebl,5215,NA,46,ARFR4-SOS-CO932-294-11,#ABDDA4,-105.2030833,39.78458333,15 - 20 Deg. F. / 3 - 6,,15 - 20 Deg. F.,6-Mar,15 - 20 Deg. F. / 3 - 6,15 - 20 / semi-humid,CO.4,#698b69,"semi-humid, warm",#ABDDA4,H,NA,NA
ARFR-CO932-294-11,black,9,34,47,NA,1851,1,1,NA,N,NA,NA,NA,NA,NA,NA,NA,NA,NA,NA,1641,ad6e9037-88a3-43f2-99cc-383fea566f6c,NA,1,NA,NA,8/20/2024 18:00,01cd958b-526b-4086-acba-0e1c85f1778e,8/20/2024 21:34,agoebl,8/20/2024 21:34,agoebl,5216,NA,47,ARFR4-SOS-CO932-294-11,#ABDDA4,-105.2030833,39.78458333,15 - 20 Deg. F. / 3 - 6,,15 - 20 Deg. F.,6-Mar,15 - 20 Deg. F. / 3 - 6,15 - 20 / semi-humid,CO.4,#698b69,"semi-humid, warm",#ABDDA4,H,NA,NA
ARFR-WY050-49-FREMONT-12,black,9,34,48,NA,1852,1,1,NA,N,NA,NA,NA,NA,NA,NA,NA,NA,NA,NA,1642,f48802e3-8112-4a56-9e21-9dcc8b01da1d,NA,1,NA,NA,8/20/2024 18:00,01cd958b-526b-4086-acba-0e1c85f1778e,8/20/2024 21:34,agoebl,8/20/2024 21:34,agoebl,5217,NA,48,ARFR4-SOS-WY050-49-FREMONT-12,#5E4FA2,-109.34775,43.42663611,5 - 10 Deg. F. / 6 - 12,,5 - 10 Deg. F.,12-Jun,5 - 10 Deg. F. / 6 - 12,5 - 10 / semi-arid,WY.3,#ffb90f,"semi-arid, cold",#5E4FA2,K,NA,NA
ARFR-WY050-49-FREMONT-12,black,9,34,49,NA,1853,1,1,32.762,N,NA,NA,NA,NA,32.762,0.017,0,0,Missing? Zeros for inf added since prob didn't flwr,Y,1643,292efffd-21fe-460a-b48a-d325a9fb6f30,NA,NA,NA,H,8/20/2024 18:00,01cd958b-526b-4086-acba-0e1c85f1778e,8/20/2024 21:34,agoebl,8/20/2024 21:34,agoebl,5218,NA,49,ARFR4-SOS-WY050-49-FREMONT-12,#5E4FA2,-109.34775,43.42663611,5 - 10 Deg. F. / 6 - 12,,5 - 10 Deg. F.,12-Jun,5 - 10 Deg. F. / 6 - 12,5 - 10 / semi-arid,WY.3,#ffb90f,"semi-arid, cold",#5E4FA2,K,NA,NA
ARFR-CO932-314-JEFFERSON-12,black,9,34,50,343,1854,1,1,NA,N,NA,NA,NA,NA,NA,NA,NA,NA,NA,NA,1644,afcf20a1-89b6-40fd-b1d8-976392e173a4,NA,1,NA,Near dead,8/20/2024 18:00,01cd958b-526b-4086-acba-0e1c85f1778e,8/20/2024 21:34,agoebl,8/20/2024 21:34,agoebl,5219,NA,50,ARFR4-SOS-CO932-314-JEFFERSON-12,#FEE08B,-105.3553333,39.40902778,10 - 15 Deg. F. / 3 - 6,,10 - 15 Deg. F.,6-Mar,10 - 15 Deg. F. / 3 - 6,10 - 15 / semi-humid,CO.2,#66e566,"semi-humid, cool",#FEE08B,E,NA,NA
ARFR-NM930N-66-11,black,9,34,51,NA,1855,1,1,NA,N,NA,NA,NA,NA,NA,NA,NA,NA,NA,NA,1645,6800b892-4aeb-43ed-bfa1-837c8d8caca5,NA,1,NA,NA,8/20/2024 18:00,01cd958b-526b-4086-acba-0e1c85f1778e,8/20/2024 21:34,agoebl,8/20/2024 21:34,agoebl,5220,NA,51,ARFR4-SOS-NM930N-66-11,#F46D43,-107.2045028,36.76818611,10 - 15 Deg. F. / 3 - 6,,10 - 15 Deg. F.,6-Mar,10 - 15 Deg. F. / 3 - 6,10 - 15 / semi-humid,NM.1,#66e566,"semi-humid, cool",#F46D43,C,NA,NA
ARFR-WY040-71-10,black,9,34,52,NA,1856,1,1,NA,N,NA,NA,NA,NA,NA,NA,NA,NA,NA,NA,1646,f8581eb4-506d-44e3-8242-70f129fd8e11,NA,0,NA,"Plt vis, sm",8/20/2024 18:00,01cd958b-526b-4086-acba-0e1c85f1778e,8/20/2024 21:34,agoebl,8/20/2024 21:34,agoebl,5221,NA,52,ARFR4-SOS-WY040-71-10,#66C2A5,-109.2433156,41.13271889,5 - 10 Deg. F. / 3 - 6,,5 - 10 Deg. F.,6-Mar,5 - 10 Deg. F. / 3 - 6,5 - 10 / semi-humid,WY.1,#a5c2f1,"semi-humid, cold",#66C2A5,I,NA,NA
ARFR-UT080-109-UINTAH-12,black,9,34,53,NA,1857,1,1,NA,N,NA,NA,NA,NA,NA,NA,NA,NA,NA,NA,1647,04fc0868-b3df-43c6-8c59-1b3f387a426e,NA,1,NA,NA,8/20/2024 18:00,01cd958b-526b-4086-acba-0e1c85f1778e,8/20/2024 21:34,agoebl,8/20/2024 21:34,agoebl,5222,NA,53,ARFR4-SOS-UT080-109-UINTAH-12,#aabe7f,-109.1426444,39.70802222,10 - 15 Deg. F. / 3 - 6,,10 - 15 Deg. F.,6-Mar,10 - 15 Deg. F. / 3 - 6,10 - 15 / semi-humid,UT.1,#66e566,"semi-humid, cool",#aabe7f,G,NA,NA
ARFR-WY040-71-10,black,9,34,54,NA,1858,1,1,NA,N,NA,NA,NA,NA,NA,NA,NA,NA,NA,NA,1648,22d45c76-94b9-4056-b11d-a9327e3da80c,NA,1,NA,Dieback,8/20/2024 18:00,01cd958b-526b-4086-acba-0e1c85f1778e,8/20/2024 21:34,agoebl,8/20/2024 21:34,agoebl,5223,NA,54,ARFR4-SOS-WY040-71-10,#66C2A5,-109.2433156,41.13271889,5 - 10 Deg. F. / 3 - 6,,5 - 10 Deg. F.,6-Mar,5 - 10 Deg. F. / 3 - 6,5 - 10 / semi-humid,WY.1,#a5c2f1,"semi-humid, cold",#66C2A5,I,NA,NA
ARFR-AZ930-423-NAVAJO-18,black,9,34,55,344,1859,1,1,NA,N,NA,NA,NA,NA,NA,NA,NA,NA,NA,NA,1649,6b0bf8a4-2c46-49bd-a6ea-ccca7f521216,NA,1,NA,NA,8/20/2024 18:00,01cd958b-526b-4086-acba-0e1c85f1778e,8/20/2024 21:34,agoebl,8/20/2024 21:34,agoebl,5224,NA,55,ARFR4-SOS-AZ930-423-NAVAJO-18,#9E0142,-110.431,36.45877,15 - 20 Deg. F. / 6 - 12,SdZones downloaded 20230823,15 - 20 Deg. F.,12-Jun,15 - 20 Deg. F. / 6 - 12,15 - 20 / semi-arid,AZ.1,#ee5c42,"semi-arid, warm",#9E0142,A,NA,NA
ARFR-CO932-314-JEFFERSON-12,black,9,35,1,345,1860,1,1,NA,N,NA,NA,NA,NA,NA,NA,NA,NA,NA,NA,1650,aa8857ae-4f66-42e9-89f4-e73a4f46799b,NA,1,NA,NA,8/20/2024 18:00,be67f846-9adc-41d8-a488-41bb8e8fccd5,8/20/2024 21:34,agoebl,8/20/2024 21:34,agoebl,5225,NA,1,ARFR4-SOS-CO932-314-JEFFERSON-12,#FEE08B,-105.3553333,39.40902778,10 - 15 Deg. F. / 3 - 6,,10 - 15 Deg. F.,6-Mar,10 - 15 Deg. F. / 3 - 6,10 - 15 / semi-humid,CO.2,#66e566,"semi-humid, cool",#FEE08B,E,NA,NA
ARFR-WY040-71-10,black,9,35,2,NA,1861,1,NA,5.88,N,NA,NA,NA,NA,5.88,0,0,0,Missing? Zeros for inf added since didn't flwr,Y,1651,f3d7c5b1-704e-480e-90d9-2637bfc20c03,NA,NA,NA,H,8/20/2024 18:00,be67f846-9adc-41d8-a488-41bb8e8fccd5,8/20/2024 21:34,agoebl,8/20/2024 21:34,agoebl,5226,NA,2,ARFR4-SOS-WY040-71-10,#66C2A5,-109.2433156,41.13271889,5 - 10 Deg. F. / 3 - 6,,5 - 10 Deg. F.,6-Mar,5 - 10 Deg. F. / 3 - 6,5 - 10 / semi-humid,WY.1,#a5c2f1,"semi-humid, cold",#66C2A5,I,NA,Y
ARFR-UT080-109-UINTAH-12,black,9,35,3,NA,1862,1,1,NA,N,NA,NA,NA,NA,NA,NA,NA,NA,NA,NA,1652,2ffdfcd3-95dc-4ab9-a99e-701c7093b7dd,NA,1,NA,NA,8/20/2024 18:00,be67f846-9adc-41d8-a488-41bb8e8fccd5,8/20/2024 21:34,agoebl,8/20/2024 21:34,agoebl,5227,NA,3,ARFR4-SOS-UT080-109-UINTAH-12,#aabe7f,-109.1426444,39.70802222,10 - 15 Deg. F. / 3 - 6,,10 - 15 Deg. F.,6-Mar,10 - 15 Deg. F. / 3 - 6,10 - 15 / semi-humid,UT.1,#66e566,"semi-humid, cool",#aabe7f,G,NA,NA
ARFR-CO932-314-JEFFERSON-12,black,9,35,4,NA,1863,0,NA,NA,N,NA,NA,NA,NA,NA,NA,NA,NA,NA,NA,1653,0674e088-008c-4a2e-a076-79c6c32a7d03,NA,0,NA,NA,8/20/2024 18:00,be67f846-9adc-41d8-a488-41bb8e8fccd5,8/20/2024 21:34,agoebl,8/20/2024 21:34,agoebl,5228,NA,4,ARFR4-SOS-CO932-314-JEFFERSON-12,#FEE08B,-105.3553333,39.40902778,10 - 15 Deg. F. / 3 - 6,,10 - 15 Deg. F.,6-Mar,10 - 15 Deg. F. / 3 - 6,10 - 15 / semi-humid,CO.2,#66e566,"semi-humid, cool",#FEE08B,E,NA,NA
ARFR-AZ930-422-NAVAJO-18,black,9,35,5,346,1864,1,1,NA,N,NA,NA,NA,NA,NA,NA,NA,NA,NA,NA,1654,c59fdabe-6cbb-4158-8ba6-8d362c603592,NA,1,NA,Near dead,8/20/2024 18:00,be67f846-9adc-41d8-a488-41bb8e8fccd5,8/20/2024 21:34,agoebl,8/20/2024 21:34,agoebl,5229,NA,5,ARFR4-SOS-AZ930-422-NAVAJO-18,#D53E4F,-110.431,36.56805,15 - 20 Deg. F. / 6 - 12,Lats corrected 20230127,15 - 20 Deg. F.,12-Jun,15 - 20 Deg. F. / 6 - 12,15 - 20 / semi-arid,AZ.2,#ee5c42,"semi-arid, warm",#D53E4F,B,NA,NA
ARFR-CO932-294-11,black,9,35,6,NA,1865,1,1,NA,N,NA,NA,NA,NA,NA,NA,NA,NA,NA,NA,1655,05c786cc-c0c8-4985-aa2d-5509254f1ec7,NA,1,NA,NA,8/20/2024 18:00,be67f846-9adc-41d8-a488-41bb8e8fccd5,8/20/2024 21:34,agoebl,8/20/2024 21:34,agoebl,5230,NA,6,ARFR4-SOS-CO932-294-11,#ABDDA4,-105.2030833,39.78458333,15 - 20 Deg. F. / 3 - 6,,15 - 20 Deg. F.,6-Mar,15 - 20 Deg. F. / 3 - 6,15 - 20 / semi-humid,CO.4,#698b69,"semi-humid, warm",#ABDDA4,H,NA,NA
ARFR-UT080-109-UINTAH-12,black,9,35,7,NA,1866,1,1,NA,N,NA,NA,NA,NA,NA,NA,NA,NA,NA,NA,1656,5b237473-e31b-4eba-b450-66432dfb0619,NA,1,NA,NA,8/20/2024 18:00,be67f846-9adc-41d8-a488-41bb8e8fccd5,8/20/2024 21:34,agoebl,8/20/2024 21:34,agoebl,5231,NA,7,ARFR4-SOS-UT080-109-UINTAH-12,#aabe7f,-109.1426444,39.70802222,10 - 15 Deg. F. / 3 - 6,,10 - 15 Deg. F.,6-Mar,10 - 15 Deg. F. / 3 - 6,10 - 15 / semi-humid,UT.1,#66e566,"semi-humid, cool",#aabe7f,G,NA,NA
ARFR-CO932-314-JEFFERSON-12,black,9,35,8,NA,1867,1,1,NA,N,NA,NA,NA,NA,NA,NA,NA,NA,NA,NA,1657,9355ce80-5380-42d3-bd86-0c93607bca21,NA,1,NA,NA,8/20/2024 18:00,be67f846-9adc-41d8-a488-41bb8e8fccd5,8/20/2024 21:34,agoebl,8/20/2024 21:34,agoebl,5232,NA,8,ARFR4-SOS-CO932-314-JEFFERSON-12,#FEE08B,-105.3553333,39.40902778,10 - 15 Deg. F. / 3 - 6,,10 - 15 Deg. F.,6-Mar,10 - 15 Deg. F. / 3 - 6,10 - 15 / semi-humid,CO.2,#66e566,"semi-humid, cool",#FEE08B,E,NA,NA
ARFR-AZ930-423-NAVAJO-18,black,9,35,9,NA,1868,1,1,NA,N,NA,NA,NA,NA,NA,NA,NA,NA,NA,NA,1658,912021d4-b201-43a4-bb96-a7d3d520b007,NA,1,NA,NA,8/20/2024 18:00,be67f846-9adc-41d8-a488-41bb8e8fccd5,8/20/2024 21:34,agoebl,8/20/2024 21:34,agoebl,5233,NA,9,ARFR4-SOS-AZ930-423-NAVAJO-18,#9E0142,-110.431,36.45877,15 - 20 Deg. F. / 6 - 12,SdZones downloaded 20230823,15 - 20 Deg. F.,12-Jun,15 - 20 Deg. F. / 6 - 12,15 - 20 / semi-arid,AZ.1,#ee5c42,"semi-arid, warm",#9E0142,A,NA,NA
ARFR-UT080-109-UINTAH-12,black,9,35,10,347,1869,1,1,NA,N,NA,NA,NA,NA,NA,NA,NA,NA,NA,NA,1659,351ab3a5-f8ee-43e1-8587-ed8eaaf6a23e,NA,1,NA,NA,8/20/2024 18:00,be67f846-9adc-41d8-a488-41bb8e8fccd5,8/20/2024 21:34,agoebl,8/20/2024 21:34,agoebl,5234,NA,10,ARFR4-SOS-UT080-109-UINTAH-12,#aabe7f,-109.1426444,39.70802222,10 - 15 Deg. F. / 3 - 6,,10 - 15 Deg. F.,6-Mar,10 - 15 Deg. F. / 3 - 6,10 - 15 / semi-humid,UT.1,#66e566,"semi-humid, cool",#aabe7f,G,NA,NA
ARFR-NM930N-66-11,black,9,35,11,NA,1870,1,1,NA,N,NA,NA,NA,NA,NA,NA,NA,NA,NA,NA,1660,5cd11770-5f03-44a7-a690-20785789dd40,NA,1,NA,NA,8/20/2024 18:00,be67f846-9adc-41d8-a488-41bb8e8fccd5,8/20/2024 21:34,agoebl,8/20/2024 21:34,agoebl,5235,NA,11,ARFR4-SOS-NM930N-66-11,#F46D43,-107.2045028,36.76818611,10 - 15 Deg. F. / 3 - 6,,10 - 15 Deg. F.,6-Mar,10 - 15 Deg. F. / 3 - 6,10 - 15 / semi-humid,NM.1,#66e566,"semi-humid, cool",#F46D43,C,NA,NA
ARFR-AZ930-423-NAVAJO-18,black,9,35,12,NA,1871,1,1,NA,N,NA,NA,NA,NA,NA,NA,NA,NA,NA,NA,1661,62a36c4b-2647-4b01-a2e8-98ec34f7cbfe,NA,1,NA,NA,8/20/2024 18:00,be67f846-9adc-41d8-a488-41bb8e8fccd5,8/20/2024 21:34,agoebl,8/20/2024 21:34,agoebl,5236,NA,12,ARFR4-SOS-AZ930-423-NAVAJO-18,#9E0142,-110.431,36.45877,15 - 20 Deg. F. / 6 - 12,SdZones downloaded 20230823,15 - 20 Deg. F.,12-Jun,15 - 20 Deg. F. / 6 - 12,15 - 20 / semi-arid,AZ.1,#ee5c42,"semi-arid, warm",#9E0142,A,NA,NA
ARFR-WY050-151-FREMONT-16,black,9,35,13,NA,1872,1,1,NA,N,NA,NA,NA,NA,NA,NA,NA,NA,NA,NA,1662,3c3af3cc-767c-447b-af1e-4af268e9f910,NA,1,NA,Low,8/20/2024 18:00,be67f846-9adc-41d8-a488-41bb8e8fccd5,8/20/2024 21:34,agoebl,8/20/2024 21:34,agoebl,5237,NA,13,ARFR4-SOS-WY050-151-FREMONT-16,#3288BD,-108.1704472,42.47886111,10 - 15 Deg. F. / 6 - 12,,10 - 15 Deg. F.,12-Jun,10 - 15 Deg. F. / 6 - 12,10 - 15 / semi-arid,WY.2,#cd8500,"semi-arid, cool",#3288BD,J,NA,NA
ARFR-AZ930-422-NAVAJO-18,black,9,35,14,NA,1873,1,1,128.792,N,NA,NA,NA,NA,128.792,41,25,0.6,Chaff mostly combined with head,Y,1663,625316b4-0282-40eb-a1c9-4f76f024640f,NA,NA,NA,H,8/20/2024 18:00,be67f846-9adc-41d8-a488-41bb8e8fccd5,8/20/2024 21:34,agoebl,8/20/2024 21:34,agoebl,5238,NA,14,ARFR4-SOS-AZ930-422-NAVAJO-18,#D53E4F,-110.431,36.56805,15 - 20 Deg. F. / 6 - 12,Lats corrected 20230127,15 - 20 Deg. F.,12-Jun,15 - 20 Deg. F. / 6 - 12,15 - 20 / semi-arid,AZ.2,#ee5c42,"semi-arid, warm",#D53E4F,B,NA,NA
ARFR-UT080-109-UINTAH-12,black,9,35,15,348,1874,1,1,NA,N,NA,NA,NA,NA,NA,NA,NA,NA,NA,NA,1664,fe5345e8-e4a9-4506-8207-654948b32d39,NA,1,NA,NA,8/20/2024 18:00,be67f846-9adc-41d8-a488-41bb8e8fccd5,8/20/2024 21:34,agoebl,8/20/2024 21:34,agoebl,5239,NA,15,ARFR4-SOS-UT080-109-UINTAH-12,#aabe7f,-109.1426444,39.70802222,10 - 15 Deg. F. / 3 - 6,,10 - 15 Deg. F.,6-Mar,10 - 15 Deg. F. / 3 - 6,10 - 15 / semi-humid,UT.1,#66e566,"semi-humid, cool",#aabe7f,G,NA,NA
ARFR-WY040-71-10,black,9,35,16,NA,1875,1,1,NA,N,NA,NA,NA,NA,NA,NA,NA,NA,NA,NA,1665,70533da2-073b-4e43-9492-cb2c2fd59f67,NA,1,NA,Dieback,8/20/2024 18:00,be67f846-9adc-41d8-a488-41bb8e8fccd5,8/20/2024 21:34,agoebl,8/20/2024 21:34,agoebl,5240,NA,16,ARFR4-SOS-WY040-71-10,#66C2A5,-109.2433156,41.13271889,5 - 10 Deg. F. / 3 - 6,,5 - 10 Deg. F.,6-Mar,5 - 10 Deg. F. / 3 - 6,5 - 10 / semi-humid,WY.1,#a5c2f1,"semi-humid, cold",#66C2A5,I,NA,NA
ARFR-CO932-316-JEFFERSON-12,black,9,35,17,NA,1876,1,1,NA,N,NA,NA,NA,NA,NA,NA,NA,NA,NA,NA,1666,fbc5c3b0-f523-4947-83e5-dc31ccc5e015,NA,1,NA,Low,8/20/2024 18:00,be67f846-9adc-41d8-a488-41bb8e8fccd5,8/20/2024 21:34,agoebl,8/20/2024 21:34,agoebl,5241,NA,17,ARFR4-SOS-CO932-316-JEFFERSON-12,#FFFF85,-105.358,39.66325,15 - 20 Deg. F. / 3 - 6,,15 - 20 Deg. F.,6-Mar,15 - 20 Deg. F. / 3 - 6,15 - 20 / semi-humid,CO.3,#698b69,"semi-humid, warm",#FFFF85,F,NA,NA
ARFR-WY050-151-FREMONT-16,black,9,35,18,NA,1877,1,1,NA,N,NA,NA,NA,NA,NA,NA,NA,NA,NA,NA,1667,a0f3e5b0-056b-4d24-8690-38ddd0e86f6c,NA,0,NA,Plt vis,8/20/2024 18:00,be67f846-9adc-41d8-a488-41bb8e8fccd5,8/20/2024 21:34,agoebl,8/20/2024 21:34,agoebl,5242,NA,18,ARFR4-SOS-WY050-151-FREMONT-16,#3288BD,-108.1704472,42.47886111,10 - 15 Deg. F. / 6 - 12,,10 - 15 Deg. F.,12-Jun,10 - 15 Deg. F. / 6 - 12,10 - 15 / semi-arid,WY.2,#cd8500,"semi-arid, cool",#3288BD,J,NA,NA
ARFR-CO932-316-JEFFERSON-12,black,9,35,19,NA,1878,1,1,NA,N,NA,NA,NA,NA,NA,NA,NA,NA,NA,NA,1668,eaea9f37-386b-4f60-bb7f-b3a08e07c9da,NA,1,NA,NA,8/20/2024 18:00,be67f846-9adc-41d8-a488-41bb8e8fccd5,8/20/2024 21:34,agoebl,8/20/2024 21:34,agoebl,5243,NA,19,ARFR4-SOS-CO932-316-JEFFERSON-12,#FFFF85,-105.358,39.66325,15 - 20 Deg. F. / 3 - 6,,15 - 20 Deg. F.,6-Mar,15 - 20 Deg. F. / 3 - 6,15 - 20 / semi-humid,CO.3,#698b69,"semi-humid, warm",#FFFF85,F,NA,NA
ARFR-WY930-44-LASANIMAS-13,black,9,35,20,349,1879,1,1,NA,N,NA,NA,NA,NA,NA,NA,NA,NA,NA,NA,1669,b77aa8b5-a9bd-4dcd-b600-02648256a45b,NA,1,NA,NA,8/20/2024 18:00,be67f846-9adc-41d8-a488-41bb8e8fccd5,8/20/2024 21:34,agoebl,8/20/2024 21:34,agoebl,5244,NA,20,ARFR4-SOS-WY930-44-LASANIMAS-13,#FDAE61,-104.6423889,37.16547222,15 - 20 Deg. F. / 3 - 6,,15 - 20 Deg. F.,6-Mar,15 - 20 Deg. F. / 3 - 6,15 - 20 / semi-humid,CO.1,#698b69,"semi-humid, warm",#FDAE61,D,NA,NA
ARFR-UT080-109-UINTAH-12,black,9,35,21,NA,1880,1,1,NA,N,NA,NA,NA,NA,NA,NA,NA,NA,NA,NA,1670,76ccd232-ace2-498f-a614-50373334e782,NA,1,NA,NA,8/20/2024 18:00,be67f846-9adc-41d8-a488-41bb8e8fccd5,8/20/2024 21:34,agoebl,8/20/2024 21:34,agoebl,5245,NA,21,ARFR4-SOS-UT080-109-UINTAH-12,#aabe7f,-109.1426444,39.70802222,10 - 15 Deg. F. / 3 - 6,,10 - 15 Deg. F.,6-Mar,10 - 15 Deg. F. / 3 - 6,10 - 15 / semi-humid,UT.1,#66e566,"semi-humid, cool",#aabe7f,G,NA,NA
ARFR-WY050-151-FREMONT-16,black,9,35,22,NA,1881,1,1,NA,N,NA,NA,NA,NA,NA,NA,NA,NA,NA,NA,1671,dd4faed9-47e3-46ff-a7e6-beebcfd56624,NA,1,NA,Low,8/20/2024 18:00,be67f846-9adc-41d8-a488-41bb8e8fccd5,8/20/2024 21:34,agoebl,8/20/2024 21:34,agoebl,5246,NA,22,ARFR4-SOS-WY050-151-FREMONT-16,#3288BD,-108.1704472,42.47886111,10 - 15 Deg. F. / 6 - 12,,10 - 15 Deg. F.,12-Jun,10 - 15 Deg. F. / 6 - 12,10 - 15 / semi-arid,WY.2,#cd8500,"semi-arid, cool",#3288BD,J,NA,NA
ARFR-WY930-44-LASANIMAS-13,black,9,35,23,NA,1882,1,1,NA,N,NA,NA,NA,NA,NA,NA,NA,NA,NA,NA,1672,a9273372-5cdc-4942-886b-273797fb71c8,NA,1,NA,NA,8/20/2024 18:00,be67f846-9adc-41d8-a488-41bb8e8fccd5,8/20/2024 21:34,agoebl,8/20/2024 21:34,agoebl,5247,NA,23,ARFR4-SOS-WY930-44-LASANIMAS-13,#FDAE61,-104.6423889,37.16547222,15 - 20 Deg. F. / 3 - 6,,15 - 20 Deg. F.,6-Mar,15 - 20 Deg. F. / 3 - 6,15 - 20 / semi-humid,CO.1,#698b69,"semi-humid, warm",#FDAE61,D,NA,NA
ARFR-CO932-294-11,black,9,35,24,NA,1883,1,1,NA,N,NA,NA,NA,NA,NA,NA,NA,NA,NA,NA,1673,4e522d31-0d77-406f-a73b-1091759c5b21,NA,1,NA,NA,8/20/2024 18:00,be67f846-9adc-41d8-a488-41bb8e8fccd5,8/20/2024 21:34,agoebl,8/20/2024 21:34,agoebl,5248,NA,24,ARFR4-SOS-CO932-294-11,#ABDDA4,-105.2030833,39.78458333,15 - 20 Deg. F. / 3 - 6,,15 - 20 Deg. F.,6-Mar,15 - 20 Deg. F. / 3 - 6,15 - 20 / semi-humid,CO.4,#698b69,"semi-humid, warm",#ABDDA4,H,NA,NA
ARFR-WY040-71-10,black,9,35,25,350,1884,1,1,NA,N,NA,NA,NA,NA,NA,NA,NA,NA,NA,NA,1674,0ed0beec-fd22-4fa2-9195-df0b8d93593b,NA,1,NA,Near dead,8/20/2024 18:00,be67f846-9adc-41d8-a488-41bb8e8fccd5,8/20/2024 21:34,agoebl,8/20/2024 21:34,agoebl,5249,NA,25,ARFR4-SOS-WY040-71-10,#66C2A5,-109.2433156,41.13271889,5 - 10 Deg. F. / 3 - 6,,5 - 10 Deg. F.,6-Mar,5 - 10 Deg. F. / 3 - 6,5 - 10 / semi-humid,WY.1,#a5c2f1,"semi-humid, cold",#66C2A5,I,NA,NA
ARFR-WY040-71-10,black,9,35,26,NA,1885,1,1,NA,N,NA,NA,NA,NA,NA,NA,NA,NA,NA,NA,1675,fbef89f5-7805-444c-bc6a-6833b9354f60,NA,1,NA,Dieback,8/20/2024 18:00,be67f846-9adc-41d8-a488-41bb8e8fccd5,8/20/2024 21:34,agoebl,8/20/2024 21:34,agoebl,5250,NA,26,ARFR4-SOS-WY040-71-10,#66C2A5,-109.2433156,41.13271889,5 - 10 Deg. F. / 3 - 6,,5 - 10 Deg. F.,6-Mar,5 - 10 Deg. F. / 3 - 6,5 - 10 / semi-humid,WY.1,#a5c2f1,"semi-humid, cold",#66C2A5,I,NA,NA
ARFR-CO932-316-JEFFERSON-12,black,9,35,27,NA,1886,1,1,NA,N,NA,NA,NA,NA,NA,NA,NA,NA,NA,NA,1676,e052e596-c743-486b-98c5-7efe6575ec6c,NA,1,NA,NA,8/20/2024 18:00,be67f846-9adc-41d8-a488-41bb8e8fccd5,8/20/2024 21:34,agoebl,8/20/2024 21:34,agoebl,5251,NA,27,ARFR4-SOS-CO932-316-JEFFERSON-12,#FFFF85,-105.358,39.66325,15 - 20 Deg. F. / 3 - 6,,15 - 20 Deg. F.,6-Mar,15 - 20 Deg. F. / 3 - 6,15 - 20 / semi-humid,CO.3,#698b69,"semi-humid, warm",#FFFF85,F,NA,NA
ARFR-CO932-294-11,black,9,35,28,NA,1887,1,1,NA,N,NA,NA,NA,NA,NA,NA,NA,NA,NA,NA,1677,b96462d8-5a35-4771-b2fb-6f71bfabadc4,NA,1,NA,NA,8/20/2024 18:00,be67f846-9adc-41d8-a488-41bb8e8fccd5,8/20/2024 21:34,agoebl,8/20/2024 21:34,agoebl,5252,NA,28,ARFR4-SOS-CO932-294-11,#ABDDA4,-105.2030833,39.78458333,15 - 20 Deg. F. / 3 - 6,,15 - 20 Deg. F.,6-Mar,15 - 20 Deg. F. / 3 - 6,15 - 20 / semi-humid,CO.4,#698b69,"semi-humid, warm",#ABDDA4,H,NA,NA
ARFR-AZ930-423-NAVAJO-18,black,9,35,29,NA,1888,1,1,NA,N,NA,NA,NA,NA,NA,NA,NA,NA,NA,NA,1678,08d86b4b-4d3a-48fb-8c63-eb1fd603902d,NA,1,NA,NA,8/20/2024 18:00,be67f846-9adc-41d8-a488-41bb8e8fccd5,8/20/2024 21:34,agoebl,8/20/2024 21:34,agoebl,5253,NA,29,ARFR4-SOS-AZ930-423-NAVAJO-18,#9E0142,-110.431,36.45877,15 - 20 Deg. F. / 6 - 12,SdZones downloaded 20230823,15 - 20 Deg. F.,12-Jun,15 - 20 Deg. F. / 6 - 12,15 - 20 / semi-arid,AZ.1,#ee5c42,"semi-arid, warm",#9E0142,A,NA,NA
ARFR-AZ930-423-NAVAJO-18,black,9,35,30,351,1889,1,1,NA,N,NA,NA,NA,NA,NA,NA,NA,NA,NA,NA,1679,2a0db591-c05f-4893-93cb-f0305fbd5546,NA,1,NA,NA,8/20/2024 18:00,be67f846-9adc-41d8-a488-41bb8e8fccd5,8/20/2024 21:34,agoebl,8/20/2024 21:34,agoebl,5254,NA,30,ARFR4-SOS-AZ930-423-NAVAJO-18,#9E0142,-110.431,36.45877,15 - 20 Deg. F. / 6 - 12,SdZones downloaded 20230823,15 - 20 Deg. F.,12-Jun,15 - 20 Deg. F. / 6 - 12,15 - 20 / semi-arid,AZ.1,#ee5c42,"semi-arid, warm",#9E0142,A,NA,NA
ARFR-CO932-316-JEFFERSON-12,black,9,35,31,NA,1890,1,1,NA,N,NA,NA,NA,NA,NA,NA,NA,NA,NA,NA,1680,386b41c3-e590-47c3-a326-936c995f4560,NA,1,NA,NA,8/20/2024 18:00,be67f846-9adc-41d8-a488-41bb8e8fccd5,8/20/2024 21:34,agoebl,8/20/2024 21:34,agoebl,5255,NA,31,ARFR4-SOS-CO932-316-JEFFERSON-12,#FFFF85,-105.358,39.66325,15 - 20 Deg. F. / 3 - 6,,15 - 20 Deg. F.,6-Mar,15 - 20 Deg. F. / 3 - 6,15 - 20 / semi-humid,CO.3,#698b69,"semi-humid, warm",#FFFF85,F,NA,NA
ARFR-NM930N-66-11,black,9,35,32,NA,1891,0,1,NA,N,NA,NA,NA,NA,NA,NA,NA,NA,NA,NA,1681,87f1c743-5c4f-4de7-8e52-da49492a1121,NA,0,NA,NA,8/20/2024 18:00,be67f846-9adc-41d8-a488-41bb8e8fccd5,8/20/2024 21:34,agoebl,8/20/2024 21:34,agoebl,5256,NA,32,ARFR4-SOS-NM930N-66-11,#F46D43,-107.2045028,36.76818611,10 - 15 Deg. F. / 3 - 6,,10 - 15 Deg. F.,6-Mar,10 - 15 Deg. F. / 3 - 6,10 - 15 / semi-humid,NM.1,#66e566,"semi-humid, cool",#F46D43,C,NA,NA
ARFR-CO932-316-JEFFERSON-12,black,9,35,33,NA,1892,1,1,NA,N,NA,NA,NA,NA,NA,NA,NA,NA,NA,NA,1682,5caf690b-2238-4e26-b072-94f1e9851e9a,NA,1,NA,Dry,8/20/2024 18:00,be67f846-9adc-41d8-a488-41bb8e8fccd5,8/20/2024 21:34,agoebl,8/20/2024 21:34,agoebl,5257,NA,33,ARFR4-SOS-CO932-316-JEFFERSON-12,#FFFF85,-105.358,39.66325,15 - 20 Deg. F. / 3 - 6,,15 - 20 Deg. F.,6-Mar,15 - 20 Deg. F. / 3 - 6,15 - 20 / semi-humid,CO.3,#698b69,"semi-humid, warm",#FFFF85,F,NA,NA
ARFR-AZ930-422-NAVAJO-18,black,9,35,34,NA,1893,1,1,NA,N,NA,NA,NA,NA,NA,NA,NA,NA,NA,NA,1683,d84fd002-498a-408d-8b28-dfe4ab605d16,NA,1,NA,NA,8/20/2024 18:00,be67f846-9adc-41d8-a488-41bb8e8fccd5,8/20/2024 21:34,agoebl,8/20/2024 21:34,agoebl,5258,NA,34,ARFR4-SOS-AZ930-422-NAVAJO-18,#D53E4F,-110.431,36.56805,15 - 20 Deg. F. / 6 - 12,Lats corrected 20230127,15 - 20 Deg. F.,12-Jun,15 - 20 Deg. F. / 6 - 12,15 - 20 / semi-arid,AZ.2,#ee5c42,"semi-arid, warm",#D53E4F,B,NA,NA
ARFR-UT080-109-UINTAH-12,black,9,35,35,352,1894,1,1,NA,N,NA,NA,NA,NA,NA,NA,NA,NA,NA,NA,1684,bb2d5507-a2a3-46f4-b812-4ef5c19e650e,NA,1,NA,NA,8/20/2024 18:00,be67f846-9adc-41d8-a488-41bb8e8fccd5,8/20/2024 21:34,agoebl,8/20/2024 21:34,agoebl,5259,NA,35,ARFR4-SOS-UT080-109-UINTAH-12,#aabe7f,-109.1426444,39.70802222,10 - 15 Deg. F. / 3 - 6,,10 - 15 Deg. F.,6-Mar,10 - 15 Deg. F. / 3 - 6,10 - 15 / semi-humid,UT.1,#66e566,"semi-humid, cool",#aabe7f,G,NA,NA
ARFR-NM930N-66-11,black,9,35,36,NA,1895,1,1,NA,N,NA,NA,NA,NA,NA,NA,NA,NA,NA,NA,1685,2d25c7ed-5505-4f25-9c1f-24dbda3f542e,NA,1,NA,NA,8/20/2024 18:00,be67f846-9adc-41d8-a488-41bb8e8fccd5,8/20/2024 21:34,agoebl,8/20/2024 21:34,agoebl,5260,NA,36,ARFR4-SOS-NM930N-66-11,#F46D43,-107.2045028,36.76818611,10 - 15 Deg. F. / 3 - 6,,10 - 15 Deg. F.,6-Mar,10 - 15 Deg. F. / 3 - 6,10 - 15 / semi-humid,NM.1,#66e566,"semi-humid, cool",#F46D43,C,NA,NA
ARFR-NM930N-66-11,black,9,35,37,NA,1896,1,1,NA,N,NA,NA,NA,NA,NA,NA,NA,NA,NA,NA,1686,034a8616-14f8-4007-963c-e791f10878d4,NA,1,NA,NA,8/20/2024 18:00,be67f846-9adc-41d8-a488-41bb8e8fccd5,8/20/2024 21:34,agoebl,8/20/2024 21:34,agoebl,5261,NA,37,ARFR4-SOS-NM930N-66-11,#F46D43,-107.2045028,36.76818611,10 - 15 Deg. F. / 3 - 6,,10 - 15 Deg. F.,6-Mar,10 - 15 Deg. F. / 3 - 6,10 - 15 / semi-humid,NM.1,#66e566,"semi-humid, cool",#F46D43,C,NA,NA
ARFR-WY050-151-FREMONT-16,black,9,35,38,NA,1897,1,1,NA,N,NA,NA,NA,NA,NA,NA,NA,NA,NA,NA,1687,a32be1e2-aaea-4e05-b197-5fb10e71e9cb,NA,0,NA,Plt vis,8/20/2024 18:00,be67f846-9adc-41d8-a488-41bb8e8fccd5,8/20/2024 21:34,agoebl,8/20/2024 21:34,agoebl,5262,NA,38,ARFR4-SOS-WY050-151-FREMONT-16,#3288BD,-108.1704472,42.47886111,10 - 15 Deg. F. / 6 - 12,,10 - 15 Deg. F.,12-Jun,10 - 15 Deg. F. / 6 - 12,10 - 15 / semi-arid,WY.2,#cd8500,"semi-arid, cool",#3288BD,J,NA,NA
ARFR-CO932-316-JEFFERSON-12,black,9,35,39,NA,1898,1,1,NA,N,NA,NA,NA,NA,NA,NA,NA,NA,NA,NA,1688,f538e3dd-feec-4c5d-b9f8-44e37a2f5ba4,NA,1,NA,NA,8/20/2024 18:00,be67f846-9adc-41d8-a488-41bb8e8fccd5,8/20/2024 21:34,agoebl,8/20/2024 21:34,agoebl,5263,NA,39,ARFR4-SOS-CO932-316-JEFFERSON-12,#FFFF85,-105.358,39.66325,15 - 20 Deg. F. / 3 - 6,,15 - 20 Deg. F.,6-Mar,15 - 20 Deg. F. / 3 - 6,15 - 20 / semi-humid,CO.3,#698b69,"semi-humid, warm",#FFFF85,F,NA,NA
ARFR-CO932-316-JEFFERSON-12,black,9,35,40,353,1899,1,1,NA,N,NA,NA,NA,NA,NA,NA,NA,NA,NA,NA,1689,3bfc9438-65db-4060-97dc-5d00a4bfc2fa,NA,1,NA,NA,8/20/2024 18:00,be67f846-9adc-41d8-a488-41bb8e8fccd5,8/20/2024 21:34,agoebl,8/20/2024 21:34,agoebl,5264,NA,40,ARFR4-SOS-CO932-316-JEFFERSON-12,#FFFF85,-105.358,39.66325,15 - 20 Deg. F. / 3 - 6,,15 - 20 Deg. F.,6-Mar,15 - 20 Deg. F. / 3 - 6,15 - 20 / semi-humid,CO.3,#698b69,"semi-humid, warm",#FFFF85,F,NA,NA
ARFR-NM930N-66-11,black,9,35,41,NA,1900,1,1,NA,N,NA,NA,NA,NA,NA,NA,NA,NA,NA,NA,1690,cc3a5e2f-4699-4848-8f8f-ee8d8453647b,NA,1,NA,NA,8/20/2024 18:00,be67f846-9adc-41d8-a488-41bb8e8fccd5,8/20/2024 21:34,agoebl,8/20/2024 21:34,agoebl,5265,NA,41,ARFR4-SOS-NM930N-66-11,#F46D43,-107.2045028,36.76818611,10 - 15 Deg. F. / 3 - 6,,10 - 15 Deg. F.,6-Mar,10 - 15 Deg. F. / 3 - 6,10 - 15 / semi-humid,NM.1,#66e566,"semi-humid, cool",#F46D43,C,NA,NA
ARFR-WY040-71-10,black,9,35,42,NA,1901,1,1,NA,N,NA,NA,NA,NA,NA,NA,NA,NA,NA,NA,1691,35967fd4-a0b9-4a06-a44e-90d1f83997ce,NA,0,NA,Plt vis,8/20/2024 18:00,be67f846-9adc-41d8-a488-41bb8e8fccd5,8/20/2024 21:34,agoebl,8/20/2024 21:34,agoebl,5266,NA,42,ARFR4-SOS-WY040-71-10,#66C2A5,-109.2433156,41.13271889,5 - 10 Deg. F. / 3 - 6,,5 - 10 Deg. F.,6-Mar,5 - 10 Deg. F. / 3 - 6,5 - 10 / semi-humid,WY.1,#a5c2f1,"semi-humid, cold",#66C2A5,I,NA,NA
ARFR-CO932-294-11,black,9,35,43,NA,1902,1,1,NA,N,NA,NA,NA,NA,NA,NA,NA,NA,NA,NA,1692,95f7fc49-02d9-476a-ba76-bd46f89efd57,NA,1,NA,NA,8/20/2024 18:00,be67f846-9adc-41d8-a488-41bb8e8fccd5,8/20/2024 21:34,agoebl,8/20/2024 21:34,agoebl,5267,NA,43,ARFR4-SOS-CO932-294-11,#ABDDA4,-105.2030833,39.78458333,15 - 20 Deg. F. / 3 - 6,,15 - 20 Deg. F.,6-Mar,15 - 20 Deg. F. / 3 - 6,15 - 20 / semi-humid,CO.4,#698b69,"semi-humid, warm",#ABDDA4,H,NA,NA
ARFR-CO932-314-JEFFERSON-12,black,9,35,44,NA,1903,0,0,NA,N,NA,NA,NA,NA,NA,NA,NA,NA,NA,NA,1693,87fca6d5-8b14-4fa0-afce-26dfc27dfffd,NA,0,NA,NA,8/20/2024 18:00,be67f846-9adc-41d8-a488-41bb8e8fccd5,8/20/2024 21:34,agoebl,8/20/2024 21:34,agoebl,5268,NA,44,ARFR4-SOS-CO932-314-JEFFERSON-12,#FEE08B,-105.3553333,39.40902778,10 - 15 Deg. F. / 3 - 6,,10 - 15 Deg. F.,6-Mar,10 - 15 Deg. F. / 3 - 6,10 - 15 / semi-humid,CO.2,#66e566,"semi-humid, cool",#FEE08B,E,NA,NA
ARFR-CO932-314-JEFFERSON-12,black,9,35,45,354,1904,1,1,NA,N,NA,NA,NA,NA,NA,NA,NA,NA,NA,NA,1694,22cccbc6-9359-4d31-a4e7-d6b995e278dc,NA,1,NA,NA,8/20/2024 18:00,be67f846-9adc-41d8-a488-41bb8e8fccd5,8/20/2024 21:34,agoebl,8/20/2024 21:34,agoebl,5269,NA,45,ARFR4-SOS-CO932-314-JEFFERSON-12,#FEE08B,-105.3553333,39.40902778,10 - 15 Deg. F. / 3 - 6,,10 - 15 Deg. F.,6-Mar,10 - 15 Deg. F. / 3 - 6,10 - 15 / semi-humid,CO.2,#66e566,"semi-humid, cool",#FEE08B,E,NA,NA
ARFR-AZ930-423-NAVAJO-18,black,9,35,46,NA,1905,0,0,NA,N,NA,NA,NA,NA,NA,NA,NA,NA,NA,NA,1695,c2e2e5f7-1c3b-4c4e-8b51-6b09962b2120,NA,0,NA,NA,8/20/2024 18:00,be67f846-9adc-41d8-a488-41bb8e8fccd5,8/20/2024 21:34,agoebl,8/20/2024 21:34,agoebl,5270,NA,46,ARFR4-SOS-AZ930-423-NAVAJO-18,#9E0142,-110.431,36.45877,15 - 20 Deg. F. / 6 - 12,SdZones downloaded 20230823,15 - 20 Deg. F.,12-Jun,15 - 20 Deg. F. / 6 - 12,15 - 20 / semi-arid,AZ.1,#ee5c42,"semi-arid, warm",#9E0142,A,NA,NA
ARFR-CO932-316-JEFFERSON-12,black,9,35,47,NA,1906,1,1,NA,N,NA,NA,NA,NA,NA,NA,NA,NA,NA,NA,1696,cd26d9c9-32b4-4ccd-b5b2-ff4ed53e696e,NA,1,NA,NA,8/20/2024 18:00,be67f846-9adc-41d8-a488-41bb8e8fccd5,8/20/2024 21:34,agoebl,8/20/2024 21:34,agoebl,5271,NA,47,ARFR4-SOS-CO932-316-JEFFERSON-12,#FFFF85,-105.358,39.66325,15 - 20 Deg. F. / 3 - 6,,15 - 20 Deg. F.,6-Mar,15 - 20 Deg. F. / 3 - 6,15 - 20 / semi-humid,CO.3,#698b69,"semi-humid, warm",#FFFF85,F,NA,NA
ARFR-WY050-49-FREMONT-12,black,9,35,48,NA,1907,1,1,NA,N,NA,NA,NA,NA,NA,NA,NA,NA,NA,NA,1697,fbea59dd-60d5-4ca3-b392-488ab7f2d196,NA,1,NA,NA,8/20/2024 18:00,be67f846-9adc-41d8-a488-41bb8e8fccd5,8/20/2024 21:34,agoebl,8/20/2024 21:34,agoebl,5272,NA,48,ARFR4-SOS-WY050-49-FREMONT-12,#5E4FA2,-109.34775,43.42663611,5 - 10 Deg. F. / 6 - 12,,5 - 10 Deg. F.,12-Jun,5 - 10 Deg. F. / 6 - 12,5 - 10 / semi-arid,WY.3,#ffb90f,"semi-arid, cold",#5E4FA2,K,NA,NA
ARFR-CO932-314-JEFFERSON-12,black,9,35,49,NA,1908,1,1,NA,N,NA,NA,NA,NA,NA,NA,NA,NA,NA,NA,1698,36c8fcf5-24fe-45bb-bb25-2417e68d7b1d,NA,1,NA,NA,8/20/2024 18:00,be67f846-9adc-41d8-a488-41bb8e8fccd5,8/20/2024 21:34,agoebl,8/20/2024 21:34,agoebl,5273,NA,49,ARFR4-SOS-CO932-314-JEFFERSON-12,#FEE08B,-105.3553333,39.40902778,10 - 15 Deg. F. / 3 - 6,,10 - 15 Deg. F.,6-Mar,10 - 15 Deg. F. / 3 - 6,10 - 15 / semi-humid,CO.2,#66e566,"semi-humid, cool",#FEE08B,E,NA,NA
ARFR-WY930-44-LASANIMAS-13,black,9,35,50,355,1909,1,1,NA,N,NA,NA,NA,NA,NA,NA,NA,NA,NA,NA,1699,25d35628-c3b9-459f-a0ba-f5cfd8699215,NA,1,NA,NA,8/20/2024 18:00,be67f846-9adc-41d8-a488-41bb8e8fccd5,8/20/2024 21:34,agoebl,8/20/2024 21:34,agoebl,5274,NA,50,ARFR4-SOS-WY930-44-LASANIMAS-13,#FDAE61,-104.6423889,37.16547222,15 - 20 Deg. F. / 3 - 6,,15 - 20 Deg. F.,6-Mar,15 - 20 Deg. F. / 3 - 6,15 - 20 / semi-humid,CO.1,#698b69,"semi-humid, warm",#FDAE61,D,NA,NA
ARFR-CO932-314-JEFFERSON-12,black,9,35,51,NA,1910,0,0,NA,N,NA,NA,NA,NA,NA,NA,NA,NA,NA,NA,1700,3cc3b04e-df0f-4074-a58c-95d9ce74bee6,NA,0,NA,NA,8/20/2024 18:00,be67f846-9adc-41d8-a488-41bb8e8fccd5,8/20/2024 21:34,agoebl,8/20/2024 21:34,agoebl,5275,NA,51,ARFR4-SOS-CO932-314-JEFFERSON-12,#FEE08B,-105.3553333,39.40902778,10 - 15 Deg. F. / 3 - 6,,10 - 15 Deg. F.,6-Mar,10 - 15 Deg. F. / 3 - 6,10 - 15 / semi-humid,CO.2,#66e566,"semi-humid, cool",#FEE08B,E,NA,NA
ARFR-WY930-44-LASANIMAS-13,black,9,35,52,NA,1911,1,1,NA,N,NA,NA,NA,NA,NA,NA,NA,NA,NA,NA,1701,a317b996-36f7-4cfc-8617-19dc71861867,NA,1,NA,NA,8/20/2024 18:00,be67f846-9adc-41d8-a488-41bb8e8fccd5,8/20/2024 21:34,agoebl,8/20/2024 21:34,agoebl,5276,NA,52,ARFR4-SOS-WY930-44-LASANIMAS-13,#FDAE61,-104.6423889,37.16547222,15 - 20 Deg. F. / 3 - 6,,15 - 20 Deg. F.,6-Mar,15 - 20 Deg. F. / 3 - 6,15 - 20 / semi-humid,CO.1,#698b69,"semi-humid, warm",#FDAE61,D,NA,NA
ARFR-AZ930-422-NAVAJO-18,black,9,35,53,NA,1912,1,1,NA,N,NA,NA,NA,NA,NA,NA,NA,NA,NA,NA,1702,0bd68d4a-9dbd-41a9-96dc-baef5b225f50,NA,1,NA,NA,8/20/2024 18:00,be67f846-9adc-41d8-a488-41bb8e8fccd5,8/20/2024 21:34,agoebl,8/20/2024 21:34,agoebl,5277,NA,53,ARFR4-SOS-AZ930-422-NAVAJO-18,#D53E4F,-110.431,36.56805,15 - 20 Deg. F. / 6 - 12,Lats corrected 20230127,15 - 20 Deg. F.,12-Jun,15 - 20 Deg. F. / 6 - 12,15 - 20 / semi-arid,AZ.2,#ee5c42,"semi-arid, warm",#D53E4F,B,NA,NA
ARFR-WY050-49-FREMONT-12,black,9,35,54,NA,1913,1,1,NA,N,NA,NA,NA,NA,NA,NA,NA,NA,NA,NA,1703,070c0ea5-6ec0-4588-a16f-7b823ef21d20,NA,1,NA,Dieback,8/20/2024 18:00,be67f846-9adc-41d8-a488-41bb8e8fccd5,8/20/2024 21:34,agoebl,8/20/2024 21:34,agoebl,5278,NA,54,ARFR4-SOS-WY050-49-FREMONT-12,#5E4FA2,-109.34775,43.42663611,5 - 10 Deg. F. / 6 - 12,,5 - 10 Deg. F.,12-Jun,5 - 10 Deg. F. / 6 - 12,5 - 10 / semi-arid,WY.3,#ffb90f,"semi-arid, cold",#5E4FA2,K,NA,NA
ARFR-CO932-294-11,black,9,35,55,356,1914,1,1,NA,N,NA,NA,NA,NA,NA,NA,NA,NA,NA,NA,1704,5e991033-eab9-4458-b3ec-f10c495032fa,NA,1,NA,NA,8/20/2024 18:00,be67f846-9adc-41d8-a488-41bb8e8fccd5,8/20/2024 21:34,agoebl,8/20/2024 21:34,agoebl,5279,NA,55,ARFR4-SOS-CO932-294-11,#ABDDA4,-105.2030833,39.78458333,15 - 20 Deg. F. / 3 - 6,,15 - 20 Deg. F.,6-Mar,15 - 20 Deg. F. / 3 - 6,15 - 20 / semi-humid,CO.4,#698b69,"semi-humid, warm",#ABDDA4,H,NA,NA
ARFR-WY050-151-FREMONT-16,black,9,36,1,345,1915,1,1,NA,N,NA,NA,NA,NA,NA,NA,NA,NA,NA,NA,1705,9f4e67b9-bbf4-4049-a460-0353c21e07fa,NA,1,NA,Dry,8/20/2024 18:00,e2f20ef2-e2a0-46f8-a64c-ca43e329a5f3,8/20/2024 21:34,agoebl,8/20/2024 21:34,agoebl,5280,NA,1,ARFR4-SOS-WY050-151-FREMONT-16,#3288BD,-108.1704472,42.47886111,10 - 15 Deg. F. / 6 - 12,,10 - 15 Deg. F.,12-Jun,10 - 15 Deg. F. / 6 - 12,10 - 15 / semi-arid,WY.2,#cd8500,"semi-arid, cool",#3288BD,J,NA,NA
ARFR-WY930-44-LASANIMAS-13,black,9,36,2,NA,1916,1,1,40.65,N,NA,NA,NA,NA,40.65,0.674,0.19,0.23,Weighed with Mettler Toledo,Y,1706,574188eb-3bfd-4ea0-b327-968c3fdbd5cd,NA,NA,NA,H,8/20/2024 18:00,e2f20ef2-e2a0-46f8-a64c-ca43e329a5f3,8/20/2024 21:34,agoebl,8/20/2024 21:34,agoebl,5281,NA,2,ARFR4-SOS-WY930-44-LASANIMAS-13,#FDAE61,-104.6423889,37.16547222,15 - 20 Deg. F. / 3 - 6,,15 - 20 Deg. F.,6-Mar,15 - 20 Deg. F. / 3 - 6,15 - 20 / semi-humid,CO.1,#698b69,"semi-humid, warm",#FDAE61,D,NA,NA
ARFR-WY050-49-FREMONT-12,black,9,36,3,NA,1917,1,1,NA,N,NA,NA,NA,NA,NA,NA,NA,NA,NA,NA,1707,a122b11e-bcd6-4726-ba08-8b598f85d2e8,NA,1,NA,NA,8/20/2024 18:00,e2f20ef2-e2a0-46f8-a64c-ca43e329a5f3,8/20/2024 21:34,agoebl,8/20/2024 21:34,agoebl,5282,NA,3,ARFR4-SOS-WY050-49-FREMONT-12,#5E4FA2,-109.34775,43.42663611,5 - 10 Deg. F. / 6 - 12,,5 - 10 Deg. F.,12-Jun,5 - 10 Deg. F. / 6 - 12,5 - 10 / semi-arid,WY.3,#ffb90f,"semi-arid, cold",#5E4FA2,K,NA,NA
ARFR-WY930-44-LASANIMAS-13,black,9,36,4,NA,1918,1,1,44.842,N,NA,NA,NA,NA,44.842,0.01,0.01,NA,missing? Only 5 infs,Y,1708,44b2a0d0-347e-421c-bf7c-62bb2ec1d832,NA,NA,NA,H,8/20/2024 18:00,e2f20ef2-e2a0-46f8-a64c-ca43e329a5f3,8/20/2024 21:34,agoebl,8/20/2024 21:34,agoebl,5283,NA,4,ARFR4-SOS-WY930-44-LASANIMAS-13,#FDAE61,-104.6423889,37.16547222,15 - 20 Deg. F. / 3 - 6,,15 - 20 Deg. F.,6-Mar,15 - 20 Deg. F. / 3 - 6,15 - 20 / semi-humid,CO.1,#698b69,"semi-humid, warm",#FDAE61,D,NA,NA
ARFR-WY930-44-LASANIMAS-13,black,9,36,5,346,1919,1,1,NA,N,NA,NA,NA,NA,NA,NA,NA,NA,NA,NA,1709,1de6f9cd-70c6-4dad-90ad-dfb860bd8299,NA,1,NA,NA,8/20/2024 18:00,e2f20ef2-e2a0-46f8-a64c-ca43e329a5f3,8/20/2024 21:34,agoebl,8/20/2024 21:34,agoebl,5284,NA,5,ARFR4-SOS-WY930-44-LASANIMAS-13,#FDAE61,-104.6423889,37.16547222,15 - 20 Deg. F. / 3 - 6,,15 - 20 Deg. F.,6-Mar,15 - 20 Deg. F. / 3 - 6,15 - 20 / semi-humid,CO.1,#698b69,"semi-humid, warm",#FDAE61,D,NA,NA
ARFR-WY050-151-FREMONT-16,black,9,36,6,NA,1920,1,1,NA,N,NA,NA,NA,NA,NA,NA,NA,NA,NA,NA,1710,c8f5770b-5cea-4d1f-be45-d8fdcf6eabe1,NA,1,NA,Near dead,8/20/2024 18:00,e2f20ef2-e2a0-46f8-a64c-ca43e329a5f3,8/20/2024 21:34,agoebl,8/20/2024 21:34,agoebl,5285,NA,6,ARFR4-SOS-WY050-151-FREMONT-16,#3288BD,-108.1704472,42.47886111,10 - 15 Deg. F. / 6 - 12,,10 - 15 Deg. F.,12-Jun,10 - 15 Deg. F. / 6 - 12,10 - 15 / semi-arid,WY.2,#cd8500,"semi-arid, cool",#3288BD,J,NA,NA
ARFR-CO932-314-JEFFERSON-12,black,9,36,7,NA,1921,1,1,NA,N,NA,NA,NA,NA,NA,NA,NA,NA,NA,NA,1711,5395aaba-f767-4bf3-b4b0-d79b6d311229,NA,1,NA,NA,8/20/2024 18:00,e2f20ef2-e2a0-46f8-a64c-ca43e329a5f3,8/20/2024 21:34,agoebl,8/20/2024 21:34,agoebl,5286,NA,7,ARFR4-SOS-CO932-314-JEFFERSON-12,#FEE08B,-105.3553333,39.40902778,10 - 15 Deg. F. / 3 - 6,,10 - 15 Deg. F.,6-Mar,10 - 15 Deg. F. / 3 - 6,10 - 15 / semi-humid,CO.2,#66e566,"semi-humid, cool",#FEE08B,E,NA,NA
ARFR-CO932-314-JEFFERSON-12,black,9,36,8,NA,1922,1,1,NA,N,NA,NA,NA,NA,NA,NA,NA,NA,NA,NA,1712,959bd81b-abd8-4940-b120-29d37de11e8f,NA,1,NA,NA,8/20/2024 18:00,e2f20ef2-e2a0-46f8-a64c-ca43e329a5f3,8/20/2024 21:34,agoebl,8/20/2024 21:34,agoebl,5287,NA,8,ARFR4-SOS-CO932-314-JEFFERSON-12,#FEE08B,-105.3553333,39.40902778,10 - 15 Deg. F. / 3 - 6,,10 - 15 Deg. F.,6-Mar,10 - 15 Deg. F. / 3 - 6,10 - 15 / semi-humid,CO.2,#66e566,"semi-humid, cool",#FEE08B,E,NA,NA
ARFR-WY930-44-LASANIMAS-13,black,9,36,9,NA,1923,1,1,NA,N,NA,NA,NA,NA,NA,NA,NA,NA,NA,NA,1713,f22e4f92-4ab5-4412-ba4e-083e5ea05d35,NA,1,NA,"Close to middle of row, die back",8/20/2024 18:00,e2f20ef2-e2a0-46f8-a64c-ca43e329a5f3,8/20/2024 21:34,agoebl,8/20/2024 21:34,agoebl,5288,NA,9,ARFR4-SOS-WY930-44-LASANIMAS-13,#FDAE61,-104.6423889,37.16547222,15 - 20 Deg. F. / 3 - 6,,15 - 20 Deg. F.,6-Mar,15 - 20 Deg. F. / 3 - 6,15 - 20 / semi-humid,CO.1,#698b69,"semi-humid, warm",#FDAE61,D,NA,NA
ARFR-WY040-71-10,black,9,36,10,347,1924,1,1,NA,N,NA,NA,NA,NA,NA,NA,NA,NA,NA,NA,1714,a5358c08-9d4c-4ef0-a91c-79d15f836314,NA,0,NA,Plant visible,8/20/2024 18:00,e2f20ef2-e2a0-46f8-a64c-ca43e329a5f3,8/20/2024 21:34,agoebl,8/20/2024 21:34,agoebl,5289,NA,10,ARFR4-SOS-WY040-71-10,#66C2A5,-109.2433156,41.13271889,5 - 10 Deg. F. / 3 - 6,,5 - 10 Deg. F.,6-Mar,5 - 10 Deg. F. / 3 - 6,5 - 10 / semi-humid,WY.1,#a5c2f1,"semi-humid, cold",#66C2A5,I,NA,NA
ARFR-WY930-44-LASANIMAS-13,black,9,36,11,NA,1925,1,1,NA,N,NA,NA,NA,NA,NA,NA,NA,NA,NA,NA,1715,2ae3f2aa-c1de-4417-a807-e846b254886e,NA,1,NA,NA,8/20/2024 18:00,e2f20ef2-e2a0-46f8-a64c-ca43e329a5f3,8/20/2024 21:34,agoebl,8/20/2024 21:34,agoebl,5290,NA,11,ARFR4-SOS-WY930-44-LASANIMAS-13,#FDAE61,-104.6423889,37.16547222,15 - 20 Deg. F. / 3 - 6,,15 - 20 Deg. F.,6-Mar,15 - 20 Deg. F. / 3 - 6,15 - 20 / semi-humid,CO.1,#698b69,"semi-humid, warm",#FDAE61,D,NA,NA
ARFR-NM930N-66-11,black,9,36,12,NA,1926,1,1,NA,N,NA,NA,NA,NA,NA,NA,NA,NA,NA,NA,1716,200aaa71-e4c0-4be1-a723-20721fd6db76,NA,1,NA,NA,8/20/2024 18:00,e2f20ef2-e2a0-46f8-a64c-ca43e329a5f3,8/20/2024 21:34,agoebl,8/20/2024 21:34,agoebl,5291,NA,12,ARFR4-SOS-NM930N-66-11,#F46D43,-107.2045028,36.76818611,10 - 15 Deg. F. / 3 - 6,,10 - 15 Deg. F.,6-Mar,10 - 15 Deg. F. / 3 - 6,10 - 15 / semi-humid,NM.1,#66e566,"semi-humid, cool",#F46D43,C,NA,NA
ARFR-WY930-44-LASANIMAS-13,black,9,36,13,NA,1927,1,1,NA,N,NA,NA,NA,NA,NA,NA,NA,NA,NA,NA,1717,89fd04de-8dde-48af-8801-45ca4c274c51,NA,1,NA,NA,8/20/2024 18:00,e2f20ef2-e2a0-46f8-a64c-ca43e329a5f3,8/20/2024 21:34,agoebl,8/20/2024 21:34,agoebl,5292,NA,13,ARFR4-SOS-WY930-44-LASANIMAS-13,#FDAE61,-104.6423889,37.16547222,15 - 20 Deg. F. / 3 - 6,,15 - 20 Deg. F.,6-Mar,15 - 20 Deg. F. / 3 - 6,15 - 20 / semi-humid,CO.1,#698b69,"semi-humid, warm",#FDAE61,D,NA,NA
ARFR-WY050-151-FREMONT-16,black,9,36,14,NA,1928,1,1,NA,N,NA,NA,NA,NA,NA,NA,NA,NA,NA,NA,1718,3b41dc75-b807-4788-9465-6fdb779d28eb,NA,1,NA,NA,8/20/2024 18:00,e2f20ef2-e2a0-46f8-a64c-ca43e329a5f3,8/20/2024 21:34,agoebl,8/20/2024 21:34,agoebl,5293,NA,14,ARFR4-SOS-WY050-151-FREMONT-16,#3288BD,-108.1704472,42.47886111,10 - 15 Deg. F. / 6 - 12,,10 - 15 Deg. F.,12-Jun,10 - 15 Deg. F. / 6 - 12,10 - 15 / semi-arid,WY.2,#cd8500,"semi-arid, cool",#3288BD,J,NA,NA
ARFR-WY050-151-FREMONT-16,black,9,36,15,348,1929,1,1,11.82,N,NA,NA,NA,NA,11.82,0.22,0.02,NA,"Head/chaff combined, weighed with Mettler Toledo",Y,1719,91a910f4-2642-46c4-b8f5-39683363e010,NA,NA,NA,H,8/20/2024 18:00,e2f20ef2-e2a0-46f8-a64c-ca43e329a5f3,8/20/2024 21:34,agoebl,8/20/2024 21:34,agoebl,5294,NA,15,ARFR4-SOS-WY050-151-FREMONT-16,#3288BD,-108.1704472,42.47886111,10 - 15 Deg. F. / 6 - 12,,10 - 15 Deg. F.,12-Jun,10 - 15 Deg. F. / 6 - 12,10 - 15 / semi-arid,WY.2,#cd8500,"semi-arid, cool",#3288BD,J,NA,NA
ARFR-WY050-49-FREMONT-12,black,9,36,16,NA,1930,1,1,NA,N,NA,NA,NA,NA,NA,NA,NA,NA,NA,NA,1720,2d6bf119-08e7-48fc-a78e-1c673bf0706e,NA,1,NA,NA,8/20/2024 18:00,e2f20ef2-e2a0-46f8-a64c-ca43e329a5f3,8/20/2024 21:34,agoebl,8/20/2024 21:34,agoebl,5295,NA,16,ARFR4-SOS-WY050-49-FREMONT-12,#5E4FA2,-109.34775,43.42663611,5 - 10 Deg. F. / 6 - 12,,5 - 10 Deg. F.,12-Jun,5 - 10 Deg. F. / 6 - 12,5 - 10 / semi-arid,WY.3,#ffb90f,"semi-arid, cold",#5E4FA2,K,NA,NA
ARFR-CO932-294-11,black,9,36,17,NA,1931,1,1,NA,N,NA,NA,NA,NA,NA,NA,NA,NA,NA,NA,1721,1ab81d4a-4035-451f-820e-4773933d4501,NA,1,NA,NA,8/20/2024 18:00,e2f20ef2-e2a0-46f8-a64c-ca43e329a5f3,8/20/2024 21:34,agoebl,8/20/2024 21:34,agoebl,5296,NA,17,ARFR4-SOS-CO932-294-11,#ABDDA4,-105.2030833,39.78458333,15 - 20 Deg. F. / 3 - 6,,15 - 20 Deg. F.,6-Mar,15 - 20 Deg. F. / 3 - 6,15 - 20 / semi-humid,CO.4,#698b69,"semi-humid, warm",#ABDDA4,H,NA,NA
ARFR-WY040-71-10,black,9,36,18,NA,1932,1,1,NA,N,NA,NA,NA,NA,NA,NA,NA,NA,NA,NA,1722,a5e11e09-cdab-4351-b412-ecc7a9f7efd0,NA,0,NA,NA,8/20/2024 18:00,e2f20ef2-e2a0-46f8-a64c-ca43e329a5f3,8/20/2024 21:34,agoebl,8/20/2024 21:34,agoebl,5297,NA,18,ARFR4-SOS-WY040-71-10,#66C2A5,-109.2433156,41.13271889,5 - 10 Deg. F. / 3 - 6,,5 - 10 Deg. F.,6-Mar,5 - 10 Deg. F. / 3 - 6,5 - 10 / semi-humid,WY.1,#a5c2f1,"semi-humid, cold",#66C2A5,I,NA,NA
ARFR-CO932-294-11,black,9,36,19,NA,1933,1,1,NA,N,NA,NA,NA,NA,NA,NA,NA,NA,NA,NA,1723,d9e45c0b-e2b1-4fbf-9759-5f1e4a930c8d,NA,1,NA,Small,8/20/2024 18:00,e2f20ef2-e2a0-46f8-a64c-ca43e329a5f3,8/20/2024 21:34,agoebl,8/20/2024 21:34,agoebl,5298,NA,19,ARFR4-SOS-CO932-294-11,#ABDDA4,-105.2030833,39.78458333,15 - 20 Deg. F. / 3 - 6,,15 - 20 Deg. F.,6-Mar,15 - 20 Deg. F. / 3 - 6,15 - 20 / semi-humid,CO.4,#698b69,"semi-humid, warm",#ABDDA4,H,NA,NA
ARFR-UT080-109-UINTAH-12,black,9,36,20,349,1934,1,1,NA,N,NA,NA,NA,NA,NA,NA,NA,NA,NA,NA,1724,1312b9ca-67fa-4b27-a859-37cf759d74c3,NA,1,NA,NA,8/20/2024 18:00,e2f20ef2-e2a0-46f8-a64c-ca43e329a5f3,8/20/2024 21:34,agoebl,8/20/2024 21:34,agoebl,5299,NA,20,ARFR4-SOS-UT080-109-UINTAH-12,#aabe7f,-109.1426444,39.70802222,10 - 15 Deg. F. / 3 - 6,,10 - 15 Deg. F.,6-Mar,10 - 15 Deg. F. / 3 - 6,10 - 15 / semi-humid,UT.1,#66e566,"semi-humid, cool",#aabe7f,G,NA,NA
ARFR-NM930N-66-11,black,9,36,21,NA,1935,1,1,NA,N,NA,NA,NA,NA,NA,NA,NA,NA,NA,NA,1725,8b53839f-6721-4a18-b5f0-2f38e521b67a,NA,1,NA,NA,8/20/2024 18:00,e2f20ef2-e2a0-46f8-a64c-ca43e329a5f3,8/20/2024 21:34,agoebl,8/20/2024 21:34,agoebl,5300,NA,21,ARFR4-SOS-NM930N-66-11,#F46D43,-107.2045028,36.76818611,10 - 15 Deg. F. / 3 - 6,,10 - 15 Deg. F.,6-Mar,10 - 15 Deg. F. / 3 - 6,10 - 15 / semi-humid,NM.1,#66e566,"semi-humid, cool",#F46D43,C,NA,NA
ARFR-WY050-151-FREMONT-16,black,9,36,22,NA,1936,1,1,NA,N,NA,NA,NA,NA,NA,NA,NA,NA,NA,NA,1726,d8579da2-d507-4e6e-a1f0-ec6828688144,NA,0,NA,"Buried, possible animal burrow",8/20/2024 18:00,e2f20ef2-e2a0-46f8-a64c-ca43e329a5f3,8/20/2024 21:34,agoebl,8/20/2024 21:34,agoebl,5301,NA,22,ARFR4-SOS-WY050-151-FREMONT-16,#3288BD,-108.1704472,42.47886111,10 - 15 Deg. F. / 6 - 12,,10 - 15 Deg. F.,12-Jun,10 - 15 Deg. F. / 6 - 12,10 - 15 / semi-arid,WY.2,#cd8500,"semi-arid, cool",#3288BD,J,NA,NA
ARFR-WY040-71-10,black,9,36,23,NA,1937,1,1,NA,N,NA,NA,NA,NA,NA,NA,NA,NA,NA,NA,1727,5f339068-456e-4345-b7b8-556a2ebe38fb,NA,0,NA,"Buried, possible animal burrow",8/20/2024 18:00,e2f20ef2-e2a0-46f8-a64c-ca43e329a5f3,8/20/2024 21:34,agoebl,8/20/2024 21:34,agoebl,5302,NA,23,ARFR4-SOS-WY040-71-10,#66C2A5,-109.2433156,41.13271889,5 - 10 Deg. F. / 3 - 6,,5 - 10 Deg. F.,6-Mar,5 - 10 Deg. F. / 3 - 6,5 - 10 / semi-humid,WY.1,#a5c2f1,"semi-humid, cold",#66C2A5,I,NA,NA
ARFR-UT080-109-UINTAH-12,black,9,36,24,NA,1938,1,1,NA,N,NA,NA,NA,NA,NA,NA,NA,NA,NA,NA,1728,ebfdf472-6954-4bab-beb4-7f1ebf3beeac,NA,0,NA,Recent death,8/20/2024 18:00,e2f20ef2-e2a0-46f8-a64c-ca43e329a5f3,8/20/2024 21:34,agoebl,8/20/2024 21:34,agoebl,5303,NA,24,ARFR4-SOS-UT080-109-UINTAH-12,#aabe7f,-109.1426444,39.70802222,10 - 15 Deg. F. / 3 - 6,,10 - 15 Deg. F.,6-Mar,10 - 15 Deg. F. / 3 - 6,10 - 15 / semi-humid,UT.1,#66e566,"semi-humid, cool",#aabe7f,G,NA,NA
ARFR-AZ930-423-NAVAJO-18,black,9,36,25,350,1939,1,1,NA,N,NA,NA,NA,NA,NA,NA,NA,NA,NA,NA,1729,4730bd02-8030-4c3e-ba48-5902db5f305a,NA,1,NA,NA,8/20/2024 18:00,e2f20ef2-e2a0-46f8-a64c-ca43e329a5f3,8/20/2024 21:34,agoebl,8/20/2024 21:34,agoebl,5304,NA,25,ARFR4-SOS-AZ930-423-NAVAJO-18,#9E0142,-110.431,36.45877,15 - 20 Deg. F. / 6 - 12,SdZones downloaded 20230823,15 - 20 Deg. F.,12-Jun,15 - 20 Deg. F. / 6 - 12,15 - 20 / semi-arid,AZ.1,#ee5c42,"semi-arid, warm",#9E0142,A,NA,NA
ARFR-CO932-316-JEFFERSON-12,black,9,36,26,NA,1940,1,1,NA,N,NA,NA,NA,NA,NA,NA,NA,NA,NA,NA,1730,e709d281-0ae9-4e48-b583-58b5ff059b87,NA,1,NA,NA,8/20/2024 18:00,e2f20ef2-e2a0-46f8-a64c-ca43e329a5f3,8/20/2024 21:34,agoebl,8/20/2024 21:34,agoebl,5305,NA,26,ARFR4-SOS-CO932-316-JEFFERSON-12,#FFFF85,-105.358,39.66325,15 - 20 Deg. F. / 3 - 6,,15 - 20 Deg. F.,6-Mar,15 - 20 Deg. F. / 3 - 6,15 - 20 / semi-humid,CO.3,#698b69,"semi-humid, warm",#FFFF85,F,NA,NA
ARFR-WY050-151-FREMONT-16,black,9,36,27,NA,1941,1,1,NA,N,NA,NA,NA,NA,NA,NA,NA,NA,NA,NA,1731,938edd0e-b42f-4ae9-bdeb-1d8beb32c399,NA,1,NA,Die back,8/20/2024 18:00,e2f20ef2-e2a0-46f8-a64c-ca43e329a5f3,8/20/2024 21:34,agoebl,8/20/2024 21:34,agoebl,5306,NA,27,ARFR4-SOS-WY050-151-FREMONT-16,#3288BD,-108.1704472,42.47886111,10 - 15 Deg. F. / 6 - 12,,10 - 15 Deg. F.,12-Jun,10 - 15 Deg. F. / 6 - 12,10 - 15 / semi-arid,WY.2,#cd8500,"semi-arid, cool",#3288BD,J,NA,NA
ARFR-WY040-71-10,black,9,36,28,NA,1942,1,1,NA,N,NA,NA,NA,NA,NA,NA,NA,NA,NA,NA,1732,8fe1f7af-7751-4944-bd23-a7c420a0bb04,NA,0,NA,NA,8/20/2024 18:00,e2f20ef2-e2a0-46f8-a64c-ca43e329a5f3,8/20/2024 21:34,agoebl,8/20/2024 21:34,agoebl,5307,NA,28,ARFR4-SOS-WY040-71-10,#66C2A5,-109.2433156,41.13271889,5 - 10 Deg. F. / 3 - 6,,5 - 10 Deg. F.,6-Mar,5 - 10 Deg. F. / 3 - 6,5 - 10 / semi-humid,WY.1,#a5c2f1,"semi-humid, cold",#66C2A5,I,NA,NA
ARFR-CO932-314-JEFFERSON-12,black,9,36,29,NA,1943,1,1,62.872,N,NA,NA,NA,NA,62.872,28.91,10.83,7.59,NA,Y,1733,50fcea47-c54d-4375-99fa-44982e3c66b4,NA,NA,NA,H,8/20/2024 18:00,e2f20ef2-e2a0-46f8-a64c-ca43e329a5f3,8/20/2024 21:34,agoebl,8/20/2024 21:34,agoebl,5308,NA,29,ARFR4-SOS-CO932-314-JEFFERSON-12,#FEE08B,-105.3553333,39.40902778,10 - 15 Deg. F. / 3 - 6,,10 - 15 Deg. F.,6-Mar,10 - 15 Deg. F. / 3 - 6,10 - 15 / semi-humid,CO.2,#66e566,"semi-humid, cool",#FEE08B,E,NA,NA
ARFR-CO932-316-JEFFERSON-12,black,9,36,30,351,1944,1,1,NA,N,NA,NA,NA,NA,NA,NA,NA,NA,NA,NA,1734,cf68267e-16af-4e78-851e-1c70d7abb518,NA,1,NA,NA,8/20/2024 18:00,e2f20ef2-e2a0-46f8-a64c-ca43e329a5f3,8/20/2024 21:34,agoebl,8/20/2024 21:34,agoebl,5309,NA,30,ARFR4-SOS-CO932-316-JEFFERSON-12,#FFFF85,-105.358,39.66325,15 - 20 Deg. F. / 3 - 6,,15 - 20 Deg. F.,6-Mar,15 - 20 Deg. F. / 3 - 6,15 - 20 / semi-humid,CO.3,#698b69,"semi-humid, warm",#FFFF85,F,NA,NA
ARFR-WY050-49-FREMONT-12,black,9,36,31,NA,1945,1,1,NA,N,NA,NA,NA,NA,NA,NA,NA,NA,NA,NA,1735,2c44ea31-f841-4364-9e89-3a083a749d6d,NA,1,NA,NA,8/20/2024 18:00,e2f20ef2-e2a0-46f8-a64c-ca43e329a5f3,8/20/2024 21:34,agoebl,8/20/2024 21:34,agoebl,5310,NA,31,ARFR4-SOS-WY050-49-FREMONT-12,#5E4FA2,-109.34775,43.42663611,5 - 10 Deg. F. / 6 - 12,,5 - 10 Deg. F.,12-Jun,5 - 10 Deg. F. / 6 - 12,5 - 10 / semi-arid,WY.3,#ffb90f,"semi-arid, cold",#5E4FA2,K,NA,NA
ARFR-UT080-109-UINTAH-12,black,9,36,32,NA,1946,1,1,NA,N,NA,NA,NA,NA,NA,NA,NA,NA,NA,NA,1736,053b6555-ff17-4272-9bfc-606fe52cb488,NA,1,NA,Die back,8/20/2024 18:00,e2f20ef2-e2a0-46f8-a64c-ca43e329a5f3,8/20/2024 21:34,agoebl,8/20/2024 21:34,agoebl,5311,NA,32,ARFR4-SOS-UT080-109-UINTAH-12,#aabe7f,-109.1426444,39.70802222,10 - 15 Deg. F. / 3 - 6,,10 - 15 Deg. F.,6-Mar,10 - 15 Deg. F. / 3 - 6,10 - 15 / semi-humid,UT.1,#66e566,"semi-humid, cool",#aabe7f,G,NA,NA
ARFR-WY050-151-FREMONT-16,black,9,36,33,NA,1947,1,1,NA,N,NA,NA,NA,NA,NA,NA,NA,NA,NA,NA,1737,8fea84d5-ea8f-4424-a0db-3dc6f1447a93,NA,1,NA,Small,8/20/2024 18:00,e2f20ef2-e2a0-46f8-a64c-ca43e329a5f3,8/20/2024 21:34,agoebl,8/20/2024 21:34,agoebl,5312,NA,33,ARFR4-SOS-WY050-151-FREMONT-16,#3288BD,-108.1704472,42.47886111,10 - 15 Deg. F. / 6 - 12,,10 - 15 Deg. F.,12-Jun,10 - 15 Deg. F. / 6 - 12,10 - 15 / semi-arid,WY.2,#cd8500,"semi-arid, cool",#3288BD,J,NA,NA
ARFR-AZ930-422-NAVAJO-18,black,9,36,34,NA,1948,1,1,NA,N,NA,NA,NA,NA,NA,NA,NA,NA,NA,NA,1738,c89e7636-69d8-412c-85de-a8f3eb86d762,NA,1,NA,NA,8/20/2024 18:00,e2f20ef2-e2a0-46f8-a64c-ca43e329a5f3,8/20/2024 21:34,agoebl,8/20/2024 21:34,agoebl,5313,NA,34,ARFR4-SOS-AZ930-422-NAVAJO-18,#D53E4F,-110.431,36.56805,15 - 20 Deg. F. / 6 - 12,Lats corrected 20230127,15 - 20 Deg. F.,12-Jun,15 - 20 Deg. F. / 6 - 12,15 - 20 / semi-arid,AZ.2,#ee5c42,"semi-arid, warm",#D53E4F,B,NA,NA
ARFR-CO932-314-JEFFERSON-12,black,9,36,35,352,1949,1,1,NA,N,NA,NA,NA,NA,NA,NA,NA,NA,NA,NA,1739,d07db6c9-077b-4205-9eef-77e742e931f0,NA,1,NA,NA,8/20/2024 18:00,e2f20ef2-e2a0-46f8-a64c-ca43e329a5f3,8/20/2024 21:34,agoebl,8/20/2024 21:34,agoebl,5314,NA,35,ARFR4-SOS-CO932-314-JEFFERSON-12,#FEE08B,-105.3553333,39.40902778,10 - 15 Deg. F. / 3 - 6,,10 - 15 Deg. F.,6-Mar,10 - 15 Deg. F. / 3 - 6,10 - 15 / semi-humid,CO.2,#66e566,"semi-humid, cool",#FEE08B,E,NA,NA
ARFR-WY050-49-FREMONT-12,black,9,36,36,NA,1950,1,1,20.72,N,NA,NA,NA,NA,20.72,0.061,0.061,NA,missing 2024? weighed infs w/o bag in 2022,Y,1740,a7920857-88d4-412f-891e-898281184fdd,NA,NA,NA,H,8/20/2024 18:00,e2f20ef2-e2a0-46f8-a64c-ca43e329a5f3,8/20/2024 21:34,agoebl,8/20/2024 21:34,agoebl,5315,NA,36,ARFR4-SOS-WY050-49-FREMONT-12,#5E4FA2,-109.34775,43.42663611,5 - 10 Deg. F. / 6 - 12,,5 - 10 Deg. F.,12-Jun,5 - 10 Deg. F. / 6 - 12,5 - 10 / semi-arid,WY.3,#ffb90f,"semi-arid, cold",#5E4FA2,K,NA,NA
ARFR-WY050-49-FREMONT-12,black,9,36,37,NA,1951,1,NA,NA,N,NA,NA,NA,NA,NA,NA,NA,NA,NA,NA,1741,2ed44d48-0c0b-4c7d-a166-1438228a7f59,NA,0,NA,"Recruits, not original?",8/20/2024 18:00,e2f20ef2-e2a0-46f8-a64c-ca43e329a5f3,8/20/2024 21:34,agoebl,8/20/2024 21:34,agoebl,5316,NA,37,ARFR4-SOS-WY050-49-FREMONT-12,#5E4FA2,-109.34775,43.42663611,5 - 10 Deg. F. / 6 - 12,,5 - 10 Deg. F.,12-Jun,5 - 10 Deg. F. / 6 - 12,5 - 10 / semi-arid,WY.3,#ffb90f,"semi-arid, cold",#5E4FA2,K,NA,NA
ARFR-AZ930-422-NAVAJO-18,black,9,36,38,NA,1952,1,1,NA,N,NA,NA,NA,NA,NA,NA,NA,NA,NA,NA,1742,baf14f89-7f54-4219-897f-7c330a1c4387,NA,1,NA,NA,8/20/2024 18:00,e2f20ef2-e2a0-46f8-a64c-ca43e329a5f3,8/20/2024 21:34,agoebl,8/20/2024 21:34,agoebl,5317,NA,38,ARFR4-SOS-AZ930-422-NAVAJO-18,#D53E4F,-110.431,36.56805,15 - 20 Deg. F. / 6 - 12,Lats corrected 20230127,15 - 20 Deg. F.,12-Jun,15 - 20 Deg. F. / 6 - 12,15 - 20 / semi-arid,AZ.2,#ee5c42,"semi-arid, warm",#D53E4F,B,NA,NA
ARFR-WY050-49-FREMONT-12,black,9,36,39,NA,1953,1,1,NA,N,NA,NA,NA,NA,NA,NA,NA,NA,NA,NA,1743,b4bda78b-036d-427e-b0dd-0e07d367bea1,NA,1,NA,NA,8/20/2024 18:00,e2f20ef2-e2a0-46f8-a64c-ca43e329a5f3,8/20/2024 21:34,agoebl,8/20/2024 21:34,agoebl,5318,NA,39,ARFR4-SOS-WY050-49-FREMONT-12,#5E4FA2,-109.34775,43.42663611,5 - 10 Deg. F. / 6 - 12,,5 - 10 Deg. F.,12-Jun,5 - 10 Deg. F. / 6 - 12,5 - 10 / semi-arid,WY.3,#ffb90f,"semi-arid, cold",#5E4FA2,K,NA,NA
ARFR-WY050-49-FREMONT-12,black,9,36,40,353,1954,1,1,NA,N,NA,NA,NA,NA,NA,NA,NA,NA,NA,NA,1744,0cb21c63-b64c-4ca4-9909-3683f2fa61a5,NA,1,NA,NA,8/20/2024 18:00,e2f20ef2-e2a0-46f8-a64c-ca43e329a5f3,8/20/2024 21:34,agoebl,8/20/2024 21:34,agoebl,5319,NA,40,ARFR4-SOS-WY050-49-FREMONT-12,#5E4FA2,-109.34775,43.42663611,5 - 10 Deg. F. / 6 - 12,,5 - 10 Deg. F.,12-Jun,5 - 10 Deg. F. / 6 - 12,5 - 10 / semi-arid,WY.3,#ffb90f,"semi-arid, cold",#5E4FA2,K,NA,NA
ARFR-CO932-316-JEFFERSON-12,black,9,36,41,NA,1955,1,1,NA,N,NA,NA,NA,NA,NA,NA,NA,NA,NA,NA,1745,953af8fd-0cc7-468f-b504-20d1f80a1237,NA,1,NA,Die back,8/20/2024 18:00,e2f20ef2-e2a0-46f8-a64c-ca43e329a5f3,8/20/2024 21:34,agoebl,8/20/2024 21:34,agoebl,5320,NA,41,ARFR4-SOS-CO932-316-JEFFERSON-12,#FFFF85,-105.358,39.66325,15 - 20 Deg. F. / 3 - 6,,15 - 20 Deg. F.,6-Mar,15 - 20 Deg. F. / 3 - 6,15 - 20 / semi-humid,CO.3,#698b69,"semi-humid, warm",#FFFF85,F,NA,NA
ARFR-WY930-44-LASANIMAS-13,black,9,36,42,NA,1956,1,1,NA,N,NA,NA,NA,NA,NA,NA,NA,NA,NA,NA,1746,908fd3f4-b013-4583-845e-c12e849586d1,NA,1,NA,NA,8/20/2024 18:00,e2f20ef2-e2a0-46f8-a64c-ca43e329a5f3,8/20/2024 21:34,agoebl,8/20/2024 21:34,agoebl,5321,NA,42,ARFR4-SOS-WY930-44-LASANIMAS-13,#FDAE61,-104.6423889,37.16547222,15 - 20 Deg. F. / 3 - 6,,15 - 20 Deg. F.,6-Mar,15 - 20 Deg. F. / 3 - 6,15 - 20 / semi-humid,CO.1,#698b69,"semi-humid, warm",#FDAE61,D,NA,NA
ARFR-WY930-44-LASANIMAS-13,black,9,36,43,NA,1957,1,1,NA,N,NA,NA,NA,NA,NA,NA,NA,NA,NA,NA,1747,773601c1-51d2-440a-9241-fd9842ea46eb,NA,1,NA,NA,8/20/2024 18:00,e2f20ef2-e2a0-46f8-a64c-ca43e329a5f3,8/20/2024 21:34,agoebl,8/20/2024 21:34,agoebl,5322,NA,43,ARFR4-SOS-WY930-44-LASANIMAS-13,#FDAE61,-104.6423889,37.16547222,15 - 20 Deg. F. / 3 - 6,,15 - 20 Deg. F.,6-Mar,15 - 20 Deg. F. / 3 - 6,15 - 20 / semi-humid,CO.1,#698b69,"semi-humid, warm",#FDAE61,D,NA,NA
ARFR-WY050-151-FREMONT-16,black,9,36,44,NA,1958,1,1,NA,Y,0.0045,0.697,15.48888889,NA,NA,NA,NA,NA,NA,NA,1748,96a0a4cc-72e9-4bd3-a19a-3f9789e4a059,NA,1,NA,Near dead,8/20/2024 18:00,e2f20ef2-e2a0-46f8-a64c-ca43e329a5f3,8/20/2024 21:34,agoebl,8/20/2024 21:34,agoebl,5323,NA,44,ARFR4-SOS-WY050-151-FREMONT-16,#3288BD,-108.1704472,42.47886111,10 - 15 Deg. F. / 6 - 12,,10 - 15 Deg. F.,12-Jun,10 - 15 Deg. F. / 6 - 12,10 - 15 / semi-arid,WY.2,#cd8500,"semi-arid, cool",#3288BD,J,NA,NA
ARFR-CO932-294-11,black,9,36,45,354,1959,1,1,NA,N,NA,NA,NA,NA,NA,NA,NA,NA,NA,NA,1749,4ebb6704-965c-4249-b5c5-821e94e83f28,NA,1,NA,NA,8/20/2024 18:00,e2f20ef2-e2a0-46f8-a64c-ca43e329a5f3,8/20/2024 21:34,agoebl,8/20/2024 21:34,agoebl,5324,NA,45,ARFR4-SOS-CO932-294-11,#ABDDA4,-105.2030833,39.78458333,15 - 20 Deg. F. / 3 - 6,,15 - 20 Deg. F.,6-Mar,15 - 20 Deg. F. / 3 - 6,15 - 20 / semi-humid,CO.4,#698b69,"semi-humid, warm",#ABDDA4,H,NA,NA
ARFR-CO932-316-JEFFERSON-12,black,9,36,46,NA,1960,1,1,NA,N,NA,NA,NA,NA,NA,NA,NA,NA,NA,NA,1750,68d1dd5f-427d-409c-aa3d-874ecf85cac5,NA,1,NA,NA,8/20/2024 18:00,e2f20ef2-e2a0-46f8-a64c-ca43e329a5f3,8/20/2024 21:34,agoebl,8/20/2024 21:34,agoebl,5325,NA,46,ARFR4-SOS-CO932-316-JEFFERSON-12,#FFFF85,-105.358,39.66325,15 - 20 Deg. F. / 3 - 6,,15 - 20 Deg. F.,6-Mar,15 - 20 Deg. F. / 3 - 6,15 - 20 / semi-humid,CO.3,#698b69,"semi-humid, warm",#FFFF85,F,NA,NA
ARFR-NM930N-66-11,black,9,36,47,NA,1961,1,1,NA,N,NA,NA,NA,NA,NA,NA,NA,NA,NA,NA,1751,c7b05837-8bfb-4934-a7f3-ad536805b6b0,NA,1,NA,NA,8/20/2024 18:00,e2f20ef2-e2a0-46f8-a64c-ca43e329a5f3,8/20/2024 21:34,agoebl,8/20/2024 21:34,agoebl,5326,NA,47,ARFR4-SOS-NM930N-66-11,#F46D43,-107.2045028,36.76818611,10 - 15 Deg. F. / 3 - 6,,10 - 15 Deg. F.,6-Mar,10 - 15 Deg. F. / 3 - 6,10 - 15 / semi-humid,NM.1,#66e566,"semi-humid, cool",#F46D43,C,NA,NA
ARFR-WY930-44-LASANIMAS-13,black,9,36,48,NA,1962,1,1,NA,N,NA,NA,NA,NA,NA,NA,NA,NA,NA,NA,1752,c5393cbe-ab3e-41a7-896d-f051bc8b6e9f,NA,1,NA,NA,8/20/2024 18:00,e2f20ef2-e2a0-46f8-a64c-ca43e329a5f3,8/20/2024 21:34,agoebl,8/20/2024 21:34,agoebl,5327,NA,48,ARFR4-SOS-WY930-44-LASANIMAS-13,#FDAE61,-104.6423889,37.16547222,15 - 20 Deg. F. / 3 - 6,,15 - 20 Deg. F.,6-Mar,15 - 20 Deg. F. / 3 - 6,15 - 20 / semi-humid,CO.1,#698b69,"semi-humid, warm",#FDAE61,D,NA,NA
ARFR-CO932-294-11,black,9,36,49,NA,1963,1,1,NA,N,NA,NA,NA,NA,NA,NA,NA,NA,NA,NA,1753,da2f8003-c019-4936-aedd-1fac3ef15522,NA,1,NA,NA,8/20/2024 18:00,e2f20ef2-e2a0-46f8-a64c-ca43e329a5f3,8/20/2024 21:34,agoebl,8/20/2024 21:34,agoebl,5328,NA,49,ARFR4-SOS-CO932-294-11,#ABDDA4,-105.2030833,39.78458333,15 - 20 Deg. F. / 3 - 6,,15 - 20 Deg. F.,6-Mar,15 - 20 Deg. F. / 3 - 6,15 - 20 / semi-humid,CO.4,#698b69,"semi-humid, warm",#ABDDA4,H,NA,NA
ARFR-WY050-151-FREMONT-16,black,9,36,50,355,1964,1,1,NA,N,NA,NA,NA,NA,NA,NA,NA,NA,NA,NA,1754,5ceeb3ef-add3-4085-b0e9-a5b85218a3f7,NA,1,NA,Near dead,8/20/2024 18:00,e2f20ef2-e2a0-46f8-a64c-ca43e329a5f3,8/20/2024 21:34,agoebl,8/20/2024 21:34,agoebl,5329,NA,50,ARFR4-SOS-WY050-151-FREMONT-16,#3288BD,-108.1704472,42.47886111,10 - 15 Deg. F. / 6 - 12,,10 - 15 Deg. F.,12-Jun,10 - 15 Deg. F. / 6 - 12,10 - 15 / semi-arid,WY.2,#cd8500,"semi-arid, cool",#3288BD,J,NA,NA
ARFR-AZ930-423-NAVAJO-18,black,9,36,51,NA,1965,1,1,NA,N,NA,NA,NA,NA,NA,NA,NA,NA,NA,NA,1755,ea8ab2e7-d9cd-4910-9e87-5e8a817d11c1,NA,1,NA,NA,8/20/2024 18:00,e2f20ef2-e2a0-46f8-a64c-ca43e329a5f3,8/20/2024 21:34,agoebl,8/20/2024 21:34,agoebl,5330,NA,51,ARFR4-SOS-AZ930-423-NAVAJO-18,#9E0142,-110.431,36.45877,15 - 20 Deg. F. / 6 - 12,SdZones downloaded 20230823,15 - 20 Deg. F.,12-Jun,15 - 20 Deg. F. / 6 - 12,15 - 20 / semi-arid,AZ.1,#ee5c42,"semi-arid, warm",#9E0142,A,NA,NA
ARFR-CO932-314-JEFFERSON-12,black,9,36,52,NA,1966,1,1,NA,Y,0.0058,0.653,11.25862069,NA,NA,NA,NA,NA,NA,NA,1756,08b4188e-2edf-4404-bad5-029854c88e34,NA,1,NA,NA,8/20/2024 18:00,e2f20ef2-e2a0-46f8-a64c-ca43e329a5f3,8/20/2024 21:34,agoebl,8/20/2024 21:34,agoebl,5331,NA,52,ARFR4-SOS-CO932-314-JEFFERSON-12,#FEE08B,-105.3553333,39.40902778,10 - 15 Deg. F. / 3 - 6,,10 - 15 Deg. F.,6-Mar,10 - 15 Deg. F. / 3 - 6,10 - 15 / semi-humid,CO.2,#66e566,"semi-humid, cool",#FEE08B,E,NA,NA
ARFR-AZ930-422-NAVAJO-18,black,9,36,53,NA,1967,1,1,NA,N,NA,NA,NA,NA,NA,NA,NA,NA,NA,NA,1757,0b7ec297-b1ed-41fd-8c95-a4ff79a43efc,NA,1,NA,Die back,8/20/2024 18:00,e2f20ef2-e2a0-46f8-a64c-ca43e329a5f3,8/20/2024 21:34,agoebl,8/20/2024 21:34,agoebl,5332,NA,53,ARFR4-SOS-AZ930-422-NAVAJO-18,#D53E4F,-110.431,36.56805,15 - 20 Deg. F. / 6 - 12,Lats corrected 20230127,15 - 20 Deg. F.,12-Jun,15 - 20 Deg. F. / 6 - 12,15 - 20 / semi-arid,AZ.2,#ee5c42,"semi-arid, warm",#D53E4F,B,NA,NA
ARFR-UT080-109-UINTAH-12,white,10,37,1,357,1968,1,1,NA,N,NA,NA,NA,NA,NA,NA,NA,NA,NA,NA,943,5e35d2ae-d00e-4391-b1b3-d2aed40b90e0,NA,1,NA,NA,8/13/2024 18:00,9c209028-587e-4ff8-961b-d8776bdba119,8/13/2024 20:46,agoebl,8/13/2024 20:46,agoebl,5333,NA,1,ARFR4-SOS-UT080-109-UINTAH-12,#aabe7f,-109.1426444,39.70802222,10 - 15 Deg. F. / 3 - 6,,10 - 15 Deg. F.,6-Mar,10 - 15 Deg. F. / 3 - 6,10 - 15 / semi-humid,UT.1,#66e566,"semi-humid, cool",#aabe7f,G,NA,NA
ARFR-NM930N-66-11,white,10,37,2,NA,1969,1,1,NA,N,NA,NA,NA,NA,NA,NA,NA,NA,NA,NA,944,32cfbe80-5151-4df7-bf61-c8b824b93613,NA,1,NA,NA,8/13/2024 18:00,9c209028-587e-4ff8-961b-d8776bdba119,8/13/2024 20:46,agoebl,8/13/2024 20:46,agoebl,5334,NA,2,ARFR4-SOS-NM930N-66-11,#F46D43,-107.2045028,36.76818611,10 - 15 Deg. F. / 3 - 6,,10 - 15 Deg. F.,6-Mar,10 - 15 Deg. F. / 3 - 6,10 - 15 / semi-humid,NM.1,#66e566,"semi-humid, cool",#F46D43,C,NA,NA
ARFR-WY050-49-FREMONT-12,white,10,37,3,NA,1970,1,1,NA,N,NA,NA,NA,NA,NA,NA,NA,NA,NA,NA,945,a95ab049-8eb8-4186-b87a-9d946cd908dd,NA,1,NA,NA,8/13/2024 18:00,9c209028-587e-4ff8-961b-d8776bdba119,8/13/2024 20:46,agoebl,8/13/2024 20:46,agoebl,5335,NA,3,ARFR4-SOS-WY050-49-FREMONT-12,#5E4FA2,-109.34775,43.42663611,5 - 10 Deg. F. / 6 - 12,,5 - 10 Deg. F.,12-Jun,5 - 10 Deg. F. / 6 - 12,5 - 10 / semi-arid,WY.3,#ffb90f,"semi-arid, cold",#5E4FA2,K,NA,NA
ARFR-CO932-314-JEFFERSON-12,white,10,37,4,NA,1971,1,1,NA,N,NA,NA,NA,NA,NA,NA,NA,NA,NA,NA,946,a00f51d0-51ae-40b0-8d61-2da70dbda59e,NA,1,NA,NA,8/13/2024 18:00,9c209028-587e-4ff8-961b-d8776bdba119,8/13/2024 20:46,agoebl,8/13/2024 20:46,agoebl,5336,NA,4,ARFR4-SOS-CO932-314-JEFFERSON-12,#FEE08B,-105.3553333,39.40902778,10 - 15 Deg. F. / 3 - 6,,10 - 15 Deg. F.,6-Mar,10 - 15 Deg. F. / 3 - 6,10 - 15 / semi-humid,CO.2,#66e566,"semi-humid, cool",#FEE08B,E,NA,NA
ARFR-CO932-294-11,white,10,37,5,358,1972,1,1,NA,N,NA,NA,NA,NA,NA,NA,NA,NA,NA,NA,947,87b7167b-0af6-4498-9661-80beb322fc21,NA,1,NA,NA,8/13/2024 18:00,9c209028-587e-4ff8-961b-d8776bdba119,8/13/2024 20:46,agoebl,8/13/2024 20:46,agoebl,5337,NA,5,ARFR4-SOS-CO932-294-11,#ABDDA4,-105.2030833,39.78458333,15 - 20 Deg. F. / 3 - 6,,15 - 20 Deg. F.,6-Mar,15 - 20 Deg. F. / 3 - 6,15 - 20 / semi-humid,CO.4,#698b69,"semi-humid, warm",#ABDDA4,H,NA,NA
ARFR-WY930-44-LASANIMAS-13,white,10,37,6,NA,1973,1,1,5.47,N,NA,NA,NA,NA,5.47,0,0,0,Missing? Zeros for inf added since didn't flwr,Y,948,4abdbab6-8000-469f-9469-639ca7721478,NA,NA,NA,H,8/13/2024 18:00,9c209028-587e-4ff8-961b-d8776bdba119,8/13/2024 20:46,agoebl,8/13/2024 20:46,agoebl,5338,NA,6,ARFR4-SOS-WY930-44-LASANIMAS-13,#FDAE61,-104.6423889,37.16547222,15 - 20 Deg. F. / 3 - 6,,15 - 20 Deg. F.,6-Mar,15 - 20 Deg. F. / 3 - 6,15 - 20 / semi-humid,CO.1,#698b69,"semi-humid, warm",#FDAE61,D,NA,NA
ARFR-CO932-316-JEFFERSON-12,white,10,37,7,NA,1974,1,1,NA,N,NA,NA,NA,NA,NA,NA,NA,NA,NA,NA,949,b846a8be-08ea-4170-9c39-d6ef8b901c40,NA,1,NA,NA,8/13/2024 18:00,9c209028-587e-4ff8-961b-d8776bdba119,8/13/2024 20:46,agoebl,8/13/2024 20:46,agoebl,5339,NA,7,ARFR4-SOS-CO932-316-JEFFERSON-12,#FFFF85,-105.358,39.66325,15 - 20 Deg. F. / 3 - 6,,15 - 20 Deg. F.,6-Mar,15 - 20 Deg. F. / 3 - 6,15 - 20 / semi-humid,CO.3,#698b69,"semi-humid, warm",#FFFF85,F,NA,NA
ARFR-UT080-109-UINTAH-12,white,10,37,8,NA,1975,1,1,NA,N,NA,NA,NA,NA,NA,NA,NA,NA,NA,NA,950,71a0aba0-8df9-467d-a60b-c5f3ad19171b,NA,1,NA,NA,8/13/2024 18:00,9c209028-587e-4ff8-961b-d8776bdba119,8/13/2024 20:46,agoebl,8/13/2024 20:46,agoebl,5340,NA,8,ARFR4-SOS-UT080-109-UINTAH-12,#aabe7f,-109.1426444,39.70802222,10 - 15 Deg. F. / 3 - 6,,10 - 15 Deg. F.,6-Mar,10 - 15 Deg. F. / 3 - 6,10 - 15 / semi-humid,UT.1,#66e566,"semi-humid, cool",#aabe7f,G,NA,NA
ARFR-WY040-71-10,white,10,37,9,NA,1976,1,1,NA,N,NA,NA,NA,NA,NA,NA,NA,NA,NA,NA,951,ccc32d44-cc10-430f-95ca-ee78eb1a0a9f,NA,1,NA,"Dry, low",8/13/2024 18:00,9c209028-587e-4ff8-961b-d8776bdba119,8/13/2024 20:46,agoebl,8/13/2024 20:46,agoebl,5341,NA,9,ARFR4-SOS-WY040-71-10,#66C2A5,-109.2433156,41.13271889,5 - 10 Deg. F. / 3 - 6,,5 - 10 Deg. F.,6-Mar,5 - 10 Deg. F. / 3 - 6,5 - 10 / semi-humid,WY.1,#a5c2f1,"semi-humid, cold",#66C2A5,I,NA,NA
ARFR-AZ930-422-NAVAJO-18,white,10,37,10,359,1977,0,0,NA,N,NA,NA,NA,NA,NA,NA,NA,NA,NA,NA,952,b4bc4f88-e6c0-40c6-a16f-f360ca95f0c7,NA,0,NA,NA,8/13/2024 18:00,9c209028-587e-4ff8-961b-d8776bdba119,8/13/2024 20:46,agoebl,8/13/2024 20:46,agoebl,5342,NA,10,ARFR4-SOS-AZ930-422-NAVAJO-18,#D53E4F,-110.431,36.56805,15 - 20 Deg. F. / 6 - 12,Lats corrected 20230127,15 - 20 Deg. F.,12-Jun,15 - 20 Deg. F. / 6 - 12,15 - 20 / semi-arid,AZ.2,#ee5c42,"semi-arid, warm",#D53E4F,B,NA,NA
ARFR-AZ930-423-NAVAJO-18,white,10,37,11,NA,1978,1,1,NA,Y,0.0056,0.651,11.625,NA,NA,NA,NA,NA,NA,NA,953,51b7bf58-09be-423b-9938-94dedb3a4ed7,NA,1,NA,NA,8/13/2024 18:00,9c209028-587e-4ff8-961b-d8776bdba119,8/13/2024 20:46,agoebl,8/13/2024 20:46,agoebl,5343,NA,11,ARFR4-SOS-AZ930-423-NAVAJO-18,#9E0142,-110.431,36.45877,15 - 20 Deg. F. / 6 - 12,SdZones downloaded 20230823,15 - 20 Deg. F.,12-Jun,15 - 20 Deg. F. / 6 - 12,15 - 20 / semi-arid,AZ.1,#ee5c42,"semi-arid, warm",#9E0142,A,NA,NA
ARFR-CO932-316-JEFFERSON-12,white,10,37,12,NA,1979,1,1,NA,N,NA,NA,NA,NA,NA,NA,NA,NA,NA,NA,954,679008b1-3576-4584-863f-58bdda003289,NA,1,NA,NA,8/13/2024 18:00,9c209028-587e-4ff8-961b-d8776bdba119,8/13/2024 20:46,agoebl,8/13/2024 20:46,agoebl,5344,NA,12,ARFR4-SOS-CO932-316-JEFFERSON-12,#FFFF85,-105.358,39.66325,15 - 20 Deg. F. / 3 - 6,,15 - 20 Deg. F.,6-Mar,15 - 20 Deg. F. / 3 - 6,15 - 20 / semi-humid,CO.3,#698b69,"semi-humid, warm",#FFFF85,F,NA,NA
ARFR-AZ930-422-NAVAJO-18,white,10,37,13,NA,1980,1,1,NA,N,NA,NA,NA,NA,NA,NA,NA,NA,NA,NA,955,d2303667-b5c4-4f67-9e93-17f3e2defcae,NA,1,NA,NA,8/13/2024 18:00,9c209028-587e-4ff8-961b-d8776bdba119,8/13/2024 20:46,agoebl,8/13/2024 20:46,agoebl,5345,NA,13,ARFR4-SOS-AZ930-422-NAVAJO-18,#D53E4F,-110.431,36.56805,15 - 20 Deg. F. / 6 - 12,Lats corrected 20230127,15 - 20 Deg. F.,12-Jun,15 - 20 Deg. F. / 6 - 12,15 - 20 / semi-arid,AZ.2,#ee5c42,"semi-arid, warm",#D53E4F,B,NA,NA
ARFR-WY040-71-10,white,10,37,14,NA,1981,1,1,NA,N,NA,NA,NA,NA,NA,NA,NA,NA,NA,NA,956,2e63442c-6d1b-46d4-8999-1139b7913411,NA,0,NA,NA,8/13/2024 18:00,9c209028-587e-4ff8-961b-d8776bdba119,8/13/2024 20:46,agoebl,8/13/2024 20:46,agoebl,5346,NA,14,ARFR4-SOS-WY040-71-10,#66C2A5,-109.2433156,41.13271889,5 - 10 Deg. F. / 3 - 6,,5 - 10 Deg. F.,6-Mar,5 - 10 Deg. F. / 3 - 6,5 - 10 / semi-humid,WY.1,#a5c2f1,"semi-humid, cold",#66C2A5,I,NA,NA
ARFR-NM930N-66-11,white,10,37,15,360,1982,1,1,NA,N,NA,NA,NA,NA,NA,NA,NA,NA,NA,NA,957,1924c675-bb46-4abc-9c43-9b5bab5a6fcd,NA,1,NA,NA,8/13/2024 18:00,9c209028-587e-4ff8-961b-d8776bdba119,8/13/2024 20:46,agoebl,8/13/2024 20:46,agoebl,5347,NA,15,ARFR4-SOS-NM930N-66-11,#F46D43,-107.2045028,36.76818611,10 - 15 Deg. F. / 3 - 6,,10 - 15 Deg. F.,6-Mar,10 - 15 Deg. F. / 3 - 6,10 - 15 / semi-humid,NM.1,#66e566,"semi-humid, cool",#F46D43,C,NA,NA
ARFR-NM930N-66-11,white,10,37,16,NA,1983,1,1,NA,N,NA,NA,NA,NA,NA,NA,NA,NA,NA,NA,958,f225c73b-6cc6-4739-893a-8f1886ee5ebb,NA,1,NA,NA,8/13/2024 18:00,9c209028-587e-4ff8-961b-d8776bdba119,8/13/2024 20:46,agoebl,8/13/2024 20:46,agoebl,5348,NA,16,ARFR4-SOS-NM930N-66-11,#F46D43,-107.2045028,36.76818611,10 - 15 Deg. F. / 3 - 6,,10 - 15 Deg. F.,6-Mar,10 - 15 Deg. F. / 3 - 6,10 - 15 / semi-humid,NM.1,#66e566,"semi-humid, cool",#F46D43,C,NA,NA
ARFR-UT080-109-UINTAH-12,white,10,37,17,NA,1984,1,1,NA,N,NA,NA,NA,NA,NA,NA,NA,NA,NA,NA,959,3957cfd1-5708-4462-9859-a94c7a251412,NA,1,NA,NA,8/13/2024 18:00,9c209028-587e-4ff8-961b-d8776bdba119,8/13/2024 20:46,agoebl,8/13/2024 20:46,agoebl,5349,NA,17,ARFR4-SOS-UT080-109-UINTAH-12,#aabe7f,-109.1426444,39.70802222,10 - 15 Deg. F. / 3 - 6,,10 - 15 Deg. F.,6-Mar,10 - 15 Deg. F. / 3 - 6,10 - 15 / semi-humid,UT.1,#66e566,"semi-humid, cool",#aabe7f,G,NA,NA
ARFR-CO932-314-JEFFERSON-12,white,10,37,18,NA,1985,1,1,NA,N,NA,NA,NA,NA,NA,NA,NA,NA,NA,NA,960,b3b6096a-843a-49e5-9036-f09f25c1bf42,NA,1,NA,NA,8/13/2024 18:00,9c209028-587e-4ff8-961b-d8776bdba119,8/13/2024 20:46,agoebl,8/13/2024 20:46,agoebl,5350,NA,18,ARFR4-SOS-CO932-314-JEFFERSON-12,#FEE08B,-105.3553333,39.40902778,10 - 15 Deg. F. / 3 - 6,,10 - 15 Deg. F.,6-Mar,10 - 15 Deg. F. / 3 - 6,10 - 15 / semi-humid,CO.2,#66e566,"semi-humid, cool",#FEE08B,E,NA,NA
ARFR-CO932-316-JEFFERSON-12,white,10,37,19,NA,1986,1,1,NA,N,NA,NA,NA,NA,NA,NA,NA,NA,NA,NA,961,8006ecf9-85ab-4760-8e83-e5c983fd872b,NA,1,NA,NA,8/13/2024 18:00,9c209028-587e-4ff8-961b-d8776bdba119,8/13/2024 20:46,agoebl,8/13/2024 20:46,agoebl,5351,NA,19,ARFR4-SOS-CO932-316-JEFFERSON-12,#FFFF85,-105.358,39.66325,15 - 20 Deg. F. / 3 - 6,,15 - 20 Deg. F.,6-Mar,15 - 20 Deg. F. / 3 - 6,15 - 20 / semi-humid,CO.3,#698b69,"semi-humid, warm",#FFFF85,F,NA,NA
ARFR-CO932-294-11,white,10,37,20,361,1987,1,1,NA,N,NA,NA,NA,NA,NA,NA,NA,NA,NA,NA,962,a20dd978-6bc7-4269-b8c6-cb2c14d2d5cf,NA,1,NA,NA,8/13/2024 18:00,9c209028-587e-4ff8-961b-d8776bdba119,8/13/2024 20:46,agoebl,8/13/2024 20:46,agoebl,5352,NA,20,ARFR4-SOS-CO932-294-11,#ABDDA4,-105.2030833,39.78458333,15 - 20 Deg. F. / 3 - 6,,15 - 20 Deg. F.,6-Mar,15 - 20 Deg. F. / 3 - 6,15 - 20 / semi-humid,CO.4,#698b69,"semi-humid, warm",#ABDDA4,H,NA,NA
ARFR-WY050-49-FREMONT-12,white,10,37,21,NA,1988,1,1,NA,N,NA,NA,NA,NA,NA,NA,NA,NA,NA,NA,963,ef129e3c-ddd6-424e-a26e-9c0aba13503d,NA,1,NA,Low,8/13/2024 18:00,9c209028-587e-4ff8-961b-d8776bdba119,8/13/2024 20:46,agoebl,8/13/2024 20:46,agoebl,5353,NA,21,ARFR4-SOS-WY050-49-FREMONT-12,#5E4FA2,-109.34775,43.42663611,5 - 10 Deg. F. / 6 - 12,,5 - 10 Deg. F.,12-Jun,5 - 10 Deg. F. / 6 - 12,5 - 10 / semi-arid,WY.3,#ffb90f,"semi-arid, cold",#5E4FA2,K,NA,NA
ARFR-AZ930-422-NAVAJO-18,white,10,37,22,NA,1989,1,1,NA,N,NA,NA,NA,NA,NA,NA,NA,NA,NA,NA,964,b64130ec-26a8-43f2-9844-2fd8bf508f64,NA,1,NA,NA,8/13/2024 18:00,9c209028-587e-4ff8-961b-d8776bdba119,8/13/2024 20:46,agoebl,8/13/2024 20:46,agoebl,5354,NA,22,ARFR4-SOS-AZ930-422-NAVAJO-18,#D53E4F,-110.431,36.56805,15 - 20 Deg. F. / 6 - 12,Lats corrected 20230127,15 - 20 Deg. F.,12-Jun,15 - 20 Deg. F. / 6 - 12,15 - 20 / semi-arid,AZ.2,#ee5c42,"semi-arid, warm",#D53E4F,B,NA,NA
ARFR-CO932-314-JEFFERSON-12,white,10,37,23,NA,1990,1,1,67.952,N,NA,NA,NA,NA,67.952,35.46,17.21,8.99,NA,Y,965,be1c7ac4-4ca9-4779-b8b0-6a805491178e,NA,NA,NA,H,8/13/2024 18:00,9c209028-587e-4ff8-961b-d8776bdba119,8/13/2024 20:46,agoebl,8/13/2024 20:46,agoebl,5355,NA,23,ARFR4-SOS-CO932-314-JEFFERSON-12,#FEE08B,-105.3553333,39.40902778,10 - 15 Deg. F. / 3 - 6,,10 - 15 Deg. F.,6-Mar,10 - 15 Deg. F. / 3 - 6,10 - 15 / semi-humid,CO.2,#66e566,"semi-humid, cool",#FEE08B,E,NA,NA
ARFR-CO932-316-JEFFERSON-12,white,10,37,24,NA,1991,1,1,NA,Y,0.0093,0.734,7.892473118,NA,NA,NA,NA,NA,NA,NA,966,36990a82-35fc-4495-b29e-1247176d5c19,NA,1,NA,NA,8/13/2024 18:00,9c209028-587e-4ff8-961b-d8776bdba119,8/13/2024 20:46,agoebl,8/13/2024 20:46,agoebl,5356,NA,24,ARFR4-SOS-CO932-316-JEFFERSON-12,#FFFF85,-105.358,39.66325,15 - 20 Deg. F. / 3 - 6,,15 - 20 Deg. F.,6-Mar,15 - 20 Deg. F. / 3 - 6,15 - 20 / semi-humid,CO.3,#698b69,"semi-humid, warm",#FFFF85,F,NA,NA
ARFR-CO932-314-JEFFERSON-12,white,10,37,25,362,1992,1,1,NA,N,NA,NA,NA,NA,NA,NA,NA,NA,NA,NA,967,e7e36b6a-e5ea-47c9-aeeb-c8179d100f8d,NA,1,NA,NA,8/13/2024 18:00,9c209028-587e-4ff8-961b-d8776bdba119,8/13/2024 20:46,agoebl,8/13/2024 20:46,agoebl,5357,NA,25,ARFR4-SOS-CO932-314-JEFFERSON-12,#FEE08B,-105.3553333,39.40902778,10 - 15 Deg. F. / 3 - 6,,10 - 15 Deg. F.,6-Mar,10 - 15 Deg. F. / 3 - 6,10 - 15 / semi-humid,CO.2,#66e566,"semi-humid, cool",#FEE08B,E,NA,NA
ARFR-AZ930-422-NAVAJO-18,white,10,37,26,NA,1993,1,1,NA,N,NA,NA,NA,NA,NA,NA,NA,NA,NA,NA,968,5067baf9-ff03-40ac-8f87-7aa2137b3d05,NA,1,NA,NA,8/13/2024 18:00,9c209028-587e-4ff8-961b-d8776bdba119,8/13/2024 20:46,agoebl,8/13/2024 20:46,agoebl,5358,NA,26,ARFR4-SOS-AZ930-422-NAVAJO-18,#D53E4F,-110.431,36.56805,15 - 20 Deg. F. / 6 - 12,Lats corrected 20230127,15 - 20 Deg. F.,12-Jun,15 - 20 Deg. F. / 6 - 12,15 - 20 / semi-arid,AZ.2,#ee5c42,"semi-arid, warm",#D53E4F,B,NA,NA
ARFR-CO932-316-JEFFERSON-12,white,10,37,27,NA,1994,1,1,NA,N,NA,NA,NA,NA,NA,NA,NA,NA,NA,NA,969,b5fc010c-f3dd-4ae2-8978-40b8e68ae708,NA,1,NA,NA,8/13/2024 18:00,9c209028-587e-4ff8-961b-d8776bdba119,8/13/2024 20:46,agoebl,8/13/2024 20:46,agoebl,5359,NA,27,ARFR4-SOS-CO932-316-JEFFERSON-12,#FFFF85,-105.358,39.66325,15 - 20 Deg. F. / 3 - 6,,15 - 20 Deg. F.,6-Mar,15 - 20 Deg. F. / 3 - 6,15 - 20 / semi-humid,CO.3,#698b69,"semi-humid, warm",#FFFF85,F,NA,NA
ARFR-CO932-314-JEFFERSON-12,white,10,37,28,NA,1995,1,1,NA,Y,0.0067,0.412,6.149253731,NA,NA,NA,NA,NA,NA,NA,970,b4a6cb44-cf65-4439-adcd-d56d75c3cece,NA,1,NA,Low,8/13/2024 18:00,9c209028-587e-4ff8-961b-d8776bdba119,8/13/2024 20:46,agoebl,8/13/2024 20:46,agoebl,5360,NA,28,ARFR4-SOS-CO932-314-JEFFERSON-12,#FEE08B,-105.3553333,39.40902778,10 - 15 Deg. F. / 3 - 6,,10 - 15 Deg. F.,6-Mar,10 - 15 Deg. F. / 3 - 6,10 - 15 / semi-humid,CO.2,#66e566,"semi-humid, cool",#FEE08B,E,NA,NA
ARFR-UT080-109-UINTAH-12,white,10,37,29,NA,1996,1,1,NA,N,NA,NA,NA,NA,NA,NA,NA,NA,NA,NA,971,21a8f1fc-df8c-4f85-86d3-22d3ea727b56,NA,1,NA,NA,8/13/2024 18:00,9c209028-587e-4ff8-961b-d8776bdba119,8/13/2024 20:46,agoebl,8/13/2024 20:46,agoebl,5361,NA,29,ARFR4-SOS-UT080-109-UINTAH-12,#aabe7f,-109.1426444,39.70802222,10 - 15 Deg. F. / 3 - 6,,10 - 15 Deg. F.,6-Mar,10 - 15 Deg. F. / 3 - 6,10 - 15 / semi-humid,UT.1,#66e566,"semi-humid, cool",#aabe7f,G,NA,NA
ARFR-WY930-44-LASANIMAS-13,white,10,37,30,363,1997,1,1,NA,N,NA,NA,NA,NA,NA,NA,NA,NA,NA,NA,972,c91ff62e-13e1-4ffa-91f1-f72e74a09b8a,NA,1,NA,NA,8/13/2024 18:00,9c209028-587e-4ff8-961b-d8776bdba119,8/13/2024 20:46,agoebl,8/13/2024 20:46,agoebl,5362,NA,30,ARFR4-SOS-WY930-44-LASANIMAS-13,#FDAE61,-104.6423889,37.16547222,15 - 20 Deg. F. / 3 - 6,,15 - 20 Deg. F.,6-Mar,15 - 20 Deg. F. / 3 - 6,15 - 20 / semi-humid,CO.1,#698b69,"semi-humid, warm",#FDAE61,D,NA,NA
ARFR-UT080-109-UINTAH-12,white,10,37,31,NA,1998,1,1,NA,N,NA,NA,NA,NA,NA,NA,NA,NA,NA,NA,973,22ff1dc5-717d-404a-bb7c-5deda3e61bff,NA,1,NA,NA,8/13/2024 18:00,9c209028-587e-4ff8-961b-d8776bdba119,8/13/2024 20:46,agoebl,8/13/2024 20:46,agoebl,5363,NA,31,ARFR4-SOS-UT080-109-UINTAH-12,#aabe7f,-109.1426444,39.70802222,10 - 15 Deg. F. / 3 - 6,,10 - 15 Deg. F.,6-Mar,10 - 15 Deg. F. / 3 - 6,10 - 15 / semi-humid,UT.1,#66e566,"semi-humid, cool",#aabe7f,G,NA,NA
ARFR-CO932-294-11,white,10,37,32,NA,1999,1,1,NA,N,NA,NA,NA,NA,NA,NA,NA,NA,NA,NA,974,1ad2f10a-fb8a-4a06-af67-f8c3d5f9053c,NA,1,NA,NA,8/13/2024 18:00,9c209028-587e-4ff8-961b-d8776bdba119,8/13/2024 20:46,agoebl,8/13/2024 20:46,agoebl,5364,NA,32,ARFR4-SOS-CO932-294-11,#ABDDA4,-105.2030833,39.78458333,15 - 20 Deg. F. / 3 - 6,,15 - 20 Deg. F.,6-Mar,15 - 20 Deg. F. / 3 - 6,15 - 20 / semi-humid,CO.4,#698b69,"semi-humid, warm",#ABDDA4,H,NA,NA
ARFR-WY050-49-FREMONT-12,white,10,37,33,NA,2000,1,1,NA,N,NA,NA,NA,NA,NA,NA,NA,NA,NA,NA,975,6cb7bcf7-b7cf-4f10-bdb7-9dfeea0bcc1c,NA,1,NA,"Low, dry",8/13/2024 18:00,9c209028-587e-4ff8-961b-d8776bdba119,8/13/2024 20:46,agoebl,8/13/2024 20:46,agoebl,5365,NA,33,ARFR4-SOS-WY050-49-FREMONT-12,#5E4FA2,-109.34775,43.42663611,5 - 10 Deg. F. / 6 - 12,,5 - 10 Deg. F.,12-Jun,5 - 10 Deg. F. / 6 - 12,5 - 10 / semi-arid,WY.3,#ffb90f,"semi-arid, cold",#5E4FA2,K,NA,NA
ARFR-WY050-49-FREMONT-12,white,10,37,34,NA,2001,1,1,NA,N,NA,NA,NA,NA,NA,NA,NA,NA,NA,NA,976,79b66fb3-7612-4430-a64f-781ded89f1f8,NA,0,NA,New recruits,8/13/2024 18:00,9c209028-587e-4ff8-961b-d8776bdba119,8/13/2024 20:46,agoebl,8/13/2024 20:46,agoebl,5366,NA,34,ARFR4-SOS-WY050-49-FREMONT-12,#5E4FA2,-109.34775,43.42663611,5 - 10 Deg. F. / 6 - 12,,5 - 10 Deg. F.,12-Jun,5 - 10 Deg. F. / 6 - 12,5 - 10 / semi-arid,WY.3,#ffb90f,"semi-arid, cold",#5E4FA2,K,NA,NA
ARFR-CO932-294-11,white,10,37,35,364,2002,1,1,NA,N,NA,NA,NA,NA,NA,NA,NA,NA,NA,NA,977,cc6feff0-5b4c-4758-8f14-a12ba84c3e49,NA,1,NA,NA,8/13/2024 18:00,9c209028-587e-4ff8-961b-d8776bdba119,8/13/2024 20:46,agoebl,8/13/2024 20:46,agoebl,5367,NA,35,ARFR4-SOS-CO932-294-11,#ABDDA4,-105.2030833,39.78458333,15 - 20 Deg. F. / 3 - 6,,15 - 20 Deg. F.,6-Mar,15 - 20 Deg. F. / 3 - 6,15 - 20 / semi-humid,CO.4,#698b69,"semi-humid, warm",#ABDDA4,H,NA,NA
ARFR-NM930N-66-11,white,10,37,36,NA,2003,1,1,NA,N,NA,NA,NA,NA,NA,NA,NA,NA,NA,NA,978,bea58176-e4a9-45fe-8be1-45cedb06154e,NA,1,NA,NA,8/13/2024 18:00,9c209028-587e-4ff8-961b-d8776bdba119,8/13/2024 20:46,agoebl,8/13/2024 20:46,agoebl,5368,NA,36,ARFR4-SOS-NM930N-66-11,#F46D43,-107.2045028,36.76818611,10 - 15 Deg. F. / 3 - 6,,10 - 15 Deg. F.,6-Mar,10 - 15 Deg. F. / 3 - 6,10 - 15 / semi-humid,NM.1,#66e566,"semi-humid, cool",#F46D43,C,NA,NA
ARFR-CO932-314-JEFFERSON-12,white,10,37,37,NA,2004,1,1,NA,N,NA,NA,NA,NA,NA,NA,NA,NA,NA,NA,979,160f7d63-b0a3-415a-a13d-1352830a60e4,NA,1,NA,NA,8/13/2024 18:00,9c209028-587e-4ff8-961b-d8776bdba119,8/13/2024 20:46,agoebl,8/13/2024 20:46,agoebl,5369,NA,37,ARFR4-SOS-CO932-314-JEFFERSON-12,#FEE08B,-105.3553333,39.40902778,10 - 15 Deg. F. / 3 - 6,,10 - 15 Deg. F.,6-Mar,10 - 15 Deg. F. / 3 - 6,10 - 15 / semi-humid,CO.2,#66e566,"semi-humid, cool",#FEE08B,E,NA,NA
ARFR-UT080-109-UINTAH-12,white,10,37,38,NA,2005,1,1,NA,N,NA,NA,NA,NA,NA,NA,NA,NA,NA,NA,980,3432839c-1497-43f9-8847-82c14b57a8d3,NA,1,NA,NA,8/13/2024 18:00,9c209028-587e-4ff8-961b-d8776bdba119,8/13/2024 20:46,agoebl,8/13/2024 20:46,agoebl,5370,NA,38,ARFR4-SOS-UT080-109-UINTAH-12,#aabe7f,-109.1426444,39.70802222,10 - 15 Deg. F. / 3 - 6,,10 - 15 Deg. F.,6-Mar,10 - 15 Deg. F. / 3 - 6,10 - 15 / semi-humid,UT.1,#66e566,"semi-humid, cool",#aabe7f,G,NA,NA
ARFR-NM930N-66-11,white,10,37,39,NA,2006,1,1,NA,N,NA,NA,NA,NA,NA,NA,NA,NA,NA,NA,981,2c061b33-7a42-4049-b427-2a544604e6ef,NA,1,NA,NA,8/13/2024 18:00,9c209028-587e-4ff8-961b-d8776bdba119,8/13/2024 20:46,agoebl,8/13/2024 20:46,agoebl,5371,NA,39,ARFR4-SOS-NM930N-66-11,#F46D43,-107.2045028,36.76818611,10 - 15 Deg. F. / 3 - 6,,10 - 15 Deg. F.,6-Mar,10 - 15 Deg. F. / 3 - 6,10 - 15 / semi-humid,NM.1,#66e566,"semi-humid, cool",#F46D43,C,NA,NA
ARFR-CO932-294-11,white,10,37,40,365,2007,1,1,NA,N,NA,NA,NA,NA,NA,NA,NA,NA,NA,NA,982,e4512d1f-87c9-4260-af7c-ad84d7a5fa31,NA,1,NA,NA,8/13/2024 18:00,9c209028-587e-4ff8-961b-d8776bdba119,8/13/2024 20:46,agoebl,8/13/2024 20:46,agoebl,5372,NA,40,ARFR4-SOS-CO932-294-11,#ABDDA4,-105.2030833,39.78458333,15 - 20 Deg. F. / 3 - 6,,15 - 20 Deg. F.,6-Mar,15 - 20 Deg. F. / 3 - 6,15 - 20 / semi-humid,CO.4,#698b69,"semi-humid, warm",#ABDDA4,H,NA,NA
ARFR-AZ930-423-NAVAJO-18,white,10,37,41,NA,2008,1,1,NA,N,NA,NA,NA,NA,NA,NA,NA,NA,NA,NA,983,658a9418-e97f-45d3-a0b8-2c901f305272,NA,1,NA,NA,8/13/2024 18:00,9c209028-587e-4ff8-961b-d8776bdba119,8/13/2024 20:46,agoebl,8/13/2024 20:46,agoebl,5373,NA,41,ARFR4-SOS-AZ930-423-NAVAJO-18,#9E0142,-110.431,36.45877,15 - 20 Deg. F. / 6 - 12,SdZones downloaded 20230823,15 - 20 Deg. F.,12-Jun,15 - 20 Deg. F. / 6 - 12,15 - 20 / semi-arid,AZ.1,#ee5c42,"semi-arid, warm",#9E0142,A,NA,NA
ARFR-WY050-49-FREMONT-12,white,10,37,42,NA,2009,1,1,NA,Y,0.0075,0.501,6.68,NA,NA,NA,NA,NA,NA,NA,984,6cf7e066-09e5-412f-ba5a-fa63b641a621,NA,1,NA,NA,8/13/2024 18:00,9c209028-587e-4ff8-961b-d8776bdba119,8/13/2024 20:46,agoebl,8/13/2024 20:46,agoebl,5374,NA,42,ARFR4-SOS-WY050-49-FREMONT-12,#5E4FA2,-109.34775,43.42663611,5 - 10 Deg. F. / 6 - 12,,5 - 10 Deg. F.,12-Jun,5 - 10 Deg. F. / 6 - 12,5 - 10 / semi-arid,WY.3,#ffb90f,"semi-arid, cold",#5E4FA2,K,NA,NA
ARFR-AZ930-422-NAVAJO-18,white,10,37,43,NA,2010,1,1,NA,N,NA,NA,NA,NA,NA,NA,NA,NA,NA,NA,985,d62dc8c9-b0a3-4dae-9cd2-5a2aa0fdc84e,NA,1,NA,NA,8/13/2024 18:00,9c209028-587e-4ff8-961b-d8776bdba119,8/13/2024 20:46,agoebl,8/13/2024 20:46,agoebl,5375,NA,43,ARFR4-SOS-AZ930-422-NAVAJO-18,#D53E4F,-110.431,36.56805,15 - 20 Deg. F. / 6 - 12,Lats corrected 20230127,15 - 20 Deg. F.,12-Jun,15 - 20 Deg. F. / 6 - 12,15 - 20 / semi-arid,AZ.2,#ee5c42,"semi-arid, warm",#D53E4F,B,NA,NA
ARFR-WY050-151-FREMONT-16,white,10,37,44,NA,2011,1,1,NA,N,NA,NA,NA,NA,NA,NA,NA,NA,NA,NA,986,d853c866-477d-4a5e-844f-e9a38d810f4d,NA,1,NA,Small,8/13/2024 18:00,9c209028-587e-4ff8-961b-d8776bdba119,8/13/2024 20:46,agoebl,8/13/2024 20:46,agoebl,5376,NA,44,ARFR4-SOS-WY050-151-FREMONT-16,#3288BD,-108.1704472,42.47886111,10 - 15 Deg. F. / 6 - 12,,10 - 15 Deg. F.,12-Jun,10 - 15 Deg. F. / 6 - 12,10 - 15 / semi-arid,WY.2,#cd8500,"semi-arid, cool",#3288BD,J,NA,NA
ARFR-NM930N-66-11,white,10,37,45,366,2012,1,1,NA,N,NA,NA,NA,NA,NA,NA,NA,NA,NA,NA,987,c5ac36d7-15fc-4485-8699-cd47cf889403,NA,1,NA,NA,8/13/2024 18:00,9c209028-587e-4ff8-961b-d8776bdba119,8/13/2024 20:46,agoebl,8/13/2024 20:46,agoebl,5377,NA,45,ARFR4-SOS-NM930N-66-11,#F46D43,-107.2045028,36.76818611,10 - 15 Deg. F. / 3 - 6,,10 - 15 Deg. F.,6-Mar,10 - 15 Deg. F. / 3 - 6,10 - 15 / semi-humid,NM.1,#66e566,"semi-humid, cool",#F46D43,C,NA,NA
ARFR-CO932-316-JEFFERSON-12,white,10,37,46,NA,2013,1,1,NA,N,NA,NA,NA,NA,NA,NA,NA,NA,NA,NA,988,30851716-c703-4325-a795-f458e5b32f47,NA,1,NA,NA,8/13/2024 18:00,9c209028-587e-4ff8-961b-d8776bdba119,8/13/2024 20:46,agoebl,8/13/2024 20:46,agoebl,5378,NA,46,ARFR4-SOS-CO932-316-JEFFERSON-12,#FFFF85,-105.358,39.66325,15 - 20 Deg. F. / 3 - 6,,15 - 20 Deg. F.,6-Mar,15 - 20 Deg. F. / 3 - 6,15 - 20 / semi-humid,CO.3,#698b69,"semi-humid, warm",#FFFF85,F,NA,NA
ARFR-WY930-44-LASANIMAS-13,white,10,37,47,NA,2014,1,1,NA,N,NA,NA,NA,NA,NA,NA,NA,NA,NA,NA,989,66cbd3f0-10ed-499e-8406-ce14823baea5,NA,1,NA,NA,8/13/2024 18:00,9c209028-587e-4ff8-961b-d8776bdba119,8/13/2024 20:46,agoebl,8/13/2024 20:46,agoebl,5379,NA,47,ARFR4-SOS-WY930-44-LASANIMAS-13,#FDAE61,-104.6423889,37.16547222,15 - 20 Deg. F. / 3 - 6,,15 - 20 Deg. F.,6-Mar,15 - 20 Deg. F. / 3 - 6,15 - 20 / semi-humid,CO.1,#698b69,"semi-humid, warm",#FDAE61,D,NA,NA
ARFR-CO932-316-JEFFERSON-12,white,10,37,48,NA,2015,1,1,NA,N,NA,NA,NA,NA,NA,NA,NA,NA,NA,NA,990,7a15ce3a-8f43-4c66-b325-879d775ce9b1,NA,1,NA,NA,8/13/2024 18:00,9c209028-587e-4ff8-961b-d8776bdba119,8/13/2024 20:46,agoebl,8/13/2024 20:46,agoebl,5380,NA,48,ARFR4-SOS-CO932-316-JEFFERSON-12,#FFFF85,-105.358,39.66325,15 - 20 Deg. F. / 3 - 6,,15 - 20 Deg. F.,6-Mar,15 - 20 Deg. F. / 3 - 6,15 - 20 / semi-humid,CO.3,#698b69,"semi-humid, warm",#FFFF85,F,NA,NA
ARFR-WY050-49-FREMONT-12,white,10,37,49,NA,2016,1,1,NA,N,NA,NA,NA,NA,NA,NA,NA,NA,NA,NA,991,2a0cddfb-fb53-4ed4-8a0b-35a91e313d6a,NA,1,NA,Dry,8/13/2024 18:00,9c209028-587e-4ff8-961b-d8776bdba119,8/13/2024 20:46,agoebl,8/13/2024 20:46,agoebl,5381,NA,49,ARFR4-SOS-WY050-49-FREMONT-12,#5E4FA2,-109.34775,43.42663611,5 - 10 Deg. F. / 6 - 12,,5 - 10 Deg. F.,12-Jun,5 - 10 Deg. F. / 6 - 12,5 - 10 / semi-arid,WY.3,#ffb90f,"semi-arid, cold",#5E4FA2,K,NA,NA
ARFR-WY040-71-10,white,10,37,50,367,2017,1,1,NA,N,NA,NA,NA,NA,NA,NA,NA,NA,NA,NA,992,45e79bd3-39dc-403f-8e16-0266e150504c,NA,0,NA,NA,8/13/2024 18:00,9c209028-587e-4ff8-961b-d8776bdba119,8/13/2024 20:46,agoebl,8/13/2024 20:46,agoebl,5382,NA,50,ARFR4-SOS-WY040-71-10,#66C2A5,-109.2433156,41.13271889,5 - 10 Deg. F. / 3 - 6,,5 - 10 Deg. F.,6-Mar,5 - 10 Deg. F. / 3 - 6,5 - 10 / semi-humid,WY.1,#a5c2f1,"semi-humid, cold",#66C2A5,I,NA,NA
ARFR-CO932-294-11,white,10,37,51,NA,2018,1,1,NA,N,NA,NA,NA,NA,NA,NA,NA,NA,NA,NA,993,73fef5f6-f50c-40dd-adbf-dde8d06473a4,NA,0,NA,NA,8/13/2024 18:00,9c209028-587e-4ff8-961b-d8776bdba119,8/13/2024 20:46,agoebl,8/13/2024 20:46,agoebl,5383,NA,51,ARFR4-SOS-CO932-294-11,#ABDDA4,-105.2030833,39.78458333,15 - 20 Deg. F. / 3 - 6,,15 - 20 Deg. F.,6-Mar,15 - 20 Deg. F. / 3 - 6,15 - 20 / semi-humid,CO.4,#698b69,"semi-humid, warm",#ABDDA4,H,NA,NA
ARFR-UT080-109-UINTAH-12,white,10,37,52,NA,2019,1,1,NA,Y,0.0042,0.539,12.83333333,NA,NA,NA,NA,NA,NA,NA,994,b0c6f18c-8038-4e10-851f-39021b17937d,NA,1,NA,Near death,8/13/2024 18:00,9c209028-587e-4ff8-961b-d8776bdba119,8/13/2024 20:46,agoebl,8/13/2024 20:46,agoebl,5384,NA,52,ARFR4-SOS-UT080-109-UINTAH-12,#aabe7f,-109.1426444,39.70802222,10 - 15 Deg. F. / 3 - 6,,10 - 15 Deg. F.,6-Mar,10 - 15 Deg. F. / 3 - 6,10 - 15 / semi-humid,UT.1,#66e566,"semi-humid, cool",#aabe7f,G,NA,NA
ARFR-NM930N-66-11,white,10,37,53,NA,2020,1,1,NA,N,NA,NA,NA,NA,NA,NA,NA,NA,NA,NA,995,296df316-1709-49c0-86ee-bc1adbc60eb3,NA,1,NA,NA,8/13/2024 18:00,9c209028-587e-4ff8-961b-d8776bdba119,8/13/2024 20:46,agoebl,8/13/2024 20:46,agoebl,5385,NA,53,ARFR4-SOS-NM930N-66-11,#F46D43,-107.2045028,36.76818611,10 - 15 Deg. F. / 3 - 6,,10 - 15 Deg. F.,6-Mar,10 - 15 Deg. F. / 3 - 6,10 - 15 / semi-humid,NM.1,#66e566,"semi-humid, cool",#F46D43,C,NA,NA
ARFR-WY930-44-LASANIMAS-13,white,10,37,54,NA,2021,1,1,NA,N,NA,NA,NA,NA,NA,NA,NA,NA,NA,NA,996,013c3dca-8ca8-4aec-9343-610f378d9685,NA,1,NA,NA,8/13/2024 18:00,9c209028-587e-4ff8-961b-d8776bdba119,8/13/2024 20:46,agoebl,8/13/2024 20:46,agoebl,5386,NA,54,ARFR4-SOS-WY930-44-LASANIMAS-13,#FDAE61,-104.6423889,37.16547222,15 - 20 Deg. F. / 3 - 6,,15 - 20 Deg. F.,6-Mar,15 - 20 Deg. F. / 3 - 6,15 - 20 / semi-humid,CO.1,#698b69,"semi-humid, warm",#FDAE61,D,NA,NA
ARFR-WY040-71-10,white,10,37,55,368,2022,1,1,NA,N,NA,NA,NA,NA,NA,NA,NA,NA,NA,NA,997,f9dbc495-4579-413a-bccc-0ad4e8713add,NA,0,NA,New recruits,8/13/2024 18:00,9c209028-587e-4ff8-961b-d8776bdba119,8/13/2024 20:46,agoebl,8/13/2024 20:46,agoebl,5387,NA,55,ARFR4-SOS-WY040-71-10,#66C2A5,-109.2433156,41.13271889,5 - 10 Deg. F. / 3 - 6,,5 - 10 Deg. F.,6-Mar,5 - 10 Deg. F. / 3 - 6,5 - 10 / semi-humid,WY.1,#a5c2f1,"semi-humid, cold",#66C2A5,I,NA,NA
ARFR-WY040-71-10,white,10,38,1,357,2023,1,1,NA,N,NA,NA,NA,NA,NA,NA,NA,NA,NA,NA,1379,63a12867-6879-4de4-bf19-90e5963df6be,NA,0,NA,Plant visible ,8/20/2024 18:00,0d758fff-5f31-478b-9f50-516fa2bceffc,8/20/2024 21:34,agoebl,8/20/2024 21:34,agoebl,5388,NA,1,ARFR4-SOS-WY040-71-10,#66C2A5,-109.2433156,41.13271889,5 - 10 Deg. F. / 3 - 6,,5 - 10 Deg. F.,6-Mar,5 - 10 Deg. F. / 3 - 6,5 - 10 / semi-humid,WY.1,#a5c2f1,"semi-humid, cold",#66C2A5,I,NA,NA
ARFR-WY050-151-FREMONT-16,white,10,38,2,NA,2024,1,1,NA,N,NA,NA,NA,NA,NA,NA,NA,NA,NA,NA,1380,e4d9bf76-47f9-43d7-b1e0-af26fb9ae4c8,NA,0,NA,Missing,8/20/2024 18:00,0d758fff-5f31-478b-9f50-516fa2bceffc,8/20/2024 21:34,agoebl,8/20/2024 21:34,agoebl,5389,NA,2,ARFR4-SOS-WY050-151-FREMONT-16,#3288BD,-108.1704472,42.47886111,10 - 15 Deg. F. / 6 - 12,,10 - 15 Deg. F.,12-Jun,10 - 15 Deg. F. / 6 - 12,10 - 15 / semi-arid,WY.2,#cd8500,"semi-arid, cool",#3288BD,J,NA,NA
ARFR-CO932-294-11,white,10,38,3,NA,2025,1,NA,NA,N,NA,NA,NA,NA,NA,NA,NA,NA,NA,NA,1381,20ae516c-c25c-4b11-b174-a68a9e3af59b,NA,1,NA,NA,8/20/2024 18:00,0d758fff-5f31-478b-9f50-516fa2bceffc,8/20/2024 21:34,agoebl,8/20/2024 21:34,agoebl,5390,NA,3,ARFR4-SOS-CO932-294-11,#ABDDA4,-105.2030833,39.78458333,15 - 20 Deg. F. / 3 - 6,,15 - 20 Deg. F.,6-Mar,15 - 20 Deg. F. / 3 - 6,15 - 20 / semi-humid,CO.4,#698b69,"semi-humid, warm",#ABDDA4,H,NA,NA
ARFR-WY930-44-LASANIMAS-13,white,10,38,4,NA,2026,1,1,87.242,N,NA,NA,NA,NA,87.242,37.62,21.14,6.89,NA,Y,1382,62c06369-8fdb-4a02-923d-80d6495bb24a,NA,NA,NA,H,8/20/2024 18:00,0d758fff-5f31-478b-9f50-516fa2bceffc,8/20/2024 21:34,agoebl,8/20/2024 21:34,agoebl,5391,NA,4,ARFR4-SOS-WY930-44-LASANIMAS-13,#FDAE61,-104.6423889,37.16547222,15 - 20 Deg. F. / 3 - 6,,15 - 20 Deg. F.,6-Mar,15 - 20 Deg. F. / 3 - 6,15 - 20 / semi-humid,CO.1,#698b69,"semi-humid, warm",#FDAE61,D,NA,NA
ARFR-CO932-294-11,white,10,38,5,358,2027,1,1,NA,N,NA,NA,NA,NA,NA,NA,NA,NA,NA,NA,1383,425eedd1-c8db-4107-b9f6-e1a09aa05ddf,NA,1,NA,NA,8/20/2024 18:00,0d758fff-5f31-478b-9f50-516fa2bceffc,8/20/2024 21:34,agoebl,8/20/2024 21:34,agoebl,5392,NA,5,ARFR4-SOS-CO932-294-11,#ABDDA4,-105.2030833,39.78458333,15 - 20 Deg. F. / 3 - 6,,15 - 20 Deg. F.,6-Mar,15 - 20 Deg. F. / 3 - 6,15 - 20 / semi-humid,CO.4,#698b69,"semi-humid, warm",#ABDDA4,H,NA,NA
ARFR-WY040-71-10,white,10,38,6,NA,2028,1,1,NA,N,NA,NA,NA,NA,NA,NA,NA,NA,NA,NA,1384,0cabfe83-b649-49ea-b545-619964ed71e4,NA,0,NA,Plant visible,8/20/2024 18:00,0d758fff-5f31-478b-9f50-516fa2bceffc,8/20/2024 21:34,agoebl,8/20/2024 21:34,agoebl,5393,NA,6,ARFR4-SOS-WY040-71-10,#66C2A5,-109.2433156,41.13271889,5 - 10 Deg. F. / 3 - 6,,5 - 10 Deg. F.,6-Mar,5 - 10 Deg. F. / 3 - 6,5 - 10 / semi-humid,WY.1,#a5c2f1,"semi-humid, cold",#66C2A5,I,NA,NA
ARFR-CO932-316-JEFFERSON-12,white,10,38,7,NA,2029,1,1,57.472,N,NA,NA,NA,NA,57.472,0,0,0,Missing? Zeros for inf added since didn't flwr,Y,1385,1091ac8f-a863-4cee-94f1-b9ffb03d5d37,NA,NA,NA,H,8/20/2024 18:00,0d758fff-5f31-478b-9f50-516fa2bceffc,8/20/2024 21:34,agoebl,8/20/2024 21:34,agoebl,5394,NA,7,ARFR4-SOS-CO932-316-JEFFERSON-12,#FFFF85,-105.358,39.66325,15 - 20 Deg. F. / 3 - 6,,15 - 20 Deg. F.,6-Mar,15 - 20 Deg. F. / 3 - 6,15 - 20 / semi-humid,CO.3,#698b69,"semi-humid, warm",#FFFF85,F,NA,NA
ARFR-NM930N-66-11,white,10,38,8,NA,2030,1,1,NA,N,NA,NA,NA,NA,NA,NA,NA,NA,NA,NA,1386,5b185374-0abb-4d03-9431-1e3745ad7fe5,NA,1,NA,Dry,8/20/2024 18:00,0d758fff-5f31-478b-9f50-516fa2bceffc,8/20/2024 21:34,agoebl,8/20/2024 21:34,agoebl,5395,NA,8,ARFR4-SOS-NM930N-66-11,#F46D43,-107.2045028,36.76818611,10 - 15 Deg. F. / 3 - 6,,10 - 15 Deg. F.,6-Mar,10 - 15 Deg. F. / 3 - 6,10 - 15 / semi-humid,NM.1,#66e566,"semi-humid, cool",#F46D43,C,NA,NA
ARFR-AZ930-423-NAVAJO-18,white,10,38,9,NA,2031,0,0,NA,N,NA,NA,NA,NA,NA,NA,NA,NA,NA,NA,1387,64277870-d231-44d7-bf9e-096374d43aa6,NA,0,NA,NA,8/20/2024 18:00,0d758fff-5f31-478b-9f50-516fa2bceffc,8/20/2024 21:34,agoebl,8/20/2024 21:34,agoebl,5396,NA,9,ARFR4-SOS-AZ930-423-NAVAJO-18,#9E0142,-110.431,36.45877,15 - 20 Deg. F. / 6 - 12,SdZones downloaded 20230823,15 - 20 Deg. F.,12-Jun,15 - 20 Deg. F. / 6 - 12,15 - 20 / semi-arid,AZ.1,#ee5c42,"semi-arid, warm",#9E0142,A,NA,NA
ARFR-WY930-44-LASANIMAS-13,white,10,38,10,359,2032,1,1,NA,N,NA,NA,NA,NA,NA,NA,NA,NA,NA,NA,1388,12869379-8c5d-432b-aa6f-bf6124968788,NA,1,NA,NA,8/20/2024 18:00,0d758fff-5f31-478b-9f50-516fa2bceffc,8/20/2024 21:34,agoebl,8/20/2024 21:34,agoebl,5397,NA,10,ARFR4-SOS-WY930-44-LASANIMAS-13,#FDAE61,-104.6423889,37.16547222,15 - 20 Deg. F. / 3 - 6,,15 - 20 Deg. F.,6-Mar,15 - 20 Deg. F. / 3 - 6,15 - 20 / semi-humid,CO.1,#698b69,"semi-humid, warm",#FDAE61,D,NA,NA
ARFR-NM930N-66-11,white,10,38,11,NA,2033,1,1,NA,N,NA,NA,NA,NA,NA,NA,NA,NA,NA,NA,1389,6ecd0ed3-9fe0-4b63-ad3c-9aea230c65f5,NA,1,NA,NA,8/20/2024 18:00,0d758fff-5f31-478b-9f50-516fa2bceffc,8/20/2024 21:34,agoebl,8/20/2024 21:34,agoebl,5398,NA,11,ARFR4-SOS-NM930N-66-11,#F46D43,-107.2045028,36.76818611,10 - 15 Deg. F. / 3 - 6,,10 - 15 Deg. F.,6-Mar,10 - 15 Deg. F. / 3 - 6,10 - 15 / semi-humid,NM.1,#66e566,"semi-humid, cool",#F46D43,C,NA,NA
ARFR-CO932-316-JEFFERSON-12,white,10,38,12,NA,2034,1,1,NA,N,NA,NA,NA,NA,NA,NA,NA,NA,NA,NA,1390,c93492b5-492b-4a6b-87b2-81b172175698,NA,1,NA,NA,8/20/2024 18:00,0d758fff-5f31-478b-9f50-516fa2bceffc,8/20/2024 21:34,agoebl,8/20/2024 21:34,agoebl,5399,NA,12,ARFR4-SOS-CO932-316-JEFFERSON-12,#FFFF85,-105.358,39.66325,15 - 20 Deg. F. / 3 - 6,,15 - 20 Deg. F.,6-Mar,15 - 20 Deg. F. / 3 - 6,15 - 20 / semi-humid,CO.3,#698b69,"semi-humid, warm",#FFFF85,F,NA,NA
ARFR-UT080-109-UINTAH-12,white,10,38,13,NA,2035,1,1,NA,N,NA,NA,NA,NA,NA,NA,NA,NA,NA,NA,1391,976ebfb5-7d00-4ecc-b50f-45ecce939a6f,NA,1,NA,NA,8/20/2024 18:00,0d758fff-5f31-478b-9f50-516fa2bceffc,8/20/2024 21:34,agoebl,8/20/2024 21:34,agoebl,5400,NA,13,ARFR4-SOS-UT080-109-UINTAH-12,#aabe7f,-109.1426444,39.70802222,10 - 15 Deg. F. / 3 - 6,,10 - 15 Deg. F.,6-Mar,10 - 15 Deg. F. / 3 - 6,10 - 15 / semi-humid,UT.1,#66e566,"semi-humid, cool",#aabe7f,G,NA,NA
ARFR-CO932-314-JEFFERSON-12,white,10,38,14,NA,2036,1,1,NA,N,NA,NA,NA,NA,NA,NA,NA,NA,NA,NA,1392,5f330624-86e6-4888-89b0-a70eea1ad9e2,NA,1,NA,NA,8/20/2024 18:00,0d758fff-5f31-478b-9f50-516fa2bceffc,8/20/2024 21:34,agoebl,8/20/2024 21:34,agoebl,5401,NA,14,ARFR4-SOS-CO932-314-JEFFERSON-12,#FEE08B,-105.3553333,39.40902778,10 - 15 Deg. F. / 3 - 6,,10 - 15 Deg. F.,6-Mar,10 - 15 Deg. F. / 3 - 6,10 - 15 / semi-humid,CO.2,#66e566,"semi-humid, cool",#FEE08B,E,NA,NA
ARFR-UT080-109-UINTAH-12,white,10,38,15,360,2037,1,1,NA,N,NA,NA,NA,NA,NA,NA,NA,NA,NA,NA,1393,016104e2-a398-4ffd-8653-49f1177d33f1,NA,1,NA,Near dead,8/20/2024 18:00,0d758fff-5f31-478b-9f50-516fa2bceffc,8/20/2024 21:34,agoebl,8/20/2024 21:34,agoebl,5402,NA,15,ARFR4-SOS-UT080-109-UINTAH-12,#aabe7f,-109.1426444,39.70802222,10 - 15 Deg. F. / 3 - 6,,10 - 15 Deg. F.,6-Mar,10 - 15 Deg. F. / 3 - 6,10 - 15 / semi-humid,UT.1,#66e566,"semi-humid, cool",#aabe7f,G,NA,NA
ARFR-CO932-294-11,white,10,38,16,NA,2038,1,1,NA,N,NA,NA,NA,NA,NA,NA,NA,NA,NA,NA,1394,2fe30dc9-4af4-4bca-884e-5eee11835a9d,NA,1,NA,NA,8/20/2024 18:00,0d758fff-5f31-478b-9f50-516fa2bceffc,8/20/2024 21:34,agoebl,8/20/2024 21:34,agoebl,5403,NA,16,ARFR4-SOS-CO932-294-11,#ABDDA4,-105.2030833,39.78458333,15 - 20 Deg. F. / 3 - 6,,15 - 20 Deg. F.,6-Mar,15 - 20 Deg. F. / 3 - 6,15 - 20 / semi-humid,CO.4,#698b69,"semi-humid, warm",#ABDDA4,H,NA,NA
ARFR-CO932-316-JEFFERSON-12,white,10,38,17,NA,2039,1,1,NA,N,NA,NA,NA,NA,NA,NA,NA,NA,NA,NA,1395,4c9b161b-a33e-4b21-9a18-fc09c538e788,NA,1,NA,Die back ,8/20/2024 18:00,0d758fff-5f31-478b-9f50-516fa2bceffc,8/20/2024 21:34,agoebl,8/20/2024 21:34,agoebl,5404,NA,17,ARFR4-SOS-CO932-316-JEFFERSON-12,#FFFF85,-105.358,39.66325,15 - 20 Deg. F. / 3 - 6,,15 - 20 Deg. F.,6-Mar,15 - 20 Deg. F. / 3 - 6,15 - 20 / semi-humid,CO.3,#698b69,"semi-humid, warm",#FFFF85,F,NA,NA
ARFR-AZ930-423-NAVAJO-18,white,10,38,18,NA,2040,1,1,NA,N,NA,NA,NA,NA,NA,NA,NA,NA,NA,NA,1396,5cc40476-1eb2-485f-aea2-7f03b18b5e13,NA,1,NA,NA,8/20/2024 18:00,0d758fff-5f31-478b-9f50-516fa2bceffc,8/20/2024 21:34,agoebl,8/20/2024 21:34,agoebl,5405,NA,18,ARFR4-SOS-AZ930-423-NAVAJO-18,#9E0142,-110.431,36.45877,15 - 20 Deg. F. / 6 - 12,SdZones downloaded 20230823,15 - 20 Deg. F.,12-Jun,15 - 20 Deg. F. / 6 - 12,15 - 20 / semi-arid,AZ.1,#ee5c42,"semi-arid, warm",#9E0142,A,NA,NA
ARFR-AZ930-423-NAVAJO-18,white,10,38,19,NA,2041,1,1,NA,N,NA,NA,NA,NA,NA,NA,NA,NA,NA,NA,1397,548aa303-96d1-49d8-88eb-0b287ca21734,NA,1,NA,Near dead,8/20/2024 18:00,0d758fff-5f31-478b-9f50-516fa2bceffc,8/20/2024 21:34,agoebl,8/20/2024 21:34,agoebl,5406,NA,19,ARFR4-SOS-AZ930-423-NAVAJO-18,#9E0142,-110.431,36.45877,15 - 20 Deg. F. / 6 - 12,SdZones downloaded 20230823,15 - 20 Deg. F.,12-Jun,15 - 20 Deg. F. / 6 - 12,15 - 20 / semi-arid,AZ.1,#ee5c42,"semi-arid, warm",#9E0142,A,NA,NA
ARFR-AZ930-422-NAVAJO-18,white,10,38,20,361,2042,1,1,NA,N,NA,NA,NA,NA,NA,NA,NA,NA,NA,NA,1398,2bae9009-f3f0-40a0-863c-2d8fc4c1ac0c,NA,1,NA,NA,8/20/2024 18:00,0d758fff-5f31-478b-9f50-516fa2bceffc,8/20/2024 21:34,agoebl,8/20/2024 21:34,agoebl,5407,NA,20,ARFR4-SOS-AZ930-422-NAVAJO-18,#D53E4F,-110.431,36.56805,15 - 20 Deg. F. / 6 - 12,Lats corrected 20230127,15 - 20 Deg. F.,12-Jun,15 - 20 Deg. F. / 6 - 12,15 - 20 / semi-arid,AZ.2,#ee5c42,"semi-arid, warm",#D53E4F,B,NA,NA
ARFR-AZ930-422-NAVAJO-18,white,10,38,21,NA,2043,1,1,NA,N,NA,NA,NA,NA,NA,NA,NA,NA,NA,NA,1399,180f42e6-28e4-4325-adb6-12523eb112a1,NA,1,NA,NA,8/20/2024 18:00,0d758fff-5f31-478b-9f50-516fa2bceffc,8/20/2024 21:34,agoebl,8/20/2024 21:34,agoebl,5408,NA,21,ARFR4-SOS-AZ930-422-NAVAJO-18,#D53E4F,-110.431,36.56805,15 - 20 Deg. F. / 6 - 12,Lats corrected 20230127,15 - 20 Deg. F.,12-Jun,15 - 20 Deg. F. / 6 - 12,15 - 20 / semi-arid,AZ.2,#ee5c42,"semi-arid, warm",#D53E4F,B,NA,NA
ARFR-UT080-109-UINTAH-12,white,10,38,22,NA,2044,1,1,NA,N,NA,NA,NA,NA,NA,NA,NA,NA,NA,NA,1400,cc876a43-c0c8-4b13-8327-585ddaeeb861,NA,1,NA,NA,8/20/2024 18:00,0d758fff-5f31-478b-9f50-516fa2bceffc,8/20/2024 21:34,agoebl,8/20/2024 21:34,agoebl,5409,NA,22,ARFR4-SOS-UT080-109-UINTAH-12,#aabe7f,-109.1426444,39.70802222,10 - 15 Deg. F. / 3 - 6,,10 - 15 Deg. F.,6-Mar,10 - 15 Deg. F. / 3 - 6,10 - 15 / semi-humid,UT.1,#66e566,"semi-humid, cool",#aabe7f,G,NA,NA
ARFR-WY930-44-LASANIMAS-13,white,10,38,23,NA,2045,1,1,NA,N,NA,NA,NA,NA,NA,NA,NA,NA,NA,NA,1401,8226145e-ff58-40d0-a8ff-c3d45a18ec1f,NA,1,NA,NA,8/20/2024 18:00,0d758fff-5f31-478b-9f50-516fa2bceffc,8/20/2024 21:34,agoebl,8/20/2024 21:34,agoebl,5410,NA,23,ARFR4-SOS-WY930-44-LASANIMAS-13,#FDAE61,-104.6423889,37.16547222,15 - 20 Deg. F. / 3 - 6,,15 - 20 Deg. F.,6-Mar,15 - 20 Deg. F. / 3 - 6,15 - 20 / semi-humid,CO.1,#698b69,"semi-humid, warm",#FDAE61,D,NA,NA
ARFR-WY040-71-10,white,10,38,24,NA,2046,1,1,NA,N,NA,NA,NA,NA,NA,NA,NA,NA,NA,NA,1402,438ec6b2-3890-46f2-8858-47f7c0d8c6d1,NA,0,NA,NA,8/20/2024 18:00,0d758fff-5f31-478b-9f50-516fa2bceffc,8/20/2024 21:34,agoebl,8/20/2024 21:34,agoebl,5411,NA,24,ARFR4-SOS-WY040-71-10,#66C2A5,-109.2433156,41.13271889,5 - 10 Deg. F. / 3 - 6,,5 - 10 Deg. F.,6-Mar,5 - 10 Deg. F. / 3 - 6,5 - 10 / semi-humid,WY.1,#a5c2f1,"semi-humid, cold",#66C2A5,I,NA,NA
ARFR-CO932-316-JEFFERSON-12,white,10,38,25,362,2047,1,1,NA,N,NA,NA,NA,NA,NA,NA,NA,NA,NA,NA,1403,d720a82f-856f-46c4-a064-ff1fab8eb6c4,NA,1,NA,NA,8/20/2024 18:00,0d758fff-5f31-478b-9f50-516fa2bceffc,8/20/2024 21:34,agoebl,8/20/2024 21:34,agoebl,5412,NA,25,ARFR4-SOS-CO932-316-JEFFERSON-12,#FFFF85,-105.358,39.66325,15 - 20 Deg. F. / 3 - 6,,15 - 20 Deg. F.,6-Mar,15 - 20 Deg. F. / 3 - 6,15 - 20 / semi-humid,CO.3,#698b69,"semi-humid, warm",#FFFF85,F,NA,NA
ARFR-WY050-49-FREMONT-12,white,10,38,26,NA,2048,1,1,NA,Y,0.0024,1.049,43.70833333,NA,NA,NA,NA,NA,NA,NA,1404,6266655c-9c44-489b-ab26-0b15fe6ab34b,NA,1,NA,Near dead,8/20/2024 18:00,0d758fff-5f31-478b-9f50-516fa2bceffc,8/20/2024 21:34,agoebl,8/20/2024 21:34,agoebl,5413,NA,26,ARFR4-SOS-WY050-49-FREMONT-12,#5E4FA2,-109.34775,43.42663611,5 - 10 Deg. F. / 6 - 12,,5 - 10 Deg. F.,12-Jun,5 - 10 Deg. F. / 6 - 12,5 - 10 / semi-arid,WY.3,#ffb90f,"semi-arid, cold",#5E4FA2,K,NA,NA
ARFR-UT080-109-UINTAH-12,white,10,38,27,NA,2049,1,1,NA,N,NA,NA,NA,NA,NA,NA,NA,NA,NA,NA,1405,28a1e9ef-d544-4cd3-815d-8c3c1e446c20,NA,1,NA,NA,8/20/2024 18:00,0d758fff-5f31-478b-9f50-516fa2bceffc,8/20/2024 21:34,agoebl,8/20/2024 21:34,agoebl,5414,NA,27,ARFR4-SOS-UT080-109-UINTAH-12,#aabe7f,-109.1426444,39.70802222,10 - 15 Deg. F. / 3 - 6,,10 - 15 Deg. F.,6-Mar,10 - 15 Deg. F. / 3 - 6,10 - 15 / semi-humid,UT.1,#66e566,"semi-humid, cool",#aabe7f,G,NA,NA
ARFR-WY050-151-FREMONT-16,white,10,38,28,NA,2050,1,1,NA,N,NA,NA,NA,NA,NA,NA,NA,NA,NA,NA,1406,c8d74cbd-11d9-4aeb-9901-8f5af3c40d50,NA,1,NA,Near dead,8/20/2024 18:00,0d758fff-5f31-478b-9f50-516fa2bceffc,8/20/2024 21:34,agoebl,8/20/2024 21:34,agoebl,5415,NA,28,ARFR4-SOS-WY050-151-FREMONT-16,#3288BD,-108.1704472,42.47886111,10 - 15 Deg. F. / 6 - 12,,10 - 15 Deg. F.,12-Jun,10 - 15 Deg. F. / 6 - 12,10 - 15 / semi-arid,WY.2,#cd8500,"semi-arid, cool",#3288BD,J,NA,NA
ARFR-AZ930-423-NAVAJO-18,white,10,38,29,NA,2051,1,1,NA,N,NA,NA,NA,NA,NA,NA,NA,NA,NA,NA,1407,04776d81-6a79-42ff-bfd6-9a42f72aea44,NA,1,NA,NA,8/20/2024 18:00,0d758fff-5f31-478b-9f50-516fa2bceffc,8/20/2024 21:34,agoebl,8/20/2024 21:34,agoebl,5416,NA,29,ARFR4-SOS-AZ930-423-NAVAJO-18,#9E0142,-110.431,36.45877,15 - 20 Deg. F. / 6 - 12,SdZones downloaded 20230823,15 - 20 Deg. F.,12-Jun,15 - 20 Deg. F. / 6 - 12,15 - 20 / semi-arid,AZ.1,#ee5c42,"semi-arid, warm",#9E0142,A,NA,NA
ARFR-WY040-71-10,white,10,38,30,363,2052,1,1,NA,N,NA,NA,NA,NA,NA,NA,NA,NA,NA,NA,1408,2dbe382b-ba55-4ba6-83ce-482cdbfab66e,NA,1,NA,Small,8/20/2024 18:00,0d758fff-5f31-478b-9f50-516fa2bceffc,8/20/2024 21:34,agoebl,8/20/2024 21:34,agoebl,5417,NA,30,ARFR4-SOS-WY040-71-10,#66C2A5,-109.2433156,41.13271889,5 - 10 Deg. F. / 3 - 6,,5 - 10 Deg. F.,6-Mar,5 - 10 Deg. F. / 3 - 6,5 - 10 / semi-humid,WY.1,#a5c2f1,"semi-humid, cold",#66C2A5,I,NA,NA
ARFR-WY040-71-10,white,10,38,31,NA,2053,1,1,NA,N,NA,NA,NA,NA,NA,NA,NA,NA,NA,NA,1409,f0e2151b-60cf-475a-93a9-bf3478b538f4,NA,1,NA,Near dead,8/20/2024 18:00,0d758fff-5f31-478b-9f50-516fa2bceffc,8/20/2024 21:34,agoebl,8/20/2024 21:34,agoebl,5418,NA,31,ARFR4-SOS-WY040-71-10,#66C2A5,-109.2433156,41.13271889,5 - 10 Deg. F. / 3 - 6,,5 - 10 Deg. F.,6-Mar,5 - 10 Deg. F. / 3 - 6,5 - 10 / semi-humid,WY.1,#a5c2f1,"semi-humid, cold",#66C2A5,I,NA,NA
ARFR-WY050-151-FREMONT-16,white,10,38,32,NA,2054,1,1,NA,N,NA,NA,NA,NA,NA,NA,NA,NA,NA,NA,1410,362d7423-39a6-4a11-894b-1b7e87b80e9b,NA,1,NA,NA,8/20/2024 18:00,0d758fff-5f31-478b-9f50-516fa2bceffc,8/20/2024 21:34,agoebl,8/20/2024 21:34,agoebl,5419,NA,32,ARFR4-SOS-WY050-151-FREMONT-16,#3288BD,-108.1704472,42.47886111,10 - 15 Deg. F. / 6 - 12,,10 - 15 Deg. F.,12-Jun,10 - 15 Deg. F. / 6 - 12,10 - 15 / semi-arid,WY.2,#cd8500,"semi-arid, cool",#3288BD,J,NA,NA
ARFR-AZ930-423-NAVAJO-18,white,10,38,33,NA,2055,0,NA,NA,N,NA,NA,NA,NA,NA,NA,NA,NA,NA,NA,1411,fc5db5a4-e127-4f11-b056-09fd78d74781,NA,0,NA,NA,8/20/2024 18:00,0d758fff-5f31-478b-9f50-516fa2bceffc,8/20/2024 21:34,agoebl,8/20/2024 21:34,agoebl,5420,NA,33,ARFR4-SOS-AZ930-423-NAVAJO-18,#9E0142,-110.431,36.45877,15 - 20 Deg. F. / 6 - 12,SdZones downloaded 20230823,15 - 20 Deg. F.,12-Jun,15 - 20 Deg. F. / 6 - 12,15 - 20 / semi-arid,AZ.1,#ee5c42,"semi-arid, warm",#9E0142,A,Y,NA
ARFR-WY040-71-10,white,10,38,34,NA,2056,1,1,NA,N,NA,NA,NA,NA,NA,NA,NA,NA,NA,NA,1412,5e483ddd-12d6-41f8-b29a-a981b610f019,NA,0,NA,NA,8/20/2024 18:00,0d758fff-5f31-478b-9f50-516fa2bceffc,8/20/2024 21:34,agoebl,8/20/2024 21:34,agoebl,5421,NA,34,ARFR4-SOS-WY040-71-10,#66C2A5,-109.2433156,41.13271889,5 - 10 Deg. F. / 3 - 6,,5 - 10 Deg. F.,6-Mar,5 - 10 Deg. F. / 3 - 6,5 - 10 / semi-humid,WY.1,#a5c2f1,"semi-humid, cold",#66C2A5,I,NA,NA
ARFR-CO932-316-JEFFERSON-12,white,10,38,35,364,2057,1,1,NA,N,NA,NA,NA,NA,NA,NA,NA,NA,NA,NA,1413,03462917-9af3-493e-a98c-61d2345c729a,NA,1,NA,NA,8/20/2024 18:00,0d758fff-5f31-478b-9f50-516fa2bceffc,8/20/2024 21:34,agoebl,8/20/2024 21:34,agoebl,5422,NA,35,ARFR4-SOS-CO932-316-JEFFERSON-12,#FFFF85,-105.358,39.66325,15 - 20 Deg. F. / 3 - 6,,15 - 20 Deg. F.,6-Mar,15 - 20 Deg. F. / 3 - 6,15 - 20 / semi-humid,CO.3,#698b69,"semi-humid, warm",#FFFF85,F,NA,NA
ARFR-WY040-71-10,white,10,38,36,NA,2058,1,1,NA,Y,0.0039,0.321,8.230769231,NA,NA,NA,NA,NA,NA,NA,1414,2270a0af-d5ef-4ca5-af2f-c1cc13bde803,NA,1,NA,Near dead,8/20/2024 18:00,0d758fff-5f31-478b-9f50-516fa2bceffc,8/20/2024 21:34,agoebl,8/20/2024 21:34,agoebl,5423,NA,36,ARFR4-SOS-WY040-71-10,#66C2A5,-109.2433156,41.13271889,5 - 10 Deg. F. / 3 - 6,,5 - 10 Deg. F.,6-Mar,5 - 10 Deg. F. / 3 - 6,5 - 10 / semi-humid,WY.1,#a5c2f1,"semi-humid, cold",#66C2A5,I,NA,NA
ARFR-WY050-151-FREMONT-16,white,10,38,37,NA,2059,1,1,NA,N,NA,NA,NA,NA,NA,NA,NA,NA,NA,NA,1415,4fea9aaf-44e7-480c-b269-7f622be7f23b,NA,1,NA,Die back ,8/20/2024 18:00,0d758fff-5f31-478b-9f50-516fa2bceffc,8/20/2024 21:34,agoebl,8/20/2024 21:34,agoebl,5424,NA,37,ARFR4-SOS-WY050-151-FREMONT-16,#3288BD,-108.1704472,42.47886111,10 - 15 Deg. F. / 6 - 12,,10 - 15 Deg. F.,12-Jun,10 - 15 Deg. F. / 6 - 12,10 - 15 / semi-arid,WY.2,#cd8500,"semi-arid, cool",#3288BD,J,NA,NA
ARFR-UT080-109-UINTAH-12,white,10,38,38,NA,2060,1,1,NA,N,NA,NA,NA,NA,NA,NA,NA,NA,NA,NA,1416,b453bc3a-c6a8-409f-b906-6aa54c5c6dd2,NA,1,NA,NA,8/20/2024 18:00,0d758fff-5f31-478b-9f50-516fa2bceffc,8/20/2024 21:34,agoebl,8/20/2024 21:34,agoebl,5425,NA,38,ARFR4-SOS-UT080-109-UINTAH-12,#aabe7f,-109.1426444,39.70802222,10 - 15 Deg. F. / 3 - 6,,10 - 15 Deg. F.,6-Mar,10 - 15 Deg. F. / 3 - 6,10 - 15 / semi-humid,UT.1,#66e566,"semi-humid, cool",#aabe7f,G,NA,NA
ARFR-NM930N-66-11,white,10,38,39,NA,2061,1,1,NA,N,NA,NA,NA,NA,NA,NA,NA,NA,NA,NA,1417,da9e0559-5a63-4577-8589-b9e41782d974,NA,1,NA,NA,8/20/2024 18:00,0d758fff-5f31-478b-9f50-516fa2bceffc,8/20/2024 21:34,agoebl,8/20/2024 21:34,agoebl,5426,NA,39,ARFR4-SOS-NM930N-66-11,#F46D43,-107.2045028,36.76818611,10 - 15 Deg. F. / 3 - 6,,10 - 15 Deg. F.,6-Mar,10 - 15 Deg. F. / 3 - 6,10 - 15 / semi-humid,NM.1,#66e566,"semi-humid, cool",#F46D43,C,NA,NA
ARFR-WY040-71-10,white,10,38,40,365,2062,1,1,NA,N,NA,NA,NA,NA,NA,NA,NA,NA,NA,NA,1418,e15f73b5-9475-4ace-a13a-71f95e4bfd82,NA,0,NA,Plant visible,8/20/2024 18:00,0d758fff-5f31-478b-9f50-516fa2bceffc,8/20/2024 21:34,agoebl,8/20/2024 21:34,agoebl,5427,NA,40,ARFR4-SOS-WY040-71-10,#66C2A5,-109.2433156,41.13271889,5 - 10 Deg. F. / 3 - 6,,5 - 10 Deg. F.,6-Mar,5 - 10 Deg. F. / 3 - 6,5 - 10 / semi-humid,WY.1,#a5c2f1,"semi-humid, cold",#66C2A5,I,NA,NA
ARFR-CO932-316-JEFFERSON-12,white,10,38,41,NA,2063,1,1,NA,N,NA,NA,NA,NA,NA,NA,NA,NA,NA,NA,1419,19da71d6-69b3-4805-907f-cd717214a364,NA,1,NA,NA,8/20/2024 18:00,0d758fff-5f31-478b-9f50-516fa2bceffc,8/20/2024 21:34,agoebl,8/20/2024 21:34,agoebl,5428,NA,41,ARFR4-SOS-CO932-316-JEFFERSON-12,#FFFF85,-105.358,39.66325,15 - 20 Deg. F. / 3 - 6,,15 - 20 Deg. F.,6-Mar,15 - 20 Deg. F. / 3 - 6,15 - 20 / semi-humid,CO.3,#698b69,"semi-humid, warm",#FFFF85,F,NA,NA
ARFR-WY050-49-FREMONT-12,white,10,38,42,NA,2064,1,1,NA,N,NA,NA,NA,NA,NA,NA,NA,NA,NA,NA,1420,42812b94-b490-4750-96e1-741d40efcdbf,NA,1,NA,NA,8/20/2024 18:00,0d758fff-5f31-478b-9f50-516fa2bceffc,8/20/2024 21:34,agoebl,8/20/2024 21:34,agoebl,5429,NA,42,ARFR4-SOS-WY050-49-FREMONT-12,#5E4FA2,-109.34775,43.42663611,5 - 10 Deg. F. / 6 - 12,,5 - 10 Deg. F.,12-Jun,5 - 10 Deg. F. / 6 - 12,5 - 10 / semi-arid,WY.3,#ffb90f,"semi-arid, cold",#5E4FA2,K,NA,NA
ARFR-CO932-294-11,white,10,38,43,NA,2065,1,1,NA,N,NA,NA,NA,NA,NA,NA,NA,NA,NA,NA,1421,6555a4a3-66fe-4a83-a956-9b83e3651284,NA,1,NA,NA,8/20/2024 18:00,0d758fff-5f31-478b-9f50-516fa2bceffc,8/20/2024 21:34,agoebl,8/20/2024 21:34,agoebl,5430,NA,43,ARFR4-SOS-CO932-294-11,#ABDDA4,-105.2030833,39.78458333,15 - 20 Deg. F. / 3 - 6,,15 - 20 Deg. F.,6-Mar,15 - 20 Deg. F. / 3 - 6,15 - 20 / semi-humid,CO.4,#698b69,"semi-humid, warm",#ABDDA4,H,NA,NA
ARFR-WY050-49-FREMONT-12,white,10,38,44,NA,2066,1,1,NA,N,NA,NA,NA,NA,NA,NA,NA,NA,NA,NA,1422,0d680de6-1f54-41bc-bdee-757f11d5b549,NA,1,NA,NA,8/20/2024 18:00,0d758fff-5f31-478b-9f50-516fa2bceffc,8/20/2024 21:34,agoebl,8/20/2024 21:34,agoebl,5431,NA,44,ARFR4-SOS-WY050-49-FREMONT-12,#5E4FA2,-109.34775,43.42663611,5 - 10 Deg. F. / 6 - 12,,5 - 10 Deg. F.,12-Jun,5 - 10 Deg. F. / 6 - 12,5 - 10 / semi-arid,WY.3,#ffb90f,"semi-arid, cold",#5E4FA2,K,NA,NA
ARFR-WY050-151-FREMONT-16,white,10,38,45,366,2067,1,1,NA,N,NA,NA,NA,NA,NA,NA,NA,NA,NA,NA,1423,ac4fa0fb-314b-48c4-9576-d6873352d4a9,NA,1,NA,NA,8/20/2024 18:00,0d758fff-5f31-478b-9f50-516fa2bceffc,8/20/2024 21:34,agoebl,8/20/2024 21:34,agoebl,5432,NA,45,ARFR4-SOS-WY050-151-FREMONT-16,#3288BD,-108.1704472,42.47886111,10 - 15 Deg. F. / 6 - 12,,10 - 15 Deg. F.,12-Jun,10 - 15 Deg. F. / 6 - 12,10 - 15 / semi-arid,WY.2,#cd8500,"semi-arid, cool",#3288BD,J,NA,NA
ARFR-AZ930-423-NAVAJO-18,white,10,38,46,NA,2068,1,1,NA,N,NA,NA,NA,NA,NA,NA,NA,NA,NA,NA,1424,53a37ac7-1e4e-4721-801e-b038ceae29fd,NA,1,NA,NA,8/20/2024 18:00,0d758fff-5f31-478b-9f50-516fa2bceffc,8/20/2024 21:34,agoebl,8/20/2024 21:34,agoebl,5433,NA,46,ARFR4-SOS-AZ930-423-NAVAJO-18,#9E0142,-110.431,36.45877,15 - 20 Deg. F. / 6 - 12,SdZones downloaded 20230823,15 - 20 Deg. F.,12-Jun,15 - 20 Deg. F. / 6 - 12,15 - 20 / semi-arid,AZ.1,#ee5c42,"semi-arid, warm",#9E0142,A,NA,NA
ARFR-WY930-44-LASANIMAS-13,white,10,38,47,NA,2069,1,1,NA,N,NA,NA,NA,NA,NA,NA,NA,NA,NA,NA,1425,19ea57aa-832f-4767-8220-89326ecc4c79,NA,1,NA,NA,8/20/2024 18:00,0d758fff-5f31-478b-9f50-516fa2bceffc,8/20/2024 21:34,agoebl,8/20/2024 21:34,agoebl,5434,NA,47,ARFR4-SOS-WY930-44-LASANIMAS-13,#FDAE61,-104.6423889,37.16547222,15 - 20 Deg. F. / 3 - 6,,15 - 20 Deg. F.,6-Mar,15 - 20 Deg. F. / 3 - 6,15 - 20 / semi-humid,CO.1,#698b69,"semi-humid, warm",#FDAE61,D,NA,NA
ARFR-WY040-71-10,white,10,38,48,NA,2070,1,1,NA,Y,NA,NA,NA,no leaf collected,NA,NA,NA,NA,NA,NA,1426,788376a1-1673-44cc-bd33-2d0e8d2f5098,NA,0,NA,NA,8/20/2024 18:00,0d758fff-5f31-478b-9f50-516fa2bceffc,8/20/2024 21:34,agoebl,8/20/2024 21:34,agoebl,5435,NA,48,ARFR4-SOS-WY040-71-10,#66C2A5,-109.2433156,41.13271889,5 - 10 Deg. F. / 3 - 6,,5 - 10 Deg. F.,6-Mar,5 - 10 Deg. F. / 3 - 6,5 - 10 / semi-humid,WY.1,#a5c2f1,"semi-humid, cold",#66C2A5,I,NA,NA
ARFR-AZ930-422-NAVAJO-18,white,10,38,49,NA,2071,1,1,NA,N,NA,NA,NA,NA,NA,NA,NA,NA,NA,NA,1427,1b2ec19b-2d85-45ef-af79-e3f92c801d53,NA,1,NA,NA,8/20/2024 18:00,0d758fff-5f31-478b-9f50-516fa2bceffc,8/20/2024 21:34,agoebl,8/20/2024 21:34,agoebl,5436,NA,49,ARFR4-SOS-AZ930-422-NAVAJO-18,#D53E4F,-110.431,36.56805,15 - 20 Deg. F. / 6 - 12,Lats corrected 20230127,15 - 20 Deg. F.,12-Jun,15 - 20 Deg. F. / 6 - 12,15 - 20 / semi-arid,AZ.2,#ee5c42,"semi-arid, warm",#D53E4F,B,NA,NA
ARFR-WY050-151-FREMONT-16,white,10,38,50,367,2072,1,1,NA,N,NA,NA,NA,NA,NA,NA,NA,NA,NA,NA,1428,ede89fc3-b2c6-4754-ae28-da4b821e9fc3,NA,0,NA,NA,8/20/2024 18:00,0d758fff-5f31-478b-9f50-516fa2bceffc,8/20/2024 21:34,agoebl,8/20/2024 21:34,agoebl,5437,NA,50,ARFR4-SOS-WY050-151-FREMONT-16,#3288BD,-108.1704472,42.47886111,10 - 15 Deg. F. / 6 - 12,,10 - 15 Deg. F.,12-Jun,10 - 15 Deg. F. / 6 - 12,10 - 15 / semi-arid,WY.2,#cd8500,"semi-arid, cool",#3288BD,J,NA,NA
ARFR-WY050-151-FREMONT-16,white,10,38,51,NA,2073,1,1,NA,N,NA,NA,NA,NA,NA,NA,NA,NA,NA,NA,1429,d0feb09b-72c7-45a2-9e22-851261aabe45,NA,1,NA,Near dead,8/20/2024 18:00,0d758fff-5f31-478b-9f50-516fa2bceffc,8/20/2024 21:34,agoebl,8/20/2024 21:34,agoebl,5438,NA,51,ARFR4-SOS-WY050-151-FREMONT-16,#3288BD,-108.1704472,42.47886111,10 - 15 Deg. F. / 6 - 12,,10 - 15 Deg. F.,12-Jun,10 - 15 Deg. F. / 6 - 12,10 - 15 / semi-arid,WY.2,#cd8500,"semi-arid, cool",#3288BD,J,NA,NA
ARFR-WY050-151-FREMONT-16,white,10,38,52,NA,2074,1,1,NA,N,NA,NA,NA,NA,NA,NA,NA,NA,NA,NA,1430,65926de8-3ca7-4a78-b3d4-22563ad4b0a5,NA,0,NA,NA,8/20/2024 18:00,0d758fff-5f31-478b-9f50-516fa2bceffc,8/20/2024 21:34,agoebl,8/20/2024 21:34,agoebl,5439,NA,52,ARFR4-SOS-WY050-151-FREMONT-16,#3288BD,-108.1704472,42.47886111,10 - 15 Deg. F. / 6 - 12,,10 - 15 Deg. F.,12-Jun,10 - 15 Deg. F. / 6 - 12,10 - 15 / semi-arid,WY.2,#cd8500,"semi-arid, cool",#3288BD,J,NA,NA
ARFR-AZ930-423-NAVAJO-18,white,10,38,53,NA,2075,1,1,NA,N,NA,NA,NA,NA,NA,NA,NA,NA,NA,NA,1431,a52a2df9-336b-465c-806f-7041bdb8c0cb,NA,1,NA,NA,8/20/2024 18:00,0d758fff-5f31-478b-9f50-516fa2bceffc,8/20/2024 21:34,agoebl,8/20/2024 21:34,agoebl,5440,NA,53,ARFR4-SOS-AZ930-423-NAVAJO-18,#9E0142,-110.431,36.45877,15 - 20 Deg. F. / 6 - 12,SdZones downloaded 20230823,15 - 20 Deg. F.,12-Jun,15 - 20 Deg. F. / 6 - 12,15 - 20 / semi-arid,AZ.1,#ee5c42,"semi-arid, warm",#9E0142,A,NA,NA
ARFR-NM930N-66-11,white,10,38,54,NA,2076,0,0,NA,N,NA,NA,NA,NA,NA,NA,NA,NA,NA,NA,1432,a4f22e54-c686-4b8b-afbb-bfbd0ceda3b5,NA,0,NA,NA,8/20/2024 18:00,0d758fff-5f31-478b-9f50-516fa2bceffc,8/20/2024 21:34,agoebl,8/20/2024 21:34,agoebl,5441,NA,54,ARFR4-SOS-NM930N-66-11,#F46D43,-107.2045028,36.76818611,10 - 15 Deg. F. / 3 - 6,,10 - 15 Deg. F.,6-Mar,10 - 15 Deg. F. / 3 - 6,10 - 15 / semi-humid,NM.1,#66e566,"semi-humid, cool",#F46D43,C,NA,NA
ARFR-CO932-314-JEFFERSON-12,white,10,38,55,368,2077,1,1,NA,N,NA,NA,NA,NA,NA,NA,NA,NA,NA,NA,1433,140712d9-eeec-4699-b901-b7741037bb4e,NA,1,NA,Dry,8/20/2024 18:00,0d758fff-5f31-478b-9f50-516fa2bceffc,8/20/2024 21:34,agoebl,8/20/2024 21:34,agoebl,5442,NA,55,ARFR4-SOS-CO932-314-JEFFERSON-12,#FEE08B,-105.3553333,39.40902778,10 - 15 Deg. F. / 3 - 6,,10 - 15 Deg. F.,6-Mar,10 - 15 Deg. F. / 3 - 6,10 - 15 / semi-humid,CO.2,#66e566,"semi-humid, cool",#FEE08B,E,NA,NA
ARFR-NM930N-66-11,white,10,39,1,369,2078,1,1,NA,N,NA,NA,NA,NA,NA,NA,NA,NA,NA,NA,1434,a74d0d17-b68f-4f5b-8a9b-a78692a428f3,NA,1,NA,Dry,8/20/2024 18:00,c544d55d-29be-4422-b932-c6b3e6f8c828,8/20/2024 21:34,agoebl,8/20/2024 21:34,agoebl,5443,NA,1,ARFR4-SOS-NM930N-66-11,#F46D43,-107.2045028,36.76818611,10 - 15 Deg. F. / 3 - 6,,10 - 15 Deg. F.,6-Mar,10 - 15 Deg. F. / 3 - 6,10 - 15 / semi-humid,NM.1,#66e566,"semi-humid, cool",#F46D43,C,NA,NA
ARFR-AZ930-423-NAVAJO-18,white,10,39,2,NA,2079,1,1,NA,N,NA,NA,NA,NA,NA,NA,NA,NA,NA,NA,1435,995a92b2-7169-4785-87e0-da33c534d326,NA,1,NA,NA,8/20/2024 18:00,c544d55d-29be-4422-b932-c6b3e6f8c828,8/20/2024 21:34,agoebl,8/20/2024 21:34,agoebl,5444,NA,2,ARFR4-SOS-AZ930-423-NAVAJO-18,#9E0142,-110.431,36.45877,15 - 20 Deg. F. / 6 - 12,SdZones downloaded 20230823,15 - 20 Deg. F.,12-Jun,15 - 20 Deg. F. / 6 - 12,15 - 20 / semi-arid,AZ.1,#ee5c42,"semi-arid, warm",#9E0142,A,NA,NA
ARFR-WY930-44-LASANIMAS-13,white,10,39,3,NA,2080,1,1,NA,N,NA,NA,NA,NA,NA,NA,NA,NA,NA,NA,1436,39197a96-ee36-4f88-a779-707f15a0d1ca,NA,1,NA,NA,8/20/2024 18:00,c544d55d-29be-4422-b932-c6b3e6f8c828,8/20/2024 21:34,agoebl,8/20/2024 21:34,agoebl,5445,NA,3,ARFR4-SOS-WY930-44-LASANIMAS-13,#FDAE61,-104.6423889,37.16547222,15 - 20 Deg. F. / 3 - 6,,15 - 20 Deg. F.,6-Mar,15 - 20 Deg. F. / 3 - 6,15 - 20 / semi-humid,CO.1,#698b69,"semi-humid, warm",#FDAE61,D,NA,NA
ARFR-CO932-314-JEFFERSON-12,white,10,39,4,NA,2081,1,1,NA,N,NA,NA,NA,NA,NA,NA,NA,NA,NA,NA,1437,d80cf223-7ad5-4664-b0fb-55d46fd3a58d,NA,1,NA,NA,8/20/2024 18:00,c544d55d-29be-4422-b932-c6b3e6f8c828,8/20/2024 21:34,agoebl,8/20/2024 21:34,agoebl,5446,NA,4,ARFR4-SOS-CO932-314-JEFFERSON-12,#FEE08B,-105.3553333,39.40902778,10 - 15 Deg. F. / 3 - 6,,10 - 15 Deg. F.,6-Mar,10 - 15 Deg. F. / 3 - 6,10 - 15 / semi-humid,CO.2,#66e566,"semi-humid, cool",#FEE08B,E,NA,NA
ARFR-AZ930-422-NAVAJO-18,white,10,39,5,370,2082,1,1,NA,N,NA,NA,NA,NA,NA,NA,NA,NA,NA,NA,1438,901be429-3940-4d16-88a6-000e99436a6f,NA,1,NA,NA,8/20/2024 18:00,c544d55d-29be-4422-b932-c6b3e6f8c828,8/20/2024 21:34,agoebl,8/20/2024 21:34,agoebl,5447,NA,5,ARFR4-SOS-AZ930-422-NAVAJO-18,#D53E4F,-110.431,36.56805,15 - 20 Deg. F. / 6 - 12,Lats corrected 20230127,15 - 20 Deg. F.,12-Jun,15 - 20 Deg. F. / 6 - 12,15 - 20 / semi-arid,AZ.2,#ee5c42,"semi-arid, warm",#D53E4F,B,NA,NA
ARFR-CO932-314-JEFFERSON-12,white,10,39,6,NA,2083,1,1,NA,N,NA,NA,NA,NA,NA,NA,NA,NA,NA,NA,1439,bd5e1ce9-a3f8-4d40-9941-11dc681ab1c3,NA,1,NA,NA,8/20/2024 18:00,c544d55d-29be-4422-b932-c6b3e6f8c828,8/20/2024 21:34,agoebl,8/20/2024 21:34,agoebl,5448,NA,6,ARFR4-SOS-CO932-314-JEFFERSON-12,#FEE08B,-105.3553333,39.40902778,10 - 15 Deg. F. / 3 - 6,,10 - 15 Deg. F.,6-Mar,10 - 15 Deg. F. / 3 - 6,10 - 15 / semi-humid,CO.2,#66e566,"semi-humid, cool",#FEE08B,E,NA,NA
ARFR-CO932-314-JEFFERSON-12,white,10,39,7,NA,2084,1,1,NA,N,NA,NA,NA,NA,NA,NA,NA,NA,NA,NA,1440,7598f74e-ad57-4a1b-9481-546ce53ee805,NA,1,NA,NA,8/20/2024 18:00,c544d55d-29be-4422-b932-c6b3e6f8c828,8/20/2024 21:34,agoebl,8/20/2024 21:34,agoebl,5449,NA,7,ARFR4-SOS-CO932-314-JEFFERSON-12,#FEE08B,-105.3553333,39.40902778,10 - 15 Deg. F. / 3 - 6,,10 - 15 Deg. F.,6-Mar,10 - 15 Deg. F. / 3 - 6,10 - 15 / semi-humid,CO.2,#66e566,"semi-humid, cool",#FEE08B,E,NA,NA
ARFR-WY930-44-LASANIMAS-13,white,10,39,8,NA,2085,1,1,100.342,N,NA,NA,NA,NA,100.342,34.76,19.98,2.49,NA,Y,1441,36bae202-69bb-4f0d-b02c-52f7d963d9b9,NA,NA,NA,H,8/20/2024 18:00,c544d55d-29be-4422-b932-c6b3e6f8c828,8/20/2024 21:34,agoebl,8/20/2024 21:34,agoebl,5450,NA,8,ARFR4-SOS-WY930-44-LASANIMAS-13,#FDAE61,-104.6423889,37.16547222,15 - 20 Deg. F. / 3 - 6,,15 - 20 Deg. F.,6-Mar,15 - 20 Deg. F. / 3 - 6,15 - 20 / semi-humid,CO.1,#698b69,"semi-humid, warm",#FDAE61,D,NA,NA
ARFR-WY050-151-FREMONT-16,white,10,39,9,NA,2086,1,1,NA,N,NA,NA,NA,NA,NA,NA,NA,NA,NA,NA,1442,88cf7d86-fa43-42b7-9c0c-d217d8bdf56d,NA,1,NA,NA,8/20/2024 18:00,c544d55d-29be-4422-b932-c6b3e6f8c828,8/20/2024 21:34,agoebl,8/20/2024 21:34,agoebl,5451,NA,9,ARFR4-SOS-WY050-151-FREMONT-16,#3288BD,-108.1704472,42.47886111,10 - 15 Deg. F. / 6 - 12,,10 - 15 Deg. F.,12-Jun,10 - 15 Deg. F. / 6 - 12,10 - 15 / semi-arid,WY.2,#cd8500,"semi-arid, cool",#3288BD,J,NA,NA
ARFR-CO932-294-11,white,10,39,10,371,2087,1,1,NA,N,NA,NA,NA,NA,NA,NA,NA,NA,NA,NA,1443,e560c8a3-fa91-4526-8d09-b5041b178946,NA,1,NA,Small,8/20/2024 18:00,c544d55d-29be-4422-b932-c6b3e6f8c828,8/20/2024 21:34,agoebl,8/20/2024 21:34,agoebl,5452,NA,10,ARFR4-SOS-CO932-294-11,#ABDDA4,-105.2030833,39.78458333,15 - 20 Deg. F. / 3 - 6,,15 - 20 Deg. F.,6-Mar,15 - 20 Deg. F. / 3 - 6,15 - 20 / semi-humid,CO.4,#698b69,"semi-humid, warm",#ABDDA4,H,NA,NA
ARFR-NM930N-66-11,white,10,39,11,NA,2088,1,1,NA,N,NA,NA,NA,NA,NA,NA,NA,NA,NA,NA,1444,96427045-be85-4026-a8b5-2af1b4eef918,NA,1,NA,NA,8/20/2024 18:00,c544d55d-29be-4422-b932-c6b3e6f8c828,8/20/2024 21:34,agoebl,8/20/2024 21:34,agoebl,5453,NA,11,ARFR4-SOS-NM930N-66-11,#F46D43,-107.2045028,36.76818611,10 - 15 Deg. F. / 3 - 6,,10 - 15 Deg. F.,6-Mar,10 - 15 Deg. F. / 3 - 6,10 - 15 / semi-humid,NM.1,#66e566,"semi-humid, cool",#F46D43,C,NA,NA
ARFR-UT080-109-UINTAH-12,white,10,39,12,NA,2089,1,1,NA,N,NA,NA,NA,NA,NA,NA,NA,NA,NA,NA,1445,6dd05af2-d682-4660-9e9f-740ba4f181e6,NA,1,NA,NA,8/20/2024 18:00,c544d55d-29be-4422-b932-c6b3e6f8c828,8/20/2024 21:34,agoebl,8/20/2024 21:34,agoebl,5454,NA,12,ARFR4-SOS-UT080-109-UINTAH-12,#aabe7f,-109.1426444,39.70802222,10 - 15 Deg. F. / 3 - 6,,10 - 15 Deg. F.,6-Mar,10 - 15 Deg. F. / 3 - 6,10 - 15 / semi-humid,UT.1,#66e566,"semi-humid, cool",#aabe7f,G,NA,NA
ARFR-AZ930-422-NAVAJO-18,white,10,39,13,NA,2090,0,0,NA,N,NA,NA,NA,NA,NA,NA,NA,NA,NA,NA,1446,e2f34046-176f-442f-bb55-54a90f668048,NA,0,NA,NA,8/20/2024 18:00,c544d55d-29be-4422-b932-c6b3e6f8c828,8/20/2024 21:34,agoebl,8/20/2024 21:34,agoebl,5455,NA,13,ARFR4-SOS-AZ930-422-NAVAJO-18,#D53E4F,-110.431,36.56805,15 - 20 Deg. F. / 6 - 12,Lats corrected 20230127,15 - 20 Deg. F.,12-Jun,15 - 20 Deg. F. / 6 - 12,15 - 20 / semi-arid,AZ.2,#ee5c42,"semi-arid, warm",#D53E4F,B,NA,NA
ARFR-AZ930-422-NAVAJO-18,white,10,39,14,NA,2091,1,1,NA,N,NA,NA,NA,NA,NA,NA,NA,NA,NA,NA,1447,6045f2ca-fbc3-4a85-8188-e6cd7938e94c,NA,1,NA,NA,8/20/2024 18:00,c544d55d-29be-4422-b932-c6b3e6f8c828,8/20/2024 21:34,agoebl,8/20/2024 21:34,agoebl,5456,NA,14,ARFR4-SOS-AZ930-422-NAVAJO-18,#D53E4F,-110.431,36.56805,15 - 20 Deg. F. / 6 - 12,Lats corrected 20230127,15 - 20 Deg. F.,12-Jun,15 - 20 Deg. F. / 6 - 12,15 - 20 / semi-arid,AZ.2,#ee5c42,"semi-arid, warm",#D53E4F,B,NA,NA
ARFR-WY050-49-FREMONT-12,white,10,39,15,372,2092,1,1,NA,N,NA,NA,NA,NA,NA,NA,NA,NA,NA,NA,1448,293377fc-d57b-4dd4-96ca-c51935beb5e4,NA,1,NA,NA,8/20/2024 18:00,c544d55d-29be-4422-b932-c6b3e6f8c828,8/20/2024 21:34,agoebl,8/20/2024 21:34,agoebl,5457,NA,15,ARFR4-SOS-WY050-49-FREMONT-12,#5E4FA2,-109.34775,43.42663611,5 - 10 Deg. F. / 6 - 12,,5 - 10 Deg. F.,12-Jun,5 - 10 Deg. F. / 6 - 12,5 - 10 / semi-arid,WY.3,#ffb90f,"semi-arid, cold",#5E4FA2,K,NA,NA
ARFR-AZ930-422-NAVAJO-18,white,10,39,16,NA,2093,1,1,NA,N,NA,NA,NA,NA,NA,NA,NA,NA,NA,NA,1449,e87fa75a-80fa-43cc-91b7-38ba1477ed4f,NA,1,NA,NA,8/20/2024 18:00,c544d55d-29be-4422-b932-c6b3e6f8c828,8/20/2024 21:34,agoebl,8/20/2024 21:34,agoebl,5458,NA,16,ARFR4-SOS-AZ930-422-NAVAJO-18,#D53E4F,-110.431,36.56805,15 - 20 Deg. F. / 6 - 12,Lats corrected 20230127,15 - 20 Deg. F.,12-Jun,15 - 20 Deg. F. / 6 - 12,15 - 20 / semi-arid,AZ.2,#ee5c42,"semi-arid, warm",#D53E4F,B,NA,NA
ARFR-WY050-151-FREMONT-16,white,10,39,17,NA,2094,1,1,NA,N,NA,NA,NA,NA,NA,NA,NA,NA,NA,NA,1450,7c9dc217-7dc1-4738-91cb-f3abe5cc7601,NA,1,NA,NA,8/20/2024 18:00,c544d55d-29be-4422-b932-c6b3e6f8c828,8/20/2024 21:34,agoebl,8/20/2024 21:34,agoebl,5459,NA,17,ARFR4-SOS-WY050-151-FREMONT-16,#3288BD,-108.1704472,42.47886111,10 - 15 Deg. F. / 6 - 12,,10 - 15 Deg. F.,12-Jun,10 - 15 Deg. F. / 6 - 12,10 - 15 / semi-arid,WY.2,#cd8500,"semi-arid, cool",#3288BD,J,NA,NA
ARFR-WY050-49-FREMONT-12,white,10,39,18,NA,2095,1,1,NA,N,NA,NA,NA,NA,NA,NA,NA,NA,NA,NA,1451,1f8a4dab-a5b1-4b77-9af1-d2ed642c244d,NA,1,NA,Near dead,8/20/2024 18:00,c544d55d-29be-4422-b932-c6b3e6f8c828,8/20/2024 21:34,agoebl,8/20/2024 21:34,agoebl,5460,NA,18,ARFR4-SOS-WY050-49-FREMONT-12,#5E4FA2,-109.34775,43.42663611,5 - 10 Deg. F. / 6 - 12,,5 - 10 Deg. F.,12-Jun,5 - 10 Deg. F. / 6 - 12,5 - 10 / semi-arid,WY.3,#ffb90f,"semi-arid, cold",#5E4FA2,K,NA,NA
ARFR-AZ930-423-NAVAJO-18,white,10,39,19,NA,2096,1,1,NA,N,NA,NA,NA,NA,NA,NA,NA,NA,NA,NA,1452,9cd14c13-784d-46bc-bd3b-14bcaa778098,NA,1,NA,NA,8/20/2024 18:00,c544d55d-29be-4422-b932-c6b3e6f8c828,8/20/2024 21:34,agoebl,8/20/2024 21:34,agoebl,5461,NA,19,ARFR4-SOS-AZ930-423-NAVAJO-18,#9E0142,-110.431,36.45877,15 - 20 Deg. F. / 6 - 12,SdZones downloaded 20230823,15 - 20 Deg. F.,12-Jun,15 - 20 Deg. F. / 6 - 12,15 - 20 / semi-arid,AZ.1,#ee5c42,"semi-arid, warm",#9E0142,A,NA,NA
ARFR-CO932-294-11,white,10,39,20,373,2097,1,1,NA,N,NA,NA,NA,NA,NA,NA,NA,NA,NA,NA,1453,9fd7cc57-4f9f-4f6d-a8fe-62b7c8c72db7,NA,1,NA,NA,8/20/2024 18:00,c544d55d-29be-4422-b932-c6b3e6f8c828,8/20/2024 21:34,agoebl,8/20/2024 21:34,agoebl,5462,NA,20,ARFR4-SOS-CO932-294-11,#ABDDA4,-105.2030833,39.78458333,15 - 20 Deg. F. / 3 - 6,,15 - 20 Deg. F.,6-Mar,15 - 20 Deg. F. / 3 - 6,15 - 20 / semi-humid,CO.4,#698b69,"semi-humid, warm",#ABDDA4,H,NA,NA
ARFR-WY050-49-FREMONT-12,white,10,39,21,NA,2098,1,1,NA,N,NA,NA,NA,NA,NA,NA,NA,NA,NA,NA,1454,c14b06f3-f0e2-49fe-b50c-1c0008806bda,NA,1,NA,NA,8/20/2024 18:00,c544d55d-29be-4422-b932-c6b3e6f8c828,8/20/2024 21:34,agoebl,8/20/2024 21:34,agoebl,5463,NA,21,ARFR4-SOS-WY050-49-FREMONT-12,#5E4FA2,-109.34775,43.42663611,5 - 10 Deg. F. / 6 - 12,,5 - 10 Deg. F.,12-Jun,5 - 10 Deg. F. / 6 - 12,5 - 10 / semi-arid,WY.3,#ffb90f,"semi-arid, cold",#5E4FA2,K,NA,NA
ARFR-WY050-49-FREMONT-12,white,10,39,22,NA,2099,1,1,NA,N,NA,NA,NA,NA,NA,NA,NA,NA,NA,NA,1455,8b682be7-1dfd-42d0-aa54-d379ed9fff78,NA,1,NA,NA,8/20/2024 18:00,c544d55d-29be-4422-b932-c6b3e6f8c828,8/20/2024 21:34,agoebl,8/20/2024 21:34,agoebl,5464,NA,22,ARFR4-SOS-WY050-49-FREMONT-12,#5E4FA2,-109.34775,43.42663611,5 - 10 Deg. F. / 6 - 12,,5 - 10 Deg. F.,12-Jun,5 - 10 Deg. F. / 6 - 12,5 - 10 / semi-arid,WY.3,#ffb90f,"semi-arid, cold",#5E4FA2,K,NA,NA
ARFR-NM930N-66-11,white,10,39,23,NA,2100,1,1,NA,N,NA,NA,NA,NA,NA,NA,NA,NA,NA,NA,1456,12724edf-c20b-41be-b803-09b2f7cea38f,NA,1,NA,NA,8/20/2024 18:00,c544d55d-29be-4422-b932-c6b3e6f8c828,8/20/2024 21:34,agoebl,8/20/2024 21:34,agoebl,5465,NA,23,ARFR4-SOS-NM930N-66-11,#F46D43,-107.2045028,36.76818611,10 - 15 Deg. F. / 3 - 6,,10 - 15 Deg. F.,6-Mar,10 - 15 Deg. F. / 3 - 6,10 - 15 / semi-humid,NM.1,#66e566,"semi-humid, cool",#F46D43,C,NA,NA
ARFR-CO932-294-11,white,10,39,24,NA,2101,1,1,58.212,N,NA,NA,NA,NA,58.212,7.52,5.51,0.51,Chaff measured with Mettler Toledo,Y,1457,175477e6-08f6-4c64-83e6-ec8d4ee3f567,NA,NA,NA,H,8/20/2024 18:00,c544d55d-29be-4422-b932-c6b3e6f8c828,8/20/2024 21:34,agoebl,8/20/2024 21:34,agoebl,5466,NA,24,ARFR4-SOS-CO932-294-11,#ABDDA4,-105.2030833,39.78458333,15 - 20 Deg. F. / 3 - 6,,15 - 20 Deg. F.,6-Mar,15 - 20 Deg. F. / 3 - 6,15 - 20 / semi-humid,CO.4,#698b69,"semi-humid, warm",#ABDDA4,H,NA,NA
ARFR-WY050-49-FREMONT-12,white,10,39,25,374,2102,1,1,NA,N,NA,NA,NA,NA,NA,NA,NA,NA,NA,NA,1458,c7af3bf6-a7f2-416c-86b2-c5c064efd524,NA,1,NA,NA,8/20/2024 18:00,c544d55d-29be-4422-b932-c6b3e6f8c828,8/20/2024 21:34,agoebl,8/20/2024 21:34,agoebl,5467,NA,25,ARFR4-SOS-WY050-49-FREMONT-12,#5E4FA2,-109.34775,43.42663611,5 - 10 Deg. F. / 6 - 12,,5 - 10 Deg. F.,12-Jun,5 - 10 Deg. F. / 6 - 12,5 - 10 / semi-arid,WY.3,#ffb90f,"semi-arid, cold",#5E4FA2,K,NA,NA
ARFR-AZ930-423-NAVAJO-18,white,10,39,26,NA,2103,1,1,NA,N,NA,NA,NA,NA,NA,NA,NA,NA,NA,NA,1459,6c999555-39c0-46a7-a0b0-387ad891846d,NA,1,NA,NA,8/20/2024 18:00,c544d55d-29be-4422-b932-c6b3e6f8c828,8/20/2024 21:34,agoebl,8/20/2024 21:34,agoebl,5468,NA,26,ARFR4-SOS-AZ930-423-NAVAJO-18,#9E0142,-110.431,36.45877,15 - 20 Deg. F. / 6 - 12,SdZones downloaded 20230823,15 - 20 Deg. F.,12-Jun,15 - 20 Deg. F. / 6 - 12,15 - 20 / semi-arid,AZ.1,#ee5c42,"semi-arid, warm",#9E0142,A,NA,NA
ARFR-NM930N-66-11,white,10,39,27,NA,2104,1,1,NA,N,NA,NA,NA,NA,NA,NA,NA,NA,NA,NA,1460,c75ae729-76b0-47c5-8dd8-94d480dacee2,NA,1,NA,NA,8/20/2024 18:00,c544d55d-29be-4422-b932-c6b3e6f8c828,8/20/2024 21:34,agoebl,8/20/2024 21:34,agoebl,5469,NA,27,ARFR4-SOS-NM930N-66-11,#F46D43,-107.2045028,36.76818611,10 - 15 Deg. F. / 3 - 6,,10 - 15 Deg. F.,6-Mar,10 - 15 Deg. F. / 3 - 6,10 - 15 / semi-humid,NM.1,#66e566,"semi-humid, cool",#F46D43,C,NA,NA
ARFR-CO932-314-JEFFERSON-12,white,10,39,28,NA,2105,1,1,NA,N,NA,NA,NA,NA,NA,NA,NA,NA,NA,NA,1461,ef1380f3-460b-476b-addc-fcdc1dcd1c46,NA,1,NA,Near dead,8/20/2024 18:00,c544d55d-29be-4422-b932-c6b3e6f8c828,8/20/2024 21:34,agoebl,8/20/2024 21:34,agoebl,5470,NA,28,ARFR4-SOS-CO932-314-JEFFERSON-12,#FEE08B,-105.3553333,39.40902778,10 - 15 Deg. F. / 3 - 6,,10 - 15 Deg. F.,6-Mar,10 - 15 Deg. F. / 3 - 6,10 - 15 / semi-humid,CO.2,#66e566,"semi-humid, cool",#FEE08B,E,NA,NA
ARFR-WY930-44-LASANIMAS-13,white,10,39,29,NA,2106,1,1,NA,N,NA,NA,NA,NA,NA,NA,NA,NA,NA,NA,1462,921cfc09-dbea-4cbe-9349-a448cdce6ccd,NA,1,NA,NA,8/20/2024 18:00,c544d55d-29be-4422-b932-c6b3e6f8c828,8/20/2024 21:34,agoebl,8/20/2024 21:34,agoebl,5471,NA,29,ARFR4-SOS-WY930-44-LASANIMAS-13,#FDAE61,-104.6423889,37.16547222,15 - 20 Deg. F. / 3 - 6,,15 - 20 Deg. F.,6-Mar,15 - 20 Deg. F. / 3 - 6,15 - 20 / semi-humid,CO.1,#698b69,"semi-humid, warm",#FDAE61,D,NA,NA
ARFR-CO932-314-JEFFERSON-12,white,10,39,30,375,2107,1,1,NA,N,NA,NA,NA,NA,NA,NA,NA,NA,NA,NA,1463,34504c07-9756-49b7-b351-0deb1ab24964,NA,1,NA,Small,8/20/2024 18:00,c544d55d-29be-4422-b932-c6b3e6f8c828,8/20/2024 21:34,agoebl,8/20/2024 21:34,agoebl,5472,NA,30,ARFR4-SOS-CO932-314-JEFFERSON-12,#FEE08B,-105.3553333,39.40902778,10 - 15 Deg. F. / 3 - 6,,10 - 15 Deg. F.,6-Mar,10 - 15 Deg. F. / 3 - 6,10 - 15 / semi-humid,CO.2,#66e566,"semi-humid, cool",#FEE08B,E,NA,NA
ARFR-UT080-109-UINTAH-12,white,10,39,31,NA,2108,1,1,NA,N,NA,NA,NA,NA,NA,NA,NA,NA,NA,NA,1464,fe440e34-9126-4d5e-974d-448a5a3d1172,NA,1,NA,NA,8/20/2024 18:00,c544d55d-29be-4422-b932-c6b3e6f8c828,8/20/2024 21:34,agoebl,8/20/2024 21:34,agoebl,5473,NA,31,ARFR4-SOS-UT080-109-UINTAH-12,#aabe7f,-109.1426444,39.70802222,10 - 15 Deg. F. / 3 - 6,,10 - 15 Deg. F.,6-Mar,10 - 15 Deg. F. / 3 - 6,10 - 15 / semi-humid,UT.1,#66e566,"semi-humid, cool",#aabe7f,G,NA,NA
ARFR-CO932-314-JEFFERSON-12,white,10,39,32,NA,2109,1,1,NA,N,NA,NA,NA,NA,NA,NA,NA,NA,NA,NA,1465,58ee420c-2814-47b2-aac3-3098bf8aa2ae,NA,1,NA,Near dead,8/20/2024 18:00,c544d55d-29be-4422-b932-c6b3e6f8c828,8/20/2024 21:34,agoebl,8/20/2024 21:34,agoebl,5474,NA,32,ARFR4-SOS-CO932-314-JEFFERSON-12,#FEE08B,-105.3553333,39.40902778,10 - 15 Deg. F. / 3 - 6,,10 - 15 Deg. F.,6-Mar,10 - 15 Deg. F. / 3 - 6,10 - 15 / semi-humid,CO.2,#66e566,"semi-humid, cool",#FEE08B,E,NA,NA
ARFR-WY930-44-LASANIMAS-13,white,10,39,33,NA,2110,1,1,NA,N,NA,NA,NA,NA,NA,NA,NA,NA,NA,NA,1466,b99a3087-64c8-4403-a5cf-c618424487cd,NA,1,NA,NA,8/20/2024 18:00,c544d55d-29be-4422-b932-c6b3e6f8c828,8/20/2024 21:34,agoebl,8/20/2024 21:34,agoebl,5475,NA,33,ARFR4-SOS-WY930-44-LASANIMAS-13,#FDAE61,-104.6423889,37.16547222,15 - 20 Deg. F. / 3 - 6,,15 - 20 Deg. F.,6-Mar,15 - 20 Deg. F. / 3 - 6,15 - 20 / semi-humid,CO.1,#698b69,"semi-humid, warm",#FDAE61,D,NA,NA
ARFR-CO932-294-11,white,10,39,34,NA,2111,1,1,NA,N,NA,NA,NA,NA,NA,NA,NA,NA,NA,NA,1467,03bbda08-620f-4476-93d7-fe1e99ee33ec,NA,1,NA,NA,8/20/2024 18:00,c544d55d-29be-4422-b932-c6b3e6f8c828,8/20/2024 21:34,agoebl,8/20/2024 21:34,agoebl,5476,NA,34,ARFR4-SOS-CO932-294-11,#ABDDA4,-105.2030833,39.78458333,15 - 20 Deg. F. / 3 - 6,,15 - 20 Deg. F.,6-Mar,15 - 20 Deg. F. / 3 - 6,15 - 20 / semi-humid,CO.4,#698b69,"semi-humid, warm",#ABDDA4,H,NA,NA
ARFR-AZ930-423-NAVAJO-18,white,10,39,35,376,2112,1,NA,NA,N,NA,NA,NA,NA,NA,NA,NA,NA,NA,NA,1468,a9089aec-2fad-4910-acbf-3588637324b0,NA,0,NA,Plant visible ,8/20/2024 18:00,c544d55d-29be-4422-b932-c6b3e6f8c828,8/20/2024 21:34,agoebl,8/20/2024 21:34,agoebl,5477,NA,35,ARFR4-SOS-AZ930-423-NAVAJO-18,#9E0142,-110.431,36.45877,15 - 20 Deg. F. / 6 - 12,SdZones downloaded 20230823,15 - 20 Deg. F.,12-Jun,15 - 20 Deg. F. / 6 - 12,15 - 20 / semi-arid,AZ.1,#ee5c42,"semi-arid, warm",#9E0142,A,NA,NA
ARFR-UT080-109-UINTAH-12,white,10,39,36,NA,2113,1,1,NA,Y,0.0085,0.54,6.352941176,NA,NA,NA,NA,NA,NA,NA,1469,95c2871e-a79d-4fa1-9058-ce0706f9fa2f,NA,1,NA,NA,8/20/2024 18:00,c544d55d-29be-4422-b932-c6b3e6f8c828,8/20/2024 21:34,agoebl,8/20/2024 21:34,agoebl,5478,NA,36,ARFR4-SOS-UT080-109-UINTAH-12,#aabe7f,-109.1426444,39.70802222,10 - 15 Deg. F. / 3 - 6,,10 - 15 Deg. F.,6-Mar,10 - 15 Deg. F. / 3 - 6,10 - 15 / semi-humid,UT.1,#66e566,"semi-humid, cool",#aabe7f,G,NA,NA
ARFR-AZ930-423-NAVAJO-18,white,10,39,37,NA,2114,1,1,NA,N,NA,NA,NA,NA,NA,NA,NA,NA,NA,NA,1470,83e8b98f-f7b8-42b8-bf71-5ea77c122d7f,NA,1,NA,NA,8/20/2024 18:00,c544d55d-29be-4422-b932-c6b3e6f8c828,8/20/2024 21:34,agoebl,8/20/2024 21:34,agoebl,5479,NA,37,ARFR4-SOS-AZ930-423-NAVAJO-18,#9E0142,-110.431,36.45877,15 - 20 Deg. F. / 6 - 12,SdZones downloaded 20230823,15 - 20 Deg. F.,12-Jun,15 - 20 Deg. F. / 6 - 12,15 - 20 / semi-arid,AZ.1,#ee5c42,"semi-arid, warm",#9E0142,A,NA,NA
ARFR-CO932-316-JEFFERSON-12,white,10,39,38,NA,2115,1,1,NA,N,NA,NA,NA,NA,NA,NA,NA,NA,NA,NA,1471,1b84513b-b37a-457a-9f6f-9fd1c06a8256,NA,1,NA,NA,8/20/2024 18:00,c544d55d-29be-4422-b932-c6b3e6f8c828,8/20/2024 21:34,agoebl,8/20/2024 21:34,agoebl,5480,NA,38,ARFR4-SOS-CO932-316-JEFFERSON-12,#FFFF85,-105.358,39.66325,15 - 20 Deg. F. / 3 - 6,,15 - 20 Deg. F.,6-Mar,15 - 20 Deg. F. / 3 - 6,15 - 20 / semi-humid,CO.3,#698b69,"semi-humid, warm",#FFFF85,F,NA,NA
ARFR-CO932-314-JEFFERSON-12,white,10,39,39,NA,2116,1,1,NA,N,NA,NA,NA,NA,NA,NA,NA,NA,NA,NA,1472,d3b4c65e-2aab-40e4-88dd-d445351cfb44,NA,1,NA,Dry ,8/20/2024 18:00,c544d55d-29be-4422-b932-c6b3e6f8c828,8/20/2024 21:34,agoebl,8/20/2024 21:34,agoebl,5481,NA,39,ARFR4-SOS-CO932-314-JEFFERSON-12,#FEE08B,-105.3553333,39.40902778,10 - 15 Deg. F. / 3 - 6,,10 - 15 Deg. F.,6-Mar,10 - 15 Deg. F. / 3 - 6,10 - 15 / semi-humid,CO.2,#66e566,"semi-humid, cool",#FEE08B,E,NA,NA
ARFR-WY050-151-FREMONT-16,white,10,39,40,377,2117,1,1,40.542,N,NA,NA,NA,NA,40.542,NA,3.45,0.02,Small amount of separated out chaff,Y,1473,cacc14eb-10a8-4143-8fbd-601d1c21f342,NA,NA,NA,H,8/20/2024 18:00,c544d55d-29be-4422-b932-c6b3e6f8c828,8/20/2024 21:34,agoebl,8/20/2024 21:34,agoebl,5482,NA,40,ARFR4-SOS-WY050-151-FREMONT-16,#3288BD,-108.1704472,42.47886111,10 - 15 Deg. F. / 6 - 12,,10 - 15 Deg. F.,12-Jun,10 - 15 Deg. F. / 6 - 12,10 - 15 / semi-arid,WY.2,#cd8500,"semi-arid, cool",#3288BD,J,NA,NA
ARFR-WY050-151-FREMONT-16,white,10,39,41,NA,2118,1,1,NA,N,NA,NA,NA,NA,NA,NA,NA,NA,NA,NA,1474,4e855cac-3da1-4455-ac24-04b4df0d485d,NA,1,NA,NA,8/20/2024 18:00,c544d55d-29be-4422-b932-c6b3e6f8c828,8/20/2024 21:34,agoebl,8/20/2024 21:34,agoebl,5483,NA,41,ARFR4-SOS-WY050-151-FREMONT-16,#3288BD,-108.1704472,42.47886111,10 - 15 Deg. F. / 6 - 12,,10 - 15 Deg. F.,12-Jun,10 - 15 Deg. F. / 6 - 12,10 - 15 / semi-arid,WY.2,#cd8500,"semi-arid, cool",#3288BD,J,NA,NA
ARFR-WY050-151-FREMONT-16,white,10,39,42,NA,2119,1,1,NA,N,NA,NA,NA,NA,NA,NA,NA,NA,NA,NA,1475,6898a01c-b8ca-4446-9c41-cb86dc2b273e,NA,1,NA,Dry ,8/20/2024 18:00,c544d55d-29be-4422-b932-c6b3e6f8c828,8/20/2024 21:34,agoebl,8/20/2024 21:34,agoebl,5484,NA,42,ARFR4-SOS-WY050-151-FREMONT-16,#3288BD,-108.1704472,42.47886111,10 - 15 Deg. F. / 6 - 12,,10 - 15 Deg. F.,12-Jun,10 - 15 Deg. F. / 6 - 12,10 - 15 / semi-arid,WY.2,#cd8500,"semi-arid, cool",#3288BD,J,NA,NA
ARFR-WY050-151-FREMONT-16,white,10,39,43,NA,2120,1,1,NA,N,NA,NA,NA,NA,NA,NA,NA,NA,NA,NA,1476,00136efa-0147-497d-b9f5-3e560be2e9f5,NA,1,NA,NA,8/20/2024 18:00,c544d55d-29be-4422-b932-c6b3e6f8c828,8/20/2024 21:34,agoebl,8/20/2024 21:34,agoebl,5485,NA,43,ARFR4-SOS-WY050-151-FREMONT-16,#3288BD,-108.1704472,42.47886111,10 - 15 Deg. F. / 6 - 12,,10 - 15 Deg. F.,12-Jun,10 - 15 Deg. F. / 6 - 12,10 - 15 / semi-arid,WY.2,#cd8500,"semi-arid, cool",#3288BD,J,NA,NA
ARFR-WY930-44-LASANIMAS-13,white,10,39,44,NA,2121,1,1,NA,N,NA,NA,NA,NA,NA,NA,NA,NA,NA,NA,1477,71efd1f7-3ebb-4ce2-896d-b0a54c0c8360,NA,1,NA,NA,8/20/2024 18:00,c544d55d-29be-4422-b932-c6b3e6f8c828,8/20/2024 21:34,agoebl,8/20/2024 21:34,agoebl,5486,NA,44,ARFR4-SOS-WY930-44-LASANIMAS-13,#FDAE61,-104.6423889,37.16547222,15 - 20 Deg. F. / 3 - 6,,15 - 20 Deg. F.,6-Mar,15 - 20 Deg. F. / 3 - 6,15 - 20 / semi-humid,CO.1,#698b69,"semi-humid, warm",#FDAE61,D,NA,NA
ARFR-CO932-316-JEFFERSON-12,white,10,39,45,378,2122,1,1,NA,N,NA,NA,NA,NA,NA,NA,NA,NA,NA,NA,1478,66ee91bf-48c2-445e-ac10-dba11e6aed69,NA,1,NA,NA,8/20/2024 18:00,c544d55d-29be-4422-b932-c6b3e6f8c828,8/20/2024 21:34,agoebl,8/20/2024 21:34,agoebl,5487,NA,45,ARFR4-SOS-CO932-316-JEFFERSON-12,#FFFF85,-105.358,39.66325,15 - 20 Deg. F. / 3 - 6,,15 - 20 Deg. F.,6-Mar,15 - 20 Deg. F. / 3 - 6,15 - 20 / semi-humid,CO.3,#698b69,"semi-humid, warm",#FFFF85,F,NA,NA
ARFR-WY930-44-LASANIMAS-13,white,10,39,46,NA,2123,1,1,NA,N,NA,NA,NA,NA,NA,NA,NA,NA,NA,NA,1479,9fb55d4c-cc7a-499c-b740-07019dbb9e79,NA,1,NA,NA,8/20/2024 18:00,c544d55d-29be-4422-b932-c6b3e6f8c828,8/20/2024 21:34,agoebl,8/20/2024 21:34,agoebl,5488,NA,46,ARFR4-SOS-WY930-44-LASANIMAS-13,#FDAE61,-104.6423889,37.16547222,15 - 20 Deg. F. / 3 - 6,,15 - 20 Deg. F.,6-Mar,15 - 20 Deg. F. / 3 - 6,15 - 20 / semi-humid,CO.1,#698b69,"semi-humid, warm",#FDAE61,D,NA,NA
ARFR-CO932-294-11,white,10,39,47,NA,2124,1,1,NA,N,NA,NA,NA,NA,NA,NA,NA,NA,NA,NA,1480,089c7a5b-b0cc-44a4-beb8-7fbc01f141eb,NA,1,NA,NA,8/20/2024 18:00,c544d55d-29be-4422-b932-c6b3e6f8c828,8/20/2024 21:34,agoebl,8/20/2024 21:34,agoebl,5489,NA,47,ARFR4-SOS-CO932-294-11,#ABDDA4,-105.2030833,39.78458333,15 - 20 Deg. F. / 3 - 6,,15 - 20 Deg. F.,6-Mar,15 - 20 Deg. F. / 3 - 6,15 - 20 / semi-humid,CO.4,#698b69,"semi-humid, warm",#ABDDA4,H,NA,NA
ARFR-CO932-314-JEFFERSON-12,white,10,39,48,NA,2125,1,1,NA,N,NA,NA,NA,NA,NA,NA,NA,NA,NA,NA,1481,5da7468c-cb40-45f5-a50c-c0342d09d163,NA,1,NA,NA,8/20/2024 18:00,c544d55d-29be-4422-b932-c6b3e6f8c828,8/20/2024 21:34,agoebl,8/20/2024 21:34,agoebl,5490,NA,48,ARFR4-SOS-CO932-314-JEFFERSON-12,#FEE08B,-105.3553333,39.40902778,10 - 15 Deg. F. / 3 - 6,,10 - 15 Deg. F.,6-Mar,10 - 15 Deg. F. / 3 - 6,10 - 15 / semi-humid,CO.2,#66e566,"semi-humid, cool",#FEE08B,E,NA,NA
ARFR-NM930N-66-11,white,10,39,49,NA,2126,1,1,NA,N,NA,NA,NA,NA,NA,NA,NA,NA,NA,NA,1482,7964ef88-e42b-4218-ad31-e60563c06a81,NA,1,NA,NA,8/20/2024 18:00,c544d55d-29be-4422-b932-c6b3e6f8c828,8/20/2024 21:34,agoebl,8/20/2024 21:34,agoebl,5491,NA,49,ARFR4-SOS-NM930N-66-11,#F46D43,-107.2045028,36.76818611,10 - 15 Deg. F. / 3 - 6,,10 - 15 Deg. F.,6-Mar,10 - 15 Deg. F. / 3 - 6,10 - 15 / semi-humid,NM.1,#66e566,"semi-humid, cool",#F46D43,C,NA,NA
ARFR-WY040-71-10,white,10,39,50,379,2127,1,1,NA,N,NA,NA,NA,NA,NA,NA,NA,NA,NA,NA,1483,d25afa2f-1501-4319-8153-1c42e3990817,NA,0,NA,Plant visible ,8/20/2024 18:00,c544d55d-29be-4422-b932-c6b3e6f8c828,8/20/2024 21:34,agoebl,8/20/2024 21:34,agoebl,5492,NA,50,ARFR4-SOS-WY040-71-10,#66C2A5,-109.2433156,41.13271889,5 - 10 Deg. F. / 3 - 6,,5 - 10 Deg. F.,6-Mar,5 - 10 Deg. F. / 3 - 6,5 - 10 / semi-humid,WY.1,#a5c2f1,"semi-humid, cold",#66C2A5,I,NA,NA
ARFR-WY050-151-FREMONT-16,white,10,39,51,NA,2128,1,1,NA,N,NA,NA,NA,NA,NA,NA,NA,NA,NA,NA,1484,484856c9-ee76-42ec-8263-5f60a8078af6,NA,1,NA,NA,8/20/2024 18:00,c544d55d-29be-4422-b932-c6b3e6f8c828,8/20/2024 21:34,agoebl,8/20/2024 21:34,agoebl,5493,NA,51,ARFR4-SOS-WY050-151-FREMONT-16,#3288BD,-108.1704472,42.47886111,10 - 15 Deg. F. / 6 - 12,,10 - 15 Deg. F.,12-Jun,10 - 15 Deg. F. / 6 - 12,10 - 15 / semi-arid,WY.2,#cd8500,"semi-arid, cool",#3288BD,J,NA,NA
ARFR-WY050-49-FREMONT-12,white,10,39,52,NA,2129,0,0,NA,N,NA,NA,NA,NA,NA,NA,NA,NA,NA,NA,1485,1d520958-ef80-4de9-a3b3-00642c353ed0,NA,1,NA,"Die back, plant looks to be original",8/20/2024 18:00,c544d55d-29be-4422-b932-c6b3e6f8c828,8/20/2024 21:34,agoebl,8/20/2024 21:34,agoebl,5494,NA,52,ARFR4-SOS-WY050-49-FREMONT-12,#5E4FA2,-109.34775,43.42663611,5 - 10 Deg. F. / 6 - 12,,5 - 10 Deg. F.,12-Jun,5 - 10 Deg. F. / 6 - 12,5 - 10 / semi-arid,WY.3,#ffb90f,"semi-arid, cold",#5E4FA2,K,NA,NA
ARFR-WY050-49-FREMONT-12,white,10,39,53,NA,2130,1,1,NA,N,NA,NA,NA,NA,NA,NA,NA,NA,NA,NA,1486,5f69452c-d5d0-4adf-b3c6-a7ebb35a0dce,NA,1,NA,Die back,8/20/2024 18:00,c544d55d-29be-4422-b932-c6b3e6f8c828,8/20/2024 21:34,agoebl,8/20/2024 21:34,agoebl,5495,NA,53,ARFR4-SOS-WY050-49-FREMONT-12,#5E4FA2,-109.34775,43.42663611,5 - 10 Deg. F. / 6 - 12,,5 - 10 Deg. F.,12-Jun,5 - 10 Deg. F. / 6 - 12,5 - 10 / semi-arid,WY.3,#ffb90f,"semi-arid, cold",#5E4FA2,K,NA,NA
ARFR-CO932-294-11,white,10,39,54,NA,2131,1,1,NA,N,NA,NA,NA,NA,NA,NA,NA,NA,NA,NA,1487,c748faa1-69d6-41c2-8b7b-12089fbadb7b,NA,1,NA,NA,8/20/2024 18:00,c544d55d-29be-4422-b932-c6b3e6f8c828,8/20/2024 21:34,agoebl,8/20/2024 21:34,agoebl,5496,NA,54,ARFR4-SOS-CO932-294-11,#ABDDA4,-105.2030833,39.78458333,15 - 20 Deg. F. / 3 - 6,,15 - 20 Deg. F.,6-Mar,15 - 20 Deg. F. / 3 - 6,15 - 20 / semi-humid,CO.4,#698b69,"semi-humid, warm",#ABDDA4,H,NA,NA
ARFR-AZ930-423-NAVAJO-18,white,10,39,55,380,2132,1,1,NA,N,NA,NA,NA,NA,NA,NA,NA,NA,NA,NA,1488,5909e939-cdfb-4eff-a9ea-cfe5601ffe19,NA,1,NA,NA,8/20/2024 18:00,c544d55d-29be-4422-b932-c6b3e6f8c828,8/20/2024 21:34,agoebl,8/20/2024 21:34,agoebl,5497,NA,55,ARFR4-SOS-AZ930-423-NAVAJO-18,#9E0142,-110.431,36.45877,15 - 20 Deg. F. / 6 - 12,SdZones downloaded 20230823,15 - 20 Deg. F.,12-Jun,15 - 20 Deg. F. / 6 - 12,15 - 20 / semi-arid,AZ.1,#ee5c42,"semi-arid, warm",#9E0142,A,NA,NA
ARFR-WY040-71-10,white,10,40,1,369,2133,1,1,NA,N,NA,NA,NA,NA,NA,NA,NA,NA,NA,NA,1489,9763c26b-da12-43ba-9385-9ef190cfb181,NA,1,NA,NA,8/20/2024 18:00,9676f9c7-1e6d-4b20-be65-359e4f0980a8,8/20/2024 21:34,agoebl,8/20/2024 21:34,agoebl,5498,NA,1,ARFR4-SOS-WY040-71-10,#66C2A5,-109.2433156,41.13271889,5 - 10 Deg. F. / 3 - 6,,5 - 10 Deg. F.,6-Mar,5 - 10 Deg. F. / 3 - 6,5 - 10 / semi-humid,WY.1,#a5c2f1,"semi-humid, cold",#66C2A5,I,NA,NA
ARFR-NM930N-66-11,white,10,40,2,NA,2134,1,1,NA,N,NA,NA,NA,NA,NA,NA,NA,NA,NA,NA,1490,b58b5e3c-c49b-40f7-94ba-8dbd45678a94,NA,1,NA,NA,8/20/2024 18:00,9676f9c7-1e6d-4b20-be65-359e4f0980a8,8/20/2024 21:34,agoebl,8/20/2024 21:34,agoebl,5499,NA,2,ARFR4-SOS-NM930N-66-11,#F46D43,-107.2045028,36.76818611,10 - 15 Deg. F. / 3 - 6,,10 - 15 Deg. F.,6-Mar,10 - 15 Deg. F. / 3 - 6,10 - 15 / semi-humid,NM.1,#66e566,"semi-humid, cool",#F46D43,C,NA,NA
ARFR-UT080-109-UINTAH-12,white,10,40,3,NA,2135,1,1,NA,N,NA,NA,NA,NA,NA,NA,NA,NA,NA,NA,1491,bb5031b4-24be-4389-ba8c-c1484e98326b,NA,1,NA,Near dead,8/20/2024 18:00,9676f9c7-1e6d-4b20-be65-359e4f0980a8,8/20/2024 21:34,agoebl,8/20/2024 21:34,agoebl,5500,NA,3,ARFR4-SOS-UT080-109-UINTAH-12,#aabe7f,-109.1426444,39.70802222,10 - 15 Deg. F. / 3 - 6,,10 - 15 Deg. F.,6-Mar,10 - 15 Deg. F. / 3 - 6,10 - 15 / semi-humid,UT.1,#66e566,"semi-humid, cool",#aabe7f,G,NA,NA
ARFR-AZ930-422-NAVAJO-18,white,10,40,4,NA,2136,1,1,NA,N,NA,NA,NA,NA,NA,NA,NA,NA,NA,NA,1492,96bf5efd-bf3e-4af6-870e-d2e5efaf07db,NA,1,NA,NA,8/20/2024 18:00,9676f9c7-1e6d-4b20-be65-359e4f0980a8,8/20/2024 21:34,agoebl,8/20/2024 21:34,agoebl,5501,NA,4,ARFR4-SOS-AZ930-422-NAVAJO-18,#D53E4F,-110.431,36.56805,15 - 20 Deg. F. / 6 - 12,Lats corrected 20230127,15 - 20 Deg. F.,12-Jun,15 - 20 Deg. F. / 6 - 12,15 - 20 / semi-arid,AZ.2,#ee5c42,"semi-arid, warm",#D53E4F,B,NA,NA
ARFR-WY930-44-LASANIMAS-13,white,10,40,5,370,2137,1,1,NA,N,NA,NA,NA,NA,NA,NA,NA,NA,NA,NA,1493,35e7447c-46ea-4077-b83f-0b662d4f88b4,NA,1,NA,NA,8/20/2024 18:00,9676f9c7-1e6d-4b20-be65-359e4f0980a8,8/20/2024 21:34,agoebl,8/20/2024 21:34,agoebl,5502,NA,5,ARFR4-SOS-WY930-44-LASANIMAS-13,#FDAE61,-104.6423889,37.16547222,15 - 20 Deg. F. / 3 - 6,,15 - 20 Deg. F.,6-Mar,15 - 20 Deg. F. / 3 - 6,15 - 20 / semi-humid,CO.1,#698b69,"semi-humid, warm",#FDAE61,D,NA,NA
ARFR-WY050-151-FREMONT-16,white,10,40,6,NA,2138,1,1,NA,Y,0.0065,0.801,12.32307692,NA,NA,NA,NA,NA,NA,NA,1494,b8094e3b-696d-4a55-a071-816a89113986,NA,1,NA,Dry,8/20/2024 18:00,9676f9c7-1e6d-4b20-be65-359e4f0980a8,8/20/2024 21:34,agoebl,8/20/2024 21:34,agoebl,5503,NA,6,ARFR4-SOS-WY050-151-FREMONT-16,#3288BD,-108.1704472,42.47886111,10 - 15 Deg. F. / 6 - 12,,10 - 15 Deg. F.,12-Jun,10 - 15 Deg. F. / 6 - 12,10 - 15 / semi-arid,WY.2,#cd8500,"semi-arid, cool",#3288BD,J,NA,NA
ARFR-CO932-314-JEFFERSON-12,white,10,40,7,NA,2139,1,1,NA,N,NA,NA,NA,NA,NA,NA,NA,NA,NA,NA,1495,6441d257-9de9-4f04-967b-575b8ef07861,NA,1,NA,NA,8/20/2024 18:00,9676f9c7-1e6d-4b20-be65-359e4f0980a8,8/20/2024 21:34,agoebl,8/20/2024 21:34,agoebl,5504,NA,7,ARFR4-SOS-CO932-314-JEFFERSON-12,#FEE08B,-105.3553333,39.40902778,10 - 15 Deg. F. / 3 - 6,,10 - 15 Deg. F.,6-Mar,10 - 15 Deg. F. / 3 - 6,10 - 15 / semi-humid,CO.2,#66e566,"semi-humid, cool",#FEE08B,E,NA,NA
ARFR-AZ930-423-NAVAJO-18,white,10,40,8,NA,2140,1,1,NA,N,NA,NA,NA,NA,NA,NA,NA,NA,NA,NA,1496,bb76fb1d-fe6e-44b4-b50f-f84f2b8d8bba,NA,1,NA,NA,8/20/2024 18:00,9676f9c7-1e6d-4b20-be65-359e4f0980a8,8/20/2024 21:34,agoebl,8/20/2024 21:34,agoebl,5505,NA,8,ARFR4-SOS-AZ930-423-NAVAJO-18,#9E0142,-110.431,36.45877,15 - 20 Deg. F. / 6 - 12,SdZones downloaded 20230823,15 - 20 Deg. F.,12-Jun,15 - 20 Deg. F. / 6 - 12,15 - 20 / semi-arid,AZ.1,#ee5c42,"semi-arid, warm",#9E0142,A,NA,NA
ARFR-WY040-71-10,white,10,40,9,NA,2141,1,NA,9.94,N,NA,NA,NA,NA,9.94,0.39,0.11,NA,"Head/chaff combined, weighed with Mettler Toledo",Y,1497,0da2d221-db73-4735-89c6-9a0dad7f5741,NA,NA,NA,H,8/20/2024 18:00,9676f9c7-1e6d-4b20-be65-359e4f0980a8,8/20/2024 21:34,agoebl,8/20/2024 21:34,agoebl,5506,NA,9,ARFR4-SOS-WY040-71-10,#66C2A5,-109.2433156,41.13271889,5 - 10 Deg. F. / 3 - 6,,5 - 10 Deg. F.,6-Mar,5 - 10 Deg. F. / 3 - 6,5 - 10 / semi-humid,WY.1,#a5c2f1,"semi-humid, cold",#66C2A5,I,NA,Y
ARFR-CO932-294-11,white,10,40,10,371,2142,1,1,NA,N,NA,NA,NA,NA,NA,NA,NA,NA,NA,NA,1498,b0e3e1dc-0df5-4440-a02b-ee18b13adfff,NA,1,NA,NA,8/20/2024 18:00,9676f9c7-1e6d-4b20-be65-359e4f0980a8,8/20/2024 21:34,agoebl,8/20/2024 21:34,agoebl,5507,NA,10,ARFR4-SOS-CO932-294-11,#ABDDA4,-105.2030833,39.78458333,15 - 20 Deg. F. / 3 - 6,,15 - 20 Deg. F.,6-Mar,15 - 20 Deg. F. / 3 - 6,15 - 20 / semi-humid,CO.4,#698b69,"semi-humid, warm",#ABDDA4,H,NA,NA
ARFR-WY050-151-FREMONT-16,white,10,40,11,NA,2143,1,1,NA,N,NA,NA,NA,NA,NA,NA,NA,NA,NA,NA,1499,4b42d99f-9868-47c9-851a-9fd612a0551d,NA,1,NA,Dry,8/20/2024 18:00,9676f9c7-1e6d-4b20-be65-359e4f0980a8,8/20/2024 21:34,agoebl,8/20/2024 21:34,agoebl,5508,NA,11,ARFR4-SOS-WY050-151-FREMONT-16,#3288BD,-108.1704472,42.47886111,10 - 15 Deg. F. / 6 - 12,,10 - 15 Deg. F.,12-Jun,10 - 15 Deg. F. / 6 - 12,10 - 15 / semi-arid,WY.2,#cd8500,"semi-arid, cool",#3288BD,J,NA,NA
ARFR-CO932-314-JEFFERSON-12,white,10,40,12,NA,2144,1,1,NA,N,NA,NA,NA,NA,NA,NA,NA,NA,NA,NA,1500,d7fa1745-3f71-4487-becb-d5ac4165305d,NA,1,NA,NA,8/20/2024 18:00,9676f9c7-1e6d-4b20-be65-359e4f0980a8,8/20/2024 21:34,agoebl,8/20/2024 21:34,agoebl,5509,NA,12,ARFR4-SOS-CO932-314-JEFFERSON-12,#FEE08B,-105.3553333,39.40902778,10 - 15 Deg. F. / 3 - 6,,10 - 15 Deg. F.,6-Mar,10 - 15 Deg. F. / 3 - 6,10 - 15 / semi-humid,CO.2,#66e566,"semi-humid, cool",#FEE08B,E,NA,NA
ARFR-CO932-316-JEFFERSON-12,white,10,40,13,NA,2145,1,1,NA,N,NA,NA,NA,NA,NA,NA,NA,NA,NA,NA,1501,3b5587d1-78df-4563-b7af-cb79f8a8dd25,NA,1,NA,NA,8/20/2024 18:00,9676f9c7-1e6d-4b20-be65-359e4f0980a8,8/20/2024 21:34,agoebl,8/20/2024 21:34,agoebl,5510,NA,13,ARFR4-SOS-CO932-316-JEFFERSON-12,#FFFF85,-105.358,39.66325,15 - 20 Deg. F. / 3 - 6,,15 - 20 Deg. F.,6-Mar,15 - 20 Deg. F. / 3 - 6,15 - 20 / semi-humid,CO.3,#698b69,"semi-humid, warm",#FFFF85,F,NA,NA
ARFR-WY040-71-10,white,10,40,14,NA,2146,1,1,NA,Y,0.0052,0.968,18.61538462,NA,NA,NA,NA,NA,NA,NA,1502,eb2575c8-80ba-4f56-9918-bee6e2464985,NA,1,NA,Near dead,8/20/2024 18:00,9676f9c7-1e6d-4b20-be65-359e4f0980a8,8/20/2024 21:34,agoebl,8/20/2024 21:34,agoebl,5511,NA,14,ARFR4-SOS-WY040-71-10,#66C2A5,-109.2433156,41.13271889,5 - 10 Deg. F. / 3 - 6,,5 - 10 Deg. F.,6-Mar,5 - 10 Deg. F. / 3 - 6,5 - 10 / semi-humid,WY.1,#a5c2f1,"semi-humid, cold",#66C2A5,I,NA,NA
ARFR-UT080-109-UINTAH-12,white,10,40,15,372,2147,1,1,NA,N,NA,NA,NA,NA,NA,NA,NA,NA,NA,NA,1503,cffcda00-f91e-4501-9ae7-f118a3b3b3f4,NA,1,NA,NA,8/20/2024 18:00,9676f9c7-1e6d-4b20-be65-359e4f0980a8,8/20/2024 21:34,agoebl,8/20/2024 21:34,agoebl,5512,NA,15,ARFR4-SOS-UT080-109-UINTAH-12,#aabe7f,-109.1426444,39.70802222,10 - 15 Deg. F. / 3 - 6,,10 - 15 Deg. F.,6-Mar,10 - 15 Deg. F. / 3 - 6,10 - 15 / semi-humid,UT.1,#66e566,"semi-humid, cool",#aabe7f,G,NA,NA
ARFR-AZ930-422-NAVAJO-18,white,10,40,16,NA,2148,1,1,NA,N,NA,NA,NA,NA,NA,NA,NA,NA,NA,NA,1504,dfdef7cd-0162-4595-868d-8fb19a087e8c,NA,1,NA,NA,8/20/2024 18:00,9676f9c7-1e6d-4b20-be65-359e4f0980a8,8/20/2024 21:34,agoebl,8/20/2024 21:34,agoebl,5513,NA,16,ARFR4-SOS-AZ930-422-NAVAJO-18,#D53E4F,-110.431,36.56805,15 - 20 Deg. F. / 6 - 12,Lats corrected 20230127,15 - 20 Deg. F.,12-Jun,15 - 20 Deg. F. / 6 - 12,15 - 20 / semi-arid,AZ.2,#ee5c42,"semi-arid, warm",#D53E4F,B,NA,NA
ARFR-AZ930-422-NAVAJO-18,white,10,40,17,NA,2149,0,0,NA,N,NA,NA,NA,NA,NA,NA,NA,NA,NA,NA,1505,97fb4db8-3e40-4dcc-b7d3-329c6ccc7e78,NA,0,NA,NA,8/20/2024 18:00,9676f9c7-1e6d-4b20-be65-359e4f0980a8,8/20/2024 21:34,agoebl,8/20/2024 21:34,agoebl,5514,NA,17,ARFR4-SOS-AZ930-422-NAVAJO-18,#D53E4F,-110.431,36.56805,15 - 20 Deg. F. / 6 - 12,Lats corrected 20230127,15 - 20 Deg. F.,12-Jun,15 - 20 Deg. F. / 6 - 12,15 - 20 / semi-arid,AZ.2,#ee5c42,"semi-arid, warm",#D53E4F,B,NA,NA
ARFR-WY930-44-LASANIMAS-13,white,10,40,18,NA,2150,1,1,NA,N,NA,NA,NA,NA,NA,NA,NA,NA,NA,NA,1506,53efdabe-6c6f-4d80-b98f-e58dc84fb59e,NA,1,NA,NA,8/20/2024 18:00,9676f9c7-1e6d-4b20-be65-359e4f0980a8,8/20/2024 21:34,agoebl,8/20/2024 21:34,agoebl,5515,NA,18,ARFR4-SOS-WY930-44-LASANIMAS-13,#FDAE61,-104.6423889,37.16547222,15 - 20 Deg. F. / 3 - 6,,15 - 20 Deg. F.,6-Mar,15 - 20 Deg. F. / 3 - 6,15 - 20 / semi-humid,CO.1,#698b69,"semi-humid, warm",#FDAE61,D,NA,NA
ARFR-NM930N-66-11,white,10,40,19,NA,2151,1,1,NA,N,NA,NA,NA,NA,NA,NA,NA,NA,NA,NA,1507,182d89f1-440b-4bd1-aa84-c49f63294b79,NA,1,NA,NA,8/20/2024 18:00,9676f9c7-1e6d-4b20-be65-359e4f0980a8,8/20/2024 21:34,agoebl,8/20/2024 21:34,agoebl,5516,NA,19,ARFR4-SOS-NM930N-66-11,#F46D43,-107.2045028,36.76818611,10 - 15 Deg. F. / 3 - 6,,10 - 15 Deg. F.,6-Mar,10 - 15 Deg. F. / 3 - 6,10 - 15 / semi-humid,NM.1,#66e566,"semi-humid, cool",#F46D43,C,NA,NA
ARFR-WY050-49-FREMONT-12,white,10,40,20,373,2152,1,1,NA,N,NA,NA,NA,NA,NA,NA,NA,NA,NA,NA,1508,9d281046-66cb-4563-818c-2614db3592b1,NA,1,NA,Near dead,8/20/2024 18:00,9676f9c7-1e6d-4b20-be65-359e4f0980a8,8/20/2024 21:34,agoebl,8/20/2024 21:34,agoebl,5517,NA,20,ARFR4-SOS-WY050-49-FREMONT-12,#5E4FA2,-109.34775,43.42663611,5 - 10 Deg. F. / 6 - 12,,5 - 10 Deg. F.,12-Jun,5 - 10 Deg. F. / 6 - 12,5 - 10 / semi-arid,WY.3,#ffb90f,"semi-arid, cold",#5E4FA2,K,NA,NA
ARFR-UT080-109-UINTAH-12,white,10,40,21,NA,2153,1,1,NA,N,NA,NA,NA,NA,NA,NA,NA,NA,NA,NA,1509,d01521f8-8d45-4b00-8315-41126e99274e,NA,1,NA,Very dry,8/20/2024 18:00,9676f9c7-1e6d-4b20-be65-359e4f0980a8,8/20/2024 21:34,agoebl,8/20/2024 21:34,agoebl,5518,NA,21,ARFR4-SOS-UT080-109-UINTAH-12,#aabe7f,-109.1426444,39.70802222,10 - 15 Deg. F. / 3 - 6,,10 - 15 Deg. F.,6-Mar,10 - 15 Deg. F. / 3 - 6,10 - 15 / semi-humid,UT.1,#66e566,"semi-humid, cool",#aabe7f,G,NA,NA
ARFR-UT080-109-UINTAH-12,white,10,40,22,NA,2154,1,1,NA,N,NA,NA,NA,NA,NA,NA,NA,NA,NA,NA,1510,c446d24e-d88f-46bc-ba36-8ca7b0c2bb29,NA,1,NA,Very dry,8/20/2024 18:00,9676f9c7-1e6d-4b20-be65-359e4f0980a8,8/20/2024 21:34,agoebl,8/20/2024 21:34,agoebl,5519,NA,22,ARFR4-SOS-UT080-109-UINTAH-12,#aabe7f,-109.1426444,39.70802222,10 - 15 Deg. F. / 3 - 6,,10 - 15 Deg. F.,6-Mar,10 - 15 Deg. F. / 3 - 6,10 - 15 / semi-humid,UT.1,#66e566,"semi-humid, cool",#aabe7f,G,NA,NA
ARFR-WY040-71-10,white,10,40,23,NA,2155,1,1,NA,N,NA,NA,NA,NA,NA,NA,NA,NA,NA,NA,1511,f3acf662-1c22-4401-bf9d-0bb6be16e93e,NA,0,NA,Plant visible,8/20/2024 18:00,9676f9c7-1e6d-4b20-be65-359e4f0980a8,8/20/2024 21:34,agoebl,8/20/2024 21:34,agoebl,5520,NA,23,ARFR4-SOS-WY040-71-10,#66C2A5,-109.2433156,41.13271889,5 - 10 Deg. F. / 3 - 6,,5 - 10 Deg. F.,6-Mar,5 - 10 Deg. F. / 3 - 6,5 - 10 / semi-humid,WY.1,#a5c2f1,"semi-humid, cold",#66C2A5,I,NA,NA
ARFR-NM930N-66-11,white,10,40,24,NA,2156,1,1,NA,N,NA,NA,NA,NA,NA,NA,NA,NA,NA,NA,1512,ac3370ee-5117-4231-a3bc-ee413cbfaa34,NA,1,NA,NA,8/20/2024 18:00,9676f9c7-1e6d-4b20-be65-359e4f0980a8,8/20/2024 21:34,agoebl,8/20/2024 21:34,agoebl,5521,NA,24,ARFR4-SOS-NM930N-66-11,#F46D43,-107.2045028,36.76818611,10 - 15 Deg. F. / 3 - 6,,10 - 15 Deg. F.,6-Mar,10 - 15 Deg. F. / 3 - 6,10 - 15 / semi-humid,NM.1,#66e566,"semi-humid, cool",#F46D43,C,NA,NA
ARFR-AZ930-422-NAVAJO-18,white,10,40,25,374,2157,1,1,NA,N,NA,NA,NA,NA,NA,NA,NA,NA,NA,NA,1513,3ed3142d-7718-4d81-9933-a4eba06261fe,NA,1,NA,Die back,8/20/2024 18:00,9676f9c7-1e6d-4b20-be65-359e4f0980a8,8/20/2024 21:34,agoebl,8/20/2024 21:34,agoebl,5522,NA,25,ARFR4-SOS-AZ930-422-NAVAJO-18,#D53E4F,-110.431,36.56805,15 - 20 Deg. F. / 6 - 12,Lats corrected 20230127,15 - 20 Deg. F.,12-Jun,15 - 20 Deg. F. / 6 - 12,15 - 20 / semi-arid,AZ.2,#ee5c42,"semi-arid, warm",#D53E4F,B,NA,NA
ARFR-AZ930-422-NAVAJO-18,white,10,40,26,NA,2158,1,1,NA,N,NA,NA,NA,NA,NA,NA,NA,NA,NA,NA,1514,406f289b-4d2a-4a34-bdc3-9e683ffb3135,NA,1,NA,NA,8/20/2024 18:00,9676f9c7-1e6d-4b20-be65-359e4f0980a8,8/20/2024 21:34,agoebl,8/20/2024 21:34,agoebl,5523,NA,26,ARFR4-SOS-AZ930-422-NAVAJO-18,#D53E4F,-110.431,36.56805,15 - 20 Deg. F. / 6 - 12,Lats corrected 20230127,15 - 20 Deg. F.,12-Jun,15 - 20 Deg. F. / 6 - 12,15 - 20 / semi-arid,AZ.2,#ee5c42,"semi-arid, warm",#D53E4F,B,NA,NA
ARFR-NM930N-66-11,white,10,40,27,NA,2159,1,1,NA,N,NA,NA,NA,NA,NA,NA,NA,NA,NA,NA,1515,57762c0d-402b-4ddd-8fbd-b270ca5c7e9f,NA,1,NA,NA,8/20/2024 18:00,9676f9c7-1e6d-4b20-be65-359e4f0980a8,8/20/2024 21:34,agoebl,8/20/2024 21:34,agoebl,5524,NA,27,ARFR4-SOS-NM930N-66-11,#F46D43,-107.2045028,36.76818611,10 - 15 Deg. F. / 3 - 6,,10 - 15 Deg. F.,6-Mar,10 - 15 Deg. F. / 3 - 6,10 - 15 / semi-humid,NM.1,#66e566,"semi-humid, cool",#F46D43,C,NA,NA
ARFR-WY930-44-LASANIMAS-13,white,10,40,28,NA,2160,1,1,NA,N,NA,NA,NA,NA,NA,NA,NA,NA,NA,NA,1516,761ae6d7-0363-4948-8986-7956b9a6649f,NA,1,NA,NA,8/20/2024 18:00,9676f9c7-1e6d-4b20-be65-359e4f0980a8,8/20/2024 21:34,agoebl,8/20/2024 21:34,agoebl,5525,NA,28,ARFR4-SOS-WY930-44-LASANIMAS-13,#FDAE61,-104.6423889,37.16547222,15 - 20 Deg. F. / 3 - 6,,15 - 20 Deg. F.,6-Mar,15 - 20 Deg. F. / 3 - 6,15 - 20 / semi-humid,CO.1,#698b69,"semi-humid, warm",#FDAE61,D,NA,NA
ARFR-WY050-49-FREMONT-12,white,10,40,29,NA,2161,1,1,NA,N,NA,NA,NA,NA,NA,NA,NA,NA,NA,NA,1517,5fc3c44e-ac6f-422b-97ff-6af97ee057ee,NA,1,NA,NA,8/20/2024 18:00,9676f9c7-1e6d-4b20-be65-359e4f0980a8,8/20/2024 21:34,agoebl,8/20/2024 21:34,agoebl,5526,NA,29,ARFR4-SOS-WY050-49-FREMONT-12,#5E4FA2,-109.34775,43.42663611,5 - 10 Deg. F. / 6 - 12,,5 - 10 Deg. F.,12-Jun,5 - 10 Deg. F. / 6 - 12,5 - 10 / semi-arid,WY.3,#ffb90f,"semi-arid, cold",#5E4FA2,K,NA,NA
ARFR-AZ930-422-NAVAJO-18,white,10,40,30,375,2162,1,1,NA,N,NA,NA,NA,NA,NA,NA,NA,NA,NA,NA,1518,a8945ee7-3032-42ce-917e-d4d28c159593,NA,1,NA,Near dead,8/20/2024 18:00,9676f9c7-1e6d-4b20-be65-359e4f0980a8,8/20/2024 21:34,agoebl,8/20/2024 21:34,agoebl,5527,NA,30,ARFR4-SOS-AZ930-422-NAVAJO-18,#D53E4F,-110.431,36.56805,15 - 20 Deg. F. / 6 - 12,Lats corrected 20230127,15 - 20 Deg. F.,12-Jun,15 - 20 Deg. F. / 6 - 12,15 - 20 / semi-arid,AZ.2,#ee5c42,"semi-arid, warm",#D53E4F,B,NA,NA
ARFR-AZ930-422-NAVAJO-18,white,10,40,31,NA,2163,1,NA,85.812,N,NA,NA,NA,NA,85.812,35.44,8.81,10.47,NA,Y,1519,4e297fba-98d5-4316-9b1b-7c509b1b754b,NA,NA,NA,H,8/20/2024 18:00,9676f9c7-1e6d-4b20-be65-359e4f0980a8,8/20/2024 21:34,agoebl,8/20/2024 21:34,agoebl,5528,NA,31,ARFR4-SOS-AZ930-422-NAVAJO-18,#D53E4F,-110.431,36.56805,15 - 20 Deg. F. / 6 - 12,Lats corrected 20230127,15 - 20 Deg. F.,12-Jun,15 - 20 Deg. F. / 6 - 12,15 - 20 / semi-arid,AZ.2,#ee5c42,"semi-arid, warm",#D53E4F,B,NA,Y
ARFR-CO932-316-JEFFERSON-12,white,10,40,32,NA,2164,1,1,NA,N,NA,NA,NA,NA,NA,NA,NA,NA,NA,NA,1520,638bdf5b-59eb-4b10-abee-be197c665fa7,NA,1,NA,Near dead,8/20/2024 18:00,9676f9c7-1e6d-4b20-be65-359e4f0980a8,8/20/2024 21:34,agoebl,8/20/2024 21:34,agoebl,5529,NA,32,ARFR4-SOS-CO932-316-JEFFERSON-12,#FFFF85,-105.358,39.66325,15 - 20 Deg. F. / 3 - 6,,15 - 20 Deg. F.,6-Mar,15 - 20 Deg. F. / 3 - 6,15 - 20 / semi-humid,CO.3,#698b69,"semi-humid, warm",#FFFF85,F,NA,NA
ARFR-WY040-71-10,white,10,40,33,NA,2165,1,1,NA,N,NA,NA,NA,NA,NA,NA,NA,NA,NA,NA,1521,adfbc430-0962-4a2d-9891-102942624533,NA,0,NA,NA,8/20/2024 18:00,9676f9c7-1e6d-4b20-be65-359e4f0980a8,8/20/2024 21:34,agoebl,8/20/2024 21:34,agoebl,5530,NA,33,ARFR4-SOS-WY040-71-10,#66C2A5,-109.2433156,41.13271889,5 - 10 Deg. F. / 3 - 6,,5 - 10 Deg. F.,6-Mar,5 - 10 Deg. F. / 3 - 6,5 - 10 / semi-humid,WY.1,#a5c2f1,"semi-humid, cold",#66C2A5,I,NA,NA
ARFR-WY930-44-LASANIMAS-13,white,10,40,34,NA,2166,1,1,NA,N,NA,NA,NA,NA,NA,NA,NA,NA,NA,NA,1522,7861cf0f-f8e7-47b6-8b1a-f6222872ba5a,NA,1,NA,NA,8/20/2024 18:00,9676f9c7-1e6d-4b20-be65-359e4f0980a8,8/20/2024 21:34,agoebl,8/20/2024 21:34,agoebl,5531,NA,34,ARFR4-SOS-WY930-44-LASANIMAS-13,#FDAE61,-104.6423889,37.16547222,15 - 20 Deg. F. / 3 - 6,,15 - 20 Deg. F.,6-Mar,15 - 20 Deg. F. / 3 - 6,15 - 20 / semi-humid,CO.1,#698b69,"semi-humid, warm",#FDAE61,D,NA,NA
ARFR-CO932-316-JEFFERSON-12,white,10,40,35,376,2167,1,1,NA,N,NA,NA,NA,NA,NA,NA,NA,NA,NA,NA,1523,0543b2c2-a8ca-409a-875d-4dc1245e2740,NA,1,NA,NA,8/20/2024 18:00,9676f9c7-1e6d-4b20-be65-359e4f0980a8,8/20/2024 21:34,agoebl,8/20/2024 21:34,agoebl,5532,NA,35,ARFR4-SOS-CO932-316-JEFFERSON-12,#FFFF85,-105.358,39.66325,15 - 20 Deg. F. / 3 - 6,,15 - 20 Deg. F.,6-Mar,15 - 20 Deg. F. / 3 - 6,15 - 20 / semi-humid,CO.3,#698b69,"semi-humid, warm",#FFFF85,F,NA,NA
ARFR-AZ930-422-NAVAJO-18,white,10,40,36,NA,2168,1,1,NA,N,NA,NA,NA,NA,NA,NA,NA,NA,NA,NA,1524,30a37d6d-df5f-4fb3-9b93-154b7cb1c0c6,NA,1,NA,NA,8/20/2024 18:00,9676f9c7-1e6d-4b20-be65-359e4f0980a8,8/20/2024 21:34,agoebl,8/20/2024 21:34,agoebl,5533,NA,36,ARFR4-SOS-AZ930-422-NAVAJO-18,#D53E4F,-110.431,36.56805,15 - 20 Deg. F. / 6 - 12,Lats corrected 20230127,15 - 20 Deg. F.,12-Jun,15 - 20 Deg. F. / 6 - 12,15 - 20 / semi-arid,AZ.2,#ee5c42,"semi-arid, warm",#D53E4F,B,NA,NA
ARFR-WY050-151-FREMONT-16,white,10,40,37,NA,2169,1,1,NA,N,NA,NA,NA,NA,NA,NA,NA,NA,NA,NA,1525,a546b1f9-fba1-4bd0-8b36-f602a9b0eeb3,NA,1,NA,NA,8/20/2024 18:00,9676f9c7-1e6d-4b20-be65-359e4f0980a8,8/20/2024 21:34,agoebl,8/20/2024 21:34,agoebl,5534,NA,37,ARFR4-SOS-WY050-151-FREMONT-16,#3288BD,-108.1704472,42.47886111,10 - 15 Deg. F. / 6 - 12,,10 - 15 Deg. F.,12-Jun,10 - 15 Deg. F. / 6 - 12,10 - 15 / semi-arid,WY.2,#cd8500,"semi-arid, cool",#3288BD,J,NA,NA
ARFR-UT080-109-UINTAH-12,white,10,40,38,NA,2170,0,0,NA,N,NA,NA,NA,NA,NA,NA,NA,NA,NA,NA,1526,6e417e6a-e7e9-4913-92fa-e7ef00aa8103,NA,0,NA,NA,8/20/2024 18:00,9676f9c7-1e6d-4b20-be65-359e4f0980a8,8/20/2024 21:34,agoebl,8/20/2024 21:34,agoebl,5535,NA,38,ARFR4-SOS-UT080-109-UINTAH-12,#aabe7f,-109.1426444,39.70802222,10 - 15 Deg. F. / 3 - 6,,10 - 15 Deg. F.,6-Mar,10 - 15 Deg. F. / 3 - 6,10 - 15 / semi-humid,UT.1,#66e566,"semi-humid, cool",#aabe7f,G,NA,NA
ARFR-CO932-294-11,white,10,40,39,NA,2171,1,1,NA,N,NA,NA,NA,NA,NA,NA,NA,NA,NA,NA,1527,9d53e0e6-1fb2-4bfc-9229-dd8c9be17c0f,NA,1,NA,NA,8/20/2024 18:00,9676f9c7-1e6d-4b20-be65-359e4f0980a8,8/20/2024 21:34,agoebl,8/20/2024 21:34,agoebl,5536,NA,39,ARFR4-SOS-CO932-294-11,#ABDDA4,-105.2030833,39.78458333,15 - 20 Deg. F. / 3 - 6,,15 - 20 Deg. F.,6-Mar,15 - 20 Deg. F. / 3 - 6,15 - 20 / semi-humid,CO.4,#698b69,"semi-humid, warm",#ABDDA4,H,NA,NA
ARFR-WY050-49-FREMONT-12,white,10,40,40,377,2172,1,1,NA,N,NA,NA,NA,NA,NA,NA,NA,NA,NA,NA,1528,77335a48-f3bc-41cd-baa4-0a8e633334ca,NA,1,NA,NA,8/20/2024 18:00,9676f9c7-1e6d-4b20-be65-359e4f0980a8,8/20/2024 21:34,agoebl,8/20/2024 21:34,agoebl,5537,NA,40,ARFR4-SOS-WY050-49-FREMONT-12,#5E4FA2,-109.34775,43.42663611,5 - 10 Deg. F. / 6 - 12,,5 - 10 Deg. F.,12-Jun,5 - 10 Deg. F. / 6 - 12,5 - 10 / semi-arid,WY.3,#ffb90f,"semi-arid, cold",#5E4FA2,K,NA,NA
ARFR-CO932-314-JEFFERSON-12,white,10,40,41,NA,2173,1,NA,50.222,N,NA,NA,NA,NA,50.222,25.71,11.24,4.82,NA,Y,1529,158fb5c2-cb68-49c6-8ccf-fb04985cdcbf,NA,NA,NA,H,8/20/2024 18:00,9676f9c7-1e6d-4b20-be65-359e4f0980a8,8/20/2024 21:34,agoebl,8/20/2024 21:34,agoebl,5538,NA,41,ARFR4-SOS-CO932-314-JEFFERSON-12,#FEE08B,-105.3553333,39.40902778,10 - 15 Deg. F. / 3 - 6,,10 - 15 Deg. F.,6-Mar,10 - 15 Deg. F. / 3 - 6,10 - 15 / semi-humid,CO.2,#66e566,"semi-humid, cool",#FEE08B,E,NA,Y
ARFR-WY050-49-FREMONT-12,white,10,40,42,NA,2174,1,1,NA,N,NA,NA,NA,NA,NA,NA,NA,NA,NA,NA,1530,134c2a84-b2c7-4bd7-b354-7e26aed6b13b,NA,1,NA,Very dry,8/20/2024 18:00,9676f9c7-1e6d-4b20-be65-359e4f0980a8,8/20/2024 21:34,agoebl,8/20/2024 21:34,agoebl,5539,NA,42,ARFR4-SOS-WY050-49-FREMONT-12,#5E4FA2,-109.34775,43.42663611,5 - 10 Deg. F. / 6 - 12,,5 - 10 Deg. F.,12-Jun,5 - 10 Deg. F. / 6 - 12,5 - 10 / semi-arid,WY.3,#ffb90f,"semi-arid, cold",#5E4FA2,K,NA,NA
ARFR-CO932-316-JEFFERSON-12,white,10,40,43,NA,2175,1,1,NA,N,NA,NA,NA,NA,NA,NA,NA,NA,NA,NA,1531,e483e944-6628-4c19-94dc-be938f555791,NA,1,NA,NA,8/20/2024 18:00,9676f9c7-1e6d-4b20-be65-359e4f0980a8,8/20/2024 21:34,agoebl,8/20/2024 21:34,agoebl,5540,NA,43,ARFR4-SOS-CO932-316-JEFFERSON-12,#FFFF85,-105.358,39.66325,15 - 20 Deg. F. / 3 - 6,,15 - 20 Deg. F.,6-Mar,15 - 20 Deg. F. / 3 - 6,15 - 20 / semi-humid,CO.3,#698b69,"semi-humid, warm",#FFFF85,F,NA,NA
ARFR-CO932-294-11,white,10,40,44,NA,2176,1,1,NA,N,NA,NA,NA,NA,NA,NA,NA,NA,NA,NA,1532,d01cfecd-6a66-4504-b3b9-0a2f799c3daa,NA,1,NA,NA,8/20/2024 18:00,9676f9c7-1e6d-4b20-be65-359e4f0980a8,8/20/2024 21:34,agoebl,8/20/2024 21:34,agoebl,5541,NA,44,ARFR4-SOS-CO932-294-11,#ABDDA4,-105.2030833,39.78458333,15 - 20 Deg. F. / 3 - 6,,15 - 20 Deg. F.,6-Mar,15 - 20 Deg. F. / 3 - 6,15 - 20 / semi-humid,CO.4,#698b69,"semi-humid, warm",#ABDDA4,H,NA,NA
ARFR-CO932-294-11,white,10,40,45,378,2177,1,1,NA,N,NA,NA,NA,NA,NA,NA,NA,NA,NA,NA,1533,daaaec24-c205-499d-aa91-16021599d1b6,NA,1,NA,NA,8/20/2024 18:00,9676f9c7-1e6d-4b20-be65-359e4f0980a8,8/20/2024 21:34,agoebl,8/20/2024 21:34,agoebl,5542,NA,45,ARFR4-SOS-CO932-294-11,#ABDDA4,-105.2030833,39.78458333,15 - 20 Deg. F. / 3 - 6,,15 - 20 Deg. F.,6-Mar,15 - 20 Deg. F. / 3 - 6,15 - 20 / semi-humid,CO.4,#698b69,"semi-humid, warm",#ABDDA4,H,NA,NA
ARFR-WY930-44-LASANIMAS-13,white,10,40,46,NA,2178,1,1,NA,N,NA,NA,NA,NA,NA,NA,NA,NA,NA,NA,1534,5e5f979f-3bb0-4c00-a3ae-607cad59d14c,NA,1,NA,NA,8/20/2024 18:00,9676f9c7-1e6d-4b20-be65-359e4f0980a8,8/20/2024 21:34,agoebl,8/20/2024 21:34,agoebl,5543,NA,46,ARFR4-SOS-WY930-44-LASANIMAS-13,#FDAE61,-104.6423889,37.16547222,15 - 20 Deg. F. / 3 - 6,,15 - 20 Deg. F.,6-Mar,15 - 20 Deg. F. / 3 - 6,15 - 20 / semi-humid,CO.1,#698b69,"semi-humid, warm",#FDAE61,D,NA,NA
ARFR-WY040-71-10,white,10,40,47,NA,2179,1,1,NA,N,NA,NA,NA,NA,NA,NA,NA,NA,NA,NA,1535,99a07213-426a-42c9-90f6-2c73e13a227e,NA,0,NA,NA,8/20/2024 18:00,9676f9c7-1e6d-4b20-be65-359e4f0980a8,8/20/2024 21:34,agoebl,8/20/2024 21:34,agoebl,5544,NA,47,ARFR4-SOS-WY040-71-10,#66C2A5,-109.2433156,41.13271889,5 - 10 Deg. F. / 3 - 6,,5 - 10 Deg. F.,6-Mar,5 - 10 Deg. F. / 3 - 6,5 - 10 / semi-humid,WY.1,#a5c2f1,"semi-humid, cold",#66C2A5,I,NA,NA
ARFR-CO932-316-JEFFERSON-12,white,10,40,48,NA,2180,1,1,NA,N,NA,NA,NA,NA,NA,NA,NA,NA,NA,NA,1536,5a74f64e-c808-45d2-8452-57aa8f574334,NA,1,NA,NA,8/20/2024 18:00,9676f9c7-1e6d-4b20-be65-359e4f0980a8,8/20/2024 21:34,agoebl,8/20/2024 21:34,agoebl,5545,NA,48,ARFR4-SOS-CO932-316-JEFFERSON-12,#FFFF85,-105.358,39.66325,15 - 20 Deg. F. / 3 - 6,,15 - 20 Deg. F.,6-Mar,15 - 20 Deg. F. / 3 - 6,15 - 20 / semi-humid,CO.3,#698b69,"semi-humid, warm",#FFFF85,F,NA,NA
ARFR-WY930-44-LASANIMAS-13,white,10,40,49,NA,2181,1,1,NA,N,NA,NA,NA,NA,NA,NA,NA,NA,NA,NA,1537,0de23902-6046-4dbb-ad1e-f9b0cf2432fc,NA,1,NA,Very dry,8/20/2024 18:00,9676f9c7-1e6d-4b20-be65-359e4f0980a8,8/20/2024 21:34,agoebl,8/20/2024 21:34,agoebl,5546,NA,49,ARFR4-SOS-WY930-44-LASANIMAS-13,#FDAE61,-104.6423889,37.16547222,15 - 20 Deg. F. / 3 - 6,,15 - 20 Deg. F.,6-Mar,15 - 20 Deg. F. / 3 - 6,15 - 20 / semi-humid,CO.1,#698b69,"semi-humid, warm",#FDAE61,D,NA,NA
ARFR-CO932-314-JEFFERSON-12,white,10,40,50,379,2182,1,1,NA,N,NA,NA,NA,NA,NA,NA,NA,NA,NA,NA,1538,80a1e12c-3a08-49f2-ac60-192bc5e73546,NA,1,NA,NA,8/20/2024 18:00,9676f9c7-1e6d-4b20-be65-359e4f0980a8,8/20/2024 21:34,agoebl,8/20/2024 21:34,agoebl,5547,NA,50,ARFR4-SOS-CO932-314-JEFFERSON-12,#FEE08B,-105.3553333,39.40902778,10 - 15 Deg. F. / 3 - 6,,10 - 15 Deg. F.,6-Mar,10 - 15 Deg. F. / 3 - 6,10 - 15 / semi-humid,CO.2,#66e566,"semi-humid, cool",#FEE08B,E,NA,NA
ARFR-WY050-151-FREMONT-16,white,10,40,51,NA,2183,1,1,NA,N,NA,NA,NA,NA,NA,NA,NA,NA,NA,NA,1539,dac9d822-78a6-4d44-b716-a471d6f002bf,NA,1,NA,NA,8/20/2024 18:00,9676f9c7-1e6d-4b20-be65-359e4f0980a8,8/20/2024 21:34,agoebl,8/20/2024 21:34,agoebl,5548,NA,51,ARFR4-SOS-WY050-151-FREMONT-16,#3288BD,-108.1704472,42.47886111,10 - 15 Deg. F. / 6 - 12,,10 - 15 Deg. F.,12-Jun,10 - 15 Deg. F. / 6 - 12,10 - 15 / semi-arid,WY.2,#cd8500,"semi-arid, cool",#3288BD,J,NA,NA
