"Source","Treatment","Block","NumAssign_InBlock","Row","PosInRow","Tag","ID","DateMortalityObservedPreTransplant","Length_cm_20220527","OrigPltSurvival_20220527","Replaced_YorN_20220531","Replacement","Length_cm_20220622","Survival_20220622","Notes.x","Phenology_20220715","Survival_20220715","Notes_20220715","Phenology_20220721","Survival_20220721","Notes_20220721","Phenology_20220726","Length_cm_20220726","Survival_20220726","Notes_20220726","Phenology_20220804","Survival_20220804","Notes_20220804","Phenology_20220817","Survival_20220817","Notes_20220817","Phenology_20220830","Survival_20220830","Phenology_20220909","Survival_20220909","Notes_20220909","Phenology_20220922","Survival_20220922","Notes_20220922","Harvest_20221014","Harvest_20221110","AGB_Coll_20221014","AGB_Coll_20221110","BagSize","AGB_MinusBag","InfBM_Wbag","InfBM_Wobag_g","TissueCollected","Notes.1","SentForSequencing_20230803","ExcludeBcNotReplaced","SOURCE_CODE","HexCode_Indv","Long","Lat","SdZone","Notes.y","Tmin_Class","AHM_class","seed_zone","New_label","PopAbbrev","SdZnCol","SdZnAbbrev","PopCol","PopOrder"
"ARFR-CO932-294-11","black",1,1,1,1,141,1,NA,6.1,1,NA,NA,9.3,1,NA,2,1,NA,2,1,NA,2,13.8,1,NA,2,1,NA,2,1,NA,2,1,2,1,NA,2,1,NA,NA,NA,NA,NA,NA,NA,NA,NA,"Y",NA,"N",NA,"ARFR4-SOS-CO932-294-11","#ABDDA4",-105.2030833,39.78458333,"15 - 20 Deg. F. / 3 - 6","","15 - 20 Deg. F.","6-Mar","15 - 20 Deg. F. / 3 - 6","15 - 20 / semi-humid","CO.4","#698b69","semi-humid, warm","#ABDDA4","H"
"ARFR-WY050-49-FREMONT-12","black",1,2,1,2,NA,2,NA,6.3,1,NA,NA,10.2,1,NA,2,1,NA,2,1,NA,2,13,1,NA,2,1,NA,2,1,NA,2,1,2,1,NA,2,1,NA,NA,NA,NA,NA,NA,NA,NA,NA,"Y",NA,"N",NA,"ARFR4-SOS-WY050-49-FREMONT-12","#5E4FA2",-109.34775,43.42663611,"5 - 10 Deg. F. / 6 - 12","","5 - 10 Deg. F.","12-Jun","5 - 10 Deg. F. / 6 - 12","5 - 10 / semi-arid","WY.3","#ffb90f","semi-arid, cold","#5E4FA2","K"
"ARFR-WY930-44-LASANIMAS-13","black",1,3,1,3,NA,3,NA,5.3,1,NA,NA,11.9,1,NA,2,1,NA,2,1,NA,2,13.1,1,NA,2,1,NA,2,1,NA,2,1,3,1,NA,3,1,NA,NA,NA,NA,NA,NA,NA,NA,NA,"Y",NA,"N",NA,"ARFR4-SOS-WY930-44-LASANIMAS-13","#FDAE61",-104.6423889,37.16547222,"15 - 20 Deg. F. / 3 - 6","","15 - 20 Deg. F.","6-Mar","15 - 20 Deg. F. / 3 - 6","15 - 20 / semi-humid","CO.1","#698b69","semi-humid, warm","#FDAE61","D"
"ARFR-CO932-314-JEFFERSON-12","black",1,4,1,4,NA,4,NA,5,1,NA,NA,9.8,1,NA,2,1,NA,2,1,NA,2,34.9,1,NA,2,1,NA,3,1,NA,3,1,3,1,NA,3,1,NA,NA,NA,NA,NA,NA,NA,NA,NA,"Y",NA,"N",NA,"ARFR4-SOS-CO932-314-JEFFERSON-12","#FEE08B",-105.3553333,39.40902778,"10 - 15 Deg. F. / 3 - 6","","10 - 15 Deg. F.","6-Mar","10 - 15 Deg. F. / 3 - 6","10 - 15 / semi-humid","CO.2","#66e566","semi-humid, cool","#FEE08B","E"
"ARFR-CO932-316-JEFFERSON-12","black",1,5,1,5,142,5,NA,5.6,1,NA,NA,12.7,1,NA,2,1,NA,2,1,NA,2,50.5,1,NA,2,1,NA,3,1,NA,3,1,3,1,NA,3,1,NA,NA,NA,NA,NA,NA,NA,NA,NA,"Y",NA,"N",NA,"ARFR4-SOS-CO932-316-JEFFERSON-12","#FFFF85",-105.358,39.66325,"15 - 20 Deg. F. / 3 - 6","","15 - 20 Deg. F.","6-Mar","15 - 20 Deg. F. / 3 - 6","15 - 20 / semi-humid","CO.3","#698b69","semi-humid, warm","#FFFF85","F"
"ARFR-CO932-314-JEFFERSON-12","black",1,6,1,6,NA,6,NA,5.4,1,NA,NA,8.9,1,NA,2,1,NA,2,1,NA,2,30.6,1,NA,2,1,NA,3,1,NA,3,1,3,1,NA,3,1,NA,NA,NA,NA,NA,NA,NA,NA,NA,"Y",NA,"N",NA,"ARFR4-SOS-CO932-314-JEFFERSON-12","#FEE08B",-105.3553333,39.40902778,"10 - 15 Deg. F. / 3 - 6","","10 - 15 Deg. F.","6-Mar","10 - 15 Deg. F. / 3 - 6","10 - 15 / semi-humid","CO.2","#66e566","semi-humid, cool","#FEE08B","E"
"ARFR-CO932-316-JEFFERSON-12","black",1,7,1,7,NA,7,NA,5.9,1,NA,NA,10.8,1,NA,2,1,NA,2,1,NA,2,40.9,1,NA,2,1,NA,3,1,NA,3,1,3,1,NA,3,1,NA,NA,NA,NA,NA,NA,NA,NA,NA,"Y",NA,"N",NA,"ARFR4-SOS-CO932-316-JEFFERSON-12","#FFFF85",-105.358,39.66325,"15 - 20 Deg. F. / 3 - 6","","15 - 20 Deg. F.","6-Mar","15 - 20 Deg. F. / 3 - 6","15 - 20 / semi-humid","CO.3","#698b69","semi-humid, warm","#FFFF85","F"
"ARFR-CO932-314-JEFFERSON-12","black",1,8,1,8,NA,8,NA,4.5,1,NA,NA,9.6,1,NA,2,1,NA,2,1,NA,2,20.7,1,NA,2,1,NA,3,1,NA,3,1,3,1,NA,3,1,NA,NA,NA,NA,NA,NA,NA,NA,NA,"Y",NA,"N",NA,"ARFR4-SOS-CO932-314-JEFFERSON-12","#FEE08B",-105.3553333,39.40902778,"10 - 15 Deg. F. / 3 - 6","","10 - 15 Deg. F.","6-Mar","10 - 15 Deg. F. / 3 - 6","10 - 15 / semi-humid","CO.2","#66e566","semi-humid, cool","#FEE08B","E"
"ARFR-WY050-151-FREMONT-16","black",1,9,1,9,NA,9,NA,5.7,1,NA,NA,10.5,1,NA,2,1,NA,2,1,NA,2,19.8,1,NA,2,1,NA,2,1,NA,3,1,3,1,NA,3,1,NA,NA,NA,NA,NA,NA,NA,NA,NA,"Y",NA,"N",NA,"ARFR4-SOS-WY050-151-FREMONT-16","#3288BD",-108.1704472,42.47886111,"10 - 15 Deg. F. / 6 - 12","","10 - 15 Deg. F.","12-Jun","10 - 15 Deg. F. / 6 - 12","10 - 15 / semi-arid","WY.2","#cd8500","semi-arid, cool","#3288BD","J"
"ARFR-WY050-151-FREMONT-16","black",1,10,1,10,143,10,NA,4.5,1,NA,NA,6.6,1,NA,2,1,NA,2,1,NA,2,11.1,1,NA,2,1,NA,2,1,NA,2,1,2,1,NA,2,1,NA,NA,NA,NA,NA,NA,NA,NA,NA,"Y",NA,"N",NA,"ARFR4-SOS-WY050-151-FREMONT-16","#3288BD",-108.1704472,42.47886111,"10 - 15 Deg. F. / 6 - 12","","10 - 15 Deg. F.","12-Jun","10 - 15 Deg. F. / 6 - 12","10 - 15 / semi-arid","WY.2","#cd8500","semi-arid, cool","#3288BD","J"
"ARFR-CO932-294-11","black",1,11,1,11,NA,11,NA,5.1,1,NA,NA,7.6,1,NA,2,1,NA,2,1,NA,2,17.2,1,NA,2,1,NA,2,1,NA,2,1,3,1,NA,3,1,NA,NA,NA,NA,NA,NA,NA,NA,NA,"Y",NA,"N",NA,"ARFR4-SOS-CO932-294-11","#ABDDA4",-105.2030833,39.78458333,"15 - 20 Deg. F. / 3 - 6","","15 - 20 Deg. F.","6-Mar","15 - 20 Deg. F. / 3 - 6","15 - 20 / semi-humid","CO.4","#698b69","semi-humid, warm","#ABDDA4","H"
"ARFR-NM930N-66-11","black",1,12,1,12,NA,12,NA,5,1,NA,NA,14.3,1,NA,2,1,NA,2,1,NA,2,51.5,1,NA,2,1,NA,3,1,NA,3,1,3,1,NA,3,1,NA,NA,NA,NA,NA,NA,NA,NA,NA,"Y",NA,"N",NA,"ARFR4-SOS-NM930N-66-11","#F46D43",-107.2045028,36.76818611,"10 - 15 Deg. F. / 3 - 6","","10 - 15 Deg. F.","6-Mar","10 - 15 Deg. F. / 3 - 6","10 - 15 / semi-humid","NM.1","#66e566","semi-humid, cool","#F46D43","C"
"ARFR-WY050-49-FREMONT-12","black",1,13,1,13,NA,13,NA,5.1,1,NA,NA,8.9,1,NA,2,1,NA,2,1,NA,2,18.1,1,NA,2,1,NA,2,1,NA,2,1,2,1,NA,2,1,NA,NA,NA,NA,NA,NA,NA,NA,NA,"Y",NA,"N",NA,"ARFR4-SOS-WY050-49-FREMONT-12","#5E4FA2",-109.34775,43.42663611,"5 - 10 Deg. F. / 6 - 12","","5 - 10 Deg. F.","12-Jun","5 - 10 Deg. F. / 6 - 12","5 - 10 / semi-arid","WY.3","#ffb90f","semi-arid, cold","#5E4FA2","K"
"ARFR-AZ930-423-NAVAJO-18","black",1,14,1,14,NA,14,NA,3,1,NA,NA,9.9,1,NA,2,1,NA,2,1,NA,2,37.2,1,NA,2,1,NA,3,1,NA,3,1,3,1,NA,3,1,NA,NA,NA,NA,NA,NA,NA,NA,NA,"Y",NA,"N",NA,"ARFR4-SOS-AZ930-423-NAVAJO-18","#9E0142",-110.431,36.45877,"15 - 20 Deg. F. / 6 - 12","SdZones downloaded 20230823","15 - 20 Deg. F.","12-Jun","15 - 20 Deg. F. / 6 - 12","15 - 20 / semi-arid","AZ.1","#ee5c42","semi-arid, warm","#9E0142","A"
"ARFR-WY050-151-FREMONT-16","black",1,15,1,15,144,15,NA,7,1,NA,NA,10.8,1,NA,2,1,NA,2,1,NA,2,12.9,1,NA,2,1,NA,2,1,NA,2,1,2,1,NA,2,1,NA,NA,NA,NA,NA,NA,NA,NA,NA,"Y",NA,"N",NA,"ARFR4-SOS-WY050-151-FREMONT-16","#3288BD",-108.1704472,42.47886111,"10 - 15 Deg. F. / 6 - 12","","10 - 15 Deg. F.","12-Jun","10 - 15 Deg. F. / 6 - 12","10 - 15 / semi-arid","WY.2","#cd8500","semi-arid, cool","#3288BD","J"
"ARFR-WY040-71-10","black",1,16,1,16,NA,16,NA,3.2,1,NA,NA,7,1,NA,2,1,NA,2,1,NA,2,14.2,1,NA,2,1,NA,3,1,NA,3,1,3,1,NA,3,1,NA,NA,NA,NA,NA,NA,NA,NA,NA,"Y",NA,"N",NA,"ARFR4-SOS-WY040-71-10","#66C2A5",-109.2433156,41.13271889,"5 - 10 Deg. F. / 3 - 6","","5 - 10 Deg. F.","6-Mar","5 - 10 Deg. F. / 3 - 6","5 - 10 / semi-humid","WY.1","#a5c2f1","semi-humid, cold","#66C2A5","I"
"ARFR-CO932-294-11","black",1,17,1,17,NA,17,NA,5.6,1,NA,NA,9.1,1,NA,2,1,NA,2,1,NA,2,13.1,1,NA,2,1,NA,2,1,NA,3,1,3,1,NA,3,1,NA,NA,NA,NA,NA,NA,NA,NA,NA,"Y",NA,"N",NA,"ARFR4-SOS-CO932-294-11","#ABDDA4",-105.2030833,39.78458333,"15 - 20 Deg. F. / 3 - 6","","15 - 20 Deg. F.","6-Mar","15 - 20 Deg. F. / 3 - 6","15 - 20 / semi-humid","CO.4","#698b69","semi-humid, warm","#ABDDA4","H"
"ARFR-WY050-49-FREMONT-12","black",1,18,1,18,NA,18,NA,4.3,1,NA,NA,8.6,1,NA,2,1,NA,2,1,NA,2,14.2,1,NA,2,1,NA,2,1,NA,2,1,2,1,NA,2,1,NA,NA,NA,NA,NA,NA,NA,NA,NA,"Y",NA,"N",NA,"ARFR4-SOS-WY050-49-FREMONT-12","#5E4FA2",-109.34775,43.42663611,"5 - 10 Deg. F. / 6 - 12","","5 - 10 Deg. F.","12-Jun","5 - 10 Deg. F. / 6 - 12","5 - 10 / semi-arid","WY.3","#ffb90f","semi-arid, cold","#5E4FA2","K"
"ARFR-CO932-314-JEFFERSON-12","black",1,19,1,19,NA,19,NA,5.5,1,NA,NA,12.8,1,NA,2,1,NA,2,1,NA,2,38.1,1,NA,2,1,NA,3,1,NA,3,1,3,1,NA,3,1,NA,NA,NA,NA,NA,NA,NA,NA,NA,"Y",NA,"N",NA,"ARFR4-SOS-CO932-314-JEFFERSON-12","#FEE08B",-105.3553333,39.40902778,"10 - 15 Deg. F. / 3 - 6","","10 - 15 Deg. F.","6-Mar","10 - 15 Deg. F. / 3 - 6","10 - 15 / semi-humid","CO.2","#66e566","semi-humid, cool","#FEE08B","E"
"ARFR-CO932-314-JEFFERSON-12","black",1,20,1,20,145,20,NA,5,1,NA,NA,11.7,1,NA,2,1,NA,2,1,NA,2,39,1,NA,2,1,NA,3,1,NA,3,1,3,1,NA,3,1,NA,NA,NA,NA,NA,NA,NA,NA,NA,"Y",NA,"N",NA,"ARFR4-SOS-CO932-314-JEFFERSON-12","#FEE08B",-105.3553333,39.40902778,"10 - 15 Deg. F. / 3 - 6","","10 - 15 Deg. F.","6-Mar","10 - 15 Deg. F. / 3 - 6","10 - 15 / semi-humid","CO.2","#66e566","semi-humid, cool","#FEE08B","E"
"ARFR-WY050-151-FREMONT-16","black",1,21,1,21,NA,21,NA,4.5,1,NA,NA,7.4,1,NA,2,1,NA,2,1,NA,2,16.2,1,NA,2,1,NA,2,1,NA,3,1,3,1,NA,3,1,NA,NA,NA,NA,NA,NA,NA,NA,NA,"Y",NA,"N",NA,"ARFR4-SOS-WY050-151-FREMONT-16","#3288BD",-108.1704472,42.47886111,"10 - 15 Deg. F. / 6 - 12","","10 - 15 Deg. F.","12-Jun","10 - 15 Deg. F. / 6 - 12","10 - 15 / semi-arid","WY.2","#cd8500","semi-arid, cool","#3288BD","J"
"ARFR-WY040-71-10","black",1,22,1,22,NA,22,NA,2,1,NA,NA,6,1,NA,2,1,NA,2,1,NA,2,28.2,1,NA,2,1,NA,3,1,NA,3,1,3,1,NA,3,1,NA,NA,NA,NA,NA,NA,NA,NA,NA,"Y",NA,"N",NA,"ARFR4-SOS-WY040-71-10","#66C2A5",-109.2433156,41.13271889,"5 - 10 Deg. F. / 3 - 6","","5 - 10 Deg. F.","6-Mar","5 - 10 Deg. F. / 3 - 6","5 - 10 / semi-humid","WY.1","#a5c2f1","semi-humid, cold","#66C2A5","I"
"ARFR-CO932-316-JEFFERSON-12","black",1,23,1,23,NA,23,NA,4.1,1,NA,NA,9.7,1,NA,2,1,NA,2,1,NA,2,41,1,NA,2,1,NA,3,1,NA,3,1,3,1,NA,3,1,NA,NA,NA,NA,NA,NA,NA,NA,NA,"Y",NA,"N",NA,"ARFR4-SOS-CO932-316-JEFFERSON-12","#FFFF85",-105.358,39.66325,"15 - 20 Deg. F. / 3 - 6","","15 - 20 Deg. F.","6-Mar","15 - 20 Deg. F. / 3 - 6","15 - 20 / semi-humid","CO.3","#698b69","semi-humid, warm","#FFFF85","F"
"ARFR-AZ930-422-NAVAJO-18","black",1,24,1,24,NA,24,NA,3.2,1,NA,NA,11,1,NA,2,1,NA,2,1,NA,2,59.9,1,NA,2,1,NA,3,1,NA,3,1,3,1,NA,3,1,NA,NA,NA,NA,NA,NA,NA,NA,NA,"Y",NA,"N",NA,"ARFR4-SOS-AZ930-422-NAVAJO-18","#D53E4F",-110.431,36.56805,"15 - 20 Deg. F. / 6 - 12","Lats corrected 20230127","15 - 20 Deg. F.","12-Jun","15 - 20 Deg. F. / 6 - 12","15 - 20 / semi-arid","AZ.2","#ee5c42","semi-arid, warm","#D53E4F","B"
"ARFR-AZ930-423-NAVAJO-18","black",1,25,1,25,146,25,NA,6.7,1,NA,NA,15.5,1,NA,2,1,NA,2,1,NA,2,39.1,1,NA,2,1,NA,3,1,NA,3,1,3,1,NA,3,1,NA,NA,NA,NA,NA,NA,NA,NA,NA,"Y",NA,"Y",NA,"ARFR4-SOS-AZ930-423-NAVAJO-18","#9E0142",-110.431,36.45877,"15 - 20 Deg. F. / 6 - 12","SdZones downloaded 20230823","15 - 20 Deg. F.","12-Jun","15 - 20 Deg. F. / 6 - 12","15 - 20 / semi-arid","AZ.1","#ee5c42","semi-arid, warm","#9E0142","A"
"ARFR-AZ930-422-NAVAJO-18","black",1,26,1,26,NA,26,NA,5.1,1,NA,NA,11.5,1,NA,2,1,NA,2,1,NA,2,42.7,1,NA,2,1,NA,3,1,NA,3,1,3,1,NA,3,1,NA,NA,NA,NA,NA,NA,NA,NA,NA,"Y",NA,"N",NA,"ARFR4-SOS-AZ930-422-NAVAJO-18","#D53E4F",-110.431,36.56805,"15 - 20 Deg. F. / 6 - 12","Lats corrected 20230127","15 - 20 Deg. F.","12-Jun","15 - 20 Deg. F. / 6 - 12","15 - 20 / semi-arid","AZ.2","#ee5c42","semi-arid, warm","#D53E4F","B"
"ARFR-NM930N-66-11","black",1,27,1,27,NA,27,NA,4.6,1,NA,NA,12.4,1,NA,2,1,NA,2,1,NA,2,46.1,1,NA,2,1,NA,3,1,NA,3,1,3,1,NA,3,1,NA,NA,NA,NA,NA,NA,NA,NA,NA,"Y",NA,"N",NA,"ARFR4-SOS-NM930N-66-11","#F46D43",-107.2045028,36.76818611,"10 - 15 Deg. F. / 3 - 6","","10 - 15 Deg. F.","6-Mar","10 - 15 Deg. F. / 3 - 6","10 - 15 / semi-humid","NM.1","#66e566","semi-humid, cool","#F46D43","C"
"ARFR-WY040-71-10","black",1,28,1,28,NA,28,NA,5,1,NA,NA,7.4,1,NA,2,1,NA,2,1,NA,2,18.4,1,NA,2,1,NA,2,1,NA,2,1,2,1,NA,2,1,NA,NA,NA,NA,NA,NA,NA,NA,NA,"Y",NA,"N",NA,"ARFR4-SOS-WY040-71-10","#66C2A5",-109.2433156,41.13271889,"5 - 10 Deg. F. / 3 - 6","","5 - 10 Deg. F.","6-Mar","5 - 10 Deg. F. / 3 - 6","5 - 10 / semi-humid","WY.1","#a5c2f1","semi-humid, cold","#66C2A5","I"
"ARFR-WY040-71-10","black",1,29,1,29,NA,29,NA,3.2,1,NA,NA,4.4,1,NA,2,1,NA,2,1,NA,2,7.9,1,NA,2,1,NA,2,1,NA,2,1,2,1,NA,2,1,NA,NA,NA,NA,NA,NA,NA,NA,NA,"Y",NA,"N",NA,"ARFR4-SOS-WY040-71-10","#66C2A5",-109.2433156,41.13271889,"5 - 10 Deg. F. / 3 - 6","","5 - 10 Deg. F.","6-Mar","5 - 10 Deg. F. / 3 - 6","5 - 10 / semi-humid","WY.1","#a5c2f1","semi-humid, cold","#66C2A5","I"
"ARFR-NM930N-66-11","black",1,30,1,30,147,30,NA,6.3,1,NA,NA,15.1,1,NA,2,1,NA,2,1,NA,2,52.9,1,NA,2,1,NA,3,1,NA,3,1,3,1,NA,3,1,NA,NA,NA,NA,NA,NA,NA,NA,NA,"Y",NA,"N",NA,"ARFR4-SOS-NM930N-66-11","#F46D43",-107.2045028,36.76818611,"10 - 15 Deg. F. / 3 - 6","","10 - 15 Deg. F.","6-Mar","10 - 15 Deg. F. / 3 - 6","10 - 15 / semi-humid","NM.1","#66e566","semi-humid, cool","#F46D43","C"
"ARFR-CO932-294-11","black",1,31,1,31,NA,31,NA,4,1,NA,NA,9.1,1,NA,2,1,NA,2,1,NA,2,20.6,1,NA,2,1,NA,2,1,NA,3,1,3,1,NA,3,1,NA,NA,NA,NA,NA,NA,NA,NA,NA,"Y",NA,"Y",NA,"ARFR4-SOS-CO932-294-11","#ABDDA4",-105.2030833,39.78458333,"15 - 20 Deg. F. / 3 - 6","","15 - 20 Deg. F.","6-Mar","15 - 20 Deg. F. / 3 - 6","15 - 20 / semi-humid","CO.4","#698b69","semi-humid, warm","#ABDDA4","H"
"ARFR-WY050-49-FREMONT-12","black",1,32,1,32,NA,32,NA,4.5,1,NA,NA,8.5,1,NA,2,1,NA,2,1,NA,2,14.5,1,NA,2,1,NA,2,1,NA,2,1,2,1,NA,2,1,NA,NA,NA,NA,NA,NA,NA,NA,NA,"Y",NA,"N",NA,"ARFR4-SOS-WY050-49-FREMONT-12","#5E4FA2",-109.34775,43.42663611,"5 - 10 Deg. F. / 6 - 12","","5 - 10 Deg. F.","12-Jun","5 - 10 Deg. F. / 6 - 12","5 - 10 / semi-arid","WY.3","#ffb90f","semi-arid, cold","#5E4FA2","K"
"ARFR-WY040-71-10","black",1,33,1,33,NA,33,NA,4.2,1,NA,NA,7,1,NA,2,1,NA,2,1,NA,2,12,1,NA,2,1,NA,2,1,NA,2,1,2,1,NA,2,1,NA,NA,NA,NA,NA,NA,NA,NA,NA,"Y",NA,"N",NA,"ARFR4-SOS-WY040-71-10","#66C2A5",-109.2433156,41.13271889,"5 - 10 Deg. F. / 3 - 6","","5 - 10 Deg. F.","6-Mar","5 - 10 Deg. F. / 3 - 6","5 - 10 / semi-humid","WY.1","#a5c2f1","semi-humid, cold","#66C2A5","I"
"ARFR-AZ930-422-NAVAJO-18","black",1,34,1,34,NA,34,NA,5,1,NA,NA,16.2,1,NA,2,1,NA,2,1,NA,2,51.6,1,NA,2,1,NA,3,1,NA,3,1,3,1,NA,3,1,NA,NA,NA,NA,NA,NA,NA,NA,NA,"Y",NA,"N",NA,"ARFR4-SOS-AZ930-422-NAVAJO-18","#D53E4F",-110.431,36.56805,"15 - 20 Deg. F. / 6 - 12","Lats corrected 20230127","15 - 20 Deg. F.","12-Jun","15 - 20 Deg. F. / 6 - 12","15 - 20 / semi-arid","AZ.2","#ee5c42","semi-arid, warm","#D53E4F","B"
"ARFR-UT080-109-UINTAH-12","black",1,35,1,35,148,35,NA,6.9,1,NA,NA,15.6,1,NA,2,1,NA,2,1,NA,2,48.8,1,NA,2,1,NA,3,1,NA,3,1,3,1,NA,3,1,NA,NA,NA,NA,NA,NA,NA,NA,NA,"Y",NA,"N",NA,"ARFR4-SOS-UT080-109-UINTAH-12","#aabe7f",-109.1426444,39.70802222,"10 - 15 Deg. F. / 3 - 6","","10 - 15 Deg. F.","6-Mar","10 - 15 Deg. F. / 3 - 6","10 - 15 / semi-humid","UT.1","#66e566","semi-humid, cool","#aabe7f","G"
"ARFR-WY050-49-FREMONT-12","black",1,36,1,36,NA,36,NA,4.9,1,NA,NA,8.9,1,NA,2,1,NA,2,1,NA,2,16,1,NA,2,1,NA,2,1,NA,2,1,2,1,NA,2,1,NA,NA,NA,NA,NA,NA,NA,NA,NA,"Y",NA,"N",NA,"ARFR4-SOS-WY050-49-FREMONT-12","#5E4FA2",-109.34775,43.42663611,"5 - 10 Deg. F. / 6 - 12","","5 - 10 Deg. F.","12-Jun","5 - 10 Deg. F. / 6 - 12","5 - 10 / semi-arid","WY.3","#ffb90f","semi-arid, cold","#5E4FA2","K"
"ARFR-WY040-71-10","black",1,37,1,37,NA,37,NA,4,1,NA,NA,5.4,1,NA,2,1,NA,2,1,NA,2,10.6,1,NA,2,1,NA,2,1,NA,2,1,2,1,NA,2,1,NA,NA,NA,NA,NA,NA,NA,NA,NA,"Y",NA,"N",NA,"ARFR4-SOS-WY040-71-10","#66C2A5",-109.2433156,41.13271889,"5 - 10 Deg. F. / 3 - 6","","5 - 10 Deg. F.","6-Mar","5 - 10 Deg. F. / 3 - 6","5 - 10 / semi-humid","WY.1","#a5c2f1","semi-humid, cold","#66C2A5","I"
"ARFR-AZ930-423-NAVAJO-18","black",1,38,1,38,NA,38,NA,4.4,1,NA,NA,10.7,1,NA,2,1,NA,2,1,NA,2,47.1,1,NA,2,1,NA,3,1,NA,3,1,3,1,NA,3,1,NA,NA,NA,NA,NA,NA,NA,NA,NA,"Y",NA,"N",NA,"ARFR4-SOS-AZ930-423-NAVAJO-18","#9E0142",-110.431,36.45877,"15 - 20 Deg. F. / 6 - 12","SdZones downloaded 20230823","15 - 20 Deg. F.","12-Jun","15 - 20 Deg. F. / 6 - 12","15 - 20 / semi-arid","AZ.1","#ee5c42","semi-arid, warm","#9E0142","A"
"ARFR-WY930-44-LASANIMAS-13","black",1,39,1,39,NA,39,NA,4.2,1,NA,NA,10.6,1,NA,2,1,NA,2,1,NA,2,30,1,NA,2,1,NA,2,1,NA,3,1,3,1,NA,3,1,NA,NA,NA,NA,NA,NA,NA,NA,NA,"Y",NA,"N",NA,"ARFR4-SOS-WY930-44-LASANIMAS-13","#FDAE61",-104.6423889,37.16547222,"15 - 20 Deg. F. / 3 - 6","","15 - 20 Deg. F.","6-Mar","15 - 20 Deg. F. / 3 - 6","15 - 20 / semi-humid","CO.1","#698b69","semi-humid, warm","#FDAE61","D"
"ARFR-AZ930-422-NAVAJO-18","black",1,40,1,40,149,40,NA,5.5,1,NA,NA,9.6,1,NA,2,1,NA,2,1,NA,2,15.3,1,NA,2,1,NA,2,1,NA,3,1,3,1,NA,3,1,NA,NA,NA,NA,NA,NA,NA,NA,NA,"Y",NA,"N",NA,"ARFR4-SOS-AZ930-422-NAVAJO-18","#D53E4F",-110.431,36.56805,"15 - 20 Deg. F. / 6 - 12","Lats corrected 20230127","15 - 20 Deg. F.","12-Jun","15 - 20 Deg. F. / 6 - 12","15 - 20 / semi-arid","AZ.2","#ee5c42","semi-arid, warm","#D53E4F","B"
"ARFR-AZ930-422-NAVAJO-18","black",1,41,1,41,NA,41,NA,3.4,1,NA,NA,13,1,NA,2,1,NA,2,1,NA,2,53.8,1,NA,2,1,NA,3,1,NA,3,1,3,1,NA,3,1,NA,NA,NA,NA,NA,NA,NA,NA,NA,"Y",NA,"N",NA,"ARFR4-SOS-AZ930-422-NAVAJO-18","#D53E4F",-110.431,36.56805,"15 - 20 Deg. F. / 6 - 12","Lats corrected 20230127","15 - 20 Deg. F.","12-Jun","15 - 20 Deg. F. / 6 - 12","15 - 20 / semi-arid","AZ.2","#ee5c42","semi-arid, warm","#D53E4F","B"
"ARFR-CO932-294-11","black",1,42,1,42,NA,42,NA,5.8,1,NA,NA,7.7,1,NA,2,1,NA,2,1,NA,2,22.9,1,NA,2,1,NA,2,1,NA,3,1,3,1,NA,3,1,NA,NA,NA,NA,NA,NA,NA,NA,NA,"Y",NA,"Y",NA,"ARFR4-SOS-CO932-294-11","#ABDDA4",-105.2030833,39.78458333,"15 - 20 Deg. F. / 3 - 6","","15 - 20 Deg. F.","6-Mar","15 - 20 Deg. F. / 3 - 6","15 - 20 / semi-humid","CO.4","#698b69","semi-humid, warm","#ABDDA4","H"
"ARFR-AZ930-422-NAVAJO-18","black",1,43,1,43,NA,43,NA,3.4,1,NA,NA,9.8,1,NA,2,1,NA,2,1,NA,2,42.9,1,NA,2,1,NA,3,1,NA,3,1,3,1,NA,3,1,NA,NA,NA,NA,NA,NA,NA,NA,NA,"Y",NA,"N",NA,"ARFR4-SOS-AZ930-422-NAVAJO-18","#D53E4F",-110.431,36.56805,"15 - 20 Deg. F. / 6 - 12","Lats corrected 20230127","15 - 20 Deg. F.","12-Jun","15 - 20 Deg. F. / 6 - 12","15 - 20 / semi-arid","AZ.2","#ee5c42","semi-arid, warm","#D53E4F","B"
"ARFR-AZ930-422-NAVAJO-18","black",1,44,1,44,NA,44,NA,7.1,1,NA,NA,15.3,1,NA,2,1,NA,2,1,NA,2,49.2,1,NA,2,1,NA,3,1,NA,3,1,3,1,NA,3,1,NA,NA,NA,NA,NA,NA,NA,NA,NA,"Y",NA,"N",NA,"ARFR4-SOS-AZ930-422-NAVAJO-18","#D53E4F",-110.431,36.56805,"15 - 20 Deg. F. / 6 - 12","Lats corrected 20230127","15 - 20 Deg. F.","12-Jun","15 - 20 Deg. F. / 6 - 12","15 - 20 / semi-arid","AZ.2","#ee5c42","semi-arid, warm","#D53E4F","B"
"ARFR-CO932-314-JEFFERSON-12","black",1,45,1,45,150,45,NA,3.7,1,NA,NA,9.8,1,NA,2,1,NA,2,1,NA,2,22,1,NA,2,1,NA,3,1,NA,3,1,3,1,NA,3,1,NA,NA,NA,NA,NA,NA,NA,NA,NA,"Y",NA,"N",NA,"ARFR4-SOS-CO932-314-JEFFERSON-12","#FEE08B",-105.3553333,39.40902778,"10 - 15 Deg. F. / 3 - 6","","10 - 15 Deg. F.","6-Mar","10 - 15 Deg. F. / 3 - 6","10 - 15 / semi-humid","CO.2","#66e566","semi-humid, cool","#FEE08B","E"
"ARFR-WY050-49-FREMONT-12","black",1,46,1,46,NA,46,NA,6,1,NA,NA,9.9,1,NA,2,1,NA,2,1,NA,2,18.1,1,NA,2,1,NA,3,1,NA,3,1,3,1,NA,3,1,NA,NA,NA,NA,NA,NA,NA,NA,NA,"Y",NA,"N",NA,"ARFR4-SOS-WY050-49-FREMONT-12","#5E4FA2",-109.34775,43.42663611,"5 - 10 Deg. F. / 6 - 12","","5 - 10 Deg. F.","12-Jun","5 - 10 Deg. F. / 6 - 12","5 - 10 / semi-arid","WY.3","#ffb90f","semi-arid, cold","#5E4FA2","K"
"ARFR-WY040-71-10","black",1,47,1,47,NA,47,NA,4.4,1,NA,NA,7,1,NA,2,1,NA,2,1,NA,2,13.7,1,NA,2,1,NA,3,1,NA,3,1,3,1,NA,3,1,NA,NA,NA,NA,NA,NA,NA,NA,NA,"Y",NA,"N",NA,"ARFR4-SOS-WY040-71-10","#66C2A5",-109.2433156,41.13271889,"5 - 10 Deg. F. / 3 - 6","","5 - 10 Deg. F.","6-Mar","5 - 10 Deg. F. / 3 - 6","5 - 10 / semi-humid","WY.1","#a5c2f1","semi-humid, cold","#66C2A5","I"
"ARFR-AZ930-423-NAVAJO-18","black",1,48,1,48,NA,48,NA,3.9,1,NA,NA,10.2,1,NA,2,1,NA,2,1,NA,2,44.4,1,NA,2,1,NA,3,1,NA,3,1,3,1,NA,3,1,NA,NA,NA,NA,NA,NA,NA,NA,NA,"Y",NA,"N",NA,"ARFR4-SOS-AZ930-423-NAVAJO-18","#9E0142",-110.431,36.45877,"15 - 20 Deg. F. / 6 - 12","SdZones downloaded 20230823","15 - 20 Deg. F.","12-Jun","15 - 20 Deg. F. / 6 - 12","15 - 20 / semi-arid","AZ.1","#ee5c42","semi-arid, warm","#9E0142","A"
"ARFR-WY040-71-10","black",1,49,1,49,NA,49,NA,5.5,1,NA,NA,7.5,1,NA,2,1,NA,2,1,NA,2,13.3,1,NA,2,1,NA,3,1,NA,3,1,3,1,NA,3,1,NA,NA,NA,NA,NA,NA,NA,NA,NA,"Y",NA,"N",NA,"ARFR4-SOS-WY040-71-10","#66C2A5",-109.2433156,41.13271889,"5 - 10 Deg. F. / 3 - 6","","5 - 10 Deg. F.","6-Mar","5 - 10 Deg. F. / 3 - 6","5 - 10 / semi-humid","WY.1","#a5c2f1","semi-humid, cold","#66C2A5","I"
"ARFR-CO932-294-11","black",1,50,1,50,151,50,NA,5.5,1,NA,NA,7,1,NA,2,1,NA,2,1,NA,2,21.6,1,NA,2,1,NA,3,1,NA,3,1,3,1,NA,3,1,NA,NA,NA,NA,NA,NA,NA,NA,NA,"Y",NA,"N",NA,"ARFR4-SOS-CO932-294-11","#ABDDA4",-105.2030833,39.78458333,"15 - 20 Deg. F. / 3 - 6","","15 - 20 Deg. F.","6-Mar","15 - 20 Deg. F. / 3 - 6","15 - 20 / semi-humid","CO.4","#698b69","semi-humid, warm","#ABDDA4","H"
"ARFR-WY040-71-10","black",1,51,1,51,NA,51,NA,3.5,1,NA,NA,8,1,NA,2,1,NA,2,1,NA,2,15.3,1,NA,2,1,NA,2,1,NA,2,1,2,1,NA,2,1,NA,NA,NA,NA,NA,NA,NA,NA,NA,"Y",NA,"N",NA,"ARFR4-SOS-WY040-71-10","#66C2A5",-109.2433156,41.13271889,"5 - 10 Deg. F. / 3 - 6","","5 - 10 Deg. F.","6-Mar","5 - 10 Deg. F. / 3 - 6","5 - 10 / semi-humid","WY.1","#a5c2f1","semi-humid, cold","#66C2A5","I"
"ARFR-WY050-151-FREMONT-16","black",1,52,1,52,NA,52,NA,3.6,1,NA,NA,7.1,1,NA,2,1,NA,2,1,NA,2,15.8,1,NA,2,1,NA,3,1,NA,3,1,3,1,NA,3,1,NA,NA,NA,NA,NA,NA,NA,NA,NA,"Y",NA,"Y",NA,"ARFR4-SOS-WY050-151-FREMONT-16","#3288BD",-108.1704472,42.47886111,"10 - 15 Deg. F. / 6 - 12","","10 - 15 Deg. F.","12-Jun","10 - 15 Deg. F. / 6 - 12","10 - 15 / semi-arid","WY.2","#cd8500","semi-arid, cool","#3288BD","J"
"ARFR-WY050-151-FREMONT-16","black",1,53,1,53,NA,53,NA,5.7,1,NA,NA,7.3,1,NA,2,1,NA,2,1,NA,2,11.7,1,NA,2,1,NA,2,1,NA,2,1,2,1,NA,2,1,NA,NA,NA,NA,NA,NA,NA,NA,NA,"Y",NA,"N",NA,"ARFR4-SOS-WY050-151-FREMONT-16","#3288BD",-108.1704472,42.47886111,"10 - 15 Deg. F. / 6 - 12","","10 - 15 Deg. F.","12-Jun","10 - 15 Deg. F. / 6 - 12","10 - 15 / semi-arid","WY.2","#cd8500","semi-arid, cool","#3288BD","J"
"ARFR-WY930-44-LASANIMAS-13","black",1,54,1,54,NA,54,NA,5.3,1,NA,NA,13.5,1,NA,2,1,NA,2,1,NA,2,36.7,1,NA,2,1,NA,3,1,NA,3,1,3,1,NA,3,1,NA,NA,NA,NA,NA,NA,NA,NA,NA,"Y",NA,"N",NA,"ARFR4-SOS-WY930-44-LASANIMAS-13","#FDAE61",-104.6423889,37.16547222,"15 - 20 Deg. F. / 3 - 6","","15 - 20 Deg. F.","6-Mar","15 - 20 Deg. F. / 3 - 6","15 - 20 / semi-humid","CO.1","#698b69","semi-humid, warm","#FDAE61","D"
"ARFR-WY050-151-FREMONT-16","black",1,55,1,55,152,55,NA,5.4,1,NA,NA,8.4,1,NA,2,1,NA,2,1,NA,2,13.6,1,NA,2,1,NA,3,1,NA,3,1,3,1,NA,3,1,NA,NA,NA,NA,NA,NA,NA,NA,NA,"Y",NA,"N",NA,"ARFR4-SOS-WY050-151-FREMONT-16","#3288BD",-108.1704472,42.47886111,"10 - 15 Deg. F. / 6 - 12","","10 - 15 Deg. F.","12-Jun","10 - 15 Deg. F. / 6 - 12","10 - 15 / semi-arid","WY.2","#cd8500","semi-arid, cool","#3288BD","J"
"ARFR-AZ930-422-NAVAJO-18","black",1,56,2,1,141,56,NA,4.6,1,NA,NA,19.8,1,NA,2,1,NA,2,1,NA,2,51,1,NA,2,1,NA,3,1,NA,3,1,3,1,NA,3,1,NA,NA,NA,NA,NA,NA,NA,NA,NA,"Y",NA,"N",NA,"ARFR4-SOS-AZ930-422-NAVAJO-18","#D53E4F",-110.431,36.56805,"15 - 20 Deg. F. / 6 - 12","Lats corrected 20230127","15 - 20 Deg. F.","12-Jun","15 - 20 Deg. F. / 6 - 12","15 - 20 / semi-arid","AZ.2","#ee5c42","semi-arid, warm","#D53E4F","B"
"ARFR-CO932-294-11","black",1,57,2,2,NA,57,NA,4.5,1,NA,NA,10.7,1,NA,2,1,NA,2,1,NA,2,25.2,1,NA,2,1,NA,2,1,NA,3,1,3,1,NA,3,1,NA,NA,NA,NA,NA,NA,NA,NA,NA,"Y",NA,"Y",NA,"ARFR4-SOS-CO932-294-11","#ABDDA4",-105.2030833,39.78458333,"15 - 20 Deg. F. / 3 - 6","","15 - 20 Deg. F.","6-Mar","15 - 20 Deg. F. / 3 - 6","15 - 20 / semi-humid","CO.4","#698b69","semi-humid, warm","#ABDDA4","H"
"ARFR-NM930N-66-11","black",1,58,2,3,NA,58,NA,7.5,1,NA,NA,16.6,1,NA,2,1,NA,2,1,NA,2,44.9,1,NA,2,1,NA,3,1,NA,3,1,3,1,NA,3,1,NA,NA,NA,NA,NA,NA,NA,NA,NA,"Y",NA,"N",NA,"ARFR4-SOS-NM930N-66-11","#F46D43",-107.2045028,36.76818611,"10 - 15 Deg. F. / 3 - 6","","10 - 15 Deg. F.","6-Mar","10 - 15 Deg. F. / 3 - 6","10 - 15 / semi-humid","NM.1","#66e566","semi-humid, cool","#F46D43","C"
"ARFR-NM930N-66-11","black",1,59,2,4,NA,59,NA,7.9,1,NA,NA,15.7,1,NA,2,1,NA,2,1,NA,2,39.5,1,NA,2,1,NA,3,1,NA,3,1,3,1,NA,3,1,NA,NA,NA,NA,NA,NA,NA,NA,NA,"Y",NA,"N",NA,"ARFR4-SOS-NM930N-66-11","#F46D43",-107.2045028,36.76818611,"10 - 15 Deg. F. / 3 - 6","","10 - 15 Deg. F.","6-Mar","10 - 15 Deg. F. / 3 - 6","10 - 15 / semi-humid","NM.1","#66e566","semi-humid, cool","#F46D43","C"
"ARFR-NM930N-66-11","black",1,60,2,5,142,60,NA,5.4,1,NA,NA,10,1,NA,2,1,NA,2,1,NA,2,41.3,1,NA,2,1,NA,3,1,NA,3,1,3,1,NA,3,1,NA,NA,NA,NA,NA,NA,NA,NA,NA,"Y",NA,"N",NA,"ARFR4-SOS-NM930N-66-11","#F46D43",-107.2045028,36.76818611,"10 - 15 Deg. F. / 3 - 6","","10 - 15 Deg. F.","6-Mar","10 - 15 Deg. F. / 3 - 6","10 - 15 / semi-humid","NM.1","#66e566","semi-humid, cool","#F46D43","C"
"ARFR-WY050-151-FREMONT-16","black",1,61,2,6,NA,61,NA,6,1,NA,NA,11.2,1,NA,2,1,NA,2,1,NA,2,24,1,NA,2,1,NA,3,1,NA,3,1,3,1,NA,3,1,NA,NA,NA,NA,NA,NA,NA,NA,NA,"Y",NA,"N",NA,"ARFR4-SOS-WY050-151-FREMONT-16","#3288BD",-108.1704472,42.47886111,"10 - 15 Deg. F. / 6 - 12","","10 - 15 Deg. F.","12-Jun","10 - 15 Deg. F. / 6 - 12","10 - 15 / semi-arid","WY.2","#cd8500","semi-arid, cool","#3288BD","J"
"ARFR-WY930-44-LASANIMAS-13","black",1,62,2,7,NA,62,NA,4.8,1,NA,NA,10.9,1,NA,2,1,NA,2,1,NA,2,16.5,1,NA,2,1,NA,2,1,NA,3,1,3,1,NA,3,1,NA,NA,NA,NA,NA,NA,NA,NA,NA,"Y",NA,"N",NA,"ARFR4-SOS-WY930-44-LASANIMAS-13","#FDAE61",-104.6423889,37.16547222,"15 - 20 Deg. F. / 3 - 6","","15 - 20 Deg. F.","6-Mar","15 - 20 Deg. F. / 3 - 6","15 - 20 / semi-humid","CO.1","#698b69","semi-humid, warm","#FDAE61","D"
"ARFR-CO932-294-11","black",1,63,2,8,NA,63,NA,5.5,1,NA,NA,12.1,1,NA,2,1,NA,2,1,NA,2,29,1,NA,2,1,NA,3,1,NA,3,1,3,1,NA,3,1,NA,NA,NA,NA,NA,NA,NA,NA,NA,"Y",NA,"N",NA,"ARFR4-SOS-CO932-294-11","#ABDDA4",-105.2030833,39.78458333,"15 - 20 Deg. F. / 3 - 6","","15 - 20 Deg. F.","6-Mar","15 - 20 Deg. F. / 3 - 6","15 - 20 / semi-humid","CO.4","#698b69","semi-humid, warm","#ABDDA4","H"
"ARFR-WY040-71-10","black",1,64,2,9,NA,64,NA,4.6,1,NA,NA,8.1,1,NA,2,1,NA,2,1,NA,2,14.1,1,NA,2,1,NA,2,1,NA,2,1,2,1,NA,2,1,NA,NA,NA,NA,NA,NA,NA,NA,NA,"Y",NA,"Y",NA,"ARFR4-SOS-WY040-71-10","#66C2A5",-109.2433156,41.13271889,"5 - 10 Deg. F. / 3 - 6","","5 - 10 Deg. F.","6-Mar","5 - 10 Deg. F. / 3 - 6","5 - 10 / semi-humid","WY.1","#a5c2f1","semi-humid, cold","#66C2A5","I"
"ARFR-AZ930-422-NAVAJO-18","black",1,65,2,10,143,65,NA,6.6,1,NA,NA,13.5,1,NA,2,1,NA,2,1,NA,2,54,1,NA,2,1,NA,3,1,NA,3,1,3,1,NA,3,1,NA,NA,NA,NA,NA,NA,NA,NA,NA,"Y",NA,"N",NA,"ARFR4-SOS-AZ930-422-NAVAJO-18","#D53E4F",-110.431,36.56805,"15 - 20 Deg. F. / 6 - 12","Lats corrected 20230127","15 - 20 Deg. F.","12-Jun","15 - 20 Deg. F. / 6 - 12","15 - 20 / semi-arid","AZ.2","#ee5c42","semi-arid, warm","#D53E4F","B"
"ARFR-WY050-49-FREMONT-12","black",1,66,2,11,NA,66,NA,3.7,1,NA,NA,5,1,NA,2,1,NA,2,1,NA,2,10.2,1,NA,2,1,NA,2,1,NA,3,1,3,1,NA,3,1,NA,NA,NA,NA,NA,NA,NA,NA,NA,"Y",NA,"Y",NA,"ARFR4-SOS-WY050-49-FREMONT-12","#5E4FA2",-109.34775,43.42663611,"5 - 10 Deg. F. / 6 - 12","","5 - 10 Deg. F.","12-Jun","5 - 10 Deg. F. / 6 - 12","5 - 10 / semi-arid","WY.3","#ffb90f","semi-arid, cold","#5E4FA2","K"
"ARFR-UT080-109-UINTAH-12","black",1,67,2,12,NA,67,NA,4.8,1,NA,NA,11.1,1,NA,2,1,NA,2,1,NA,2,32,1,NA,2,1,NA,3,1,NA,3,1,3,1,NA,3,1,NA,NA,NA,NA,NA,NA,NA,NA,NA,"Y",NA,"N",NA,"ARFR4-SOS-UT080-109-UINTAH-12","#aabe7f",-109.1426444,39.70802222,"10 - 15 Deg. F. / 3 - 6","","10 - 15 Deg. F.","6-Mar","10 - 15 Deg. F. / 3 - 6","10 - 15 / semi-humid","UT.1","#66e566","semi-humid, cool","#aabe7f","G"
"ARFR-WY930-44-LASANIMAS-13","black",1,68,2,13,NA,68,NA,5,1,NA,NA,12.4,1,NA,2,1,NA,2,1,NA,2,39,1,NA,2,1,NA,3,1,NA,3,1,3,1,NA,3,1,NA,NA,NA,NA,NA,NA,NA,NA,NA,"Y",NA,"Y",NA,"ARFR4-SOS-WY930-44-LASANIMAS-13","#FDAE61",-104.6423889,37.16547222,"15 - 20 Deg. F. / 3 - 6","","15 - 20 Deg. F.","6-Mar","15 - 20 Deg. F. / 3 - 6","15 - 20 / semi-humid","CO.1","#698b69","semi-humid, warm","#FDAE61","D"
"ARFR-AZ930-423-NAVAJO-18","black",1,69,2,14,NA,69,NA,2.7,1,NA,NA,12,1,NA,2,1,NA,2,1,NA,2,27.4,1,NA,2,1,NA,3,1,NA,3,1,3,1,NA,3,1,NA,NA,NA,NA,NA,NA,NA,NA,NA,"Y",NA,"N",NA,"ARFR4-SOS-AZ930-423-NAVAJO-18","#9E0142",-110.431,36.45877,"15 - 20 Deg. F. / 6 - 12","SdZones downloaded 20230823","15 - 20 Deg. F.","12-Jun","15 - 20 Deg. F. / 6 - 12","15 - 20 / semi-arid","AZ.1","#ee5c42","semi-arid, warm","#9E0142","A"
"ARFR-WY050-151-FREMONT-16","black",1,70,2,15,144,70,NA,4.4,1,NA,NA,9.6,1,NA,2,1,NA,2,1,NA,2,35.5,1,NA,2,1,NA,3,1,NA,3,1,3,1,NA,3,1,NA,NA,NA,NA,NA,NA,NA,NA,NA,"Y",NA,"N",NA,"ARFR4-SOS-WY050-151-FREMONT-16","#3288BD",-108.1704472,42.47886111,"10 - 15 Deg. F. / 6 - 12","","10 - 15 Deg. F.","12-Jun","10 - 15 Deg. F. / 6 - 12","10 - 15 / semi-arid","WY.2","#cd8500","semi-arid, cool","#3288BD","J"
"ARFR-WY050-151-FREMONT-16","black",1,71,2,16,NA,71,NA,3,1,"N",NA,5.8,1,"dying? 5/27",2,1,NA,2,1,NA,2,7,1,NA,2,1,NA,2,1,NA,2,1,2,1,NA,2,1,NA,NA,NA,NA,NA,NA,NA,NA,NA,"Y",NA,"N",NA,"ARFR4-SOS-WY050-151-FREMONT-16","#3288BD",-108.1704472,42.47886111,"10 - 15 Deg. F. / 6 - 12","","10 - 15 Deg. F.","12-Jun","10 - 15 Deg. F. / 6 - 12","10 - 15 / semi-arid","WY.2","#cd8500","semi-arid, cool","#3288BD","J"
"ARFR-CO932-314-JEFFERSON-12","black",1,72,2,17,NA,72,NA,5,1,NA,NA,12.7,1,NA,2,1,NA,2,1,NA,2,29,1,NA,2,1,NA,3,1,NA,3,1,3,1,NA,3,1,NA,NA,NA,NA,NA,NA,NA,NA,NA,"Y",NA,"N",NA,"ARFR4-SOS-CO932-314-JEFFERSON-12","#FEE08B",-105.3553333,39.40902778,"10 - 15 Deg. F. / 3 - 6","","10 - 15 Deg. F.","6-Mar","10 - 15 Deg. F. / 3 - 6","10 - 15 / semi-humid","CO.2","#66e566","semi-humid, cool","#FEE08B","E"
"ARFR-UT080-109-UINTAH-12","black",1,73,2,18,NA,73,NA,2.7,1,NA,NA,9.2,1,NA,2,1,NA,2,1,NA,2,45,1,NA,2,1,NA,3,1,NA,3,1,3,1,NA,3,1,NA,NA,NA,NA,NA,NA,NA,NA,NA,"Y",NA,"N",NA,"ARFR4-SOS-UT080-109-UINTAH-12","#aabe7f",-109.1426444,39.70802222,"10 - 15 Deg. F. / 3 - 6","","10 - 15 Deg. F.","6-Mar","10 - 15 Deg. F. / 3 - 6","10 - 15 / semi-humid","UT.1","#66e566","semi-humid, cool","#aabe7f","G"
"ARFR-CO932-316-JEFFERSON-12","black",1,74,2,19,NA,74,NA,5.4,1,NA,NA,10.7,1,NA,2,1,NA,2,1,NA,2,37.5,1,NA,2,1,NA,3,1,NA,3,1,3,1,NA,3,1,NA,NA,NA,NA,NA,NA,NA,NA,NA,"Y",NA,"N",NA,"ARFR4-SOS-CO932-316-JEFFERSON-12","#FFFF85",-105.358,39.66325,"15 - 20 Deg. F. / 3 - 6","","15 - 20 Deg. F.","6-Mar","15 - 20 Deg. F. / 3 - 6","15 - 20 / semi-humid","CO.3","#698b69","semi-humid, warm","#FFFF85","F"
"ARFR-CO932-316-JEFFERSON-12","black",1,75,2,20,145,75,NA,3.6,1,NA,NA,9,1,NA,2,1,NA,2,1,NA,2,34.5,1,NA,2,1,NA,3,1,NA,3,1,3,1,NA,3,1,NA,NA,NA,NA,NA,NA,NA,NA,NA,"Y",NA,"N",NA,"ARFR4-SOS-CO932-316-JEFFERSON-12","#FFFF85",-105.358,39.66325,"15 - 20 Deg. F. / 3 - 6","","15 - 20 Deg. F.","6-Mar","15 - 20 Deg. F. / 3 - 6","15 - 20 / semi-humid","CO.3","#698b69","semi-humid, warm","#FFFF85","F"
"ARFR-UT080-109-UINTAH-12","black",1,76,2,21,NA,76,NA,3.9,1,NA,NA,10.6,1,NA,2,1,NA,2,1,NA,2,40.5,1,NA,2,1,NA,3,1,NA,3,1,3,1,NA,3,1,NA,"Yes",NA,158.01,NA,"L",126.032,36.95,29.99,"Y",NA,"N",NA,"ARFR4-SOS-UT080-109-UINTAH-12","#aabe7f",-109.1426444,39.70802222,"10 - 15 Deg. F. / 3 - 6","","10 - 15 Deg. F.","6-Mar","10 - 15 Deg. F. / 3 - 6","10 - 15 / semi-humid","UT.1","#66e566","semi-humid, cool","#aabe7f","G"
"ARFR-WY050-49-FREMONT-12","black",1,77,2,22,NA,77,NA,1.9,1,NA,NA,4.1,1,NA,2,1,NA,2,1,NA,2,4.5,1,NA,2,1,NA,2,1,NA,2,1,2,1,NA,3,1,NA,NA,NA,NA,NA,NA,NA,NA,NA,"Y",NA,"N",NA,"ARFR4-SOS-WY050-49-FREMONT-12","#5E4FA2",-109.34775,43.42663611,"5 - 10 Deg. F. / 6 - 12","","5 - 10 Deg. F.","12-Jun","5 - 10 Deg. F. / 6 - 12","5 - 10 / semi-arid","WY.3","#ffb90f","semi-arid, cold","#5E4FA2","K"
"ARFR-AZ930-423-NAVAJO-18","black",1,78,2,23,NA,78,NA,6,1,NA,NA,11,1,NA,2,1,NA,2,1,NA,2,44.7,1,NA,2,1,NA,3,1,NA,3,1,3,1,NA,3,1,NA,NA,NA,NA,NA,NA,NA,NA,NA,"Y",NA,"N",NA,"ARFR4-SOS-AZ930-423-NAVAJO-18","#9E0142",-110.431,36.45877,"15 - 20 Deg. F. / 6 - 12","SdZones downloaded 20230823","15 - 20 Deg. F.","12-Jun","15 - 20 Deg. F. / 6 - 12","15 - 20 / semi-arid","AZ.1","#ee5c42","semi-arid, warm","#9E0142","A"
"ARFR-WY050-151-FREMONT-16","black",1,79,2,24,NA,79,NA,2.2,1,NA,NA,3.3,1,NA,2,1,NA,2,1,NA,2,30.6,1,NA,2,1,NA,2,1,NA,2,1,2,1,NA,2,1,NA,NA,NA,NA,NA,NA,NA,NA,NA,"Y",NA,"N",NA,"ARFR4-SOS-WY050-151-FREMONT-16","#3288BD",-108.1704472,42.47886111,"10 - 15 Deg. F. / 6 - 12","","10 - 15 Deg. F.","12-Jun","10 - 15 Deg. F. / 6 - 12","10 - 15 / semi-arid","WY.2","#cd8500","semi-arid, cool","#3288BD","J"
"ARFR-CO932-314-JEFFERSON-12","black",1,80,2,25,146,80,NA,4.3,1,NA,NA,10.1,1,NA,2,1,NA,2,1,NA,2,30.5,1,NA,2,1,NA,3,1,NA,3,1,3,1,NA,3,1,NA,NA,NA,NA,NA,NA,NA,NA,NA,"Y",NA,"N",NA,"ARFR4-SOS-CO932-314-JEFFERSON-12","#FEE08B",-105.3553333,39.40902778,"10 - 15 Deg. F. / 3 - 6","","10 - 15 Deg. F.","6-Mar","10 - 15 Deg. F. / 3 - 6","10 - 15 / semi-humid","CO.2","#66e566","semi-humid, cool","#FEE08B","E"
"ARFR-WY050-49-FREMONT-12","black",1,81,2,26,NA,81,NA,4.6,1,NA,NA,5.9,1,"roots coming out of ground 6/22",NA,0,NA,NA,0,NA,NA,NA,0,NA,NA,0,NA,NA,0,NA,NA,0,NA,0,NA,NA,0,NA,NA,NA,NA,NA,NA,NA,NA,NA,"Y",NA,"N",NA,"ARFR4-SOS-WY050-49-FREMONT-12","#5E4FA2",-109.34775,43.42663611,"5 - 10 Deg. F. / 6 - 12","","5 - 10 Deg. F.","12-Jun","5 - 10 Deg. F. / 6 - 12","5 - 10 / semi-arid","WY.3","#ffb90f","semi-arid, cold","#5E4FA2","K"
"ARFR-WY930-44-LASANIMAS-13","black",1,82,2,27,NA,82,NA,5.4,1,NA,NA,10,1,NA,2,1,NA,2,1,NA,2,20.7,1,NA,2,1,NA,3,1,NA,3,1,3,1,NA,3,1,NA,NA,NA,NA,NA,NA,NA,NA,NA,"Y",NA,"N",NA,"ARFR4-SOS-WY930-44-LASANIMAS-13","#FDAE61",-104.6423889,37.16547222,"15 - 20 Deg. F. / 3 - 6","","15 - 20 Deg. F.","6-Mar","15 - 20 Deg. F. / 3 - 6","15 - 20 / semi-humid","CO.1","#698b69","semi-humid, warm","#FDAE61","D"
"ARFR-WY050-49-FREMONT-12","black",1,83,2,28,NA,83,NA,5.7,1,NA,NA,8.7,1,NA,2,1,NA,2,1,NA,2,18.7,1,NA,2,1,NA,2,1,NA,3,1,3,1,NA,3,1,NA,NA,NA,NA,NA,NA,NA,NA,NA,"Y",NA,"N",NA,"ARFR4-SOS-WY050-49-FREMONT-12","#5E4FA2",-109.34775,43.42663611,"5 - 10 Deg. F. / 6 - 12","","5 - 10 Deg. F.","12-Jun","5 - 10 Deg. F. / 6 - 12","5 - 10 / semi-arid","WY.3","#ffb90f","semi-arid, cold","#5E4FA2","K"
"ARFR-WY050-151-FREMONT-16","black",1,84,2,29,NA,84,NA,5.4,1,NA,NA,8.3,1,NA,2,1,NA,2,1,NA,2,24,1,NA,2,1,NA,3,1,NA,3,1,3,1,NA,3,1,NA,NA,NA,NA,NA,NA,NA,NA,NA,"Y",NA,"N",NA,"ARFR4-SOS-WY050-151-FREMONT-16","#3288BD",-108.1704472,42.47886111,"10 - 15 Deg. F. / 6 - 12","","10 - 15 Deg. F.","12-Jun","10 - 15 Deg. F. / 6 - 12","10 - 15 / semi-arid","WY.2","#cd8500","semi-arid, cool","#3288BD","J"
"ARFR-CO932-316-JEFFERSON-12","black",1,85,2,30,147,85,NA,6,1,NA,NA,11.6,1,NA,2,1,NA,2,1,NA,2,31.1,1,NA,2,1,NA,3,1,NA,3,1,3,1,NA,3,1,NA,NA,NA,NA,NA,NA,NA,NA,NA,"Y",NA,"N",NA,"ARFR4-SOS-CO932-316-JEFFERSON-12","#FFFF85",-105.358,39.66325,"15 - 20 Deg. F. / 3 - 6","","15 - 20 Deg. F.","6-Mar","15 - 20 Deg. F. / 3 - 6","15 - 20 / semi-humid","CO.3","#698b69","semi-humid, warm","#FFFF85","F"
"ARFR-WY930-44-LASANIMAS-13","black",1,86,2,31,NA,86,NA,6.9,1,NA,NA,10.1,1,NA,2,1,NA,2,1,NA,2,17.8,1,NA,2,1,NA,2,1,NA,3,1,3,1,NA,3,1,NA,NA,NA,NA,NA,NA,NA,NA,NA,"Y",NA,"N",NA,"ARFR4-SOS-WY930-44-LASANIMAS-13","#FDAE61",-104.6423889,37.16547222,"15 - 20 Deg. F. / 3 - 6","","15 - 20 Deg. F.","6-Mar","15 - 20 Deg. F. / 3 - 6","15 - 20 / semi-humid","CO.1","#698b69","semi-humid, warm","#FDAE61","D"
"ARFR-WY930-44-LASANIMAS-13","black",1,87,2,32,NA,87,NA,6.8,1,NA,NA,10.4,1,NA,2,1,NA,2,1,NA,2,25.4,1,NA,2,1,NA,3,1,NA,3,1,3,1,NA,3,1,NA,NA,NA,NA,NA,NA,NA,NA,NA,"Y",NA,"N",NA,"ARFR4-SOS-WY930-44-LASANIMAS-13","#FDAE61",-104.6423889,37.16547222,"15 - 20 Deg. F. / 3 - 6","","15 - 20 Deg. F.","6-Mar","15 - 20 Deg. F. / 3 - 6","15 - 20 / semi-humid","CO.1","#698b69","semi-humid, warm","#FDAE61","D"
"ARFR-CO932-314-JEFFERSON-12","black",1,12,2,33,NA,88,NA,5.5,1,NA,NA,10.4,1,NA,2,1,NA,2,1,NA,2,33.5,1,NA,2,1,NA,3,1,NA,3,1,3,1,NA,3,1,NA,NA,NA,NA,NA,NA,NA,NA,NA,"Y",NA,"N",NA,"ARFR4-SOS-CO932-314-JEFFERSON-12","#FEE08B",-105.3553333,39.40902778,"10 - 15 Deg. F. / 3 - 6","","10 - 15 Deg. F.","6-Mar","10 - 15 Deg. F. / 3 - 6","10 - 15 / semi-humid","CO.2","#66e566","semi-humid, cool","#FEE08B","E"
"ARFR-UT080-109-UINTAH-12","black",1,89,2,34,NA,89,NA,5.3,1,NA,NA,6.7,1,"dying 6/22",NA,0,NA,NA,0,NA,NA,NA,0,NA,NA,0,NA,NA,0,NA,NA,0,NA,0,NA,NA,0,NA,NA,NA,NA,NA,NA,NA,NA,NA,"Y",NA,"N",NA,"ARFR4-SOS-UT080-109-UINTAH-12","#aabe7f",-109.1426444,39.70802222,"10 - 15 Deg. F. / 3 - 6","","10 - 15 Deg. F.","6-Mar","10 - 15 Deg. F. / 3 - 6","10 - 15 / semi-humid","UT.1","#66e566","semi-humid, cool","#aabe7f","G"
"ARFR-WY050-49-FREMONT-12","black",1,90,2,35,148,90,NA,4.7,1,NA,NA,8.4,1,NA,2,1,NA,2,1,NA,2,19.1,1,NA,2,1,NA,2,1,NA,3,1,3,1,NA,3,1,NA,NA,NA,NA,NA,NA,NA,NA,NA,"Y",NA,"N",NA,"ARFR4-SOS-WY050-49-FREMONT-12","#5E4FA2",-109.34775,43.42663611,"5 - 10 Deg. F. / 6 - 12","","5 - 10 Deg. F.","12-Jun","5 - 10 Deg. F. / 6 - 12","5 - 10 / semi-arid","WY.3","#ffb90f","semi-arid, cold","#5E4FA2","K"
"ARFR-CO932-314-JEFFERSON-12","black",1,91,2,36,NA,91,NA,5.4,1,NA,NA,8.7,1,NA,NA,0,NA,NA,0,NA,NA,NA,0,NA,NA,0,NA,NA,0,NA,NA,0,NA,0,NA,NA,0,NA,NA,NA,NA,NA,NA,NA,NA,NA,"Y",NA,"N",NA,"ARFR4-SOS-CO932-314-JEFFERSON-12","#FEE08B",-105.3553333,39.40902778,"10 - 15 Deg. F. / 3 - 6","","10 - 15 Deg. F.","6-Mar","10 - 15 Deg. F. / 3 - 6","10 - 15 / semi-humid","CO.2","#66e566","semi-humid, cool","#FEE08B","E"
"ARFR-CO932-314-JEFFERSON-12","black",1,92,2,37,NA,92,NA,5,1,NA,NA,11,1,NA,2,1,NA,2,1,NA,2,32,1,NA,2,1,NA,3,1,NA,3,1,3,1,NA,3,1,NA,NA,NA,NA,NA,NA,NA,NA,NA,"Y",NA,"Y",NA,"ARFR4-SOS-CO932-314-JEFFERSON-12","#FEE08B",-105.3553333,39.40902778,"10 - 15 Deg. F. / 3 - 6","","10 - 15 Deg. F.","6-Mar","10 - 15 Deg. F. / 3 - 6","10 - 15 / semi-humid","CO.2","#66e566","semi-humid, cool","#FEE08B","E"
"ARFR-WY930-44-LASANIMAS-13","black",1,93,2,38,NA,93,NA,7.4,1,NA,NA,10.5,1,NA,2,1,NA,2,1,NA,2,33.2,1,NA,2,1,NA,2,1,NA,3,1,3,1,NA,3,1,NA,NA,NA,NA,NA,NA,NA,NA,NA,"Y",NA,"N",NA,"ARFR4-SOS-WY930-44-LASANIMAS-13","#FDAE61",-104.6423889,37.16547222,"15 - 20 Deg. F. / 3 - 6","","15 - 20 Deg. F.","6-Mar","15 - 20 Deg. F. / 3 - 6","15 - 20 / semi-humid","CO.1","#698b69","semi-humid, warm","#FDAE61","D"
"ARFR-NM930N-66-11","black",1,94,2,39,NA,94,NA,10,1,NA,NA,16.8,1,NA,2,1,NA,2,1,NA,2,50.2,1,NA,2,1,NA,3,1,NA,3,1,3,1,NA,3,1,NA,NA,NA,NA,NA,NA,NA,NA,NA,"Y",NA,"N",NA,"ARFR4-SOS-NM930N-66-11","#F46D43",-107.2045028,36.76818611,"10 - 15 Deg. F. / 3 - 6","","10 - 15 Deg. F.","6-Mar","10 - 15 Deg. F. / 3 - 6","10 - 15 / semi-humid","NM.1","#66e566","semi-humid, cool","#F46D43","C"
"ARFR-WY050-49-FREMONT-12","black",1,95,2,40,149,95,NA,3.9,1,NA,NA,5.2,1,NA,2,1,NA,2,1,NA,2,12.5,1,NA,2,1,NA,2,1,NA,2,1,2,1,NA,2,1,NA,NA,NA,NA,NA,NA,NA,NA,NA,"Y",NA,"Y",NA,"ARFR4-SOS-WY050-49-FREMONT-12","#5E4FA2",-109.34775,43.42663611,"5 - 10 Deg. F. / 6 - 12","","5 - 10 Deg. F.","12-Jun","5 - 10 Deg. F. / 6 - 12","5 - 10 / semi-arid","WY.3","#ffb90f","semi-arid, cold","#5E4FA2","K"
"ARFR-CO932-314-JEFFERSON-12","black",1,96,2,41,NA,96,NA,6.8,1,NA,NA,11.5,1,NA,NA,0,NA,NA,0,NA,NA,NA,0,NA,NA,0,NA,NA,0,NA,NA,0,NA,0,NA,NA,0,NA,NA,NA,NA,NA,NA,NA,NA,NA,"Y",NA,"N",NA,"ARFR4-SOS-CO932-314-JEFFERSON-12","#FEE08B",-105.3553333,39.40902778,"10 - 15 Deg. F. / 3 - 6","","10 - 15 Deg. F.","6-Mar","10 - 15 Deg. F. / 3 - 6","10 - 15 / semi-humid","CO.2","#66e566","semi-humid, cool","#FEE08B","E"
"ARFR-UT080-109-UINTAH-12","black",1,97,2,42,NA,97,NA,6.6,1,NA,NA,11.8,1,NA,2,1,NA,2,1,NA,2,49.7,1,NA,2,1,NA,3,1,NA,3,1,3,1,NA,3,1,NA,NA,NA,NA,NA,NA,NA,NA,NA,"Y",NA,"N",NA,"ARFR4-SOS-UT080-109-UINTAH-12","#aabe7f",-109.1426444,39.70802222,"10 - 15 Deg. F. / 3 - 6","","10 - 15 Deg. F.","6-Mar","10 - 15 Deg. F. / 3 - 6","10 - 15 / semi-humid","UT.1","#66e566","semi-humid, cool","#aabe7f","G"
"ARFR-CO932-314-JEFFERSON-12","black",1,98,2,43,NA,98,NA,2.5,1,NA,NA,5.1,1,NA,2,1,NA,2,1,NA,2,31,1,NA,2,1,NA,3,1,NA,3,1,3,1,NA,3,1,NA,NA,NA,NA,NA,NA,NA,NA,NA,"Y",NA,"N",NA,"ARFR4-SOS-CO932-314-JEFFERSON-12","#FEE08B",-105.3553333,39.40902778,"10 - 15 Deg. F. / 3 - 6","","10 - 15 Deg. F.","6-Mar","10 - 15 Deg. F. / 3 - 6","10 - 15 / semi-humid","CO.2","#66e566","semi-humid, cool","#FEE08B","E"
"ARFR-AZ930-422-NAVAJO-18","black",1,99,2,44,NA,99,NA,7,1,NA,NA,10.4,1,NA,2,1,NA,2,1,NA,2,38,1,NA,2,1,NA,3,1,NA,3,1,3,1,NA,3,1,NA,NA,NA,NA,NA,NA,NA,NA,NA,"Y",NA,"N",NA,"ARFR4-SOS-AZ930-422-NAVAJO-18","#D53E4F",-110.431,36.56805,"15 - 20 Deg. F. / 6 - 12","Lats corrected 20230127","15 - 20 Deg. F.","12-Jun","15 - 20 Deg. F. / 6 - 12","15 - 20 / semi-arid","AZ.2","#ee5c42","semi-arid, warm","#D53E4F","B"
"ARFR-CO932-316-JEFFERSON-12","black",1,100,2,45,150,100,NA,2.9,1,NA,NA,9.7,1,NA,2,1,NA,2,1,NA,2,30.4,1,NA,2,1,NA,3,1,NA,3,1,3,1,NA,3,1,NA,NA,NA,NA,NA,NA,NA,NA,NA,"Y",NA,"N",NA,"ARFR4-SOS-CO932-316-JEFFERSON-12","#FFFF85",-105.358,39.66325,"15 - 20 Deg. F. / 3 - 6","","15 - 20 Deg. F.","6-Mar","15 - 20 Deg. F. / 3 - 6","15 - 20 / semi-humid","CO.3","#698b69","semi-humid, warm","#FFFF85","F"
"ARFR-CO932-314-JEFFERSON-12","black",1,101,2,46,NA,101,NA,6.3,1,NA,NA,11.5,1,NA,2,1,NA,2,1,NA,2,36,1,NA,2,1,NA,3,1,NA,3,1,3,1,NA,3,1,NA,NA,NA,NA,NA,NA,NA,NA,NA,"Y",NA,"N",NA,"ARFR4-SOS-CO932-314-JEFFERSON-12","#FEE08B",-105.3553333,39.40902778,"10 - 15 Deg. F. / 3 - 6","","10 - 15 Deg. F.","6-Mar","10 - 15 Deg. F. / 3 - 6","10 - 15 / semi-humid","CO.2","#66e566","semi-humid, cool","#FEE08B","E"
"ARFR-UT080-109-UINTAH-12","black",1,102,2,47,NA,102,NA,8,1,NA,NA,14.3,1,NA,2,1,NA,2,1,NA,2,34.1,1,NA,2,1,NA,3,1,NA,3,1,3,1,NA,3,1,NA,NA,NA,NA,NA,NA,NA,NA,NA,"Y",NA,"N",NA,"ARFR4-SOS-UT080-109-UINTAH-12","#aabe7f",-109.1426444,39.70802222,"10 - 15 Deg. F. / 3 - 6","","10 - 15 Deg. F.","6-Mar","10 - 15 Deg. F. / 3 - 6","10 - 15 / semi-humid","UT.1","#66e566","semi-humid, cool","#aabe7f","G"
"ARFR-AZ930-423-NAVAJO-18","black",1,103,2,48,NA,103,NA,5.2,1,NA,NA,11.5,1,NA,2,1,NA,2,1,NA,2,42.9,1,NA,2,1,NA,3,1,NA,3,1,3,1,NA,3,1,NA,NA,NA,NA,NA,NA,NA,NA,NA,"Y",NA,"N",NA,"ARFR4-SOS-AZ930-423-NAVAJO-18","#9E0142",-110.431,36.45877,"15 - 20 Deg. F. / 6 - 12","SdZones downloaded 20230823","15 - 20 Deg. F.","12-Jun","15 - 20 Deg. F. / 6 - 12","15 - 20 / semi-arid","AZ.1","#ee5c42","semi-arid, warm","#9E0142","A"
"ARFR-WY050-49-FREMONT-12","black",1,104,2,49,NA,104,NA,2.8,1,NA,NA,7.7,1,NA,2,1,NA,2,1,NA,2,37.3,1,NA,2,1,NA,3,1,NA,3,1,3,1,NA,3,1,NA,NA,NA,NA,NA,NA,NA,NA,NA,"Y",NA,"N",NA,"ARFR4-SOS-WY050-49-FREMONT-12","#5E4FA2",-109.34775,43.42663611,"5 - 10 Deg. F. / 6 - 12","","5 - 10 Deg. F.","12-Jun","5 - 10 Deg. F. / 6 - 12","5 - 10 / semi-arid","WY.3","#ffb90f","semi-arid, cold","#5E4FA2","K"
"ARFR-WY050-49-FREMONT-12","black",1,105,2,50,151,105,NA,5.6,1,NA,NA,7.1,1,NA,2,1,NA,2,1,NA,2,15,1,NA,2,1,NA,2,1,NA,3,1,3,1,NA,3,1,NA,NA,NA,NA,NA,NA,NA,NA,NA,"Y",NA,"N",NA,"ARFR4-SOS-WY050-49-FREMONT-12","#5E4FA2",-109.34775,43.42663611,"5 - 10 Deg. F. / 6 - 12","","5 - 10 Deg. F.","12-Jun","5 - 10 Deg. F. / 6 - 12","5 - 10 / semi-arid","WY.3","#ffb90f","semi-arid, cold","#5E4FA2","K"
"ARFR-AZ930-422-NAVAJO-18","black",1,106,2,51,NA,106,NA,6,1,NA,NA,16.1,1,NA,2,1,NA,2,1,NA,2,50,1,NA,2,1,NA,3,1,NA,3,1,3,1,NA,3,1,NA,NA,NA,NA,NA,NA,NA,NA,NA,"Y",NA,"N",NA,"ARFR4-SOS-AZ930-422-NAVAJO-18","#D53E4F",-110.431,36.56805,"15 - 20 Deg. F. / 6 - 12","Lats corrected 20230127","15 - 20 Deg. F.","12-Jun","15 - 20 Deg. F. / 6 - 12","15 - 20 / semi-arid","AZ.2","#ee5c42","semi-arid, warm","#D53E4F","B"
"ARFR-WY050-151-FREMONT-16","black",1,107,2,52,NA,107,NA,2,1,NA,NA,6,1,NA,2,1,NA,2,1,NA,2,10.1,1,NA,2,1,NA,3,1,NA,3,1,3,1,NA,3,1,NA,NA,NA,NA,NA,NA,NA,NA,NA,"Y",NA,"N",NA,"ARFR4-SOS-WY050-151-FREMONT-16","#3288BD",-108.1704472,42.47886111,"10 - 15 Deg. F. / 6 - 12","","10 - 15 Deg. F.","12-Jun","10 - 15 Deg. F. / 6 - 12","10 - 15 / semi-arid","WY.2","#cd8500","semi-arid, cool","#3288BD","J"
"ARFR-WY050-49-FREMONT-12","black",1,108,2,53,NA,108,NA,3.9,1,NA,NA,6.2,1,NA,2,1,NA,2,1,NA,2,14.5,1,NA,2,1,NA,2,1,NA,3,1,2,1,NA,2,1,"No data entered. Assumed to be 2",NA,NA,NA,NA,NA,NA,NA,NA,"Y",NA,"N",NA,"ARFR4-SOS-WY050-49-FREMONT-12","#5E4FA2",-109.34775,43.42663611,"5 - 10 Deg. F. / 6 - 12","","5 - 10 Deg. F.","12-Jun","5 - 10 Deg. F. / 6 - 12","5 - 10 / semi-arid","WY.3","#ffb90f","semi-arid, cold","#5E4FA2","K"
"ARFR-WY040-71-10","black",1,109,2,54,NA,109,NA,NA,0,"Y","WY 71",4.7,1,NA,2,1,NA,2,1,NA,2,17,1,NA,2,1,NA,3,1,NA,3,1,3,1,NA,3,1,NA,NA,NA,NA,NA,NA,NA,NA,NA,"Y",NA,"N",NA,"ARFR4-SOS-WY040-71-10","#66C2A5",-109.2433156,41.13271889,"5 - 10 Deg. F. / 3 - 6","","5 - 10 Deg. F.","6-Mar","5 - 10 Deg. F. / 3 - 6","5 - 10 / semi-humid","WY.1","#a5c2f1","semi-humid, cold","#66C2A5","I"
"ARFR-UT080-109-UINTAH-12","black",1,110,2,55,152,110,NA,5.1,1,NA,NA,13,1,NA,2,1,NA,2,1,NA,2,42,1,NA,2,1,NA,3,1,NA,3,1,3,1,NA,3,1,NA,NA,NA,NA,NA,NA,NA,NA,NA,"Y",NA,"N",NA,"ARFR4-SOS-UT080-109-UINTAH-12","#aabe7f",-109.1426444,39.70802222,"10 - 15 Deg. F. / 3 - 6","","10 - 15 Deg. F.","6-Mar","10 - 15 Deg. F. / 3 - 6","10 - 15 / semi-humid","UT.1","#66e566","semi-humid, cool","#aabe7f","G"
"ARFR-CO932-316-JEFFERSON-12","black",1,111,3,1,153,111,NA,3.6,1,NA,NA,9.4,1,NA,2,1,NA,2,1,NA,2,13.1,1,NA,2,1,NA,2,1,NA,3,1,3,1,NA,3,1,NA,"Yes",NA,52.9,NA,"L",20.922,NA,0.023,"Y",NA,"N",NA,"ARFR4-SOS-CO932-316-JEFFERSON-12","#FFFF85",-105.358,39.66325,"15 - 20 Deg. F. / 3 - 6","","15 - 20 Deg. F.","6-Mar","15 - 20 Deg. F. / 3 - 6","15 - 20 / semi-humid","CO.3","#698b69","semi-humid, warm","#FFFF85","F"
"ARFR-AZ930-423-NAVAJO-18","black",1,112,3,2,NA,112,NA,5.7,1,NA,NA,17.7,1,NA,2,1,NA,2,1,NA,2,45.2,1,NA,2,1,NA,3,1,NA,3,1,3,1,NA,3,1,NA,NA,NA,NA,NA,NA,NA,NA,NA,"Y",NA,"N",NA,"ARFR4-SOS-AZ930-423-NAVAJO-18","#9E0142",-110.431,36.45877,"15 - 20 Deg. F. / 6 - 12","SdZones downloaded 20230823","15 - 20 Deg. F.","12-Jun","15 - 20 Deg. F. / 6 - 12","15 - 20 / semi-arid","AZ.1","#ee5c42","semi-arid, warm","#9E0142","A"
"ARFR-CO932-294-11","black",1,113,3,3,NA,113,NA,4.5,1,NA,NA,12,1,NA,2,1,NA,2,1,NA,2,42,1,NA,2,1,NA,3,1,NA,3,1,3,1,NA,3,1,NA,NA,NA,NA,NA,NA,NA,NA,NA,"Y",NA,"N",NA,"ARFR4-SOS-CO932-294-11","#ABDDA4",-105.2030833,39.78458333,"15 - 20 Deg. F. / 3 - 6","","15 - 20 Deg. F.","6-Mar","15 - 20 Deg. F. / 3 - 6","15 - 20 / semi-humid","CO.4","#698b69","semi-humid, warm","#ABDDA4","H"
"ARFR-CO932-294-11","black",1,114,3,4,NA,114,NA,3,1,"N",NA,5.1,1,"dying? 5/27",2,1,NA,2,1,NA,2,6,1,NA,2,1,NA,2,1,NA,2,1,2,1,NA,2,1,NA,NA,NA,NA,NA,NA,NA,NA,NA,"N",NA,"N",NA,"ARFR4-SOS-CO932-294-11","#ABDDA4",-105.2030833,39.78458333,"15 - 20 Deg. F. / 3 - 6","","15 - 20 Deg. F.","6-Mar","15 - 20 Deg. F. / 3 - 6","15 - 20 / semi-humid","CO.4","#698b69","semi-humid, warm","#ABDDA4","H"
"ARFR-WY050-49-FREMONT-12","black",1,115,3,5,154,115,NA,4,1,NA,NA,6.3,1,NA,2,1,NA,2,1,NA,2,12.5,1,NA,2,1,NA,2,1,NA,2,1,2,1,NA,2,1,NA,NA,NA,NA,NA,NA,NA,NA,NA,"Y",NA,"N",NA,"ARFR4-SOS-WY050-49-FREMONT-12","#5E4FA2",-109.34775,43.42663611,"5 - 10 Deg. F. / 6 - 12","","5 - 10 Deg. F.","12-Jun","5 - 10 Deg. F. / 6 - 12","5 - 10 / semi-arid","WY.3","#ffb90f","semi-arid, cold","#5E4FA2","K"
"ARFR-WY040-71-10","black",1,116,3,6,NA,116,NA,4,1,NA,NA,7.9,1,NA,2,1,NA,2,1,NA,2,20.3,1,NA,2,1,NA,2,1,NA,2,1,2,1,NA,2,1,NA,NA,NA,NA,NA,NA,NA,NA,NA,"Y",NA,"N",NA,"ARFR4-SOS-WY040-71-10","#66C2A5",-109.2433156,41.13271889,"5 - 10 Deg. F. / 3 - 6","","5 - 10 Deg. F.","6-Mar","5 - 10 Deg. F. / 3 - 6","5 - 10 / semi-humid","WY.1","#a5c2f1","semi-humid, cold","#66C2A5","I"
"ARFR-CO932-316-JEFFERSON-12","black",1,117,3,7,NA,117,NA,2.3,1,NA,NA,10,1,NA,2,1,NA,2,1,NA,2,31.1,1,NA,2,1,NA,3,1,NA,3,1,3,1,NA,3,1,NA,NA,NA,NA,NA,NA,NA,NA,NA,"Y",NA,"N",NA,"ARFR4-SOS-CO932-316-JEFFERSON-12","#FFFF85",-105.358,39.66325,"15 - 20 Deg. F. / 3 - 6","","15 - 20 Deg. F.","6-Mar","15 - 20 Deg. F. / 3 - 6","15 - 20 / semi-humid","CO.3","#698b69","semi-humid, warm","#FFFF85","F"
"ARFR-WY050-49-FREMONT-12","black",1,118,3,8,NA,118,NA,4.2,1,NA,NA,6.1,1,NA,2,1,NA,2,1,NA,2,21.6,1,NA,2,1,NA,3,1,NA,3,1,3,1,NA,3,1,NA,NA,NA,NA,NA,NA,NA,NA,NA,"Y",NA,"N",NA,"ARFR4-SOS-WY050-49-FREMONT-12","#5E4FA2",-109.34775,43.42663611,"5 - 10 Deg. F. / 6 - 12","","5 - 10 Deg. F.","12-Jun","5 - 10 Deg. F. / 6 - 12","5 - 10 / semi-arid","WY.3","#ffb90f","semi-arid, cold","#5E4FA2","K"
"ARFR-CO932-314-JEFFERSON-12","black",1,119,3,9,NA,119,NA,3.5,1,NA,NA,9.6,1,NA,2,1,NA,2,1,NA,2,34.7,1,NA,2,1,NA,3,1,NA,3,1,3,1,NA,3,1,NA,NA,NA,NA,NA,NA,NA,NA,NA,"Y",NA,"N",NA,"ARFR4-SOS-CO932-314-JEFFERSON-12","#FEE08B",-105.3553333,39.40902778,"10 - 15 Deg. F. / 3 - 6","","10 - 15 Deg. F.","6-Mar","10 - 15 Deg. F. / 3 - 6","10 - 15 / semi-humid","CO.2","#66e566","semi-humid, cool","#FEE08B","E"
"ARFR-CO932-316-JEFFERSON-12","black",1,120,3,10,155,120,NA,5.4,1,NA,NA,9.7,1,NA,2,1,NA,2,1,NA,2,42,1,NA,2,1,NA,3,1,NA,3,1,3,1,NA,3,1,NA,NA,NA,NA,NA,NA,NA,NA,NA,"Y",NA,"N",NA,"ARFR4-SOS-CO932-316-JEFFERSON-12","#FFFF85",-105.358,39.66325,"15 - 20 Deg. F. / 3 - 6","","15 - 20 Deg. F.","6-Mar","15 - 20 Deg. F. / 3 - 6","15 - 20 / semi-humid","CO.3","#698b69","semi-humid, warm","#FFFF85","F"
"ARFR-WY050-151-FREMONT-16","black",1,121,3,11,NA,121,NA,4.3,1,NA,NA,6.9,1,NA,2,1,NA,2,1,NA,2,23,1,NA,2,1,NA,3,1,NA,3,1,3,1,NA,3,1,NA,NA,NA,NA,NA,NA,NA,NA,NA,"Y",NA,"N",NA,"ARFR4-SOS-WY050-151-FREMONT-16","#3288BD",-108.1704472,42.47886111,"10 - 15 Deg. F. / 6 - 12","","10 - 15 Deg. F.","12-Jun","10 - 15 Deg. F. / 6 - 12","10 - 15 / semi-arid","WY.2","#cd8500","semi-arid, cool","#3288BD","J"
"ARFR-WY050-49-FREMONT-12","black",1,122,3,12,NA,122,NA,4.1,1,NA,NA,7.9,1,NA,2,1,NA,2,1,NA,2,14,1,NA,2,1,NA,2,1,NA,2,1,2,1,NA,2,1,NA,NA,NA,NA,NA,NA,NA,NA,NA,"Y",NA,"N",NA,"ARFR4-SOS-WY050-49-FREMONT-12","#5E4FA2",-109.34775,43.42663611,"5 - 10 Deg. F. / 6 - 12","","5 - 10 Deg. F.","12-Jun","5 - 10 Deg. F. / 6 - 12","5 - 10 / semi-arid","WY.3","#ffb90f","semi-arid, cold","#5E4FA2","K"
"ARFR-CO932-314-JEFFERSON-12","black",1,123,3,13,NA,123,NA,5,1,NA,NA,12.5,1,NA,2,1,NA,2,1,NA,2,50.7,1,NA,3,1,NA,3,1,NA,3,1,3,1,NA,3,1,NA,NA,NA,NA,NA,NA,NA,NA,NA,"Y",NA,"N",NA,"ARFR4-SOS-CO932-314-JEFFERSON-12","#FEE08B",-105.3553333,39.40902778,"10 - 15 Deg. F. / 3 - 6","","10 - 15 Deg. F.","6-Mar","10 - 15 Deg. F. / 3 - 6","10 - 15 / semi-humid","CO.2","#66e566","semi-humid, cool","#FEE08B","E"
"ARFR-WY050-151-FREMONT-16","black",1,124,3,14,NA,124,NA,5.2,1,NA,NA,8.1,1,NA,2,1,NA,2,1,NA,2,20.1,1,NA,2,1,NA,3,1,NA,3,1,3,1,NA,3,1,NA,NA,NA,NA,NA,NA,NA,NA,NA,"Y",NA,"N",NA,"ARFR4-SOS-WY050-151-FREMONT-16","#3288BD",-108.1704472,42.47886111,"10 - 15 Deg. F. / 6 - 12","","10 - 15 Deg. F.","12-Jun","10 - 15 Deg. F. / 6 - 12","10 - 15 / semi-arid","WY.2","#cd8500","semi-arid, cool","#3288BD","J"
"ARFR-WY040-71-10","black",1,125,3,15,156,125,NA,2.3,1,NA,NA,9,1,NA,2,1,NA,2,1,NA,2,15.2,1,NA,2,1,NA,3,1,NA,3,1,3,1,NA,3,1,NA,NA,NA,NA,NA,NA,NA,NA,NA,"Y",NA,"N",NA,"ARFR4-SOS-WY040-71-10","#66C2A5",-109.2433156,41.13271889,"5 - 10 Deg. F. / 3 - 6","","5 - 10 Deg. F.","6-Mar","5 - 10 Deg. F. / 3 - 6","5 - 10 / semi-humid","WY.1","#a5c2f1","semi-humid, cold","#66C2A5","I"
"ARFR-CO932-294-11","black",1,126,3,16,NA,126,NA,5.3,1,NA,NA,13.8,1,NA,2,1,NA,2,1,NA,2,48.7,1,NA,2,1,NA,3,1,NA,3,1,3,1,NA,3,1,NA,NA,NA,NA,NA,NA,NA,NA,NA,"Y",NA,"N",NA,"ARFR4-SOS-CO932-294-11","#ABDDA4",-105.2030833,39.78458333,"15 - 20 Deg. F. / 3 - 6","","15 - 20 Deg. F.","6-Mar","15 - 20 Deg. F. / 3 - 6","15 - 20 / semi-humid","CO.4","#698b69","semi-humid, warm","#ABDDA4","H"
"ARFR-NM930N-66-11","black",1,127,3,17,NA,127,NA,8,1,NA,NA,15,1,NA,2,1,NA,2,1,NA,2,46.8,1,NA,2,1,NA,3,1,NA,3,1,3,1,NA,3,1,NA,NA,NA,NA,NA,NA,NA,NA,NA,"Y",NA,"N",NA,"ARFR4-SOS-NM930N-66-11","#F46D43",-107.2045028,36.76818611,"10 - 15 Deg. F. / 3 - 6","","10 - 15 Deg. F.","6-Mar","10 - 15 Deg. F. / 3 - 6","10 - 15 / semi-humid","NM.1","#66e566","semi-humid, cool","#F46D43","C"
"ARFR-CO932-294-11","black",1,128,3,18,NA,128,NA,3.9,1,NA,NA,8.6,1,NA,2,1,NA,2,1,NA,2,38.7,1,NA,2,1,NA,3,1,NA,3,1,3,1,NA,3,1,NA,NA,NA,NA,NA,NA,NA,NA,NA,"Y",NA,"N",NA,"ARFR4-SOS-CO932-294-11","#ABDDA4",-105.2030833,39.78458333,"15 - 20 Deg. F. / 3 - 6","","15 - 20 Deg. F.","6-Mar","15 - 20 Deg. F. / 3 - 6","15 - 20 / semi-humid","CO.4","#698b69","semi-humid, warm","#ABDDA4","H"
"ARFR-WY930-44-LASANIMAS-13","black",1,129,3,19,NA,129,NA,5.6,1,NA,NA,10.6,1,NA,2,1,NA,2,1,NA,2,29.6,1,NA,2,1,NA,3,1,NA,3,1,3,1,NA,3,1,NA,NA,NA,NA,NA,NA,NA,NA,NA,"Y",NA,"Y",NA,"ARFR4-SOS-WY930-44-LASANIMAS-13","#FDAE61",-104.6423889,37.16547222,"15 - 20 Deg. F. / 3 - 6","","15 - 20 Deg. F.","6-Mar","15 - 20 Deg. F. / 3 - 6","15 - 20 / semi-humid","CO.1","#698b69","semi-humid, warm","#FDAE61","D"
"ARFR-NM930N-66-11","black",1,130,3,20,157,130,NA,5.4,1,NA,NA,14.1,1,NA,2,1,NA,2,1,NA,2,41.9,1,NA,2,1,NA,2,1,NA,3,1,3,1,NA,3,1,NA,NA,NA,NA,NA,NA,NA,NA,NA,"Y",NA,"N",NA,"ARFR4-SOS-NM930N-66-11","#F46D43",-107.2045028,36.76818611,"10 - 15 Deg. F. / 3 - 6","","10 - 15 Deg. F.","6-Mar","10 - 15 Deg. F. / 3 - 6","10 - 15 / semi-humid","NM.1","#66e566","semi-humid, cool","#F46D43","C"
"ARFR-WY930-44-LASANIMAS-13","black",1,131,3,21,NA,131,NA,7.2,1,NA,NA,9.8,1,NA,2,1,NA,2,1,NA,2,35.1,1,NA,2,1,NA,2,1,NA,3,1,3,1,NA,3,1,NA,NA,NA,NA,NA,NA,NA,NA,NA,"Y",NA,"N",NA,"ARFR4-SOS-WY930-44-LASANIMAS-13","#FDAE61",-104.6423889,37.16547222,"15 - 20 Deg. F. / 3 - 6","","15 - 20 Deg. F.","6-Mar","15 - 20 Deg. F. / 3 - 6","15 - 20 / semi-humid","CO.1","#698b69","semi-humid, warm","#FDAE61","D"
"ARFR-AZ930-423-NAVAJO-18","black",1,132,3,22,NA,132,NA,5.5,1,NA,NA,10.4,1,NA,2,1,NA,2,1,NA,2,22.3,1,NA,2,1,NA,2,1,NA,3,1,3,1,NA,3,1,NA,NA,NA,NA,NA,NA,NA,NA,NA,"Y",NA,"N",NA,"ARFR4-SOS-AZ930-423-NAVAJO-18","#9E0142",-110.431,36.45877,"15 - 20 Deg. F. / 6 - 12","SdZones downloaded 20230823","15 - 20 Deg. F.","12-Jun","15 - 20 Deg. F. / 6 - 12","15 - 20 / semi-arid","AZ.1","#ee5c42","semi-arid, warm","#9E0142","A"
"ARFR-WY930-44-LASANIMAS-13","black",1,133,3,23,NA,133,NA,7.4,1,NA,NA,12.2,1,NA,2,1,NA,2,1,NA,2,24.7,1,NA,2,1,NA,3,1,NA,3,1,3,1,NA,3,1,NA,NA,NA,NA,NA,NA,NA,NA,NA,"Y",NA,"Y",NA,"ARFR4-SOS-WY930-44-LASANIMAS-13","#FDAE61",-104.6423889,37.16547222,"15 - 20 Deg. F. / 3 - 6","","15 - 20 Deg. F.","6-Mar","15 - 20 Deg. F. / 3 - 6","15 - 20 / semi-humid","CO.1","#698b69","semi-humid, warm","#FDAE61","D"
"ARFR-WY040-71-10","black",1,134,3,24,NA,134,NA,3.3,1,NA,NA,5.5,1,NA,2,1,NA,2,1,NA,2,11.5,1,NA,2,1,NA,2,1,NA,2,1,2,1,NA,3,1,NA,NA,NA,NA,NA,NA,NA,NA,NA,"Y",NA,"N",NA,"ARFR4-SOS-WY040-71-10","#66C2A5",-109.2433156,41.13271889,"5 - 10 Deg. F. / 3 - 6","","5 - 10 Deg. F.","6-Mar","5 - 10 Deg. F. / 3 - 6","5 - 10 / semi-humid","WY.1","#a5c2f1","semi-humid, cold","#66C2A5","I"
"ARFR-NM930N-66-11","black",1,135,3,25,158,135,NA,6.7,1,NA,NA,13.9,1,NA,2,1,NA,2,1,NA,2,57,1,NA,2,1,NA,3,1,NA,3,1,3,1,NA,3,1,NA,NA,NA,NA,NA,NA,NA,NA,NA,"Y",NA,"N",NA,"ARFR4-SOS-NM930N-66-11","#F46D43",-107.2045028,36.76818611,"10 - 15 Deg. F. / 3 - 6","","10 - 15 Deg. F.","6-Mar","10 - 15 Deg. F. / 3 - 6","10 - 15 / semi-humid","NM.1","#66e566","semi-humid, cool","#F46D43","C"
"ARFR-AZ930-422-NAVAJO-18","black",1,136,3,26,NA,136,NA,5,1,NA,NA,14.5,1,NA,2,1,NA,2,1,NA,2,58.5,1,NA,2,1,NA,3,1,NA,3,1,3,1,NA,3,1,NA,NA,NA,NA,NA,NA,NA,NA,NA,"Y",NA,"N",NA,"ARFR4-SOS-AZ930-422-NAVAJO-18","#D53E4F",-110.431,36.56805,"15 - 20 Deg. F. / 6 - 12","Lats corrected 20230127","15 - 20 Deg. F.","12-Jun","15 - 20 Deg. F. / 6 - 12","15 - 20 / semi-arid","AZ.2","#ee5c42","semi-arid, warm","#D53E4F","B"
"ARFR-UT080-109-UINTAH-12","black",1,137,3,27,NA,137,NA,2,1,NA,NA,9.9,1,NA,2,1,NA,2,1,NA,2,24,1,NA,2,1,NA,2,1,NA,3,1,3,1,NA,3,1,NA,NA,NA,NA,NA,NA,NA,NA,NA,"Y",NA,"Y",NA,"ARFR4-SOS-UT080-109-UINTAH-12","#aabe7f",-109.1426444,39.70802222,"10 - 15 Deg. F. / 3 - 6","","10 - 15 Deg. F.","6-Mar","10 - 15 Deg. F. / 3 - 6","10 - 15 / semi-humid","UT.1","#66e566","semi-humid, cool","#aabe7f","G"
"ARFR-CO932-316-JEFFERSON-12","black",1,138,3,28,NA,138,NA,4.8,1,NA,NA,11.5,1,NA,2,1,NA,2,1,NA,2,40.9,1,NA,2,1,NA,3,1,NA,3,1,3,1,NA,3,1,NA,NA,NA,NA,NA,NA,NA,NA,NA,"Y",NA,"N",NA,"ARFR4-SOS-CO932-316-JEFFERSON-12","#FFFF85",-105.358,39.66325,"15 - 20 Deg. F. / 3 - 6","","15 - 20 Deg. F.","6-Mar","15 - 20 Deg. F. / 3 - 6","15 - 20 / semi-humid","CO.3","#698b69","semi-humid, warm","#FFFF85","F"
"ARFR-AZ930-423-NAVAJO-18","black",1,139,3,29,NA,139,NA,6.7,1,NA,NA,12.4,1,NA,2,1,NA,2,1,NA,2,50.9,1,NA,2,1,NA,3,1,NA,3,1,3,1,NA,3,1,NA,NA,NA,NA,NA,NA,NA,NA,NA,"Y",NA,"N",NA,"ARFR4-SOS-AZ930-423-NAVAJO-18","#9E0142",-110.431,36.45877,"15 - 20 Deg. F. / 6 - 12","SdZones downloaded 20230823","15 - 20 Deg. F.","12-Jun","15 - 20 Deg. F. / 6 - 12","15 - 20 / semi-arid","AZ.1","#ee5c42","semi-arid, warm","#9E0142","A"
"ARFR-WY930-44-LASANIMAS-13","black",1,140,3,30,159,140,NA,7.1,1,NA,NA,13.6,1,NA,2,1,NA,2,1,NA,2,41,1,NA,2,1,NA,3,1,NA,3,1,3,1,NA,3,1,NA,NA,NA,NA,NA,NA,NA,NA,NA,"Y",NA,"N",NA,"ARFR4-SOS-WY930-44-LASANIMAS-13","#FDAE61",-104.6423889,37.16547222,"15 - 20 Deg. F. / 3 - 6","","15 - 20 Deg. F.","6-Mar","15 - 20 Deg. F. / 3 - 6","15 - 20 / semi-humid","CO.1","#698b69","semi-humid, warm","#FDAE61","D"
"ARFR-CO932-294-11","black",1,141,3,31,NA,141,NA,2.8,1,NA,NA,5.8,1,NA,2,1,NA,2,1,NA,2,9,1,NA,2,1,NA,2,1,NA,2,1,2,1,NA,2,1,NA,NA,NA,NA,NA,NA,NA,NA,NA,"Y",NA,"N",NA,"ARFR4-SOS-CO932-294-11","#ABDDA4",-105.2030833,39.78458333,"15 - 20 Deg. F. / 3 - 6","","15 - 20 Deg. F.","6-Mar","15 - 20 Deg. F. / 3 - 6","15 - 20 / semi-humid","CO.4","#698b69","semi-humid, warm","#ABDDA4","H"
"ARFR-AZ930-422-NAVAJO-18","black",1,142,3,32,NA,142,NA,4.2,1,NA,NA,10.7,1,NA,2,1,NA,2,1,NA,2,47.8,1,NA,2,1,NA,3,1,NA,3,1,3,1,NA,3,1,NA,NA,NA,NA,NA,NA,NA,NA,NA,"Y",NA,"N",NA,"ARFR4-SOS-AZ930-422-NAVAJO-18","#D53E4F",-110.431,36.56805,"15 - 20 Deg. F. / 6 - 12","Lats corrected 20230127","15 - 20 Deg. F.","12-Jun","15 - 20 Deg. F. / 6 - 12","15 - 20 / semi-arid","AZ.2","#ee5c42","semi-arid, warm","#D53E4F","B"
"ARFR-CO932-294-11","black",1,143,3,33,NA,143,NA,4,1,NA,NA,9.1,1,NA,2,1,NA,2,1,NA,2,23,1,NA,2,1,NA,3,1,NA,3,1,3,1,NA,3,1,NA,NA,NA,NA,NA,NA,NA,NA,NA,"Y",NA,"N",NA,"ARFR4-SOS-CO932-294-11","#ABDDA4",-105.2030833,39.78458333,"15 - 20 Deg. F. / 3 - 6","","15 - 20 Deg. F.","6-Mar","15 - 20 Deg. F. / 3 - 6","15 - 20 / semi-humid","CO.4","#698b69","semi-humid, warm","#ABDDA4","H"
"ARFR-AZ930-423-NAVAJO-18","black",1,144,3,34,NA,144,NA,6.1,1,NA,NA,13.9,1,NA,2,1,NA,2,1,NA,2,44.4,1,NA,2,1,NA,3,1,NA,3,1,3,1,NA,3,1,NA,NA,NA,NA,NA,NA,NA,NA,NA,"Y",NA,"N",NA,"ARFR4-SOS-AZ930-423-NAVAJO-18","#9E0142",-110.431,36.45877,"15 - 20 Deg. F. / 6 - 12","SdZones downloaded 20230823","15 - 20 Deg. F.","12-Jun","15 - 20 Deg. F. / 6 - 12","15 - 20 / semi-arid","AZ.1","#ee5c42","semi-arid, warm","#9E0142","A"
"ARFR-CO932-314-JEFFERSON-12","black",1,145,3,35,160,145,NA,3.2,1,NA,NA,7.7,1,NA,2,1,NA,2,1,NA,2,30,1,NA,2,1,NA,3,1,NA,3,1,3,1,NA,3,1,NA,NA,NA,NA,NA,NA,NA,NA,NA,"Y",NA,"N",NA,"ARFR4-SOS-CO932-314-JEFFERSON-12","#FEE08B",-105.3553333,39.40902778,"10 - 15 Deg. F. / 3 - 6","","10 - 15 Deg. F.","6-Mar","10 - 15 Deg. F. / 3 - 6","10 - 15 / semi-humid","CO.2","#66e566","semi-humid, cool","#FEE08B","E"
"ARFR-WY930-44-LASANIMAS-13","black",1,146,3,36,NA,146,NA,6,1,NA,NA,9,1,NA,2,1,NA,2,1,NA,2,36,1,NA,2,1,NA,2,1,NA,3,1,3,1,NA,3,1,NA,NA,NA,NA,NA,NA,NA,NA,NA,"Y",NA,"N",NA,"ARFR4-SOS-WY930-44-LASANIMAS-13","#FDAE61",-104.6423889,37.16547222,"15 - 20 Deg. F. / 3 - 6","","15 - 20 Deg. F.","6-Mar","15 - 20 Deg. F. / 3 - 6","15 - 20 / semi-humid","CO.1","#698b69","semi-humid, warm","#FDAE61","D"
"ARFR-WY040-71-10","black",1,147,3,37,NA,147,NA,4.5,1,NA,NA,7.5,1,NA,2,1,NA,2,1,NA,2,13.7,1,NA,2,1,NA,2,1,NA,2,1,2,1,NA,2,1,NA,NA,NA,NA,NA,NA,NA,NA,NA,"Y",NA,"N",NA,"ARFR4-SOS-WY040-71-10","#66C2A5",-109.2433156,41.13271889,"5 - 10 Deg. F. / 3 - 6","","5 - 10 Deg. F.","6-Mar","5 - 10 Deg. F. / 3 - 6","5 - 10 / semi-humid","WY.1","#a5c2f1","semi-humid, cold","#66C2A5","I"
"ARFR-WY040-71-10","black",1,148,3,38,NA,148,NA,3,1,NA,NA,6.4,1,NA,2,1,NA,2,1,NA,2,12,1,NA,2,1,NA,2,1,NA,2,1,2,1,NA,2,1,NA,NA,NA,NA,NA,NA,NA,NA,NA,"Y",NA,"N",NA,"ARFR4-SOS-WY040-71-10","#66C2A5",-109.2433156,41.13271889,"5 - 10 Deg. F. / 3 - 6","","5 - 10 Deg. F.","6-Mar","5 - 10 Deg. F. / 3 - 6","5 - 10 / semi-humid","WY.1","#a5c2f1","semi-humid, cold","#66C2A5","I"
"ARFR-NM930N-66-11","black",1,149,3,39,NA,149,NA,5.4,1,NA,NA,13.3,1,NA,2,1,NA,2,1,NA,2,52,1,NA,2,1,NA,3,1,NA,3,1,3,1,NA,3,1,NA,NA,NA,NA,NA,NA,NA,NA,NA,"Y",NA,"N",NA,"ARFR4-SOS-NM930N-66-11","#F46D43",-107.2045028,36.76818611,"10 - 15 Deg. F. / 3 - 6","","10 - 15 Deg. F.","6-Mar","10 - 15 Deg. F. / 3 - 6","10 - 15 / semi-humid","NM.1","#66e566","semi-humid, cool","#F46D43","C"
"ARFR-UT080-109-UINTAH-12","black",1,150,3,40,161,150,NA,7.1,1,NA,NA,14.3,1,NA,2,1,NA,2,1,NA,2,54.8,1,NA,2,1,NA,3,1,NA,3,1,3,1,NA,3,1,NA,NA,NA,NA,NA,NA,NA,NA,NA,"Y",NA,"Y",NA,"ARFR4-SOS-UT080-109-UINTAH-12","#aabe7f",-109.1426444,39.70802222,"10 - 15 Deg. F. / 3 - 6","","10 - 15 Deg. F.","6-Mar","10 - 15 Deg. F. / 3 - 6","10 - 15 / semi-humid","UT.1","#66e566","semi-humid, cool","#aabe7f","G"
"ARFR-CO932-316-JEFFERSON-12","black",1,151,3,41,NA,151,NA,2.4,1,NA,NA,7.2,1,NA,2,1,NA,2,1,NA,2,24.1,1,NA,2,1,NA,3,1,NA,3,1,3,1,NA,3,1,NA,NA,NA,NA,NA,NA,NA,NA,NA,"Y",NA,"N",NA,"ARFR4-SOS-CO932-316-JEFFERSON-12","#FFFF85",-105.358,39.66325,"15 - 20 Deg. F. / 3 - 6","","15 - 20 Deg. F.","6-Mar","15 - 20 Deg. F. / 3 - 6","15 - 20 / semi-humid","CO.3","#698b69","semi-humid, warm","#FFFF85","F"
"ARFR-CO932-294-11","black",1,152,3,42,NA,152,NA,3,1,NA,NA,3.8,1,NA,2,1,NA,2,1,NA,2,12.9,1,NA,2,1,NA,2,1,NA,3,1,3,1,NA,3,1,NA,NA,NA,NA,NA,NA,NA,NA,NA,"Y",NA,"N",NA,"ARFR4-SOS-CO932-294-11","#ABDDA4",-105.2030833,39.78458333,"15 - 20 Deg. F. / 3 - 6","","15 - 20 Deg. F.","6-Mar","15 - 20 Deg. F. / 3 - 6","15 - 20 / semi-humid","CO.4","#698b69","semi-humid, warm","#ABDDA4","H"
"ARFR-AZ930-422-NAVAJO-18","black",1,153,3,43,NA,153,NA,NA,0,"Y","422 Navajo",7.5,1,"Was this replaced? yes checked 6/22",2,1,NA,2,1,NA,2,29.1,1,NA,2,1,NA,3,1,NA,3,1,3,1,NA,3,1,NA,NA,NA,NA,NA,NA,NA,NA,NA,"Y",NA,"N",NA,"ARFR4-SOS-AZ930-422-NAVAJO-18","#D53E4F",-110.431,36.56805,"15 - 20 Deg. F. / 6 - 12","Lats corrected 20230127","15 - 20 Deg. F.","12-Jun","15 - 20 Deg. F. / 6 - 12","15 - 20 / semi-arid","AZ.2","#ee5c42","semi-arid, warm","#D53E4F","B"
"ARFR-AZ930-422-NAVAJO-18","black",1,154,3,44,NA,154,NA,5.5,1,NA,NA,14,1,NA,2,1,NA,2,1,NA,2,46,1,NA,2,1,NA,3,1,NA,3,1,3,1,NA,3,1,NA,NA,NA,NA,NA,NA,NA,NA,NA,"Y",NA,"N",NA,"ARFR4-SOS-AZ930-422-NAVAJO-18","#D53E4F",-110.431,36.56805,"15 - 20 Deg. F. / 6 - 12","Lats corrected 20230127","15 - 20 Deg. F.","12-Jun","15 - 20 Deg. F. / 6 - 12","15 - 20 / semi-arid","AZ.2","#ee5c42","semi-arid, warm","#D53E4F","B"
"ARFR-WY930-44-LASANIMAS-13","black",1,155,3,45,162,155,NA,4.3,1,NA,NA,7.6,1,NA,2,1,NA,2,1,NA,2,12.1,1,NA,2,1,NA,2,1,NA,2,1,2,1,NA,2,1,NA,NA,NA,NA,NA,NA,NA,NA,NA,"Y",NA,"N",NA,"ARFR4-SOS-WY930-44-LASANIMAS-13","#FDAE61",-104.6423889,37.16547222,"15 - 20 Deg. F. / 3 - 6","","15 - 20 Deg. F.","6-Mar","15 - 20 Deg. F. / 3 - 6","15 - 20 / semi-humid","CO.1","#698b69","semi-humid, warm","#FDAE61","D"
"ARFR-WY040-71-10","black",1,156,3,46,NA,156,NA,4.5,1,NA,NA,7.7,1,NA,2,1,NA,2,1,NA,2,19.9,1,NA,2,1,NA,2,1,NA,2,1,2,1,NA,2,1,NA,NA,NA,NA,NA,NA,NA,NA,NA,"Y",NA,"N",NA,"ARFR4-SOS-WY040-71-10","#66C2A5",-109.2433156,41.13271889,"5 - 10 Deg. F. / 3 - 6","","5 - 10 Deg. F.","6-Mar","5 - 10 Deg. F. / 3 - 6","5 - 10 / semi-humid","WY.1","#a5c2f1","semi-humid, cold","#66C2A5","I"
"ARFR-UT080-109-UINTAH-12","black",1,157,3,47,NA,157,NA,7.7,1,NA,NA,18.1,1,NA,2,1,NA,2,1,NA,2,59.4,1,NA,2,1,NA,3,1,NA,3,1,3,1,NA,3,1,NA,NA,NA,NA,NA,NA,NA,NA,NA,"Y",NA,"N",NA,"ARFR4-SOS-UT080-109-UINTAH-12","#aabe7f",-109.1426444,39.70802222,"10 - 15 Deg. F. / 3 - 6","","10 - 15 Deg. F.","6-Mar","10 - 15 Deg. F. / 3 - 6","10 - 15 / semi-humid","UT.1","#66e566","semi-humid, cool","#aabe7f","G"
"ARFR-AZ930-423-NAVAJO-18","black",1,158,3,48,NA,158,NA,4,1,NA,NA,9.4,1,NA,2,1,NA,2,1,NA,2,31.4,1,NA,2,1,NA,3,1,NA,3,1,3,1,NA,3,1,NA,NA,NA,NA,NA,NA,NA,NA,NA,"Y",NA,"N",NA,"ARFR4-SOS-AZ930-423-NAVAJO-18","#9E0142",-110.431,36.45877,"15 - 20 Deg. F. / 6 - 12","SdZones downloaded 20230823","15 - 20 Deg. F.","12-Jun","15 - 20 Deg. F. / 6 - 12","15 - 20 / semi-arid","AZ.1","#ee5c42","semi-arid, warm","#9E0142","A"
"ARFR-WY050-151-FREMONT-16","black",1,159,3,49,NA,159,NA,5.6,1,NA,NA,8,1,NA,2,1,NA,2,1,NA,2,16.1,1,NA,2,1,NA,2,1,NA,2,1,2,1,NA,2,1,NA,NA,NA,NA,NA,NA,NA,NA,NA,"Y",NA,"N",NA,"ARFR4-SOS-WY050-151-FREMONT-16","#3288BD",-108.1704472,42.47886111,"10 - 15 Deg. F. / 6 - 12","","10 - 15 Deg. F.","12-Jun","10 - 15 Deg. F. / 6 - 12","10 - 15 / semi-arid","WY.2","#cd8500","semi-arid, cool","#3288BD","J"
"ARFR-CO932-314-JEFFERSON-12","black",1,160,3,50,163,160,NA,5.3,1,NA,NA,10.9,1,NA,2,1,NA,2,1,NA,2,29.5,1,NA,2,1,NA,3,1,NA,3,1,3,1,NA,3,1,NA,"Yes",NA,141.14,NA,"L",109.162,51.688,44.728,"Y",NA,"N",NA,"ARFR4-SOS-CO932-314-JEFFERSON-12","#FEE08B",-105.3553333,39.40902778,"10 - 15 Deg. F. / 3 - 6","","10 - 15 Deg. F.","6-Mar","10 - 15 Deg. F. / 3 - 6","10 - 15 / semi-humid","CO.2","#66e566","semi-humid, cool","#FEE08B","E"
"ARFR-AZ930-423-NAVAJO-18","black",1,161,3,51,NA,161,NA,5.2,1,NA,NA,15.6,1,NA,2,1,NA,2,1,NA,2,49.1,1,NA,2,1,NA,3,1,NA,3,1,3,1,NA,3,1,NA,"Yes",NA,146.29,NA,"L",114.312,64.018,57.058,"Y",NA,"N",NA,"ARFR4-SOS-AZ930-423-NAVAJO-18","#9E0142",-110.431,36.45877,"15 - 20 Deg. F. / 6 - 12","SdZones downloaded 20230823","15 - 20 Deg. F.","12-Jun","15 - 20 Deg. F. / 6 - 12","15 - 20 / semi-arid","AZ.1","#ee5c42","semi-arid, warm","#9E0142","A"
"ARFR-WY050-151-FREMONT-16","black",1,162,3,52,NA,162,NA,4.6,1,NA,NA,8.2,1,NA,2,1,NA,2,1,NA,2,27,1,NA,2,1,NA,3,1,NA,3,1,3,1,NA,3,1,NA,NA,NA,NA,NA,NA,NA,NA,NA,"Y",NA,"N",NA,"ARFR4-SOS-WY050-151-FREMONT-16","#3288BD",-108.1704472,42.47886111,"10 - 15 Deg. F. / 6 - 12","","10 - 15 Deg. F.","12-Jun","10 - 15 Deg. F. / 6 - 12","10 - 15 / semi-arid","WY.2","#cd8500","semi-arid, cool","#3288BD","J"
"ARFR-AZ930-422-NAVAJO-18","black",1,163,3,53,NA,163,NA,6,1,NA,NA,14,1,NA,2,1,NA,2,1,NA,2,47,1,NA,2,1,NA,3,1,NA,3,1,3,1,NA,3,1,NA,NA,NA,NA,NA,NA,NA,NA,NA,"Y",NA,"N",NA,"ARFR4-SOS-AZ930-422-NAVAJO-18","#D53E4F",-110.431,36.56805,"15 - 20 Deg. F. / 6 - 12","Lats corrected 20230127","15 - 20 Deg. F.","12-Jun","15 - 20 Deg. F. / 6 - 12","15 - 20 / semi-arid","AZ.2","#ee5c42","semi-arid, warm","#D53E4F","B"
"ARFR-CO932-316-JEFFERSON-12","black",1,164,3,54,NA,164,NA,4.2,1,NA,NA,7.4,1,NA,2,1,NA,2,1,NA,2,25,1,NA,2,1,NA,3,1,NA,3,1,3,1,NA,3,1,NA,NA,NA,NA,NA,NA,NA,NA,NA,"Y",NA,"N",NA,"ARFR4-SOS-CO932-316-JEFFERSON-12","#FFFF85",-105.358,39.66325,"15 - 20 Deg. F. / 3 - 6","","15 - 20 Deg. F.","6-Mar","15 - 20 Deg. F. / 3 - 6","15 - 20 / semi-humid","CO.3","#698b69","semi-humid, warm","#FFFF85","F"
"ARFR-AZ930-422-NAVAJO-18","black",1,165,3,55,164,165,NA,6.3,1,NA,NA,16.8,1,NA,2,1,NA,2,1,NA,2,54.1,1,NA,2,1,NA,3,1,NA,3,1,3,1,NA,3,1,NA,NA,NA,NA,NA,NA,NA,NA,NA,"Y",NA,"N",NA,"ARFR4-SOS-AZ930-422-NAVAJO-18","#D53E4F",-110.431,36.56805,"15 - 20 Deg. F. / 6 - 12","Lats corrected 20230127","15 - 20 Deg. F.","12-Jun","15 - 20 Deg. F. / 6 - 12","15 - 20 / semi-arid","AZ.2","#ee5c42","semi-arid, warm","#D53E4F","B"
"ARFR-WY930-44-LASANIMAS-13","black",1,166,4,1,153,166,NA,8.8,1,NA,NA,16,1,NA,2,1,NA,2,1,NA,2,26.5,1,NA,2,1,NA,3,1,NA,3,1,3,1,NA,3,1,NA,NA,NA,NA,NA,NA,NA,NA,NA,"Y",NA,"N",NA,"ARFR4-SOS-WY930-44-LASANIMAS-13","#FDAE61",-104.6423889,37.16547222,"15 - 20 Deg. F. / 3 - 6","","15 - 20 Deg. F.","6-Mar","15 - 20 Deg. F. / 3 - 6","15 - 20 / semi-humid","CO.1","#698b69","semi-humid, warm","#FDAE61","D"
"ARFR-CO932-294-11","black",1,167,4,2,NA,167,NA,5.3,1,NA,NA,9.2,1,NA,2,1,NA,2,1,NA,2,18,1,NA,2,1,NA,2,1,NA,3,1,3,1,NA,3,1,NA,NA,NA,NA,NA,NA,NA,NA,NA,"Y",NA,"N",NA,"ARFR4-SOS-CO932-294-11","#ABDDA4",-105.2030833,39.78458333,"15 - 20 Deg. F. / 3 - 6","","15 - 20 Deg. F.","6-Mar","15 - 20 Deg. F. / 3 - 6","15 - 20 / semi-humid","CO.4","#698b69","semi-humid, warm","#ABDDA4","H"
"ARFR-NM930N-66-11","black",1,168,4,3,NA,168,NA,5.7,1,NA,NA,17.2,1,NA,2,1,NA,2,1,NA,2,52.4,1,NA,2,1,NA,3,1,NA,3,1,3,1,NA,3,1,NA,NA,NA,NA,NA,NA,NA,NA,NA,"Y",NA,"N",NA,"ARFR4-SOS-NM930N-66-11","#F46D43",-107.2045028,36.76818611,"10 - 15 Deg. F. / 3 - 6","","10 - 15 Deg. F.","6-Mar","10 - 15 Deg. F. / 3 - 6","10 - 15 / semi-humid","NM.1","#66e566","semi-humid, cool","#F46D43","C"
"ARFR-CO932-314-JEFFERSON-12","black",1,169,4,4,NA,169,NA,3.5,1,NA,NA,10.2,1,NA,2,1,NA,2,1,NA,2,35.5,1,NA,2,1,NA,3,1,NA,3,1,3,1,NA,3,1,NA,NA,NA,NA,NA,NA,NA,NA,NA,"Y",NA,"N",NA,"ARFR4-SOS-CO932-314-JEFFERSON-12","#FEE08B",-105.3553333,39.40902778,"10 - 15 Deg. F. / 3 - 6","","10 - 15 Deg. F.","6-Mar","10 - 15 Deg. F. / 3 - 6","10 - 15 / semi-humid","CO.2","#66e566","semi-humid, cool","#FEE08B","E"
"ARFR-AZ930-422-NAVAJO-18","black",1,170,4,5,154,170,NA,3.8,1,NA,NA,14.7,1,NA,2,1,NA,2,1,NA,2,52.9,1,NA,2,1,NA,3,1,NA,3,1,3,1,NA,3,1,NA,NA,NA,NA,NA,NA,NA,NA,NA,"Y",NA,"N",NA,"ARFR4-SOS-AZ930-422-NAVAJO-18","#D53E4F",-110.431,36.56805,"15 - 20 Deg. F. / 6 - 12","Lats corrected 20230127","15 - 20 Deg. F.","12-Jun","15 - 20 Deg. F. / 6 - 12","15 - 20 / semi-arid","AZ.2","#ee5c42","semi-arid, warm","#D53E4F","B"
"ARFR-CO932-294-11","black",1,171,4,6,NA,171,NA,5,1,NA,NA,8,1,NA,2,1,NA,2,1,NA,2,24.9,1,NA,2,1,NA,3,1,NA,3,1,3,1,NA,3,1,NA,NA,NA,NA,NA,NA,NA,NA,NA,"Y",NA,"N",NA,"ARFR4-SOS-CO932-294-11","#ABDDA4",-105.2030833,39.78458333,"15 - 20 Deg. F. / 3 - 6","","15 - 20 Deg. F.","6-Mar","15 - 20 Deg. F. / 3 - 6","15 - 20 / semi-humid","CO.4","#698b69","semi-humid, warm","#ABDDA4","H"
"ARFR-WY050-151-FREMONT-16","black",1,172,4,7,NA,172,NA,3.7,1,NA,NA,6.9,1,NA,2,1,NA,2,1,NA,2,9.8,1,NA,2,1,NA,2,1,NA,3,1,3,1,NA,3,1,NA,NA,NA,NA,NA,NA,NA,NA,NA,"Y",NA,"N",NA,"ARFR4-SOS-WY050-151-FREMONT-16","#3288BD",-108.1704472,42.47886111,"10 - 15 Deg. F. / 6 - 12","","10 - 15 Deg. F.","12-Jun","10 - 15 Deg. F. / 6 - 12","10 - 15 / semi-arid","WY.2","#cd8500","semi-arid, cool","#3288BD","J"
"ARFR-CO932-294-11","black",1,173,4,8,NA,173,NA,7.7,1,NA,NA,13.3,1,NA,2,1,NA,2,1,NA,2,34.9,1,NA,2,1,NA,3,1,NA,3,1,3,1,NA,3,1,NA,"Yes",NA,135.95,NA,"L",103.972,64.69,57.73,"Y",NA,"N",NA,"ARFR4-SOS-CO932-294-11","#ABDDA4",-105.2030833,39.78458333,"15 - 20 Deg. F. / 3 - 6","","15 - 20 Deg. F.","6-Mar","15 - 20 Deg. F. / 3 - 6","15 - 20 / semi-humid","CO.4","#698b69","semi-humid, warm","#ABDDA4","H"
"ARFR-WY930-44-LASANIMAS-13","black",1,174,4,9,NA,174,NA,5.7,1,NA,NA,12.7,1,NA,2,1,NA,2,1,NA,2,27,1,NA,2,1,NA,3,1,NA,3,1,3,1,NA,3,1,NA,NA,NA,NA,NA,NA,NA,NA,NA,"Y",NA,"N",NA,"ARFR4-SOS-WY930-44-LASANIMAS-13","#FDAE61",-104.6423889,37.16547222,"15 - 20 Deg. F. / 3 - 6","","15 - 20 Deg. F.","6-Mar","15 - 20 Deg. F. / 3 - 6","15 - 20 / semi-humid","CO.1","#698b69","semi-humid, warm","#FDAE61","D"
"ARFR-UT080-109-UINTAH-12","black",1,175,4,10,155,175,NA,5.4,1,NA,NA,13.2,1,NA,2,1,NA,2,1,NA,2,58,1,NA,2,1,NA,3,1,NA,3,1,3,1,NA,3,1,NA,NA,NA,NA,NA,NA,NA,NA,NA,"Y",NA,"N",NA,"ARFR4-SOS-UT080-109-UINTAH-12","#aabe7f",-109.1426444,39.70802222,"10 - 15 Deg. F. / 3 - 6","","10 - 15 Deg. F.","6-Mar","10 - 15 Deg. F. / 3 - 6","10 - 15 / semi-humid","UT.1","#66e566","semi-humid, cool","#aabe7f","G"
"ARFR-NM930N-66-11","black",1,176,4,11,NA,176,NA,8.4,1,NA,NA,16.7,1,NA,2,1,NA,2,1,NA,2,59,1,NA,2,1,NA,3,1,NA,3,1,3,1,NA,3,1,NA,NA,NA,NA,NA,NA,NA,NA,NA,"Y",NA,"N",NA,"ARFR4-SOS-NM930N-66-11","#F46D43",-107.2045028,36.76818611,"10 - 15 Deg. F. / 3 - 6","","10 - 15 Deg. F.","6-Mar","10 - 15 Deg. F. / 3 - 6","10 - 15 / semi-humid","NM.1","#66e566","semi-humid, cool","#F46D43","C"
"ARFR-NM930N-66-11","black",1,177,4,12,NA,177,NA,7.3,1,NA,NA,14.5,1,NA,2,1,NA,2,1,NA,2,55.5,1,NA,2,1,NA,3,1,NA,3,1,3,1,NA,3,1,NA,NA,NA,NA,NA,NA,NA,NA,NA,"Y",NA,"N",NA,"ARFR4-SOS-NM930N-66-11","#F46D43",-107.2045028,36.76818611,"10 - 15 Deg. F. / 3 - 6","","10 - 15 Deg. F.","6-Mar","10 - 15 Deg. F. / 3 - 6","10 - 15 / semi-humid","NM.1","#66e566","semi-humid, cool","#F46D43","C"
"ARFR-AZ930-423-NAVAJO-18","black",1,178,4,13,NA,178,NA,4,1,NA,NA,11.7,1,NA,2,1,NA,2,1,NA,2,41.5,1,NA,2,1,NA,3,1,NA,3,1,3,1,NA,3,1,NA,NA,NA,NA,NA,NA,NA,NA,NA,"Y",NA,"Y",NA,"ARFR4-SOS-AZ930-423-NAVAJO-18","#9E0142",-110.431,36.45877,"15 - 20 Deg. F. / 6 - 12","SdZones downloaded 20230823","15 - 20 Deg. F.","12-Jun","15 - 20 Deg. F. / 6 - 12","15 - 20 / semi-arid","AZ.1","#ee5c42","semi-arid, warm","#9E0142","A"
"ARFR-UT080-109-UINTAH-12","black",1,179,4,14,NA,179,NA,7.1,1,NA,NA,14.3,1,NA,2,1,NA,2,1,NA,2,53,1,NA,2,1,NA,3,1,NA,3,1,3,1,NA,3,1,NA,NA,NA,NA,NA,NA,NA,NA,NA,"Y",NA,"N",NA,"ARFR4-SOS-UT080-109-UINTAH-12","#aabe7f",-109.1426444,39.70802222,"10 - 15 Deg. F. / 3 - 6","","10 - 15 Deg. F.","6-Mar","10 - 15 Deg. F. / 3 - 6","10 - 15 / semi-humid","UT.1","#66e566","semi-humid, cool","#aabe7f","G"
"ARFR-WY050-151-FREMONT-16","black",1,180,4,15,156,180,NA,6,1,NA,NA,9.9,1,NA,2,1,NA,2,1,NA,2,9.8,1,NA,2,1,NA,2,1,NA,2,1,2,1,NA,2,1,NA,NA,NA,NA,NA,NA,NA,NA,NA,"Y",NA,"N",NA,"ARFR4-SOS-WY050-151-FREMONT-16","#3288BD",-108.1704472,42.47886111,"10 - 15 Deg. F. / 6 - 12","","10 - 15 Deg. F.","12-Jun","10 - 15 Deg. F. / 6 - 12","10 - 15 / semi-arid","WY.2","#cd8500","semi-arid, cool","#3288BD","J"
"ARFR-AZ930-422-NAVAJO-18","black",1,181,4,16,NA,181,NA,5.6,1,NA,NA,14.8,1,NA,2,1,NA,2,1,NA,2,55,1,NA,2,1,NA,3,1,NA,3,1,3,1,NA,3,1,NA,"Yes",NA,223.07673,NA,"L",191.09873,99.77,92.81,"Y",NA,"N",NA,"ARFR4-SOS-AZ930-422-NAVAJO-18","#D53E4F",-110.431,36.56805,"15 - 20 Deg. F. / 6 - 12","Lats corrected 20230127","15 - 20 Deg. F.","12-Jun","15 - 20 Deg. F. / 6 - 12","15 - 20 / semi-arid","AZ.2","#ee5c42","semi-arid, warm","#D53E4F","B"
"ARFR-CO932-316-JEFFERSON-12","black",1,182,4,17,NA,182,NA,5.2,1,NA,NA,11.2,1,NA,2,1,NA,2,1,NA,2,17.5,1,NA,2,1,NA,3,1,NA,3,1,3,1,NA,3,1,NA,NA,NA,NA,NA,NA,NA,NA,NA,"Y",NA,"N",NA,"ARFR4-SOS-CO932-316-JEFFERSON-12","#FFFF85",-105.358,39.66325,"15 - 20 Deg. F. / 3 - 6","","15 - 20 Deg. F.","6-Mar","15 - 20 Deg. F. / 3 - 6","15 - 20 / semi-humid","CO.3","#698b69","semi-humid, warm","#FFFF85","F"
"ARFR-UT080-109-UINTAH-12","black",1,183,4,18,NA,183,NA,5.7,1,NA,NA,13.4,1,NA,2,1,NA,2,1,NA,2,56.8,1,NA,3,1,NA,3,1,NA,3,1,3,1,NA,3,1,NA,NA,NA,NA,NA,NA,NA,NA,NA,"Y",NA,"N",NA,"ARFR4-SOS-UT080-109-UINTAH-12","#aabe7f",-109.1426444,39.70802222,"10 - 15 Deg. F. / 3 - 6","","10 - 15 Deg. F.","6-Mar","10 - 15 Deg. F. / 3 - 6","10 - 15 / semi-humid","UT.1","#66e566","semi-humid, cool","#aabe7f","G"
"ARFR-CO932-316-JEFFERSON-12","black",1,184,4,19,NA,184,NA,1.9,1,NA,NA,7.3,1,NA,2,1,NA,2,1,NA,2,12,1,NA,2,1,NA,3,1,NA,3,1,3,1,NA,3,1,NA,NA,NA,NA,NA,NA,NA,NA,NA,"Y",NA,"N",NA,"ARFR4-SOS-CO932-316-JEFFERSON-12","#FFFF85",-105.358,39.66325,"15 - 20 Deg. F. / 3 - 6","","15 - 20 Deg. F.","6-Mar","15 - 20 Deg. F. / 3 - 6","15 - 20 / semi-humid","CO.3","#698b69","semi-humid, warm","#FFFF85","F"
"ARFR-WY930-44-LASANIMAS-13","black",1,185,4,20,157,185,NA,5.1,1,NA,NA,10,1,NA,2,1,NA,2,1,NA,2,26.7,1,NA,2,1,NA,3,1,NA,3,1,3,1,NA,3,1,NA,NA,NA,NA,NA,NA,NA,NA,NA,"Y",NA,"N",NA,"ARFR4-SOS-WY930-44-LASANIMAS-13","#FDAE61",-104.6423889,37.16547222,"15 - 20 Deg. F. / 3 - 6","","15 - 20 Deg. F.","6-Mar","15 - 20 Deg. F. / 3 - 6","15 - 20 / semi-humid","CO.1","#698b69","semi-humid, warm","#FDAE61","D"
"ARFR-WY040-71-10","black",1,186,4,21,NA,186,NA,5.7,1,NA,NA,7.5,1,NA,2,1,NA,2,1,NA,2,17,1,NA,2,1,NA,2,1,NA,3,1,3,1,NA,3,1,NA,NA,NA,NA,NA,NA,NA,NA,NA,"Y",NA,"N",NA,"ARFR4-SOS-WY040-71-10","#66C2A5",-109.2433156,41.13271889,"5 - 10 Deg. F. / 3 - 6","","5 - 10 Deg. F.","6-Mar","5 - 10 Deg. F. / 3 - 6","5 - 10 / semi-humid","WY.1","#a5c2f1","semi-humid, cold","#66C2A5","I"
"ARFR-WY040-71-10","black",1,187,4,22,NA,187,NA,4.5,1,NA,NA,6.2,1,NA,2,1,NA,2,1,NA,2,11,1,NA,2,1,NA,2,1,NA,2,1,2,1,NA,2,1,NA,NA,NA,NA,NA,NA,NA,NA,NA,"Y",NA,"Y",NA,"ARFR4-SOS-WY040-71-10","#66C2A5",-109.2433156,41.13271889,"5 - 10 Deg. F. / 3 - 6","","5 - 10 Deg. F.","6-Mar","5 - 10 Deg. F. / 3 - 6","5 - 10 / semi-humid","WY.1","#a5c2f1","semi-humid, cold","#66C2A5","I"
"ARFR-WY050-49-FREMONT-12","black",1,188,4,23,NA,188,NA,6.5,1,NA,NA,10.4,1,NA,2,1,NA,2,1,NA,2,36.2,1,NA,2,1,NA,3,1,NA,3,1,3,1,NA,3,1,NA,NA,NA,NA,NA,NA,NA,NA,NA,"Y",NA,"N",NA,"ARFR4-SOS-WY050-49-FREMONT-12","#5E4FA2",-109.34775,43.42663611,"5 - 10 Deg. F. / 6 - 12","","5 - 10 Deg. F.","12-Jun","5 - 10 Deg. F. / 6 - 12","5 - 10 / semi-arid","WY.3","#ffb90f","semi-arid, cold","#5E4FA2","K"
"ARFR-CO932-316-JEFFERSON-12","black",1,189,4,24,NA,189,NA,2.4,1,NA,NA,10,1,NA,2,1,NA,2,1,NA,2,22.4,1,NA,2,1,NA,3,1,NA,3,1,3,1,NA,3,1,NA,NA,NA,NA,NA,NA,NA,NA,NA,"Y",NA,"N",NA,"ARFR4-SOS-CO932-316-JEFFERSON-12","#FFFF85",-105.358,39.66325,"15 - 20 Deg. F. / 3 - 6","","15 - 20 Deg. F.","6-Mar","15 - 20 Deg. F. / 3 - 6","15 - 20 / semi-humid","CO.3","#698b69","semi-humid, warm","#FFFF85","F"
"ARFR-UT080-109-UINTAH-12","black",1,190,4,25,158,190,NA,5.5,1,NA,NA,11.4,1,NA,2,1,NA,2,1,NA,2,31,1,NA,2,1,NA,3,1,NA,3,1,3,1,NA,3,1,NA,NA,NA,NA,NA,NA,NA,NA,NA,"Y",NA,"N",NA,"ARFR4-SOS-UT080-109-UINTAH-12","#aabe7f",-109.1426444,39.70802222,"10 - 15 Deg. F. / 3 - 6","","10 - 15 Deg. F.","6-Mar","10 - 15 Deg. F. / 3 - 6","10 - 15 / semi-humid","UT.1","#66e566","semi-humid, cool","#aabe7f","G"
"ARFR-UT080-109-UINTAH-12","black",1,191,4,26,NA,191,NA,6.3,1,NA,NA,17.2,1,NA,2,1,NA,2,1,NA,2,61,1,NA,2,1,NA,3,1,NA,3,1,3,1,NA,3,1,NA,NA,NA,NA,NA,NA,NA,NA,NA,"Y",NA,"N",NA,"ARFR4-SOS-UT080-109-UINTAH-12","#aabe7f",-109.1426444,39.70802222,"10 - 15 Deg. F. / 3 - 6","","10 - 15 Deg. F.","6-Mar","10 - 15 Deg. F. / 3 - 6","10 - 15 / semi-humid","UT.1","#66e566","semi-humid, cool","#aabe7f","G"
"ARFR-NM930N-66-11","black",1,192,4,27,NA,192,NA,5.9,1,NA,NA,17.2,1,NA,2,1,NA,2,1,NA,2,43,1,NA,2,1,NA,3,1,NA,3,1,3,1,NA,3,1,NA,NA,NA,NA,NA,NA,NA,NA,NA,"Y",NA,"N",NA,"ARFR4-SOS-NM930N-66-11","#F46D43",-107.2045028,36.76818611,"10 - 15 Deg. F. / 3 - 6","","10 - 15 Deg. F.","6-Mar","10 - 15 Deg. F. / 3 - 6","10 - 15 / semi-humid","NM.1","#66e566","semi-humid, cool","#F46D43","C"
"ARFR-WY050-49-FREMONT-12","black",1,193,4,28,NA,193,NA,2,1,NA,NA,3.9,1,NA,2,1,NA,2,1,NA,2,6.5,1,NA,2,1,NA,2,1,NA,2,1,2,1,NA,2,1,NA,NA,NA,NA,NA,NA,NA,NA,NA,"N",NA,"N",NA,"ARFR4-SOS-WY050-49-FREMONT-12","#5E4FA2",-109.34775,43.42663611,"5 - 10 Deg. F. / 6 - 12","","5 - 10 Deg. F.","12-Jun","5 - 10 Deg. F. / 6 - 12","5 - 10 / semi-arid","WY.3","#ffb90f","semi-arid, cold","#5E4FA2","K"
"ARFR-NM930N-66-11","black",1,194,4,29,NA,194,NA,4.5,1,NA,NA,13.6,1,NA,2,1,NA,2,1,NA,2,51.5,1,NA,2,1,NA,3,1,NA,3,1,3,1,NA,3,1,NA,NA,NA,NA,NA,NA,NA,NA,NA,"Y",NA,"N",NA,"ARFR4-SOS-NM930N-66-11","#F46D43",-107.2045028,36.76818611,"10 - 15 Deg. F. / 3 - 6","","10 - 15 Deg. F.","6-Mar","10 - 15 Deg. F. / 3 - 6","10 - 15 / semi-humid","NM.1","#66e566","semi-humid, cool","#F46D43","C"
"ARFR-AZ930-422-NAVAJO-18","black",1,195,4,30,159,195,NA,4.6,1,NA,NA,15.4,1,NA,2,1,NA,2,1,NA,2,35.2,1,NA,2,1,NA,3,1,NA,3,1,3,1,NA,3,1,NA,NA,NA,NA,NA,NA,NA,NA,NA,"Y",NA,"N",NA,"ARFR4-SOS-AZ930-422-NAVAJO-18","#D53E4F",-110.431,36.56805,"15 - 20 Deg. F. / 6 - 12","Lats corrected 20230127","15 - 20 Deg. F.","12-Jun","15 - 20 Deg. F. / 6 - 12","15 - 20 / semi-arid","AZ.2","#ee5c42","semi-arid, warm","#D53E4F","B"
"ARFR-UT080-109-UINTAH-12","black",1,196,4,31,NA,196,NA,6.5,1,NA,NA,12,1,NA,2,1,NA,2,1,NA,2,56.2,1,NA,2,1,NA,3,1,NA,3,1,3,1,NA,3,1,NA,NA,NA,NA,NA,NA,NA,NA,NA,"Y",NA,"N",NA,"ARFR4-SOS-UT080-109-UINTAH-12","#aabe7f",-109.1426444,39.70802222,"10 - 15 Deg. F. / 3 - 6","","10 - 15 Deg. F.","6-Mar","10 - 15 Deg. F. / 3 - 6","10 - 15 / semi-humid","UT.1","#66e566","semi-humid, cool","#aabe7f","G"
"ARFR-WY930-44-LASANIMAS-13","black",1,197,4,32,NA,197,NA,3.5,1,NA,NA,9.8,1,NA,2,1,NA,2,1,NA,2,29,1,NA,2,1,NA,3,1,NA,3,1,3,1,NA,3,1,NA,NA,NA,NA,NA,NA,NA,NA,NA,"Y",NA,"N",NA,"ARFR4-SOS-WY930-44-LASANIMAS-13","#FDAE61",-104.6423889,37.16547222,"15 - 20 Deg. F. / 3 - 6","","15 - 20 Deg. F.","6-Mar","15 - 20 Deg. F. / 3 - 6","15 - 20 / semi-humid","CO.1","#698b69","semi-humid, warm","#FDAE61","D"
"ARFR-CO932-316-JEFFERSON-12","black",1,198,4,33,NA,198,NA,4.4,1,NA,NA,7.4,1,NA,2,1,NA,2,1,NA,2,14,1,NA,2,1,NA,2,1,NA,2,1,2,1,NA,2,1,NA,NA,NA,NA,NA,NA,NA,NA,NA,"Y",NA,"N",NA,"ARFR4-SOS-CO932-316-JEFFERSON-12","#FFFF85",-105.358,39.66325,"15 - 20 Deg. F. / 3 - 6","","15 - 20 Deg. F.","6-Mar","15 - 20 Deg. F. / 3 - 6","15 - 20 / semi-humid","CO.3","#698b69","semi-humid, warm","#FFFF85","F"
"ARFR-CO932-316-JEFFERSON-12","black",1,199,4,34,NA,199,NA,3.7,1,NA,NA,12,1,NA,2,1,NA,2,1,NA,2,39,1,NA,2,1,NA,3,1,NA,3,1,3,1,NA,3,1,NA,NA,NA,NA,NA,NA,NA,NA,NA,"Y",NA,"N",NA,"ARFR4-SOS-CO932-316-JEFFERSON-12","#FFFF85",-105.358,39.66325,"15 - 20 Deg. F. / 3 - 6","","15 - 20 Deg. F.","6-Mar","15 - 20 Deg. F. / 3 - 6","15 - 20 / semi-humid","CO.3","#698b69","semi-humid, warm","#FFFF85","F"
"ARFR-NM930N-66-11","black",1,200,4,35,160,200,NA,6.2,1,NA,NA,12.9,1,NA,2,1,NA,2,1,NA,2,38.4,1,NA,2,1,NA,3,1,NA,3,1,3,1,NA,3,1,NA,NA,NA,NA,NA,NA,NA,NA,NA,"Y",NA,"N",NA,"ARFR4-SOS-NM930N-66-11","#F46D43",-107.2045028,36.76818611,"10 - 15 Deg. F. / 3 - 6","","10 - 15 Deg. F.","6-Mar","10 - 15 Deg. F. / 3 - 6","10 - 15 / semi-humid","NM.1","#66e566","semi-humid, cool","#F46D43","C"
"ARFR-CO932-294-11","black",1,201,4,36,NA,201,NA,7.6,1,NA,NA,13.6,1,NA,2,1,NA,2,1,NA,2,17.5,1,NA,2,1,NA,3,1,NA,3,1,3,1,NA,3,1,NA,NA,NA,NA,NA,NA,NA,NA,NA,"Y",NA,"N",NA,"ARFR4-SOS-CO932-294-11","#ABDDA4",-105.2030833,39.78458333,"15 - 20 Deg. F. / 3 - 6","","15 - 20 Deg. F.","6-Mar","15 - 20 Deg. F. / 3 - 6","15 - 20 / semi-humid","CO.4","#698b69","semi-humid, warm","#ABDDA4","H"
"ARFR-NM930N-66-11","black",1,202,4,37,NA,202,NA,7,1,NA,NA,14.6,1,NA,2,1,NA,2,1,NA,2,48,1,NA,2,1,NA,3,1,NA,3,1,3,1,NA,3,1,NA,NA,NA,NA,NA,NA,NA,NA,NA,"Y",NA,"N",NA,"ARFR4-SOS-NM930N-66-11","#F46D43",-107.2045028,36.76818611,"10 - 15 Deg. F. / 3 - 6","","10 - 15 Deg. F.","6-Mar","10 - 15 Deg. F. / 3 - 6","10 - 15 / semi-humid","NM.1","#66e566","semi-humid, cool","#F46D43","C"
"ARFR-CO932-294-11","black",1,203,4,38,NA,203,NA,6,1,NA,NA,7.5,1,NA,2,1,NA,2,1,NA,2,11,1,NA,2,1,NA,2,1,NA,2,1,2,1,NA,2,1,NA,NA,NA,NA,NA,NA,NA,NA,NA,"Y",NA,"N",NA,"ARFR4-SOS-CO932-294-11","#ABDDA4",-105.2030833,39.78458333,"15 - 20 Deg. F. / 3 - 6","","15 - 20 Deg. F.","6-Mar","15 - 20 Deg. F. / 3 - 6","15 - 20 / semi-humid","CO.4","#698b69","semi-humid, warm","#ABDDA4","H"
"ARFR-WY050-151-FREMONT-16","black",1,204,4,39,NA,204,NA,5.6,1,NA,NA,7,1,NA,2,1,NA,2,1,NA,2,8.2,1,NA,2,1,NA,2,1,NA,2,1,2,1,NA,2,1,NA,NA,NA,NA,NA,NA,NA,NA,NA,"Y",NA,"N",NA,"ARFR4-SOS-WY050-151-FREMONT-16","#3288BD",-108.1704472,42.47886111,"10 - 15 Deg. F. / 6 - 12","","10 - 15 Deg. F.","12-Jun","10 - 15 Deg. F. / 6 - 12","10 - 15 / semi-arid","WY.2","#cd8500","semi-arid, cool","#3288BD","J"
"ARFR-NM930N-66-11","black",1,205,4,40,161,205,NA,5.7,1,NA,NA,17.1,1,NA,2,1,NA,2,1,NA,2,57.7,1,NA,2,1,NA,3,1,NA,3,1,3,1,NA,3,1,NA,NA,NA,NA,NA,NA,NA,NA,NA,"Y",NA,"N",NA,"ARFR4-SOS-NM930N-66-11","#F46D43",-107.2045028,36.76818611,"10 - 15 Deg. F. / 3 - 6","","10 - 15 Deg. F.","6-Mar","10 - 15 Deg. F. / 3 - 6","10 - 15 / semi-humid","NM.1","#66e566","semi-humid, cool","#F46D43","C"
"ARFR-AZ930-423-NAVAJO-18","black",1,206,4,41,NA,206,NA,4,1,NA,NA,12,1,NA,2,1,NA,2,1,NA,2,45.6,1,NA,2,1,NA,3,1,NA,3,1,3,1,NA,3,1,NA,NA,NA,NA,NA,NA,NA,NA,NA,"Y",NA,"N",NA,"ARFR4-SOS-AZ930-423-NAVAJO-18","#9E0142",-110.431,36.45877,"15 - 20 Deg. F. / 6 - 12","SdZones downloaded 20230823","15 - 20 Deg. F.","12-Jun","15 - 20 Deg. F. / 6 - 12","15 - 20 / semi-arid","AZ.1","#ee5c42","semi-arid, warm","#9E0142","A"
"ARFR-AZ930-423-NAVAJO-18","black",1,207,4,42,NA,207,"4/26/2022",NA,0,"N",NA,NA,0,"no plant 5/27. Not replaced since no more of pop. ",NA,0," ",NA,0,NA,NA,NA,0,NA,NA,0,NA,NA,0,NA,NA,0,NA,0,NA,NA,0,NA,NA,NA,NA,NA,NA,NA,NA,NA,"N",NA,"N","Y","ARFR4-SOS-AZ930-423-NAVAJO-18","#9E0142",-110.431,36.45877,"15 - 20 Deg. F. / 6 - 12","SdZones downloaded 20230823","15 - 20 Deg. F.","12-Jun","15 - 20 Deg. F. / 6 - 12","15 - 20 / semi-arid","AZ.1","#ee5c42","semi-arid, warm","#9E0142","A"
"ARFR-UT080-109-UINTAH-12","black",1,208,4,43,NA,208,NA,3.1,1,NA,NA,7.6,1,NA,2,1,NA,2,1,NA,2,45.7,1,NA,2,1,NA,3,1,NA,3,1,3,1,NA,3,1,NA,NA,NA,NA,NA,NA,NA,NA,NA,"Y",NA,"N",NA,"ARFR4-SOS-UT080-109-UINTAH-12","#aabe7f",-109.1426444,39.70802222,"10 - 15 Deg. F. / 3 - 6","","10 - 15 Deg. F.","6-Mar","10 - 15 Deg. F. / 3 - 6","10 - 15 / semi-humid","UT.1","#66e566","semi-humid, cool","#aabe7f","G"
"ARFR-UT080-109-UINTAH-12","black",1,209,4,44,NA,209,NA,2.5,1,NA,NA,7.5,1,NA,2,1,NA,2,1,NA,2,38.5,1,NA,2,1,NA,3,1,NA,3,1,3,1,NA,3,1,NA,NA,NA,NA,NA,NA,NA,NA,NA,"Y",NA,"Y",NA,"ARFR4-SOS-UT080-109-UINTAH-12","#aabe7f",-109.1426444,39.70802222,"10 - 15 Deg. F. / 3 - 6","","10 - 15 Deg. F.","6-Mar","10 - 15 Deg. F. / 3 - 6","10 - 15 / semi-humid","UT.1","#66e566","semi-humid, cool","#aabe7f","G"
"ARFR-WY930-44-LASANIMAS-13","black",1,210,4,45,162,210,NA,6.8,1,NA,NA,10.4,1,NA,2,1,NA,2,1,NA,2,20.5,1,NA,2,1,NA,2,1,NA,3,1,3,1,NA,3,1,NA,NA,NA,NA,NA,NA,NA,NA,NA,"Y",NA,"N",NA,"ARFR4-SOS-WY930-44-LASANIMAS-13","#FDAE61",-104.6423889,37.16547222,"15 - 20 Deg. F. / 3 - 6","","15 - 20 Deg. F.","6-Mar","15 - 20 Deg. F. / 3 - 6","15 - 20 / semi-humid","CO.1","#698b69","semi-humid, warm","#FDAE61","D"
"ARFR-UT080-109-UINTAH-12","black",1,211,4,46,NA,211,NA,6.2,1,NA,NA,13.8,1,NA,2,1,NA,2,1,NA,2,56,1,NA,3,1,NA,3,1,NA,3,1,3,1,NA,3,1,NA,NA,NA,NA,NA,NA,NA,NA,NA,"Y",NA,"N",NA,"ARFR4-SOS-UT080-109-UINTAH-12","#aabe7f",-109.1426444,39.70802222,"10 - 15 Deg. F. / 3 - 6","","10 - 15 Deg. F.","6-Mar","10 - 15 Deg. F. / 3 - 6","10 - 15 / semi-humid","UT.1","#66e566","semi-humid, cool","#aabe7f","G"
"ARFR-AZ930-423-NAVAJO-18","black",1,212,4,47,NA,212,NA,8.2,1,NA,NA,15,1,NA,2,1,NA,2,1,NA,2,49,1,NA,2,1,NA,3,1,NA,3,1,3,1,NA,3,1,NA,NA,NA,NA,NA,NA,NA,NA,NA,"Y",NA,"N",NA,"ARFR4-SOS-AZ930-423-NAVAJO-18","#9E0142",-110.431,36.45877,"15 - 20 Deg. F. / 6 - 12","SdZones downloaded 20230823","15 - 20 Deg. F.","12-Jun","15 - 20 Deg. F. / 6 - 12","15 - 20 / semi-arid","AZ.1","#ee5c42","semi-arid, warm","#9E0142","A"
"ARFR-AZ930-423-NAVAJO-18","black",1,213,4,48,NA,213,NA,6.9,1,NA,NA,14.3,1,NA,2,1,NA,2,1,NA,2,51.5,1,NA,2,1,NA,3,1,NA,3,1,3,1,NA,3,1,NA,NA,NA,NA,NA,NA,NA,NA,NA,"Y",NA,"N",NA,"ARFR4-SOS-AZ930-423-NAVAJO-18","#9E0142",-110.431,36.45877,"15 - 20 Deg. F. / 6 - 12","SdZones downloaded 20230823","15 - 20 Deg. F.","12-Jun","15 - 20 Deg. F. / 6 - 12","15 - 20 / semi-arid","AZ.1","#ee5c42","semi-arid, warm","#9E0142","A"
"ARFR-CO932-316-JEFFERSON-12","black",1,214,4,49,NA,214,NA,3,1,NA,NA,9.6,1,"Order swapped during planting. 316-Jefferson is now plant 214",2,1,NA,2,1,NA,2,23,1,NA,2,1,NA,3,1,NA,3,1,3,1,NA,3,1,NA,NA,NA,NA,NA,NA,NA,NA,NA,"Y",NA,"N",NA,"ARFR4-SOS-CO932-316-JEFFERSON-12","#FFFF85",-105.358,39.66325,"15 - 20 Deg. F. / 3 - 6","","15 - 20 Deg. F.","6-Mar","15 - 20 Deg. F. / 3 - 6","15 - 20 / semi-humid","CO.3","#698b69","semi-humid, warm","#FFFF85","F"
"ARFR-WY040-71-10","black",1,215,4,50,163,215,NA,3.1,1,NA,NA,7.3,1,"Order swapped during planting. WY-071 is now plant 215",2,1,NA,2,1,NA,2,12,1,NA,2,1,NA,2,1,NA,2,1,2,1,NA,2,1,NA,NA,NA,NA,NA,NA,NA,NA,NA,"Y",NA,"N",NA,"ARFR4-SOS-WY040-71-10","#66C2A5",-109.2433156,41.13271889,"5 - 10 Deg. F. / 3 - 6","","5 - 10 Deg. F.","6-Mar","5 - 10 Deg. F. / 3 - 6","5 - 10 / semi-humid","WY.1","#a5c2f1","semi-humid, cold","#66C2A5","I"
"ARFR-CO932-314-JEFFERSON-12","black",1,216,4,51,NA,216,NA,3.9,1,NA,NA,9.5,1,NA,2,1,NA,2,1,NA,2,36.5,1,NA,2,1,NA,3,1,NA,3,1,3,1,NA,3,1,NA,NA,NA,NA,NA,NA,NA,NA,NA,"Y",NA,"N",NA,"ARFR4-SOS-CO932-314-JEFFERSON-12","#FEE08B",-105.3553333,39.40902778,"10 - 15 Deg. F. / 3 - 6","","10 - 15 Deg. F.","6-Mar","10 - 15 Deg. F. / 3 - 6","10 - 15 / semi-humid","CO.2","#66e566","semi-humid, cool","#FEE08B","E"
"ARFR-AZ930-423-NAVAJO-18","black",1,217,4,52,NA,217,NA,7.1,1,NA,NA,13.4,1,NA,2,1,NA,2,1,NA,2,39.2,1,NA,2,1,NA,3,1,NA,3,1,3,1,NA,3,1,NA,NA,NA,NA,NA,NA,NA,NA,NA,"Y",NA,"N",NA,"ARFR4-SOS-AZ930-423-NAVAJO-18","#9E0142",-110.431,36.45877,"15 - 20 Deg. F. / 6 - 12","SdZones downloaded 20230823","15 - 20 Deg. F.","12-Jun","15 - 20 Deg. F. / 6 - 12","15 - 20 / semi-arid","AZ.1","#ee5c42","semi-arid, warm","#9E0142","A"
"ARFR-CO932-316-JEFFERSON-12","black",1,218,4,53,NA,218,NA,2.7,1,NA,NA,8.4,1,NA,2,1,NA,2,1,NA,2,39.5,1,NA,2,1,NA,3,1,NA,3,1,3,1,NA,3,1,NA,NA,NA,NA,NA,NA,NA,NA,NA,"Y",NA,"N",NA,"ARFR4-SOS-CO932-316-JEFFERSON-12","#FFFF85",-105.358,39.66325,"15 - 20 Deg. F. / 3 - 6","","15 - 20 Deg. F.","6-Mar","15 - 20 Deg. F. / 3 - 6","15 - 20 / semi-humid","CO.3","#698b69","semi-humid, warm","#FFFF85","F"
"ARFR-NM930N-66-11","black",1,219,4,54,NA,219,NA,9.2,1,NA,NA,18.7,1,NA,2,1,NA,2,1,NA,2,63.5,1,NA,2,1,NA,3,1,NA,3,1,3,1,NA,3,1,NA,NA,NA,NA,NA,NA,NA,NA,NA,"Y",NA,"N",NA,"ARFR4-SOS-NM930N-66-11","#F46D43",-107.2045028,36.76818611,"10 - 15 Deg. F. / 3 - 6","","10 - 15 Deg. F.","6-Mar","10 - 15 Deg. F. / 3 - 6","10 - 15 / semi-humid","NM.1","#66e566","semi-humid, cool","#F46D43","C"
"ARFR-CO932-294-11","white",2,1,5,1,165,220,NA,6.5,1,NA,NA,10,1,NA,2,1,NA,2,1,NA,2,27.3,1,NA,2,1,NA,3,1,NA,3,1,3,1,NA,3,1,NA,NA,NA,NA,NA,NA,NA,NA,NA,"Y",NA,"N",NA,"ARFR4-SOS-CO932-294-11","#ABDDA4",-105.2030833,39.78458333,"15 - 20 Deg. F. / 3 - 6","","15 - 20 Deg. F.","6-Mar","15 - 20 Deg. F. / 3 - 6","15 - 20 / semi-humid","CO.4","#698b69","semi-humid, warm","#ABDDA4","H"
"ARFR-CO932-316-JEFFERSON-12","white",2,2,5,2,NA,221,NA,5.6,1,NA,NA,11.3,1,NA,2,1,NA,2,1,NA,2,17.5,1,NA,2,1,NA,2,1,NA,2,1,2,1,NA,2,1,NA,NA,NA,NA,NA,NA,NA,NA,NA,"Y",NA,"N",NA,"ARFR4-SOS-CO932-316-JEFFERSON-12","#FFFF85",-105.358,39.66325,"15 - 20 Deg. F. / 3 - 6","","15 - 20 Deg. F.","6-Mar","15 - 20 Deg. F. / 3 - 6","15 - 20 / semi-humid","CO.3","#698b69","semi-humid, warm","#FFFF85","F"
"ARFR-CO932-314-JEFFERSON-12","white",2,3,5,3,NA,222,NA,4,1,NA,NA,10.4,1,NA,2,1,NA,2,1,NA,2,32.6,1,NA,2,1,NA,3,1,NA,3,1,3,1,NA,3,1,NA,NA,NA,NA,NA,NA,NA,NA,NA,"Y",NA,"N",NA,"ARFR4-SOS-CO932-314-JEFFERSON-12","#FEE08B",-105.3553333,39.40902778,"10 - 15 Deg. F. / 3 - 6","","10 - 15 Deg. F.","6-Mar","10 - 15 Deg. F. / 3 - 6","10 - 15 / semi-humid","CO.2","#66e566","semi-humid, cool","#FEE08B","E"
"ARFR-AZ930-423-NAVAJO-18","white",2,4,5,4,NA,223,NA,4.4,1,NA,NA,13.6,1,NA,2,1,NA,2,1,NA,2,44.6,1,NA,2,1,NA,3,1,NA,3,1,3,1,NA,3,1,NA,"Yes",NA,116.89,NA,"L",84.912,48.84,NA,"Y",NA,"N",NA,"ARFR4-SOS-AZ930-423-NAVAJO-18","#9E0142",-110.431,36.45877,"15 - 20 Deg. F. / 6 - 12","SdZones downloaded 20230823","15 - 20 Deg. F.","12-Jun","15 - 20 Deg. F. / 6 - 12","15 - 20 / semi-arid","AZ.1","#ee5c42","semi-arid, warm","#9E0142","A"
"ARFR-WY930-44-LASANIMAS-13","white",2,5,5,5,166,224,NA,5.7,1,NA,NA,13.2,1,NA,2,1,NA,2,1,NA,2,34.9,1,NA,2,1,NA,3,1,NA,3,1,3,1,NA,3,1,NA,NA,NA,NA,NA,NA,NA,NA,NA,"Y",NA,"Y",NA,"ARFR4-SOS-WY930-44-LASANIMAS-13","#FDAE61",-104.6423889,37.16547222,"15 - 20 Deg. F. / 3 - 6","","15 - 20 Deg. F.","6-Mar","15 - 20 Deg. F. / 3 - 6","15 - 20 / semi-humid","CO.1","#698b69","semi-humid, warm","#FDAE61","D"
"ARFR-AZ930-422-NAVAJO-18","white",2,6,5,6,NA,225,NA,5.4,1,NA,NA,16,1,NA,2,1,NA,2,1,NA,2,48.3,1,NA,2,1,NA,3,1,NA,3,1,3,1,NA,3,1,NA,NA,NA,NA,NA,NA,NA,NA,NA,"Y",NA,"N",NA,"ARFR4-SOS-AZ930-422-NAVAJO-18","#D53E4F",-110.431,36.56805,"15 - 20 Deg. F. / 6 - 12","Lats corrected 20230127","15 - 20 Deg. F.","12-Jun","15 - 20 Deg. F. / 6 - 12","15 - 20 / semi-arid","AZ.2","#ee5c42","semi-arid, warm","#D53E4F","B"
"ARFR-CO932-294-11","white",2,7,5,7,NA,226,NA,7.4,1,NA,NA,11.6,1,NA,2,1,NA,2,1,NA,2,34.4,1,NA,2,1,NA,3,1,NA,3,1,3,1,NA,3,1,NA,NA,NA,NA,NA,NA,NA,NA,NA,"Y",NA,"Y",NA,"ARFR4-SOS-CO932-294-11","#ABDDA4",-105.2030833,39.78458333,"15 - 20 Deg. F. / 3 - 6","","15 - 20 Deg. F.","6-Mar","15 - 20 Deg. F. / 3 - 6","15 - 20 / semi-humid","CO.4","#698b69","semi-humid, warm","#ABDDA4","H"
"ARFR-CO932-316-JEFFERSON-12","white",2,8,5,8,NA,227,NA,4.3,1,NA,NA,10,1,NA,2,1,NA,2,1,NA,2,40.1,1,NA,2,1,NA,3,1,NA,3,1,3,1,NA,3,1,NA,NA,NA,NA,NA,NA,NA,NA,NA,"Y",NA,"N",NA,"ARFR4-SOS-CO932-316-JEFFERSON-12","#FFFF85",-105.358,39.66325,"15 - 20 Deg. F. / 3 - 6","","15 - 20 Deg. F.","6-Mar","15 - 20 Deg. F. / 3 - 6","15 - 20 / semi-humid","CO.3","#698b69","semi-humid, warm","#FFFF85","F"
"ARFR-NM930N-66-11","white",2,9,5,9,NA,228,NA,7,1,NA,NA,13.7,1,NA,2,1,NA,2,1,NA,2,59.4,1,NA,2,1,NA,3,1,NA,3,1,3,1,NA,3,1,NA,NA,NA,NA,NA,NA,NA,NA,NA,"Y",NA,"N",NA,"ARFR4-SOS-NM930N-66-11","#F46D43",-107.2045028,36.76818611,"10 - 15 Deg. F. / 3 - 6","","10 - 15 Deg. F.","6-Mar","10 - 15 Deg. F. / 3 - 6","10 - 15 / semi-humid","NM.1","#66e566","semi-humid, cool","#F46D43","C"
"ARFR-CO932-294-11","white",2,10,5,10,167,229,NA,5.6,1,NA,NA,11.4,1,NA,2,1,NA,2,1,NA,2,35,1,NA,2,1,NA,3,1,NA,3,1,3,1,NA,3,1,NA,NA,NA,NA,NA,NA,NA,NA,NA,"Y",NA,"N",NA,"ARFR4-SOS-CO932-294-11","#ABDDA4",-105.2030833,39.78458333,"15 - 20 Deg. F. / 3 - 6","","15 - 20 Deg. F.","6-Mar","15 - 20 Deg. F. / 3 - 6","15 - 20 / semi-humid","CO.4","#698b69","semi-humid, warm","#ABDDA4","H"
"ARFR-WY050-151-FREMONT-16","white",2,11,5,11,NA,230,NA,4.5,1,NA,NA,7.1,1,NA,2,1,NA,2,1,NA,2,8.9,1,NA,2,1,NA,2,1,NA,2,1,2,1,NA,2,1,NA,NA,NA,NA,NA,NA,NA,NA,NA,"Y",NA,"N",NA,"ARFR4-SOS-WY050-151-FREMONT-16","#3288BD",-108.1704472,42.47886111,"10 - 15 Deg. F. / 6 - 12","","10 - 15 Deg. F.","12-Jun","10 - 15 Deg. F. / 6 - 12","10 - 15 / semi-arid","WY.2","#cd8500","semi-arid, cool","#3288BD","J"
"ARFR-NM930N-66-11","white",2,12,5,12,NA,231,NA,7.2,1,NA,NA,6.8,1,NA,2,1,NA,2,1,NA,2,15.5,1,NA,2,1,NA,3,1,NA,3,1,3,1,NA,3,1,NA,NA,NA,NA,NA,NA,NA,NA,NA,"Y",NA,"N",NA,"ARFR4-SOS-NM930N-66-11","#F46D43",-107.2045028,36.76818611,"10 - 15 Deg. F. / 3 - 6","","10 - 15 Deg. F.","6-Mar","10 - 15 Deg. F. / 3 - 6","10 - 15 / semi-humid","NM.1","#66e566","semi-humid, cool","#F46D43","C"
"ARFR-AZ930-422-NAVAJO-18","white",2,13,5,13,NA,232,NA,5.6,1,NA,NA,15.6,1,NA,2,1,NA,2,1,NA,2,59.7,1,NA,2,1,NA,3,1,NA,3,1,3,1,NA,3,1,NA,NA,NA,NA,NA,NA,NA,NA,NA,"Y",NA,"N",NA,"ARFR4-SOS-AZ930-422-NAVAJO-18","#D53E4F",-110.431,36.56805,"15 - 20 Deg. F. / 6 - 12","Lats corrected 20230127","15 - 20 Deg. F.","12-Jun","15 - 20 Deg. F. / 6 - 12","15 - 20 / semi-arid","AZ.2","#ee5c42","semi-arid, warm","#D53E4F","B"
"ARFR-UT080-109-UINTAH-12","white",2,14,5,14,NA,233,NA,6.4,1,NA,NA,13.6,1,NA,2,1,NA,2,1,NA,2,53.9,1,NA,2,1,NA,3,1,NA,3,1,3,1,NA,3,1,NA,NA,NA,NA,NA,NA,NA,NA,NA,"Y",NA,"N",NA,"ARFR4-SOS-UT080-109-UINTAH-12","#aabe7f",-109.1426444,39.70802222,"10 - 15 Deg. F. / 3 - 6","","10 - 15 Deg. F.","6-Mar","10 - 15 Deg. F. / 3 - 6","10 - 15 / semi-humid","UT.1","#66e566","semi-humid, cool","#aabe7f","G"
"ARFR-WY050-151-FREMONT-16","white",2,15,5,15,168,234,NA,4,1,NA,NA,7.4,1,NA,2,1,NA,2,1,NA,2,13.4,1,NA,2,1,NA,2,1,NA,2,1,2,1,NA,2,1,NA,NA,NA,NA,NA,NA,NA,NA,NA,"Y",NA,"N",NA,"ARFR4-SOS-WY050-151-FREMONT-16","#3288BD",-108.1704472,42.47886111,"10 - 15 Deg. F. / 6 - 12","","10 - 15 Deg. F.","12-Jun","10 - 15 Deg. F. / 6 - 12","10 - 15 / semi-arid","WY.2","#cd8500","semi-arid, cool","#3288BD","J"
"ARFR-CO932-316-JEFFERSON-12","white",2,16,5,16,NA,235,NA,4.8,1,NA,NA,11.7,1,NA,2,1,NA,2,1,NA,2,35.1,1,NA,3,1,NA,3,1,NA,3,1,3,1,NA,3,1,NA,NA,NA,NA,NA,NA,NA,NA,NA,"Y",NA,"N",NA,"ARFR4-SOS-CO932-316-JEFFERSON-12","#FFFF85",-105.358,39.66325,"15 - 20 Deg. F. / 3 - 6","","15 - 20 Deg. F.","6-Mar","15 - 20 Deg. F. / 3 - 6","15 - 20 / semi-humid","CO.3","#698b69","semi-humid, warm","#FFFF85","F"
"ARFR-UT080-109-UINTAH-12","white",2,17,5,17,NA,236,NA,6.4,1,NA,NA,11.1,1,NA,2,1,"dying",2,1,NA,2,15.2,1,NA,2,1,NA,2,1,NA,2,1,2,1,NA,2,1,NA,NA,NA,NA,NA,NA,NA,NA,NA,"Y",NA,"N",NA,"ARFR4-SOS-UT080-109-UINTAH-12","#aabe7f",-109.1426444,39.70802222,"10 - 15 Deg. F. / 3 - 6","","10 - 15 Deg. F.","6-Mar","10 - 15 Deg. F. / 3 - 6","10 - 15 / semi-humid","UT.1","#66e566","semi-humid, cool","#aabe7f","G"
"ARFR-CO932-294-11","white",2,18,5,18,NA,237,NA,4.6,1,NA,NA,9.9,1,NA,2,1,NA,2,1,NA,2,32,1,NA,2,1,NA,3,1,NA,3,1,3,1,NA,3,1,NA,NA,NA,NA,NA,NA,NA,NA,NA,"Y",NA,"N",NA,"ARFR4-SOS-CO932-294-11","#ABDDA4",-105.2030833,39.78458333,"15 - 20 Deg. F. / 3 - 6","","15 - 20 Deg. F.","6-Mar","15 - 20 Deg. F. / 3 - 6","15 - 20 / semi-humid","CO.4","#698b69","semi-humid, warm","#ABDDA4","H"
"ARFR-WY040-71-10","white",2,19,5,19,NA,238,NA,4.4,1,NA,NA,6,1,NA,2,1,NA,2,1,NA,2,13,1,NA,2,1,NA,2,1,NA,2,1,2,1,NA,2,1,NA,NA,NA,NA,NA,NA,NA,NA,NA,"Y",NA,"N",NA,"ARFR4-SOS-WY040-71-10","#66C2A5",-109.2433156,41.13271889,"5 - 10 Deg. F. / 3 - 6","","5 - 10 Deg. F.","6-Mar","5 - 10 Deg. F. / 3 - 6","5 - 10 / semi-humid","WY.1","#a5c2f1","semi-humid, cold","#66C2A5","I"
"ARFR-WY050-49-FREMONT-12","white",2,20,5,20,169,239,NA,4.2,1,NA,NA,6.9,1,NA,2,1,NA,2,1,NA,2,19,1,NA,2,1,NA,3,1,NA,3,1,3,1,NA,3,1,NA,NA,NA,NA,NA,NA,NA,NA,NA,"Y",NA,"N",NA,"ARFR4-SOS-WY050-49-FREMONT-12","#5E4FA2",-109.34775,43.42663611,"5 - 10 Deg. F. / 6 - 12","","5 - 10 Deg. F.","12-Jun","5 - 10 Deg. F. / 6 - 12","5 - 10 / semi-arid","WY.3","#ffb90f","semi-arid, cold","#5E4FA2","K"
"ARFR-WY930-44-LASANIMAS-13","white",2,21,5,21,NA,240,NA,6.8,1,NA,NA,11.3,1,NA,2,1,NA,2,1,NA,2,31.8,1,NA,2,1,NA,2,1,NA,3,1,3,1,NA,3,1,NA,NA,NA,NA,NA,NA,NA,NA,NA,"Y",NA,"N",NA,"ARFR4-SOS-WY930-44-LASANIMAS-13","#FDAE61",-104.6423889,37.16547222,"15 - 20 Deg. F. / 3 - 6","","15 - 20 Deg. F.","6-Mar","15 - 20 Deg. F. / 3 - 6","15 - 20 / semi-humid","CO.1","#698b69","semi-humid, warm","#FDAE61","D"
"ARFR-WY930-44-LASANIMAS-13","white",2,22,5,22,NA,241,NA,7.4,1,NA,NA,14.3,1,NA,2,1,NA,2,1,NA,2,41.4,1,NA,2,1,NA,2,1,NA,3,1,3,1,NA,3,1,NA,NA,NA,NA,NA,NA,NA,NA,NA,"Y",NA,"N",NA,"ARFR4-SOS-WY930-44-LASANIMAS-13","#FDAE61",-104.6423889,37.16547222,"15 - 20 Deg. F. / 3 - 6","","15 - 20 Deg. F.","6-Mar","15 - 20 Deg. F. / 3 - 6","15 - 20 / semi-humid","CO.1","#698b69","semi-humid, warm","#FDAE61","D"
"ARFR-NM930N-66-11","white",2,23,5,23,NA,242,NA,7,1,NA,NA,11.7,1,NA,2,1,NA,2,1,NA,2,61.6,1,NA,2,1,NA,3,1,NA,3,1,3,1,NA,3,1,NA,NA,NA,NA,NA,NA,NA,NA,NA,"Y",NA,"N",NA,"ARFR4-SOS-NM930N-66-11","#F46D43",-107.2045028,36.76818611,"10 - 15 Deg. F. / 3 - 6","","10 - 15 Deg. F.","6-Mar","10 - 15 Deg. F. / 3 - 6","10 - 15 / semi-humid","NM.1","#66e566","semi-humid, cool","#F46D43","C"
"ARFR-UT080-109-UINTAH-12","white",2,24,5,24,NA,243,NA,6.4,1,NA,NA,13.9,1,NA,2,1,NA,2,1,NA,2,54,1,NA,2,1,NA,3,1,NA,3,1,3,1,NA,3,1,NA,NA,NA,NA,NA,NA,NA,NA,NA,"Y",NA,"N",NA,"ARFR4-SOS-UT080-109-UINTAH-12","#aabe7f",-109.1426444,39.70802222,"10 - 15 Deg. F. / 3 - 6","","10 - 15 Deg. F.","6-Mar","10 - 15 Deg. F. / 3 - 6","10 - 15 / semi-humid","UT.1","#66e566","semi-humid, cool","#aabe7f","G"
"ARFR-CO932-314-JEFFERSON-12","white",2,25,5,25,170,244,NA,4.2,1,NA,NA,7.3,1,NA,2,1,NA,2,1,NA,2,31.1,1,NA,2,1,NA,3,1,NA,3,1,3,1,NA,3,1,NA,NA,NA,NA,NA,NA,NA,NA,NA,"Y",NA,"N",NA,"ARFR4-SOS-CO932-314-JEFFERSON-12","#FEE08B",-105.3553333,39.40902778,"10 - 15 Deg. F. / 3 - 6","","10 - 15 Deg. F.","6-Mar","10 - 15 Deg. F. / 3 - 6","10 - 15 / semi-humid","CO.2","#66e566","semi-humid, cool","#FEE08B","E"
"ARFR-AZ930-422-NAVAJO-18","white",2,26,5,26,NA,245,NA,3.5,1,NA,NA,11,1,NA,2,1,NA,2,1,NA,2,45.7,1,NA,2,1,NA,3,1,NA,3,1,3,1,NA,3,1,NA,NA,NA,NA,NA,NA,NA,NA,NA,"Y",NA,"N",NA,"ARFR4-SOS-AZ930-422-NAVAJO-18","#D53E4F",-110.431,36.56805,"15 - 20 Deg. F. / 6 - 12","Lats corrected 20230127","15 - 20 Deg. F.","12-Jun","15 - 20 Deg. F. / 6 - 12","15 - 20 / semi-arid","AZ.2","#ee5c42","semi-arid, warm","#D53E4F","B"
"ARFR-CO932-316-JEFFERSON-12","white",2,27,5,27,NA,246,NA,3.9,1,NA,NA,10.9,1,NA,2,1,NA,2,1,NA,2,41.4,1,NA,2,1,NA,3,1,NA,3,1,3,1,NA,3,1,NA,NA,NA,NA,NA,NA,NA,NA,NA,"Y",NA,"N",NA,"ARFR4-SOS-CO932-316-JEFFERSON-12","#FFFF85",-105.358,39.66325,"15 - 20 Deg. F. / 3 - 6","","15 - 20 Deg. F.","6-Mar","15 - 20 Deg. F. / 3 - 6","15 - 20 / semi-humid","CO.3","#698b69","semi-humid, warm","#FFFF85","F"
"ARFR-UT080-109-UINTAH-12","white",2,28,5,28,NA,247,NA,5.4,1,NA,NA,12,1,NA,2,1,NA,2,1,NA,2,38,1,NA,3,1,NA,3,1,NA,3,1,3,1,NA,3,1,NA,NA,NA,NA,NA,NA,NA,NA,NA,"Y",NA,"N",NA,"ARFR4-SOS-UT080-109-UINTAH-12","#aabe7f",-109.1426444,39.70802222,"10 - 15 Deg. F. / 3 - 6","","10 - 15 Deg. F.","6-Mar","10 - 15 Deg. F. / 3 - 6","10 - 15 / semi-humid","UT.1","#66e566","semi-humid, cool","#aabe7f","G"
"ARFR-AZ930-423-NAVAJO-18","white",2,29,5,29,NA,248,NA,6,1,NA,NA,16.1,1,NA,2,1,NA,2,1,NA,2,48.5,1,NA,2,1,NA,3,1,NA,3,1,3,1,NA,3,1,NA,NA,NA,NA,NA,NA,NA,NA,NA,"Y",NA,"Y",NA,"ARFR4-SOS-AZ930-423-NAVAJO-18","#9E0142",-110.431,36.45877,"15 - 20 Deg. F. / 6 - 12","SdZones downloaded 20230823","15 - 20 Deg. F.","12-Jun","15 - 20 Deg. F. / 6 - 12","15 - 20 / semi-arid","AZ.1","#ee5c42","semi-arid, warm","#9E0142","A"
"ARFR-WY050-49-FREMONT-12","white",2,30,5,30,171,249,NA,5.5,1,NA,NA,6.8,1,NA,2,1,NA,2,1,NA,2,12,1,NA,2,1,NA,2,1,NA,2,1,2,1,NA,2,1,NA,NA,NA,NA,NA,NA,NA,NA,NA,"Y",NA,"N",NA,"ARFR4-SOS-WY050-49-FREMONT-12","#5E4FA2",-109.34775,43.42663611,"5 - 10 Deg. F. / 6 - 12","","5 - 10 Deg. F.","12-Jun","5 - 10 Deg. F. / 6 - 12","5 - 10 / semi-arid","WY.3","#ffb90f","semi-arid, cold","#5E4FA2","K"
"ARFR-CO932-314-JEFFERSON-12","white",2,31,5,31,NA,250,NA,3.6,1,NA,NA,8.8,1,NA,2,1,NA,2,1,NA,2,38,1,NA,2,1,NA,3,1,NA,3,1,3,1,NA,3,1,NA,NA,NA,NA,NA,NA,NA,NA,NA,"Y",NA,"N",NA,"ARFR4-SOS-CO932-314-JEFFERSON-12","#FEE08B",-105.3553333,39.40902778,"10 - 15 Deg. F. / 3 - 6","","10 - 15 Deg. F.","6-Mar","10 - 15 Deg. F. / 3 - 6","10 - 15 / semi-humid","CO.2","#66e566","semi-humid, cool","#FEE08B","E"
"ARFR-AZ930-423-NAVAJO-18","white",2,32,5,32,NA,251,NA,5.1,1,NA,NA,11.7,1,NA,2,1,NA,2,1,NA,2,48.2,1,NA,2,1,NA,3,1,NA,3,1,3,1,NA,3,1,NA,NA,NA,NA,NA,NA,NA,NA,NA,"Y",NA,"N",NA,"ARFR4-SOS-AZ930-423-NAVAJO-18","#9E0142",-110.431,36.45877,"15 - 20 Deg. F. / 6 - 12","SdZones downloaded 20230823","15 - 20 Deg. F.","12-Jun","15 - 20 Deg. F. / 6 - 12","15 - 20 / semi-arid","AZ.1","#ee5c42","semi-arid, warm","#9E0142","A"
"ARFR-NM930N-66-11","white",2,33,5,33,NA,252,NA,8.4,1,NA,NA,16.2,1,NA,2,1,NA,2,1,NA,2,59.1,1,NA,2,1,NA,3,1,NA,3,1,3,1,NA,3,1,NA,NA,NA,NA,NA,NA,NA,NA,NA,"Y",NA,"N",NA,"ARFR4-SOS-NM930N-66-11","#F46D43",-107.2045028,36.76818611,"10 - 15 Deg. F. / 3 - 6","","10 - 15 Deg. F.","6-Mar","10 - 15 Deg. F. / 3 - 6","10 - 15 / semi-humid","NM.1","#66e566","semi-humid, cool","#F46D43","C"
"ARFR-CO932-294-11","white",2,34,5,34,NA,253,NA,4.5,1,NA,NA,8.1,1,NA,2,1,NA,2,1,NA,2,28.1,1,NA,2,1,NA,3,1,NA,3,1,3,1,NA,3,1,NA,NA,NA,NA,NA,NA,NA,NA,NA,"Y",NA,"N",NA,"ARFR4-SOS-CO932-294-11","#ABDDA4",-105.2030833,39.78458333,"15 - 20 Deg. F. / 3 - 6","","15 - 20 Deg. F.","6-Mar","15 - 20 Deg. F. / 3 - 6","15 - 20 / semi-humid","CO.4","#698b69","semi-humid, warm","#ABDDA4","H"
"ARFR-WY930-44-LASANIMAS-13","white",2,35,5,35,172,254,NA,6.5,1,NA,NA,11.7,1,NA,2,1,NA,2,1,NA,2,39,1,NA,2,1,NA,3,1,NA,3,1,3,1,NA,3,1,NA,NA,NA,NA,NA,NA,NA,NA,NA,"Y",NA,"N",NA,"ARFR4-SOS-WY930-44-LASANIMAS-13","#FDAE61",-104.6423889,37.16547222,"15 - 20 Deg. F. / 3 - 6","","15 - 20 Deg. F.","6-Mar","15 - 20 Deg. F. / 3 - 6","15 - 20 / semi-humid","CO.1","#698b69","semi-humid, warm","#FDAE61","D"
"ARFR-AZ930-423-NAVAJO-18","white",2,36,5,36,NA,255,NA,5.7,1,NA,NA,8.3,1,NA,2,1,NA,2,1,NA,2,29.4,1,NA,2,1,NA,3,1,NA,3,1,3,1,NA,3,1,NA,NA,NA,NA,NA,NA,NA,NA,NA,"Y",NA,"N",NA,"ARFR4-SOS-AZ930-423-NAVAJO-18","#9E0142",-110.431,36.45877,"15 - 20 Deg. F. / 6 - 12","SdZones downloaded 20230823","15 - 20 Deg. F.","12-Jun","15 - 20 Deg. F. / 6 - 12","15 - 20 / semi-arid","AZ.1","#ee5c42","semi-arid, warm","#9E0142","A"
"ARFR-WY050-49-FREMONT-12","white",2,37,5,37,NA,256,NA,4.8,1,NA,NA,6.9,1,NA,2,1,NA,2,1,NA,2,11.5,1,NA,2,1,NA,2,1,NA,2,1,2,1,NA,2,1,NA,"Yes",NA,34.46,NA,"S",27.5,NA,NA,"Y",NA,"N",NA,"ARFR4-SOS-WY050-49-FREMONT-12","#5E4FA2",-109.34775,43.42663611,"5 - 10 Deg. F. / 6 - 12","","5 - 10 Deg. F.","12-Jun","5 - 10 Deg. F. / 6 - 12","5 - 10 / semi-arid","WY.3","#ffb90f","semi-arid, cold","#5E4FA2","K"
"ARFR-CO932-294-11","white",2,38,5,38,NA,257,NA,6.6,1,NA,NA,11.4,1,NA,2,1,NA,2,1,NA,2,40,1,NA,2,1,NA,3,1,NA,3,1,3,1,NA,3,1,NA,NA,NA,NA,NA,NA,NA,NA,NA,"Y",NA,"N",NA,"ARFR4-SOS-CO932-294-11","#ABDDA4",-105.2030833,39.78458333,"15 - 20 Deg. F. / 3 - 6","","15 - 20 Deg. F.","6-Mar","15 - 20 Deg. F. / 3 - 6","15 - 20 / semi-humid","CO.4","#698b69","semi-humid, warm","#ABDDA4","H"
"ARFR-CO932-294-11","white",2,39,5,39,NA,258,NA,4.3,1,NA,NA,6.7,1,NA,2,1,NA,2,1,NA,2,24.7,1,NA,2,1,NA,3,1,NA,3,1,3,1,NA,3,1,NA,NA,NA,NA,NA,NA,NA,NA,NA,"Y",NA,"N",NA,"ARFR4-SOS-CO932-294-11","#ABDDA4",-105.2030833,39.78458333,"15 - 20 Deg. F. / 3 - 6","","15 - 20 Deg. F.","6-Mar","15 - 20 Deg. F. / 3 - 6","15 - 20 / semi-humid","CO.4","#698b69","semi-humid, warm","#ABDDA4","H"
"ARFR-UT080-109-UINTAH-12","white",2,40,5,40,173,259,NA,6.9,1,NA,NA,10.7,1,NA,2,1,NA,2,1,NA,2,37.9,1,NA,NA,0,NA,NA,0,NA,NA,0,NA,0,NA,NA,0,NA,NA,NA,NA,NA,NA,NA,NA,NA,"Y",NA,"N",NA,"ARFR4-SOS-UT080-109-UINTAH-12","#aabe7f",-109.1426444,39.70802222,"10 - 15 Deg. F. / 3 - 6","","10 - 15 Deg. F.","6-Mar","10 - 15 Deg. F. / 3 - 6","10 - 15 / semi-humid","UT.1","#66e566","semi-humid, cool","#aabe7f","G"
"ARFR-CO932-316-JEFFERSON-12","white",2,41,5,41,NA,260,NA,5,1,NA,NA,9.1,1,NA,2,1,NA,2,1,NA,2,36.5,1,NA,2,1,NA,3,1,NA,3,1,3,1,NA,3,1,NA,NA,NA,NA,NA,NA,NA,NA,NA,"Y",NA,"Y",NA,"ARFR4-SOS-CO932-316-JEFFERSON-12","#FFFF85",-105.358,39.66325,"15 - 20 Deg. F. / 3 - 6","","15 - 20 Deg. F.","6-Mar","15 - 20 Deg. F. / 3 - 6","15 - 20 / semi-humid","CO.3","#698b69","semi-humid, warm","#FFFF85","F"
"ARFR-CO932-314-JEFFERSON-12","white",2,42,5,42,NA,261,NA,5,1,NA,NA,8.1,1,NA,2,1,NA,2,1,NA,2,28.2,1,NA,2,1,NA,3,1,NA,3,1,3,1,NA,3,1,NA,NA,NA,NA,NA,NA,NA,NA,NA,"Y",NA,"N",NA,"ARFR4-SOS-CO932-314-JEFFERSON-12","#FEE08B",-105.3553333,39.40902778,"10 - 15 Deg. F. / 3 - 6","","10 - 15 Deg. F.","6-Mar","10 - 15 Deg. F. / 3 - 6","10 - 15 / semi-humid","CO.2","#66e566","semi-humid, cool","#FEE08B","E"
"ARFR-CO932-314-JEFFERSON-12","white",2,43,5,43,NA,262,NA,4.5,1,NA,NA,8.2,1,NA,2,1,NA,2,1,NA,2,32.9,1,NA,2,1,NA,3,1,NA,3,1,3,1,NA,3,1,NA,NA,NA,NA,NA,NA,NA,NA,NA,"Y",NA,"N",NA,"ARFR4-SOS-CO932-314-JEFFERSON-12","#FEE08B",-105.3553333,39.40902778,"10 - 15 Deg. F. / 3 - 6","","10 - 15 Deg. F.","6-Mar","10 - 15 Deg. F. / 3 - 6","10 - 15 / semi-humid","CO.2","#66e566","semi-humid, cool","#FEE08B","E"
"ARFR-UT080-109-UINTAH-12","white",2,44,5,44,NA,263,NA,6.1,1,NA,NA,10.8,1,NA,2,1,NA,2,1,NA,2,52.8,1,NA,3,1,NA,3,1,NA,3,1,3,1,NA,3,1,NA,NA,NA,NA,NA,NA,NA,NA,NA,"Y",NA,"N",NA,"ARFR4-SOS-UT080-109-UINTAH-12","#aabe7f",-109.1426444,39.70802222,"10 - 15 Deg. F. / 3 - 6","","10 - 15 Deg. F.","6-Mar","10 - 15 Deg. F. / 3 - 6","10 - 15 / semi-humid","UT.1","#66e566","semi-humid, cool","#aabe7f","G"
"ARFR-UT080-109-UINTAH-12","white",2,45,5,45,174,264,NA,5.3,1,NA,NA,7.9,1,NA,2,1,NA,2,1,NA,2,40,1,NA,2,1,NA,3,1,NA,3,1,3,1,NA,3,1,NA,NA,NA,NA,NA,NA,NA,NA,NA,"Y",NA,"N",NA,"ARFR4-SOS-UT080-109-UINTAH-12","#aabe7f",-109.1426444,39.70802222,"10 - 15 Deg. F. / 3 - 6","","10 - 15 Deg. F.","6-Mar","10 - 15 Deg. F. / 3 - 6","10 - 15 / semi-humid","UT.1","#66e566","semi-humid, cool","#aabe7f","G"
"ARFR-NM930N-66-11","white",2,46,5,46,NA,265,NA,7.2,1,NA,NA,20.6,1,NA,2,1,NA,2,1,NA,2,61.4,1,NA,2,1,NA,3,1,NA,3,1,3,1,NA,3,1,NA,NA,NA,NA,NA,NA,NA,NA,NA,"Y",NA,"N",NA,"ARFR4-SOS-NM930N-66-11","#F46D43",-107.2045028,36.76818611,"10 - 15 Deg. F. / 3 - 6","","10 - 15 Deg. F.","6-Mar","10 - 15 Deg. F. / 3 - 6","10 - 15 / semi-humid","NM.1","#66e566","semi-humid, cool","#F46D43","C"
"ARFR-WY930-44-LASANIMAS-13","white",2,47,5,47,NA,266,NA,7.5,1,NA,NA,14.8,1,NA,2,1,NA,2,1,NA,2,46.9,1,NA,2,1,NA,3,1,NA,3,1,3,1,NA,3,1,NA,NA,NA,NA,NA,NA,NA,NA,NA,"Y",NA,"N",NA,"ARFR4-SOS-WY930-44-LASANIMAS-13","#FDAE61",-104.6423889,37.16547222,"15 - 20 Deg. F. / 3 - 6","","15 - 20 Deg. F.","6-Mar","15 - 20 Deg. F. / 3 - 6","15 - 20 / semi-humid","CO.1","#698b69","semi-humid, warm","#FDAE61","D"
"ARFR-AZ930-423-NAVAJO-18","white",2,48,5,48,NA,267,NA,NA,0,"N",NA,NA,0,"Not replaced since no more of pop",NA,0,NA,NA,0,NA,NA,NA,0,NA,NA,0,NA,NA,0,NA,NA,0,NA,0,NA,NA,0,NA,NA,NA,NA,NA,NA,NA,NA,NA,"Y",NA,"N","Y","ARFR4-SOS-AZ930-423-NAVAJO-18","#9E0142",-110.431,36.45877,"15 - 20 Deg. F. / 6 - 12","SdZones downloaded 20230823","15 - 20 Deg. F.","12-Jun","15 - 20 Deg. F. / 6 - 12","15 - 20 / semi-arid","AZ.1","#ee5c42","semi-arid, warm","#9E0142","A"
"ARFR-AZ930-423-NAVAJO-18","white",2,49,5,49,NA,268,NA,5,1,NA,NA,9.3,1,NA,2,1,NA,2,1,NA,2,40.4,1,NA,2,1,NA,3,1,NA,3,1,3,1,NA,3,1,NA,NA,NA,NA,NA,NA,NA,NA,NA,"Y",NA,"N",NA,"ARFR4-SOS-AZ930-423-NAVAJO-18","#9E0142",-110.431,36.45877,"15 - 20 Deg. F. / 6 - 12","SdZones downloaded 20230823","15 - 20 Deg. F.","12-Jun","15 - 20 Deg. F. / 6 - 12","15 - 20 / semi-arid","AZ.1","#ee5c42","semi-arid, warm","#9E0142","A"
"ARFR-AZ930-422-NAVAJO-18","white",2,50,5,50,175,269,NA,4.3,1,NA,NA,10.2,1,NA,2,1,NA,2,1,NA,2,40.5,1,NA,2,1,NA,3,1,NA,3,1,3,1,NA,3,1,"dying",NA,NA,NA,NA,NA,NA,NA,NA,"Y",NA,"N",NA,"ARFR4-SOS-AZ930-422-NAVAJO-18","#D53E4F",-110.431,36.56805,"15 - 20 Deg. F. / 6 - 12","Lats corrected 20230127","15 - 20 Deg. F.","12-Jun","15 - 20 Deg. F. / 6 - 12","15 - 20 / semi-arid","AZ.2","#ee5c42","semi-arid, warm","#D53E4F","B"
"ARFR-AZ930-423-NAVAJO-18","white",2,51,5,51,NA,270,NA,4.6,1,NA,NA,10.4,1,NA,2,1,NA,2,1,NA,2,37.8,1,NA,2,1,NA,3,1,NA,3,1,3,1,NA,3,1,NA,"Yes",NA,124.84,NA,"L",92.862,48.91,41.95,"Y",NA,"N",NA,"ARFR4-SOS-AZ930-423-NAVAJO-18","#9E0142",-110.431,36.45877,"15 - 20 Deg. F. / 6 - 12","SdZones downloaded 20230823","15 - 20 Deg. F.","12-Jun","15 - 20 Deg. F. / 6 - 12","15 - 20 / semi-arid","AZ.1","#ee5c42","semi-arid, warm","#9E0142","A"
"ARFR-NM930N-66-11","white",2,52,5,52,NA,271,NA,5,1,NA,NA,13.4,1,NA,2,1,NA,2,1,NA,2,49.1,1,NA,2,1,NA,3,1,NA,3,1,3,1,NA,3,1,NA,NA,NA,NA,NA,NA,NA,NA,NA,"Y",NA,"N",NA,"ARFR4-SOS-NM930N-66-11","#F46D43",-107.2045028,36.76818611,"10 - 15 Deg. F. / 3 - 6","","10 - 15 Deg. F.","6-Mar","10 - 15 Deg. F. / 3 - 6","10 - 15 / semi-humid","NM.1","#66e566","semi-humid, cool","#F46D43","C"
"ARFR-AZ930-423-NAVAJO-18","white",2,53,5,53,NA,272,NA,5.6,1,NA,NA,10.3,1,NA,2,1,NA,2,1,NA,2,46.3,1,NA,2,1,NA,3,1,NA,3,1,3,1,NA,3,1,NA,NA,NA,NA,NA,NA,NA,NA,NA,"Y",NA,"N",NA,"ARFR4-SOS-AZ930-423-NAVAJO-18","#9E0142",-110.431,36.45877,"15 - 20 Deg. F. / 6 - 12","SdZones downloaded 20230823","15 - 20 Deg. F.","12-Jun","15 - 20 Deg. F. / 6 - 12","15 - 20 / semi-arid","AZ.1","#ee5c42","semi-arid, warm","#9E0142","A"
"ARFR-WY050-49-FREMONT-12","white",2,54,5,54,NA,273,NA,6,1,NA,NA,7.2,1,NA,2,1,NA,2,1,NA,2,14.6,1,NA,2,1,NA,2,1,NA,2,1,2,1,NA,2,1,NA,NA,NA,NA,NA,NA,NA,NA,NA,"Y",NA,"N",NA,"ARFR4-SOS-WY050-49-FREMONT-12","#5E4FA2",-109.34775,43.42663611,"5 - 10 Deg. F. / 6 - 12","","5 - 10 Deg. F.","12-Jun","5 - 10 Deg. F. / 6 - 12","5 - 10 / semi-arid","WY.3","#ffb90f","semi-arid, cold","#5E4FA2","K"
"ARFR-UT080-109-UINTAH-12","white",2,55,5,55,176,274,NA,6.9,1,NA,NA,13.4,1,NA,2,1,NA,2,1,NA,2,55.5,1,NA,2,1,NA,3,1,NA,3,1,3,1,NA,3,1,NA,NA,NA,NA,NA,NA,NA,NA,NA,"Y",NA,"N",NA,"ARFR4-SOS-UT080-109-UINTAH-12","#aabe7f",-109.1426444,39.70802222,"10 - 15 Deg. F. / 3 - 6","","10 - 15 Deg. F.","6-Mar","10 - 15 Deg. F. / 3 - 6","10 - 15 / semi-humid","UT.1","#66e566","semi-humid, cool","#aabe7f","G"
"ARFR-WY930-44-LASANIMAS-13","white",2,56,6,1,165,275,NA,4.4,1,NA,NA,11.3,1,NA,2,1,NA,2,1,NA,2,13.4,1,NA,2,1,NA,3,1,NA,3,1,3,1,NA,3,1,NA,NA,NA,NA,NA,NA,NA,NA,NA,"Y",NA,"Y",NA,"ARFR4-SOS-WY930-44-LASANIMAS-13","#FDAE61",-104.6423889,37.16547222,"15 - 20 Deg. F. / 3 - 6","","15 - 20 Deg. F.","6-Mar","15 - 20 Deg. F. / 3 - 6","15 - 20 / semi-humid","CO.1","#698b69","semi-humid, warm","#FDAE61","D"
"ARFR-NM930N-66-11","white",2,57,6,2,NA,276,NA,7,1,NA,NA,14.2,1,NA,2,1,NA,2,1,NA,2,50.5,1,NA,2,1,NA,3,1,NA,3,1,3,1,NA,3,1,NA,NA,NA,NA,NA,NA,NA,NA,NA,"Y",NA,"N",NA,"ARFR4-SOS-NM930N-66-11","#F46D43",-107.2045028,36.76818611,"10 - 15 Deg. F. / 3 - 6","","10 - 15 Deg. F.","6-Mar","10 - 15 Deg. F. / 3 - 6","10 - 15 / semi-humid","NM.1","#66e566","semi-humid, cool","#F46D43","C"
"ARFR-WY040-71-10","white",2,58,6,3,NA,277,NA,2.1,1,NA,NA,7.4,1,NA,2,1,NA,2,1,NA,3,26,1,"buds",2,1,NA,3,1,NA,3,1,3,1,NA,3,1,NA,NA,NA,NA,NA,NA,NA,NA,NA,"Y",NA,"N",NA,"ARFR4-SOS-WY040-71-10","#66C2A5",-109.2433156,41.13271889,"5 - 10 Deg. F. / 3 - 6","","5 - 10 Deg. F.","6-Mar","5 - 10 Deg. F. / 3 - 6","5 - 10 / semi-humid","WY.1","#a5c2f1","semi-humid, cold","#66C2A5","I"
"ARFR-AZ930-423-NAVAJO-18","white",2,59,6,4,NA,278,NA,4.5,1,NA,NA,13.8,1,NA,2,1,NA,2,1,NA,2,47,1,NA,2,1,NA,3,1,NA,3,1,3,1,NA,3,1,NA,NA,NA,NA,NA,NA,NA,NA,NA,"Y",NA,"N",NA,"ARFR4-SOS-AZ930-423-NAVAJO-18","#9E0142",-110.431,36.45877,"15 - 20 Deg. F. / 6 - 12","SdZones downloaded 20230823","15 - 20 Deg. F.","12-Jun","15 - 20 Deg. F. / 6 - 12","15 - 20 / semi-arid","AZ.1","#ee5c42","semi-arid, warm","#9E0142","A"
"ARFR-UT080-109-UINTAH-12","white",2,60,6,5,166,279,NA,5,1,NA,NA,11.1,1,NA,2,1,NA,2,1,NA,2,52.6,1,NA,2,1,NA,3,1,NA,3,1,3,1,NA,3,1,NA,NA,NA,NA,NA,NA,NA,NA,NA,"Y",NA,"N",NA,"ARFR4-SOS-UT080-109-UINTAH-12","#aabe7f",-109.1426444,39.70802222,"10 - 15 Deg. F. / 3 - 6","","10 - 15 Deg. F.","6-Mar","10 - 15 Deg. F. / 3 - 6","10 - 15 / semi-humid","UT.1","#66e566","semi-humid, cool","#aabe7f","G"
"ARFR-WY930-44-LASANIMAS-13","white",2,61,6,6,NA,280,NA,4,1,NA,NA,10.9,1,NA,2,1,NA,2,1,NA,2,19,1,NA,2,1,NA,3,1,NA,3,1,3,1,NA,3,1,NA,NA,NA,NA,NA,NA,NA,NA,NA,"Y",NA,"N",NA,"ARFR4-SOS-WY930-44-LASANIMAS-13","#FDAE61",-104.6423889,37.16547222,"15 - 20 Deg. F. / 3 - 6","","15 - 20 Deg. F.","6-Mar","15 - 20 Deg. F. / 3 - 6","15 - 20 / semi-humid","CO.1","#698b69","semi-humid, warm","#FDAE61","D"
"ARFR-CO932-314-JEFFERSON-12","white",2,62,6,7,NA,281,NA,5.7,1,NA,NA,10.2,1,NA,2,1,NA,2,1,NA,2,36,1,NA,3,1,NA,3,1,NA,3,1,3,1,NA,3,1,NA,NA,NA,NA,NA,NA,NA,NA,NA,"Y",NA,"N",NA,"ARFR4-SOS-CO932-314-JEFFERSON-12","#FEE08B",-105.3553333,39.40902778,"10 - 15 Deg. F. / 3 - 6","","10 - 15 Deg. F.","6-Mar","10 - 15 Deg. F. / 3 - 6","10 - 15 / semi-humid","CO.2","#66e566","semi-humid, cool","#FEE08B","E"
"ARFR-AZ930-422-NAVAJO-18","white",2,63,6,8,NA,282,NA,4.2,1,NA,NA,13.4,1,NA,2,1,NA,2,1,NA,2,42.5,1,NA,2,1,NA,3,1,NA,3,1,3,1,NA,3,1,NA,NA,NA,NA,NA,NA,NA,NA,NA,"Y",NA,"N",NA,"ARFR4-SOS-AZ930-422-NAVAJO-18","#D53E4F",-110.431,36.56805,"15 - 20 Deg. F. / 6 - 12","Lats corrected 20230127","15 - 20 Deg. F.","12-Jun","15 - 20 Deg. F. / 6 - 12","15 - 20 / semi-arid","AZ.2","#ee5c42","semi-arid, warm","#D53E4F","B"
"ARFR-WY050-151-FREMONT-16","white",2,64,6,9,NA,283,NA,4.4,1,NA,NA,5.7,1,NA,2,1,NA,2,1,NA,2,8.3,1,NA,2,1,NA,3,1,NA,3,1,3,1,NA,3,1,NA,NA,NA,NA,NA,NA,NA,NA,NA,"Y",NA,"N",NA,"ARFR4-SOS-WY050-151-FREMONT-16","#3288BD",-108.1704472,42.47886111,"10 - 15 Deg. F. / 6 - 12","","10 - 15 Deg. F.","12-Jun","10 - 15 Deg. F. / 6 - 12","10 - 15 / semi-arid","WY.2","#cd8500","semi-arid, cool","#3288BD","J"
"ARFR-WY040-71-10","white",2,65,6,10,167,284,NA,1.7,1,NA,NA,2.8,1,NA,2,1,NA,2,1,NA,2,5.5,1,NA,2,1,NA,2,1,NA,2,1,2,1,NA,2,1,NA,NA,NA,NA,NA,NA,NA,NA,NA,"N",NA,"N",NA,"ARFR4-SOS-WY040-71-10","#66C2A5",-109.2433156,41.13271889,"5 - 10 Deg. F. / 3 - 6","","5 - 10 Deg. F.","6-Mar","5 - 10 Deg. F. / 3 - 6","5 - 10 / semi-humid","WY.1","#a5c2f1","semi-humid, cold","#66C2A5","I"
"ARFR-CO932-294-11","white",2,66,6,11,NA,285,NA,5.3,1,NA,NA,8.1,1,NA,2,1,NA,2,1,NA,2,23,1,NA,2,1,NA,3,1,NA,3,1,3,1,NA,3,1,NA,NA,NA,NA,NA,NA,NA,NA,NA,"Y",NA,"N",NA,"ARFR4-SOS-CO932-294-11","#ABDDA4",-105.2030833,39.78458333,"15 - 20 Deg. F. / 3 - 6","","15 - 20 Deg. F.","6-Mar","15 - 20 Deg. F. / 3 - 6","15 - 20 / semi-humid","CO.4","#698b69","semi-humid, warm","#ABDDA4","H"
"ARFR-WY040-71-10","white",2,67,6,12,NA,286,NA,5.4,1,NA,NA,9.2,1,NA,2,1,NA,2,1,NA,2,41.5,1,NA,3,1,NA,3,1,NA,3,1,3,1,NA,3,1,NA,NA,NA,NA,NA,NA,NA,NA,NA,"Y",NA,"N",NA,"ARFR4-SOS-WY040-71-10","#66C2A5",-109.2433156,41.13271889,"5 - 10 Deg. F. / 3 - 6","","5 - 10 Deg. F.","6-Mar","5 - 10 Deg. F. / 3 - 6","5 - 10 / semi-humid","WY.1","#a5c2f1","semi-humid, cold","#66C2A5","I"
"ARFR-CO932-316-JEFFERSON-12","white",2,68,6,13,NA,287,NA,5.1,1,NA,NA,9.9,1,NA,2,1,NA,2,1,NA,2,36,1,NA,2,1,NA,3,1,NA,3,1,3,1,NA,3,1,NA,NA,NA,NA,NA,NA,NA,NA,NA,"Y",NA,"N",NA,"ARFR4-SOS-CO932-316-JEFFERSON-12","#FFFF85",-105.358,39.66325,"15 - 20 Deg. F. / 3 - 6","","15 - 20 Deg. F.","6-Mar","15 - 20 Deg. F. / 3 - 6","15 - 20 / semi-humid","CO.3","#698b69","semi-humid, warm","#FFFF85","F"
"ARFR-WY050-49-FREMONT-12","white",2,69,6,14,NA,288,NA,4.6,1,NA,NA,7.7,1,NA,2,1,NA,2,1,NA,2,11.7,1,NA,2,1,NA,2,1,NA,2,1,2,1,NA,2,1,NA,NA,NA,NA,NA,NA,NA,NA,NA,"Y",NA,"N",NA,"ARFR4-SOS-WY050-49-FREMONT-12","#5E4FA2",-109.34775,43.42663611,"5 - 10 Deg. F. / 6 - 12","","5 - 10 Deg. F.","12-Jun","5 - 10 Deg. F. / 6 - 12","5 - 10 / semi-arid","WY.3","#ffb90f","semi-arid, cold","#5E4FA2","K"
"ARFR-CO932-316-JEFFERSON-12","white",2,70,6,15,168,289,NA,3.2,1,NA,NA,7.3,1,NA,2,1,NA,2,1,NA,2,20,1,NA,2,1,NA,3,1,NA,3,1,3,1,NA,3,1,NA,NA,NA,NA,NA,NA,NA,NA,NA,"Y",NA,"N",NA,"ARFR4-SOS-CO932-316-JEFFERSON-12","#FFFF85",-105.358,39.66325,"15 - 20 Deg. F. / 3 - 6","","15 - 20 Deg. F.","6-Mar","15 - 20 Deg. F. / 3 - 6","15 - 20 / semi-humid","CO.3","#698b69","semi-humid, warm","#FFFF85","F"
"ARFR-WY050-151-FREMONT-16","white",2,71,6,16,NA,290,NA,6,1,NA,NA,8.3,1,NA,2,1,NA,2,1,NA,2,25.5,1,NA,2,1,NA,3,1,NA,3,1,3,1,NA,3,1,NA,NA,NA,NA,NA,NA,NA,NA,NA,"Y",NA,"N",NA,"ARFR4-SOS-WY050-151-FREMONT-16","#3288BD",-108.1704472,42.47886111,"10 - 15 Deg. F. / 6 - 12","","10 - 15 Deg. F.","12-Jun","10 - 15 Deg. F. / 6 - 12","10 - 15 / semi-arid","WY.2","#cd8500","semi-arid, cool","#3288BD","J"
"ARFR-CO932-316-JEFFERSON-12","white",2,72,6,17,NA,291,NA,1.8,1,NA,NA,5.2,1,NA,2,1,"dying",2,1,NA,2,4.6,1,NA,2,1,NA,2,1,NA,2,1,2,1,NA,2,1,NA,NA,NA,NA,NA,NA,NA,NA,NA,"Y",NA,"N",NA,"ARFR4-SOS-CO932-316-JEFFERSON-12","#FFFF85",-105.358,39.66325,"15 - 20 Deg. F. / 3 - 6","","15 - 20 Deg. F.","6-Mar","15 - 20 Deg. F. / 3 - 6","15 - 20 / semi-humid","CO.3","#698b69","semi-humid, warm","#FFFF85","F"
"ARFR-AZ930-422-NAVAJO-18","white",2,73,6,18,NA,292,NA,3.7,1,NA,NA,12.3,1,NA,2,1,NA,2,1,NA,2,46,1,NA,2,1,NA,3,1,NA,3,1,3,1,NA,3,1,NA,NA,NA,NA,NA,NA,NA,NA,NA,"Y",NA,"Y",NA,"ARFR4-SOS-AZ930-422-NAVAJO-18","#D53E4F",-110.431,36.56805,"15 - 20 Deg. F. / 6 - 12","Lats corrected 20230127","15 - 20 Deg. F.","12-Jun","15 - 20 Deg. F. / 6 - 12","15 - 20 / semi-arid","AZ.2","#ee5c42","semi-arid, warm","#D53E4F","B"
"ARFR-WY930-44-LASANIMAS-13","white",2,74,6,19,NA,293,NA,3.8,1,NA,NA,6.4,1,NA,2,1,NA,2,1,NA,2,37.9,1,NA,2,1,NA,3,1,NA,3,1,3,1,NA,3,1,NA,NA,NA,NA,NA,NA,NA,NA,NA,"Y",NA,"N",NA,"ARFR4-SOS-WY930-44-LASANIMAS-13","#FDAE61",-104.6423889,37.16547222,"15 - 20 Deg. F. / 3 - 6","","15 - 20 Deg. F.","6-Mar","15 - 20 Deg. F. / 3 - 6","15 - 20 / semi-humid","CO.1","#698b69","semi-humid, warm","#FDAE61","D"
"ARFR-WY050-151-FREMONT-16","white",2,75,6,20,169,294,NA,3.9,1,NA,NA,5.4,1,NA,2,1,NA,2,1,NA,2,18,1,NA,2,1,NA,3,1,NA,3,1,3,1,NA,3,1,NA,NA,NA,NA,NA,NA,NA,NA,NA,"Y",NA,"N",NA,"ARFR4-SOS-WY050-151-FREMONT-16","#3288BD",-108.1704472,42.47886111,"10 - 15 Deg. F. / 6 - 12","","10 - 15 Deg. F.","12-Jun","10 - 15 Deg. F. / 6 - 12","10 - 15 / semi-arid","WY.2","#cd8500","semi-arid, cool","#3288BD","J"
"ARFR-AZ930-423-NAVAJO-18","white",2,76,6,21,NA,295,NA,4.6,1,NA,NA,14.3,1,NA,2,1,NA,2,1,NA,2,53,1,NA,2,1,NA,3,1,NA,3,1,3,1,NA,3,1,NA,NA,NA,NA,NA,NA,NA,NA,NA,"Y",NA,"N",NA,"ARFR4-SOS-AZ930-423-NAVAJO-18","#9E0142",-110.431,36.45877,"15 - 20 Deg. F. / 6 - 12","SdZones downloaded 20230823","15 - 20 Deg. F.","12-Jun","15 - 20 Deg. F. / 6 - 12","15 - 20 / semi-arid","AZ.1","#ee5c42","semi-arid, warm","#9E0142","A"
"ARFR-WY050-49-FREMONT-12","white",2,77,6,22,NA,296,NA,4.7,1,NA,NA,8,1,NA,2,1,NA,2,1,NA,2,19.6,1,NA,2,1,NA,2,1,NA,3,1,3,1,NA,3,1,NA,"Yes",NA,40.52,NA,"S",33.56,8.97,1.896,"Y","weighed w out bag","N",NA,"ARFR4-SOS-WY050-49-FREMONT-12","#5E4FA2",-109.34775,43.42663611,"5 - 10 Deg. F. / 6 - 12","","5 - 10 Deg. F.","12-Jun","5 - 10 Deg. F. / 6 - 12","5 - 10 / semi-arid","WY.3","#ffb90f","semi-arid, cold","#5E4FA2","K"
"ARFR-NM930N-66-11","white",2,78,6,23,NA,297,NA,7.6,1,NA,NA,16.5,1,NA,2,1,NA,2,1,NA,2,64,1,NA,2,1,NA,3,1,NA,3,1,3,1,NA,3,1,NA,NA,NA,NA,NA,NA,NA,NA,NA,"Y",NA,"Y",NA,"ARFR4-SOS-NM930N-66-11","#F46D43",-107.2045028,36.76818611,"10 - 15 Deg. F. / 3 - 6","","10 - 15 Deg. F.","6-Mar","10 - 15 Deg. F. / 3 - 6","10 - 15 / semi-humid","NM.1","#66e566","semi-humid, cool","#F46D43","C"
"ARFR-NM930N-66-11","white",2,79,6,24,NA,298,NA,4.1,1,NA,NA,10.2,1,NA,2,1,NA,2,1,NA,2,42.7,1,NA,2,1,NA,3,1,NA,3,1,3,1,NA,3,1,NA,NA,NA,NA,NA,NA,NA,NA,NA,"Y",NA,"N",NA,"ARFR4-SOS-NM930N-66-11","#F46D43",-107.2045028,36.76818611,"10 - 15 Deg. F. / 3 - 6","","10 - 15 Deg. F.","6-Mar","10 - 15 Deg. F. / 3 - 6","10 - 15 / semi-humid","NM.1","#66e566","semi-humid, cool","#F46D43","C"
"ARFR-WY050-49-FREMONT-12","white",2,80,6,25,170,299,NA,4.4,1,NA,NA,9.4,1,NA,2,1,NA,2,1,NA,2,41.3,1,NA,2,1,NA,3,1,NA,3,1,3,1,NA,3,1,NA,NA,NA,NA,NA,NA,NA,NA,NA,"Y",NA,"N",NA,"ARFR4-SOS-WY050-49-FREMONT-12","#5E4FA2",-109.34775,43.42663611,"5 - 10 Deg. F. / 6 - 12","","5 - 10 Deg. F.","12-Jun","5 - 10 Deg. F. / 6 - 12","5 - 10 / semi-arid","WY.3","#ffb90f","semi-arid, cold","#5E4FA2","K"
"ARFR-AZ930-423-NAVAJO-18","white",2,81,6,26,NA,300,NA,4.5,1,NA,NA,11.3,1,NA,2,1,NA,2,1,NA,2,47.4,1,NA,2,1,NA,3,1,NA,3,1,3,1,NA,3,1,NA,NA,NA,NA,NA,NA,NA,NA,NA,"Y",NA,"N",NA,"ARFR4-SOS-AZ930-423-NAVAJO-18","#9E0142",-110.431,36.45877,"15 - 20 Deg. F. / 6 - 12","SdZones downloaded 20230823","15 - 20 Deg. F.","12-Jun","15 - 20 Deg. F. / 6 - 12","15 - 20 / semi-arid","AZ.1","#ee5c42","semi-arid, warm","#9E0142","A"
"ARFR-UT080-109-UINTAH-12","white",2,82,6,27,NA,301,NA,5.2,1,NA,NA,11.9,1,NA,2,1,NA,2,1,NA,2,45.5,1,NA,2,1,NA,3,1,NA,3,1,3,1,NA,3,1,NA,NA,NA,NA,NA,NA,NA,NA,NA,"Y",NA,"N",NA,"ARFR4-SOS-UT080-109-UINTAH-12","#aabe7f",-109.1426444,39.70802222,"10 - 15 Deg. F. / 3 - 6","","10 - 15 Deg. F.","6-Mar","10 - 15 Deg. F. / 3 - 6","10 - 15 / semi-humid","UT.1","#66e566","semi-humid, cool","#aabe7f","G"
"ARFR-CO932-316-JEFFERSON-12","white",2,83,6,28,NA,302,NA,1.9,1,NA,NA,6.9,1,NA,2,1,NA,2,1,NA,2,18.5,1,NA,2,1,NA,3,1,NA,3,1,3,1,NA,3,1,NA,NA,NA,NA,NA,NA,NA,NA,NA,"Y",NA,"N",NA,"ARFR4-SOS-CO932-316-JEFFERSON-12","#FFFF85",-105.358,39.66325,"15 - 20 Deg. F. / 3 - 6","","15 - 20 Deg. F.","6-Mar","15 - 20 Deg. F. / 3 - 6","15 - 20 / semi-humid","CO.3","#698b69","semi-humid, warm","#FFFF85","F"
"ARFR-CO932-314-JEFFERSON-12","white",2,84,6,29,NA,303,NA,4.2,1,NA,NA,7.4,1,NA,2,1,NA,2,1,NA,2,27,1,NA,2,1,NA,3,1,NA,3,1,3,1,NA,3,1,NA,NA,NA,NA,NA,NA,NA,NA,NA,"Y",NA,"N",NA,"ARFR4-SOS-CO932-314-JEFFERSON-12","#FEE08B",-105.3553333,39.40902778,"10 - 15 Deg. F. / 3 - 6","","10 - 15 Deg. F.","6-Mar","10 - 15 Deg. F. / 3 - 6","10 - 15 / semi-humid","CO.2","#66e566","semi-humid, cool","#FEE08B","E"
"ARFR-WY050-151-FREMONT-16","white",2,85,6,30,171,304,NA,3.5,1,NA,NA,7.2,1,NA,2,1,NA,2,1,NA,2,18,1,NA,2,1,NA,3,1,NA,3,1,3,1,NA,3,1,NA,NA,NA,NA,NA,NA,NA,NA,NA,"Y",NA,"N",NA,"ARFR4-SOS-WY050-151-FREMONT-16","#3288BD",-108.1704472,42.47886111,"10 - 15 Deg. F. / 6 - 12","","10 - 15 Deg. F.","12-Jun","10 - 15 Deg. F. / 6 - 12","10 - 15 / semi-arid","WY.2","#cd8500","semi-arid, cool","#3288BD","J"
"ARFR-CO932-294-11","white",2,86,6,31,NA,305,NA,2.5,1,NA,NA,5.9,1,NA,2,1,NA,2,1,NA,2,21.5,1,NA,2,1,NA,3,1,NA,3,1,3,1,NA,3,1,NA,NA,NA,NA,NA,NA,NA,NA,NA,"Y",NA,"N",NA,"ARFR4-SOS-CO932-294-11","#ABDDA4",-105.2030833,39.78458333,"15 - 20 Deg. F. / 3 - 6","","15 - 20 Deg. F.","6-Mar","15 - 20 Deg. F. / 3 - 6","15 - 20 / semi-humid","CO.4","#698b69","semi-humid, warm","#ABDDA4","H"
"ARFR-WY930-44-LASANIMAS-13","white",2,87,6,32,NA,306,NA,5,1,NA,NA,9.9,1,NA,2,1,NA,2,1,NA,2,30,1,NA,2,1,NA,3,1,NA,3,1,3,1,NA,3,1,NA,NA,NA,NA,NA,NA,NA,NA,NA,"Y",NA,"N",NA,"ARFR4-SOS-WY930-44-LASANIMAS-13","#FDAE61",-104.6423889,37.16547222,"15 - 20 Deg. F. / 3 - 6","","15 - 20 Deg. F.","6-Mar","15 - 20 Deg. F. / 3 - 6","15 - 20 / semi-humid","CO.1","#698b69","semi-humid, warm","#FDAE61","D"
"ARFR-CO932-314-JEFFERSON-12","white",2,88,6,33,NA,307,NA,3.1,1,NA,NA,5.9,1,NA,2,1,NA,2,1,NA,2,13.5,1,NA,2,1,NA,3,1,NA,3,1,3,1,NA,3,1,NA,NA,NA,NA,NA,NA,NA,NA,NA,"Y",NA,"N",NA,"ARFR4-SOS-CO932-314-JEFFERSON-12","#FEE08B",-105.3553333,39.40902778,"10 - 15 Deg. F. / 3 - 6","","10 - 15 Deg. F.","6-Mar","10 - 15 Deg. F. / 3 - 6","10 - 15 / semi-humid","CO.2","#66e566","semi-humid, cool","#FEE08B","E"
"ARFR-CO932-294-11","white",2,89,6,34,NA,308,NA,5.4,1,NA,NA,9,1,NA,2,1,NA,2,1,NA,2,31.1,1,NA,2,1,NA,3,1,NA,3,1,3,1,NA,3,1,NA,NA,NA,NA,NA,NA,NA,NA,NA,"Y",NA,"N",NA,"ARFR4-SOS-CO932-294-11","#ABDDA4",-105.2030833,39.78458333,"15 - 20 Deg. F. / 3 - 6","","15 - 20 Deg. F.","6-Mar","15 - 20 Deg. F. / 3 - 6","15 - 20 / semi-humid","CO.4","#698b69","semi-humid, warm","#ABDDA4","H"
"ARFR-NM930N-66-11","white",2,90,6,35,172,309,NA,NA,0,"Y","NM 66",9.5,1,NA,2,1,NA,2,1,NA,2,43,1,NA,2,1,NA,3,1,NA,3,1,3,1,NA,3,1,NA,NA,NA,NA,NA,NA,NA,NA,NA,"Y",NA,"N",NA,"ARFR4-SOS-NM930N-66-11","#F46D43",-107.2045028,36.76818611,"10 - 15 Deg. F. / 3 - 6","","10 - 15 Deg. F.","6-Mar","10 - 15 Deg. F. / 3 - 6","10 - 15 / semi-humid","NM.1","#66e566","semi-humid, cool","#F46D43","C"
"ARFR-AZ930-422-NAVAJO-18","white",2,91,6,36,NA,310,NA,4.9,1,NA,NA,16.9,1,NA,2,1,NA,2,1,NA,2,56.8,1,NA,2,1,NA,3,1,NA,3,1,3,1,NA,3,1,NA,NA,NA,NA,NA,NA,NA,NA,NA,"Y",NA,"N",NA,"ARFR4-SOS-AZ930-422-NAVAJO-18","#D53E4F",-110.431,36.56805,"15 - 20 Deg. F. / 6 - 12","Lats corrected 20230127","15 - 20 Deg. F.","12-Jun","15 - 20 Deg. F. / 6 - 12","15 - 20 / semi-arid","AZ.2","#ee5c42","semi-arid, warm","#D53E4F","B"
"ARFR-NM930N-66-11","white",2,92,6,37,NA,311,NA,4.2,1,NA,NA,10.8,1,NA,2,1,NA,2,1,NA,2,47,1,NA,2,1,NA,3,1,NA,3,1,3,1,NA,3,1,NA,"Yes",NA,140.18,NA,"L",108.202,56.57,49.61,"Y",NA,"N",NA,"ARFR4-SOS-NM930N-66-11","#F46D43",-107.2045028,36.76818611,"10 - 15 Deg. F. / 3 - 6","","10 - 15 Deg. F.","6-Mar","10 - 15 Deg. F. / 3 - 6","10 - 15 / semi-humid","NM.1","#66e566","semi-humid, cool","#F46D43","C"
"ARFR-UT080-109-UINTAH-12","white",2,93,6,38,NA,312,NA,5.7,1,NA,NA,9.5,1,NA,2,1,NA,2,1,NA,2,31,1,NA,3,1,NA,3,1,NA,3,1,3,1,NA,3,1,NA,NA,NA,NA,NA,NA,NA,NA,NA,"Y",NA,"N",NA,"ARFR4-SOS-UT080-109-UINTAH-12","#aabe7f",-109.1426444,39.70802222,"10 - 15 Deg. F. / 3 - 6","","10 - 15 Deg. F.","6-Mar","10 - 15 Deg. F. / 3 - 6","10 - 15 / semi-humid","UT.1","#66e566","semi-humid, cool","#aabe7f","G"
"ARFR-WY040-71-10","white",2,94,6,39,NA,313,NA,3.8,1,NA,NA,8.3,1,NA,2,1,NA,2,1,NA,3,26,1,"buds",3,1,NA,3,1,NA,3,1,3,1,NA,3,1,NA,NA,NA,NA,NA,NA,NA,NA,NA,"Y",NA,"N",NA,"ARFR4-SOS-WY040-71-10","#66C2A5",-109.2433156,41.13271889,"5 - 10 Deg. F. / 3 - 6","","5 - 10 Deg. F.","6-Mar","5 - 10 Deg. F. / 3 - 6","5 - 10 / semi-humid","WY.1","#a5c2f1","semi-humid, cold","#66C2A5","I"
"ARFR-AZ930-422-NAVAJO-18","white",2,95,6,40,173,314,NA,7,1,NA,NA,11.7,1,NA,2,1,NA,2,1,NA,2,42,1,NA,2,1,NA,3,1,NA,3,1,3,1,NA,3,1,NA,NA,NA,NA,NA,NA,NA,NA,NA,"Y",NA,"N",NA,"ARFR4-SOS-AZ930-422-NAVAJO-18","#D53E4F",-110.431,36.56805,"15 - 20 Deg. F. / 6 - 12","Lats corrected 20230127","15 - 20 Deg. F.","12-Jun","15 - 20 Deg. F. / 6 - 12","15 - 20 / semi-arid","AZ.2","#ee5c42","semi-arid, warm","#D53E4F","B"
"ARFR-WY050-151-FREMONT-16","white",2,96,6,41,NA,315,NA,4.8,1,NA,NA,8.2,1,NA,2,1,NA,2,1,NA,2,24.5,1,NA,2,1,NA,3,1,NA,3,1,3,1,NA,3,1,NA,NA,NA,NA,NA,NA,NA,NA,NA,"Y",NA,"N",NA,"ARFR4-SOS-WY050-151-FREMONT-16","#3288BD",-108.1704472,42.47886111,"10 - 15 Deg. F. / 6 - 12","","10 - 15 Deg. F.","12-Jun","10 - 15 Deg. F. / 6 - 12","10 - 15 / semi-arid","WY.2","#cd8500","semi-arid, cool","#3288BD","J"
"ARFR-CO932-316-JEFFERSON-12","white",2,97,6,42,NA,316,NA,4.9,1,NA,NA,9.1,1,NA,2,1,NA,2,1,NA,2,24,1,NA,2,1,NA,3,1,NA,3,1,3,1,NA,3,1,NA,NA,NA,NA,NA,NA,NA,NA,NA,"Y",NA,"N",NA,"ARFR4-SOS-CO932-316-JEFFERSON-12","#FFFF85",-105.358,39.66325,"15 - 20 Deg. F. / 3 - 6","","15 - 20 Deg. F.","6-Mar","15 - 20 Deg. F. / 3 - 6","15 - 20 / semi-humid","CO.3","#698b69","semi-humid, warm","#FFFF85","F"
"ARFR-WY050-151-FREMONT-16","white",2,98,6,43,NA,317,NA,3.6,1,NA,NA,6.7,1,NA,2,1,NA,2,1,NA,2,22,1,NA,2,1,NA,3,1,NA,3,1,3,1,NA,3,1,NA,NA,NA,NA,NA,NA,NA,NA,NA,"Y",NA,"N",NA,"ARFR4-SOS-WY050-151-FREMONT-16","#3288BD",-108.1704472,42.47886111,"10 - 15 Deg. F. / 6 - 12","","10 - 15 Deg. F.","12-Jun","10 - 15 Deg. F. / 6 - 12","10 - 15 / semi-arid","WY.2","#cd8500","semi-arid, cool","#3288BD","J"
"ARFR-WY040-71-10","white",2,99,6,44,NA,318,NA,3.8,1,NA,NA,6.9,1,NA,2,1,NA,2,1,NA,2,11.5,1,NA,2,1,NA,2,1,NA,3,1,3,1,NA,3,1,NA,"Yes",NA,167.44,NA,"L",135.462,59.45,52.49,"Y",NA,"N",NA,"ARFR4-SOS-WY040-71-10","#66C2A5",-109.2433156,41.13271889,"5 - 10 Deg. F. / 3 - 6","","5 - 10 Deg. F.","6-Mar","5 - 10 Deg. F. / 3 - 6","5 - 10 / semi-humid","WY.1","#a5c2f1","semi-humid, cold","#66C2A5","I"
"ARFR-WY930-44-LASANIMAS-13","white",2,100,6,45,174,319,NA,5.4,1,NA,NA,9.5,1,NA,2,1,NA,2,1,NA,2,24.6,1,NA,2,1,NA,3,1,NA,3,1,3,1,NA,3,1,NA,NA,NA,NA,NA,NA,NA,NA,NA,"Y",NA,"N",NA,"ARFR4-SOS-WY930-44-LASANIMAS-13","#FDAE61",-104.6423889,37.16547222,"15 - 20 Deg. F. / 3 - 6","","15 - 20 Deg. F.","6-Mar","15 - 20 Deg. F. / 3 - 6","15 - 20 / semi-humid","CO.1","#698b69","semi-humid, warm","#FDAE61","D"
"ARFR-WY930-44-LASANIMAS-13","white",2,101,6,46,NA,320,NA,6.7,1,NA,NA,10.8,1,NA,2,1,NA,2,1,NA,2,36.2,1,NA,2,1,NA,3,1,NA,3,1,3,1,NA,3,1,NA,NA,NA,NA,NA,NA,NA,NA,NA,"Y",NA,"N",NA,"ARFR4-SOS-WY930-44-LASANIMAS-13","#FDAE61",-104.6423889,37.16547222,"15 - 20 Deg. F. / 3 - 6","","15 - 20 Deg. F.","6-Mar","15 - 20 Deg. F. / 3 - 6","15 - 20 / semi-humid","CO.1","#698b69","semi-humid, warm","#FDAE61","D"
"ARFR-AZ930-423-NAVAJO-18","white",2,102,6,47,NA,321,NA,6.1,1,NA,NA,6.8,1,NA,2,1,NA,2,1,NA,2,46.7,1,NA,2,1,NA,3,1,NA,3,1,3,1,NA,3,1,NA,NA,NA,NA,NA,NA,NA,NA,NA,"Y",NA,"N",NA,"ARFR4-SOS-AZ930-423-NAVAJO-18","#9E0142",-110.431,36.45877,"15 - 20 Deg. F. / 6 - 12","SdZones downloaded 20230823","15 - 20 Deg. F.","12-Jun","15 - 20 Deg. F. / 6 - 12","15 - 20 / semi-arid","AZ.1","#ee5c42","semi-arid, warm","#9E0142","A"
"ARFR-WY040-71-10","white",2,103,6,48,NA,322,NA,3.4,1,NA,NA,6.7,1,NA,2,1,NA,2,1,NA,2,12.5,1,NA,2,1,NA,2,1,NA,2,1,3,1,NA,3,1,"Marked as a 2 initially",NA,NA,NA,NA,NA,NA,NA,NA,NA,NA,"N",NA,"ARFR4-SOS-WY040-71-10","#66C2A5",-109.2433156,41.13271889,"5 - 10 Deg. F. / 3 - 6","","5 - 10 Deg. F.","6-Mar","5 - 10 Deg. F. / 3 - 6","5 - 10 / semi-humid","WY.1","#a5c2f1","semi-humid, cold","#66C2A5","I"
"ARFR-WY040-71-10","white",2,104,6,49,NA,323,NA,3.5,1,NA,NA,6.8,1,NA,2,1,NA,2,1,NA,2,12.5,1,NA,2,1,NA,3,1,NA,3,1,3,1,NA,3,1,NA,NA,NA,NA,NA,NA,NA,NA,NA,"Y",NA,"N",NA,"ARFR4-SOS-WY040-71-10","#66C2A5",-109.2433156,41.13271889,"5 - 10 Deg. F. / 3 - 6","","5 - 10 Deg. F.","6-Mar","5 - 10 Deg. F. / 3 - 6","5 - 10 / semi-humid","WY.1","#a5c2f1","semi-humid, cold","#66C2A5","I"
"ARFR-WY040-71-10","white",2,105,6,50,175,324,NA,4,1,NA,NA,7.1,1,NA,2,1,NA,2,1,NA,2,11,1,NA,2,1,NA,3,1,NA,3,1,3,1,NA,3,1,NA,NA,NA,NA,NA,NA,NA,NA,NA,"Y",NA,"N",NA,"ARFR4-SOS-WY040-71-10","#66C2A5",-109.2433156,41.13271889,"5 - 10 Deg. F. / 3 - 6","","5 - 10 Deg. F.","6-Mar","5 - 10 Deg. F. / 3 - 6","5 - 10 / semi-humid","WY.1","#a5c2f1","semi-humid, cold","#66C2A5","I"
"ARFR-CO932-294-11","white",2,106,6,51,NA,325,NA,5,1,NA,NA,10.5,1,NA,2,1,NA,2,1,NA,2,28,1,NA,2,1,NA,3,1,NA,3,1,3,1,NA,3,1,NA,NA,NA,NA,NA,NA,NA,NA,NA,"Y",NA,"N",NA,"ARFR4-SOS-CO932-294-11","#ABDDA4",-105.2030833,39.78458333,"15 - 20 Deg. F. / 3 - 6","","15 - 20 Deg. F.","6-Mar","15 - 20 Deg. F. / 3 - 6","15 - 20 / semi-humid","CO.4","#698b69","semi-humid, warm","#ABDDA4","H"
"ARFR-UT080-109-UINTAH-12","white",2,107,6,52,NA,326,NA,7.4,1,"N",NA,NA,0,"dying? 5/27. dead 6/22",NA,0,NA,NA,0,NA,NA,NA,0,NA,NA,0,NA,NA,0,NA,NA,0,NA,0,NA,NA,0,NA,NA,NA,NA,NA,NA,NA,NA,NA,"N",NA,"N",NA,"ARFR4-SOS-UT080-109-UINTAH-12","#aabe7f",-109.1426444,39.70802222,"10 - 15 Deg. F. / 3 - 6","","10 - 15 Deg. F.","6-Mar","10 - 15 Deg. F. / 3 - 6","10 - 15 / semi-humid","UT.1","#66e566","semi-humid, cool","#aabe7f","G"
"ARFR-CO932-294-11","white",2,108,6,53,NA,327,NA,4.7,1,NA,NA,8.2,1,NA,2,1,NA,2,1,NA,2,28,1,NA,2,1,NA,3,1,NA,3,1,3,1,NA,3,1,NA,NA,NA,NA,NA,NA,NA,NA,NA,"Y",NA,"N",NA,"ARFR4-SOS-CO932-294-11","#ABDDA4",-105.2030833,39.78458333,"15 - 20 Deg. F. / 3 - 6","","15 - 20 Deg. F.","6-Mar","15 - 20 Deg. F. / 3 - 6","15 - 20 / semi-humid","CO.4","#698b69","semi-humid, warm","#ABDDA4","H"
"ARFR-WY930-44-LASANIMAS-13","white",2,109,6,54,NA,328,NA,7.9,1,NA,NA,10.1,1,NA,2,1,NA,2,1,NA,2,19,1,NA,2,1,NA,3,1,NA,3,1,3,1,NA,3,1,NA,NA,NA,NA,NA,NA,NA,NA,NA,"Y",NA,"N",NA,"ARFR4-SOS-WY930-44-LASANIMAS-13","#FDAE61",-104.6423889,37.16547222,"15 - 20 Deg. F. / 3 - 6","","15 - 20 Deg. F.","6-Mar","15 - 20 Deg. F. / 3 - 6","15 - 20 / semi-humid","CO.1","#698b69","semi-humid, warm","#FDAE61","D"
"ARFR-AZ930-423-NAVAJO-18","white",2,110,6,55,176,329,NA,5.5,1,NA,NA,11.4,1,NA,2,1,NA,2,1,NA,2,49.8,1,NA,2,1,NA,3,1,NA,3,1,3,1,NA,3,1,NA,NA,NA,NA,NA,NA,NA,NA,NA,"Y",NA,"N",NA,"ARFR4-SOS-AZ930-423-NAVAJO-18","#9E0142",-110.431,36.45877,"15 - 20 Deg. F. / 6 - 12","SdZones downloaded 20230823","15 - 20 Deg. F.","12-Jun","15 - 20 Deg. F. / 6 - 12","15 - 20 / semi-arid","AZ.1","#ee5c42","semi-arid, warm","#9E0142","A"
"ARFR-WY050-151-FREMONT-16","white",2,111,7,1,177,330,NA,6.5,1,NA,NA,8,1,NA,2,1,NA,2,1,NA,2,8.5,1,NA,2,1,NA,2,1,NA,2,1,2,1,NA,2,1,NA,NA,NA,NA,NA,NA,NA,NA,NA,"Y",NA,"N",NA,"ARFR4-SOS-WY050-151-FREMONT-16","#3288BD",-108.1704472,42.47886111,"10 - 15 Deg. F. / 6 - 12","","10 - 15 Deg. F.","12-Jun","10 - 15 Deg. F. / 6 - 12","10 - 15 / semi-arid","WY.2","#cd8500","semi-arid, cool","#3288BD","J"
"ARFR-UT080-109-UINTAH-12","white",2,112,7,2,NA,331,NA,6,1,NA,NA,13.4,1,NA,2,1,NA,2,1,NA,2,44.6,1,NA,2,1,NA,3,1,NA,3,1,3,1,NA,3,1,NA,NA,NA,NA,NA,NA,NA,NA,NA,"Y",NA,"N",NA,"ARFR4-SOS-UT080-109-UINTAH-12","#aabe7f",-109.1426444,39.70802222,"10 - 15 Deg. F. / 3 - 6","","10 - 15 Deg. F.","6-Mar","10 - 15 Deg. F. / 3 - 6","10 - 15 / semi-humid","UT.1","#66e566","semi-humid, cool","#aabe7f","G"
"ARFR-CO932-294-11","white",2,113,7,3,NA,332,NA,3.6,1,NA,NA,6.6,1,NA,2,1,NA,2,1,NA,2,17.6,1,NA,2,1,NA,2,1,NA,3,1,3,1,NA,3,1,NA,NA,NA,NA,NA,NA,NA,NA,NA,"Y",NA,"Y",NA,"ARFR4-SOS-CO932-294-11","#ABDDA4",-105.2030833,39.78458333,"15 - 20 Deg. F. / 3 - 6","","15 - 20 Deg. F.","6-Mar","15 - 20 Deg. F. / 3 - 6","15 - 20 / semi-humid","CO.4","#698b69","semi-humid, warm","#ABDDA4","H"
"ARFR-CO932-314-JEFFERSON-12","white",2,114,7,4,NA,333,NA,4.4,1,NA,NA,10.2,1,NA,2,1,NA,2,1,NA,2,36.4,1,NA,3,1,NA,3,1,NA,3,1,3,1,NA,3,1,NA,NA,NA,NA,NA,NA,NA,NA,NA,"Y",NA,"N",NA,"ARFR4-SOS-CO932-314-JEFFERSON-12","#FEE08B",-105.3553333,39.40902778,"10 - 15 Deg. F. / 3 - 6","","10 - 15 Deg. F.","6-Mar","10 - 15 Deg. F. / 3 - 6","10 - 15 / semi-humid","CO.2","#66e566","semi-humid, cool","#FEE08B","E"
"ARFR-CO932-316-JEFFERSON-12","white",2,115,7,5,178,334,NA,5.4,1,NA,NA,12.3,1,NA,2,1,NA,2,1,NA,2,23.9,1,NA,2,1,NA,3,1,NA,3,1,3,1,NA,3,1,NA,NA,NA,NA,NA,NA,NA,NA,NA,"Y",NA,"N",NA,"ARFR4-SOS-CO932-316-JEFFERSON-12","#FFFF85",-105.358,39.66325,"15 - 20 Deg. F. / 3 - 6","","15 - 20 Deg. F.","6-Mar","15 - 20 Deg. F. / 3 - 6","15 - 20 / semi-humid","CO.3","#698b69","semi-humid, warm","#FFFF85","F"
"ARFR-WY050-49-FREMONT-12","white",2,116,7,6,NA,335,NA,5,1,NA,NA,7.4,1,NA,2,1,NA,2,1,NA,2,13.6,1,NA,2,1,NA,2,1,NA,2,1,2,1,NA,2,1,NA,NA,NA,NA,NA,NA,NA,NA,NA,"Y",NA,"N",NA,"ARFR4-SOS-WY050-49-FREMONT-12","#5E4FA2",-109.34775,43.42663611,"5 - 10 Deg. F. / 6 - 12","","5 - 10 Deg. F.","12-Jun","5 - 10 Deg. F. / 6 - 12","5 - 10 / semi-arid","WY.3","#ffb90f","semi-arid, cold","#5E4FA2","K"
"ARFR-WY930-44-LASANIMAS-13","white",2,117,7,7,NA,336,NA,5.7,1,NA,NA,12.5,1,NA,2,1,NA,2,1,NA,2,31.5,1,NA,2,1,NA,3,1,NA,3,1,3,1,NA,3,1,NA,NA,NA,NA,NA,NA,NA,NA,NA,"Y",NA,"N",NA,"ARFR4-SOS-WY930-44-LASANIMAS-13","#FDAE61",-104.6423889,37.16547222,"15 - 20 Deg. F. / 3 - 6","","15 - 20 Deg. F.","6-Mar","15 - 20 Deg. F. / 3 - 6","15 - 20 / semi-humid","CO.1","#698b69","semi-humid, warm","#FDAE61","D"
"ARFR-NM930N-66-11","white",2,118,7,8,NA,337,NA,5.3,1,NA,NA,13,1,NA,2,1,NA,2,1,NA,2,55.6,1,NA,2,1,NA,3,1,NA,3,1,3,1,NA,3,1,NA,NA,NA,NA,NA,NA,NA,NA,NA,"Y",NA,"N",NA,"ARFR4-SOS-NM930N-66-11","#F46D43",-107.2045028,36.76818611,"10 - 15 Deg. F. / 3 - 6","","10 - 15 Deg. F.","6-Mar","10 - 15 Deg. F. / 3 - 6","10 - 15 / semi-humid","NM.1","#66e566","semi-humid, cool","#F46D43","C"
"ARFR-WY050-49-FREMONT-12","white",2,119,7,9,NA,338,NA,2.8,1,NA,NA,5.6,1,NA,2,1,NA,2,1,NA,2,17.6,1,NA,2,1,NA,3,1,NA,3,1,3,1,NA,3,1,NA,NA,NA,NA,NA,NA,NA,NA,NA,"Y",NA,"N",NA,"ARFR4-SOS-WY050-49-FREMONT-12","#5E4FA2",-109.34775,43.42663611,"5 - 10 Deg. F. / 6 - 12","","5 - 10 Deg. F.","12-Jun","5 - 10 Deg. F. / 6 - 12","5 - 10 / semi-arid","WY.3","#ffb90f","semi-arid, cold","#5E4FA2","K"
"ARFR-WY050-49-FREMONT-12","white",2,120,7,10,179,339,NA,5,1,NA,NA,7.2,1,NA,2,1,NA,2,1,NA,2,36.5,1,NA,2,1,NA,3,1,NA,3,1,3,1,NA,3,1,NA,NA,NA,NA,NA,NA,NA,NA,NA,"Y",NA,"N",NA,"ARFR4-SOS-WY050-49-FREMONT-12","#5E4FA2",-109.34775,43.42663611,"5 - 10 Deg. F. / 6 - 12","","5 - 10 Deg. F.","12-Jun","5 - 10 Deg. F. / 6 - 12","5 - 10 / semi-arid","WY.3","#ffb90f","semi-arid, cold","#5E4FA2","K"
"ARFR-CO932-294-11","white",2,121,7,11,NA,340,NA,5.6,1,NA,NA,10,1,NA,2,1,NA,2,1,NA,2,34.5,1,NA,2,1,NA,3,1,NA,3,1,3,1,NA,3,1,NA,NA,NA,NA,NA,NA,NA,NA,NA,"Y",NA,"N",NA,"ARFR4-SOS-CO932-294-11","#ABDDA4",-105.2030833,39.78458333,"15 - 20 Deg. F. / 3 - 6","","15 - 20 Deg. F.","6-Mar","15 - 20 Deg. F. / 3 - 6","15 - 20 / semi-humid","CO.4","#698b69","semi-humid, warm","#ABDDA4","H"
"ARFR-UT080-109-UINTAH-12","white",2,122,7,12,NA,341,NA,6.1,1,NA,NA,14.7,1,NA,2,1,NA,2,1,NA,2,40.2,1,NA,2,1,NA,3,1,NA,3,1,3,1,NA,3,1,NA,NA,NA,NA,NA,NA,NA,NA,NA,"Y",NA,"N",NA,"ARFR4-SOS-UT080-109-UINTAH-12","#aabe7f",-109.1426444,39.70802222,"10 - 15 Deg. F. / 3 - 6","","10 - 15 Deg. F.","6-Mar","10 - 15 Deg. F. / 3 - 6","10 - 15 / semi-humid","UT.1","#66e566","semi-humid, cool","#aabe7f","G"
"ARFR-WY930-44-LASANIMAS-13","white",2,123,7,13,NA,342,NA,5.4,1,NA,NA,9.2,1,NA,2,1,NA,2,1,NA,2,13.8,1,NA,2,1,NA,3,1,NA,3,1,3,1,NA,3,1,NA,NA,NA,NA,NA,NA,NA,NA,NA,"Y",NA,"N",NA,"ARFR4-SOS-WY930-44-LASANIMAS-13","#FDAE61",-104.6423889,37.16547222,"15 - 20 Deg. F. / 3 - 6","","15 - 20 Deg. F.","6-Mar","15 - 20 Deg. F. / 3 - 6","15 - 20 / semi-humid","CO.1","#698b69","semi-humid, warm","#FDAE61","D"
"ARFR-AZ930-423-NAVAJO-18","white",2,124,7,14,NA,343,NA,6.2,1,NA,NA,11.1,1,NA,2,1,NA,2,1,NA,2,51.9,1,NA,2,1,NA,3,1,NA,3,1,3,1,NA,3,1,NA,NA,NA,NA,NA,NA,NA,NA,NA,"Y",NA,"N",NA,"ARFR4-SOS-AZ930-423-NAVAJO-18","#9E0142",-110.431,36.45877,"15 - 20 Deg. F. / 6 - 12","SdZones downloaded 20230823","15 - 20 Deg. F.","12-Jun","15 - 20 Deg. F. / 6 - 12","15 - 20 / semi-arid","AZ.1","#ee5c42","semi-arid, warm","#9E0142","A"
"ARFR-CO932-314-JEFFERSON-12","white",2,125,7,15,180,344,NA,5.3,1,NA,NA,15.6,1,NA,2,1,NA,2,1,NA,2,42,1,NA,2,1,NA,3,1,NA,3,1,3,1,NA,3,1,NA,NA,NA,NA,NA,NA,NA,NA,NA,"Y",NA,"N",NA,"ARFR4-SOS-CO932-314-JEFFERSON-12","#FEE08B",-105.3553333,39.40902778,"10 - 15 Deg. F. / 3 - 6","","10 - 15 Deg. F.","6-Mar","10 - 15 Deg. F. / 3 - 6","10 - 15 / semi-humid","CO.2","#66e566","semi-humid, cool","#FEE08B","E"
"ARFR-WY050-151-FREMONT-16","white",2,126,7,16,NA,345,NA,3.5,1,NA,NA,5.4,1,NA,2,1,NA,2,1,NA,2,11.9,1,NA,2,1,NA,2,1,NA,3,1,3,1,NA,3,1,NA,NA,NA,NA,NA,NA,NA,NA,NA,"Y",NA,"N",NA,"ARFR4-SOS-WY050-151-FREMONT-16","#3288BD",-108.1704472,42.47886111,"10 - 15 Deg. F. / 6 - 12","","10 - 15 Deg. F.","12-Jun","10 - 15 Deg. F. / 6 - 12","10 - 15 / semi-arid","WY.2","#cd8500","semi-arid, cool","#3288BD","J"
"ARFR-WY930-44-LASANIMAS-13","white",2,127,7,17,NA,346,NA,4.7,1,NA,NA,8.3,1,NA,2,1,NA,2,1,NA,2,25.4,1,NA,2,1,NA,3,1,NA,3,1,3,1,NA,3,1,NA,"Yes",NA,173.49,NA,"L",141.512,87.46,80.5,"Y",NA,"N",NA,"ARFR4-SOS-WY930-44-LASANIMAS-13","#FDAE61",-104.6423889,37.16547222,"15 - 20 Deg. F. / 3 - 6","","15 - 20 Deg. F.","6-Mar","15 - 20 Deg. F. / 3 - 6","15 - 20 / semi-humid","CO.1","#698b69","semi-humid, warm","#FDAE61","D"
"ARFR-WY050-151-FREMONT-16","white",2,128,7,18,NA,347,NA,6.4,1,NA,NA,7.9,1,NA,2,1,NA,2,1,NA,2,9,1,NA,2,1,NA,2,1,NA,2,1,2,1,NA,2,1,NA,NA,NA,NA,NA,NA,NA,NA,NA,"Y",NA,"N",NA,"ARFR4-SOS-WY050-151-FREMONT-16","#3288BD",-108.1704472,42.47886111,"10 - 15 Deg. F. / 6 - 12","","10 - 15 Deg. F.","12-Jun","10 - 15 Deg. F. / 6 - 12","10 - 15 / semi-arid","WY.2","#cd8500","semi-arid, cool","#3288BD","J"
"ARFR-WY930-44-LASANIMAS-13","white",2,129,7,19,NA,348,NA,6.4,1,NA,NA,8.9,1,NA,2,1,NA,2,1,NA,2,22,1,NA,2,1,NA,3,1,NA,3,1,3,1,NA,3,1,NA,NA,NA,NA,NA,NA,NA,NA,NA,"Y",NA,"N",NA,"ARFR4-SOS-WY930-44-LASANIMAS-13","#FDAE61",-104.6423889,37.16547222,"15 - 20 Deg. F. / 3 - 6","","15 - 20 Deg. F.","6-Mar","15 - 20 Deg. F. / 3 - 6","15 - 20 / semi-humid","CO.1","#698b69","semi-humid, warm","#FDAE61","D"
"ARFR-CO932-314-JEFFERSON-12","white",2,130,7,20,181,349,NA,4.4,1,NA,NA,10,1,NA,2,1,NA,2,1,NA,2,43.4,1,NA,2,1,NA,3,1,NA,3,1,3,1,NA,3,1,NA,NA,NA,NA,NA,NA,NA,NA,NA,"Y",NA,"N",NA,"ARFR4-SOS-CO932-314-JEFFERSON-12","#FEE08B",-105.3553333,39.40902778,"10 - 15 Deg. F. / 3 - 6","","10 - 15 Deg. F.","6-Mar","10 - 15 Deg. F. / 3 - 6","10 - 15 / semi-humid","CO.2","#66e566","semi-humid, cool","#FEE08B","E"
"ARFR-WY040-71-10","white",2,131,7,21,NA,350,NA,5.3,1,NA,NA,7.9,1,NA,2,1,NA,2,1,NA,2,18.9,1,NA,2,1,NA,3,1,NA,3,1,3,1,NA,3,1,NA,"Yes",NA,69.82,NA,"L",37.842,12.62,5.66,"Y",NA,"N",NA,"ARFR4-SOS-WY040-71-10","#66C2A5",-109.2433156,41.13271889,"5 - 10 Deg. F. / 3 - 6","","5 - 10 Deg. F.","6-Mar","5 - 10 Deg. F. / 3 - 6","5 - 10 / semi-humid","WY.1","#a5c2f1","semi-humid, cold","#66C2A5","I"
"ARFR-WY050-49-FREMONT-12","white",2,132,7,22,NA,351,NA,4,1,NA,NA,6,1,NA,2,1,NA,2,1,NA,2,14.8,1,NA,2,1,NA,3,1,NA,3,1,3,1,NA,3,1,NA,NA,NA,NA,NA,NA,NA,NA,NA,"Y",NA,"N",NA,"ARFR4-SOS-WY050-49-FREMONT-12","#5E4FA2",-109.34775,43.42663611,"5 - 10 Deg. F. / 6 - 12","","5 - 10 Deg. F.","12-Jun","5 - 10 Deg. F. / 6 - 12","5 - 10 / semi-arid","WY.3","#ffb90f","semi-arid, cold","#5E4FA2","K"
"ARFR-AZ930-423-NAVAJO-18","white",2,133,7,23,NA,352,NA,7,1,NA,NA,15.2,1,NA,2,1,NA,2,1,NA,2,51.9,1,NA,3,1,NA,3,1,NA,3,1,3,1,NA,3,1,NA,NA,NA,NA,NA,NA,NA,NA,NA,"Y",NA,"N",NA,"ARFR4-SOS-AZ930-423-NAVAJO-18","#9E0142",-110.431,36.45877,"15 - 20 Deg. F. / 6 - 12","SdZones downloaded 20230823","15 - 20 Deg. F.","12-Jun","15 - 20 Deg. F. / 6 - 12","15 - 20 / semi-arid","AZ.1","#ee5c42","semi-arid, warm","#9E0142","A"
"ARFR-WY930-44-LASANIMAS-13","white",2,134,7,24,NA,353,NA,2.7,1,NA,NA,8.3,1,NA,2,1,NA,2,1,NA,2,25.1,1,NA,2,1,NA,3,1,NA,3,1,3,1,NA,3,1,NA,NA,NA,NA,NA,NA,NA,NA,NA,"Y",NA,"N",NA,"ARFR4-SOS-WY930-44-LASANIMAS-13","#FDAE61",-104.6423889,37.16547222,"15 - 20 Deg. F. / 3 - 6","","15 - 20 Deg. F.","6-Mar","15 - 20 Deg. F. / 3 - 6","15 - 20 / semi-humid","CO.1","#698b69","semi-humid, warm","#FDAE61","D"
"ARFR-WY040-71-10","white",2,135,7,25,182,354,NA,5,1,NA,NA,8.1,1,NA,2,1,NA,2,1,NA,2,29.4,1,NA,3,1,NA,3,1,NA,3,1,3,1,NA,3,1,NA,NA,NA,NA,NA,NA,NA,NA,NA,"Y",NA,"N",NA,"ARFR4-SOS-WY040-71-10","#66C2A5",-109.2433156,41.13271889,"5 - 10 Deg. F. / 3 - 6","","5 - 10 Deg. F.","6-Mar","5 - 10 Deg. F. / 3 - 6","5 - 10 / semi-humid","WY.1","#a5c2f1","semi-humid, cold","#66C2A5","I"
"ARFR-WY050-151-FREMONT-16","white",2,136,7,26,NA,355,NA,3.2,1,NA,NA,5.3,1,NA,2,1,NA,2,1,NA,2,24.1,1,NA,2,1,NA,3,1,NA,3,1,3,1,NA,3,1,NA,NA,NA,NA,NA,NA,NA,NA,NA,"Y",NA,"N",NA,"ARFR4-SOS-WY050-151-FREMONT-16","#3288BD",-108.1704472,42.47886111,"10 - 15 Deg. F. / 6 - 12","","10 - 15 Deg. F.","12-Jun","10 - 15 Deg. F. / 6 - 12","10 - 15 / semi-arid","WY.2","#cd8500","semi-arid, cool","#3288BD","J"
"ARFR-UT080-109-UINTAH-12","white",2,137,7,27,NA,356,NA,6.6,1,NA,NA,13.2,1,NA,2,1,NA,2,1,NA,2,53.2,1,NA,2,1,NA,3,1,NA,3,1,3,1,NA,3,1,NA,NA,NA,NA,NA,NA,NA,NA,NA,"Y",NA,"N",NA,"ARFR4-SOS-UT080-109-UINTAH-12","#aabe7f",-109.1426444,39.70802222,"10 - 15 Deg. F. / 3 - 6","","10 - 15 Deg. F.","6-Mar","10 - 15 Deg. F. / 3 - 6","10 - 15 / semi-humid","UT.1","#66e566","semi-humid, cool","#aabe7f","G"
"ARFR-CO932-314-JEFFERSON-12","white",2,138,7,28,NA,357,NA,2.9,1,NA,NA,8,1,NA,2,1,NA,2,1,NA,2,29.7,1,NA,2,1,NA,3,1,NA,3,1,3,1,NA,3,1,NA,NA,NA,NA,NA,NA,NA,NA,NA,"Y",NA,"N",NA,"ARFR4-SOS-CO932-314-JEFFERSON-12","#FEE08B",-105.3553333,39.40902778,"10 - 15 Deg. F. / 3 - 6","","10 - 15 Deg. F.","6-Mar","10 - 15 Deg. F. / 3 - 6","10 - 15 / semi-humid","CO.2","#66e566","semi-humid, cool","#FEE08B","E"
"ARFR-WY050-151-FREMONT-16","white",2,139,7,29,NA,358,NA,4.5,1,NA,NA,7.3,1,NA,2,1,NA,2,1,NA,2,14.9,1,NA,2,1,NA,2,1,NA,2,1,2,1,NA,2,1,NA,NA,NA,NA,NA,NA,NA,NA,NA,"Y",NA,"N",NA,"ARFR4-SOS-WY050-151-FREMONT-16","#3288BD",-108.1704472,42.47886111,"10 - 15 Deg. F. / 6 - 12","","10 - 15 Deg. F.","12-Jun","10 - 15 Deg. F. / 6 - 12","10 - 15 / semi-arid","WY.2","#cd8500","semi-arid, cool","#3288BD","J"
"ARFR-CO932-314-JEFFERSON-12","white",2,140,7,30,183,359,NA,4.4,1,NA,NA,7.8,1,NA,2,1,NA,2,1,NA,2,22.3,1,NA,2,1,NA,2,1,NA,NA,0,NA,0,NA,NA,0,NA,NA,NA,NA,NA,NA,NA,NA,NA,"Y",NA,"N",NA,"ARFR4-SOS-CO932-314-JEFFERSON-12","#FEE08B",-105.3553333,39.40902778,"10 - 15 Deg. F. / 3 - 6","","10 - 15 Deg. F.","6-Mar","10 - 15 Deg. F. / 3 - 6","10 - 15 / semi-humid","CO.2","#66e566","semi-humid, cool","#FEE08B","E"
"ARFR-AZ930-422-NAVAJO-18","white",2,141,7,31,NA,360,NA,4.6,1,NA,NA,13.3,1,NA,2,1,NA,2,1,NA,2,47.4,1,NA,2,1,NA,3,1,NA,3,1,3,1,NA,3,1,NA,NA,NA,NA,NA,NA,NA,NA,NA,"Y",NA,"N",NA,"ARFR4-SOS-AZ930-422-NAVAJO-18","#D53E4F",-110.431,36.56805,"15 - 20 Deg. F. / 6 - 12","Lats corrected 20230127","15 - 20 Deg. F.","12-Jun","15 - 20 Deg. F. / 6 - 12","15 - 20 / semi-arid","AZ.2","#ee5c42","semi-arid, warm","#D53E4F","B"
"ARFR-CO932-316-JEFFERSON-12","white",2,142,7,32,NA,361,NA,5,1,NA,NA,8.5,1,NA,2,1,NA,2,1,NA,2,28.9,1,NA,2,1,NA,3,1,NA,3,1,3,1,NA,3,1,NA,NA,NA,NA,NA,NA,NA,NA,NA,"Y",NA,"N",NA,"ARFR4-SOS-CO932-316-JEFFERSON-12","#FFFF85",-105.358,39.66325,"15 - 20 Deg. F. / 3 - 6","","15 - 20 Deg. F.","6-Mar","15 - 20 Deg. F. / 3 - 6","15 - 20 / semi-humid","CO.3","#698b69","semi-humid, warm","#FFFF85","F"
"ARFR-CO932-314-JEFFERSON-12","white",2,143,7,33,NA,362,NA,6.1,1,NA,NA,13.1,1,NA,2,1,NA,2,1,NA,2,32.7,1,NA,2,1,NA,3,1,NA,3,1,3,1,NA,3,1,NA,NA,NA,NA,NA,NA,NA,NA,NA,"Y",NA,"N",NA,"ARFR4-SOS-CO932-314-JEFFERSON-12","#FEE08B",-105.3553333,39.40902778,"10 - 15 Deg. F. / 3 - 6","","10 - 15 Deg. F.","6-Mar","10 - 15 Deg. F. / 3 - 6","10 - 15 / semi-humid","CO.2","#66e566","semi-humid, cool","#FEE08B","E"
"ARFR-WY040-71-10","white",2,144,7,34,NA,363,NA,1.1,1,NA,NA,7,1,NA,2,1,NA,2,1,NA,2,11.8,1,NA,2,1,NA,2,1,NA,2,1,2,1,NA,2,1,NA,NA,NA,NA,NA,NA,NA,NA,NA,"Y",NA,"N",NA,"ARFR4-SOS-WY040-71-10","#66C2A5",-109.2433156,41.13271889,"5 - 10 Deg. F. / 3 - 6","","5 - 10 Deg. F.","6-Mar","5 - 10 Deg. F. / 3 - 6","5 - 10 / semi-humid","WY.1","#a5c2f1","semi-humid, cold","#66C2A5","I"
"ARFR-AZ930-422-NAVAJO-18","white",2,145,7,35,184,364,NA,3,1,NA,NA,8.1,1,NA,2,1,NA,2,1,NA,2,35.5,1,NA,2,1,NA,3,1,NA,3,1,3,1,NA,3,1,NA,NA,NA,NA,NA,NA,NA,NA,NA,"Y",NA,"N",NA,"ARFR4-SOS-AZ930-422-NAVAJO-18","#D53E4F",-110.431,36.56805,"15 - 20 Deg. F. / 6 - 12","Lats corrected 20230127","15 - 20 Deg. F.","12-Jun","15 - 20 Deg. F. / 6 - 12","15 - 20 / semi-arid","AZ.2","#ee5c42","semi-arid, warm","#D53E4F","B"
"ARFR-CO932-316-JEFFERSON-12","white",2,146,7,36,NA,365,NA,4.4,1,NA,NA,10.1,1,NA,2,1,NA,2,1,NA,2,31,1,NA,2,1,NA,3,1,NA,3,1,3,1,NA,3,1,NA,NA,NA,NA,NA,NA,NA,NA,NA,"Y",NA,"N",NA,"ARFR4-SOS-CO932-316-JEFFERSON-12","#FFFF85",-105.358,39.66325,"15 - 20 Deg. F. / 3 - 6","","15 - 20 Deg. F.","6-Mar","15 - 20 Deg. F. / 3 - 6","15 - 20 / semi-humid","CO.3","#698b69","semi-humid, warm","#FFFF85","F"
"ARFR-CO932-294-11","white",2,147,7,37,NA,366,NA,5,1,NA,NA,15.9,1,NA,2,1,NA,2,1,NA,2,34.7,1,NA,2,1,NA,3,1,NA,3,1,3,1,NA,3,1,NA,NA,NA,NA,NA,NA,NA,NA,NA,"Y",NA,"N",NA,"ARFR4-SOS-CO932-294-11","#ABDDA4",-105.2030833,39.78458333,"15 - 20 Deg. F. / 3 - 6","","15 - 20 Deg. F.","6-Mar","15 - 20 Deg. F. / 3 - 6","15 - 20 / semi-humid","CO.4","#698b69","semi-humid, warm","#ABDDA4","H"
"ARFR-NM930N-66-11","white",2,148,7,38,NA,367,NA,8.2,1,NA,NA,4.9,1,NA,2,1,NA,2,1,NA,2,57.7,1,NA,2,1,NA,3,1,NA,3,1,3,1,NA,3,1,NA,NA,NA,NA,NA,NA,NA,NA,NA,"Y",NA,"N",NA,"ARFR4-SOS-NM930N-66-11","#F46D43",-107.2045028,36.76818611,"10 - 15 Deg. F. / 3 - 6","","10 - 15 Deg. F.","6-Mar","10 - 15 Deg. F. / 3 - 6","10 - 15 / semi-humid","NM.1","#66e566","semi-humid, cool","#F46D43","C"
"ARFR-WY040-71-10","white",2,149,7,39,NA,368,NA,2.2,1,NA,NA,5.2,1,NA,2,1,NA,2,1,NA,2,12.7,1,NA,2,1,NA,3,1,NA,3,1,3,1,NA,3,1,NA,NA,NA,NA,NA,NA,NA,NA,NA,"Y",NA,"N",NA,"ARFR4-SOS-WY040-71-10","#66C2A5",-109.2433156,41.13271889,"5 - 10 Deg. F. / 3 - 6","","5 - 10 Deg. F.","6-Mar","5 - 10 Deg. F. / 3 - 6","5 - 10 / semi-humid","WY.1","#a5c2f1","semi-humid, cold","#66C2A5","I"
"ARFR-WY050-49-FREMONT-12","white",2,150,7,40,185,369,NA,4.7,1,NA,NA,8.6,1,NA,2,1,NA,2,1,NA,2,21.2,1,NA,2,1,NA,3,1,NA,3,1,3,1,NA,3,1,NA,NA,NA,NA,NA,NA,NA,NA,NA,"Y",NA,"N",NA,"ARFR4-SOS-WY050-49-FREMONT-12","#5E4FA2",-109.34775,43.42663611,"5 - 10 Deg. F. / 6 - 12","","5 - 10 Deg. F.","12-Jun","5 - 10 Deg. F. / 6 - 12","5 - 10 / semi-arid","WY.3","#ffb90f","semi-arid, cold","#5E4FA2","K"
"ARFR-WY050-49-FREMONT-12","white",2,151,7,41,NA,370,NA,4.6,1,NA,NA,6.3,1,NA,2,1,NA,2,1,NA,2,13,1,NA,2,1,NA,2,1,NA,2,1,2,1,NA,2,1,NA,NA,NA,NA,NA,NA,NA,NA,NA,"Y",NA,"N",NA,"ARFR4-SOS-WY050-49-FREMONT-12","#5E4FA2",-109.34775,43.42663611,"5 - 10 Deg. F. / 6 - 12","","5 - 10 Deg. F.","12-Jun","5 - 10 Deg. F. / 6 - 12","5 - 10 / semi-arid","WY.3","#ffb90f","semi-arid, cold","#5E4FA2","K"
"ARFR-CO932-314-JEFFERSON-12","white",2,152,7,42,NA,371,NA,4.4,1,NA,NA,9,1,NA,2,1,NA,2,1,NA,2,38.1,1,NA,3,1,NA,3,1,NA,3,1,3,1,NA,3,1,NA,NA,NA,NA,NA,NA,NA,NA,NA,"Y",NA,"N",NA,"ARFR4-SOS-CO932-314-JEFFERSON-12","#FEE08B",-105.3553333,39.40902778,"10 - 15 Deg. F. / 3 - 6","","10 - 15 Deg. F.","6-Mar","10 - 15 Deg. F. / 3 - 6","10 - 15 / semi-humid","CO.2","#66e566","semi-humid, cool","#FEE08B","E"
"ARFR-WY050-151-FREMONT-16","white",2,153,7,43,NA,372,NA,4,1,NA,NA,5.4,1,NA,2,1,NA,2,1,NA,2,11,1,NA,2,1,NA,3,1,NA,3,1,3,1,NA,3,1,NA,NA,NA,NA,NA,NA,NA,NA,NA,"N",NA,"N",NA,"ARFR4-SOS-WY050-151-FREMONT-16","#3288BD",-108.1704472,42.47886111,"10 - 15 Deg. F. / 6 - 12","","10 - 15 Deg. F.","12-Jun","10 - 15 Deg. F. / 6 - 12","10 - 15 / semi-arid","WY.2","#cd8500","semi-arid, cool","#3288BD","J"
"ARFR-NM930N-66-11","white",2,154,7,44,NA,373,NA,5.4,1,NA,NA,12.4,1,NA,2,1,NA,2,1,NA,2,40.4,1,NA,2,1,NA,3,1,NA,3,1,3,1,NA,3,1,NA,NA,NA,NA,NA,NA,NA,NA,NA,"Y",NA,"N",NA,"ARFR4-SOS-NM930N-66-11","#F46D43",-107.2045028,36.76818611,"10 - 15 Deg. F. / 3 - 6","","10 - 15 Deg. F.","6-Mar","10 - 15 Deg. F. / 3 - 6","10 - 15 / semi-humid","NM.1","#66e566","semi-humid, cool","#F46D43","C"
"ARFR-AZ930-422-NAVAJO-18","white",2,155,7,45,186,374,NA,4.8,1,NA,NA,6,1,NA,2,1,NA,2,1,NA,2,23.5,1,NA,2,1,NA,3,1,NA,3,1,3,1,NA,3,1,NA,NA,NA,NA,NA,NA,NA,NA,NA,"Y",NA,"N",NA,"ARFR4-SOS-AZ930-422-NAVAJO-18","#D53E4F",-110.431,36.56805,"15 - 20 Deg. F. / 6 - 12","Lats corrected 20230127","15 - 20 Deg. F.","12-Jun","15 - 20 Deg. F. / 6 - 12","15 - 20 / semi-arid","AZ.2","#ee5c42","semi-arid, warm","#D53E4F","B"
"ARFR-WY040-71-10","white",2,156,7,46,NA,375,NA,3.4,1,NA,NA,6.8,1,NA,2,1,NA,2,1,NA,2,12.8,1,NA,2,1,NA,2,1,NA,2,1,2,1,NA,2,1,NA,NA,NA,NA,NA,NA,NA,NA,NA,"Y",NA,"N",NA,"ARFR4-SOS-WY040-71-10","#66C2A5",-109.2433156,41.13271889,"5 - 10 Deg. F. / 3 - 6","","5 - 10 Deg. F.","6-Mar","5 - 10 Deg. F. / 3 - 6","5 - 10 / semi-humid","WY.1","#a5c2f1","semi-humid, cold","#66C2A5","I"
"ARFR-AZ930-422-NAVAJO-18","white",2,157,7,47,NA,376,NA,4,1,NA,NA,11.9,1,NA,2,1,NA,2,1,NA,2,34.9,1,NA,2,1,NA,3,1,NA,3,1,3,1,NA,3,1,NA,NA,NA,NA,NA,NA,NA,NA,NA,"Y",NA,"N",NA,"ARFR4-SOS-AZ930-422-NAVAJO-18","#D53E4F",-110.431,36.56805,"15 - 20 Deg. F. / 6 - 12","Lats corrected 20230127","15 - 20 Deg. F.","12-Jun","15 - 20 Deg. F. / 6 - 12","15 - 20 / semi-arid","AZ.2","#ee5c42","semi-arid, warm","#D53E4F","B"
"ARFR-WY040-71-10","white",2,158,7,48,NA,377,NA,4.5,1,NA,NA,7.8,1,NA,2,1,NA,2,1,NA,2,13,1,NA,2,1,NA,2,1,NA,2,1,2,1,NA,2,1,NA,NA,NA,NA,NA,NA,NA,NA,NA,"Y",NA,"Y",NA,"ARFR4-SOS-WY040-71-10","#66C2A5",-109.2433156,41.13271889,"5 - 10 Deg. F. / 3 - 6","","5 - 10 Deg. F.","6-Mar","5 - 10 Deg. F. / 3 - 6","5 - 10 / semi-humid","WY.1","#a5c2f1","semi-humid, cold","#66C2A5","I"
"ARFR-AZ930-422-NAVAJO-18","white",2,159,7,49,NA,378,NA,3.3,1,NA,NA,9.2,1,NA,2,1,NA,2,1,NA,2,30.7,1,NA,2,1,NA,3,1,NA,3,1,3,1,NA,3,1,NA,"Yes",NA,135.47,NA,"L",103.492,60.17,53.21,"Y",NA,"N",NA,"ARFR4-SOS-AZ930-422-NAVAJO-18","#D53E4F",-110.431,36.56805,"15 - 20 Deg. F. / 6 - 12","Lats corrected 20230127","15 - 20 Deg. F.","12-Jun","15 - 20 Deg. F. / 6 - 12","15 - 20 / semi-arid","AZ.2","#ee5c42","semi-arid, warm","#D53E4F","B"
"ARFR-WY040-71-10","white",2,160,7,50,187,379,NA,4,1,NA,NA,5.5,1,NA,2,1,NA,2,1,NA,2,21.6,1,NA,2,1,NA,3,1,NA,3,1,3,1,NA,3,1,NA,NA,NA,NA,NA,NA,NA,NA,NA,"Y",NA,"Y",NA,"ARFR4-SOS-WY040-71-10","#66C2A5",-109.2433156,41.13271889,"5 - 10 Deg. F. / 3 - 6","","5 - 10 Deg. F.","6-Mar","5 - 10 Deg. F. / 3 - 6","5 - 10 / semi-humid","WY.1","#a5c2f1","semi-humid, cold","#66C2A5","I"
"ARFR-CO932-314-JEFFERSON-12","white",2,161,7,51,NA,380,NA,5.2,1,NA,NA,8.3,1,NA,2,1,NA,2,1,NA,2,35.5,1,NA,2,1,NA,3,1,NA,3,1,3,1,NA,3,1,NA,NA,NA,NA,NA,NA,NA,NA,NA,"Y",NA,"N",NA,"ARFR4-SOS-CO932-314-JEFFERSON-12","#FEE08B",-105.3553333,39.40902778,"10 - 15 Deg. F. / 3 - 6","","10 - 15 Deg. F.","6-Mar","10 - 15 Deg. F. / 3 - 6","10 - 15 / semi-humid","CO.2","#66e566","semi-humid, cool","#FEE08B","E"
"ARFR-CO932-316-JEFFERSON-12","white",2,162,7,52,NA,381,NA,3.9,1,NA,NA,6.5,1,NA,2,1,NA,2,1,NA,2,30.2,1,NA,2,1,NA,3,1,NA,3,1,3,1,NA,3,1,NA,NA,NA,NA,NA,NA,NA,NA,NA,"Y",NA,"Y",NA,"ARFR4-SOS-CO932-316-JEFFERSON-12","#FFFF85",-105.358,39.66325,"15 - 20 Deg. F. / 3 - 6","","15 - 20 Deg. F.","6-Mar","15 - 20 Deg. F. / 3 - 6","15 - 20 / semi-humid","CO.3","#698b69","semi-humid, warm","#FFFF85","F"
"ARFR-NM930N-66-11","white",2,47,7,53,NA,382,NA,6.9,1,NA,NA,13.6,1,NA,2,1,NA,2,1,NA,2,46,1,NA,2,1,NA,3,1,NA,3,1,3,1,NA,3,1,NA,NA,NA,NA,NA,NA,NA,NA,NA,"Y",NA,"N",NA,"ARFR4-SOS-NM930N-66-11","#F46D43",-107.2045028,36.76818611,"10 - 15 Deg. F. / 3 - 6","","10 - 15 Deg. F.","6-Mar","10 - 15 Deg. F. / 3 - 6","10 - 15 / semi-humid","NM.1","#66e566","semi-humid, cool","#F46D43","C"
"ARFR-WY040-71-10","white",2,164,7,54,NA,383,NA,3.3,1,NA,NA,4.6,1,NA,2,1,NA,2,1,NA,2,15.4,1,NA,2,1,NA,2,1,NA,2,1,2,1,NA,2,1,NA,NA,NA,NA,NA,NA,NA,NA,NA,"Y",NA,"N",NA,"ARFR4-SOS-WY040-71-10","#66C2A5",-109.2433156,41.13271889,"5 - 10 Deg. F. / 3 - 6","","5 - 10 Deg. F.","6-Mar","5 - 10 Deg. F. / 3 - 6","5 - 10 / semi-humid","WY.1","#a5c2f1","semi-humid, cold","#66C2A5","I"
"ARFR-WY040-71-10","white",2,165,7,55,188,384,NA,3.4,1,NA,NA,4.5,1,NA,2,1,NA,2,1,NA,2,17,1,NA,2,1,NA,3,1,NA,3,1,3,1,NA,3,1,NA,NA,NA,NA,NA,NA,NA,NA,NA,"Y",NA,"N",NA,"ARFR4-SOS-WY040-71-10","#66C2A5",-109.2433156,41.13271889,"5 - 10 Deg. F. / 3 - 6","","5 - 10 Deg. F.","6-Mar","5 - 10 Deg. F. / 3 - 6","5 - 10 / semi-humid","WY.1","#a5c2f1","semi-humid, cold","#66C2A5","I"
"ARFR-WY050-151-FREMONT-16","white",2,166,8,1,177,385,NA,5.5,1,NA,NA,NA,0,"dead or missing 6/23",NA,0,NA,NA,0,NA,NA,NA,0,"4.7 entered for height, 1 for surv, and 2 for pheno but I think plt was dead",NA,0,NA,NA,0,NA,NA,0,NA,0,NA,NA,0,NA,NA,NA,NA,NA,NA,NA,NA,NA,"Y",NA,"N",NA,"ARFR4-SOS-WY050-151-FREMONT-16","#3288BD",-108.1704472,42.47886111,"10 - 15 Deg. F. / 6 - 12","","10 - 15 Deg. F.","12-Jun","10 - 15 Deg. F. / 6 - 12","10 - 15 / semi-arid","WY.2","#cd8500","semi-arid, cool","#3288BD","J"
"ARFR-CO932-316-JEFFERSON-12","white",2,167,8,2,NA,386,NA,4.5,1,NA,NA,13.8,1,NA,2,1,NA,2,1,NA,2,38,1,NA,2,1,NA,3,1,NA,3,1,3,1,NA,NA,1,NA,NA,NA,NA,NA,NA,NA,NA,NA,"Y",NA,"N",NA,"ARFR4-SOS-CO932-316-JEFFERSON-12","#FFFF85",-105.358,39.66325,"15 - 20 Deg. F. / 3 - 6","","15 - 20 Deg. F.","6-Mar","15 - 20 Deg. F. / 3 - 6","15 - 20 / semi-humid","CO.3","#698b69","semi-humid, warm","#FFFF85","F"
"ARFR-WY050-151-FREMONT-16","white",2,168,8,3,NA,387,NA,3,1,NA,NA,6.1,1,NA,2,1,NA,2,1,NA,2,7.4,1,NA,2,1,NA,NA,0,NA,NA,0,NA,0,NA,NA,0,NA,NA,NA,NA,NA,NA,NA,NA,NA,"Y",NA,"N",NA,"ARFR4-SOS-WY050-151-FREMONT-16","#3288BD",-108.1704472,42.47886111,"10 - 15 Deg. F. / 6 - 12","","10 - 15 Deg. F.","12-Jun","10 - 15 Deg. F. / 6 - 12","10 - 15 / semi-arid","WY.2","#cd8500","semi-arid, cool","#3288BD","J"
"ARFR-NM930N-66-11","white",2,169,8,4,NA,388,NA,8,1,NA,NA,12.7,1,NA,2,1,NA,2,1,NA,2,46.5,1,NA,2,1,NA,3,1,NA,3,1,3,1,NA,3,1,NA,NA,NA,NA,NA,NA,NA,NA,NA,"Y",NA,"N",NA,"ARFR4-SOS-NM930N-66-11","#F46D43",-107.2045028,36.76818611,"10 - 15 Deg. F. / 3 - 6","","10 - 15 Deg. F.","6-Mar","10 - 15 Deg. F. / 3 - 6","10 - 15 / semi-humid","NM.1","#66e566","semi-humid, cool","#F46D43","C"
"ARFR-CO932-316-JEFFERSON-12","white",2,170,8,5,178,389,NA,3.2,1,NA,NA,11.3,1,NA,2,1,NA,2,1,NA,2,36,1,NA,3,1,NA,3,1,NA,3,1,3,1,NA,3,1,NA,NA,NA,NA,NA,NA,NA,NA,NA,"Y",NA,"N",NA,"ARFR4-SOS-CO932-316-JEFFERSON-12","#FFFF85",-105.358,39.66325,"15 - 20 Deg. F. / 3 - 6","","15 - 20 Deg. F.","6-Mar","15 - 20 Deg. F. / 3 - 6","15 - 20 / semi-humid","CO.3","#698b69","semi-humid, warm","#FFFF85","F"
"ARFR-CO932-314-JEFFERSON-12","white",2,171,8,6,NA,390,NA,3.9,1,NA,NA,8.6,1,NA,2,1,NA,2,1,NA,2,5.5,1,NA,2,1,NA,2,1,NA,2,1,2,1,NA,2,1,NA,NA,NA,NA,NA,NA,NA,NA,NA,"Y",NA,"N",NA,"ARFR4-SOS-CO932-314-JEFFERSON-12","#FEE08B",-105.3553333,39.40902778,"10 - 15 Deg. F. / 3 - 6","","10 - 15 Deg. F.","6-Mar","10 - 15 Deg. F. / 3 - 6","10 - 15 / semi-humid","CO.2","#66e566","semi-humid, cool","#FEE08B","E"
"ARFR-CO932-294-11","white",2,172,8,7,NA,391,NA,7.5,1,NA,NA,10.5,1,NA,2,1,NA,2,1,NA,2,34.6,1,NA,2,1,NA,3,1,NA,3,1,3,1,NA,3,1,NA,NA,NA,NA,NA,NA,NA,NA,NA,"Y",NA,"N",NA,"ARFR4-SOS-CO932-294-11","#ABDDA4",-105.2030833,39.78458333,"15 - 20 Deg. F. / 3 - 6","","15 - 20 Deg. F.","6-Mar","15 - 20 Deg. F. / 3 - 6","15 - 20 / semi-humid","CO.4","#698b69","semi-humid, warm","#ABDDA4","H"
"ARFR-NM930N-66-11","white",2,173,8,8,NA,392,NA,6.3,1,NA,NA,11.8,1,NA,2,1,NA,2,1,NA,2,36.2,1,NA,2,1,NA,3,1,NA,3,1,3,1,NA,3,1,NA,NA,NA,NA,NA,NA,NA,NA,NA,"Y",NA,"N",NA,"ARFR4-SOS-NM930N-66-11","#F46D43",-107.2045028,36.76818611,"10 - 15 Deg. F. / 3 - 6","","10 - 15 Deg. F.","6-Mar","10 - 15 Deg. F. / 3 - 6","10 - 15 / semi-humid","NM.1","#66e566","semi-humid, cool","#F46D43","C"
"ARFR-UT080-109-UINTAH-12","white",2,174,8,9,NA,393,NA,4.8,1,NA,NA,10.6,1,NA,2,1,NA,2,1,NA,2,46.5,1,NA,2,1,NA,3,1,NA,3,1,3,1,NA,3,1,NA,NA,NA,NA,NA,NA,NA,NA,NA,"Y",NA,"N",NA,"ARFR4-SOS-UT080-109-UINTAH-12","#aabe7f",-109.1426444,39.70802222,"10 - 15 Deg. F. / 3 - 6","","10 - 15 Deg. F.","6-Mar","10 - 15 Deg. F. / 3 - 6","10 - 15 / semi-humid","UT.1","#66e566","semi-humid, cool","#aabe7f","G"
"ARFR-WY050-49-FREMONT-12","white",2,175,8,10,179,394,NA,4.5,1,NA,NA,8.9,1,NA,2,1,NA,2,1,NA,2,12.4,1,NA,2,1,NA,2,1,NA,2,1,2,1,NA,2,1,NA,NA,NA,NA,NA,NA,NA,NA,NA,"Y",NA,"N",NA,"ARFR4-SOS-WY050-49-FREMONT-12","#5E4FA2",-109.34775,43.42663611,"5 - 10 Deg. F. / 6 - 12","","5 - 10 Deg. F.","12-Jun","5 - 10 Deg. F. / 6 - 12","5 - 10 / semi-arid","WY.3","#ffb90f","semi-arid, cold","#5E4FA2","K"
"ARFR-CO932-314-JEFFERSON-12","white",2,176,8,11,NA,395,NA,5.2,1,NA,NA,13.3,1,NA,2,1,NA,2,1,NA,2,45.5,1,NA,2,1,NA,3,1,NA,3,1,3,1,NA,3,1,NA,NA,NA,NA,NA,NA,NA,NA,NA,"Y",NA,"N",NA,"ARFR4-SOS-CO932-314-JEFFERSON-12","#FEE08B",-105.3553333,39.40902778,"10 - 15 Deg. F. / 3 - 6","","10 - 15 Deg. F.","6-Mar","10 - 15 Deg. F. / 3 - 6","10 - 15 / semi-humid","CO.2","#66e566","semi-humid, cool","#FEE08B","E"
"ARFR-WY050-49-FREMONT-12","white",2,177,8,12,NA,396,NA,4.8,1,NA,NA,6.7,1,NA,2,1,NA,2,1,NA,2,13.9,1,NA,2,1,NA,3,1,NA,3,1,3,1,NA,3,1,NA,NA,NA,NA,NA,NA,NA,NA,NA,"Y",NA,"N",NA,"ARFR4-SOS-WY050-49-FREMONT-12","#5E4FA2",-109.34775,43.42663611,"5 - 10 Deg. F. / 6 - 12","","5 - 10 Deg. F.","12-Jun","5 - 10 Deg. F. / 6 - 12","5 - 10 / semi-arid","WY.3","#ffb90f","semi-arid, cold","#5E4FA2","K"
"ARFR-WY050-49-FREMONT-12","white",2,178,8,13,NA,397,NA,5.4,1,NA,NA,9.1,1,NA,2,1,NA,2,1,NA,2,36,1,NA,3,1,NA,3,1,NA,3,1,3,1,NA,3,1,NA,NA,NA,NA,NA,NA,NA,NA,NA,"Y",NA,"N",NA,"ARFR4-SOS-WY050-49-FREMONT-12","#5E4FA2",-109.34775,43.42663611,"5 - 10 Deg. F. / 6 - 12","","5 - 10 Deg. F.","12-Jun","5 - 10 Deg. F. / 6 - 12","5 - 10 / semi-arid","WY.3","#ffb90f","semi-arid, cold","#5E4FA2","K"
"ARFR-UT080-109-UINTAH-12","white",2,179,8,14,NA,398,NA,8.7,1,NA,NA,15.5,1,NA,2,1,NA,2,1,NA,2,55,1,NA,3,1,NA,3,1,NA,3,1,3,1,NA,3,1,NA,NA,NA,NA,NA,NA,NA,NA,NA,"Y",NA,"N",NA,"ARFR4-SOS-UT080-109-UINTAH-12","#aabe7f",-109.1426444,39.70802222,"10 - 15 Deg. F. / 3 - 6","","10 - 15 Deg. F.","6-Mar","10 - 15 Deg. F. / 3 - 6","10 - 15 / semi-humid","UT.1","#66e566","semi-humid, cool","#aabe7f","G"
"ARFR-AZ930-423-NAVAJO-18","white",2,180,8,15,180,399,NA,7.8,1,NA,NA,13.9,1,NA,2,1,NA,2,1,NA,2,48,1,NA,2,1,NA,3,1,NA,3,1,3,1,NA,3,1,NA,NA,NA,NA,NA,NA,NA,NA,NA,"Y",NA,"N",NA,"ARFR4-SOS-AZ930-423-NAVAJO-18","#9E0142",-110.431,36.45877,"15 - 20 Deg. F. / 6 - 12","SdZones downloaded 20230823","15 - 20 Deg. F.","12-Jun","15 - 20 Deg. F. / 6 - 12","15 - 20 / semi-arid","AZ.1","#ee5c42","semi-arid, warm","#9E0142","A"
"ARFR-WY040-71-10","white",2,181,8,16,NA,400,NA,5.2,1,NA,NA,8.2,1,NA,2,1,NA,2,1,NA,2,19.2,1,NA,2,1,NA,3,1,NA,3,1,3,1,NA,3,1,NA,NA,NA,NA,NA,NA,NA,NA,NA,"Y",NA,"N",NA,"ARFR4-SOS-WY040-71-10","#66C2A5",-109.2433156,41.13271889,"5 - 10 Deg. F. / 3 - 6","","5 - 10 Deg. F.","6-Mar","5 - 10 Deg. F. / 3 - 6","5 - 10 / semi-humid","WY.1","#a5c2f1","semi-humid, cold","#66C2A5","I"
"ARFR-CO932-294-11","white",2,182,8,17,NA,401,NA,5.7,1,NA,NA,10.6,1,NA,2,1,NA,2,1,NA,2,37.3,1,NA,2,1,NA,3,1,NA,3,1,3,1,NA,3,1,NA,NA,NA,NA,NA,NA,NA,NA,NA,"Y",NA,"N",NA,"ARFR4-SOS-CO932-294-11","#ABDDA4",-105.2030833,39.78458333,"15 - 20 Deg. F. / 3 - 6","","15 - 20 Deg. F.","6-Mar","15 - 20 Deg. F. / 3 - 6","15 - 20 / semi-humid","CO.4","#698b69","semi-humid, warm","#ABDDA4","H"
"ARFR-WY050-151-FREMONT-16","white",2,183,8,18,NA,402,NA,5.5,1,NA,NA,7.5,1,NA,2,1,NA,2,1,NA,2,11.8,1,NA,2,1,NA,3,1,NA,3,1,3,1,NA,3,1,NA,NA,NA,NA,NA,NA,NA,NA,NA,"Y",NA,"N",NA,"ARFR4-SOS-WY050-151-FREMONT-16","#3288BD",-108.1704472,42.47886111,"10 - 15 Deg. F. / 6 - 12","","10 - 15 Deg. F.","12-Jun","10 - 15 Deg. F. / 6 - 12","10 - 15 / semi-arid","WY.2","#cd8500","semi-arid, cool","#3288BD","J"
"ARFR-WY050-49-FREMONT-12","white",2,184,8,19,NA,403,NA,4.3,1,NA,NA,6.9,1,NA,2,1,NA,2,1,NA,2,14.5,1,NA,2,1,NA,3,1,NA,3,1,3,1,NA,3,1,NA,NA,NA,NA,NA,NA,NA,NA,NA,"Y",NA,"N",NA,"ARFR4-SOS-WY050-49-FREMONT-12","#5E4FA2",-109.34775,43.42663611,"5 - 10 Deg. F. / 6 - 12","","5 - 10 Deg. F.","12-Jun","5 - 10 Deg. F. / 6 - 12","5 - 10 / semi-arid","WY.3","#ffb90f","semi-arid, cold","#5E4FA2","K"
"ARFR-CO932-294-11","white",2,185,8,20,181,404,NA,5,1,NA,NA,8.4,1,NA,2,1,NA,2,1,NA,2,29,1,NA,2,1,NA,3,1,NA,3,1,3,1,NA,3,1,NA,"Yes",NA,170.64,NA,"L",138.662,83.65,76.69,"Y",NA,"N",NA,"ARFR4-SOS-CO932-294-11","#ABDDA4",-105.2030833,39.78458333,"15 - 20 Deg. F. / 3 - 6","","15 - 20 Deg. F.","6-Mar","15 - 20 Deg. F. / 3 - 6","15 - 20 / semi-humid","CO.4","#698b69","semi-humid, warm","#ABDDA4","H"
"ARFR-WY930-44-LASANIMAS-13","white",2,186,8,21,NA,405,NA,5.2,1,NA,NA,9.4,1,NA,2,1,NA,2,1,NA,2,24,1,NA,2,1,NA,3,1,NA,3,1,3,1,NA,3,1,NA,NA,NA,NA,NA,NA,NA,NA,NA,"Y",NA,"N",NA,"ARFR4-SOS-WY930-44-LASANIMAS-13","#FDAE61",-104.6423889,37.16547222,"15 - 20 Deg. F. / 3 - 6","","15 - 20 Deg. F.","6-Mar","15 - 20 Deg. F. / 3 - 6","15 - 20 / semi-humid","CO.1","#698b69","semi-humid, warm","#FDAE61","D"
"ARFR-UT080-109-UINTAH-12","white",2,187,8,22,NA,406,NA,8.4,1,NA,NA,17.7,1,NA,2,1,NA,2,1,NA,2,60.5,1,NA,2,1,NA,3,1,NA,3,1,3,1,NA,3,1,NA,NA,NA,NA,NA,NA,NA,NA,NA,"Y",NA,"N",NA,"ARFR4-SOS-UT080-109-UINTAH-12","#aabe7f",-109.1426444,39.70802222,"10 - 15 Deg. F. / 3 - 6","","10 - 15 Deg. F.","6-Mar","10 - 15 Deg. F. / 3 - 6","10 - 15 / semi-humid","UT.1","#66e566","semi-humid, cool","#aabe7f","G"
"ARFR-WY050-151-FREMONT-16","white",2,188,8,23,NA,407,NA,4.6,1,NA,NA,7.7,1,NA,2,1,NA,2,1,NA,2,17.6,1,NA,2,1,NA,3,1,NA,3,1,3,1,NA,3,1,NA,NA,NA,NA,NA,NA,NA,NA,NA,"Y",NA,"N",NA,"ARFR4-SOS-WY050-151-FREMONT-16","#3288BD",-108.1704472,42.47886111,"10 - 15 Deg. F. / 6 - 12","","10 - 15 Deg. F.","12-Jun","10 - 15 Deg. F. / 6 - 12","10 - 15 / semi-arid","WY.2","#cd8500","semi-arid, cool","#3288BD","J"
"ARFR-CO932-314-JEFFERSON-12","white",2,189,8,24,NA,408,NA,6,1,NA,NA,11.2,1,NA,2,1,NA,2,1,NA,2,41,1,NA,3,1,NA,3,1,NA,3,1,3,1,NA,3,1,NA,NA,NA,NA,NA,NA,NA,NA,NA,"Y",NA,"N",NA,"ARFR4-SOS-CO932-314-JEFFERSON-12","#FEE08B",-105.3553333,39.40902778,"10 - 15 Deg. F. / 3 - 6","","10 - 15 Deg. F.","6-Mar","10 - 15 Deg. F. / 3 - 6","10 - 15 / semi-humid","CO.2","#66e566","semi-humid, cool","#FEE08B","E"
"ARFR-WY050-49-FREMONT-12","white",2,190,8,25,182,409,NA,3.6,1,NA,NA,5.7,1,NA,2,1,NA,2,1,NA,2,4.5,1,NA,2,1,NA,2,1,NA,2,1,2,1,NA,2,1,NA,NA,NA,NA,NA,NA,NA,NA,NA,"Y",NA,"N",NA,"ARFR4-SOS-WY050-49-FREMONT-12","#5E4FA2",-109.34775,43.42663611,"5 - 10 Deg. F. / 6 - 12","","5 - 10 Deg. F.","12-Jun","5 - 10 Deg. F. / 6 - 12","5 - 10 / semi-arid","WY.3","#ffb90f","semi-arid, cold","#5E4FA2","K"
"ARFR-AZ930-423-NAVAJO-18","white",2,191,8,26,NA,410,NA,6,1,NA,NA,17.5,1,NA,2,1,NA,2,1,NA,2,47,1,NA,2,1,NA,3,1,NA,3,1,3,1,NA,3,1,NA,NA,NA,NA,NA,NA,NA,NA,NA,"Y",NA,"N",NA,"ARFR4-SOS-AZ930-423-NAVAJO-18","#9E0142",-110.431,36.45877,"15 - 20 Deg. F. / 6 - 12","SdZones downloaded 20230823","15 - 20 Deg. F.","12-Jun","15 - 20 Deg. F. / 6 - 12","15 - 20 / semi-arid","AZ.1","#ee5c42","semi-arid, warm","#9E0142","A"
"ARFR-WY050-151-FREMONT-16","white",2,192,8,27,NA,411,NA,1,1,NA,NA,1.2,1,NA,2,1,NA,2,1,NA,2,2,1,NA,2,1,NA,2,1,NA,2,1,2,1,NA,2,1,NA,NA,NA,NA,NA,NA,NA,NA,NA,"N",NA,"N",NA,"ARFR4-SOS-WY050-151-FREMONT-16","#3288BD",-108.1704472,42.47886111,"10 - 15 Deg. F. / 6 - 12","","10 - 15 Deg. F.","12-Jun","10 - 15 Deg. F. / 6 - 12","10 - 15 / semi-arid","WY.2","#cd8500","semi-arid, cool","#3288BD","J"
"ARFR-AZ930-422-NAVAJO-18","white",2,193,8,28,NA,412,NA,6.4,1,NA,NA,13.1,1,NA,2,1,NA,2,1,NA,2,42,1,NA,2,1,NA,3,1,NA,3,1,3,1,NA,3,1,NA,NA,NA,NA,NA,NA,NA,NA,NA,"Y",NA,"N",NA,"ARFR4-SOS-AZ930-422-NAVAJO-18","#D53E4F",-110.431,36.56805,"15 - 20 Deg. F. / 6 - 12","Lats corrected 20230127","15 - 20 Deg. F.","12-Jun","15 - 20 Deg. F. / 6 - 12","15 - 20 / semi-arid","AZ.2","#ee5c42","semi-arid, warm","#D53E4F","B"
"ARFR-CO932-316-JEFFERSON-12","white",2,194,8,29,NA,413,NA,4.1,1,NA,NA,10.7,1,NA,2,1,NA,2,1,NA,2,32.6,1,NA,2,1,NA,3,1,NA,3,1,3,1,NA,3,1,NA,NA,NA,NA,NA,NA,NA,NA,NA,"Y",NA,"N",NA,"ARFR4-SOS-CO932-316-JEFFERSON-12","#FFFF85",-105.358,39.66325,"15 - 20 Deg. F. / 3 - 6","","15 - 20 Deg. F.","6-Mar","15 - 20 Deg. F. / 3 - 6","15 - 20 / semi-humid","CO.3","#698b69","semi-humid, warm","#FFFF85","F"
"ARFR-AZ930-422-NAVAJO-18","white",2,195,8,30,183,414,NA,3.5,1,NA,NA,12.7,1,NA,2,1,NA,2,1,NA,2,44,1,NA,2,1,NA,3,1,NA,3,1,3,1,NA,3,1,NA,NA,NA,NA,NA,NA,NA,NA,NA,"Y",NA,"N",NA,"ARFR4-SOS-AZ930-422-NAVAJO-18","#D53E4F",-110.431,36.56805,"15 - 20 Deg. F. / 6 - 12","Lats corrected 20230127","15 - 20 Deg. F.","12-Jun","15 - 20 Deg. F. / 6 - 12","15 - 20 / semi-arid","AZ.2","#ee5c42","semi-arid, warm","#D53E4F","B"
"ARFR-CO932-316-JEFFERSON-12","white",2,196,8,31,NA,415,NA,5.4,1,NA,NA,12.5,1,NA,2,1,NA,2,1,NA,2,41.5,1,NA,2,1,NA,3,1,NA,3,1,3,1,NA,3,1,NA,NA,NA,NA,NA,NA,NA,NA,NA,"Y",NA,"N",NA,"ARFR4-SOS-CO932-316-JEFFERSON-12","#FFFF85",-105.358,39.66325,"15 - 20 Deg. F. / 3 - 6","","15 - 20 Deg. F.","6-Mar","15 - 20 Deg. F. / 3 - 6","15 - 20 / semi-humid","CO.3","#698b69","semi-humid, warm","#FFFF85","F"
"ARFR-AZ930-423-NAVAJO-18","white",2,197,8,32,NA,416,NA,NA,0,"N",NA,NA,0,"Not replaced since no more of pop. ",NA,0,NA,NA,0,NA,NA,NA,0,NA,NA,0,NA,NA,0,NA,NA,0,NA,0,NA,NA,0,NA,NA,NA,NA,NA,NA,NA,NA,NA,"N",NA,"N","Y","ARFR4-SOS-AZ930-423-NAVAJO-18","#9E0142",-110.431,36.45877,"15 - 20 Deg. F. / 6 - 12","SdZones downloaded 20230823","15 - 20 Deg. F.","12-Jun","15 - 20 Deg. F. / 6 - 12","15 - 20 / semi-arid","AZ.1","#ee5c42","semi-arid, warm","#9E0142","A"
"ARFR-WY930-44-LASANIMAS-13","white",2,198,8,33,NA,417,NA,4.2,1,"N",NA,2,1,"dying? 5/27 dying 6/23",2,1,"dying",2,1,NA,2,2,1,NA,2,1,NA,2,1,NA,2,1,2,1,NA,2,1,NA,NA,NA,NA,NA,NA,NA,NA,NA,"N",NA,"N",NA,"ARFR4-SOS-WY930-44-LASANIMAS-13","#FDAE61",-104.6423889,37.16547222,"15 - 20 Deg. F. / 3 - 6","","15 - 20 Deg. F.","6-Mar","15 - 20 Deg. F. / 3 - 6","15 - 20 / semi-humid","CO.1","#698b69","semi-humid, warm","#FDAE61","D"
"ARFR-WY930-44-LASANIMAS-13","white",2,199,8,34,NA,418,NA,5.6,1,NA,NA,11.3,1,NA,2,1,NA,2,1,NA,2,38.2,1,NA,2,1,NA,3,1,NA,3,1,3,1,NA,3,1,NA,NA,NA,NA,NA,NA,NA,NA,NA,"Y",NA,"N",NA,"ARFR4-SOS-WY930-44-LASANIMAS-13","#FDAE61",-104.6423889,37.16547222,"15 - 20 Deg. F. / 3 - 6","","15 - 20 Deg. F.","6-Mar","15 - 20 Deg. F. / 3 - 6","15 - 20 / semi-humid","CO.1","#698b69","semi-humid, warm","#FDAE61","D"
"ARFR-WY050-151-FREMONT-16","white",2,200,8,35,184,419,NA,3.5,1,NA,NA,4.3,1,NA,2,1,NA,2,1,NA,2,7.1,1,NA,2,1,NA,3,1,NA,3,1,3,1,NA,3,1,NA,NA,NA,NA,NA,NA,NA,NA,NA,"Y",NA,"N",NA,"ARFR4-SOS-WY050-151-FREMONT-16","#3288BD",-108.1704472,42.47886111,"10 - 15 Deg. F. / 6 - 12","","10 - 15 Deg. F.","12-Jun","10 - 15 Deg. F. / 6 - 12","10 - 15 / semi-arid","WY.2","#cd8500","semi-arid, cool","#3288BD","J"
"ARFR-AZ930-422-NAVAJO-18","white",2,201,8,36,NA,420,NA,5,1,NA,NA,17.1,1,NA,2,1,NA,2,1,NA,2,57.6,1,NA,2,1,NA,3,1,NA,3,1,3,1,NA,3,1,NA,NA,NA,NA,NA,NA,NA,NA,NA,"Y",NA,"N",NA,"ARFR4-SOS-AZ930-422-NAVAJO-18","#D53E4F",-110.431,36.56805,"15 - 20 Deg. F. / 6 - 12","Lats corrected 20230127","15 - 20 Deg. F.","12-Jun","15 - 20 Deg. F. / 6 - 12","15 - 20 / semi-arid","AZ.2","#ee5c42","semi-arid, warm","#D53E4F","B"
"ARFR-UT080-109-UINTAH-12","white",2,202,8,37,NA,421,NA,5.4,1,NA,NA,13.9,1,NA,2,1,NA,2,1,NA,2,56.5,1,NA,3,1,NA,3,1,NA,3,1,3,1,NA,3,1,NA,NA,NA,NA,NA,NA,NA,NA,NA,"Y",NA,"N",NA,"ARFR4-SOS-UT080-109-UINTAH-12","#aabe7f",-109.1426444,39.70802222,"10 - 15 Deg. F. / 3 - 6","","10 - 15 Deg. F.","6-Mar","10 - 15 Deg. F. / 3 - 6","10 - 15 / semi-humid","UT.1","#66e566","semi-humid, cool","#aabe7f","G"
"ARFR-WY050-49-FREMONT-12","white",2,203,8,38,NA,422,NA,7.5,1,NA,NA,9.3,1,NA,2,1,NA,2,1,NA,2,23.5,1,NA,3,1,NA,3,1,NA,3,1,3,1,NA,3,1,NA,NA,NA,NA,NA,NA,NA,NA,NA,"Y",NA,"N",NA,"ARFR4-SOS-WY050-49-FREMONT-12","#5E4FA2",-109.34775,43.42663611,"5 - 10 Deg. F. / 6 - 12","","5 - 10 Deg. F.","12-Jun","5 - 10 Deg. F. / 6 - 12","5 - 10 / semi-arid","WY.3","#ffb90f","semi-arid, cold","#5E4FA2","K"
"ARFR-CO932-316-JEFFERSON-12","white",2,204,8,39,NA,423,NA,6,1,NA,NA,11.1,1,NA,2,1,NA,2,1,NA,2,31.4,1,NA,3,1,NA,3,1,NA,3,1,3,1,NA,3,1,NA,NA,NA,NA,NA,NA,NA,NA,NA,"Y",NA,"N",NA,"ARFR4-SOS-CO932-316-JEFFERSON-12","#FFFF85",-105.358,39.66325,"15 - 20 Deg. F. / 3 - 6","","15 - 20 Deg. F.","6-Mar","15 - 20 Deg. F. / 3 - 6","15 - 20 / semi-humid","CO.3","#698b69","semi-humid, warm","#FFFF85","F"
"ARFR-UT080-109-UINTAH-12","white",2,205,8,40,185,424,NA,7.3,1,NA,NA,12.4,1,NA,2,1,NA,2,1,NA,2,46,1,NA,2,1,NA,3,1,NA,3,1,3,1,NA,3,1,NA,NA,NA,NA,NA,NA,NA,NA,NA,"Y",NA,"N",NA,"ARFR4-SOS-UT080-109-UINTAH-12","#aabe7f",-109.1426444,39.70802222,"10 - 15 Deg. F. / 3 - 6","","10 - 15 Deg. F.","6-Mar","10 - 15 Deg. F. / 3 - 6","10 - 15 / semi-humid","UT.1","#66e566","semi-humid, cool","#aabe7f","G"
"ARFR-AZ930-422-NAVAJO-18","white",2,206,8,41,NA,425,NA,5.5,1,NA,NA,10.8,1,NA,2,1,NA,2,1,NA,2,38.3,1,NA,2,1,NA,3,1,NA,3,1,3,1,NA,3,1,NA,NA,NA,NA,NA,NA,NA,NA,NA,"Y",NA,"N",NA,"ARFR4-SOS-AZ930-422-NAVAJO-18","#D53E4F",-110.431,36.56805,"15 - 20 Deg. F. / 6 - 12","Lats corrected 20230127","15 - 20 Deg. F.","12-Jun","15 - 20 Deg. F. / 6 - 12","15 - 20 / semi-arid","AZ.2","#ee5c42","semi-arid, warm","#D53E4F","B"
"ARFR-CO932-294-11","white",2,207,8,42,NA,426,NA,5.6,1,NA,NA,8.7,1,NA,2,1,NA,2,1,NA,2,27,1,NA,2,1,NA,2,1,NA,3,1,3,1,NA,3,1,NA,NA,NA,NA,NA,NA,NA,NA,NA,"Y",NA,"N",NA,"ARFR4-SOS-CO932-294-11","#ABDDA4",-105.2030833,39.78458333,"15 - 20 Deg. F. / 3 - 6","","15 - 20 Deg. F.","6-Mar","15 - 20 Deg. F. / 3 - 6","15 - 20 / semi-humid","CO.4","#698b69","semi-humid, warm","#ABDDA4","H"
"ARFR-AZ930-423-NAVAJO-18","white",2,208,8,43,NA,427,NA,4.2,1,NA,NA,7.6,1,NA,2,1,NA,2,1,NA,2,24.2,1,NA,2,1,NA,3,1,NA,3,1,3,1,NA,3,1,NA,"Yes",NA,88.44,NA,"L",56.462,31.05,24.09,"Y",NA,"N",NA,"ARFR4-SOS-AZ930-423-NAVAJO-18","#9E0142",-110.431,36.45877,"15 - 20 Deg. F. / 6 - 12","SdZones downloaded 20230823","15 - 20 Deg. F.","12-Jun","15 - 20 Deg. F. / 6 - 12","15 - 20 / semi-arid","AZ.1","#ee5c42","semi-arid, warm","#9E0142","A"
"ARFR-AZ930-422-NAVAJO-18","white",2,209,8,44,NA,428,NA,4.6,1,NA,NA,10,1,NA,2,1,NA,2,1,NA,2,58.5,1,NA,2,1,NA,3,1,NA,3,1,3,1,NA,3,1,NA,NA,NA,NA,NA,NA,NA,NA,NA,"Y",NA,"N",NA,"ARFR4-SOS-AZ930-422-NAVAJO-18","#D53E4F",-110.431,36.56805,"15 - 20 Deg. F. / 6 - 12","Lats corrected 20230127","15 - 20 Deg. F.","12-Jun","15 - 20 Deg. F. / 6 - 12","15 - 20 / semi-arid","AZ.2","#ee5c42","semi-arid, warm","#D53E4F","B"
"ARFR-WY040-71-10","white",2,210,8,45,186,429,NA,2.8,1,NA,NA,5.7,1,NA,2,1,NA,2,1,NA,2,13.8,1,NA,2,1,NA,3,1,NA,3,1,3,1,NA,3,1,NA,NA,NA,NA,NA,NA,NA,NA,NA,"Y",NA,"N",NA,"ARFR4-SOS-WY040-71-10","#66C2A5",-109.2433156,41.13271889,"5 - 10 Deg. F. / 3 - 6","","5 - 10 Deg. F.","6-Mar","5 - 10 Deg. F. / 3 - 6","5 - 10 / semi-humid","WY.1","#a5c2f1","semi-humid, cold","#66C2A5","I"
"ARFR-AZ930-422-NAVAJO-18","white",2,211,8,46,NA,430,NA,4.8,1,NA,NA,9.8,1,NA,2,1,NA,2,1,NA,2,47.6,1,NA,2,1,NA,3,1,NA,3,1,3,1,NA,3,1,NA,NA,NA,NA,NA,NA,NA,NA,NA,"Y",NA,"N",NA,"ARFR4-SOS-AZ930-422-NAVAJO-18","#D53E4F",-110.431,36.56805,"15 - 20 Deg. F. / 6 - 12","Lats corrected 20230127","15 - 20 Deg. F.","12-Jun","15 - 20 Deg. F. / 6 - 12","15 - 20 / semi-arid","AZ.2","#ee5c42","semi-arid, warm","#D53E4F","B"
"ARFR-CO932-316-JEFFERSON-12","white",2,212,8,47,NA,431,NA,5.4,1,NA,NA,7.8,1,NA,2,1,NA,2,1,NA,2,20.5,1,NA,2,1,NA,3,1,NA,3,1,3,1,NA,3,1,NA,NA,NA,NA,NA,NA,NA,NA,NA,"Y",NA,"N",NA,"ARFR4-SOS-CO932-316-JEFFERSON-12","#FFFF85",-105.358,39.66325,"15 - 20 Deg. F. / 3 - 6","","15 - 20 Deg. F.","6-Mar","15 - 20 Deg. F. / 3 - 6","15 - 20 / semi-humid","CO.3","#698b69","semi-humid, warm","#FFFF85","F"
"ARFR-NM930N-66-11","white",2,213,8,48,NA,432,NA,8.9,1,NA,NA,17.1,1,NA,2,1,NA,2,1,NA,2,55.8,1,NA,2,1,NA,3,1,NA,3,1,3,1,NA,3,1,NA,NA,NA,NA,NA,NA,NA,NA,NA,"Y",NA,"N",NA,"ARFR4-SOS-NM930N-66-11","#F46D43",-107.2045028,36.76818611,"10 - 15 Deg. F. / 3 - 6","","10 - 15 Deg. F.","6-Mar","10 - 15 Deg. F. / 3 - 6","10 - 15 / semi-humid","NM.1","#66e566","semi-humid, cool","#F46D43","C"
"ARFR-CO932-314-JEFFERSON-12","white",2,214,8,49,NA,433,NA,5,1,NA,NA,11.7,1,NA,2,1,NA,2,1,NA,2,36.4,1,NA,2,1,NA,3,1,NA,3,1,3,1,NA,3,1,NA,NA,NA,NA,NA,NA,NA,NA,NA,"Y",NA,"N",NA,"ARFR4-SOS-CO932-314-JEFFERSON-12","#FEE08B",-105.3553333,39.40902778,"10 - 15 Deg. F. / 3 - 6","","10 - 15 Deg. F.","6-Mar","10 - 15 Deg. F. / 3 - 6","10 - 15 / semi-humid","CO.2","#66e566","semi-humid, cool","#FEE08B","E"
"ARFR-WY050-49-FREMONT-12","white",2,215,8,50,187,434,NA,3.5,1,NA,NA,6.7,1,NA,2,1,NA,2,1,NA,2,20.7,1,NA,2,1,NA,3,1,NA,3,1,3,1,NA,3,1,NA,NA,NA,NA,NA,NA,NA,NA,NA,"Y",NA,"N",NA,"ARFR4-SOS-WY050-49-FREMONT-12","#5E4FA2",-109.34775,43.42663611,"5 - 10 Deg. F. / 6 - 12","","5 - 10 Deg. F.","12-Jun","5 - 10 Deg. F. / 6 - 12","5 - 10 / semi-arid","WY.3","#ffb90f","semi-arid, cold","#5E4FA2","K"
"ARFR-NM930N-66-11","white",2,216,8,51,NA,435,NA,7.4,1,NA,NA,9.9,1,NA,2,1,NA,2,1,NA,2,35.4,1,NA,2,1,NA,3,1,NA,3,1,3,1,NA,3,1,NA,NA,NA,NA,NA,NA,NA,NA,NA,"Y",NA,"N",NA,"ARFR4-SOS-NM930N-66-11","#F46D43",-107.2045028,36.76818611,"10 - 15 Deg. F. / 3 - 6","","10 - 15 Deg. F.","6-Mar","10 - 15 Deg. F. / 3 - 6","10 - 15 / semi-humid","NM.1","#66e566","semi-humid, cool","#F46D43","C"
"ARFR-CO932-294-11","white",2,217,8,52,NA,436,NA,4.9,1,NA,NA,7.3,1,NA,2,1,NA,2,1,NA,2,14.2,1,NA,2,1,NA,2,1,NA,3,1,3,1,NA,3,1,NA,NA,NA,NA,NA,NA,NA,NA,NA,"Y",NA,"Y",NA,"ARFR4-SOS-CO932-294-11","#ABDDA4",-105.2030833,39.78458333,"15 - 20 Deg. F. / 3 - 6","","15 - 20 Deg. F.","6-Mar","15 - 20 Deg. F. / 3 - 6","15 - 20 / semi-humid","CO.4","#698b69","semi-humid, warm","#ABDDA4","H"
"ARFR-NM930N-66-11","white",2,218,8,53,NA,437,NA,9.6,1,NA,NA,13.9,1,NA,2,1,NA,2,1,NA,2,54.5,1,NA,2,1,NA,3,1,NA,3,1,3,1,NA,3,1,NA,NA,NA,NA,NA,NA,NA,NA,NA,"Y",NA,"N",NA,"ARFR4-SOS-NM930N-66-11","#F46D43",-107.2045028,36.76818611,"10 - 15 Deg. F. / 3 - 6","","10 - 15 Deg. F.","6-Mar","10 - 15 Deg. F. / 3 - 6","10 - 15 / semi-humid","NM.1","#66e566","semi-humid, cool","#F46D43","C"
"ARFR-AZ930-422-NAVAJO-18","white",2,219,8,54,NA,438,NA,4.2,1,NA,NA,11,1,NA,2,1,NA,2,1,NA,2,50,1,NA,2,1,NA,3,1,NA,3,1,3,1,NA,3,1,NA,NA,NA,NA,NA,NA,NA,NA,NA,"Y",NA,"N",NA,"ARFR4-SOS-AZ930-422-NAVAJO-18","#D53E4F",-110.431,36.56805,"15 - 20 Deg. F. / 6 - 12","Lats corrected 20230127","15 - 20 Deg. F.","12-Jun","15 - 20 Deg. F. / 6 - 12","15 - 20 / semi-arid","AZ.2","#ee5c42","semi-arid, warm","#D53E4F","B"
"ARFR-AZ930-423-NAVAJO-18","black",3,1,9,1,189,439,NA,6.5,1,NA,NA,16.6,1,NA,2,1,NA,2,1,NA,2,29.1,1,NA,2,1,NA,3,1,NA,3,1,3,1,NA,3,1,NA,NA,NA,NA,NA,NA,NA,NA,NA,"Y",NA,"Y",NA,"ARFR4-SOS-AZ930-423-NAVAJO-18","#9E0142",-110.431,36.45877,"15 - 20 Deg. F. / 6 - 12","SdZones downloaded 20230823","15 - 20 Deg. F.","12-Jun","15 - 20 Deg. F. / 6 - 12","15 - 20 / semi-arid","AZ.1","#ee5c42","semi-arid, warm","#9E0142","A"
"ARFR-CO932-294-11","black",3,2,9,2,NA,440,NA,5.3,1,NA,NA,8.9,1,NA,2,1,NA,2,1,NA,2,17.9,1,NA,2,1,NA,3,1,NA,3,1,3,1,NA,3,1,NA,NA,NA,NA,NA,NA,NA,NA,NA,"Y",NA,"N",NA,"ARFR4-SOS-CO932-294-11","#ABDDA4",-105.2030833,39.78458333,"15 - 20 Deg. F. / 3 - 6","","15 - 20 Deg. F.","6-Mar","15 - 20 Deg. F. / 3 - 6","15 - 20 / semi-humid","CO.4","#698b69","semi-humid, warm","#ABDDA4","H"
"ARFR-UT080-109-UINTAH-12","black",3,3,9,3,NA,441,NA,4.4,1,NA,NA,11.9,1,NA,2,1,NA,2,1,NA,2,42.1,1,NA,2,1,NA,3,1,NA,3,1,3,1,NA,3,1,NA,"Yes",NA,44.56,NA,"L",12.582,8.18,1.666,"Y","weighed w o bag","N",NA,"ARFR4-SOS-UT080-109-UINTAH-12","#aabe7f",-109.1426444,39.70802222,"10 - 15 Deg. F. / 3 - 6","","10 - 15 Deg. F.","6-Mar","10 - 15 Deg. F. / 3 - 6","10 - 15 / semi-humid","UT.1","#66e566","semi-humid, cool","#aabe7f","G"
"ARFR-AZ930-422-NAVAJO-18","black",3,4,9,4,NA,442,NA,6.6,1,NA,NA,17.7,1,NA,2,1,NA,2,1,NA,2,53.9,1,NA,2,1,NA,3,1,NA,3,1,3,1,NA,3,1,NA,NA,NA,NA,NA,NA,NA,NA,NA,"Y",NA,"N",NA,"ARFR4-SOS-AZ930-422-NAVAJO-18","#D53E4F",-110.431,36.56805,"15 - 20 Deg. F. / 6 - 12","Lats corrected 20230127","15 - 20 Deg. F.","12-Jun","15 - 20 Deg. F. / 6 - 12","15 - 20 / semi-arid","AZ.2","#ee5c42","semi-arid, warm","#D53E4F","B"
"ARFR-UT080-109-UINTAH-12","black",3,5,9,5,190,443,NA,5.7,1,NA,NA,14.3,1,NA,2,1,NA,2,1,NA,2,46.7,1,NA,2,1,NA,3,1,NA,3,1,3,1,NA,3,1,NA,NA,NA,NA,NA,NA,NA,NA,NA,"Y",NA,"N",NA,"ARFR4-SOS-UT080-109-UINTAH-12","#aabe7f",-109.1426444,39.70802222,"10 - 15 Deg. F. / 3 - 6","","10 - 15 Deg. F.","6-Mar","10 - 15 Deg. F. / 3 - 6","10 - 15 / semi-humid","UT.1","#66e566","semi-humid, cool","#aabe7f","G"
"ARFR-AZ930-423-NAVAJO-18","black",3,6,9,6,NA,444,NA,4.6,1,NA,NA,13.5,1,NA,2,1,NA,2,1,NA,2,42.2,1,NA,2,1,NA,3,1,NA,3,1,3,1,NA,3,1,NA,NA,NA,NA,NA,NA,NA,NA,NA,"Y",NA,"N",NA,"ARFR4-SOS-AZ930-423-NAVAJO-18","#9E0142",-110.431,36.45877,"15 - 20 Deg. F. / 6 - 12","SdZones downloaded 20230823","15 - 20 Deg. F.","12-Jun","15 - 20 Deg. F. / 6 - 12","15 - 20 / semi-arid","AZ.1","#ee5c42","semi-arid, warm","#9E0142","A"
"ARFR-AZ930-422-NAVAJO-18","black",3,7,9,7,NA,445,NA,6,1,NA,NA,18.3,1,NA,2,1,NA,2,1,NA,2,50.6,1,NA,2,1,NA,3,1,NA,3,1,3,1,NA,3,1,NA,NA,NA,NA,NA,NA,NA,NA,NA,"Y",NA,"N",NA,"ARFR4-SOS-AZ930-422-NAVAJO-18","#D53E4F",-110.431,36.56805,"15 - 20 Deg. F. / 6 - 12","Lats corrected 20230127","15 - 20 Deg. F.","12-Jun","15 - 20 Deg. F. / 6 - 12","15 - 20 / semi-arid","AZ.2","#ee5c42","semi-arid, warm","#D53E4F","B"
"ARFR-WY040-71-10","black",3,8,9,8,NA,446,NA,1.5,1,NA,NA,4.6,1,NA,2,1,NA,2,1,NA,2,5.8,1,NA,2,1,NA,2,1,NA,2,1,2,1,NA,2,1,NA,NA,NA,NA,NA,NA,NA,NA,NA,"N",NA,"N",NA,"ARFR4-SOS-WY040-71-10","#66C2A5",-109.2433156,41.13271889,"5 - 10 Deg. F. / 3 - 6","","5 - 10 Deg. F.","6-Mar","5 - 10 Deg. F. / 3 - 6","5 - 10 / semi-humid","WY.1","#a5c2f1","semi-humid, cold","#66C2A5","I"
"ARFR-AZ930-422-NAVAJO-18","black",3,9,9,9,NA,447,NA,6,1,NA,NA,15.1,1,NA,2,1,NA,2,1,NA,2,47,1,NA,2,1,NA,3,1,NA,3,1,3,1,NA,3,1,NA,NA,NA,NA,NA,NA,NA,NA,NA,"Y",NA,"N",NA,"ARFR4-SOS-AZ930-422-NAVAJO-18","#D53E4F",-110.431,36.56805,"15 - 20 Deg. F. / 6 - 12","Lats corrected 20230127","15 - 20 Deg. F.","12-Jun","15 - 20 Deg. F. / 6 - 12","15 - 20 / semi-arid","AZ.2","#ee5c42","semi-arid, warm","#D53E4F","B"
"ARFR-WY040-71-10","black",3,10,9,10,191,448,NA,4.5,1,NA,NA,9.9,1,NA,2,1,NA,2,1,NA,2,19,1,NA,2,1,NA,3,1,NA,3,1,3,1,NA,3,1,NA,NA,NA,NA,NA,NA,NA,NA,NA,"Y",NA,"N",NA,"ARFR4-SOS-WY040-71-10","#66C2A5",-109.2433156,41.13271889,"5 - 10 Deg. F. / 3 - 6","","5 - 10 Deg. F.","6-Mar","5 - 10 Deg. F. / 3 - 6","5 - 10 / semi-humid","WY.1","#a5c2f1","semi-humid, cold","#66C2A5","I"
"ARFR-UT080-109-UINTAH-12","black",3,11,9,11,NA,449,NA,7.4,1,NA,NA,15.4,1,NA,2,1,NA,2,1,NA,2,43,1,NA,2,1,NA,3,1,NA,3,1,3,1,NA,3,1,NA,NA,NA,NA,NA,NA,NA,NA,NA,"Y",NA,"N",NA,"ARFR4-SOS-UT080-109-UINTAH-12","#aabe7f",-109.1426444,39.70802222,"10 - 15 Deg. F. / 3 - 6","","10 - 15 Deg. F.","6-Mar","10 - 15 Deg. F. / 3 - 6","10 - 15 / semi-humid","UT.1","#66e566","semi-humid, cool","#aabe7f","G"
"ARFR-WY040-71-10","black",3,12,9,12,NA,450,NA,5.4,1,NA,NA,9.7,1,NA,2,1,NA,2,1,NA,2,16.9,1,NA,2,1,NA,2,1,NA,2,1,2,1,NA,2,1,NA,NA,NA,NA,NA,NA,NA,NA,NA,"Y",NA,"N",NA,"ARFR4-SOS-WY040-71-10","#66C2A5",-109.2433156,41.13271889,"5 - 10 Deg. F. / 3 - 6","","5 - 10 Deg. F.","6-Mar","5 - 10 Deg. F. / 3 - 6","5 - 10 / semi-humid","WY.1","#a5c2f1","semi-humid, cold","#66C2A5","I"
"ARFR-UT080-109-UINTAH-12","black",3,13,9,13,NA,451,NA,5.4,1,NA,NA,13.3,1,NA,2,1,NA,2,1,NA,2,49.1,1,NA,2,1,NA,3,1,NA,3,1,3,1,NA,3,1,NA,"Yes",NA,154.93,NA,"L",122.952,59.31,52.35,"Y",NA,"N",NA,"ARFR4-SOS-UT080-109-UINTAH-12","#aabe7f",-109.1426444,39.70802222,"10 - 15 Deg. F. / 3 - 6","","10 - 15 Deg. F.","6-Mar","10 - 15 Deg. F. / 3 - 6","10 - 15 / semi-humid","UT.1","#66e566","semi-humid, cool","#aabe7f","G"
"ARFR-AZ930-423-NAVAJO-18","black",3,14,9,14,NA,452,NA,4.5,1,NA,NA,14.9,1,NA,2,1,NA,2,1,NA,2,55,1,NA,3,1,NA,3,1,NA,3,1,3,1,NA,3,1,NA,NA,NA,NA,NA,NA,NA,NA,NA,"Y",NA,"N",NA,"ARFR4-SOS-AZ930-423-NAVAJO-18","#9E0142",-110.431,36.45877,"15 - 20 Deg. F. / 6 - 12","SdZones downloaded 20230823","15 - 20 Deg. F.","12-Jun","15 - 20 Deg. F. / 6 - 12","15 - 20 / semi-arid","AZ.1","#ee5c42","semi-arid, warm","#9E0142","A"
"ARFR-WY930-44-LASANIMAS-13","black",3,15,9,15,192,453,NA,4.6,1,NA,NA,9.6,1,NA,2,1,NA,2,1,NA,2,26.6,1,NA,2,1,NA,3,1,NA,3,1,3,1,NA,3,1,NA,NA,NA,NA,NA,NA,NA,NA,NA,"Y",NA,"N",NA,"ARFR4-SOS-WY930-44-LASANIMAS-13","#FDAE61",-104.6423889,37.16547222,"15 - 20 Deg. F. / 3 - 6","","15 - 20 Deg. F.","6-Mar","15 - 20 Deg. F. / 3 - 6","15 - 20 / semi-humid","CO.1","#698b69","semi-humid, warm","#FDAE61","D"
"ARFR-UT080-109-UINTAH-12","black",3,16,9,16,NA,454,NA,5,1,NA,NA,10,1,NA,2,1,NA,2,1,NA,2,31.7,1,NA,2,1,NA,3,1,NA,3,1,3,1,NA,3,1,NA,NA,NA,NA,NA,NA,NA,NA,NA,"Y",NA,"N",NA,"ARFR4-SOS-UT080-109-UINTAH-12","#aabe7f",-109.1426444,39.70802222,"10 - 15 Deg. F. / 3 - 6","","10 - 15 Deg. F.","6-Mar","10 - 15 Deg. F. / 3 - 6","10 - 15 / semi-humid","UT.1","#66e566","semi-humid, cool","#aabe7f","G"
"ARFR-WY040-71-10","black",3,17,9,17,NA,455,NA,3.4,1,NA,NA,7.5,1,NA,2,1,NA,2,1,NA,2,15.5,1,NA,2,1,NA,2,1,NA,3,1,3,1,NA,3,1,NA,NA,NA,NA,NA,NA,NA,NA,NA,"Y",NA,"N",NA,"ARFR4-SOS-WY040-71-10","#66C2A5",-109.2433156,41.13271889,"5 - 10 Deg. F. / 3 - 6","","5 - 10 Deg. F.","6-Mar","5 - 10 Deg. F. / 3 - 6","5 - 10 / semi-humid","WY.1","#a5c2f1","semi-humid, cold","#66C2A5","I"
"ARFR-CO932-294-11","black",3,18,9,18,NA,456,NA,5,1,NA,NA,7.8,1,NA,2,1,NA,2,1,NA,2,14,1,NA,2,1,NA,3,1,NA,3,1,3,1,NA,3,1,NA,NA,NA,NA,NA,NA,NA,NA,NA,"Y",NA,"N",NA,"ARFR4-SOS-CO932-294-11","#ABDDA4",-105.2030833,39.78458333,"15 - 20 Deg. F. / 3 - 6","","15 - 20 Deg. F.","6-Mar","15 - 20 Deg. F. / 3 - 6","15 - 20 / semi-humid","CO.4","#698b69","semi-humid, warm","#ABDDA4","H"
"ARFR-CO932-294-11","black",3,19,9,19,NA,457,NA,5.5,1,NA,NA,9.4,1,NA,2,1,NA,2,1,NA,2,17.9,1,NA,2,1,NA,2,1,NA,3,1,3,1,NA,3,1,NA,NA,NA,NA,NA,NA,NA,NA,NA,"Y",NA,"N",NA,"ARFR4-SOS-CO932-294-11","#ABDDA4",-105.2030833,39.78458333,"15 - 20 Deg. F. / 3 - 6","","15 - 20 Deg. F.","6-Mar","15 - 20 Deg. F. / 3 - 6","15 - 20 / semi-humid","CO.4","#698b69","semi-humid, warm","#ABDDA4","H"
"ARFR-UT080-109-UINTAH-12","black",3,20,9,20,193,458,NA,4.9,1,NA,NA,12.5,1,NA,2,1,NA,2,1,NA,2,36.4,1,NA,2,1,NA,3,1,NA,3,1,3,1,NA,3,1,NA,NA,NA,NA,NA,NA,NA,NA,NA,"Y",NA,"N",NA,"ARFR4-SOS-UT080-109-UINTAH-12","#aabe7f",-109.1426444,39.70802222,"10 - 15 Deg. F. / 3 - 6","","10 - 15 Deg. F.","6-Mar","10 - 15 Deg. F. / 3 - 6","10 - 15 / semi-humid","UT.1","#66e566","semi-humid, cool","#aabe7f","G"
"ARFR-CO932-316-JEFFERSON-12","black",3,21,9,21,NA,459,NA,3,1,NA,NA,10.6,1,NA,2,1,NA,2,1,NA,2,28.5,1,NA,2,1,NA,3,1,NA,3,1,3,1,NA,3,1,NA,NA,NA,NA,NA,NA,NA,NA,NA,"Y",NA,"Y",NA,"ARFR4-SOS-CO932-316-JEFFERSON-12","#FFFF85",-105.358,39.66325,"15 - 20 Deg. F. / 3 - 6","","15 - 20 Deg. F.","6-Mar","15 - 20 Deg. F. / 3 - 6","15 - 20 / semi-humid","CO.3","#698b69","semi-humid, warm","#FFFF85","F"
"ARFR-NM930N-66-11","black",3,22,9,22,NA,460,NA,6.6,1,NA,NA,15.7,1,NA,2,1,NA,2,1,NA,2,52.8,1,NA,2,1,NA,3,1,NA,3,1,3,1,NA,3,1,NA,NA,NA,NA,NA,NA,NA,NA,NA,"Y",NA,"N",NA,"ARFR4-SOS-NM930N-66-11","#F46D43",-107.2045028,36.76818611,"10 - 15 Deg. F. / 3 - 6","","10 - 15 Deg. F.","6-Mar","10 - 15 Deg. F. / 3 - 6","10 - 15 / semi-humid","NM.1","#66e566","semi-humid, cool","#F46D43","C"
"ARFR-AZ930-423-NAVAJO-18","black",3,23,9,23,NA,461,NA,8.2,1,NA,NA,17.8,1,NA,2,1,NA,2,1,NA,2,54.9,1,NA,2,1,NA,3,1,NA,3,1,3,1,NA,3,1,NA,NA,NA,NA,NA,NA,NA,NA,NA,"Y",NA,"N",NA,"ARFR4-SOS-AZ930-423-NAVAJO-18","#9E0142",-110.431,36.45877,"15 - 20 Deg. F. / 6 - 12","SdZones downloaded 20230823","15 - 20 Deg. F.","12-Jun","15 - 20 Deg. F. / 6 - 12","15 - 20 / semi-arid","AZ.1","#ee5c42","semi-arid, warm","#9E0142","A"
"ARFR-CO932-294-11","black",3,24,9,24,NA,462,NA,6.3,1,NA,NA,9.9,1,NA,2,1,NA,2,1,NA,2,17.1,1,NA,2,1,NA,2,1,NA,3,1,3,1,NA,3,1,NA,"Yes",NA,81.14,NA,"L",49.162,12.94,5.63,"Y","weighed w o bag","N",NA,"ARFR4-SOS-CO932-294-11","#ABDDA4",-105.2030833,39.78458333,"15 - 20 Deg. F. / 3 - 6","","15 - 20 Deg. F.","6-Mar","15 - 20 Deg. F. / 3 - 6","15 - 20 / semi-humid","CO.4","#698b69","semi-humid, warm","#ABDDA4","H"
"ARFR-AZ930-422-NAVAJO-18","black",3,25,9,25,194,463,NA,4.7,1,NA,NA,14.7,1,NA,2,1,NA,2,1,NA,2,52,1,NA,2,1,NA,3,1,NA,3,1,3,1,NA,3,1,NA,NA,NA,NA,NA,NA,NA,NA,NA,"Y",NA,"N",NA,"ARFR4-SOS-AZ930-422-NAVAJO-18","#D53E4F",-110.431,36.56805,"15 - 20 Deg. F. / 6 - 12","Lats corrected 20230127","15 - 20 Deg. F.","12-Jun","15 - 20 Deg. F. / 6 - 12","15 - 20 / semi-arid","AZ.2","#ee5c42","semi-arid, warm","#D53E4F","B"
"ARFR-WY930-44-LASANIMAS-13","black",3,26,9,26,NA,464,NA,4.3,1,NA,NA,10.7,1,NA,2,1,NA,2,1,NA,2,19.9,1,NA,2,1,NA,2,1,NA,3,1,3,1,NA,3,1,NA,NA,NA,NA,NA,NA,NA,NA,NA,"Y",NA,"N",NA,"ARFR4-SOS-WY930-44-LASANIMAS-13","#FDAE61",-104.6423889,37.16547222,"15 - 20 Deg. F. / 3 - 6","","15 - 20 Deg. F.","6-Mar","15 - 20 Deg. F. / 3 - 6","15 - 20 / semi-humid","CO.1","#698b69","semi-humid, warm","#FDAE61","D"
"ARFR-AZ930-422-NAVAJO-18","black",3,27,9,27,NA,465,NA,5.4,1,NA,NA,12.6,1,NA,2,1,NA,2,1,NA,2,43.7,1,NA,2,1,NA,3,1,NA,3,1,3,1,NA,3,1,NA,NA,NA,NA,NA,NA,NA,NA,NA,"Y",NA,"N",NA,"ARFR4-SOS-AZ930-422-NAVAJO-18","#D53E4F",-110.431,36.56805,"15 - 20 Deg. F. / 6 - 12","Lats corrected 20230127","15 - 20 Deg. F.","12-Jun","15 - 20 Deg. F. / 6 - 12","15 - 20 / semi-arid","AZ.2","#ee5c42","semi-arid, warm","#D53E4F","B"
"ARFR-WY050-151-FREMONT-16","black",3,28,9,28,NA,466,NA,6.3,1,NA,NA,8.6,1,NA,2,1,NA,2,1,NA,2,13.1,1,NA,2,1,NA,3,1,NA,3,1,3,1,NA,3,1,NA,"Yes",NA,61.49,NA,"L",29.512,7.15,0.19,"Y",NA,"N",NA,"ARFR4-SOS-WY050-151-FREMONT-16","#3288BD",-108.1704472,42.47886111,"10 - 15 Deg. F. / 6 - 12","","10 - 15 Deg. F.","12-Jun","10 - 15 Deg. F. / 6 - 12","10 - 15 / semi-arid","WY.2","#cd8500","semi-arid, cool","#3288BD","J"
"ARFR-WY930-44-LASANIMAS-13","black",3,29,9,29,NA,467,NA,4.9,1,NA,NA,10.7,1,NA,2,1,NA,2,1,NA,2,45.1,1,NA,2,1,NA,3,1,NA,3,1,3,1,NA,3,1,NA,NA,NA,NA,NA,NA,NA,NA,NA,"Y",NA,"N",NA,"ARFR4-SOS-WY930-44-LASANIMAS-13","#FDAE61",-104.6423889,37.16547222,"15 - 20 Deg. F. / 3 - 6","","15 - 20 Deg. F.","6-Mar","15 - 20 Deg. F. / 3 - 6","15 - 20 / semi-humid","CO.1","#698b69","semi-humid, warm","#FDAE61","D"
"ARFR-CO932-314-JEFFERSON-12","black",3,30,9,30,195,468,NA,4.6,1,NA,NA,9.7,1,NA,2,1,NA,2,1,NA,2,41.5,1,NA,2,1,NA,3,1,NA,3,1,3,1,NA,3,1,NA,NA,NA,NA,NA,NA,NA,NA,NA,"Y",NA,"N",NA,"ARFR4-SOS-CO932-314-JEFFERSON-12","#FEE08B",-105.3553333,39.40902778,"10 - 15 Deg. F. / 3 - 6","","10 - 15 Deg. F.","6-Mar","10 - 15 Deg. F. / 3 - 6","10 - 15 / semi-humid","CO.2","#66e566","semi-humid, cool","#FEE08B","E"
"ARFR-WY040-71-10","black",3,31,9,31,NA,469,NA,4.3,1,NA,NA,9.9,1,"Swapped during planting. WY-71 is now plant 31",2,1,NA,2,1,NA,2,15.6,1,NA,2,1,NA,2,1,NA,2,1,2,1,NA,2,1,NA,NA,NA,NA,NA,NA,NA,NA,NA,"Y",NA,"N",NA,"ARFR4-SOS-WY040-71-10","#66C2A5",-109.2433156,41.13271889,"5 - 10 Deg. F. / 3 - 6","","5 - 10 Deg. F.","6-Mar","5 - 10 Deg. F. / 3 - 6","5 - 10 / semi-humid","WY.1","#a5c2f1","semi-humid, cold","#66C2A5","I"
"ARFR-AZ930-423-NAVAJO-18","black",3,32,9,32,NA,470,NA,6.9,1,NA,NA,16.3,1,NA,2,1,NA,2,1,NA,2,48.8,1,NA,2,1,NA,3,1,NA,3,1,3,1,NA,3,1,NA,"Yes",NA,107.74,NA,"L",75.762,39.37,32.41,"Y",NA,"N",NA,"ARFR4-SOS-AZ930-423-NAVAJO-18","#9E0142",-110.431,36.45877,"15 - 20 Deg. F. / 6 - 12","SdZones downloaded 20230823","15 - 20 Deg. F.","12-Jun","15 - 20 Deg. F. / 6 - 12","15 - 20 / semi-arid","AZ.1","#ee5c42","semi-arid, warm","#9E0142","A"
"ARFR-AZ930-423-NAVAJO-18","black",3,33,9,33,NA,471,NA,6.5,1,NA,NA,15.4,1,"Swapped during planting. 423-Navajo is now plant 33",2,1,NA,2,1,NA,2,49.2,1,NA,2,1,NA,3,1,NA,3,1,3,1,NA,3,1,NA,NA,NA,NA,NA,NA,NA,NA,NA,"Y",NA,"N",NA,"ARFR4-SOS-AZ930-423-NAVAJO-18","#9E0142",-110.431,36.45877,"15 - 20 Deg. F. / 6 - 12","SdZones downloaded 20230823","15 - 20 Deg. F.","12-Jun","15 - 20 Deg. F. / 6 - 12","15 - 20 / semi-arid","AZ.1","#ee5c42","semi-arid, warm","#9E0142","A"
"ARFR-CO932-314-JEFFERSON-12","black",3,34,9,34,NA,472,NA,5.4,1,NA,NA,9.1,1,NA,2,1,NA,2,1,NA,2,32.2,1,NA,2,1,NA,3,1,NA,3,1,3,1,NA,3,1,NA,NA,NA,NA,NA,NA,NA,NA,NA,"Y",NA,"N",NA,"ARFR4-SOS-CO932-314-JEFFERSON-12","#FEE08B",-105.3553333,39.40902778,"10 - 15 Deg. F. / 3 - 6","","10 - 15 Deg. F.","6-Mar","10 - 15 Deg. F. / 3 - 6","10 - 15 / semi-humid","CO.2","#66e566","semi-humid, cool","#FEE08B","E"
"ARFR-WY930-44-LASANIMAS-13","black",3,35,9,35,196,473,NA,6.6,1,NA,NA,13,1,NA,2,1,NA,2,1,NA,2,27.6,1,NA,2,1,NA,2,1,NA,3,1,3,1,NA,3,1,NA,"Yes",NA,226.161156,NA,"L",194.183156,97.34,90.38,"Y",NA,"N",NA,"ARFR4-SOS-WY930-44-LASANIMAS-13","#FDAE61",-104.6423889,37.16547222,"15 - 20 Deg. F. / 3 - 6","","15 - 20 Deg. F.","6-Mar","15 - 20 Deg. F. / 3 - 6","15 - 20 / semi-humid","CO.1","#698b69","semi-humid, warm","#FDAE61","D"
"ARFR-NM930N-66-11","black",3,36,9,36,NA,474,NA,6.8,1,NA,NA,19.1,1,NA,2,1,NA,2,1,NA,2,39.5,1,NA,2,1,NA,3,1,NA,3,1,3,1,NA,3,1,NA,NA,NA,NA,NA,NA,NA,NA,NA,"Y",NA,"N",NA,"ARFR4-SOS-NM930N-66-11","#F46D43",-107.2045028,36.76818611,"10 - 15 Deg. F. / 3 - 6","","10 - 15 Deg. F.","6-Mar","10 - 15 Deg. F. / 3 - 6","10 - 15 / semi-humid","NM.1","#66e566","semi-humid, cool","#F46D43","C"
"ARFR-CO932-314-JEFFERSON-12","black",3,37,9,37,NA,475,NA,3.2,1,NA,NA,7.9,1,NA,2,1,NA,2,1,NA,2,15.4,1,NA,2,1,NA,2,1,NA,3,1,3,1,NA,3,1,NA,NA,NA,NA,NA,NA,NA,NA,NA,"Y",NA,"N",NA,"ARFR4-SOS-CO932-314-JEFFERSON-12","#FEE08B",-105.3553333,39.40902778,"10 - 15 Deg. F. / 3 - 6","","10 - 15 Deg. F.","6-Mar","10 - 15 Deg. F. / 3 - 6","10 - 15 / semi-humid","CO.2","#66e566","semi-humid, cool","#FEE08B","E"
"ARFR-NM930N-66-11","black",3,38,9,38,NA,476,NA,8.5,1,NA,NA,19.6,1,NA,2,1,NA,2,1,NA,2,52.2,1,NA,2,1,NA,3,1,NA,3,1,3,1,NA,3,1,NA,NA,NA,NA,NA,NA,NA,NA,NA,"Y",NA,"N",NA,"ARFR4-SOS-NM930N-66-11","#F46D43",-107.2045028,36.76818611,"10 - 15 Deg. F. / 3 - 6","","10 - 15 Deg. F.","6-Mar","10 - 15 Deg. F. / 3 - 6","10 - 15 / semi-humid","NM.1","#66e566","semi-humid, cool","#F46D43","C"
"ARFR-WY050-49-FREMONT-12","black",3,39,9,39,NA,477,NA,4.3,1,NA,NA,9.1,1,NA,2,1,NA,2,1,NA,2,14.5,1,NA,2,1,NA,2,1,NA,2,1,2,1,NA,2,1,NA,NA,NA,NA,NA,NA,NA,NA,NA,"Y",NA,"N",NA,"ARFR4-SOS-WY050-49-FREMONT-12","#5E4FA2",-109.34775,43.42663611,"5 - 10 Deg. F. / 6 - 12","","5 - 10 Deg. F.","12-Jun","5 - 10 Deg. F. / 6 - 12","5 - 10 / semi-arid","WY.3","#ffb90f","semi-arid, cold","#5E4FA2","K"
"ARFR-WY050-151-FREMONT-16","black",3,40,9,40,197,478,NA,6.4,1,NA,NA,8.8,1,NA,2,1,NA,2,1,NA,2,16.7,1,NA,2,1,NA,3,1,NA,3,1,3,1,NA,3,1,NA,NA,NA,NA,NA,NA,NA,NA,NA,"Y",NA,"N",NA,"ARFR4-SOS-WY050-151-FREMONT-16","#3288BD",-108.1704472,42.47886111,"10 - 15 Deg. F. / 6 - 12","","10 - 15 Deg. F.","12-Jun","10 - 15 Deg. F. / 6 - 12","10 - 15 / semi-arid","WY.2","#cd8500","semi-arid, cool","#3288BD","J"
"ARFR-CO932-316-JEFFERSON-12","black",3,41,9,41,NA,479,NA,3.6,1,NA,NA,7.2,1,NA,2,1,NA,2,1,NA,2,18.2,1,NA,2,1,NA,3,1,NA,3,1,3,1,NA,3,1,NA,NA,NA,NA,NA,NA,NA,NA,NA,"Y",NA,"N",NA,"ARFR4-SOS-CO932-316-JEFFERSON-12","#FFFF85",-105.358,39.66325,"15 - 20 Deg. F. / 3 - 6","","15 - 20 Deg. F.","6-Mar","15 - 20 Deg. F. / 3 - 6","15 - 20 / semi-humid","CO.3","#698b69","semi-humid, warm","#FFFF85","F"
"ARFR-CO932-294-11","black",3,42,9,42,NA,480,NA,5.3,1,NA,NA,10.6,1,NA,2,1,NA,2,1,NA,2,28.6,1,NA,2,1,NA,2,1,NA,3,1,3,1,NA,3,1,NA,"Yes",NA,132.05,NA,"L",100.072,61.89,54.93,"Y",NA,"N",NA,"ARFR4-SOS-CO932-294-11","#ABDDA4",-105.2030833,39.78458333,"15 - 20 Deg. F. / 3 - 6","","15 - 20 Deg. F.","6-Mar","15 - 20 Deg. F. / 3 - 6","15 - 20 / semi-humid","CO.4","#698b69","semi-humid, warm","#ABDDA4","H"
"ARFR-WY930-44-LASANIMAS-13","black",3,43,9,43,NA,481,NA,8,1,NA,NA,12.4,1,NA,2,1,NA,2,1,NA,2,40,1,NA,2,1,NA,2,1,NA,3,1,3,1,NA,3,1,NA,NA,NA,NA,NA,NA,NA,NA,NA,"Y",NA,"N",NA,"ARFR4-SOS-WY930-44-LASANIMAS-13","#FDAE61",-104.6423889,37.16547222,"15 - 20 Deg. F. / 3 - 6","","15 - 20 Deg. F.","6-Mar","15 - 20 Deg. F. / 3 - 6","15 - 20 / semi-humid","CO.1","#698b69","semi-humid, warm","#FDAE61","D"
"ARFR-AZ930-423-NAVAJO-18","black",3,44,9,44,NA,482,NA,5.7,1,NA,NA,13.6,1,NA,2,1,NA,2,1,NA,2,47.1,1,NA,2,1,NA,3,1,NA,3,1,3,1,NA,3,1,NA,NA,NA,NA,NA,NA,NA,NA,NA,"Y",NA,"N",NA,"ARFR4-SOS-AZ930-423-NAVAJO-18","#9E0142",-110.431,36.45877,"15 - 20 Deg. F. / 6 - 12","SdZones downloaded 20230823","15 - 20 Deg. F.","12-Jun","15 - 20 Deg. F. / 6 - 12","15 - 20 / semi-arid","AZ.1","#ee5c42","semi-arid, warm","#9E0142","A"
"ARFR-CO932-316-JEFFERSON-12","black",3,45,9,45,198,483,NA,5.4,1,NA,NA,13.3,1,NA,2,1,NA,2,1,NA,2,40.6,1,NA,2,1,NA,3,1,NA,3,1,3,1,NA,3,1,NA,NA,NA,NA,NA,NA,NA,NA,NA,"Y",NA,"N",NA,"ARFR4-SOS-CO932-316-JEFFERSON-12","#FFFF85",-105.358,39.66325,"15 - 20 Deg. F. / 3 - 6","","15 - 20 Deg. F.","6-Mar","15 - 20 Deg. F. / 3 - 6","15 - 20 / semi-humid","CO.3","#698b69","semi-humid, warm","#FFFF85","F"
"ARFR-UT080-109-UINTAH-12","black",3,46,9,46,NA,484,NA,7.6,1,NA,NA,18.4,1,NA,2,1,NA,2,1,NA,2,54.7,1,NA,2,1,NA,3,1,NA,3,1,3,1,NA,3,1,NA,NA,NA,NA,NA,NA,NA,NA,NA,"Y",NA,"N",NA,"ARFR4-SOS-UT080-109-UINTAH-12","#aabe7f",-109.1426444,39.70802222,"10 - 15 Deg. F. / 3 - 6","","10 - 15 Deg. F.","6-Mar","10 - 15 Deg. F. / 3 - 6","10 - 15 / semi-humid","UT.1","#66e566","semi-humid, cool","#aabe7f","G"
"ARFR-CO932-316-JEFFERSON-12","black",3,47,9,47,NA,485,NA,4.6,1,NA,NA,11.1,1,NA,2,1,NA,2,1,NA,2,32.1,1,NA,2,1,NA,3,1,NA,3,1,3,1,NA,3,1,NA,NA,NA,NA,NA,NA,NA,NA,NA,"Y",NA,"N",NA,"ARFR4-SOS-CO932-316-JEFFERSON-12","#FFFF85",-105.358,39.66325,"15 - 20 Deg. F. / 3 - 6","","15 - 20 Deg. F.","6-Mar","15 - 20 Deg. F. / 3 - 6","15 - 20 / semi-humid","CO.3","#698b69","semi-humid, warm","#FFFF85","F"
"ARFR-WY050-151-FREMONT-16","black",3,48,9,48,NA,486,NA,5,1,NA,NA,7,1,NA,2,1,NA,2,1,NA,2,8.1,1,NA,2,1,NA,2,1,NA,2,1,2,1,NA,2,1,NA,NA,NA,NA,NA,NA,NA,NA,NA,"Y",NA,"N",NA,"ARFR4-SOS-WY050-151-FREMONT-16","#3288BD",-108.1704472,42.47886111,"10 - 15 Deg. F. / 6 - 12","","10 - 15 Deg. F.","12-Jun","10 - 15 Deg. F. / 6 - 12","10 - 15 / semi-arid","WY.2","#cd8500","semi-arid, cool","#3288BD","J"
"ARFR-NM930N-66-11","black",3,49,9,49,NA,487,NA,5.7,1,NA,NA,14.9,1,NA,2,1,NA,2,1,NA,2,58,1,NA,2,1,NA,3,1,NA,3,1,3,1,NA,3,1,NA,NA,NA,NA,NA,NA,NA,NA,NA,"Y",NA,"N",NA,"ARFR4-SOS-NM930N-66-11","#F46D43",-107.2045028,36.76818611,"10 - 15 Deg. F. / 3 - 6","","10 - 15 Deg. F.","6-Mar","10 - 15 Deg. F. / 3 - 6","10 - 15 / semi-humid","NM.1","#66e566","semi-humid, cool","#F46D43","C"
"ARFR-WY930-44-LASANIMAS-13","black",3,50,9,50,199,488,NA,7.5,1,NA,NA,12.7,1,NA,2,1,NA,2,1,NA,2,23.9,1,NA,2,1,NA,2,1,NA,3,1,3,1,NA,3,1,NA,"Yes",NA,190.63,NA,"L",158.652,76.83,69.87,"Y",NA,"N",NA,"ARFR4-SOS-WY930-44-LASANIMAS-13","#FDAE61",-104.6423889,37.16547222,"15 - 20 Deg. F. / 3 - 6","","15 - 20 Deg. F.","6-Mar","15 - 20 Deg. F. / 3 - 6","15 - 20 / semi-humid","CO.1","#698b69","semi-humid, warm","#FDAE61","D"
"ARFR-AZ930-422-NAVAJO-18","black",3,51,9,51,NA,489,NA,6.8,1,NA,NA,13.2,1,NA,2,1,NA,2,1,NA,2,45.6,1,NA,2,1,NA,3,1,NA,3,1,3,1,NA,3,1,NA,NA,NA,NA,NA,NA,NA,NA,NA,"Y",NA,"N",NA,"ARFR4-SOS-AZ930-422-NAVAJO-18","#D53E4F",-110.431,36.56805,"15 - 20 Deg. F. / 6 - 12","Lats corrected 20230127","15 - 20 Deg. F.","12-Jun","15 - 20 Deg. F. / 6 - 12","15 - 20 / semi-arid","AZ.2","#ee5c42","semi-arid, warm","#D53E4F","B"
"ARFR-WY050-151-FREMONT-16","black",3,52,9,52,NA,490,NA,4.8,1,NA,NA,5.3,1,NA,2,1,NA,2,1,NA,2,11.5,1,NA,2,1,NA,2,1,NA,2,1,2,1,NA,2,1,NA,NA,NA,NA,NA,NA,NA,NA,NA,"Y",NA,"N",NA,"ARFR4-SOS-WY050-151-FREMONT-16","#3288BD",-108.1704472,42.47886111,"10 - 15 Deg. F. / 6 - 12","","10 - 15 Deg. F.","12-Jun","10 - 15 Deg. F. / 6 - 12","10 - 15 / semi-arid","WY.2","#cd8500","semi-arid, cool","#3288BD","J"
"ARFR-CO932-316-JEFFERSON-12","black",3,53,9,53,NA,491,NA,5,1,NA,NA,10.4,1,NA,2,1,NA,2,1,NA,2,31.1,1,NA,2,1,NA,3,1,NA,3,1,3,1,NA,3,1,NA,NA,NA,NA,NA,NA,NA,NA,NA,"Y",NA,"N",NA,"ARFR4-SOS-CO932-316-JEFFERSON-12","#FFFF85",-105.358,39.66325,"15 - 20 Deg. F. / 3 - 6","","15 - 20 Deg. F.","6-Mar","15 - 20 Deg. F. / 3 - 6","15 - 20 / semi-humid","CO.3","#698b69","semi-humid, warm","#FFFF85","F"
"ARFR-CO932-294-11","black",3,54,9,54,NA,492,NA,6.6,1,NA,NA,9,1,NA,2,1,NA,2,1,NA,2,30,1,NA,2,1,NA,3,1,NA,3,1,3,1,NA,3,1,NA,NA,NA,NA,NA,NA,NA,NA,NA,"Y",NA,"N",NA,"ARFR4-SOS-CO932-294-11","#ABDDA4",-105.2030833,39.78458333,"15 - 20 Deg. F. / 3 - 6","","15 - 20 Deg. F.","6-Mar","15 - 20 Deg. F. / 3 - 6","15 - 20 / semi-humid","CO.4","#698b69","semi-humid, warm","#ABDDA4","H"
"ARFR-AZ930-423-NAVAJO-18","black",3,55,9,55,200,493,NA,6,1,NA,NA,12.6,1,NA,2,1,NA,2,1,NA,2,37.7,1,NA,2,1,NA,3,1,NA,3,1,3,1,NA,3,1,NA,NA,NA,NA,NA,NA,NA,NA,NA,"Y",NA,"N",NA,"ARFR4-SOS-AZ930-423-NAVAJO-18","#9E0142",-110.431,36.45877,"15 - 20 Deg. F. / 6 - 12","SdZones downloaded 20230823","15 - 20 Deg. F.","12-Jun","15 - 20 Deg. F. / 6 - 12","15 - 20 / semi-arid","AZ.1","#ee5c42","semi-arid, warm","#9E0142","A"
"ARFR-CO932-316-JEFFERSON-12","black",3,56,10,1,189,494,NA,4.3,1,NA,NA,13.7,1,NA,2,1,NA,2,1,NA,2,27,1,NA,3,1,NA,3,1,NA,3,1,3,1,NA,3,1,NA,NA,NA,NA,NA,NA,NA,NA,NA,"Y",NA,"N",NA,"ARFR4-SOS-CO932-316-JEFFERSON-12","#FFFF85",-105.358,39.66325,"15 - 20 Deg. F. / 3 - 6","","15 - 20 Deg. F.","6-Mar","15 - 20 Deg. F. / 3 - 6","15 - 20 / semi-humid","CO.3","#698b69","semi-humid, warm","#FFFF85","F"
"ARFR-CO932-314-JEFFERSON-12","black",3,57,10,2,NA,495,NA,4.5,1,NA,NA,11.5,1,NA,2,1,NA,2,1,NA,2,35,1,NA,2,1,NA,3,1,NA,3,1,3,1,NA,3,1,NA,NA,NA,NA,NA,NA,NA,NA,NA,"Y",NA,"N",NA,"ARFR4-SOS-CO932-314-JEFFERSON-12","#FEE08B",-105.3553333,39.40902778,"10 - 15 Deg. F. / 3 - 6","","10 - 15 Deg. F.","6-Mar","10 - 15 Deg. F. / 3 - 6","10 - 15 / semi-humid","CO.2","#66e566","semi-humid, cool","#FEE08B","E"
"ARFR-WY050-49-FREMONT-12","black",3,58,10,3,NA,496,NA,3.2,1,NA,NA,7.2,1,NA,2,1,NA,2,1,NA,2,9.5,1,NA,2,1,NA,2,1,NA,2,1,2,1,NA,2,1,NA,NA,NA,NA,NA,NA,NA,NA,NA,"Y",NA,"N",NA,"ARFR4-SOS-WY050-49-FREMONT-12","#5E4FA2",-109.34775,43.42663611,"5 - 10 Deg. F. / 6 - 12","","5 - 10 Deg. F.","12-Jun","5 - 10 Deg. F. / 6 - 12","5 - 10 / semi-arid","WY.3","#ffb90f","semi-arid, cold","#5E4FA2","K"
"ARFR-AZ930-423-NAVAJO-18","black",3,59,10,4,NA,497,NA,5.9,1,NA,NA,15.4,1,NA,2,1,NA,2,1,NA,2,50,1,NA,2,1,NA,3,1,NA,3,1,3,1,NA,3,1,NA,NA,NA,NA,NA,NA,NA,NA,NA,"Y",NA,"N",NA,"ARFR4-SOS-AZ930-423-NAVAJO-18","#9E0142",-110.431,36.45877,"15 - 20 Deg. F. / 6 - 12","SdZones downloaded 20230823","15 - 20 Deg. F.","12-Jun","15 - 20 Deg. F. / 6 - 12","15 - 20 / semi-arid","AZ.1","#ee5c42","semi-arid, warm","#9E0142","A"
"ARFR-NM930N-66-11","black",3,60,10,5,190,498,NA,6.4,1,NA,NA,15.4,1,NA,2,1,NA,2,1,NA,2,43,1,NA,2,1,NA,3,1,NA,3,1,3,1,NA,3,1,NA,"Yes",NA,155.07,NA,"L",123.092,54.57,47.61,"Y",NA,"N",NA,"ARFR4-SOS-NM930N-66-11","#F46D43",-107.2045028,36.76818611,"10 - 15 Deg. F. / 3 - 6","","10 - 15 Deg. F.","6-Mar","10 - 15 Deg. F. / 3 - 6","10 - 15 / semi-humid","NM.1","#66e566","semi-humid, cool","#F46D43","C"
"ARFR-WY930-44-LASANIMAS-13","black",3,61,10,6,NA,499,NA,7,1,NA,NA,13.5,1,NA,2,1,NA,2,1,NA,2,31.7,1,NA,2,1,NA,3,1,NA,3,1,3,1,NA,3,1,NA,NA,NA,NA,NA,NA,NA,NA,NA,"Y",NA,"N",NA,"ARFR4-SOS-WY930-44-LASANIMAS-13","#FDAE61",-104.6423889,37.16547222,"15 - 20 Deg. F. / 3 - 6","","15 - 20 Deg. F.","6-Mar","15 - 20 Deg. F. / 3 - 6","15 - 20 / semi-humid","CO.1","#698b69","semi-humid, warm","#FDAE61","D"
"ARFR-WY040-71-10","black",3,62,10,7,NA,500,NA,4.3,1,NA,NA,8.6,1,NA,2,1,NA,2,1,NA,2,14.6,1,NA,2,1,NA,2,1,NA,2,1,2,1,NA,2,1,NA,NA,NA,NA,NA,NA,NA,NA,NA,"Y",NA,"N",NA,"ARFR4-SOS-WY040-71-10","#66C2A5",-109.2433156,41.13271889,"5 - 10 Deg. F. / 3 - 6","","5 - 10 Deg. F.","6-Mar","5 - 10 Deg. F. / 3 - 6","5 - 10 / semi-humid","WY.1","#a5c2f1","semi-humid, cold","#66C2A5","I"
"ARFR-WY050-151-FREMONT-16","black",3,63,10,8,NA,501,NA,7.4,1,NA,NA,7.6,1,NA,2,1,NA,2,1,NA,2,12.5,1,NA,2,1,NA,2,1,NA,2,1,2,1,NA,2,1,NA,NA,NA,NA,NA,NA,NA,NA,NA,"Y",NA,"N",NA,"ARFR4-SOS-WY050-151-FREMONT-16","#3288BD",-108.1704472,42.47886111,"10 - 15 Deg. F. / 6 - 12","","10 - 15 Deg. F.","12-Jun","10 - 15 Deg. F. / 6 - 12","10 - 15 / semi-arid","WY.2","#cd8500","semi-arid, cool","#3288BD","J"
"ARFR-CO932-294-11","black",3,64,10,9,NA,502,NA,4,1,NA,NA,9.2,1,NA,2,1,NA,2,1,NA,2,30.2,1,NA,2,1,NA,2,1,NA,3,1,3,1,NA,3,1,NA,NA,NA,NA,NA,NA,NA,NA,NA,"Y",NA,"N",NA,"ARFR4-SOS-CO932-294-11","#ABDDA4",-105.2030833,39.78458333,"15 - 20 Deg. F. / 3 - 6","","15 - 20 Deg. F.","6-Mar","15 - 20 Deg. F. / 3 - 6","15 - 20 / semi-humid","CO.4","#698b69","semi-humid, warm","#ABDDA4","H"
"ARFR-CO932-314-JEFFERSON-12","black",3,65,10,10,191,503,NA,4.4,1,NA,NA,11.2,1,NA,2,1,NA,2,1,NA,2,35,1,NA,2,1,NA,3,1,NA,3,1,3,1,NA,3,1,NA,NA,NA,NA,NA,NA,NA,NA,NA,"Y",NA,"N",NA,"ARFR4-SOS-CO932-314-JEFFERSON-12","#FEE08B",-105.3553333,39.40902778,"10 - 15 Deg. F. / 3 - 6","","10 - 15 Deg. F.","6-Mar","10 - 15 Deg. F. / 3 - 6","10 - 15 / semi-humid","CO.2","#66e566","semi-humid, cool","#FEE08B","E"
"ARFR-WY930-44-LASANIMAS-13","black",3,66,10,11,NA,504,NA,4.8,1,NA,NA,6.9,1,"MC planted in rain and only did quick check",2,1,NA,2,1,NA,2,21.1,1,NA,2,1,NA,3,1,NA,3,1,3,1,NA,3,1,NA,NA,NA,NA,NA,NA,NA,NA,NA,"Y",NA,"N",NA,"ARFR4-SOS-WY930-44-LASANIMAS-13","#FDAE61",-104.6423889,37.16547222,"15 - 20 Deg. F. / 3 - 6","","15 - 20 Deg. F.","6-Mar","15 - 20 Deg. F. / 3 - 6","15 - 20 / semi-humid","CO.1","#698b69","semi-humid, warm","#FDAE61","D"
"ARFR-WY050-49-FREMONT-12","black",3,67,10,12,NA,505,NA,3.8,1,NA,NA,8.1,1,"MC planted in rain and only did quick check",2,1,NA,2,1,NA,2,22,1,NA,2,1,NA,3,1,NA,3,1,3,1,NA,3,1,NA,NA,NA,NA,NA,NA,NA,NA,NA,"Y",NA,"N",NA,"ARFR4-SOS-WY050-49-FREMONT-12","#5E4FA2",-109.34775,43.42663611,"5 - 10 Deg. F. / 6 - 12","","5 - 10 Deg. F.","12-Jun","5 - 10 Deg. F. / 6 - 12","5 - 10 / semi-arid","WY.3","#ffb90f","semi-arid, cold","#5E4FA2","K"
"ARFR-WY040-71-10","black",3,68,10,13,NA,506,NA,3.8,1,NA,NA,6.2,1,"MC planted in rain and only did quick check",2,1,NA,2,1,NA,2,10,1,NA,2,1,NA,3,1,NA,3,1,3,1,NA,3,1,NA,NA,NA,NA,NA,NA,NA,NA,NA,"Y",NA,"N",NA,"ARFR4-SOS-WY040-71-10","#66C2A5",-109.2433156,41.13271889,"5 - 10 Deg. F. / 3 - 6","","5 - 10 Deg. F.","6-Mar","5 - 10 Deg. F. / 3 - 6","5 - 10 / semi-humid","WY.1","#a5c2f1","semi-humid, cold","#66C2A5","I"
"ARFR-WY930-44-LASANIMAS-13","black",3,69,10,14,NA,507,NA,7.6,1,NA,NA,12.1,1,"MC planted in rain and only did quick check",2,1,NA,2,1,NA,2,23.4,1,NA,2,1,NA,3,1,NA,3,1,3,1,NA,3,1,NA,NA,NA,NA,NA,NA,NA,NA,NA,"Y",NA,"N",NA,"ARFR4-SOS-WY930-44-LASANIMAS-13","#FDAE61",-104.6423889,37.16547222,"15 - 20 Deg. F. / 3 - 6","","15 - 20 Deg. F.","6-Mar","15 - 20 Deg. F. / 3 - 6","15 - 20 / semi-humid","CO.1","#698b69","semi-humid, warm","#FDAE61","D"
"ARFR-WY930-44-LASANIMAS-13","black",3,70,10,15,192,508,NA,5.6,1,NA,NA,12.6,1,"MC planted in rain and only did quick check",2,1,NA,2,1,NA,2,40,1,NA,2,1,NA,3,1,NA,3,1,3,1,NA,3,1,NA,NA,NA,NA,NA,NA,NA,NA,NA,"Y",NA,"N",NA,"ARFR4-SOS-WY930-44-LASANIMAS-13","#FDAE61",-104.6423889,37.16547222,"15 - 20 Deg. F. / 3 - 6","","15 - 20 Deg. F.","6-Mar","15 - 20 Deg. F. / 3 - 6","15 - 20 / semi-humid","CO.1","#698b69","semi-humid, warm","#FDAE61","D"
"ARFR-AZ930-423-NAVAJO-18","black",3,71,10,16,NA,509,NA,5.4,1,NA,NA,16.6,1,"MC planted in rain and only did quick check",2,1,NA,2,1,NA,2,49.8,1,NA,2,1,NA,3,1,NA,3,1,3,1,NA,3,1,NA,NA,NA,NA,NA,NA,NA,NA,NA,"Y",NA,"N",NA,"ARFR4-SOS-AZ930-423-NAVAJO-18","#9E0142",-110.431,36.45877,"15 - 20 Deg. F. / 6 - 12","SdZones downloaded 20230823","15 - 20 Deg. F.","12-Jun","15 - 20 Deg. F. / 6 - 12","15 - 20 / semi-arid","AZ.1","#ee5c42","semi-arid, warm","#9E0142","A"
"ARFR-WY050-151-FREMONT-16","black",3,72,10,17,NA,510,NA,3.5,1,NA,NA,6.1,1,"MC planted in rain and only did quick check",2,1,NA,2,1,NA,2,17.4,1,NA,2,1,NA,3,1,NA,3,1,3,1,NA,3,1,NA,NA,NA,NA,NA,NA,NA,NA,NA,"Y",NA,"N",NA,"ARFR4-SOS-WY050-151-FREMONT-16","#3288BD",-108.1704472,42.47886111,"10 - 15 Deg. F. / 6 - 12","","10 - 15 Deg. F.","12-Jun","10 - 15 Deg. F. / 6 - 12","10 - 15 / semi-arid","WY.2","#cd8500","semi-arid, cool","#3288BD","J"
"ARFR-CO932-314-JEFFERSON-12","black",3,73,10,18,NA,511,NA,4,1,NA,NA,10.4,1,"MC planted in rain and only did quick check",2,1,NA,2,1,NA,2,32.5,1,NA,2,1,NA,3,1,NA,3,1,3,1,NA,3,1,NA,NA,NA,NA,NA,NA,NA,NA,NA,"Y",NA,"N",NA,"ARFR4-SOS-CO932-314-JEFFERSON-12","#FEE08B",-105.3553333,39.40902778,"10 - 15 Deg. F. / 3 - 6","","10 - 15 Deg. F.","6-Mar","10 - 15 Deg. F. / 3 - 6","10 - 15 / semi-humid","CO.2","#66e566","semi-humid, cool","#FEE08B","E"
"ARFR-UT080-109-UINTAH-12","black",3,74,10,19,NA,512,NA,9,1,NA,NA,17.1,1,"MC planted in rain and only did quick check",2,1,NA,2,1,NA,2,55.4,1,NA,2,1,NA,3,1,NA,3,1,3,1,NA,3,1,NA,NA,NA,NA,NA,NA,NA,NA,NA,"Y",NA,"N",NA,"ARFR4-SOS-UT080-109-UINTAH-12","#aabe7f",-109.1426444,39.70802222,"10 - 15 Deg. F. / 3 - 6","","10 - 15 Deg. F.","6-Mar","10 - 15 Deg. F. / 3 - 6","10 - 15 / semi-humid","UT.1","#66e566","semi-humid, cool","#aabe7f","G"
"ARFR-UT080-109-UINTAH-12","black",3,75,10,20,193,513,NA,7.5,1,NA,NA,16,1,"MC planted in rain and only did quick check",2,1,NA,2,1,NA,3,56,1,"buds",3,1,NA,3,1,NA,3,1,3,1,NA,3,1,NA,NA,NA,NA,NA,NA,NA,NA,NA,"Y",NA,"N",NA,"ARFR4-SOS-UT080-109-UINTAH-12","#aabe7f",-109.1426444,39.70802222,"10 - 15 Deg. F. / 3 - 6","","10 - 15 Deg. F.","6-Mar","10 - 15 Deg. F. / 3 - 6","10 - 15 / semi-humid","UT.1","#66e566","semi-humid, cool","#aabe7f","G"
"ARFR-AZ930-422-NAVAJO-18","black",3,76,10,21,NA,514,NA,6.9,1,NA,NA,16.5,1,"MC planted in rain and only did quick check",2,1,NA,2,1,NA,2,49.7,1,NA,2,1,NA,3,1,NA,3,1,3,1,NA,3,1,NA,"Yes",NA,127.53,NA,"L",95.552,37.43,30.47,"Y",NA,"N",NA,"ARFR4-SOS-AZ930-422-NAVAJO-18","#D53E4F",-110.431,36.56805,"15 - 20 Deg. F. / 6 - 12","Lats corrected 20230127","15 - 20 Deg. F.","12-Jun","15 - 20 Deg. F. / 6 - 12","15 - 20 / semi-arid","AZ.2","#ee5c42","semi-arid, warm","#D53E4F","B"
"ARFR-AZ930-422-NAVAJO-18","black",3,77,10,22,NA,515,NA,5.7,1,NA,NA,13.7,1,"MC planted in rain and only did quick check",2,1,NA,2,1,NA,2,40.5,1,NA,2,1,NA,3,1,NA,3,1,3,1,NA,3,1,NA,NA,NA,NA,NA,NA,NA,NA,NA,"Y",NA,"N",NA,"ARFR4-SOS-AZ930-422-NAVAJO-18","#D53E4F",-110.431,36.56805,"15 - 20 Deg. F. / 6 - 12","Lats corrected 20230127","15 - 20 Deg. F.","12-Jun","15 - 20 Deg. F. / 6 - 12","15 - 20 / semi-arid","AZ.2","#ee5c42","semi-arid, warm","#D53E4F","B"
"ARFR-NM930N-66-11","black",3,78,10,23,NA,516,NA,10.6,1,NA,NA,16.3,1,"MC planted in rain and only did quick check",2,1,NA,2,1,NA,2,31.4,1,NA,2,1,NA,2,1,NA,3,1,3,1,NA,3,1,NA,NA,NA,NA,NA,NA,NA,NA,NA,"Y",NA,"N",NA,"ARFR4-SOS-NM930N-66-11","#F46D43",-107.2045028,36.76818611,"10 - 15 Deg. F. / 3 - 6","","10 - 15 Deg. F.","6-Mar","10 - 15 Deg. F. / 3 - 6","10 - 15 / semi-humid","NM.1","#66e566","semi-humid, cool","#F46D43","C"
"ARFR-NM930N-66-11","black",3,79,10,24,NA,517,NA,6.4,1,NA,NA,13.6,1,"MC planted in rain and only did quick check",2,1,NA,2,1,NA,2,47.9,1,NA,2,1,NA,3,1,NA,3,1,3,1,NA,3,1,NA,NA,NA,NA,NA,NA,NA,NA,NA,"Y",NA,"N",NA,"ARFR4-SOS-NM930N-66-11","#F46D43",-107.2045028,36.76818611,"10 - 15 Deg. F. / 3 - 6","","10 - 15 Deg. F.","6-Mar","10 - 15 Deg. F. / 3 - 6","10 - 15 / semi-humid","NM.1","#66e566","semi-humid, cool","#F46D43","C"
"ARFR-AZ930-422-NAVAJO-18","black",3,80,10,25,194,518,NA,3.8,1,NA,NA,16.2,1,"MC planted in rain and only did quick check",2,1,NA,2,1,NA,2,50.3,1,NA,2,1,NA,3,1,NA,3,1,3,1,NA,3,1,NA,NA,NA,NA,NA,NA,NA,NA,NA,"Y",NA,"N",NA,"ARFR4-SOS-AZ930-422-NAVAJO-18","#D53E4F",-110.431,36.56805,"15 - 20 Deg. F. / 6 - 12","Lats corrected 20230127","15 - 20 Deg. F.","12-Jun","15 - 20 Deg. F. / 6 - 12","15 - 20 / semi-arid","AZ.2","#ee5c42","semi-arid, warm","#D53E4F","B"
"ARFR-NM930N-66-11","black",3,81,10,26,NA,519,NA,7.8,1,NA,NA,15.1,1,NA,2,1,NA,2,1,NA,2,32.3,1,NA,2,1,NA,3,1,NA,3,1,3,1,NA,3,1,NA,"Yes",NA,168.55,NA,"L",136.572,NA,NA,"Y",NA,"N",NA,"ARFR4-SOS-NM930N-66-11","#F46D43",-107.2045028,36.76818611,"10 - 15 Deg. F. / 3 - 6","","10 - 15 Deg. F.","6-Mar","10 - 15 Deg. F. / 3 - 6","10 - 15 / semi-humid","NM.1","#66e566","semi-humid, cool","#F46D43","C"
"ARFR-CO932-314-JEFFERSON-12","black",3,82,10,27,NA,520,NA,5.7,1,NA,NA,12.5,1,NA,2,1,NA,2,1,NA,2,37.7,1,NA,2,1,NA,3,1,NA,3,1,3,1,NA,3,1,NA,NA,NA,NA,NA,NA,NA,NA,NA,"Y",NA,"N",NA,"ARFR4-SOS-CO932-314-JEFFERSON-12","#FEE08B",-105.3553333,39.40902778,"10 - 15 Deg. F. / 3 - 6","","10 - 15 Deg. F.","6-Mar","10 - 15 Deg. F. / 3 - 6","10 - 15 / semi-humid","CO.2","#66e566","semi-humid, cool","#FEE08B","E"
"ARFR-CO932-316-JEFFERSON-12","black",3,83,10,28,NA,521,NA,3.8,1,NA,NA,17.9,1,NA,2,1,NA,2,1,NA,2,27.6,1,NA,2,1,NA,3,1,NA,3,1,3,1,NA,3,1,NA,NA,NA,NA,NA,NA,NA,NA,NA,"Y",NA,"N",NA,"ARFR4-SOS-CO932-316-JEFFERSON-12","#FFFF85",-105.358,39.66325,"15 - 20 Deg. F. / 3 - 6","","15 - 20 Deg. F.","6-Mar","15 - 20 Deg. F. / 3 - 6","15 - 20 / semi-humid","CO.3","#698b69","semi-humid, warm","#FFFF85","F"
"ARFR-NM930N-66-11","black",3,84,10,29,NA,522,NA,9.2,1,NA,NA,20.1,1,NA,2,1,NA,2,1,NA,2,59,1,NA,2,1,NA,3,1,NA,3,1,3,1,NA,3,1,NA,NA,NA,NA,NA,NA,NA,NA,NA,"Y",NA,"N",NA,"ARFR4-SOS-NM930N-66-11","#F46D43",-107.2045028,36.76818611,"10 - 15 Deg. F. / 3 - 6","","10 - 15 Deg. F.","6-Mar","10 - 15 Deg. F. / 3 - 6","10 - 15 / semi-humid","NM.1","#66e566","semi-humid, cool","#F46D43","C"
"ARFR-AZ930-423-NAVAJO-18","black",3,85,10,30,195,523,NA,6.9,1,NA,NA,14.7,1,NA,2,1,NA,2,1,NA,2,57.2,1,NA,2,1,NA,3,1,NA,3,1,3,1,NA,3,1,NA,NA,NA,NA,NA,NA,NA,NA,NA,"Y",NA,"N",NA,"ARFR4-SOS-AZ930-423-NAVAJO-18","#9E0142",-110.431,36.45877,"15 - 20 Deg. F. / 6 - 12","SdZones downloaded 20230823","15 - 20 Deg. F.","12-Jun","15 - 20 Deg. F. / 6 - 12","15 - 20 / semi-arid","AZ.1","#ee5c42","semi-arid, warm","#9E0142","A"
"ARFR-UT080-109-UINTAH-12","black",3,86,10,31,NA,524,NA,7.2,1,NA,NA,16.6,1,NA,2,1,NA,2,1,NA,2,55.3,1,NA,3,1,NA,3,1,NA,3,1,3,1,NA,3,1,NA,"Yes",NA,115.64,NA,"L",83.662,26.81,19.85,"Y",NA,"N",NA,"ARFR4-SOS-UT080-109-UINTAH-12","#aabe7f",-109.1426444,39.70802222,"10 - 15 Deg. F. / 3 - 6","","10 - 15 Deg. F.","6-Mar","10 - 15 Deg. F. / 3 - 6","10 - 15 / semi-humid","UT.1","#66e566","semi-humid, cool","#aabe7f","G"
"ARFR-CO932-316-JEFFERSON-12","black",3,87,10,32,NA,525,NA,3,1,NA,NA,8.8,1,NA,2,1,NA,2,1,NA,2,29.6,1,NA,2,1,NA,3,1,NA,3,1,3,1,NA,3,1,NA,NA,NA,NA,NA,NA,NA,NA,NA,"Y",NA,"N",NA,"ARFR4-SOS-CO932-316-JEFFERSON-12","#FFFF85",-105.358,39.66325,"15 - 20 Deg. F. / 3 - 6","","15 - 20 Deg. F.","6-Mar","15 - 20 Deg. F. / 3 - 6","15 - 20 / semi-humid","CO.3","#698b69","semi-humid, warm","#FFFF85","F"
"ARFR-NM930N-66-11","black",3,88,10,33,NA,526,NA,5.4,1,NA,NA,13.8,1,NA,2,1,NA,2,1,NA,2,43,1,NA,2,1,NA,3,1,NA,3,1,3,1,NA,3,1,NA,NA,NA,NA,NA,NA,NA,NA,NA,"Y",NA,"N",NA,"ARFR4-SOS-NM930N-66-11","#F46D43",-107.2045028,36.76818611,"10 - 15 Deg. F. / 3 - 6","","10 - 15 Deg. F.","6-Mar","10 - 15 Deg. F. / 3 - 6","10 - 15 / semi-humid","NM.1","#66e566","semi-humid, cool","#F46D43","C"
"ARFR-AZ930-423-NAVAJO-18","black",3,89,10,34,NA,527,NA,7,1,NA,NA,18.1,1,NA,2,1,NA,2,1,NA,2,47.7,1,NA,2,1,NA,3,1,NA,3,1,3,1,NA,3,1,NA,NA,NA,NA,NA,NA,NA,NA,NA,"Y",NA,"N",NA,"ARFR4-SOS-AZ930-423-NAVAJO-18","#9E0142",-110.431,36.45877,"15 - 20 Deg. F. / 6 - 12","SdZones downloaded 20230823","15 - 20 Deg. F.","12-Jun","15 - 20 Deg. F. / 6 - 12","15 - 20 / semi-arid","AZ.1","#ee5c42","semi-arid, warm","#9E0142","A"
"ARFR-WY930-44-LASANIMAS-13","black",3,90,10,35,196,528,NA,4.1,1,NA,NA,11.1,1,NA,2,1,NA,2,1,NA,2,39,1,NA,2,1,NA,2,1,NA,3,1,3,1,NA,3,1,NA,NA,NA,NA,NA,NA,NA,NA,NA,"Y",NA,"N",NA,"ARFR4-SOS-WY930-44-LASANIMAS-13","#FDAE61",-104.6423889,37.16547222,"15 - 20 Deg. F. / 3 - 6","","15 - 20 Deg. F.","6-Mar","15 - 20 Deg. F. / 3 - 6","15 - 20 / semi-humid","CO.1","#698b69","semi-humid, warm","#FDAE61","D"
"ARFR-CO932-314-JEFFERSON-12","black",3,91,10,36,NA,529,NA,4.3,1,NA,NA,10.4,1,NA,2,1,NA,2,1,NA,2,35.1,1,NA,2,1,NA,3,1,NA,3,1,3,1,NA,3,1,NA,NA,NA,NA,NA,NA,NA,NA,NA,"Y",NA,"N",NA,"ARFR4-SOS-CO932-314-JEFFERSON-12","#FEE08B",-105.3553333,39.40902778,"10 - 15 Deg. F. / 3 - 6","","10 - 15 Deg. F.","6-Mar","10 - 15 Deg. F. / 3 - 6","10 - 15 / semi-humid","CO.2","#66e566","semi-humid, cool","#FEE08B","E"
"ARFR-WY930-44-LASANIMAS-13","black",3,92,10,37,NA,530,NA,7.6,1,NA,NA,13,1,NA,2,1,NA,2,1,NA,2,20.5,1,NA,2,1,NA,2,1,NA,3,1,3,1,NA,3,1,NA,"Yes",NA,140.21,NA,"L",108.232,50.32,43.36,"Y",NA,"N",NA,"ARFR4-SOS-WY930-44-LASANIMAS-13","#FDAE61",-104.6423889,37.16547222,"15 - 20 Deg. F. / 3 - 6","","15 - 20 Deg. F.","6-Mar","15 - 20 Deg. F. / 3 - 6","15 - 20 / semi-humid","CO.1","#698b69","semi-humid, warm","#FDAE61","D"
"ARFR-WY930-44-LASANIMAS-13","black",3,93,10,38,NA,531,NA,7.4,1,NA,NA,12.4,1,NA,2,1,NA,2,1,NA,2,17.4,1,NA,2,1,NA,3,1,NA,3,1,3,1,NA,3,1,NA,NA,NA,NA,NA,NA,NA,NA,NA,"Y",NA,"N",NA,"ARFR4-SOS-WY930-44-LASANIMAS-13","#FDAE61",-104.6423889,37.16547222,"15 - 20 Deg. F. / 3 - 6","","15 - 20 Deg. F.","6-Mar","15 - 20 Deg. F. / 3 - 6","15 - 20 / semi-humid","CO.1","#698b69","semi-humid, warm","#FDAE61","D"
"ARFR-CO932-294-11","black",3,94,10,39,NA,532,NA,3.8,1,NA,NA,8.2,1,NA,2,1,NA,2,1,NA,2,29.9,1,NA,2,1,NA,3,1,NA,3,1,3,1,NA,3,1,NA,NA,NA,NA,NA,NA,NA,NA,NA,"Y",NA,"N",NA,"ARFR4-SOS-CO932-294-11","#ABDDA4",-105.2030833,39.78458333,"15 - 20 Deg. F. / 3 - 6","","15 - 20 Deg. F.","6-Mar","15 - 20 Deg. F. / 3 - 6","15 - 20 / semi-humid","CO.4","#698b69","semi-humid, warm","#ABDDA4","H"
"ARFR-NM930N-66-11","black",3,95,10,40,197,533,NA,7.6,1,NA,NA,18.2,1,NA,2,1,NA,2,1,NA,2,61.1,1,NA,2,1,NA,3,1,NA,3,1,3,1,NA,3,1,NA,NA,NA,NA,NA,NA,NA,NA,NA,"Y",NA,"N",NA,"ARFR4-SOS-NM930N-66-11","#F46D43",-107.2045028,36.76818611,"10 - 15 Deg. F. / 3 - 6","","10 - 15 Deg. F.","6-Mar","10 - 15 Deg. F. / 3 - 6","10 - 15 / semi-humid","NM.1","#66e566","semi-humid, cool","#F46D43","C"
"ARFR-WY930-44-LASANIMAS-13","black",3,96,10,41,NA,534,NA,7.4,1,NA,NA,14.1,1,NA,2,1,NA,2,1,NA,2,35.8,1,NA,2,1,NA,3,1,NA,3,1,3,1,NA,3,1,NA,NA,NA,NA,NA,NA,NA,NA,NA,"Y",NA,"N",NA,"ARFR4-SOS-WY930-44-LASANIMAS-13","#FDAE61",-104.6423889,37.16547222,"15 - 20 Deg. F. / 3 - 6","","15 - 20 Deg. F.","6-Mar","15 - 20 Deg. F. / 3 - 6","15 - 20 / semi-humid","CO.1","#698b69","semi-humid, warm","#FDAE61","D"
"ARFR-CO932-294-11","black",3,97,10,42,NA,535,NA,5.1,1,NA,NA,10.5,1,NA,2,1,NA,2,1,NA,2,21.9,1,NA,2,1,NA,3,1,NA,3,1,3,1,NA,3,1,NA,NA,NA,NA,NA,NA,NA,NA,NA,"Y",NA,"N",NA,"ARFR4-SOS-CO932-294-11","#ABDDA4",-105.2030833,39.78458333,"15 - 20 Deg. F. / 3 - 6","","15 - 20 Deg. F.","6-Mar","15 - 20 Deg. F. / 3 - 6","15 - 20 / semi-humid","CO.4","#698b69","semi-humid, warm","#ABDDA4","H"
"ARFR-WY040-71-10","black",3,98,10,43,NA,536,NA,4.4,1,NA,NA,7.9,1,NA,2,1,NA,2,1,NA,2,26.5,1,NA,2,1,NA,3,1,NA,3,1,3,1,NA,3,1,NA,NA,NA,NA,NA,NA,NA,NA,NA,"Y",NA,"N",NA,"ARFR4-SOS-WY040-71-10","#66C2A5",-109.2433156,41.13271889,"5 - 10 Deg. F. / 3 - 6","","5 - 10 Deg. F.","6-Mar","5 - 10 Deg. F. / 3 - 6","5 - 10 / semi-humid","WY.1","#a5c2f1","semi-humid, cold","#66C2A5","I"
"ARFR-WY040-71-10","black",3,99,10,44,NA,537,NA,4.9,1,NA,NA,8.3,1,NA,2,1,NA,2,1,NA,2,25.4,1,NA,2,1,NA,3,1,NA,3,1,3,1,NA,3,1,NA,NA,NA,NA,NA,NA,NA,NA,NA,"Y",NA,"N",NA,"ARFR4-SOS-WY040-71-10","#66C2A5",-109.2433156,41.13271889,"5 - 10 Deg. F. / 3 - 6","","5 - 10 Deg. F.","6-Mar","5 - 10 Deg. F. / 3 - 6","5 - 10 / semi-humid","WY.1","#a5c2f1","semi-humid, cold","#66C2A5","I"
"ARFR-CO932-314-JEFFERSON-12","black",3,100,10,45,198,538,NA,4.5,1,NA,NA,9.4,1,NA,2,1,NA,2,1,NA,2,33.1,1,NA,2,1,NA,3,1,NA,3,1,3,1,NA,3,1,NA,NA,NA,NA,NA,NA,NA,NA,NA,"Y",NA,"N",NA,"ARFR4-SOS-CO932-314-JEFFERSON-12","#FEE08B",-105.3553333,39.40902778,"10 - 15 Deg. F. / 3 - 6","","10 - 15 Deg. F.","6-Mar","10 - 15 Deg. F. / 3 - 6","10 - 15 / semi-humid","CO.2","#66e566","semi-humid, cool","#FEE08B","E"
"ARFR-CO932-316-JEFFERSON-12","black",3,101,10,46,NA,539,NA,4.5,1,NA,NA,8.8,1,NA,2,1,NA,2,1,NA,2,28.9,1,NA,2,1,NA,3,1,NA,3,1,3,1,NA,3,1,NA,NA,NA,NA,NA,NA,NA,NA,NA,"Y",NA,"N",NA,"ARFR4-SOS-CO932-316-JEFFERSON-12","#FFFF85",-105.358,39.66325,"15 - 20 Deg. F. / 3 - 6","","15 - 20 Deg. F.","6-Mar","15 - 20 Deg. F. / 3 - 6","15 - 20 / semi-humid","CO.3","#698b69","semi-humid, warm","#FFFF85","F"
"ARFR-CO932-294-11","black",3,102,10,47,NA,540,NA,8.4,1,NA,NA,11.1,1,NA,2,1,NA,2,1,NA,2,16,1,NA,2,1,NA,3,1,NA,3,1,3,1,NA,3,1,NA,NA,NA,NA,NA,NA,NA,NA,NA,"Y",NA,"N",NA,"ARFR4-SOS-CO932-294-11","#ABDDA4",-105.2030833,39.78458333,"15 - 20 Deg. F. / 3 - 6","","15 - 20 Deg. F.","6-Mar","15 - 20 Deg. F. / 3 - 6","15 - 20 / semi-humid","CO.4","#698b69","semi-humid, warm","#ABDDA4","H"
"ARFR-WY050-151-FREMONT-16","black",3,103,10,48,NA,541,NA,4.5,1,NA,NA,7.3,1,NA,2,1,NA,2,1,NA,2,12.2,1,NA,2,1,NA,3,1,NA,3,1,3,1,NA,3,1,NA,NA,NA,NA,NA,NA,NA,NA,NA,"Y",NA,"N",NA,"ARFR4-SOS-WY050-151-FREMONT-16","#3288BD",-108.1704472,42.47886111,"10 - 15 Deg. F. / 6 - 12","","10 - 15 Deg. F.","12-Jun","10 - 15 Deg. F. / 6 - 12","10 - 15 / semi-arid","WY.2","#cd8500","semi-arid, cool","#3288BD","J"
"ARFR-WY050-49-FREMONT-12","black",3,104,10,49,NA,542,NA,4,1,NA,NA,6.4,1,NA,2,1,NA,2,1,NA,2,8.1,1,NA,2,1,NA,2,1,NA,3,1,2,1,NA,2,1,NA,NA,NA,NA,NA,NA,NA,NA,NA,"Y",NA,"N",NA,"ARFR4-SOS-WY050-49-FREMONT-12","#5E4FA2",-109.34775,43.42663611,"5 - 10 Deg. F. / 6 - 12","","5 - 10 Deg. F.","12-Jun","5 - 10 Deg. F. / 6 - 12","5 - 10 / semi-arid","WY.3","#ffb90f","semi-arid, cold","#5E4FA2","K"
"ARFR-AZ930-422-NAVAJO-18","black",3,105,10,50,199,543,NA,3.9,1,NA,NA,9.8,1,NA,2,1,NA,2,1,NA,2,24.5,1,NA,2,1,NA,3,1,NA,3,1,3,1,NA,3,1,NA,NA,NA,NA,NA,NA,NA,NA,NA,"Y",NA,"N",NA,"ARFR4-SOS-AZ930-422-NAVAJO-18","#D53E4F",-110.431,36.56805,"15 - 20 Deg. F. / 6 - 12","Lats corrected 20230127","15 - 20 Deg. F.","12-Jun","15 - 20 Deg. F. / 6 - 12","15 - 20 / semi-arid","AZ.2","#ee5c42","semi-arid, warm","#D53E4F","B"
"ARFR-WY040-71-10","black",3,106,10,51,NA,544,NA,4.2,1,NA,NA,7,1,NA,2,1,NA,2,1,NA,2,14.9,1,NA,2,1,NA,2,1,NA,2,1,2,1,NA,2,1,NA,"Yes",NA,65.45,NA,"S",58.49,NA,NA,"Y",NA,"N",NA,"ARFR4-SOS-WY040-71-10","#66C2A5",-109.2433156,41.13271889,"5 - 10 Deg. F. / 3 - 6","","5 - 10 Deg. F.","6-Mar","5 - 10 Deg. F. / 3 - 6","5 - 10 / semi-humid","WY.1","#a5c2f1","semi-humid, cold","#66C2A5","I"
"ARFR-WY050-49-FREMONT-12","black",3,107,10,52,NA,545,NA,3.8,1,"N",NA,6.7,1,"dying? 5/27",2,1,NA,2,1,NA,2,8.3,1,NA,2,1,NA,2,1,NA,2,1,2,1,NA,2,1,NA,NA,NA,NA,NA,NA,NA,NA,NA,"Y",NA,"N",NA,"ARFR4-SOS-WY050-49-FREMONT-12","#5E4FA2",-109.34775,43.42663611,"5 - 10 Deg. F. / 6 - 12","","5 - 10 Deg. F.","12-Jun","5 - 10 Deg. F. / 6 - 12","5 - 10 / semi-arid","WY.3","#ffb90f","semi-arid, cold","#5E4FA2","K"
"ARFR-WY050-49-FREMONT-12","black",3,108,10,53,NA,546,NA,5,1,NA,NA,6.8,1,"ARFR-CO932-316-JEFFERSON-12_193 was initially assigned but Fremont-12 was actually planted ",2,1,NA,2,1,NA,2,9.3,1,NA,2,1,NA,2,1,NA,2,1,2,1,NA,2,1,NA,NA,NA,NA,NA,NA,NA,NA,NA,"Y",NA,"N",NA,"ARFR4-SOS-WY050-49-FREMONT-12","#5E4FA2",-109.34775,43.42663611,"5 - 10 Deg. F. / 6 - 12","","5 - 10 Deg. F.","12-Jun","5 - 10 Deg. F. / 6 - 12","5 - 10 / semi-arid","WY.3","#ffb90f","semi-arid, cold","#5E4FA2","K"
"ARFR-WY930-44-LASANIMAS-13","black",3,109,10,54,NA,547,NA,5.3,1,NA,NA,11.2,1,NA,2,1,NA,2,1,NA,2,34.6,1,NA,2,1,NA,3,1,NA,3,1,3,1,NA,3,1,NA,NA,NA,NA,NA,NA,NA,NA,NA,"Y",NA,"N",NA,"ARFR4-SOS-WY930-44-LASANIMAS-13","#FDAE61",-104.6423889,37.16547222,"15 - 20 Deg. F. / 3 - 6","","15 - 20 Deg. F.","6-Mar","15 - 20 Deg. F. / 3 - 6","15 - 20 / semi-humid","CO.1","#698b69","semi-humid, warm","#FDAE61","D"
"ARFR-UT080-109-UINTAH-12","black",3,110,10,55,200,548,NA,7.2,1,NA,NA,11.1,1,NA,2,1,NA,2,1,NA,2,40.4,1,NA,2,1,NA,3,1,NA,3,1,3,1,NA,3,1,NA,NA,NA,NA,NA,NA,NA,NA,NA,"Y",NA,"N",NA,"ARFR4-SOS-UT080-109-UINTAH-12","#aabe7f",-109.1426444,39.70802222,"10 - 15 Deg. F. / 3 - 6","","10 - 15 Deg. F.","6-Mar","10 - 15 Deg. F. / 3 - 6","10 - 15 / semi-humid","UT.1","#66e566","semi-humid, cool","#aabe7f","G"
"ARFR-WY050-49-FREMONT-12","black",3,111,11,1,201,549,NA,5.4,1,NA,NA,8.1,1,NA,2,1,NA,2,1,NA,2,8.1,1,NA,2,1,NA,2,1,NA,2,1,2,1,NA,2,1,NA,NA,NA,NA,NA,NA,NA,NA,NA,"Y",NA,"N",NA,"ARFR4-SOS-WY050-49-FREMONT-12","#5E4FA2",-109.34775,43.42663611,"5 - 10 Deg. F. / 6 - 12","","5 - 10 Deg. F.","12-Jun","5 - 10 Deg. F. / 6 - 12","5 - 10 / semi-arid","WY.3","#ffb90f","semi-arid, cold","#5E4FA2","K"
"ARFR-NM930N-66-11","black",3,112,11,2,NA,550,NA,10.1,1,NA,NA,9.5,1,NA,2,1,NA,2,1,NA,2,46.7,1,NA,2,1,NA,3,1,NA,3,1,3,1,NA,3,1,NA,NA,NA,NA,NA,NA,NA,NA,NA,"Y",NA,"N",NA,"ARFR4-SOS-NM930N-66-11","#F46D43",-107.2045028,36.76818611,"10 - 15 Deg. F. / 3 - 6","","10 - 15 Deg. F.","6-Mar","10 - 15 Deg. F. / 3 - 6","10 - 15 / semi-humid","NM.1","#66e566","semi-humid, cool","#F46D43","C"
"ARFR-CO932-294-11","black",3,113,11,3,NA,551,NA,4.5,1,NA,NA,9.2,1,NA,2,1,NA,2,1,NA,2,22.1,1,NA,2,1,NA,3,1,NA,3,1,3,1,NA,3,1,NA,NA,NA,NA,NA,NA,NA,NA,NA,"Y",NA,"N",NA,"ARFR4-SOS-CO932-294-11","#ABDDA4",-105.2030833,39.78458333,"15 - 20 Deg. F. / 3 - 6","","15 - 20 Deg. F.","6-Mar","15 - 20 Deg. F. / 3 - 6","15 - 20 / semi-humid","CO.4","#698b69","semi-humid, warm","#ABDDA4","H"
"ARFR-WY050-49-FREMONT-12","black",3,114,11,4,NA,552,NA,5.3,1,NA,NA,7.7,1,NA,2,1,NA,2,1,NA,2,13.5,1,NA,2,1,NA,2,1,NA,2,1,2,1,NA,2,1,NA,NA,NA,NA,NA,NA,NA,NA,NA,"Y",NA,"N",NA,"ARFR4-SOS-WY050-49-FREMONT-12","#5E4FA2",-109.34775,43.42663611,"5 - 10 Deg. F. / 6 - 12","","5 - 10 Deg. F.","12-Jun","5 - 10 Deg. F. / 6 - 12","5 - 10 / semi-arid","WY.3","#ffb90f","semi-arid, cold","#5E4FA2","K"
"ARFR-UT080-109-UINTAH-12","black",3,115,11,5,202,553,NA,6.4,1,NA,NA,15.9,1,NA,2,1,NA,2,1,NA,2,47.3,1,NA,2,1,NA,3,1,NA,3,1,3,1,NA,3,1,NA,NA,NA,NA,NA,NA,NA,NA,NA,"Y",NA,"N",NA,"ARFR4-SOS-UT080-109-UINTAH-12","#aabe7f",-109.1426444,39.70802222,"10 - 15 Deg. F. / 3 - 6","","10 - 15 Deg. F.","6-Mar","10 - 15 Deg. F. / 3 - 6","10 - 15 / semi-humid","UT.1","#66e566","semi-humid, cool","#aabe7f","G"
"ARFR-CO932-314-JEFFERSON-12","black",3,116,11,6,NA,554,NA,7.4,1,NA,NA,12.1,1,NA,2,1,NA,2,1,NA,2,33.9,1,NA,2,1,NA,3,1,NA,3,1,3,1,NA,3,1,NA,NA,NA,NA,NA,NA,NA,NA,NA,"Y",NA,"N",NA,"ARFR4-SOS-CO932-314-JEFFERSON-12","#FEE08B",-105.3553333,39.40902778,"10 - 15 Deg. F. / 3 - 6","","10 - 15 Deg. F.","6-Mar","10 - 15 Deg. F. / 3 - 6","10 - 15 / semi-humid","CO.2","#66e566","semi-humid, cool","#FEE08B","E"
"ARFR-CO932-314-JEFFERSON-12","black",3,117,11,7,NA,555,NA,5,1,NA,NA,9.3,1,NA,2,1,NA,2,1,NA,2,20.4,1,NA,2,1,NA,3,1,NA,3,1,3,1,NA,3,1,NA,NA,NA,NA,NA,NA,NA,NA,NA,"Y",NA,"N",NA,"ARFR4-SOS-CO932-314-JEFFERSON-12","#FEE08B",-105.3553333,39.40902778,"10 - 15 Deg. F. / 3 - 6","","10 - 15 Deg. F.","6-Mar","10 - 15 Deg. F. / 3 - 6","10 - 15 / semi-humid","CO.2","#66e566","semi-humid, cool","#FEE08B","E"
"ARFR-CO932-316-JEFFERSON-12","black",3,118,11,8,NA,556,NA,3.5,1,NA,NA,10.8,1,NA,2,1,NA,2,1,NA,2,26.4,1,NA,2,1,NA,3,1,NA,3,1,3,1,NA,3,1,NA,"Yes",NA,114.47,NA,"L",82.492,20.89,13.93,"Y",NA,"N",NA,"ARFR4-SOS-CO932-316-JEFFERSON-12","#FFFF85",-105.358,39.66325,"15 - 20 Deg. F. / 3 - 6","","15 - 20 Deg. F.","6-Mar","15 - 20 Deg. F. / 3 - 6","15 - 20 / semi-humid","CO.3","#698b69","semi-humid, warm","#FFFF85","F"
"ARFR-WY050-151-FREMONT-16","black",3,119,11,9,NA,557,NA,5.4,1,NA,NA,9.7,1,NA,2,1,NA,2,1,NA,2,15.7,1,NA,2,1,NA,3,1,NA,3,1,3,1,NA,3,1,NA,NA,NA,NA,NA,NA,NA,NA,NA,"Y",NA,"N",NA,"ARFR4-SOS-WY050-151-FREMONT-16","#3288BD",-108.1704472,42.47886111,"10 - 15 Deg. F. / 6 - 12","","10 - 15 Deg. F.","12-Jun","10 - 15 Deg. F. / 6 - 12","10 - 15 / semi-arid","WY.2","#cd8500","semi-arid, cool","#3288BD","J"
"ARFR-WY050-151-FREMONT-16","black",3,120,11,10,203,558,NA,3.2,1,NA,NA,4.5,1,NA,2,1,NA,2,1,NA,2,6,1,NA,2,1,NA,2,1,NA,2,1,2,1,NA,2,1,NA,NA,NA,NA,NA,NA,NA,NA,NA,"Y",NA,"N",NA,"ARFR4-SOS-WY050-151-FREMONT-16","#3288BD",-108.1704472,42.47886111,"10 - 15 Deg. F. / 6 - 12","","10 - 15 Deg. F.","12-Jun","10 - 15 Deg. F. / 6 - 12","10 - 15 / semi-arid","WY.2","#cd8500","semi-arid, cool","#3288BD","J"
"ARFR-WY050-49-FREMONT-12","black",3,121,11,11,NA,559,NA,6.7,1,NA,NA,9.8,1,NA,2,1,NA,2,1,NA,2,15.6,1,NA,2,1,NA,2,1,NA,2,1,2,1,NA,2,1,NA,NA,NA,NA,NA,NA,NA,NA,NA,"Y",NA,"Y",NA,"ARFR4-SOS-WY050-49-FREMONT-12","#5E4FA2",-109.34775,43.42663611,"5 - 10 Deg. F. / 6 - 12","","5 - 10 Deg. F.","12-Jun","5 - 10 Deg. F. / 6 - 12","5 - 10 / semi-arid","WY.3","#ffb90f","semi-arid, cold","#5E4FA2","K"
"ARFR-WY040-71-10","black",3,122,11,12,NA,560,NA,3,1,NA,NA,4.9,1,NA,2,1,NA,2,1,NA,2,8.4,1,NA,2,1,NA,2,1,NA,2,1,2,1,NA,2,1,NA,NA,NA,NA,NA,NA,NA,NA,NA,"N",NA,"N",NA,"ARFR4-SOS-WY040-71-10","#66C2A5",-109.2433156,41.13271889,"5 - 10 Deg. F. / 3 - 6","","5 - 10 Deg. F.","6-Mar","5 - 10 Deg. F. / 3 - 6","5 - 10 / semi-humid","WY.1","#a5c2f1","semi-humid, cold","#66C2A5","I"
"ARFR-UT080-109-UINTAH-12","black",3,123,11,13,NA,561,NA,5.4,1,NA,NA,16,1,NA,2,1,NA,2,1,NA,2,51.5,1,NA,2,1,NA,3,1,NA,3,1,3,1,NA,3,1,NA,NA,NA,NA,NA,NA,NA,NA,NA,"Y",NA,"N",NA,"ARFR4-SOS-UT080-109-UINTAH-12","#aabe7f",-109.1426444,39.70802222,"10 - 15 Deg. F. / 3 - 6","","10 - 15 Deg. F.","6-Mar","10 - 15 Deg. F. / 3 - 6","10 - 15 / semi-humid","UT.1","#66e566","semi-humid, cool","#aabe7f","G"
"ARFR-WY050-151-FREMONT-16","black",3,124,11,14,NA,562,NA,4.5,1,NA,NA,8.4,1,NA,2,1,NA,2,1,NA,2,15.5,1,NA,2,1,NA,2,1,NA,3,1,3,1,NA,3,1,NA,NA,NA,NA,NA,NA,NA,NA,NA,"Y",NA,"N",NA,"ARFR4-SOS-WY050-151-FREMONT-16","#3288BD",-108.1704472,42.47886111,"10 - 15 Deg. F. / 6 - 12","","10 - 15 Deg. F.","12-Jun","10 - 15 Deg. F. / 6 - 12","10 - 15 / semi-arid","WY.2","#cd8500","semi-arid, cool","#3288BD","J"
"ARFR-WY930-44-LASANIMAS-13","black",3,125,11,15,204,563,NA,4.1,1,NA,NA,7.6,1,NA,2,1,NA,2,1,NA,2,18.4,1,NA,2,1,NA,3,1,NA,3,1,3,1,NA,3,1,NA,NA,NA,NA,NA,NA,NA,NA,NA,"Y",NA,"N",NA,"ARFR4-SOS-WY930-44-LASANIMAS-13","#FDAE61",-104.6423889,37.16547222,"15 - 20 Deg. F. / 3 - 6","","15 - 20 Deg. F.","6-Mar","15 - 20 Deg. F. / 3 - 6","15 - 20 / semi-humid","CO.1","#698b69","semi-humid, warm","#FDAE61","D"
"ARFR-CO932-316-JEFFERSON-12","black",3,126,11,16,NA,564,NA,4,1,NA,NA,10,1,NA,2,1,NA,2,1,NA,2,33.2,1,NA,2,1,NA,3,1,NA,3,1,3,1,NA,3,1,NA,NA,NA,NA,NA,NA,NA,NA,NA,"Y",NA,"N",NA,"ARFR4-SOS-CO932-316-JEFFERSON-12","#FFFF85",-105.358,39.66325,"15 - 20 Deg. F. / 3 - 6","","15 - 20 Deg. F.","6-Mar","15 - 20 Deg. F. / 3 - 6","15 - 20 / semi-humid","CO.3","#698b69","semi-humid, warm","#FFFF85","F"
"ARFR-CO932-316-JEFFERSON-12","black",3,127,11,17,NA,565,NA,4,1,NA,NA,12.6,1,NA,2,1,NA,2,1,NA,2,35.6,1,NA,2,1,NA,3,1,NA,3,1,3,1,NA,3,1,NA,NA,NA,NA,NA,NA,NA,NA,NA,"Y",NA,"N",NA,"ARFR4-SOS-CO932-316-JEFFERSON-12","#FFFF85",-105.358,39.66325,"15 - 20 Deg. F. / 3 - 6","","15 - 20 Deg. F.","6-Mar","15 - 20 Deg. F. / 3 - 6","15 - 20 / semi-humid","CO.3","#698b69","semi-humid, warm","#FFFF85","F"
"ARFR-WY050-49-FREMONT-12","black",3,128,11,18,NA,566,NA,3.9,1,NA,NA,9.7,1,NA,2,1,NA,2,1,NA,2,14.2,1,NA,2,1,NA,2,1,NA,2,1,2,1,NA,2,1,NA,NA,NA,NA,NA,NA,NA,NA,NA,"Y",NA,"N",NA,"ARFR4-SOS-WY050-49-FREMONT-12","#5E4FA2",-109.34775,43.42663611,"5 - 10 Deg. F. / 6 - 12","","5 - 10 Deg. F.","12-Jun","5 - 10 Deg. F. / 6 - 12","5 - 10 / semi-arid","WY.3","#ffb90f","semi-arid, cold","#5E4FA2","K"
"ARFR-AZ930-423-NAVAJO-18","black",3,129,11,19,NA,567,NA,7.9,1,NA,NA,15.7,1,"ARFR-AZ930-422-NAVAJO-18_163 was initially assinged but 423-Navajo was actually planted",2,1,NA,2,1,NA,2,48.2,1,NA,2,1,NA,3,1,NA,3,1,3,1,NA,3,1,NA,NA,NA,NA,NA,NA,NA,NA,NA,"Y",NA,"N",NA,"ARFR4-SOS-AZ930-423-NAVAJO-18","#9E0142",-110.431,36.45877,"15 - 20 Deg. F. / 6 - 12","SdZones downloaded 20230823","15 - 20 Deg. F.","12-Jun","15 - 20 Deg. F. / 6 - 12","15 - 20 / semi-arid","AZ.1","#ee5c42","semi-arid, warm","#9E0142","A"
"ARFR-UT080-109-UINTAH-12","black",3,130,11,20,205,568,NA,6.6,1,NA,NA,10.4,1,NA,2,1,NA,2,1,NA,2,45.6,1,NA,3,1,NA,3,1,NA,3,1,3,1,NA,3,1,NA,NA,NA,NA,NA,NA,NA,NA,NA,"Y",NA,"N",NA,"ARFR4-SOS-UT080-109-UINTAH-12","#aabe7f",-109.1426444,39.70802222,"10 - 15 Deg. F. / 3 - 6","","10 - 15 Deg. F.","6-Mar","10 - 15 Deg. F. / 3 - 6","10 - 15 / semi-humid","UT.1","#66e566","semi-humid, cool","#aabe7f","G"
"ARFR-AZ930-423-NAVAJO-18","black",3,131,11,21,NA,569,NA,6,1,NA,NA,15.8,1,NA,2,1,NA,2,1,NA,2,52,1,NA,2,1,NA,3,1,NA,3,1,3,1,NA,3,1,NA,NA,NA,NA,NA,NA,NA,NA,NA,"Y",NA,"N",NA,"ARFR4-SOS-AZ930-423-NAVAJO-18","#9E0142",-110.431,36.45877,"15 - 20 Deg. F. / 6 - 12","SdZones downloaded 20230823","15 - 20 Deg. F.","12-Jun","15 - 20 Deg. F. / 6 - 12","15 - 20 / semi-arid","AZ.1","#ee5c42","semi-arid, warm","#9E0142","A"
"ARFR-NM930N-66-11","black",3,132,11,22,NA,570,NA,6.2,1,NA,NA,15.4,1,NA,2,1,NA,2,1,NA,2,36.1,1,NA,2,1,NA,3,1,NA,3,1,3,1,NA,3,1,NA,NA,NA,NA,NA,NA,NA,NA,NA,"Y",NA,"N",NA,"ARFR4-SOS-NM930N-66-11","#F46D43",-107.2045028,36.76818611,"10 - 15 Deg. F. / 3 - 6","","10 - 15 Deg. F.","6-Mar","10 - 15 Deg. F. / 3 - 6","10 - 15 / semi-humid","NM.1","#66e566","semi-humid, cool","#F46D43","C"
"ARFR-CO932-316-JEFFERSON-12","black",3,133,11,23,NA,571,NA,5.4,1,NA,NA,15.2,1,"ARFR-CO932-294-11_183 was initially assigned but 316-Jefferson was acutally planted ",2,1,NA,2,1,NA,2,34.4,1,NA,2,1,NA,3,1,NA,3,1,3,1,NA,3,1,NA,NA,NA,NA,NA,NA,NA,NA,NA,"Y",NA,"N",NA,"ARFR4-SOS-CO932-316-JEFFERSON-12","#FFFF85",-105.358,39.66325,"15 - 20 Deg. F. / 3 - 6","","15 - 20 Deg. F.","6-Mar","15 - 20 Deg. F. / 3 - 6","15 - 20 / semi-humid","CO.3","#698b69","semi-humid, warm","#FFFF85","F"
"ARFR-WY050-49-FREMONT-12","black",3,134,11,24,NA,572,NA,4.5,1,NA,NA,6.6,1,NA,2,1,NA,2,1,NA,2,10.9,1,NA,2,1,NA,2,1,NA,2,1,2,1,NA,2,1,NA,NA,NA,NA,NA,NA,NA,NA,NA,"Y",NA,"Y",NA,"ARFR4-SOS-WY050-49-FREMONT-12","#5E4FA2",-109.34775,43.42663611,"5 - 10 Deg. F. / 6 - 12","","5 - 10 Deg. F.","12-Jun","5 - 10 Deg. F. / 6 - 12","5 - 10 / semi-arid","WY.3","#ffb90f","semi-arid, cold","#5E4FA2","K"
"ARFR-WY930-44-LASANIMAS-13","black",3,135,11,25,206,573,NA,5.6,1,NA,NA,11.8,1,NA,2,1,NA,2,1,NA,2,18.4,1,NA,2,1,NA,2,1,NA,3,1,3,1,NA,3,1,NA,NA,NA,NA,NA,NA,NA,NA,NA,"Y",NA,"N",NA,"ARFR4-SOS-WY930-44-LASANIMAS-13","#FDAE61",-104.6423889,37.16547222,"15 - 20 Deg. F. / 3 - 6","","15 - 20 Deg. F.","6-Mar","15 - 20 Deg. F. / 3 - 6","15 - 20 / semi-humid","CO.1","#698b69","semi-humid, warm","#FDAE61","D"
"ARFR-WY050-49-FREMONT-12","black",3,136,11,26,NA,574,NA,4.7,1,NA,NA,7,1,NA,2,1,NA,2,1,NA,2,18.2,1,NA,2,1,NA,3,1,NA,3,1,3,1,NA,3,1,NA,NA,NA,NA,NA,NA,NA,NA,NA,"Y",NA,"N",NA,"ARFR4-SOS-WY050-49-FREMONT-12","#5E4FA2",-109.34775,43.42663611,"5 - 10 Deg. F. / 6 - 12","","5 - 10 Deg. F.","12-Jun","5 - 10 Deg. F. / 6 - 12","5 - 10 / semi-arid","WY.3","#ffb90f","semi-arid, cold","#5E4FA2","K"
"ARFR-WY040-71-10","black",3,137,11,27,NA,575,NA,6,1,NA,NA,8.8,1,NA,2,1,NA,2,1,NA,2,15.5,1,NA,2,1,NA,3,1,NA,3,1,3,1,NA,3,1,NA,NA,NA,NA,NA,NA,NA,NA,NA,"Y",NA,"Y",NA,"ARFR4-SOS-WY040-71-10","#66C2A5",-109.2433156,41.13271889,"5 - 10 Deg. F. / 3 - 6","","5 - 10 Deg. F.","6-Mar","5 - 10 Deg. F. / 3 - 6","5 - 10 / semi-humid","WY.1","#a5c2f1","semi-humid, cold","#66C2A5","I"
"ARFR-CO932-316-JEFFERSON-12","black",3,138,11,28,NA,576,NA,5.1,1,NA,NA,11.3,1,NA,2,1,NA,2,1,NA,2,23,1,NA,2,1,NA,2,1,NA,3,1,3,1,NA,3,1,NA,NA,NA,NA,NA,NA,NA,NA,NA,"Y",NA,"N",NA,"ARFR4-SOS-CO932-316-JEFFERSON-12","#FFFF85",-105.358,39.66325,"15 - 20 Deg. F. / 3 - 6","","15 - 20 Deg. F.","6-Mar","15 - 20 Deg. F. / 3 - 6","15 - 20 / semi-humid","CO.3","#698b69","semi-humid, warm","#FFFF85","F"
"ARFR-CO932-294-11","black",3,139,11,29,NA,577,NA,6.2,1,NA,NA,10,1,NA,2,1,NA,2,1,NA,2,27.5,1,NA,2,1,NA,3,1,NA,3,1,3,1,NA,3,1,NA,NA,NA,NA,NA,NA,NA,NA,NA,"Y",NA,"N",NA,"ARFR4-SOS-CO932-294-11","#ABDDA4",-105.2030833,39.78458333,"15 - 20 Deg. F. / 3 - 6","","15 - 20 Deg. F.","6-Mar","15 - 20 Deg. F. / 3 - 6","15 - 20 / semi-humid","CO.4","#698b69","semi-humid, warm","#ABDDA4","H"
"ARFR-CO932-314-JEFFERSON-12","black",3,140,11,30,207,578,NA,5.8,1,NA,NA,10.5,1,NA,2,1,NA,2,1,NA,2,35.4,1,NA,2,1,NA,3,1,NA,3,1,3,1,NA,3,1,NA,NA,NA,NA,NA,NA,NA,NA,NA,"Y",NA,"N",NA,"ARFR4-SOS-CO932-314-JEFFERSON-12","#FEE08B",-105.3553333,39.40902778,"10 - 15 Deg. F. / 3 - 6","","10 - 15 Deg. F.","6-Mar","10 - 15 Deg. F. / 3 - 6","10 - 15 / semi-humid","CO.2","#66e566","semi-humid, cool","#FEE08B","E"
"ARFR-AZ930-423-NAVAJO-18","black",3,141,11,31,NA,579,NA,4.4,1,NA,NA,12.1,1,"Swapped during planting. 423-Navajo is now plant 141",2,1,NA,2,1,NA,2,34.6,1,NA,2,1,NA,3,1,NA,3,1,3,1,NA,3,1,NA,NA,NA,NA,NA,NA,NA,NA,NA,"Y",NA,"N",NA,"ARFR4-SOS-AZ930-423-NAVAJO-18","#9E0142",-110.431,36.45877,"15 - 20 Deg. F. / 6 - 12","SdZones downloaded 20230823","15 - 20 Deg. F.","12-Jun","15 - 20 Deg. F. / 6 - 12","15 - 20 / semi-arid","AZ.1","#ee5c42","semi-arid, warm","#9E0142","A"
"ARFR-AZ930-422-NAVAJO-18","black",3,142,11,32,NA,580,NA,3.3,1,NA,NA,12.4,1,"Swapped during planting. 422-Navajo is now plant 142",2,1,NA,2,1,NA,2,36.5,1,NA,2,1,NA,3,1,NA,3,1,3,1,NA,3,1,NA,NA,NA,NA,NA,NA,NA,NA,NA,"Y",NA,"N",NA,"ARFR4-SOS-AZ930-422-NAVAJO-18","#D53E4F",-110.431,36.56805,"15 - 20 Deg. F. / 6 - 12","Lats corrected 20230127","15 - 20 Deg. F.","12-Jun","15 - 20 Deg. F. / 6 - 12","15 - 20 / semi-arid","AZ.2","#ee5c42","semi-arid, warm","#D53E4F","B"
"ARFR-UT080-109-UINTAH-12","black",3,143,11,33,NA,581,NA,6.4,1,NA,NA,17.4,1,NA,2,1,NA,2,1,NA,2,50.8,1,NA,3,1,NA,3,1,NA,3,1,3,1,NA,3,1,NA,NA,NA,NA,NA,NA,NA,NA,NA,"Y",NA,"N",NA,"ARFR4-SOS-UT080-109-UINTAH-12","#aabe7f",-109.1426444,39.70802222,"10 - 15 Deg. F. / 3 - 6","","10 - 15 Deg. F.","6-Mar","10 - 15 Deg. F. / 3 - 6","10 - 15 / semi-humid","UT.1","#66e566","semi-humid, cool","#aabe7f","G"
"ARFR-CO932-316-JEFFERSON-12","black",3,144,11,34,NA,582,NA,4,1,NA,NA,11.9,1,NA,2,1,NA,2,1,NA,2,50.5,1,NA,2,1,NA,3,1,NA,3,1,3,1,NA,3,1,NA,NA,NA,NA,NA,NA,NA,NA,NA,"Y",NA,"N",NA,"ARFR4-SOS-CO932-316-JEFFERSON-12","#FFFF85",-105.358,39.66325,"15 - 20 Deg. F. / 3 - 6","","15 - 20 Deg. F.","6-Mar","15 - 20 Deg. F. / 3 - 6","15 - 20 / semi-humid","CO.3","#698b69","semi-humid, warm","#FFFF85","F"
"ARFR-WY040-71-10","black",3,145,11,35,208,583,NA,4.1,1,NA,NA,5.5,1,NA,2,1,NA,2,1,NA,2,11.5,1,NA,2,1,NA,2,1,NA,2,1,2,1,NA,2,1,NA,NA,NA,NA,NA,NA,NA,NA,NA,"Y",NA,"N",NA,"ARFR4-SOS-WY040-71-10","#66C2A5",-109.2433156,41.13271889,"5 - 10 Deg. F. / 3 - 6","","5 - 10 Deg. F.","6-Mar","5 - 10 Deg. F. / 3 - 6","5 - 10 / semi-humid","WY.1","#a5c2f1","semi-humid, cold","#66C2A5","I"
"ARFR-CO932-316-JEFFERSON-12","black",3,146,11,36,NA,584,NA,4,1,NA,NA,11.4,1,NA,2,1,NA,2,1,NA,2,25,1,NA,2,1,NA,3,1,NA,3,1,3,1,NA,3,1,NA,NA,NA,NA,NA,NA,NA,NA,NA,"Y",NA,"N",NA,"ARFR4-SOS-CO932-316-JEFFERSON-12","#FFFF85",-105.358,39.66325,"15 - 20 Deg. F. / 3 - 6","","15 - 20 Deg. F.","6-Mar","15 - 20 Deg. F. / 3 - 6","15 - 20 / semi-humid","CO.3","#698b69","semi-humid, warm","#FFFF85","F"
"ARFR-UT080-109-UINTAH-12","black",3,147,11,37,NA,585,NA,4.7,1,NA,NA,12.8,1,NA,2,1,NA,2,1,NA,2,51.8,1,NA,2,1,NA,3,1,NA,3,1,3,1,NA,3,1,NA,NA,NA,NA,NA,NA,NA,NA,NA,"Y",NA,"N",NA,"ARFR4-SOS-UT080-109-UINTAH-12","#aabe7f",-109.1426444,39.70802222,"10 - 15 Deg. F. / 3 - 6","","10 - 15 Deg. F.","6-Mar","10 - 15 Deg. F. / 3 - 6","10 - 15 / semi-humid","UT.1","#66e566","semi-humid, cool","#aabe7f","G"
"ARFR-AZ930-423-NAVAJO-18","black",3,148,11,38,NA,586,NA,2.8,1,NA,NA,12.6,1,NA,2,1,NA,2,1,NA,2,51.3,1,NA,2,1,NA,3,1,NA,3,1,3,1,NA,3,1,NA,NA,NA,NA,NA,NA,NA,NA,NA,"Y",NA,"N",NA,"ARFR4-SOS-AZ930-423-NAVAJO-18","#9E0142",-110.431,36.45877,"15 - 20 Deg. F. / 6 - 12","SdZones downloaded 20230823","15 - 20 Deg. F.","12-Jun","15 - 20 Deg. F. / 6 - 12","15 - 20 / semi-arid","AZ.1","#ee5c42","semi-arid, warm","#9E0142","A"
"ARFR-CO932-314-JEFFERSON-12","black",3,149,11,39,NA,587,NA,5.5,1,NA,NA,10.7,1,NA,2,1,NA,2,1,NA,2,29,1,NA,2,1,NA,3,1,NA,3,1,3,1,NA,3,1,NA,NA,NA,NA,NA,NA,NA,NA,NA,"Y",NA,"N",NA,"ARFR4-SOS-CO932-314-JEFFERSON-12","#FEE08B",-105.3553333,39.40902778,"10 - 15 Deg. F. / 3 - 6","","10 - 15 Deg. F.","6-Mar","10 - 15 Deg. F. / 3 - 6","10 - 15 / semi-humid","CO.2","#66e566","semi-humid, cool","#FEE08B","E"
"ARFR-NM930N-66-11","black",3,150,11,40,209,588,NA,5.4,1,NA,NA,14.3,1,"Swapped during planting. NM-66 is now plant 150",2,1,NA,2,1,NA,2,51.7,1,NA,3,1,NA,3,1,NA,3,1,3,1,NA,3,1,NA,NA,NA,NA,NA,NA,NA,NA,NA,"Y",NA,"N",NA,"ARFR4-SOS-NM930N-66-11","#F46D43",-107.2045028,36.76818611,"10 - 15 Deg. F. / 3 - 6","","10 - 15 Deg. F.","6-Mar","10 - 15 Deg. F. / 3 - 6","10 - 15 / semi-humid","NM.1","#66e566","semi-humid, cool","#F46D43","C"
"ARFR-AZ930-422-NAVAJO-18","black",3,151,11,41,NA,589,NA,8.2,1,NA,NA,18.8,1,"Swapped during planting. 422-Navajo is now plant 151",2,1,NA,2,1,NA,2,60.2,1,NA,2,1,NA,3,1,NA,3,1,3,1,NA,3,1,NA,NA,NA,NA,NA,NA,NA,NA,NA,"Y",NA,"N",NA,"ARFR4-SOS-AZ930-422-NAVAJO-18","#D53E4F",-110.431,36.56805,"15 - 20 Deg. F. / 6 - 12","Lats corrected 20230127","15 - 20 Deg. F.","12-Jun","15 - 20 Deg. F. / 6 - 12","15 - 20 / semi-arid","AZ.2","#ee5c42","semi-arid, warm","#D53E4F","B"
"ARFR-AZ930-422-NAVAJO-18","black",3,152,11,42,NA,590,NA,5.2,1,NA,NA,15.4,1,NA,2,1,NA,2,1,NA,2,48.7,1,NA,2,1,NA,3,1,NA,3,1,3,1,NA,3,1,NA,NA,NA,NA,NA,NA,NA,NA,NA,"Y",NA,"N",NA,"ARFR4-SOS-AZ930-422-NAVAJO-18","#D53E4F",-110.431,36.56805,"15 - 20 Deg. F. / 6 - 12","Lats corrected 20230127","15 - 20 Deg. F.","12-Jun","15 - 20 Deg. F. / 6 - 12","15 - 20 / semi-arid","AZ.2","#ee5c42","semi-arid, warm","#D53E4F","B"
"ARFR-WY930-44-LASANIMAS-13","black",3,153,11,43,NA,591,NA,4.3,1,NA,NA,10,1,NA,2,1,NA,2,1,NA,2,30,1,NA,2,1,NA,3,1,NA,3,1,3,1,NA,3,1,NA,NA,NA,NA,NA,NA,NA,NA,NA,"Y",NA,"N",NA,"ARFR4-SOS-WY930-44-LASANIMAS-13","#FDAE61",-104.6423889,37.16547222,"15 - 20 Deg. F. / 3 - 6","","15 - 20 Deg. F.","6-Mar","15 - 20 Deg. F. / 3 - 6","15 - 20 / semi-humid","CO.1","#698b69","semi-humid, warm","#FDAE61","D"
"ARFR-NM930N-66-11","black",3,154,11,44,NA,592,NA,7.5,1,NA,NA,13.8,1,NA,2,1,NA,2,1,NA,2,39.1,1,NA,2,1,NA,3,1,NA,3,1,3,1,NA,3,1,NA,NA,NA,NA,NA,NA,NA,NA,NA,"Y",NA,"Y",NA,"ARFR4-SOS-NM930N-66-11","#F46D43",-107.2045028,36.76818611,"10 - 15 Deg. F. / 3 - 6","","10 - 15 Deg. F.","6-Mar","10 - 15 Deg. F. / 3 - 6","10 - 15 / semi-humid","NM.1","#66e566","semi-humid, cool","#F46D43","C"
"ARFR-CO932-314-JEFFERSON-12","black",3,155,11,45,210,593,NA,5.6,1,NA,NA,8.9,1,NA,2,1,NA,2,1,NA,2,30.4,1,NA,3,1,NA,3,1,NA,3,1,3,1,NA,3,1,NA,NA,NA,NA,NA,NA,NA,NA,NA,"Y",NA,"N",NA,"ARFR4-SOS-CO932-314-JEFFERSON-12","#FEE08B",-105.3553333,39.40902778,"10 - 15 Deg. F. / 3 - 6","","10 - 15 Deg. F.","6-Mar","10 - 15 Deg. F. / 3 - 6","10 - 15 / semi-humid","CO.2","#66e566","semi-humid, cool","#FEE08B","E"
"ARFR-CO932-294-11","black",3,156,11,46,NA,594,NA,4.8,1,NA,NA,8,1,NA,2,1,NA,2,1,NA,2,22.8,1,NA,2,1,NA,3,1,NA,3,1,3,1,NA,3,1,NA,NA,NA,NA,NA,NA,NA,NA,NA,"Y",NA,"N",NA,"ARFR4-SOS-CO932-294-11","#ABDDA4",-105.2030833,39.78458333,"15 - 20 Deg. F. / 3 - 6","","15 - 20 Deg. F.","6-Mar","15 - 20 Deg. F. / 3 - 6","15 - 20 / semi-humid","CO.4","#698b69","semi-humid, warm","#ABDDA4","H"
"ARFR-NM930N-66-11","black",3,157,11,47,NA,595,NA,9.1,1,NA,NA,22.1,1,NA,2,1,NA,2,1,NA,2,59,1,NA,2,1,NA,3,1,NA,3,1,3,1,NA,3,1,NA,NA,NA,NA,NA,NA,NA,NA,NA,"Y",NA,"Y",NA,"ARFR4-SOS-NM930N-66-11","#F46D43",-107.2045028,36.76818611,"10 - 15 Deg. F. / 3 - 6","","10 - 15 Deg. F.","6-Mar","10 - 15 Deg. F. / 3 - 6","10 - 15 / semi-humid","NM.1","#66e566","semi-humid, cool","#F46D43","C"
"ARFR-CO932-316-JEFFERSON-12","black",3,158,11,48,NA,596,NA,5.4,1,NA,NA,10.7,1,NA,2,1,NA,2,1,NA,2,25.5,1,NA,2,1,NA,3,1,NA,3,1,3,1,NA,3,1,NA,NA,NA,NA,NA,NA,NA,NA,NA,"Y",NA,"N",NA,"ARFR4-SOS-CO932-316-JEFFERSON-12","#FFFF85",-105.358,39.66325,"15 - 20 Deg. F. / 3 - 6","","15 - 20 Deg. F.","6-Mar","15 - 20 Deg. F. / 3 - 6","15 - 20 / semi-humid","CO.3","#698b69","semi-humid, warm","#FFFF85","F"
"ARFR-AZ930-422-NAVAJO-18","black",3,159,11,49,NA,597,NA,3.8,1,NA,NA,12.4,1,NA,2,1,NA,2,1,NA,2,42,1,NA,2,1,NA,3,1,NA,3,1,3,1,NA,3,1,NA,NA,NA,NA,NA,NA,NA,NA,NA,"Y",NA,"N",NA,"ARFR4-SOS-AZ930-422-NAVAJO-18","#D53E4F",-110.431,36.56805,"15 - 20 Deg. F. / 6 - 12","Lats corrected 20230127","15 - 20 Deg. F.","12-Jun","15 - 20 Deg. F. / 6 - 12","15 - 20 / semi-arid","AZ.2","#ee5c42","semi-arid, warm","#D53E4F","B"
"ARFR-CO932-294-11","black",3,160,11,50,211,598,NA,6.3,1,NA,NA,9.3,1,NA,2,1,NA,2,1,NA,2,27.4,1,NA,2,1,NA,3,1,NA,3,1,3,1,NA,3,1,NA,NA,NA,NA,NA,NA,NA,NA,NA,"Y",NA,"N",NA,"ARFR4-SOS-CO932-294-11","#ABDDA4",-105.2030833,39.78458333,"15 - 20 Deg. F. / 3 - 6","","15 - 20 Deg. F.","6-Mar","15 - 20 Deg. F. / 3 - 6","15 - 20 / semi-humid","CO.4","#698b69","semi-humid, warm","#ABDDA4","H"
"ARFR-NM930N-66-11","black",3,161,11,51,NA,599,NA,8.8,1,NA,NA,18.3,1,NA,2,1,NA,2,1,NA,2,54.1,1,NA,2,1,NA,3,1,NA,3,1,3,1,NA,3,1,NA,NA,NA,NA,NA,NA,NA,NA,NA,"Y",NA,"N",NA,"ARFR4-SOS-NM930N-66-11","#F46D43",-107.2045028,36.76818611,"10 - 15 Deg. F. / 3 - 6","","10 - 15 Deg. F.","6-Mar","10 - 15 Deg. F. / 3 - 6","10 - 15 / semi-humid","NM.1","#66e566","semi-humid, cool","#F46D43","C"
"ARFR-WY040-71-10","black",3,162,11,52,NA,600,NA,3,1,NA,NA,4.6,1,NA,2,1,NA,2,1,NA,2,9.7,1,NA,2,1,NA,2,1,NA,2,1,2,1,NA,2,1,NA,NA,NA,NA,NA,NA,NA,NA,NA,"N",NA,"N",NA,"ARFR4-SOS-WY040-71-10","#66C2A5",-109.2433156,41.13271889,"5 - 10 Deg. F. / 3 - 6","","5 - 10 Deg. F.","6-Mar","5 - 10 Deg. F. / 3 - 6","5 - 10 / semi-humid","WY.1","#a5c2f1","semi-humid, cold","#66C2A5","I"
"ARFR-WY040-71-10","black",3,163,11,53,NA,601,NA,4,1,NA,NA,8.9,1,NA,2,1,NA,2,1,NA,2,20,1,NA,2,1,NA,2,1,NA,2,1,2,1,NA,2,1,NA,"Yes",NA,121.73,NA,"L",89.752,58.92,51.96,"N",NA,"N",NA,"ARFR4-SOS-WY040-71-10","#66C2A5",-109.2433156,41.13271889,"5 - 10 Deg. F. / 3 - 6","","5 - 10 Deg. F.","6-Mar","5 - 10 Deg. F. / 3 - 6","5 - 10 / semi-humid","WY.1","#a5c2f1","semi-humid, cold","#66C2A5","I"
"ARFR-CO932-314-JEFFERSON-12","black",3,164,11,54,NA,602,NA,2.6,1,NA,NA,8.7,1,NA,2,1,NA,2,1,NA,2,26,1,NA,2,1,NA,3,1,NA,3,1,3,1,NA,3,1,NA,NA,NA,NA,NA,NA,NA,NA,NA,"Y",NA,"N",NA,"ARFR4-SOS-CO932-314-JEFFERSON-12","#FEE08B",-105.3553333,39.40902778,"10 - 15 Deg. F. / 3 - 6","","10 - 15 Deg. F.","6-Mar","10 - 15 Deg. F. / 3 - 6","10 - 15 / semi-humid","CO.2","#66e566","semi-humid, cool","#FEE08B","E"
"ARFR-CO932-294-11","black",3,165,11,55,212,603,NA,3,1,NA,NA,NA,0,"Odd morph 5/27 dead 6/23",NA,0,NA,NA,0,NA,NA,NA,0,NA,NA,0,NA,NA,0,NA,NA,0,NA,0,NA,NA,0,NA,NA,NA,NA,NA,NA,NA,NA,NA,"N",NA,"N",NA,"ARFR4-SOS-CO932-294-11","#ABDDA4",-105.2030833,39.78458333,"15 - 20 Deg. F. / 3 - 6","","15 - 20 Deg. F.","6-Mar","15 - 20 Deg. F. / 3 - 6","15 - 20 / semi-humid","CO.4","#698b69","semi-humid, warm","#ABDDA4","H"
"ARFR-UT080-109-UINTAH-12","black",3,166,12,1,201,604,NA,6.9,1,NA,NA,12.7,1,NA,2,1,NA,2,1,NA,2,24,1,NA,2,1,NA,2,1,NA,2,1,2,1,"dying",3,1,NA,NA,NA,NA,NA,NA,NA,NA,NA,"Y",NA,"N",NA,"ARFR4-SOS-UT080-109-UINTAH-12","#aabe7f",-109.1426444,39.70802222,"10 - 15 Deg. F. / 3 - 6","","10 - 15 Deg. F.","6-Mar","10 - 15 Deg. F. / 3 - 6","10 - 15 / semi-humid","UT.1","#66e566","semi-humid, cool","#aabe7f","G"
"ARFR-CO932-314-JEFFERSON-12","black",3,167,12,2,NA,605,NA,6.3,1,NA,NA,12.2,1,NA,2,1,NA,2,1,NA,2,19.6,1,NA,2,1,NA,2,1,NA,3,1,3,1,NA,3,1,NA,NA,NA,NA,NA,NA,NA,NA,NA,"Y",NA,"N",NA,"ARFR4-SOS-CO932-314-JEFFERSON-12","#FEE08B",-105.3553333,39.40902778,"10 - 15 Deg. F. / 3 - 6","","10 - 15 Deg. F.","6-Mar","10 - 15 Deg. F. / 3 - 6","10 - 15 / semi-humid","CO.2","#66e566","semi-humid, cool","#FEE08B","E"
"ARFR-CO932-314-JEFFERSON-12","black",3,168,12,3,NA,606,NA,5.7,1,NA,NA,9.9,1,NA,2,1,NA,2,1,NA,2,17.2,1,NA,2,1,NA,3,1,NA,3,1,3,1,NA,3,1,NA,NA,NA,NA,NA,NA,NA,NA,NA,"Y",NA,"N",NA,"ARFR4-SOS-CO932-314-JEFFERSON-12","#FEE08B",-105.3553333,39.40902778,"10 - 15 Deg. F. / 3 - 6","","10 - 15 Deg. F.","6-Mar","10 - 15 Deg. F. / 3 - 6","10 - 15 / semi-humid","CO.2","#66e566","semi-humid, cool","#FEE08B","E"
"ARFR-WY930-44-LASANIMAS-13","black",3,169,12,4,NA,607,NA,2.8,1,NA,NA,8.1,1,NA,2,1,NA,2,1,NA,2,14.2,1,NA,2,1,NA,2,1,NA,2,1,3,1,NA,3,1,NA,NA,NA,NA,NA,NA,NA,NA,NA,"Y",NA,"N",NA,"ARFR4-SOS-WY930-44-LASANIMAS-13","#FDAE61",-104.6423889,37.16547222,"15 - 20 Deg. F. / 3 - 6","","15 - 20 Deg. F.","6-Mar","15 - 20 Deg. F. / 3 - 6","15 - 20 / semi-humid","CO.1","#698b69","semi-humid, warm","#FDAE61","D"
"ARFR-WY050-49-FREMONT-12","black",3,170,12,5,202,608,NA,4,1,NA,NA,6,1,NA,2,1,NA,2,1,NA,2,8.9,1,NA,2,1,NA,2,1,NA,2,1,2,1,NA,2,1,NA,NA,NA,NA,NA,NA,NA,NA,NA,"N",NA,"N",NA,"ARFR4-SOS-WY050-49-FREMONT-12","#5E4FA2",-109.34775,43.42663611,"5 - 10 Deg. F. / 6 - 12","","5 - 10 Deg. F.","12-Jun","5 - 10 Deg. F. / 6 - 12","5 - 10 / semi-arid","WY.3","#ffb90f","semi-arid, cold","#5E4FA2","K"
"ARFR-AZ930-422-NAVAJO-18","black",3,171,12,6,NA,609,NA,4.3,1,NA,NA,16.2,1,NA,2,1,NA,2,1,NA,2,46.9,1,NA,2,1,NA,3,1,NA,3,1,3,1,NA,3,1,NA,NA,NA,NA,NA,NA,NA,NA,NA,"Y",NA,"Y",NA,"ARFR4-SOS-AZ930-422-NAVAJO-18","#D53E4F",-110.431,36.56805,"15 - 20 Deg. F. / 6 - 12","Lats corrected 20230127","15 - 20 Deg. F.","12-Jun","15 - 20 Deg. F. / 6 - 12","15 - 20 / semi-arid","AZ.2","#ee5c42","semi-arid, warm","#D53E4F","B"
"ARFR-CO932-314-JEFFERSON-12","black",3,172,12,7,NA,610,NA,2,1,NA,NA,9.6,1,NA,2,1,NA,2,1,NA,2,29.1,1,NA,2,1,NA,3,1,NA,3,1,3,1,NA,3,1,NA,NA,NA,NA,NA,NA,NA,NA,NA,"Y",NA,"N",NA,"ARFR4-SOS-CO932-314-JEFFERSON-12","#FEE08B",-105.3553333,39.40902778,"10 - 15 Deg. F. / 3 - 6","","10 - 15 Deg. F.","6-Mar","10 - 15 Deg. F. / 3 - 6","10 - 15 / semi-humid","CO.2","#66e566","semi-humid, cool","#FEE08B","E"
"ARFR-WY050-49-FREMONT-12","black",3,173,12,8,NA,611,NA,4.6,1,NA,NA,11.2,1,NA,2,1,NA,2,1,NA,2,20.1,1,NA,2,1,NA,3,1,NA,3,1,3,1,NA,3,1,NA,NA,NA,NA,NA,NA,NA,NA,NA,"Y",NA,"N",NA,"ARFR4-SOS-WY050-49-FREMONT-12","#5E4FA2",-109.34775,43.42663611,"5 - 10 Deg. F. / 6 - 12","","5 - 10 Deg. F.","12-Jun","5 - 10 Deg. F. / 6 - 12","5 - 10 / semi-arid","WY.3","#ffb90f","semi-arid, cold","#5E4FA2","K"
"ARFR-NM930N-66-11","black",3,174,12,9,NA,612,NA,5.5,1,NA,NA,21,1,NA,2,1,NA,2,1,NA,2,53,1,NA,2,1,NA,3,1,NA,3,1,3,1,NA,3,1,NA,NA,NA,NA,NA,NA,NA,NA,NA,"Y",NA,"N",NA,"ARFR4-SOS-NM930N-66-11","#F46D43",-107.2045028,36.76818611,"10 - 15 Deg. F. / 3 - 6","","10 - 15 Deg. F.","6-Mar","10 - 15 Deg. F. / 3 - 6","10 - 15 / semi-humid","NM.1","#66e566","semi-humid, cool","#F46D43","C"
"ARFR-WY050-49-FREMONT-12","black",3,175,12,10,203,613,NA,3.4,1,NA,NA,6.2,1,NA,2,1,NA,2,1,NA,2,16.5,1,NA,2,1,NA,3,1,NA,3,1,3,1,NA,3,1,NA,NA,NA,NA,NA,NA,NA,NA,NA,"Y",NA,"N",NA,"ARFR4-SOS-WY050-49-FREMONT-12","#5E4FA2",-109.34775,43.42663611,"5 - 10 Deg. F. / 6 - 12","","5 - 10 Deg. F.","12-Jun","5 - 10 Deg. F. / 6 - 12","5 - 10 / semi-arid","WY.3","#ffb90f","semi-arid, cold","#5E4FA2","K"
"ARFR-WY050-151-FREMONT-16","black",3,176,12,11,NA,614,NA,3,1,NA,NA,6.9,1,NA,2,1,NA,2,1,NA,2,11.8,1,NA,2,1,NA,3,1,NA,3,1,3,1,NA,3,1,NA,NA,NA,NA,NA,NA,NA,NA,NA,"Y",NA,"N",NA,"ARFR4-SOS-WY050-151-FREMONT-16","#3288BD",-108.1704472,42.47886111,"10 - 15 Deg. F. / 6 - 12","","10 - 15 Deg. F.","12-Jun","10 - 15 Deg. F. / 6 - 12","10 - 15 / semi-arid","WY.2","#cd8500","semi-arid, cool","#3288BD","J"
"ARFR-WY040-71-10","black",3,177,12,12,NA,615,NA,4.4,1,NA,NA,8.3,1,NA,2,1,NA,2,1,NA,2,32.2,1,NA,3,1,NA,3,1,NA,3,1,3,1,NA,3,1,NA,NA,NA,NA,NA,NA,NA,NA,NA,"Y",NA,"N",NA,"ARFR4-SOS-WY040-71-10","#66C2A5",-109.2433156,41.13271889,"5 - 10 Deg. F. / 3 - 6","","5 - 10 Deg. F.","6-Mar","5 - 10 Deg. F. / 3 - 6","5 - 10 / semi-humid","WY.1","#a5c2f1","semi-humid, cold","#66C2A5","I"
"ARFR-WY050-49-FREMONT-12","black",3,178,12,13,NA,616,NA,2,1,NA,NA,4.6,1,NA,2,1,NA,2,1,NA,2,11.5,1,NA,2,1,NA,2,1,NA,2,1,2,1,NA,2,1,NA,"Yes",NA,43.79,NA,"S",36.83,NA,NA,"N",NA,"N",NA,"ARFR4-SOS-WY050-49-FREMONT-12","#5E4FA2",-109.34775,43.42663611,"5 - 10 Deg. F. / 6 - 12","","5 - 10 Deg. F.","12-Jun","5 - 10 Deg. F. / 6 - 12","5 - 10 / semi-arid","WY.3","#ffb90f","semi-arid, cold","#5E4FA2","K"
"ARFR-WY050-151-FREMONT-16","black",3,179,12,14,NA,617,NA,4.6,1,NA,NA,6.6,1,NA,2,1,NA,2,1,NA,2,11.7,1,NA,2,1,NA,2,1,NA,2,1,2,1,NA,2,1,NA,NA,NA,NA,NA,NA,NA,NA,NA,"N",NA,"N",NA,"ARFR4-SOS-WY050-151-FREMONT-16","#3288BD",-108.1704472,42.47886111,"10 - 15 Deg. F. / 6 - 12","","10 - 15 Deg. F.","12-Jun","10 - 15 Deg. F. / 6 - 12","10 - 15 / semi-arid","WY.2","#cd8500","semi-arid, cool","#3288BD","J"
"ARFR-WY040-71-10","black",3,180,12,15,204,618,NA,4.3,1,NA,NA,8.5,1,NA,2,1,NA,2,1,NA,2,12,1,NA,2,1,NA,2,1,NA,2,1,2,1,NA,2,1,NA,NA,NA,NA,NA,NA,NA,NA,NA,"N",NA,"N",NA,"ARFR4-SOS-WY040-71-10","#66C2A5",-109.2433156,41.13271889,"5 - 10 Deg. F. / 3 - 6","","5 - 10 Deg. F.","6-Mar","5 - 10 Deg. F. / 3 - 6","5 - 10 / semi-humid","WY.1","#a5c2f1","semi-humid, cold","#66C2A5","I"
"ARFR-NM930N-66-11","black",3,181,12,16,NA,619,NA,7.4,1,NA,NA,18.9,1,NA,2,1,NA,2,1,NA,2,58.5,1,NA,2,1,NA,3,1,NA,3,1,3,1,NA,3,1,NA,NA,NA,NA,NA,NA,NA,NA,NA,"Y",NA,"N",NA,"ARFR4-SOS-NM930N-66-11","#F46D43",-107.2045028,36.76818611,"10 - 15 Deg. F. / 3 - 6","","10 - 15 Deg. F.","6-Mar","10 - 15 Deg. F. / 3 - 6","10 - 15 / semi-humid","NM.1","#66e566","semi-humid, cool","#F46D43","C"
"ARFR-AZ930-423-NAVAJO-18","black",3,182,12,17,NA,620,NA,6.2,1,NA,NA,5.8,1,NA,2,1,NA,2,1,NA,2,41.2,1,NA,2,1,NA,3,1,NA,3,1,3,1,NA,3,1,NA,NA,NA,NA,NA,NA,NA,NA,NA,"Y",NA,"N",NA,"ARFR4-SOS-AZ930-423-NAVAJO-18","#9E0142",-110.431,36.45877,"15 - 20 Deg. F. / 6 - 12","SdZones downloaded 20230823","15 - 20 Deg. F.","12-Jun","15 - 20 Deg. F. / 6 - 12","15 - 20 / semi-arid","AZ.1","#ee5c42","semi-arid, warm","#9E0142","A"
"ARFR-AZ930-423-NAVAJO-18","black",3,183,12,18,NA,621,NA,6.6,1,NA,NA,15.9,1,"ARFR-WY050-151-FREMONT-16_163 was initially assinged but 423-Navajo actually planted",2,1,NA,2,1,NA,2,34.7,1,NA,2,1,NA,3,1,NA,3,1,3,1,NA,3,1,NA,NA,NA,NA,NA,NA,NA,NA,NA,"Y",NA,"N",NA,"ARFR4-SOS-AZ930-423-NAVAJO-18","#9E0142",-110.431,36.45877,"15 - 20 Deg. F. / 6 - 12","SdZones downloaded 20230823","15 - 20 Deg. F.","12-Jun","15 - 20 Deg. F. / 6 - 12","15 - 20 / semi-arid","AZ.1","#ee5c42","semi-arid, warm","#9E0142","A"
"ARFR-WY050-151-FREMONT-16","black",3,184,12,19,NA,622,NA,5.6,1,NA,NA,6.7,1,"ARFR-AZ930-422-NAVAJO-18_173 was initially assinged but Fremont-16 actually planted",2,1,NA,2,1,NA,2,9.2,1,NA,2,1,NA,2,1,NA,2,1,2,1,NA,2,1,NA,NA,NA,NA,NA,NA,NA,NA,NA,"Y",NA,"N",NA,"ARFR4-SOS-WY050-151-FREMONT-16","#3288BD",-108.1704472,42.47886111,"10 - 15 Deg. F. / 6 - 12","","10 - 15 Deg. F.","12-Jun","10 - 15 Deg. F. / 6 - 12","10 - 15 / semi-arid","WY.2","#cd8500","semi-arid, cool","#3288BD","J"
"ARFR-AZ930-422-NAVAJO-18","black",3,185,12,20,205,623,NA,3.4,1,NA,NA,10.3,1,"ARFR-CO932-294-11_163 was initially assinged but 422-Navajo actually planted",2,1,NA,2,1,NA,2,30.5,1,NA,2,1,NA,3,1,NA,3,1,3,1,NA,3,1,NA,NA,NA,NA,NA,NA,NA,NA,NA,"Y",NA,"N",NA,"ARFR4-SOS-AZ930-422-NAVAJO-18","#D53E4F",-110.431,36.56805,"15 - 20 Deg. F. / 6 - 12","Lats corrected 20230127","15 - 20 Deg. F.","12-Jun","15 - 20 Deg. F. / 6 - 12","15 - 20 / semi-arid","AZ.2","#ee5c42","semi-arid, warm","#D53E4F","B"
"ARFR-CO932-294-11","black",3,186,12,21,NA,624,NA,4.4,1,NA,NA,7.2,1,"ARFR-WY050-151-FREMONT-16_003 was initially assinged but CO-294 actually planted",2,1,NA,2,1,NA,2,14.9,1,NA,2,1,NA,2,1,NA,3,1,3,1,NA,3,1,NA,"Yes",NA,50.75,NA,"S",43.79,8.93,1.97,"Y",NA,"N",NA,"ARFR4-SOS-CO932-294-11","#ABDDA4",-105.2030833,39.78458333,"15 - 20 Deg. F. / 3 - 6","","15 - 20 Deg. F.","6-Mar","15 - 20 Deg. F. / 3 - 6","15 - 20 / semi-humid","CO.4","#698b69","semi-humid, warm","#ABDDA4","H"
"ARFR-CO932-294-11","black",3,187,12,22,NA,625,NA,4,1,NA,NA,11.6,1,NA,2,1,NA,2,1,NA,2,42,1,NA,2,1,NA,3,1,NA,3,1,3,1,NA,3,1,NA,NA,NA,NA,NA,NA,NA,NA,NA,"Y",NA,"N",NA,"ARFR4-SOS-CO932-294-11","#ABDDA4",-105.2030833,39.78458333,"15 - 20 Deg. F. / 3 - 6","","15 - 20 Deg. F.","6-Mar","15 - 20 Deg. F. / 3 - 6","15 - 20 / semi-humid","CO.4","#698b69","semi-humid, warm","#ABDDA4","H"
"ARFR-CO932-314-JEFFERSON-12","black",3,188,12,23,NA,626,NA,4.6,1,NA,NA,11.5,1,"ARFR-AZ930-423-NAVAJO-18_023 was initially assinged but 314-Jefferson actually planted",2,1,NA,2,1,NA,2,19.7,1,NA,2,1,NA,3,1,NA,3,1,3,1,NA,3,1,NA,NA,NA,NA,NA,NA,NA,NA,NA,"Y",NA,"N",NA,"ARFR4-SOS-CO932-314-JEFFERSON-12","#FEE08B",-105.3553333,39.40902778,"10 - 15 Deg. F. / 3 - 6","","10 - 15 Deg. F.","6-Mar","10 - 15 Deg. F. / 3 - 6","10 - 15 / semi-humid","CO.2","#66e566","semi-humid, cool","#FEE08B","E"
"ARFR-WY050-151-FREMONT-16","black",3,189,12,24,NA,627,NA,4.9,1,NA,NA,7.7,1,"ARFR-CO932-314-JEFFERSON-12_063 was initially assinged but Fremont-16 actually planted",2,1,NA,2,1,NA,2,19.2,1,NA,2,1,NA,3,1,NA,3,1,3,1,NA,3,1,NA,NA,NA,NA,NA,NA,NA,NA,NA,"Y",NA,"N",NA,"ARFR4-SOS-WY050-151-FREMONT-16","#3288BD",-108.1704472,42.47886111,"10 - 15 Deg. F. / 6 - 12","","10 - 15 Deg. F.","12-Jun","10 - 15 Deg. F. / 6 - 12","10 - 15 / semi-arid","WY.2","#cd8500","semi-arid, cool","#3288BD","J"
"ARFR-WY050-151-FREMONT-16","black",3,190,12,25,206,628,NA,4,1,NA,NA,7.4,1,NA,2,1,NA,2,1,NA,2,12,1,NA,2,1,NA,2,1,NA,2,1,2,1,NA,2,1,NA,NA,NA,NA,NA,NA,NA,NA,NA,"Y",NA,"N",NA,"ARFR4-SOS-WY050-151-FREMONT-16","#3288BD",-108.1704472,42.47886111,"10 - 15 Deg. F. / 6 - 12","","10 - 15 Deg. F.","12-Jun","10 - 15 Deg. F. / 6 - 12","10 - 15 / semi-arid","WY.2","#cd8500","semi-arid, cool","#3288BD","J"
"ARFR-WY050-49-FREMONT-12","black",3,191,12,26,NA,629,NA,5.7,1,NA,NA,8.3,1,NA,2,1,NA,2,1,NA,2,13.1,1,NA,2,1,NA,3,1,NA,3,1,3,1,NA,3,1,NA,NA,NA,NA,NA,NA,NA,NA,NA,"Y",NA,"N",NA,"ARFR4-SOS-WY050-49-FREMONT-12","#5E4FA2",-109.34775,43.42663611,"5 - 10 Deg. F. / 6 - 12","","5 - 10 Deg. F.","12-Jun","5 - 10 Deg. F. / 6 - 12","5 - 10 / semi-arid","WY.3","#ffb90f","semi-arid, cold","#5E4FA2","K"
"ARFR-NM930N-66-11","black",3,192,12,27,NA,630,NA,9.4,1,NA,NA,17.2,1,NA,2,1,NA,2,1,NA,2,60.5,1,NA,2,1,NA,3,1,NA,3,1,3,1,NA,3,1,NA,NA,NA,NA,NA,NA,NA,NA,NA,"Y",NA,"N",NA,"ARFR4-SOS-NM930N-66-11","#F46D43",-107.2045028,36.76818611,"10 - 15 Deg. F. / 3 - 6","","10 - 15 Deg. F.","6-Mar","10 - 15 Deg. F. / 3 - 6","10 - 15 / semi-humid","NM.1","#66e566","semi-humid, cool","#F46D43","C"
"ARFR-UT080-109-UINTAH-12","black",3,193,12,28,NA,631,NA,3.5,1,NA,NA,12.3,1,NA,2,1,NA,2,1,NA,2,31.2,1,NA,2,1,NA,3,1,NA,3,1,3,1,NA,3,1,NA,NA,NA,NA,NA,NA,NA,NA,NA,"Y",NA,"N",NA,"ARFR4-SOS-UT080-109-UINTAH-12","#aabe7f",-109.1426444,39.70802222,"10 - 15 Deg. F. / 3 - 6","","10 - 15 Deg. F.","6-Mar","10 - 15 Deg. F. / 3 - 6","10 - 15 / semi-humid","UT.1","#66e566","semi-humid, cool","#aabe7f","G"
"ARFR-CO932-316-JEFFERSON-12","black",3,194,12,29,NA,632,NA,4.6,1,NA,NA,9.9,1,NA,2,1,NA,2,1,NA,2,27.2,1,NA,2,1,NA,3,1,NA,3,1,3,1,NA,3,1,NA,NA,NA,NA,NA,NA,NA,NA,NA,"Y",NA,"N",NA,"ARFR4-SOS-CO932-316-JEFFERSON-12","#FFFF85",-105.358,39.66325,"15 - 20 Deg. F. / 3 - 6","","15 - 20 Deg. F.","6-Mar","15 - 20 Deg. F. / 3 - 6","15 - 20 / semi-humid","CO.3","#698b69","semi-humid, warm","#FFFF85","F"
"ARFR-CO932-294-11","black",3,195,12,30,207,633,NA,5.7,1,NA,NA,8.4,1,NA,2,1,NA,2,1,NA,2,17.1,1,NA,2,1,NA,3,1,NA,3,1,3,1,NA,3,1,NA,NA,NA,NA,NA,NA,NA,NA,NA,"Y",NA,"N",NA,"ARFR4-SOS-CO932-294-11","#ABDDA4",-105.2030833,39.78458333,"15 - 20 Deg. F. / 3 - 6","","15 - 20 Deg. F.","6-Mar","15 - 20 Deg. F. / 3 - 6","15 - 20 / semi-humid","CO.4","#698b69","semi-humid, warm","#ABDDA4","H"
"ARFR-WY050-151-FREMONT-16","black",3,196,12,31,NA,634,NA,7.3,1,NA,NA,9.1,1,NA,2,1,NA,2,1,NA,2,8,1,NA,2,1,NA,2,1,NA,2,1,2,1,NA,2,1,NA,NA,NA,NA,NA,NA,NA,NA,NA,"Y",NA,"N",NA,"ARFR4-SOS-WY050-151-FREMONT-16","#3288BD",-108.1704472,42.47886111,"10 - 15 Deg. F. / 6 - 12","","10 - 15 Deg. F.","12-Jun","10 - 15 Deg. F. / 6 - 12","10 - 15 / semi-arid","WY.2","#cd8500","semi-arid, cool","#3288BD","J"
"ARFR-CO932-316-JEFFERSON-12","black",3,197,12,32,NA,635,NA,4,1,NA,NA,11.3,1,NA,2,1,NA,2,1,NA,2,36.7,1,NA,2,1,NA,3,1,NA,3,1,3,1,NA,3,1,NA,NA,NA,NA,NA,NA,NA,NA,NA,"Y",NA,"N",NA,"ARFR4-SOS-CO932-316-JEFFERSON-12","#FFFF85",-105.358,39.66325,"15 - 20 Deg. F. / 3 - 6","","15 - 20 Deg. F.","6-Mar","15 - 20 Deg. F. / 3 - 6","15 - 20 / semi-humid","CO.3","#698b69","semi-humid, warm","#FFFF85","F"
"ARFR-WY050-49-FREMONT-12","black",3,198,12,33,NA,636,NA,5.3,1,NA,NA,8.8,1,NA,2,1,NA,2,1,NA,2,12.6,1,NA,2,1,NA,3,1,NA,3,1,3,1,NA,3,1,NA,NA,NA,NA,NA,NA,NA,NA,NA,"Y",NA,"N",NA,"ARFR4-SOS-WY050-49-FREMONT-12","#5E4FA2",-109.34775,43.42663611,"5 - 10 Deg. F. / 6 - 12","","5 - 10 Deg. F.","12-Jun","5 - 10 Deg. F. / 6 - 12","5 - 10 / semi-arid","WY.3","#ffb90f","semi-arid, cold","#5E4FA2","K"
"ARFR-WY050-49-FREMONT-12","black",3,199,12,34,NA,637,NA,2.6,1,NA,NA,6.3,1,NA,2,1,NA,2,1,NA,2,11.6,1,NA,2,1,NA,2,1,NA,2,1,2,1,NA,2,1,NA,NA,NA,NA,NA,NA,NA,NA,NA,"Y",NA,"N",NA,"ARFR4-SOS-WY050-49-FREMONT-12","#5E4FA2",-109.34775,43.42663611,"5 - 10 Deg. F. / 6 - 12","","5 - 10 Deg. F.","12-Jun","5 - 10 Deg. F. / 6 - 12","5 - 10 / semi-arid","WY.3","#ffb90f","semi-arid, cold","#5E4FA2","K"
"ARFR-WY050-49-FREMONT-12","black",3,200,12,35,208,638,NA,6.1,1,NA,NA,6.7,1,NA,2,1,NA,2,1,NA,2,10.2,1,NA,2,1,NA,2,1,NA,2,1,2,1,NA,2,1,NA,NA,NA,NA,NA,NA,NA,NA,NA,"Y",NA,"N",NA,"ARFR4-SOS-WY050-49-FREMONT-12","#5E4FA2",-109.34775,43.42663611,"5 - 10 Deg. F. / 6 - 12","","5 - 10 Deg. F.","12-Jun","5 - 10 Deg. F. / 6 - 12","5 - 10 / semi-arid","WY.3","#ffb90f","semi-arid, cold","#5E4FA2","K"
"ARFR-WY050-151-FREMONT-16","black",3,201,12,36,NA,639,NA,5.9,1,NA,NA,7.6,1,NA,2,1,NA,2,1,NA,2,11,1,NA,2,1,NA,2,1,NA,2,1,2,1,NA,2,1,NA,NA,NA,NA,NA,NA,NA,NA,NA,"Y",NA,"N",NA,"ARFR4-SOS-WY050-151-FREMONT-16","#3288BD",-108.1704472,42.47886111,"10 - 15 Deg. F. / 6 - 12","","10 - 15 Deg. F.","12-Jun","10 - 15 Deg. F. / 6 - 12","10 - 15 / semi-arid","WY.2","#cd8500","semi-arid, cool","#3288BD","J"
"ARFR-AZ930-422-NAVAJO-18","black",3,202,12,37,NA,640,NA,4.7,1,NA,NA,14.8,1,NA,2,1,NA,2,1,NA,2,49,1,NA,2,1,NA,3,1,NA,3,1,3,1,NA,3,1,NA,NA,NA,NA,NA,NA,NA,NA,NA,"Y",NA,"N",NA,"ARFR4-SOS-AZ930-422-NAVAJO-18","#D53E4F",-110.431,36.56805,"15 - 20 Deg. F. / 6 - 12","Lats corrected 20230127","15 - 20 Deg. F.","12-Jun","15 - 20 Deg. F. / 6 - 12","15 - 20 / semi-arid","AZ.2","#ee5c42","semi-arid, warm","#D53E4F","B"
"ARFR-WY050-151-FREMONT-16","black",3,203,12,38,NA,641,NA,4.2,1,NA,NA,8.9,1,NA,2,1,NA,2,1,NA,2,23.4,1,NA,3,1,NA,3,1,NA,3,1,3,1,NA,3,1,NA,NA,NA,NA,NA,NA,NA,NA,NA,"Y",NA,"N",NA,"ARFR4-SOS-WY050-151-FREMONT-16","#3288BD",-108.1704472,42.47886111,"10 - 15 Deg. F. / 6 - 12","","10 - 15 Deg. F.","12-Jun","10 - 15 Deg. F. / 6 - 12","10 - 15 / semi-arid","WY.2","#cd8500","semi-arid, cool","#3288BD","J"
"ARFR-WY050-151-FREMONT-16","black",3,204,12,39,NA,642,NA,5,1,NA,NA,8.4,1,NA,2,1,NA,2,1,NA,2,8.7,1,NA,2,1,NA,2,1,NA,2,1,2,1,NA,2,1,NA,NA,NA,NA,NA,NA,NA,NA,NA,"Y",NA,"Y",NA,"ARFR4-SOS-WY050-151-FREMONT-16","#3288BD",-108.1704472,42.47886111,"10 - 15 Deg. F. / 6 - 12","","10 - 15 Deg. F.","12-Jun","10 - 15 Deg. F. / 6 - 12","10 - 15 / semi-arid","WY.2","#cd8500","semi-arid, cool","#3288BD","J"
"ARFR-WY040-71-10","black",3,205,12,40,209,643,NA,4.4,1,NA,NA,8.1,1,NA,2,1,NA,2,1,NA,2,17.3,1,NA,2,1,NA,2,1,NA,2,1,2,1,NA,2,1,NA,NA,NA,NA,NA,NA,NA,NA,NA,"Y",NA,"N",NA,"ARFR4-SOS-WY040-71-10","#66C2A5",-109.2433156,41.13271889,"5 - 10 Deg. F. / 3 - 6","","5 - 10 Deg. F.","6-Mar","5 - 10 Deg. F. / 3 - 6","5 - 10 / semi-humid","WY.1","#a5c2f1","semi-humid, cold","#66C2A5","I"
"ARFR-UT080-109-UINTAH-12","black",3,206,12,41,NA,644,NA,6.9,1,NA,NA,14.3,1,NA,2,1,NA,2,1,NA,2,38,1,NA,2,1,NA,3,1,NA,3,1,3,1,NA,3,1,NA,NA,NA,NA,NA,NA,NA,NA,NA,"Y",NA,"N",NA,"ARFR4-SOS-UT080-109-UINTAH-12","#aabe7f",-109.1426444,39.70802222,"10 - 15 Deg. F. / 3 - 6","","10 - 15 Deg. F.","6-Mar","10 - 15 Deg. F. / 3 - 6","10 - 15 / semi-humid","UT.1","#66e566","semi-humid, cool","#aabe7f","G"
"ARFR-UT080-109-UINTAH-12","black",3,207,12,42,NA,645,NA,5,1,NA,NA,16.2,1,NA,2,1,NA,2,1,NA,2,58.7,1,NA,3,1,NA,3,1,NA,3,1,3,1,NA,3,1,NA,NA,NA,NA,NA,NA,NA,NA,NA,"Y",NA,"N",NA,"ARFR4-SOS-UT080-109-UINTAH-12","#aabe7f",-109.1426444,39.70802222,"10 - 15 Deg. F. / 3 - 6","","10 - 15 Deg. F.","6-Mar","10 - 15 Deg. F. / 3 - 6","10 - 15 / semi-humid","UT.1","#66e566","semi-humid, cool","#aabe7f","G"
"ARFR-AZ930-423-NAVAJO-18","black",3,208,12,43,NA,646,NA,4.6,1,NA,NA,14.7,1,NA,2,1,NA,2,1,NA,2,42,1,NA,2,1,NA,3,1,NA,3,1,3,1,NA,3,1,NA,NA,NA,NA,NA,NA,NA,NA,NA,"Y",NA,"N",NA,"ARFR4-SOS-AZ930-423-NAVAJO-18","#9E0142",-110.431,36.45877,"15 - 20 Deg. F. / 6 - 12","SdZones downloaded 20230823","15 - 20 Deg. F.","12-Jun","15 - 20 Deg. F. / 6 - 12","15 - 20 / semi-arid","AZ.1","#ee5c42","semi-arid, warm","#9E0142","A"
"ARFR-AZ930-423-NAVAJO-18","black",3,209,12,44,NA,647,NA,9,1,NA,NA,20.2,1,NA,2,1,NA,2,1,NA,2,52,1,NA,2,1,NA,3,1,NA,3,1,3,1,NA,3,1,NA,NA,NA,NA,NA,NA,NA,NA,NA,"Y",NA,"N",NA,"ARFR4-SOS-AZ930-423-NAVAJO-18","#9E0142",-110.431,36.45877,"15 - 20 Deg. F. / 6 - 12","SdZones downloaded 20230823","15 - 20 Deg. F.","12-Jun","15 - 20 Deg. F. / 6 - 12","15 - 20 / semi-arid","AZ.1","#ee5c42","semi-arid, warm","#9E0142","A"
"ARFR-WY040-71-10","black",3,210,12,45,210,648,NA,5.3,1,NA,NA,10.1,1,NA,2,1,NA,2,1,NA,2,42.7,1,NA,3,1,NA,3,1,NA,3,1,3,1,NA,3,1,NA,NA,NA,NA,NA,NA,NA,NA,NA,"Y",NA,"N",NA,"ARFR4-SOS-WY040-71-10","#66C2A5",-109.2433156,41.13271889,"5 - 10 Deg. F. / 3 - 6","","5 - 10 Deg. F.","6-Mar","5 - 10 Deg. F. / 3 - 6","5 - 10 / semi-humid","WY.1","#a5c2f1","semi-humid, cold","#66C2A5","I"
"ARFR-CO932-316-JEFFERSON-12","black",3,211,12,46,NA,649,NA,6.7,1,NA,NA,11,1,NA,2,1,NA,2,1,NA,2,26.6,1,NA,2,1,NA,3,1,NA,3,1,3,1,NA,3,1,NA,NA,NA,NA,NA,NA,NA,NA,NA,"Y",NA,"N",NA,"ARFR4-SOS-CO932-316-JEFFERSON-12","#FFFF85",-105.358,39.66325,"15 - 20 Deg. F. / 3 - 6","","15 - 20 Deg. F.","6-Mar","15 - 20 Deg. F. / 3 - 6","15 - 20 / semi-humid","CO.3","#698b69","semi-humid, warm","#FFFF85","F"
"ARFR-WY050-49-FREMONT-12","black",3,212,12,47,NA,650,NA,5.4,1,NA,NA,8.3,1,NA,2,1,NA,2,1,NA,2,25.5,1,NA,2,1,NA,3,1,NA,3,1,3,1,NA,3,1,NA,NA,NA,NA,NA,NA,NA,NA,NA,"Y",NA,"N",NA,"ARFR4-SOS-WY050-49-FREMONT-12","#5E4FA2",-109.34775,43.42663611,"5 - 10 Deg. F. / 6 - 12","","5 - 10 Deg. F.","12-Jun","5 - 10 Deg. F. / 6 - 12","5 - 10 / semi-arid","WY.3","#ffb90f","semi-arid, cold","#5E4FA2","K"
"ARFR-CO932-294-11","black",3,213,12,48,NA,651,NA,5.6,1,NA,NA,10.1,1,NA,2,1,NA,2,1,NA,2,22.1,1,NA,2,1,NA,3,1,NA,3,1,3,1,NA,3,1,NA,NA,NA,NA,NA,NA,NA,NA,NA,"Y",NA,"N",NA,"ARFR4-SOS-CO932-294-11","#ABDDA4",-105.2030833,39.78458333,"15 - 20 Deg. F. / 3 - 6","","15 - 20 Deg. F.","6-Mar","15 - 20 Deg. F. / 3 - 6","15 - 20 / semi-humid","CO.4","#698b69","semi-humid, warm","#ABDDA4","H"
"ARFR-AZ930-422-NAVAJO-18","black",3,214,12,49,NA,652,NA,4.7,1,NA,NA,15,1,NA,2,1,NA,2,1,NA,2,46.7,1,NA,2,1,NA,3,1,NA,3,1,3,1,NA,3,1,NA,NA,NA,NA,NA,NA,NA,NA,NA,"Y",NA,"N",NA,"ARFR4-SOS-AZ930-422-NAVAJO-18","#D53E4F",-110.431,36.56805,"15 - 20 Deg. F. / 6 - 12","Lats corrected 20230127","15 - 20 Deg. F.","12-Jun","15 - 20 Deg. F. / 6 - 12","15 - 20 / semi-arid","AZ.2","#ee5c42","semi-arid, warm","#D53E4F","B"
"ARFR-CO932-314-JEFFERSON-12","black",3,215,12,50,211,653,NA,4.8,1,NA,NA,8,1,NA,2,1,NA,2,1,NA,2,23.7,1,NA,2,1,NA,3,1,NA,3,1,3,1,NA,3,1,NA,NA,NA,NA,NA,NA,NA,NA,NA,"Y",NA,"N",NA,"ARFR4-SOS-CO932-314-JEFFERSON-12","#FEE08B",-105.3553333,39.40902778,"10 - 15 Deg. F. / 3 - 6","","10 - 15 Deg. F.","6-Mar","10 - 15 Deg. F. / 3 - 6","10 - 15 / semi-humid","CO.2","#66e566","semi-humid, cool","#FEE08B","E"
"ARFR-WY050-151-FREMONT-16","black",3,216,12,51,NA,654,NA,6.5,1,NA,NA,8,1,NA,2,1,NA,2,1,NA,2,8.7,1,NA,2,1,NA,2,1,NA,3,1,3,1,NA,3,1,NA,NA,NA,NA,NA,NA,NA,NA,NA,"Y",NA,"N",NA,"ARFR4-SOS-WY050-151-FREMONT-16","#3288BD",-108.1704472,42.47886111,"10 - 15 Deg. F. / 6 - 12","","10 - 15 Deg. F.","12-Jun","10 - 15 Deg. F. / 6 - 12","10 - 15 / semi-arid","WY.2","#cd8500","semi-arid, cool","#3288BD","J"
"ARFR-AZ930-422-NAVAJO-18","black",3,217,12,52,NA,655,NA,3.5,1,NA,NA,11.4,1,NA,2,1,NA,2,1,NA,2,47.5,1,NA,2,1,NA,3,1,NA,3,1,3,1,NA,3,1,NA,NA,NA,NA,NA,NA,NA,NA,NA,"Y",NA,"N",NA,"ARFR4-SOS-AZ930-422-NAVAJO-18","#D53E4F",-110.431,36.56805,"15 - 20 Deg. F. / 6 - 12","Lats corrected 20230127","15 - 20 Deg. F.","12-Jun","15 - 20 Deg. F. / 6 - 12","15 - 20 / semi-arid","AZ.2","#ee5c42","semi-arid, warm","#D53E4F","B"
"ARFR-WY930-44-LASANIMAS-13","black",3,218,12,53,NA,656,NA,5.3,1,NA,NA,9.9,1,NA,2,1,NA,2,1,NA,2,27.9,1,NA,2,1,NA,3,1,NA,3,1,3,1,NA,3,1,NA,NA,NA,NA,NA,NA,NA,NA,NA,"Y",NA,"N",NA,"ARFR4-SOS-WY930-44-LASANIMAS-13","#FDAE61",-104.6423889,37.16547222,"15 - 20 Deg. F. / 3 - 6","","15 - 20 Deg. F.","6-Mar","15 - 20 Deg. F. / 3 - 6","15 - 20 / semi-humid","CO.1","#698b69","semi-humid, warm","#FDAE61","D"
"ARFR-WY040-71-10","black",3,219,12,54,NA,657,NA,3.5,1,NA,NA,6.9,1,NA,2,1,NA,2,1,NA,2,13.2,1,NA,2,1,NA,3,1,NA,3,1,3,1,NA,3,1,NA,NA,NA,NA,NA,NA,NA,NA,NA,"N",NA,"N",NA,"ARFR4-SOS-WY040-71-10","#66C2A5",-109.2433156,41.13271889,"5 - 10 Deg. F. / 3 - 6","","5 - 10 Deg. F.","6-Mar","5 - 10 Deg. F. / 3 - 6","5 - 10 / semi-humid","WY.1","#a5c2f1","semi-humid, cold","#66C2A5","I"
"ARFR-WY930-44-LASANIMAS-13","white",4,1,13,1,213,658,NA,6.5,1,NA,NA,13.6,1,NA,2,1,NA,2,1,NA,2,19,1,NA,2,1,NA,3,1,NA,3,1,3,1,NA,3,1,NA,NA,NA,NA,NA,NA,NA,NA,NA,"Y",NA,"N",NA,"ARFR4-SOS-WY930-44-LASANIMAS-13","#FDAE61",-104.6423889,37.16547222,"15 - 20 Deg. F. / 3 - 6","","15 - 20 Deg. F.","6-Mar","15 - 20 Deg. F. / 3 - 6","15 - 20 / semi-humid","CO.1","#698b69","semi-humid, warm","#FDAE61","D"
"ARFR-AZ930-422-NAVAJO-18","white",4,2,13,2,NA,659,NA,5.2,1,NA,NA,14.4,1,NA,2,1,NA,2,1,NA,2,33.1,1,NA,2,1,NA,3,1,NA,3,1,3,1,NA,3,1,NA,NA,NA,NA,NA,NA,NA,NA,NA,"Y",NA,"N",NA,"ARFR4-SOS-AZ930-422-NAVAJO-18","#D53E4F",-110.431,36.56805,"15 - 20 Deg. F. / 6 - 12","Lats corrected 20230127","15 - 20 Deg. F.","12-Jun","15 - 20 Deg. F. / 6 - 12","15 - 20 / semi-arid","AZ.2","#ee5c42","semi-arid, warm","#D53E4F","B"
"ARFR-AZ930-422-NAVAJO-18","white",4,3,13,3,NA,660,NA,8.1,1,NA,NA,23.4,1,NA,2,1,NA,2,1,NA,2,55.2,1,NA,2,1,NA,3,1,NA,3,1,3,1,NA,3,1,NA,"Yes",NA,127.15,NA,"L",95.172,36.03,29.07,"Y",NA,"N",NA,"ARFR4-SOS-AZ930-422-NAVAJO-18","#D53E4F",-110.431,36.56805,"15 - 20 Deg. F. / 6 - 12","Lats corrected 20230127","15 - 20 Deg. F.","12-Jun","15 - 20 Deg. F. / 6 - 12","15 - 20 / semi-arid","AZ.2","#ee5c42","semi-arid, warm","#D53E4F","B"
"ARFR-CO932-316-JEFFERSON-12","white",4,4,13,4,NA,661,NA,4.4,1,NA,NA,10.1,1,NA,2,1,NA,2,1,NA,2,36.7,1,NA,3,1,NA,3,1,NA,3,1,3,1,NA,3,1,NA,NA,NA,NA,NA,NA,NA,NA,NA,"Y",NA,"N",NA,"ARFR4-SOS-CO932-316-JEFFERSON-12","#FFFF85",-105.358,39.66325,"15 - 20 Deg. F. / 3 - 6","","15 - 20 Deg. F.","6-Mar","15 - 20 Deg. F. / 3 - 6","15 - 20 / semi-humid","CO.3","#698b69","semi-humid, warm","#FFFF85","F"
"ARFR-AZ930-423-NAVAJO-18","white",4,5,13,5,214,662,NA,3,1,NA,NA,6.8,1,NA,2,1,NA,2,1,NA,2,15,1,NA,2,1,NA,2,1,NA,2,1,2,1,NA,2,1,NA,NA,NA,NA,NA,NA,NA,NA,NA,"N",NA,"N",NA,"ARFR4-SOS-AZ930-423-NAVAJO-18","#9E0142",-110.431,36.45877,"15 - 20 Deg. F. / 6 - 12","SdZones downloaded 20230823","15 - 20 Deg. F.","12-Jun","15 - 20 Deg. F. / 6 - 12","15 - 20 / semi-arid","AZ.1","#ee5c42","semi-arid, warm","#9E0142","A"
"ARFR-CO932-314-JEFFERSON-12","white",4,6,13,6,NA,663,NA,5,1,NA,NA,14.9,1,NA,2,1,NA,2,1,NA,2,38.4,1,NA,2,1,NA,3,1,NA,3,1,3,1,NA,3,1,NA,NA,NA,NA,NA,NA,NA,NA,NA,"Y",NA,"N",NA,"ARFR4-SOS-CO932-314-JEFFERSON-12","#FEE08B",-105.3553333,39.40902778,"10 - 15 Deg. F. / 3 - 6","","10 - 15 Deg. F.","6-Mar","10 - 15 Deg. F. / 3 - 6","10 - 15 / semi-humid","CO.2","#66e566","semi-humid, cool","#FEE08B","E"
"ARFR-AZ930-423-NAVAJO-18","white",4,7,13,7,NA,664,NA,6.8,1,NA,NA,13,1,NA,2,1,NA,2,1,NA,2,48.7,1,NA,2,1,NA,3,1,NA,3,1,3,1,NA,3,1,NA,NA,NA,NA,NA,NA,NA,NA,NA,"Y",NA,"N",NA,"ARFR4-SOS-AZ930-423-NAVAJO-18","#9E0142",-110.431,36.45877,"15 - 20 Deg. F. / 6 - 12","SdZones downloaded 20230823","15 - 20 Deg. F.","12-Jun","15 - 20 Deg. F. / 6 - 12","15 - 20 / semi-arid","AZ.1","#ee5c42","semi-arid, warm","#9E0142","A"
"ARFR-WY930-44-LASANIMAS-13","white",4,8,13,8,NA,665,NA,5.1,1,NA,NA,9.2,1,NA,2,1,NA,2,1,NA,2,29,1,NA,2,1,NA,3,1,NA,3,1,3,1,NA,3,1,NA,NA,NA,NA,NA,NA,NA,NA,NA,"Y",NA,"N",NA,"ARFR4-SOS-WY930-44-LASANIMAS-13","#FDAE61",-104.6423889,37.16547222,"15 - 20 Deg. F. / 3 - 6","","15 - 20 Deg. F.","6-Mar","15 - 20 Deg. F. / 3 - 6","15 - 20 / semi-humid","CO.1","#698b69","semi-humid, warm","#FDAE61","D"
"ARFR-WY050-49-FREMONT-12","white",4,9,13,9,NA,666,NA,4.3,1,NA,NA,10,1,NA,2,1,NA,2,1,NA,2,30.8,1,NA,2,1,NA,3,1,NA,3,1,3,1,"dying",3,1,NA,NA,NA,NA,NA,NA,NA,NA,NA,"Y",NA,"N",NA,"ARFR4-SOS-WY050-49-FREMONT-12","#5E4FA2",-109.34775,43.42663611,"5 - 10 Deg. F. / 6 - 12","","5 - 10 Deg. F.","12-Jun","5 - 10 Deg. F. / 6 - 12","5 - 10 / semi-arid","WY.3","#ffb90f","semi-arid, cold","#5E4FA2","K"
"ARFR-CO932-294-11","white",4,10,13,10,215,667,NA,6,1,NA,NA,7.7,1,NA,2,1,NA,2,1,NA,2,35.2,1,NA,2,1,NA,2,1,NA,3,1,3,1,NA,3,1,NA,NA,NA,NA,NA,NA,NA,NA,NA,"Y",NA,"N",NA,"ARFR4-SOS-CO932-294-11","#ABDDA4",-105.2030833,39.78458333,"15 - 20 Deg. F. / 3 - 6","","15 - 20 Deg. F.","6-Mar","15 - 20 Deg. F. / 3 - 6","15 - 20 / semi-humid","CO.4","#698b69","semi-humid, warm","#ABDDA4","H"
"ARFR-NM930N-66-11","white",4,11,13,11,NA,668,NA,4.9,1,NA,NA,12,1,NA,2,1,NA,2,1,NA,2,56.2,1,NA,3,1,NA,3,1,NA,3,1,3,1,NA,3,1,NA,NA,NA,NA,NA,NA,NA,NA,NA,"Y",NA,"N",NA,"ARFR4-SOS-NM930N-66-11","#F46D43",-107.2045028,36.76818611,"10 - 15 Deg. F. / 3 - 6","","10 - 15 Deg. F.","6-Mar","10 - 15 Deg. F. / 3 - 6","10 - 15 / semi-humid","NM.1","#66e566","semi-humid, cool","#F46D43","C"
"ARFR-CO932-314-JEFFERSON-12","white",4,12,13,12,NA,669,NA,3.7,1,NA,NA,9.7,1,NA,2,1,NA,2,1,NA,2,35.8,1,NA,2,1,NA,3,1,NA,3,1,3,1,NA,3,1,NA,NA,NA,NA,NA,NA,NA,NA,NA,"Y",NA,"N",NA,"ARFR4-SOS-CO932-314-JEFFERSON-12","#FEE08B",-105.3553333,39.40902778,"10 - 15 Deg. F. / 3 - 6","","10 - 15 Deg. F.","6-Mar","10 - 15 Deg. F. / 3 - 6","10 - 15 / semi-humid","CO.2","#66e566","semi-humid, cool","#FEE08B","E"
"ARFR-AZ930-422-NAVAJO-18","white",4,13,13,13,NA,670,NA,6.5,1,NA,NA,13.4,1,NA,2,1,NA,2,1,NA,2,52.7,1,NA,2,1,NA,3,1,NA,3,1,3,1,NA,3,1,NA,NA,NA,NA,NA,NA,NA,NA,NA,"Y",NA,"N",NA,"ARFR4-SOS-AZ930-422-NAVAJO-18","#D53E4F",-110.431,36.56805,"15 - 20 Deg. F. / 6 - 12","Lats corrected 20230127","15 - 20 Deg. F.","12-Jun","15 - 20 Deg. F. / 6 - 12","15 - 20 / semi-arid","AZ.2","#ee5c42","semi-arid, warm","#D53E4F","B"
"ARFR-CO932-294-11","white",4,14,13,14,NA,671,NA,4.6,1,NA,NA,11.6,1,NA,2,1,NA,2,1,NA,2,40.5,1,NA,2,1,NA,2,1,NA,3,1,3,1,NA,3,1,NA,NA,NA,NA,NA,NA,NA,NA,NA,"Y",NA,"N",NA,"ARFR4-SOS-CO932-294-11","#ABDDA4",-105.2030833,39.78458333,"15 - 20 Deg. F. / 3 - 6","","15 - 20 Deg. F.","6-Mar","15 - 20 Deg. F. / 3 - 6","15 - 20 / semi-humid","CO.4","#698b69","semi-humid, warm","#ABDDA4","H"
"ARFR-WY930-44-LASANIMAS-13","white",4,15,13,15,216,672,NA,4.3,1,NA,NA,7.1,1,NA,2,1,NA,2,1,NA,2,14.5,1,NA,2,1,NA,3,1,NA,3,1,3,1,NA,3,1,NA,NA,NA,NA,NA,NA,NA,NA,NA,"Y",NA,"N",NA,"ARFR4-SOS-WY930-44-LASANIMAS-13","#FDAE61",-104.6423889,37.16547222,"15 - 20 Deg. F. / 3 - 6","","15 - 20 Deg. F.","6-Mar","15 - 20 Deg. F. / 3 - 6","15 - 20 / semi-humid","CO.1","#698b69","semi-humid, warm","#FDAE61","D"
"ARFR-WY050-49-FREMONT-12","white",4,16,13,16,NA,673,NA,3.5,1,NA,NA,7.3,1,NA,2,1,NA,2,1,NA,2,18.5,1,NA,2,1,NA,2,1,NA,3,1,3,1,NA,3,1,NA,NA,NA,NA,NA,NA,NA,NA,NA,"Y",NA,"N",NA,"ARFR4-SOS-WY050-49-FREMONT-12","#5E4FA2",-109.34775,43.42663611,"5 - 10 Deg. F. / 6 - 12","","5 - 10 Deg. F.","12-Jun","5 - 10 Deg. F. / 6 - 12","5 - 10 / semi-arid","WY.3","#ffb90f","semi-arid, cold","#5E4FA2","K"
"ARFR-WY040-71-10","white",4,17,13,17,NA,674,NA,4.6,1,NA,NA,8.8,1,NA,2,1,NA,2,1,NA,2,18.4,1,NA,2,1,NA,3,1,NA,3,1,3,1,NA,3,1,NA,NA,NA,NA,NA,NA,NA,NA,NA,"Y",NA,"N",NA,"ARFR4-SOS-WY040-71-10","#66C2A5",-109.2433156,41.13271889,"5 - 10 Deg. F. / 3 - 6","","5 - 10 Deg. F.","6-Mar","5 - 10 Deg. F. / 3 - 6","5 - 10 / semi-humid","WY.1","#a5c2f1","semi-humid, cold","#66C2A5","I"
"ARFR-WY040-71-10","white",4,18,13,18,NA,675,NA,2.2,1,NA,NA,6,1,NA,2,1,NA,2,1,NA,2,35.6,1,NA,3,1,NA,3,1,NA,3,1,3,1,NA,3,1,NA,NA,NA,NA,NA,NA,NA,NA,NA,"Y",NA,"N",NA,"ARFR4-SOS-WY040-71-10","#66C2A5",-109.2433156,41.13271889,"5 - 10 Deg. F. / 3 - 6","","5 - 10 Deg. F.","6-Mar","5 - 10 Deg. F. / 3 - 6","5 - 10 / semi-humid","WY.1","#a5c2f1","semi-humid, cold","#66C2A5","I"
"ARFR-WY040-71-10","white",4,19,13,19,NA,676,NA,4.7,1,NA,NA,7.9,1,NA,2,1,NA,2,1,NA,2,21.6,1,NA,2,1,NA,3,1,NA,3,1,3,1,NA,3,1,NA,NA,NA,NA,NA,NA,NA,NA,NA,"Y",NA,"N",NA,"ARFR4-SOS-WY040-71-10","#66C2A5",-109.2433156,41.13271889,"5 - 10 Deg. F. / 3 - 6","","5 - 10 Deg. F.","6-Mar","5 - 10 Deg. F. / 3 - 6","5 - 10 / semi-humid","WY.1","#a5c2f1","semi-humid, cold","#66C2A5","I"
"ARFR-WY050-151-FREMONT-16","white",4,20,13,20,217,677,NA,6.2,1,NA,NA,8.6,1,NA,2,1,NA,2,1,NA,2,14.1,1,NA,2,1,NA,2,1,NA,3,1,3,1,NA,3,1,NA,NA,NA,NA,NA,NA,NA,NA,NA,"Y",NA,"N",NA,"ARFR4-SOS-WY050-151-FREMONT-16","#3288BD",-108.1704472,42.47886111,"10 - 15 Deg. F. / 6 - 12","","10 - 15 Deg. F.","12-Jun","10 - 15 Deg. F. / 6 - 12","10 - 15 / semi-arid","WY.2","#cd8500","semi-arid, cool","#3288BD","J"
"ARFR-UT080-109-UINTAH-12","white",4,21,13,21,NA,678,NA,4.8,1,NA,NA,13.8,1,NA,2,1,NA,2,1,NA,2,38.3,1,NA,2,1,NA,3,1,NA,3,1,3,1,NA,3,1,NA,NA,NA,NA,NA,NA,NA,NA,NA,"Y",NA,"N",NA,"ARFR4-SOS-UT080-109-UINTAH-12","#aabe7f",-109.1426444,39.70802222,"10 - 15 Deg. F. / 3 - 6","","10 - 15 Deg. F.","6-Mar","10 - 15 Deg. F. / 3 - 6","10 - 15 / semi-humid","UT.1","#66e566","semi-humid, cool","#aabe7f","G"
"ARFR-CO932-294-11","white",4,22,13,22,NA,679,NA,4,1,NA,NA,9.7,1,NA,2,1,NA,2,1,NA,2,37.3,1,NA,2,1,NA,3,1,NA,3,1,3,1,NA,3,1,NA,NA,NA,NA,NA,NA,NA,NA,NA,"Y",NA,"N",NA,"ARFR4-SOS-CO932-294-11","#ABDDA4",-105.2030833,39.78458333,"15 - 20 Deg. F. / 3 - 6","","15 - 20 Deg. F.","6-Mar","15 - 20 Deg. F. / 3 - 6","15 - 20 / semi-humid","CO.4","#698b69","semi-humid, warm","#ABDDA4","H"
"ARFR-AZ930-423-NAVAJO-18","white",4,23,13,23,NA,680,NA,6.7,1,NA,NA,17.7,1,NA,2,1,NA,2,1,NA,2,51.6,1,NA,2,1,NA,3,1,NA,3,1,3,1,NA,3,1,NA,NA,NA,NA,NA,NA,NA,NA,NA,"Y",NA,"N",NA,"ARFR4-SOS-AZ930-423-NAVAJO-18","#9E0142",-110.431,36.45877,"15 - 20 Deg. F. / 6 - 12","SdZones downloaded 20230823","15 - 20 Deg. F.","12-Jun","15 - 20 Deg. F. / 6 - 12","15 - 20 / semi-arid","AZ.1","#ee5c42","semi-arid, warm","#9E0142","A"
"ARFR-UT080-109-UINTAH-12","white",4,24,13,24,NA,681,NA,9,1,NA,NA,14.5,1,NA,2,1,NA,2,1,NA,2,58,1,NA,3,1,NA,3,1,NA,3,1,3,1,NA,3,1,NA,NA,NA,NA,NA,NA,NA,NA,NA,"Y",NA,"N",NA,"ARFR4-SOS-UT080-109-UINTAH-12","#aabe7f",-109.1426444,39.70802222,"10 - 15 Deg. F. / 3 - 6","","10 - 15 Deg. F.","6-Mar","10 - 15 Deg. F. / 3 - 6","10 - 15 / semi-humid","UT.1","#66e566","semi-humid, cool","#aabe7f","G"
"ARFR-CO932-316-JEFFERSON-12","white",4,25,13,25,218,682,NA,3.9,1,NA,NA,9.9,1,NA,2,1,NA,2,1,NA,2,30.1,1,NA,2,1,NA,3,1,NA,3,1,3,1,NA,3,1,NA,NA,NA,NA,NA,NA,NA,NA,NA,"Y",NA,"N",NA,"ARFR4-SOS-CO932-316-JEFFERSON-12","#FFFF85",-105.358,39.66325,"15 - 20 Deg. F. / 3 - 6","","15 - 20 Deg. F.","6-Mar","15 - 20 Deg. F. / 3 - 6","15 - 20 / semi-humid","CO.3","#698b69","semi-humid, warm","#FFFF85","F"
"ARFR-CO932-316-JEFFERSON-12","white",4,26,13,26,NA,683,NA,5.2,1,NA,NA,12.1,1,NA,2,1,NA,2,1,NA,2,45,1,NA,2,1,NA,3,1,NA,3,1,3,1,NA,3,1,NA,NA,NA,NA,NA,NA,NA,NA,NA,"Y",NA,"N",NA,"ARFR4-SOS-CO932-316-JEFFERSON-12","#FFFF85",-105.358,39.66325,"15 - 20 Deg. F. / 3 - 6","","15 - 20 Deg. F.","6-Mar","15 - 20 Deg. F. / 3 - 6","15 - 20 / semi-humid","CO.3","#698b69","semi-humid, warm","#FFFF85","F"
"ARFR-AZ930-423-NAVAJO-18","white",4,27,13,27,NA,684,NA,7.6,1,NA,NA,12.4,1,NA,2,1,NA,2,1,NA,2,38.5,1,NA,2,1,NA,3,1,NA,3,1,3,1,NA,3,1,NA,"Yes",NA,155.66,NA,"L",123.682,65.51,58.55,"Y",NA,"N",NA,"ARFR4-SOS-AZ930-423-NAVAJO-18","#9E0142",-110.431,36.45877,"15 - 20 Deg. F. / 6 - 12","SdZones downloaded 20230823","15 - 20 Deg. F.","12-Jun","15 - 20 Deg. F. / 6 - 12","15 - 20 / semi-arid","AZ.1","#ee5c42","semi-arid, warm","#9E0142","A"
"ARFR-CO932-294-11","white",4,28,13,28,NA,685,NA,3.8,1,NA,NA,8.4,1,NA,2,1,NA,2,1,NA,2,23.8,1,NA,2,1,NA,3,1,NA,3,1,3,1,NA,3,1,NA,NA,NA,NA,NA,NA,NA,NA,NA,"Y",NA,"N",NA,"ARFR4-SOS-CO932-294-11","#ABDDA4",-105.2030833,39.78458333,"15 - 20 Deg. F. / 3 - 6","","15 - 20 Deg. F.","6-Mar","15 - 20 Deg. F. / 3 - 6","15 - 20 / semi-humid","CO.4","#698b69","semi-humid, warm","#ABDDA4","H"
"ARFR-AZ930-423-NAVAJO-18","white",4,29,13,29,NA,686,NA,6.5,1,NA,NA,16.2,1,NA,2,1,NA,2,1,NA,2,48.4,1,NA,2,1,NA,3,1,NA,3,1,3,1,NA,3,1,NA,NA,NA,NA,NA,NA,NA,NA,NA,"Y",NA,"N",NA,"ARFR4-SOS-AZ930-423-NAVAJO-18","#9E0142",-110.431,36.45877,"15 - 20 Deg. F. / 6 - 12","SdZones downloaded 20230823","15 - 20 Deg. F.","12-Jun","15 - 20 Deg. F. / 6 - 12","15 - 20 / semi-arid","AZ.1","#ee5c42","semi-arid, warm","#9E0142","A"
"ARFR-CO932-316-JEFFERSON-12","white",4,30,13,30,219,687,NA,3.6,1,NA,NA,8.5,1,NA,2,1,NA,2,1,NA,2,22.6,1,NA,2,1,NA,3,1,NA,3,1,3,1,NA,3,1,NA,NA,NA,NA,NA,NA,NA,NA,NA,"Y",NA,"N",NA,"ARFR4-SOS-CO932-316-JEFFERSON-12","#FFFF85",-105.358,39.66325,"15 - 20 Deg. F. / 3 - 6","","15 - 20 Deg. F.","6-Mar","15 - 20 Deg. F. / 3 - 6","15 - 20 / semi-humid","CO.3","#698b69","semi-humid, warm","#FFFF85","F"
"ARFR-WY930-44-LASANIMAS-13","white",4,31,13,31,NA,688,NA,6.4,1,NA,NA,11.2,1,NA,2,1,NA,2,1,NA,2,38.5,1,NA,2,1,NA,2,1,NA,3,1,3,1,NA,3,1,NA,NA,NA,NA,NA,NA,NA,NA,NA,"Y",NA,"N",NA,"ARFR4-SOS-WY930-44-LASANIMAS-13","#FDAE61",-104.6423889,37.16547222,"15 - 20 Deg. F. / 3 - 6","","15 - 20 Deg. F.","6-Mar","15 - 20 Deg. F. / 3 - 6","15 - 20 / semi-humid","CO.1","#698b69","semi-humid, warm","#FDAE61","D"
"ARFR-WY050-151-FREMONT-16","white",4,32,13,32,NA,689,NA,4,1,NA,NA,6.3,1,NA,2,1,NA,2,1,NA,2,10.8,1,NA,2,1,NA,3,1,NA,3,1,3,1,NA,3,1,NA,NA,NA,NA,NA,NA,NA,NA,NA,"Y",NA,"N",NA,"ARFR4-SOS-WY050-151-FREMONT-16","#3288BD",-108.1704472,42.47886111,"10 - 15 Deg. F. / 6 - 12","","10 - 15 Deg. F.","12-Jun","10 - 15 Deg. F. / 6 - 12","10 - 15 / semi-arid","WY.2","#cd8500","semi-arid, cool","#3288BD","J"
"ARFR-WY050-151-FREMONT-16","white",4,33,13,33,NA,690,NA,5.3,1,NA,NA,7.6,1,NA,2,1,NA,2,1,NA,2,7.6,1,NA,2,1,NA,2,1,NA,2,1,2,1,NA,2,1,"No pheno data entered",NA,NA,NA,NA,NA,NA,NA,NA,NA,NA,"N",NA,"ARFR4-SOS-WY050-151-FREMONT-16","#3288BD",-108.1704472,42.47886111,"10 - 15 Deg. F. / 6 - 12","","10 - 15 Deg. F.","12-Jun","10 - 15 Deg. F. / 6 - 12","10 - 15 / semi-arid","WY.2","#cd8500","semi-arid, cool","#3288BD","J"
"ARFR-WY050-151-FREMONT-16","white",4,34,13,34,NA,691,NA,6.2,1,NA,NA,10.3,1,NA,2,1,NA,2,1,NA,2,14.4,1,NA,2,1,NA,3,1,NA,3,1,3,1,NA,3,1,NA,NA,NA,NA,NA,NA,NA,NA,NA,"Y",NA,"N",NA,"ARFR4-SOS-WY050-151-FREMONT-16","#3288BD",-108.1704472,42.47886111,"10 - 15 Deg. F. / 6 - 12","","10 - 15 Deg. F.","12-Jun","10 - 15 Deg. F. / 6 - 12","10 - 15 / semi-arid","WY.2","#cd8500","semi-arid, cool","#3288BD","J"
"ARFR-AZ930-422-NAVAJO-18","white",4,35,13,35,220,692,NA,7.4,1,NA,NA,16.8,1,NA,2,1,NA,2,1,NA,2,51.6,1,NA,2,1,NA,3,1,NA,3,1,3,1,NA,3,1,NA,NA,NA,NA,NA,NA,NA,NA,NA,"Y",NA,"N",NA,"ARFR4-SOS-AZ930-422-NAVAJO-18","#D53E4F",-110.431,36.56805,"15 - 20 Deg. F. / 6 - 12","Lats corrected 20230127","15 - 20 Deg. F.","12-Jun","15 - 20 Deg. F. / 6 - 12","15 - 20 / semi-arid","AZ.2","#ee5c42","semi-arid, warm","#D53E4F","B"
"ARFR-UT080-109-UINTAH-12","white",4,36,13,36,NA,693,NA,6.6,1,NA,NA,14.5,1,NA,2,1,NA,2,1,NA,2,49.7,1,NA,2,1,NA,3,1,NA,3,1,3,1,NA,3,1,NA,NA,NA,NA,NA,NA,NA,NA,NA,"Y",NA,"N",NA,"ARFR4-SOS-UT080-109-UINTAH-12","#aabe7f",-109.1426444,39.70802222,"10 - 15 Deg. F. / 3 - 6","","10 - 15 Deg. F.","6-Mar","10 - 15 Deg. F. / 3 - 6","10 - 15 / semi-humid","UT.1","#66e566","semi-humid, cool","#aabe7f","G"
"ARFR-CO932-314-JEFFERSON-12","white",4,37,13,37,NA,694,NA,5.6,1,NA,NA,10.7,1,NA,2,1,NA,2,1,NA,2,41,1,NA,2,1,NA,3,1,NA,3,1,3,1,NA,3,1,NA,NA,NA,NA,NA,NA,NA,NA,NA,"Y",NA,"N",NA,"ARFR4-SOS-CO932-314-JEFFERSON-12","#FEE08B",-105.3553333,39.40902778,"10 - 15 Deg. F. / 3 - 6","","10 - 15 Deg. F.","6-Mar","10 - 15 Deg. F. / 3 - 6","10 - 15 / semi-humid","CO.2","#66e566","semi-humid, cool","#FEE08B","E"
"ARFR-AZ930-423-NAVAJO-18","white",4,38,13,38,NA,695,NA,7,1,NA,NA,18.8,1,NA,2,1,NA,2,1,NA,2,55.3,1,NA,2,1,NA,3,1,NA,3,1,3,1,NA,3,1,NA,NA,NA,NA,NA,NA,NA,NA,NA,"Y",NA,"N",NA,"ARFR4-SOS-AZ930-423-NAVAJO-18","#9E0142",-110.431,36.45877,"15 - 20 Deg. F. / 6 - 12","SdZones downloaded 20230823","15 - 20 Deg. F.","12-Jun","15 - 20 Deg. F. / 6 - 12","15 - 20 / semi-arid","AZ.1","#ee5c42","semi-arid, warm","#9E0142","A"
"ARFR-WY930-44-LASANIMAS-13","white",4,39,13,39,NA,696,NA,3.3,1,NA,NA,6.2,1,NA,2,1,NA,2,1,NA,2,20.1,1,NA,2,1,NA,3,1,NA,3,1,3,1,NA,3,1,NA,NA,NA,NA,NA,NA,NA,NA,NA,"Y",NA,"N",NA,"ARFR4-SOS-WY930-44-LASANIMAS-13","#FDAE61",-104.6423889,37.16547222,"15 - 20 Deg. F. / 3 - 6","","15 - 20 Deg. F.","6-Mar","15 - 20 Deg. F. / 3 - 6","15 - 20 / semi-humid","CO.1","#698b69","semi-humid, warm","#FDAE61","D"
"ARFR-WY050-151-FREMONT-16","white",4,40,13,40,221,697,NA,4.8,1,NA,NA,8.6,1,NA,2,1,NA,2,1,NA,2,20.3,1,NA,2,1,NA,3,1,NA,3,1,3,1,NA,3,1,NA,NA,NA,NA,NA,NA,NA,NA,NA,"Y",NA,"N",NA,"ARFR4-SOS-WY050-151-FREMONT-16","#3288BD",-108.1704472,42.47886111,"10 - 15 Deg. F. / 6 - 12","","10 - 15 Deg. F.","12-Jun","10 - 15 Deg. F. / 6 - 12","10 - 15 / semi-arid","WY.2","#cd8500","semi-arid, cool","#3288BD","J"
"ARFR-AZ930-423-NAVAJO-18","white",4,41,13,41,NA,698,NA,4.6,1,NA,NA,11.4,1,NA,2,1,NA,2,1,NA,2,51.6,1,NA,2,1,NA,3,1,NA,3,1,3,1,NA,3,1,NA,NA,NA,NA,NA,NA,NA,NA,NA,"Y",NA,"N",NA,"ARFR4-SOS-AZ930-423-NAVAJO-18","#9E0142",-110.431,36.45877,"15 - 20 Deg. F. / 6 - 12","SdZones downloaded 20230823","15 - 20 Deg. F.","12-Jun","15 - 20 Deg. F. / 6 - 12","15 - 20 / semi-arid","AZ.1","#ee5c42","semi-arid, warm","#9E0142","A"
"ARFR-NM930N-66-11","white",4,42,13,42,NA,699,NA,4.2,1,NA,NA,11.9,1,NA,2,1,NA,2,1,NA,2,43.3,1,NA,2,1,NA,3,1,NA,3,1,3,1,NA,3,1,NA,NA,NA,NA,NA,NA,NA,NA,NA,"Y",NA,"N",NA,"ARFR4-SOS-NM930N-66-11","#F46D43",-107.2045028,36.76818611,"10 - 15 Deg. F. / 3 - 6","","10 - 15 Deg. F.","6-Mar","10 - 15 Deg. F. / 3 - 6","10 - 15 / semi-humid","NM.1","#66e566","semi-humid, cool","#F46D43","C"
"ARFR-WY050-49-FREMONT-12","white",4,43,13,43,NA,700,NA,4.7,1,NA,NA,9.2,1,NA,2,1,NA,2,1,NA,2,11.1,1,NA,2,1,NA,2,1,NA,2,1,2,1,NA,2,1,NA,NA,NA,NA,NA,NA,NA,NA,NA,"Y",NA,"N",NA,"ARFR4-SOS-WY050-49-FREMONT-12","#5E4FA2",-109.34775,43.42663611,"5 - 10 Deg. F. / 6 - 12","","5 - 10 Deg. F.","12-Jun","5 - 10 Deg. F. / 6 - 12","5 - 10 / semi-arid","WY.3","#ffb90f","semi-arid, cold","#5E4FA2","K"
"ARFR-WY930-44-LASANIMAS-13","white",4,44,13,44,NA,701,NA,6,1,NA,NA,9.7,1,NA,2,1,NA,2,1,NA,2,28.7,1,NA,2,1,NA,3,1,NA,3,1,3,1,NA,3,1,NA,NA,NA,NA,NA,NA,NA,NA,NA,"Y",NA,"Y",NA,"ARFR4-SOS-WY930-44-LASANIMAS-13","#FDAE61",-104.6423889,37.16547222,"15 - 20 Deg. F. / 3 - 6","","15 - 20 Deg. F.","6-Mar","15 - 20 Deg. F. / 3 - 6","15 - 20 / semi-humid","CO.1","#698b69","semi-humid, warm","#FDAE61","D"
"ARFR-NM930N-66-11","white",4,45,13,45,222,702,NA,7.5,1,NA,NA,17.4,1,NA,2,1,NA,2,1,NA,2,58.7,1,NA,2,1,NA,3,1,NA,3,1,3,1,NA,3,1,NA,"Yes",NA,244.577006,NA,"L",212.599006,95.52,88.56,"Y",NA,"N",NA,"ARFR4-SOS-NM930N-66-11","#F46D43",-107.2045028,36.76818611,"10 - 15 Deg. F. / 3 - 6","","10 - 15 Deg. F.","6-Mar","10 - 15 Deg. F. / 3 - 6","10 - 15 / semi-humid","NM.1","#66e566","semi-humid, cool","#F46D43","C"
"ARFR-WY040-71-10","white",4,46,13,46,NA,703,NA,4,1,NA,NA,7.3,1,NA,2,1,NA,2,1,NA,2,11.9,1,NA,2,1,NA,2,1,NA,2,1,2,1,NA,2,1,NA,NA,NA,NA,NA,NA,NA,NA,NA,"Y",NA,"N",NA,"ARFR4-SOS-WY040-71-10","#66C2A5",-109.2433156,41.13271889,"5 - 10 Deg. F. / 3 - 6","","5 - 10 Deg. F.","6-Mar","5 - 10 Deg. F. / 3 - 6","5 - 10 / semi-humid","WY.1","#a5c2f1","semi-humid, cold","#66C2A5","I"
"ARFR-UT080-109-UINTAH-12","white",4,47,13,47,NA,704,NA,4.4,1,NA,NA,10.9,1,NA,2,1,NA,2,1,NA,2,37.8,1,NA,2,1,NA,3,1,NA,3,1,3,1,NA,3,1,NA,NA,NA,NA,NA,NA,NA,NA,NA,"Y",NA,"N",NA,"ARFR4-SOS-UT080-109-UINTAH-12","#aabe7f",-109.1426444,39.70802222,"10 - 15 Deg. F. / 3 - 6","","10 - 15 Deg. F.","6-Mar","10 - 15 Deg. F. / 3 - 6","10 - 15 / semi-humid","UT.1","#66e566","semi-humid, cool","#aabe7f","G"
"ARFR-WY930-44-LASANIMAS-13","white",4,48,13,48,NA,705,NA,4.9,1,NA,NA,10,1,NA,2,1,NA,2,1,NA,2,25.7,1,NA,2,1,NA,2,1,NA,3,1,3,1,NA,3,1,NA,NA,NA,NA,NA,NA,NA,NA,NA,"Y",NA,"N",NA,"ARFR4-SOS-WY930-44-LASANIMAS-13","#FDAE61",-104.6423889,37.16547222,"15 - 20 Deg. F. / 3 - 6","","15 - 20 Deg. F.","6-Mar","15 - 20 Deg. F. / 3 - 6","15 - 20 / semi-humid","CO.1","#698b69","semi-humid, warm","#FDAE61","D"
"ARFR-NM930N-66-11","white",4,49,13,49,NA,706,NA,5.8,1,NA,NA,17.6,1,NA,2,1,NA,2,1,NA,2,63.4,1,NA,2,1,NA,3,1,NA,3,1,3,1,NA,3,1,NA,NA,NA,NA,NA,NA,NA,NA,NA,"Y",NA,"N",NA,"ARFR4-SOS-NM930N-66-11","#F46D43",-107.2045028,36.76818611,"10 - 15 Deg. F. / 3 - 6","","10 - 15 Deg. F.","6-Mar","10 - 15 Deg. F. / 3 - 6","10 - 15 / semi-humid","NM.1","#66e566","semi-humid, cool","#F46D43","C"
"ARFR-NM930N-66-11","white",4,50,13,50,223,707,NA,9.4,1,NA,NA,18.5,1,NA,2,1,NA,2,1,NA,2,48.2,1,NA,2,1,NA,3,1,NA,3,1,3,1,NA,3,1,NA,NA,NA,NA,NA,NA,NA,NA,NA,"Y",NA,"N",NA,"ARFR4-SOS-NM930N-66-11","#F46D43",-107.2045028,36.76818611,"10 - 15 Deg. F. / 3 - 6","","10 - 15 Deg. F.","6-Mar","10 - 15 Deg. F. / 3 - 6","10 - 15 / semi-humid","NM.1","#66e566","semi-humid, cool","#F46D43","C"
"ARFR-WY050-151-FREMONT-16","white",4,51,13,51,NA,708,NA,4,1,NA,NA,4.7,1,NA,2,1,NA,2,1,NA,2,22.7,1,NA,3,1,NA,3,1,NA,3,1,3,1,NA,3,1,NA,NA,NA,NA,NA,NA,NA,NA,NA,"N",NA,"N",NA,"ARFR4-SOS-WY050-151-FREMONT-16","#3288BD",-108.1704472,42.47886111,"10 - 15 Deg. F. / 6 - 12","","10 - 15 Deg. F.","12-Jun","10 - 15 Deg. F. / 6 - 12","10 - 15 / semi-arid","WY.2","#cd8500","semi-arid, cool","#3288BD","J"
"ARFR-WY050-49-FREMONT-12","white",4,52,13,52,NA,709,NA,2.8,1,NA,NA,3.4,1,NA,2,1,NA,2,1,NA,2,9.1,1,NA,2,1,NA,2,1,NA,2,1,2,1,NA,2,1,NA,NA,NA,NA,NA,NA,NA,NA,NA,"N",NA,"N",NA,"ARFR4-SOS-WY050-49-FREMONT-12","#5E4FA2",-109.34775,43.42663611,"5 - 10 Deg. F. / 6 - 12","","5 - 10 Deg. F.","12-Jun","5 - 10 Deg. F. / 6 - 12","5 - 10 / semi-arid","WY.3","#ffb90f","semi-arid, cold","#5E4FA2","K"
"ARFR-WY040-71-10","white",4,53,13,53,NA,710,NA,6.5,1,NA,NA,9,1,NA,2,1,NA,NA,0,NA,NA,NA,0,NA,NA,0,NA,NA,0,NA,NA,0,NA,0,NA,NA,0,NA,NA,NA,NA,NA,NA,NA,NA,NA,"Y",NA,"N",NA,"ARFR4-SOS-WY040-71-10","#66C2A5",-109.2433156,41.13271889,"5 - 10 Deg. F. / 3 - 6","","5 - 10 Deg. F.","6-Mar","5 - 10 Deg. F. / 3 - 6","5 - 10 / semi-humid","WY.1","#a5c2f1","semi-humid, cold","#66C2A5","I"
"ARFR-AZ930-422-NAVAJO-18","white",4,54,13,54,NA,711,NA,NA,0,"Y","422 Navajo",6.1,1,NA,2,1,NA,2,1,NA,2,19.9,1,NA,2,1,NA,3,1,NA,3,1,3,1,NA,3,1,NA,NA,NA,NA,NA,NA,NA,NA,NA,"N",NA,"N",NA,"ARFR4-SOS-AZ930-422-NAVAJO-18","#D53E4F",-110.431,36.56805,"15 - 20 Deg. F. / 6 - 12","Lats corrected 20230127","15 - 20 Deg. F.","12-Jun","15 - 20 Deg. F. / 6 - 12","15 - 20 / semi-arid","AZ.2","#ee5c42","semi-arid, warm","#D53E4F","B"
"ARFR-WY040-71-10","white",4,55,13,55,224,712,NA,4.3,1,NA,NA,5.2,1,NA,2,1,NA,2,1,NA,2,7.6,1,NA,2,1,NA,2,1,NA,2,1,2,1,NA,2,1,NA,NA,NA,NA,NA,NA,NA,NA,NA,"N",NA,"N",NA,"ARFR4-SOS-WY040-71-10","#66C2A5",-109.2433156,41.13271889,"5 - 10 Deg. F. / 3 - 6","","5 - 10 Deg. F.","6-Mar","5 - 10 Deg. F. / 3 - 6","5 - 10 / semi-humid","WY.1","#a5c2f1","semi-humid, cold","#66C2A5","I"
"ARFR-AZ930-423-NAVAJO-18","white",4,56,14,1,213,713,NA,7.3,1,NA,NA,12.8,1,NA,2,1,NA,2,1,NA,2,20.6,1,NA,2,1,NA,3,1,NA,3,1,3,1,NA,3,1,NA,NA,NA,NA,NA,NA,NA,NA,NA,"Y",NA,"N",NA,"ARFR4-SOS-AZ930-423-NAVAJO-18","#9E0142",-110.431,36.45877,"15 - 20 Deg. F. / 6 - 12","SdZones downloaded 20230823","15 - 20 Deg. F.","12-Jun","15 - 20 Deg. F. / 6 - 12","15 - 20 / semi-arid","AZ.1","#ee5c42","semi-arid, warm","#9E0142","A"
"ARFR-CO932-314-JEFFERSON-12","white",4,57,14,2,NA,714,NA,3.6,1,NA,NA,7.3,1,NA,2,1,NA,2,1,NA,2,14.5,1,NA,2,1,NA,3,1,NA,3,1,3,1,NA,3,1,NA,NA,NA,NA,NA,NA,NA,NA,NA,"Y",NA,"N",NA,"ARFR4-SOS-CO932-314-JEFFERSON-12","#FEE08B",-105.3553333,39.40902778,"10 - 15 Deg. F. / 3 - 6","","10 - 15 Deg. F.","6-Mar","10 - 15 Deg. F. / 3 - 6","10 - 15 / semi-humid","CO.2","#66e566","semi-humid, cool","#FEE08B","E"
"ARFR-NM930N-66-11","white",4,58,14,3,NA,715,NA,4.4,1,NA,NA,16.6,1,NA,2,1,NA,2,1,NA,2,46.2,1,NA,2,1,NA,3,1,NA,3,1,3,1,NA,3,1,NA,NA,NA,NA,NA,NA,NA,NA,NA,"Y",NA,"N",NA,"ARFR4-SOS-NM930N-66-11","#F46D43",-107.2045028,36.76818611,"10 - 15 Deg. F. / 3 - 6","","10 - 15 Deg. F.","6-Mar","10 - 15 Deg. F. / 3 - 6","10 - 15 / semi-humid","NM.1","#66e566","semi-humid, cool","#F46D43","C"
"ARFR-WY050-151-FREMONT-16","white",4,59,14,4,NA,716,NA,4.1,1,NA,NA,6.8,1,NA,2,1,NA,2,1,NA,2,14.6,1,NA,2,1,NA,3,1,NA,3,1,3,1,NA,3,1,NA,NA,NA,NA,NA,NA,NA,NA,NA,"N",NA,"N",NA,"ARFR4-SOS-WY050-151-FREMONT-16","#3288BD",-108.1704472,42.47886111,"10 - 15 Deg. F. / 6 - 12","","10 - 15 Deg. F.","12-Jun","10 - 15 Deg. F. / 6 - 12","10 - 15 / semi-arid","WY.2","#cd8500","semi-arid, cool","#3288BD","J"
"ARFR-WY050-151-FREMONT-16","white",4,60,14,5,214,717,NA,5.5,1,NA,NA,8.9,1,NA,2,1,NA,2,1,NA,2,17.8,1,NA,2,1,NA,3,1,NA,3,1,3,1,NA,3,1,NA,NA,NA,NA,NA,NA,NA,NA,NA,"Y",NA,"Y",NA,"ARFR4-SOS-WY050-151-FREMONT-16","#3288BD",-108.1704472,42.47886111,"10 - 15 Deg. F. / 6 - 12","","10 - 15 Deg. F.","12-Jun","10 - 15 Deg. F. / 6 - 12","10 - 15 / semi-arid","WY.2","#cd8500","semi-arid, cool","#3288BD","J"
"ARFR-NM930N-66-11","white",4,61,14,6,NA,718,NA,8,1,NA,NA,16.5,1,NA,2,1,NA,2,1,NA,2,44.3,1,NA,2,1,NA,3,1,NA,3,1,3,1,NA,3,1,NA,NA,NA,NA,NA,NA,NA,NA,NA,"Y",NA,"N",NA,"ARFR4-SOS-NM930N-66-11","#F46D43",-107.2045028,36.76818611,"10 - 15 Deg. F. / 3 - 6","","10 - 15 Deg. F.","6-Mar","10 - 15 Deg. F. / 3 - 6","10 - 15 / semi-humid","NM.1","#66e566","semi-humid, cool","#F46D43","C"
"ARFR-WY050-151-FREMONT-16","white",4,62,14,7,NA,719,NA,4.4,1,NA,NA,7.4,1,NA,2,1,NA,2,1,NA,2,11.6,1,NA,2,1,NA,2,1,NA,2,1,2,1,NA,2,1,NA,NA,NA,NA,NA,NA,NA,NA,NA,"Y",NA,"N",NA,"ARFR4-SOS-WY050-151-FREMONT-16","#3288BD",-108.1704472,42.47886111,"10 - 15 Deg. F. / 6 - 12","","10 - 15 Deg. F.","12-Jun","10 - 15 Deg. F. / 6 - 12","10 - 15 / semi-arid","WY.2","#cd8500","semi-arid, cool","#3288BD","J"
"ARFR-WY040-71-10","white",4,63,14,8,NA,720,NA,2.5,1,NA,NA,6.9,1,NA,2,1,NA,2,1,NA,2,34,1,NA,2,1,NA,3,1,NA,3,1,3,1,NA,3,1,NA,NA,NA,NA,NA,NA,NA,NA,NA,"N",NA,"N",NA,"ARFR4-SOS-WY040-71-10","#66C2A5",-109.2433156,41.13271889,"5 - 10 Deg. F. / 3 - 6","","5 - 10 Deg. F.","6-Mar","5 - 10 Deg. F. / 3 - 6","5 - 10 / semi-humid","WY.1","#a5c2f1","semi-humid, cold","#66C2A5","I"
"ARFR-UT080-109-UINTAH-12","white",4,64,14,9,NA,721,NA,8.7,1,NA,NA,15.6,1,NA,2,1,NA,2,1,NA,2,51.1,1,NA,2,1,NA,3,1,NA,3,1,3,1,NA,3,1,NA,NA,NA,NA,NA,NA,NA,NA,NA,"Y",NA,"N",NA,"ARFR4-SOS-UT080-109-UINTAH-12","#aabe7f",-109.1426444,39.70802222,"10 - 15 Deg. F. / 3 - 6","","10 - 15 Deg. F.","6-Mar","10 - 15 Deg. F. / 3 - 6","10 - 15 / semi-humid","UT.1","#66e566","semi-humid, cool","#aabe7f","G"
"ARFR-WY050-49-FREMONT-12","white",4,65,14,10,215,722,NA,4.2,1,NA,NA,6.7,1,NA,2,1,NA,2,1,NA,2,21.4,1,NA,2,1,NA,3,1,NA,3,1,3,1,NA,3,1,NA,NA,NA,NA,NA,NA,NA,NA,NA,"N",NA,"N",NA,"ARFR4-SOS-WY050-49-FREMONT-12","#5E4FA2",-109.34775,43.42663611,"5 - 10 Deg. F. / 6 - 12","","5 - 10 Deg. F.","12-Jun","5 - 10 Deg. F. / 6 - 12","5 - 10 / semi-arid","WY.3","#ffb90f","semi-arid, cold","#5E4FA2","K"
"ARFR-AZ930-423-NAVAJO-18","white",4,66,14,11,NA,723,NA,4.5,1,NA,NA,12.1,1,NA,2,1,NA,2,1,NA,2,42.5,1,NA,2,1,NA,3,1,NA,3,1,3,1,NA,3,1,NA,NA,NA,NA,NA,NA,NA,NA,NA,"Y",NA,"N",NA,"ARFR4-SOS-AZ930-423-NAVAJO-18","#9E0142",-110.431,36.45877,"15 - 20 Deg. F. / 6 - 12","SdZones downloaded 20230823","15 - 20 Deg. F.","12-Jun","15 - 20 Deg. F. / 6 - 12","15 - 20 / semi-arid","AZ.1","#ee5c42","semi-arid, warm","#9E0142","A"
"ARFR-NM930N-66-11","white",4,67,14,12,NA,724,NA,9.4,1,NA,NA,16.9,1,NA,2,1,NA,2,1,NA,2,49.2,1,NA,2,1,NA,3,1,NA,3,1,3,1,NA,3,1,NA,NA,NA,NA,NA,NA,NA,NA,NA,"Y",NA,"N",NA,"ARFR4-SOS-NM930N-66-11","#F46D43",-107.2045028,36.76818611,"10 - 15 Deg. F. / 3 - 6","","10 - 15 Deg. F.","6-Mar","10 - 15 Deg. F. / 3 - 6","10 - 15 / semi-humid","NM.1","#66e566","semi-humid, cool","#F46D43","C"
"ARFR-CO932-314-JEFFERSON-12","white",4,68,14,13,NA,725,NA,5,1,NA,NA,11.6,1,NA,2,1,NA,2,1,NA,2,46.9,1,NA,3,1,NA,3,1,NA,3,1,3,1,NA,3,1,NA,NA,NA,NA,NA,NA,NA,NA,NA,"Y",NA,"N",NA,"ARFR4-SOS-CO932-314-JEFFERSON-12","#FEE08B",-105.3553333,39.40902778,"10 - 15 Deg. F. / 3 - 6","","10 - 15 Deg. F.","6-Mar","10 - 15 Deg. F. / 3 - 6","10 - 15 / semi-humid","CO.2","#66e566","semi-humid, cool","#FEE08B","E"
"ARFR-AZ930-423-NAVAJO-18","white",4,69,14,14,NA,726,NA,5.3,1,NA,NA,13.7,1,NA,2,1,NA,2,1,NA,2,53.2,1,NA,2,1,NA,3,1,NA,3,1,3,1,NA,3,1,NA,NA,NA,NA,NA,NA,NA,NA,NA,"Y",NA,"N",NA,"ARFR4-SOS-AZ930-423-NAVAJO-18","#9E0142",-110.431,36.45877,"15 - 20 Deg. F. / 6 - 12","SdZones downloaded 20230823","15 - 20 Deg. F.","12-Jun","15 - 20 Deg. F. / 6 - 12","15 - 20 / semi-arid","AZ.1","#ee5c42","semi-arid, warm","#9E0142","A"
"ARFR-CO932-316-JEFFERSON-12","white",4,70,14,15,216,727,NA,3,1,NA,NA,16.1,1,NA,2,1,NA,2,1,NA,2,40.2,1,NA,2,1,NA,3,1,NA,3,1,3,1,NA,3,1,NA,NA,NA,NA,NA,NA,NA,NA,NA,"Y",NA,"N",NA,"ARFR4-SOS-CO932-316-JEFFERSON-12","#FFFF85",-105.358,39.66325,"15 - 20 Deg. F. / 3 - 6","","15 - 20 Deg. F.","6-Mar","15 - 20 Deg. F. / 3 - 6","15 - 20 / semi-humid","CO.3","#698b69","semi-humid, warm","#FFFF85","F"
"ARFR-CO932-294-11","white",4,71,14,16,NA,728,NA,5.6,1,NA,NA,10.6,1,NA,2,1,NA,2,1,NA,2,31.1,1,NA,2,1,NA,3,1,NA,3,1,3,1,NA,3,1,NA,"Yes",NA,152.82,NA,"L",120.842,71.39,64.43,"Y",NA,"N",NA,"ARFR4-SOS-CO932-294-11","#ABDDA4",-105.2030833,39.78458333,"15 - 20 Deg. F. / 3 - 6","","15 - 20 Deg. F.","6-Mar","15 - 20 Deg. F. / 3 - 6","15 - 20 / semi-humid","CO.4","#698b69","semi-humid, warm","#ABDDA4","H"
"ARFR-CO932-294-11","white",4,72,14,17,NA,729,NA,2.8,1,NA,NA,5.5,1,NA,2,1,NA,2,1,NA,2,7.8,1,NA,2,1,NA,2,1,NA,2,1,2,1,NA,2,1,NA,NA,NA,NA,NA,NA,NA,NA,NA,"N",NA,"N",NA,"ARFR4-SOS-CO932-294-11","#ABDDA4",-105.2030833,39.78458333,"15 - 20 Deg. F. / 3 - 6","","15 - 20 Deg. F.","6-Mar","15 - 20 Deg. F. / 3 - 6","15 - 20 / semi-humid","CO.4","#698b69","semi-humid, warm","#ABDDA4","H"
"ARFR-NM930N-66-11","white",4,73,14,18,NA,730,NA,7.5,1,NA,NA,15.8,1,NA,2,1,NA,2,1,NA,2,55,1,NA,2,1,NA,3,1,NA,3,1,3,1,NA,3,1,NA,NA,NA,NA,NA,NA,NA,NA,NA,"Y",NA,"N",NA,"ARFR4-SOS-NM930N-66-11","#F46D43",-107.2045028,36.76818611,"10 - 15 Deg. F. / 3 - 6","","10 - 15 Deg. F.","6-Mar","10 - 15 Deg. F. / 3 - 6","10 - 15 / semi-humid","NM.1","#66e566","semi-humid, cool","#F46D43","C"
"ARFR-WY050-49-FREMONT-12","white",4,74,14,19,NA,731,NA,4,1,NA,NA,6.7,1,NA,2,1,NA,2,1,NA,2,10.2,1,NA,2,1,NA,2,1,NA,2,1,2,1,NA,2,1,NA,NA,NA,NA,NA,NA,NA,NA,NA,"N",NA,"N",NA,"ARFR4-SOS-WY050-49-FREMONT-12","#5E4FA2",-109.34775,43.42663611,"5 - 10 Deg. F. / 6 - 12","","5 - 10 Deg. F.","12-Jun","5 - 10 Deg. F. / 6 - 12","5 - 10 / semi-arid","WY.3","#ffb90f","semi-arid, cold","#5E4FA2","K"
"ARFR-WY050-49-FREMONT-12","white",4,75,14,20,217,732,NA,3.1,1,NA,NA,5.8,1,NA,2,1,NA,2,1,NA,2,9.5,1,NA,2,1,NA,2,1,NA,2,1,3,1,NA,3,1,NA,NA,NA,NA,NA,NA,NA,NA,NA,"N",NA,"N",NA,"ARFR4-SOS-WY050-49-FREMONT-12","#5E4FA2",-109.34775,43.42663611,"5 - 10 Deg. F. / 6 - 12","","5 - 10 Deg. F.","12-Jun","5 - 10 Deg. F. / 6 - 12","5 - 10 / semi-arid","WY.3","#ffb90f","semi-arid, cold","#5E4FA2","K"
"ARFR-WY050-151-FREMONT-16","white",4,76,14,21,NA,733,NA,4.3,1,NA,NA,9,1,NA,2,1,NA,2,1,NA,2,23.7,1,NA,2,1,NA,3,1,NA,3,1,3,1,NA,3,1,NA,NA,NA,NA,NA,NA,NA,NA,NA,"Y",NA,"N",NA,"ARFR4-SOS-WY050-151-FREMONT-16","#3288BD",-108.1704472,42.47886111,"10 - 15 Deg. F. / 6 - 12","","10 - 15 Deg. F.","12-Jun","10 - 15 Deg. F. / 6 - 12","10 - 15 / semi-arid","WY.2","#cd8500","semi-arid, cool","#3288BD","J"
"ARFR-WY930-44-LASANIMAS-13","white",4,77,14,22,NA,734,NA,5,1,NA,NA,12.5,1,NA,2,1,NA,2,1,NA,2,34.5,1,NA,2,1,NA,3,1,NA,3,1,3,1,NA,3,1,NA,NA,NA,NA,NA,NA,NA,NA,NA,"Y",NA,"N",NA,"ARFR4-SOS-WY930-44-LASANIMAS-13","#FDAE61",-104.6423889,37.16547222,"15 - 20 Deg. F. / 3 - 6","","15 - 20 Deg. F.","6-Mar","15 - 20 Deg. F. / 3 - 6","15 - 20 / semi-humid","CO.1","#698b69","semi-humid, warm","#FDAE61","D"
"ARFR-CO932-294-11","white",4,78,14,23,NA,735,NA,3.8,1,NA,NA,8.3,1,NA,2,1,NA,2,1,NA,2,21.2,1,NA,2,1,NA,3,1,NA,3,1,3,1,NA,3,1,NA,NA,NA,NA,NA,NA,NA,NA,NA,"Y",NA,"N",NA,"ARFR4-SOS-CO932-294-11","#ABDDA4",-105.2030833,39.78458333,"15 - 20 Deg. F. / 3 - 6","","15 - 20 Deg. F.","6-Mar","15 - 20 Deg. F. / 3 - 6","15 - 20 / semi-humid","CO.4","#698b69","semi-humid, warm","#ABDDA4","H"
"ARFR-WY040-71-10","white",4,79,14,24,NA,736,NA,4.2,1,NA,NA,7.9,1,NA,2,1,NA,2,1,NA,2,15,1,NA,2,1,NA,2,1,NA,2,1,2,1,NA,2,1,NA,NA,NA,NA,NA,NA,NA,NA,NA,"N",NA,"N",NA,"ARFR4-SOS-WY040-71-10","#66C2A5",-109.2433156,41.13271889,"5 - 10 Deg. F. / 3 - 6","","5 - 10 Deg. F.","6-Mar","5 - 10 Deg. F. / 3 - 6","5 - 10 / semi-humid","WY.1","#a5c2f1","semi-humid, cold","#66C2A5","I"
"ARFR-NM930N-66-11","white",4,80,14,25,218,737,NA,6,1,NA,NA,15.6,1,NA,2,1,NA,2,1,NA,2,65.2,1,NA,2,1,NA,3,1,NA,3,1,3,1,NA,3,1,NA,NA,NA,NA,NA,NA,NA,NA,NA,"Y",NA,"N",NA,"ARFR4-SOS-NM930N-66-11","#F46D43",-107.2045028,36.76818611,"10 - 15 Deg. F. / 3 - 6","","10 - 15 Deg. F.","6-Mar","10 - 15 Deg. F. / 3 - 6","10 - 15 / semi-humid","NM.1","#66e566","semi-humid, cool","#F46D43","C"
"ARFR-AZ930-422-NAVAJO-18","white",4,81,14,26,NA,738,NA,4.6,1,NA,NA,10.7,1,NA,2,1,NA,2,1,NA,2,44.1,1,NA,2,1,NA,3,1,NA,3,1,3,1,NA,3,1,NA,"Yes",NA,156.74,NA,"L",124.762,68.56,61.6,"Y",NA,"N",NA,"ARFR4-SOS-AZ930-422-NAVAJO-18","#D53E4F",-110.431,36.56805,"15 - 20 Deg. F. / 6 - 12","Lats corrected 20230127","15 - 20 Deg. F.","12-Jun","15 - 20 Deg. F. / 6 - 12","15 - 20 / semi-arid","AZ.2","#ee5c42","semi-arid, warm","#D53E4F","B"
"ARFR-UT080-109-UINTAH-12","white",4,82,14,27,NA,739,NA,7.7,1,NA,NA,16.3,1,NA,2,1,NA,2,1,NA,2,33,1,NA,2,1,NA,3,1,NA,3,1,3,1,NA,3,1,NA,NA,NA,NA,NA,NA,NA,NA,NA,"Y",NA,"N",NA,"ARFR4-SOS-UT080-109-UINTAH-12","#aabe7f",-109.1426444,39.70802222,"10 - 15 Deg. F. / 3 - 6","","10 - 15 Deg. F.","6-Mar","10 - 15 Deg. F. / 3 - 6","10 - 15 / semi-humid","UT.1","#66e566","semi-humid, cool","#aabe7f","G"
"ARFR-WY040-71-10","white",4,83,14,28,NA,740,NA,3.8,1,NA,NA,7.2,1,NA,2,1,NA,2,1,NA,2,12.7,1,NA,2,1,NA,2,1,NA,2,1,2,1,NA,2,1,NA,NA,NA,NA,NA,NA,NA,NA,NA,"N",NA,"N",NA,"ARFR4-SOS-WY040-71-10","#66C2A5",-109.2433156,41.13271889,"5 - 10 Deg. F. / 3 - 6","","5 - 10 Deg. F.","6-Mar","5 - 10 Deg. F. / 3 - 6","5 - 10 / semi-humid","WY.1","#a5c2f1","semi-humid, cold","#66C2A5","I"
"ARFR-WY050-49-FREMONT-12","white",4,84,14,29,NA,741,NA,3.6,1,NA,NA,5.2,1,NA,2,1,NA,2,1,NA,2,4.2,1,NA,2,1,NA,2,1,NA,2,1,2,1,NA,2,1,NA,NA,NA,NA,NA,NA,NA,NA,NA,"N",NA,"N",NA,"ARFR4-SOS-WY050-49-FREMONT-12","#5E4FA2",-109.34775,43.42663611,"5 - 10 Deg. F. / 6 - 12","","5 - 10 Deg. F.","12-Jun","5 - 10 Deg. F. / 6 - 12","5 - 10 / semi-arid","WY.3","#ffb90f","semi-arid, cold","#5E4FA2","K"
"ARFR-CO932-314-JEFFERSON-12","white",4,85,14,30,219,742,NA,4.3,1,NA,NA,7.9,1,NA,2,1,NA,2,1,NA,2,34.3,1,NA,2,1,NA,3,1,NA,3,1,3,1,NA,3,1,NA,NA,NA,NA,NA,NA,NA,NA,NA,"N",NA,"N",NA,"ARFR4-SOS-CO932-314-JEFFERSON-12","#FEE08B",-105.3553333,39.40902778,"10 - 15 Deg. F. / 3 - 6","","10 - 15 Deg. F.","6-Mar","10 - 15 Deg. F. / 3 - 6","10 - 15 / semi-humid","CO.2","#66e566","semi-humid, cool","#FEE08B","E"
"ARFR-WY930-44-LASANIMAS-13","white",4,86,14,31,NA,743,NA,8.4,1,NA,NA,14.8,1,NA,2,1,NA,2,1,NA,2,44,1,NA,2,1,NA,3,1,NA,3,1,3,1,NA,3,1,NA,NA,NA,NA,NA,NA,NA,NA,NA,"Y",NA,"N",NA,"ARFR4-SOS-WY930-44-LASANIMAS-13","#FDAE61",-104.6423889,37.16547222,"15 - 20 Deg. F. / 3 - 6","","15 - 20 Deg. F.","6-Mar","15 - 20 Deg. F. / 3 - 6","15 - 20 / semi-humid","CO.1","#698b69","semi-humid, warm","#FDAE61","D"
"ARFR-WY050-151-FREMONT-16","white",4,87,14,32,NA,744,NA,6.6,1,NA,NA,8.5,1,NA,2,1,NA,2,1,NA,2,14.9,1,NA,2,1,NA,3,1,NA,3,1,3,1,NA,3,1,NA,NA,NA,NA,NA,NA,NA,NA,NA,"Y",NA,"N",NA,"ARFR4-SOS-WY050-151-FREMONT-16","#3288BD",-108.1704472,42.47886111,"10 - 15 Deg. F. / 6 - 12","","10 - 15 Deg. F.","12-Jun","10 - 15 Deg. F. / 6 - 12","10 - 15 / semi-arid","WY.2","#cd8500","semi-arid, cool","#3288BD","J"
"ARFR-WY050-49-FREMONT-12","white",4,88,14,33,NA,745,NA,5,1,NA,NA,8.3,1,NA,NA,0,NA,NA,0,NA,NA,NA,0,NA,NA,0,NA,NA,0,NA,NA,0,NA,0,NA,NA,0,NA,NA,NA,NA,NA,NA,NA,NA,NA,"Y",NA,"N",NA,"ARFR4-SOS-WY050-49-FREMONT-12","#5E4FA2",-109.34775,43.42663611,"5 - 10 Deg. F. / 6 - 12","","5 - 10 Deg. F.","12-Jun","5 - 10 Deg. F. / 6 - 12","5 - 10 / semi-arid","WY.3","#ffb90f","semi-arid, cold","#5E4FA2","K"
"ARFR-WY930-44-LASANIMAS-13","white",4,89,14,34,NA,746,NA,4.3,1,NA,NA,8.4,1,NA,2,1,NA,2,1,NA,2,32,1,NA,2,1,NA,3,1,NA,3,1,3,1,NA,3,1,NA,NA,NA,NA,NA,NA,NA,NA,NA,"Y",NA,"N",NA,"ARFR4-SOS-WY930-44-LASANIMAS-13","#FDAE61",-104.6423889,37.16547222,"15 - 20 Deg. F. / 3 - 6","","15 - 20 Deg. F.","6-Mar","15 - 20 Deg. F. / 3 - 6","15 - 20 / semi-humid","CO.1","#698b69","semi-humid, warm","#FDAE61","D"
"ARFR-CO932-314-JEFFERSON-12","white",4,90,14,35,220,747,NA,5.1,1,NA,NA,10.7,1,NA,2,1,NA,2,1,NA,2,37.9,1,NA,2,1,NA,3,1,NA,3,1,3,1,NA,3,1,NA,NA,NA,NA,NA,NA,NA,NA,NA,"Y",NA,"N",NA,"ARFR4-SOS-CO932-314-JEFFERSON-12","#FEE08B",-105.3553333,39.40902778,"10 - 15 Deg. F. / 3 - 6","","10 - 15 Deg. F.","6-Mar","10 - 15 Deg. F. / 3 - 6","10 - 15 / semi-humid","CO.2","#66e566","semi-humid, cool","#FEE08B","E"
"ARFR-WY050-151-FREMONT-16","white",4,91,14,36,NA,748,NA,4.6,1,NA,NA,7.6,1,NA,2,1,NA,2,1,NA,2,8.9,1,NA,2,1,NA,3,1,NA,3,1,3,1,NA,3,1,NA,NA,NA,NA,NA,NA,NA,NA,NA,"Y",NA,"N",NA,"ARFR4-SOS-WY050-151-FREMONT-16","#3288BD",-108.1704472,42.47886111,"10 - 15 Deg. F. / 6 - 12","","10 - 15 Deg. F.","12-Jun","10 - 15 Deg. F. / 6 - 12","10 - 15 / semi-arid","WY.2","#cd8500","semi-arid, cool","#3288BD","J"
"ARFR-WY050-49-FREMONT-12","white",4,92,14,37,NA,749,NA,6.5,1,NA,NA,8.3,1,NA,2,1,NA,2,1,NA,2,9.3,1,NA,2,1,NA,2,1,NA,2,1,2,1,NA,2,1,NA,"Yes",NA,31.31,NA,"S",24.35,NA,NA,"Y",NA,"N",NA,"ARFR4-SOS-WY050-49-FREMONT-12","#5E4FA2",-109.34775,43.42663611,"5 - 10 Deg. F. / 6 - 12","","5 - 10 Deg. F.","12-Jun","5 - 10 Deg. F. / 6 - 12","5 - 10 / semi-arid","WY.3","#ffb90f","semi-arid, cold","#5E4FA2","K"
"ARFR-UT080-109-UINTAH-12","white",4,93,14,38,NA,750,NA,5.3,1,NA,NA,11.9,1,NA,2,1,NA,2,1,NA,2,44.4,1,NA,2,1,NA,3,1,NA,3,1,3,1,NA,3,1,NA,NA,NA,NA,NA,NA,NA,NA,NA,"Y",NA,"N",NA,"ARFR4-SOS-UT080-109-UINTAH-12","#aabe7f",-109.1426444,39.70802222,"10 - 15 Deg. F. / 3 - 6","","10 - 15 Deg. F.","6-Mar","10 - 15 Deg. F. / 3 - 6","10 - 15 / semi-humid","UT.1","#66e566","semi-humid, cool","#aabe7f","G"
"ARFR-WY050-49-FREMONT-12","white",4,94,14,39,NA,751,NA,5.1,1,NA,NA,7.3,1,NA,2,1,NA,2,1,NA,2,12,1,NA,2,1,NA,2,1,NA,2,1,2,1,NA,3,1,NA,NA,NA,NA,NA,NA,NA,NA,NA,"Y",NA,"N",NA,"ARFR4-SOS-WY050-49-FREMONT-12","#5E4FA2",-109.34775,43.42663611,"5 - 10 Deg. F. / 6 - 12","","5 - 10 Deg. F.","12-Jun","5 - 10 Deg. F. / 6 - 12","5 - 10 / semi-arid","WY.3","#ffb90f","semi-arid, cold","#5E4FA2","K"
"ARFR-UT080-109-UINTAH-12","white",4,95,14,40,221,752,NA,5.9,1,NA,NA,12.8,1,NA,2,1,NA,2,1,NA,2,55.3,1,NA,2,1,NA,3,1,NA,3,1,3,1,NA,3,1,NA,NA,NA,NA,NA,NA,NA,NA,NA,"Y",NA,"N",NA,"ARFR4-SOS-UT080-109-UINTAH-12","#aabe7f",-109.1426444,39.70802222,"10 - 15 Deg. F. / 3 - 6","","10 - 15 Deg. F.","6-Mar","10 - 15 Deg. F. / 3 - 6","10 - 15 / semi-humid","UT.1","#66e566","semi-humid, cool","#aabe7f","G"
"ARFR-AZ930-422-NAVAJO-18","white",4,96,14,41,NA,753,NA,6.5,1,NA,NA,16.4,1,NA,2,1,NA,2,1,NA,2,47.5,1,NA,2,1,NA,3,1,NA,3,1,3,1,NA,3,1,NA,NA,NA,NA,NA,NA,NA,NA,NA,"Y",NA,"N",NA,"ARFR4-SOS-AZ930-422-NAVAJO-18","#D53E4F",-110.431,36.56805,"15 - 20 Deg. F. / 6 - 12","Lats corrected 20230127","15 - 20 Deg. F.","12-Jun","15 - 20 Deg. F. / 6 - 12","15 - 20 / semi-arid","AZ.2","#ee5c42","semi-arid, warm","#D53E4F","B"
"ARFR-AZ930-423-NAVAJO-18","white",4,97,14,42,NA,754,NA,4.1,1,NA,NA,10.9,1,NA,2,1,NA,2,1,NA,2,37.7,1,NA,2,1,NA,3,1,NA,3,1,3,1,NA,3,1,NA,NA,NA,NA,NA,NA,NA,NA,NA,"Y",NA,"N",NA,"ARFR4-SOS-AZ930-423-NAVAJO-18","#9E0142",-110.431,36.45877,"15 - 20 Deg. F. / 6 - 12","SdZones downloaded 20230823","15 - 20 Deg. F.","12-Jun","15 - 20 Deg. F. / 6 - 12","15 - 20 / semi-arid","AZ.1","#ee5c42","semi-arid, warm","#9E0142","A"
"ARFR-WY050-151-FREMONT-16","white",4,98,14,43,NA,755,NA,7.2,1,NA,NA,10.6,1,NA,2,1,NA,2,1,NA,2,22,1,NA,2,1,NA,3,1,NA,3,1,3,1,NA,3,1,NA,NA,NA,NA,NA,NA,NA,NA,NA,"Y",NA,"N",NA,"ARFR4-SOS-WY050-151-FREMONT-16","#3288BD",-108.1704472,42.47886111,"10 - 15 Deg. F. / 6 - 12","","10 - 15 Deg. F.","12-Jun","10 - 15 Deg. F. / 6 - 12","10 - 15 / semi-arid","WY.2","#cd8500","semi-arid, cool","#3288BD","J"
"ARFR-WY040-71-10","white",4,99,14,44,NA,756,NA,3.5,1,NA,NA,6.8,1,NA,2,1,NA,2,1,NA,2,21,1,NA,2,1,NA,3,1,NA,3,1,3,1,NA,3,1,NA,NA,NA,NA,NA,NA,NA,NA,NA,"N",NA,"N",NA,"ARFR4-SOS-WY040-71-10","#66C2A5",-109.2433156,41.13271889,"5 - 10 Deg. F. / 3 - 6","","5 - 10 Deg. F.","6-Mar","5 - 10 Deg. F. / 3 - 6","5 - 10 / semi-humid","WY.1","#a5c2f1","semi-humid, cold","#66C2A5","I"
"ARFR-WY050-49-FREMONT-12","white",4,100,14,45,222,757,NA,4,1,NA,NA,7.2,1,"ARFR-CO932-314-JEFFERSON-12_184 initially assigned by Fremont-12 actually planted",2,1,NA,2,1,NA,2,14.2,1,NA,2,1,NA,2,1,NA,2,1,2,1,NA,2,1,NA,NA,NA,NA,NA,NA,NA,NA,NA,"N",NA,"N",NA,"ARFR4-SOS-WY050-49-FREMONT-12","#5E4FA2",-109.34775,43.42663611,"5 - 10 Deg. F. / 6 - 12","","5 - 10 Deg. F.","12-Jun","5 - 10 Deg. F. / 6 - 12","5 - 10 / semi-arid","WY.3","#ffb90f","semi-arid, cold","#5E4FA2","K"
"ARFR-WY050-49-FREMONT-12","white",4,101,14,46,NA,758,NA,6.2,1,NA,NA,9.6,1,"ARFR-CO932-314-JEFFERSON-12_034 initially assigned by Fremont-12 actually planted",2,1,NA,2,1,NA,2,17.5,1,NA,2,1,NA,2,1,NA,3,1,3,1,NA,3,1,NA,NA,NA,NA,NA,NA,NA,NA,NA,"N",NA,"N",NA,"ARFR4-SOS-WY050-49-FREMONT-12","#5E4FA2",-109.34775,43.42663611,"5 - 10 Deg. F. / 6 - 12","","5 - 10 Deg. F.","12-Jun","5 - 10 Deg. F. / 6 - 12","5 - 10 / semi-arid","WY.3","#ffb90f","semi-arid, cold","#5E4FA2","K"
"ARFR-WY930-44-LASANIMAS-13","white",4,102,14,47,NA,759,NA,5.7,1,NA,NA,13.5,1,NA,2,1,NA,2,1,NA,2,33,1,NA,2,1,NA,3,1,NA,3,1,3,1,NA,3,1,NA,NA,NA,NA,NA,NA,NA,NA,NA,"Y",NA,"Y",NA,"ARFR4-SOS-WY930-44-LASANIMAS-13","#FDAE61",-104.6423889,37.16547222,"15 - 20 Deg. F. / 3 - 6","","15 - 20 Deg. F.","6-Mar","15 - 20 Deg. F. / 3 - 6","15 - 20 / semi-humid","CO.1","#698b69","semi-humid, warm","#FDAE61","D"
"ARFR-WY050-151-FREMONT-16","white",4,103,14,48,NA,760,NA,6.3,1,NA,NA,9.8,1,NA,2,1,NA,2,1,NA,2,29.9,1,NA,2,1,NA,3,1,NA,3,1,3,1,NA,3,1,NA,NA,NA,NA,NA,NA,NA,NA,NA,"Y",NA,"N",NA,"ARFR4-SOS-WY050-151-FREMONT-16","#3288BD",-108.1704472,42.47886111,"10 - 15 Deg. F. / 6 - 12","","10 - 15 Deg. F.","12-Jun","10 - 15 Deg. F. / 6 - 12","10 - 15 / semi-arid","WY.2","#cd8500","semi-arid, cool","#3288BD","J"
"ARFR-NM930N-66-11","white",4,104,14,49,NA,761,NA,7.4,1,NA,NA,14.4,1,NA,2,1,NA,2,1,NA,2,52.9,1,NA,2,1,NA,3,1,NA,3,1,3,1,NA,3,1,NA,NA,NA,NA,NA,NA,NA,NA,NA,"Y",NA,"N",NA,"ARFR4-SOS-NM930N-66-11","#F46D43",-107.2045028,36.76818611,"10 - 15 Deg. F. / 3 - 6","","10 - 15 Deg. F.","6-Mar","10 - 15 Deg. F. / 3 - 6","10 - 15 / semi-humid","NM.1","#66e566","semi-humid, cool","#F46D43","C"
"ARFR-WY930-44-LASANIMAS-13","white",4,105,14,50,223,762,NA,8.4,1,NA,NA,14.2,1,NA,2,1,NA,2,1,NA,2,40.2,1,NA,2,1,NA,3,1,NA,3,1,3,1,NA,3,1,NA,NA,NA,NA,NA,NA,NA,NA,NA,"Y",NA,"N",NA,"ARFR4-SOS-WY930-44-LASANIMAS-13","#FDAE61",-104.6423889,37.16547222,"15 - 20 Deg. F. / 3 - 6","","15 - 20 Deg. F.","6-Mar","15 - 20 Deg. F. / 3 - 6","15 - 20 / semi-humid","CO.1","#698b69","semi-humid, warm","#FDAE61","D"
"ARFR-CO932-314-JEFFERSON-12","white",4,106,14,51,NA,763,NA,NA,1,"Y","314 Jefferson",3.7,1,"almost dead 5/27",2,1,NA,2,1,NA,2,12.7,1,NA,2,1,NA,2,1,NA,3,1,3,1,NA,3,1,NA,NA,NA,NA,NA,NA,NA,NA,NA,"N",NA,"N",NA,"ARFR4-SOS-CO932-314-JEFFERSON-12","#FEE08B",-105.3553333,39.40902778,"10 - 15 Deg. F. / 3 - 6","","10 - 15 Deg. F.","6-Mar","10 - 15 Deg. F. / 3 - 6","10 - 15 / semi-humid","CO.2","#66e566","semi-humid, cool","#FEE08B","E"
"ARFR-CO932-294-11","white",4,107,14,52,NA,764,NA,6.2,1,NA,NA,10.4,1,NA,2,1,NA,2,1,NA,2,31.2,1,NA,2,1,NA,3,1,NA,3,1,3,1,NA,3,1,NA,NA,NA,NA,NA,NA,NA,NA,NA,"Y",NA,"N",NA,"ARFR4-SOS-CO932-294-11","#ABDDA4",-105.2030833,39.78458333,"15 - 20 Deg. F. / 3 - 6","","15 - 20 Deg. F.","6-Mar","15 - 20 Deg. F. / 3 - 6","15 - 20 / semi-humid","CO.4","#698b69","semi-humid, warm","#ABDDA4","H"
"ARFR-WY050-49-FREMONT-12","white",4,108,14,53,NA,765,NA,5,1,NA,NA,6.2,1,NA,2,1,NA,2,1,NA,2,13.8,1,NA,2,1,NA,2,1,NA,3,1,3,1,NA,3,1,NA,NA,NA,NA,NA,NA,NA,NA,NA,"N",NA,"N",NA,"ARFR4-SOS-WY050-49-FREMONT-12","#5E4FA2",-109.34775,43.42663611,"5 - 10 Deg. F. / 6 - 12","","5 - 10 Deg. F.","12-Jun","5 - 10 Deg. F. / 6 - 12","5 - 10 / semi-arid","WY.3","#ffb90f","semi-arid, cold","#5E4FA2","K"
"ARFR-AZ930-422-NAVAJO-18","white",4,109,14,54,NA,766,NA,5.9,1,NA,NA,12.9,1,NA,2,1,NA,2,1,NA,2,52.3,1,NA,2,1,NA,3,1,NA,3,1,3,1,NA,3,1,NA,NA,NA,NA,NA,NA,NA,NA,NA,"Y",NA,"N",NA,"ARFR4-SOS-AZ930-422-NAVAJO-18","#D53E4F",-110.431,36.56805,"15 - 20 Deg. F. / 6 - 12","Lats corrected 20230127","15 - 20 Deg. F.","12-Jun","15 - 20 Deg. F. / 6 - 12","15 - 20 / semi-arid","AZ.2","#ee5c42","semi-arid, warm","#D53E4F","B"
"ARFR-AZ930-423-NAVAJO-18","white",4,110,14,55,224,767,NA,5.5,1,NA,NA,10.2,1,NA,2,1,NA,2,1,NA,2,49.1,1,NA,2,1,NA,3,1,NA,3,1,3,1,NA,3,1,NA,NA,NA,NA,NA,NA,NA,NA,NA,"Y",NA,"N",NA,"ARFR4-SOS-AZ930-423-NAVAJO-18","#9E0142",-110.431,36.45877,"15 - 20 Deg. F. / 6 - 12","SdZones downloaded 20230823","15 - 20 Deg. F.","12-Jun","15 - 20 Deg. F. / 6 - 12","15 - 20 / semi-arid","AZ.1","#ee5c42","semi-arid, warm","#9E0142","A"
"ARFR-CO932-314-JEFFERSON-12","white",4,111,15,1,225,768,NA,NA,0,"Y","314 Jefferson",5.5,1,NA,2,1,NA,2,1,NA,2,3.5,1,NA,2,1,NA,2,1,NA,2,1,2,1,NA,2,1,NA,NA,NA,NA,NA,NA,NA,NA,NA,"N",NA,"N",NA,"ARFR4-SOS-CO932-314-JEFFERSON-12","#FEE08B",-105.3553333,39.40902778,"10 - 15 Deg. F. / 3 - 6","","10 - 15 Deg. F.","6-Mar","10 - 15 Deg. F. / 3 - 6","10 - 15 / semi-humid","CO.2","#66e566","semi-humid, cool","#FEE08B","E"
"ARFR-UT080-109-UINTAH-12","white",4,112,15,2,NA,769,NA,7.3,1,NA,NA,16.8,1,NA,2,1,NA,2,1,NA,2,44.1,1,NA,2,1,NA,3,1,NA,3,1,3,1,NA,3,1,NA,NA,NA,NA,NA,NA,NA,NA,NA,"Y",NA,"N",NA,"ARFR4-SOS-UT080-109-UINTAH-12","#aabe7f",-109.1426444,39.70802222,"10 - 15 Deg. F. / 3 - 6","","10 - 15 Deg. F.","6-Mar","10 - 15 Deg. F. / 3 - 6","10 - 15 / semi-humid","UT.1","#66e566","semi-humid, cool","#aabe7f","G"
"ARFR-AZ930-423-NAVAJO-18","white",4,113,15,3,NA,770,NA,6.6,1,NA,NA,17.8,1,NA,2,1,NA,2,1,NA,2,48,1,NA,3,1,NA,3,1,NA,3,1,3,1,NA,3,1,NA,NA,NA,NA,NA,NA,NA,NA,NA,"Y",NA,"N",NA,"ARFR4-SOS-AZ930-423-NAVAJO-18","#9E0142",-110.431,36.45877,"15 - 20 Deg. F. / 6 - 12","SdZones downloaded 20230823","15 - 20 Deg. F.","12-Jun","15 - 20 Deg. F. / 6 - 12","15 - 20 / semi-arid","AZ.1","#ee5c42","semi-arid, warm","#9E0142","A"
"ARFR-WY050-151-FREMONT-16","white",4,114,15,4,NA,771,NA,5.3,1,NA,NA,8.4,1,NA,2,1,NA,2,1,NA,2,9.7,1,NA,2,1,NA,2,1,NA,2,1,2,1,NA,2,1,NA,NA,NA,NA,NA,NA,NA,NA,NA,"Y",NA,"N",NA,"ARFR4-SOS-WY050-151-FREMONT-16","#3288BD",-108.1704472,42.47886111,"10 - 15 Deg. F. / 6 - 12","","10 - 15 Deg. F.","12-Jun","10 - 15 Deg. F. / 6 - 12","10 - 15 / semi-arid","WY.2","#cd8500","semi-arid, cool","#3288BD","J"
"ARFR-AZ930-422-NAVAJO-18","white",4,115,15,5,226,772,NA,5.4,1,NA,NA,12.9,1,NA,2,1,NA,2,1,NA,2,45.7,1,NA,2,1,NA,3,1,NA,3,1,3,1,NA,3,1,NA,NA,NA,NA,NA,NA,NA,NA,NA,"Y",NA,"N",NA,"ARFR4-SOS-AZ930-422-NAVAJO-18","#D53E4F",-110.431,36.56805,"15 - 20 Deg. F. / 6 - 12","Lats corrected 20230127","15 - 20 Deg. F.","12-Jun","15 - 20 Deg. F. / 6 - 12","15 - 20 / semi-arid","AZ.2","#ee5c42","semi-arid, warm","#D53E4F","B"
"ARFR-WY050-49-FREMONT-12","white",4,116,15,6,NA,773,NA,5.2,1,NA,NA,8,1,NA,2,1,NA,2,1,NA,2,12,1,NA,2,1,NA,3,1,NA,3,1,3,1,NA,3,1,NA,NA,NA,NA,NA,NA,NA,NA,NA,"Y",NA,"N",NA,"ARFR4-SOS-WY050-49-FREMONT-12","#5E4FA2",-109.34775,43.42663611,"5 - 10 Deg. F. / 6 - 12","","5 - 10 Deg. F.","12-Jun","5 - 10 Deg. F. / 6 - 12","5 - 10 / semi-arid","WY.3","#ffb90f","semi-arid, cold","#5E4FA2","K"
"ARFR-CO932-294-11","white",4,117,15,7,NA,774,NA,4.8,1,NA,NA,10.9,1,NA,2,1,NA,2,1,NA,2,24.4,1,NA,2,1,NA,3,1,NA,3,1,3,1,NA,3,1,NA,NA,NA,NA,NA,NA,NA,NA,NA,"Y",NA,"N",NA,"ARFR4-SOS-CO932-294-11","#ABDDA4",-105.2030833,39.78458333,"15 - 20 Deg. F. / 3 - 6","","15 - 20 Deg. F.","6-Mar","15 - 20 Deg. F. / 3 - 6","15 - 20 / semi-humid","CO.4","#698b69","semi-humid, warm","#ABDDA4","H"
"ARFR-WY050-151-FREMONT-16","white",4,118,15,8,NA,775,NA,5,1,NA,NA,6.6,1,NA,2,1,NA,2,1,NA,2,7.5,1,NA,2,1,NA,2,1,NA,2,1,2,1,NA,2,1,NA,NA,NA,NA,NA,NA,NA,NA,NA,"Y",NA,"N",NA,"ARFR4-SOS-WY050-151-FREMONT-16","#3288BD",-108.1704472,42.47886111,"10 - 15 Deg. F. / 6 - 12","","10 - 15 Deg. F.","12-Jun","10 - 15 Deg. F. / 6 - 12","10 - 15 / semi-arid","WY.2","#cd8500","semi-arid, cool","#3288BD","J"
"ARFR-CO932-294-11","white",4,119,15,9,NA,776,NA,7.7,1,NA,NA,12.5,1,NA,2,1,NA,2,1,NA,2,39.2,1,NA,2,1,NA,3,1,NA,3,1,3,1,NA,3,1,NA,NA,NA,NA,NA,NA,NA,NA,NA,"Y",NA,"N",NA,"ARFR4-SOS-CO932-294-11","#ABDDA4",-105.2030833,39.78458333,"15 - 20 Deg. F. / 3 - 6","","15 - 20 Deg. F.","6-Mar","15 - 20 Deg. F. / 3 - 6","15 - 20 / semi-humid","CO.4","#698b69","semi-humid, warm","#ABDDA4","H"
"ARFR-AZ930-422-NAVAJO-18","white",4,120,15,10,227,777,NA,6.8,1,NA,NA,15.4,1,NA,2,1,NA,2,1,NA,2,57.6,1,NA,2,1,NA,3,1,NA,3,1,3,1,NA,3,1,NA,NA,NA,NA,NA,NA,NA,NA,NA,"Y",NA,"N",NA,"ARFR4-SOS-AZ930-422-NAVAJO-18","#D53E4F",-110.431,36.56805,"15 - 20 Deg. F. / 6 - 12","Lats corrected 20230127","15 - 20 Deg. F.","12-Jun","15 - 20 Deg. F. / 6 - 12","15 - 20 / semi-arid","AZ.2","#ee5c42","semi-arid, warm","#D53E4F","B"
"ARFR-UT080-109-UINTAH-12","white",4,121,15,11,NA,778,NA,7.6,1,NA,NA,14,1,NA,2,1,NA,2,1,NA,2,42.4,1,NA,3,1,NA,3,1,NA,3,1,3,1,NA,3,1,NA,NA,NA,NA,NA,NA,NA,NA,NA,"Y",NA,"N",NA,"ARFR4-SOS-UT080-109-UINTAH-12","#aabe7f",-109.1426444,39.70802222,"10 - 15 Deg. F. / 3 - 6","","10 - 15 Deg. F.","6-Mar","10 - 15 Deg. F. / 3 - 6","10 - 15 / semi-humid","UT.1","#66e566","semi-humid, cool","#aabe7f","G"
"ARFR-AZ930-422-NAVAJO-18","white",4,122,15,12,NA,779,NA,5.1,1,NA,NA,5.7,1,NA,2,1,NA,2,1,NA,2,14.5,1,NA,2,1,NA,2,1,NA,3,1,3,1,NA,3,1,NA,NA,NA,NA,NA,NA,NA,NA,NA,"N",NA,"N",NA,"ARFR4-SOS-AZ930-422-NAVAJO-18","#D53E4F",-110.431,36.56805,"15 - 20 Deg. F. / 6 - 12","Lats corrected 20230127","15 - 20 Deg. F.","12-Jun","15 - 20 Deg. F. / 6 - 12","15 - 20 / semi-arid","AZ.2","#ee5c42","semi-arid, warm","#D53E4F","B"
"ARFR-NM930N-66-11","white",4,123,15,13,NA,780,NA,7.6,1,NA,NA,21.7,1,NA,2,1,NA,2,1,NA,2,57.2,1,NA,2,1,NA,3,1,NA,3,1,3,1,NA,3,1,NA,NA,NA,NA,NA,NA,NA,NA,NA,"Y",NA,"N",NA,"ARFR4-SOS-NM930N-66-11","#F46D43",-107.2045028,36.76818611,"10 - 15 Deg. F. / 3 - 6","","10 - 15 Deg. F.","6-Mar","10 - 15 Deg. F. / 3 - 6","10 - 15 / semi-humid","NM.1","#66e566","semi-humid, cool","#F46D43","C"
"ARFR-CO932-294-11","white",4,124,15,14,NA,781,NA,6.8,1,NA,NA,10.2,1,NA,2,1,NA,2,1,NA,2,26.1,1,NA,2,1,NA,3,1,NA,3,1,3,1,NA,3,1,NA,NA,NA,NA,NA,NA,NA,NA,NA,"Y",NA,"N",NA,"ARFR4-SOS-CO932-294-11","#ABDDA4",-105.2030833,39.78458333,"15 - 20 Deg. F. / 3 - 6","","15 - 20 Deg. F.","6-Mar","15 - 20 Deg. F. / 3 - 6","15 - 20 / semi-humid","CO.4","#698b69","semi-humid, warm","#ABDDA4","H"
"ARFR-AZ930-422-NAVAJO-18","white",4,125,15,15,228,782,NA,2.9,1,NA,NA,5.3,1,NA,2,1,NA,2,1,NA,2,21.7,1,NA,2,1,NA,3,1,NA,3,1,3,1,NA,3,1,NA,NA,NA,NA,NA,NA,NA,NA,NA,"Y",NA,"N",NA,"ARFR4-SOS-AZ930-422-NAVAJO-18","#D53E4F",-110.431,36.56805,"15 - 20 Deg. F. / 6 - 12","Lats corrected 20230127","15 - 20 Deg. F.","12-Jun","15 - 20 Deg. F. / 6 - 12","15 - 20 / semi-arid","AZ.2","#ee5c42","semi-arid, warm","#D53E4F","B"
"ARFR-CO932-294-11","white",4,126,15,16,NA,783,NA,4.9,1,NA,NA,9.8,1,NA,2,1,NA,2,1,NA,2,22,1,NA,2,1,NA,3,1,NA,3,1,3,1,NA,3,1,NA,NA,NA,NA,NA,NA,NA,NA,NA,"Y",NA,"N",NA,"ARFR4-SOS-CO932-294-11","#ABDDA4",-105.2030833,39.78458333,"15 - 20 Deg. F. / 3 - 6","","15 - 20 Deg. F.","6-Mar","15 - 20 Deg. F. / 3 - 6","15 - 20 / semi-humid","CO.4","#698b69","semi-humid, warm","#ABDDA4","H"
"ARFR-WY040-71-10","white",4,127,15,17,NA,784,NA,6,1,NA,NA,10.1,1,NA,2,1,NA,2,1,NA,2,17.3,1,NA,2,1,NA,3,1,NA,3,1,3,1,NA,3,1,NA,NA,NA,NA,NA,NA,NA,NA,NA,"Y",NA,"N",NA,"ARFR4-SOS-WY040-71-10","#66C2A5",-109.2433156,41.13271889,"5 - 10 Deg. F. / 3 - 6","","5 - 10 Deg. F.","6-Mar","5 - 10 Deg. F. / 3 - 6","5 - 10 / semi-humid","WY.1","#a5c2f1","semi-humid, cold","#66C2A5","I"
"ARFR-CO932-316-JEFFERSON-12","white",4,128,15,18,NA,785,NA,4,1,NA,NA,11.6,1,NA,2,1,NA,2,1,NA,2,25.6,1,NA,2,1,NA,3,1,NA,3,1,3,1,NA,3,1,NA,NA,NA,NA,NA,NA,NA,NA,NA,"Y",NA,"N",NA,"ARFR4-SOS-CO932-316-JEFFERSON-12","#FFFF85",-105.358,39.66325,"15 - 20 Deg. F. / 3 - 6","","15 - 20 Deg. F.","6-Mar","15 - 20 Deg. F. / 3 - 6","15 - 20 / semi-humid","CO.3","#698b69","semi-humid, warm","#FFFF85","F"
"ARFR-CO932-314-JEFFERSON-12","white",4,129,15,19,NA,786,NA,5.9,1,NA,NA,12.5,1,NA,2,1,NA,2,1,NA,2,34.7,1,NA,2,1,NA,3,1,NA,3,1,3,1,NA,3,1,NA,NA,NA,NA,NA,NA,NA,NA,NA,"Y",NA,"N",NA,"ARFR4-SOS-CO932-314-JEFFERSON-12","#FEE08B",-105.3553333,39.40902778,"10 - 15 Deg. F. / 3 - 6","","10 - 15 Deg. F.","6-Mar","10 - 15 Deg. F. / 3 - 6","10 - 15 / semi-humid","CO.2","#66e566","semi-humid, cool","#FEE08B","E"
"ARFR-NM930N-66-11","white",4,130,15,20,229,787,NA,9.3,1,NA,NA,18.8,1,NA,2,1,NA,2,1,NA,2,63.5,1,NA,2,1,NA,3,1,NA,3,1,3,1,NA,3,1,NA,NA,NA,NA,NA,NA,NA,NA,NA,"Y",NA,"N",NA,"ARFR4-SOS-NM930N-66-11","#F46D43",-107.2045028,36.76818611,"10 - 15 Deg. F. / 3 - 6","","10 - 15 Deg. F.","6-Mar","10 - 15 Deg. F. / 3 - 6","10 - 15 / semi-humid","NM.1","#66e566","semi-humid, cool","#F46D43","C"
"ARFR-CO932-294-11","white",4,131,15,21,NA,788,NA,7.4,1,NA,NA,14.1,1,NA,2,1,NA,2,1,NA,2,41.7,1,NA,2,1,NA,3,1,NA,3,1,3,1,NA,3,1,NA,NA,NA,NA,NA,NA,NA,NA,NA,"Y",NA,"N",NA,"ARFR4-SOS-CO932-294-11","#ABDDA4",-105.2030833,39.78458333,"15 - 20 Deg. F. / 3 - 6","","15 - 20 Deg. F.","6-Mar","15 - 20 Deg. F. / 3 - 6","15 - 20 / semi-humid","CO.4","#698b69","semi-humid, warm","#ABDDA4","H"
"ARFR-UT080-109-UINTAH-12","white",4,132,15,22,NA,789,NA,5.3,1,NA,NA,14,1,NA,2,1,NA,2,1,NA,2,36,1,NA,2,1,NA,3,1,NA,3,1,3,1,NA,3,1,NA,NA,NA,NA,NA,NA,NA,NA,NA,"Y",NA,"N",NA,"ARFR4-SOS-UT080-109-UINTAH-12","#aabe7f",-109.1426444,39.70802222,"10 - 15 Deg. F. / 3 - 6","","10 - 15 Deg. F.","6-Mar","10 - 15 Deg. F. / 3 - 6","10 - 15 / semi-humid","UT.1","#66e566","semi-humid, cool","#aabe7f","G"
"ARFR-CO932-294-11","white",4,133,15,23,NA,790,NA,6.4,1,NA,NA,10.7,1,"Swapped during planting. CO-294 is now plant 133",2,1,NA,2,1,NA,2,32.8,1,NA,2,1,NA,3,1,NA,3,1,3,1,NA,3,1,NA,NA,NA,NA,NA,NA,NA,NA,NA,"Y",NA,"N",NA,"ARFR4-SOS-CO932-294-11","#ABDDA4",-105.2030833,39.78458333,"15 - 20 Deg. F. / 3 - 6","","15 - 20 Deg. F.","6-Mar","15 - 20 Deg. F. / 3 - 6","15 - 20 / semi-humid","CO.4","#698b69","semi-humid, warm","#ABDDA4","H"
"ARFR-CO932-316-JEFFERSON-12","white",4,134,15,24,NA,791,NA,4,1,NA,NA,10,1,"Swapped during planting. 316-Jefferson is now plant 134",2,1,NA,2,1,NA,2,37.5,1,NA,2,1,NA,3,1,NA,3,1,3,1,NA,3,1,NA,NA,NA,NA,NA,NA,NA,NA,NA,"Y",NA,"Y",NA,"ARFR4-SOS-CO932-316-JEFFERSON-12","#FFFF85",-105.358,39.66325,"15 - 20 Deg. F. / 3 - 6","","15 - 20 Deg. F.","6-Mar","15 - 20 Deg. F. / 3 - 6","15 - 20 / semi-humid","CO.3","#698b69","semi-humid, warm","#FFFF85","F"
"ARFR-AZ930-422-NAVAJO-18","white",4,135,15,25,230,792,NA,4,1,NA,NA,14.3,1,NA,2,1,NA,2,1,NA,2,51.9,1,NA,2,1,NA,3,1,NA,3,1,3,1,NA,3,1,NA,NA,NA,NA,NA,NA,NA,NA,NA,"Y",NA,"N",NA,"ARFR4-SOS-AZ930-422-NAVAJO-18","#D53E4F",-110.431,36.56805,"15 - 20 Deg. F. / 6 - 12","Lats corrected 20230127","15 - 20 Deg. F.","12-Jun","15 - 20 Deg. F. / 6 - 12","15 - 20 / semi-arid","AZ.2","#ee5c42","semi-arid, warm","#D53E4F","B"
"ARFR-CO932-316-JEFFERSON-12","white",4,136,15,26,NA,793,NA,5.6,1,NA,NA,9.9,1,NA,2,1,NA,2,1,NA,2,18.4,1,NA,2,1,NA,2,1,NA,3,1,3,1,NA,3,1,NA,NA,NA,NA,NA,NA,NA,NA,NA,"Y",NA,"N",NA,"ARFR4-SOS-CO932-316-JEFFERSON-12","#FFFF85",-105.358,39.66325,"15 - 20 Deg. F. / 3 - 6","","15 - 20 Deg. F.","6-Mar","15 - 20 Deg. F. / 3 - 6","15 - 20 / semi-humid","CO.3","#698b69","semi-humid, warm","#FFFF85","F"
"ARFR-AZ930-423-NAVAJO-18","white",4,137,15,27,NA,794,NA,5,1,NA,NA,17.7,1,NA,2,1,NA,2,1,NA,2,51.6,1,NA,2,1,NA,3,1,NA,3,1,3,1,NA,3,1,NA,NA,NA,NA,NA,NA,NA,NA,NA,"Y",NA,"N",NA,"ARFR4-SOS-AZ930-423-NAVAJO-18","#9E0142",-110.431,36.45877,"15 - 20 Deg. F. / 6 - 12","SdZones downloaded 20230823","15 - 20 Deg. F.","12-Jun","15 - 20 Deg. F. / 6 - 12","15 - 20 / semi-arid","AZ.1","#ee5c42","semi-arid, warm","#9E0142","A"
"ARFR-NM930N-66-11","white",4,138,15,28,NA,795,NA,7,1,NA,NA,16.6,1,NA,2,1,NA,2,1,NA,2,54.5,1,NA,2,1,NA,3,1,NA,3,1,3,1,NA,3,1,NA,NA,NA,NA,NA,NA,NA,NA,NA,"Y",NA,"N",NA,"ARFR4-SOS-NM930N-66-11","#F46D43",-107.2045028,36.76818611,"10 - 15 Deg. F. / 3 - 6","","10 - 15 Deg. F.","6-Mar","10 - 15 Deg. F. / 3 - 6","10 - 15 / semi-humid","NM.1","#66e566","semi-humid, cool","#F46D43","C"
"ARFR-WY040-71-10","white",4,139,15,29,NA,796,NA,4,1,NA,NA,5.8,1,NA,2,1,NA,2,1,NA,2,10.3,1,NA,2,1,NA,2,1,NA,2,1,2,1,NA,2,1,NA,NA,NA,NA,NA,NA,NA,NA,NA,"N",NA,"N",NA,"ARFR4-SOS-WY040-71-10","#66C2A5",-109.2433156,41.13271889,"5 - 10 Deg. F. / 3 - 6","","5 - 10 Deg. F.","6-Mar","5 - 10 Deg. F. / 3 - 6","5 - 10 / semi-humid","WY.1","#a5c2f1","semi-humid, cold","#66C2A5","I"
"ARFR-UT080-109-UINTAH-12","white",4,140,15,30,231,797,NA,6.5,1,NA,NA,11.6,1,NA,2,1,NA,2,1,NA,2,54.7,1,NA,3,1,NA,3,1,NA,3,1,3,1,NA,3,1,NA,NA,NA,NA,NA,NA,NA,NA,NA,"Y",NA,"N",NA,"ARFR4-SOS-UT080-109-UINTAH-12","#aabe7f",-109.1426444,39.70802222,"10 - 15 Deg. F. / 3 - 6","","10 - 15 Deg. F.","6-Mar","10 - 15 Deg. F. / 3 - 6","10 - 15 / semi-humid","UT.1","#66e566","semi-humid, cool","#aabe7f","G"
"ARFR-CO932-316-JEFFERSON-12","white",4,141,15,31,NA,798,NA,4,1,NA,NA,9.8,1,NA,2,1,NA,2,1,NA,2,31.6,1,NA,2,1,NA,3,1,NA,3,1,3,1,NA,3,1,NA,NA,NA,NA,NA,NA,NA,NA,NA,"Y",NA,"N",NA,"ARFR4-SOS-CO932-316-JEFFERSON-12","#FFFF85",-105.358,39.66325,"15 - 20 Deg. F. / 3 - 6","","15 - 20 Deg. F.","6-Mar","15 - 20 Deg. F. / 3 - 6","15 - 20 / semi-humid","CO.3","#698b69","semi-humid, warm","#FFFF85","F"
"ARFR-WY930-44-LASANIMAS-13","white",4,142,15,32,NA,799,NA,1.2,1,NA,NA,1.3,1,NA,2,1,NA,2,1,NA,NA,NA,0,NA,NA,0,NA,NA,0,NA,NA,0,NA,0,NA,NA,0,NA,NA,NA,NA,NA,NA,NA,NA,NA,"N",NA,"N",NA,"ARFR4-SOS-WY930-44-LASANIMAS-13","#FDAE61",-104.6423889,37.16547222,"15 - 20 Deg. F. / 3 - 6","","15 - 20 Deg. F.","6-Mar","15 - 20 Deg. F. / 3 - 6","15 - 20 / semi-humid","CO.1","#698b69","semi-humid, warm","#FDAE61","D"
"ARFR-UT080-109-UINTAH-12","white",4,143,15,33,NA,800,NA,6.4,1,NA,NA,15.3,1,NA,2,1,"very small/dying",2,1,NA,2,57.8,1,NA,3,1,NA,3,1,NA,3,1,3,1,NA,3,1,NA,NA,NA,NA,NA,NA,NA,NA,NA,"Y",NA,"N",NA,"ARFR4-SOS-UT080-109-UINTAH-12","#aabe7f",-109.1426444,39.70802222,"10 - 15 Deg. F. / 3 - 6","","10 - 15 Deg. F.","6-Mar","10 - 15 Deg. F. / 3 - 6","10 - 15 / semi-humid","UT.1","#66e566","semi-humid, cool","#aabe7f","G"
"ARFR-CO932-316-JEFFERSON-12","white",4,144,15,34,NA,801,NA,3,1,NA,NA,8.2,1,NA,2,1,NA,2,1,NA,2,29.8,1,NA,2,1,NA,3,1,NA,3,1,3,1,NA,3,1,NA,NA,NA,NA,NA,NA,NA,NA,NA,"Y",NA,"N",NA,"ARFR4-SOS-CO932-316-JEFFERSON-12","#FFFF85",-105.358,39.66325,"15 - 20 Deg. F. / 3 - 6","","15 - 20 Deg. F.","6-Mar","15 - 20 Deg. F. / 3 - 6","15 - 20 / semi-humid","CO.3","#698b69","semi-humid, warm","#FFFF85","F"
"ARFR-UT080-109-UINTAH-12","white",4,145,15,35,232,802,NA,8,1,NA,NA,13.6,1,NA,2,1,NA,2,1,NA,2,52.3,1,NA,2,1,NA,3,1,NA,3,1,3,1,NA,3,1,NA,NA,NA,NA,NA,NA,NA,NA,NA,"Y",NA,"N",NA,"ARFR4-SOS-UT080-109-UINTAH-12","#aabe7f",-109.1426444,39.70802222,"10 - 15 Deg. F. / 3 - 6","","10 - 15 Deg. F.","6-Mar","10 - 15 Deg. F. / 3 - 6","10 - 15 / semi-humid","UT.1","#66e566","semi-humid, cool","#aabe7f","G"
"ARFR-WY040-71-10","white",4,146,15,36,NA,803,NA,5,1,NA,NA,8.4,1,NA,2,1,NA,2,1,NA,2,33.1,1,NA,3,1,NA,3,1,NA,3,1,3,1,NA,3,1,NA,NA,NA,NA,NA,NA,NA,NA,NA,"Y",NA,"N",NA,"ARFR4-SOS-WY040-71-10","#66C2A5",-109.2433156,41.13271889,"5 - 10 Deg. F. / 3 - 6","","5 - 10 Deg. F.","6-Mar","5 - 10 Deg. F. / 3 - 6","5 - 10 / semi-humid","WY.1","#a5c2f1","semi-humid, cold","#66C2A5","I"
"ARFR-WY050-151-FREMONT-16","white",4,147,15,37,NA,804,NA,5,1,NA,NA,6.2,1,NA,2,1,NA,2,1,NA,2,17.8,1,NA,2,1,NA,3,1,NA,3,1,3,1,NA,3,1,NA,NA,NA,NA,NA,NA,NA,NA,NA,"Y",NA,"N",NA,"ARFR4-SOS-WY050-151-FREMONT-16","#3288BD",-108.1704472,42.47886111,"10 - 15 Deg. F. / 6 - 12","","10 - 15 Deg. F.","12-Jun","10 - 15 Deg. F. / 6 - 12","10 - 15 / semi-arid","WY.2","#cd8500","semi-arid, cool","#3288BD","J"
"ARFR-UT080-109-UINTAH-12","white",4,148,15,38,NA,805,NA,5.9,1,NA,NA,14,1,NA,2,1,NA,2,1,NA,2,49.8,1,NA,2,1,NA,3,1,NA,3,1,3,1,NA,3,1,NA,NA,NA,NA,NA,NA,NA,NA,NA,"Y",NA,"N",NA,"ARFR4-SOS-UT080-109-UINTAH-12","#aabe7f",-109.1426444,39.70802222,"10 - 15 Deg. F. / 3 - 6","","10 - 15 Deg. F.","6-Mar","10 - 15 Deg. F. / 3 - 6","10 - 15 / semi-humid","UT.1","#66e566","semi-humid, cool","#aabe7f","G"
"ARFR-AZ930-422-NAVAJO-18","white",4,149,15,39,NA,806,NA,5.4,1,NA,NA,12.6,1,NA,2,1,NA,2,1,NA,2,45.1,1,NA,3,1,NA,3,1,NA,3,1,3,1,NA,3,1,NA,NA,NA,NA,NA,NA,NA,NA,NA,"Y",NA,"N",NA,"ARFR4-SOS-AZ930-422-NAVAJO-18","#D53E4F",-110.431,36.56805,"15 - 20 Deg. F. / 6 - 12","Lats corrected 20230127","15 - 20 Deg. F.","12-Jun","15 - 20 Deg. F. / 6 - 12","15 - 20 / semi-arid","AZ.2","#ee5c42","semi-arid, warm","#D53E4F","B"
"ARFR-WY050-151-FREMONT-16","white",4,150,15,40,233,807,NA,6.4,1,NA,NA,10.8,1,NA,2,1,NA,2,1,NA,2,21.6,1,NA,2,1,NA,3,1,NA,3,1,3,1,NA,3,1,NA,NA,NA,NA,NA,NA,NA,NA,NA,"Y",NA,"N",NA,"ARFR4-SOS-WY050-151-FREMONT-16","#3288BD",-108.1704472,42.47886111,"10 - 15 Deg. F. / 6 - 12","","10 - 15 Deg. F.","12-Jun","10 - 15 Deg. F. / 6 - 12","10 - 15 / semi-arid","WY.2","#cd8500","semi-arid, cool","#3288BD","J"
"ARFR-WY050-49-FREMONT-12","white",4,151,15,41,NA,808,NA,5,1,NA,NA,7.7,1,NA,2,1,NA,2,1,NA,2,31.3,1,NA,2,1,NA,3,1,NA,3,1,3,1,NA,3,1,NA,"Yes",NA,107.56,NA,"L",75.582,43,36.04,"Y",NA,"N",NA,"ARFR4-SOS-WY050-49-FREMONT-12","#5E4FA2",-109.34775,43.42663611,"5 - 10 Deg. F. / 6 - 12","","5 - 10 Deg. F.","12-Jun","5 - 10 Deg. F. / 6 - 12","5 - 10 / semi-arid","WY.3","#ffb90f","semi-arid, cold","#5E4FA2","K"
"ARFR-WY050-49-FREMONT-12","white",4,152,15,42,NA,809,NA,4.6,1,NA,NA,6.3,1,NA,2,1,NA,2,1,NA,2,8.9,1,NA,2,1,NA,2,1,NA,2,1,2,1,NA,2,1,NA,NA,NA,NA,NA,NA,NA,NA,NA,"Y",NA,"N",NA,"ARFR4-SOS-WY050-49-FREMONT-12","#5E4FA2",-109.34775,43.42663611,"5 - 10 Deg. F. / 6 - 12","","5 - 10 Deg. F.","12-Jun","5 - 10 Deg. F. / 6 - 12","5 - 10 / semi-arid","WY.3","#ffb90f","semi-arid, cold","#5E4FA2","K"
"ARFR-CO932-314-JEFFERSON-12","white",4,153,15,43,NA,810,NA,6.5,1,NA,NA,9,1,NA,2,1,NA,2,1,NA,2,34.5,1,NA,2,1,NA,3,1,NA,3,1,3,1,NA,3,1,NA,NA,NA,NA,NA,NA,NA,NA,NA,"Y",NA,"N",NA,"ARFR4-SOS-CO932-314-JEFFERSON-12","#FEE08B",-105.3553333,39.40902778,"10 - 15 Deg. F. / 3 - 6","","10 - 15 Deg. F.","6-Mar","10 - 15 Deg. F. / 3 - 6","10 - 15 / semi-humid","CO.2","#66e566","semi-humid, cool","#FEE08B","E"
"ARFR-WY930-44-LASANIMAS-13","white",4,154,15,44,NA,811,NA,6.3,1,NA,NA,11.1,1,NA,2,1,NA,2,1,NA,2,26.5,1,NA,2,1,NA,3,1,NA,3,1,3,1,NA,3,1,NA,NA,NA,NA,NA,NA,NA,NA,NA,"Y",NA,"N",NA,"ARFR4-SOS-WY930-44-LASANIMAS-13","#FDAE61",-104.6423889,37.16547222,"15 - 20 Deg. F. / 3 - 6","","15 - 20 Deg. F.","6-Mar","15 - 20 Deg. F. / 3 - 6","15 - 20 / semi-humid","CO.1","#698b69","semi-humid, warm","#FDAE61","D"
"ARFR-AZ930-423-NAVAJO-18","white",4,155,15,45,234,812,NA,3.5,1,NA,NA,7.6,1,NA,2,1,NA,2,1,NA,2,33.9,1,NA,2,1,NA,2,1,NA,3,1,3,1,NA,3,1,NA,NA,NA,NA,NA,NA,NA,NA,NA,"Y",NA,"N",NA,"ARFR4-SOS-AZ930-423-NAVAJO-18","#9E0142",-110.431,36.45877,"15 - 20 Deg. F. / 6 - 12","SdZones downloaded 20230823","15 - 20 Deg. F.","12-Jun","15 - 20 Deg. F. / 6 - 12","15 - 20 / semi-arid","AZ.1","#ee5c42","semi-arid, warm","#9E0142","A"
"ARFR-WY040-71-10","white",4,156,15,46,NA,813,NA,3.3,1,NA,NA,6,1,NA,2,1,NA,2,1,NA,2,12,1,NA,2,1,NA,2,1,NA,2,1,2,1,NA,2,1,NA,NA,NA,NA,NA,NA,NA,NA,NA,"N",NA,"N",NA,"ARFR4-SOS-WY040-71-10","#66C2A5",-109.2433156,41.13271889,"5 - 10 Deg. F. / 3 - 6","","5 - 10 Deg. F.","6-Mar","5 - 10 Deg. F. / 3 - 6","5 - 10 / semi-humid","WY.1","#a5c2f1","semi-humid, cold","#66C2A5","I"
"ARFR-CO932-294-11","white",4,157,15,47,NA,814,NA,6.4,1,NA,NA,11.7,1,NA,2,1,NA,2,1,NA,2,24.5,1,NA,2,1,NA,3,1,NA,3,1,3,1,NA,3,1,NA,NA,NA,NA,NA,NA,NA,NA,NA,"Y",NA,"N",NA,"ARFR4-SOS-CO932-294-11","#ABDDA4",-105.2030833,39.78458333,"15 - 20 Deg. F. / 3 - 6","","15 - 20 Deg. F.","6-Mar","15 - 20 Deg. F. / 3 - 6","15 - 20 / semi-humid","CO.4","#698b69","semi-humid, warm","#ABDDA4","H"
"ARFR-AZ930-422-NAVAJO-18","white",4,158,15,48,NA,815,NA,7,1,NA,NA,17.2,1,NA,2,1,NA,2,1,NA,2,47.8,1,NA,2,1,NA,3,1,NA,3,1,3,1,NA,3,1,NA,NA,NA,NA,NA,NA,NA,NA,NA,"Y",NA,"N",NA,"ARFR4-SOS-AZ930-422-NAVAJO-18","#D53E4F",-110.431,36.56805,"15 - 20 Deg. F. / 6 - 12","Lats corrected 20230127","15 - 20 Deg. F.","12-Jun","15 - 20 Deg. F. / 6 - 12","15 - 20 / semi-arid","AZ.2","#ee5c42","semi-arid, warm","#D53E4F","B"
"ARFR-CO932-314-JEFFERSON-12","white",4,159,15,49,NA,816,NA,4.8,1,NA,NA,9.4,1,NA,2,1,NA,2,1,NA,2,37.3,1,NA,3,1,NA,3,1,NA,3,1,3,1,NA,3,1,NA,NA,NA,NA,NA,NA,NA,NA,NA,"Y",NA,"N",NA,"ARFR4-SOS-CO932-314-JEFFERSON-12","#FEE08B",-105.3553333,39.40902778,"10 - 15 Deg. F. / 3 - 6","","10 - 15 Deg. F.","6-Mar","10 - 15 Deg. F. / 3 - 6","10 - 15 / semi-humid","CO.2","#66e566","semi-humid, cool","#FEE08B","E"
"ARFR-WY040-71-10","white",4,160,15,50,235,817,NA,4.4,1,NA,NA,5.6,1,NA,2,1,NA,2,1,NA,2,14.8,1,NA,2,1,NA,3,1,NA,3,1,3,1,NA,3,1,NA,NA,NA,NA,NA,NA,NA,NA,NA,"N",NA,"N",NA,"ARFR4-SOS-WY040-71-10","#66C2A5",-109.2433156,41.13271889,"5 - 10 Deg. F. / 3 - 6","","5 - 10 Deg. F.","6-Mar","5 - 10 Deg. F. / 3 - 6","5 - 10 / semi-humid","WY.1","#a5c2f1","semi-humid, cold","#66C2A5","I"
"ARFR-CO932-294-11","white",4,161,15,51,NA,818,NA,3.3,1,NA,NA,7.4,1,NA,2,1,NA,2,1,NA,2,28.5,1,NA,2,1,NA,3,1,NA,3,1,3,1,NA,3,1,NA,NA,NA,NA,NA,NA,NA,NA,NA,"Y",NA,"N",NA,"ARFR4-SOS-CO932-294-11","#ABDDA4",-105.2030833,39.78458333,"15 - 20 Deg. F. / 3 - 6","","15 - 20 Deg. F.","6-Mar","15 - 20 Deg. F. / 3 - 6","15 - 20 / semi-humid","CO.4","#698b69","semi-humid, warm","#ABDDA4","H"
"ARFR-WY930-44-LASANIMAS-13","white",4,162,15,52,NA,819,NA,10.2,1,NA,NA,13.8,1,NA,2,1,NA,2,1,NA,2,37.2,1,NA,2,1,NA,3,1,NA,3,1,3,1,NA,3,1,NA,NA,NA,NA,NA,NA,NA,NA,NA,"Y",NA,"N",NA,"ARFR4-SOS-WY930-44-LASANIMAS-13","#FDAE61",-104.6423889,37.16547222,"15 - 20 Deg. F. / 3 - 6","","15 - 20 Deg. F.","6-Mar","15 - 20 Deg. F. / 3 - 6","15 - 20 / semi-humid","CO.1","#698b69","semi-humid, warm","#FDAE61","D"
"ARFR-CO932-314-JEFFERSON-12","white",4,163,15,53,NA,820,NA,3.7,1,NA,NA,7,1,NA,2,1,NA,2,1,NA,2,20.2,1,NA,2,1,NA,3,1,NA,3,1,3,1,NA,3,1,NA,NA,NA,NA,NA,NA,NA,NA,NA,"Y",NA,"Y",NA,"ARFR4-SOS-CO932-314-JEFFERSON-12","#FEE08B",-105.3553333,39.40902778,"10 - 15 Deg. F. / 3 - 6","","10 - 15 Deg. F.","6-Mar","10 - 15 Deg. F. / 3 - 6","10 - 15 / semi-humid","CO.2","#66e566","semi-humid, cool","#FEE08B","E"
"ARFR-AZ930-422-NAVAJO-18","white",4,164,15,54,NA,821,NA,4.2,1,NA,NA,9.3,1,NA,2,1,NA,2,1,NA,2,37.8,1,NA,2,1,NA,3,1,NA,3,1,3,1,NA,3,1,NA,NA,NA,NA,NA,NA,NA,NA,NA,"Y",NA,"N",NA,"ARFR4-SOS-AZ930-422-NAVAJO-18","#D53E4F",-110.431,36.56805,"15 - 20 Deg. F. / 6 - 12","Lats corrected 20230127","15 - 20 Deg. F.","12-Jun","15 - 20 Deg. F. / 6 - 12","15 - 20 / semi-arid","AZ.2","#ee5c42","semi-arid, warm","#D53E4F","B"
"ARFR-AZ930-423-NAVAJO-18","white",4,165,15,55,236,822,NA,5.2,1,NA,NA,10.2,1,NA,2,1,NA,NA,0,NA,NA,NA,0,NA,NA,0,NA,NA,0,NA,NA,0,NA,0,NA,NA,0,NA,NA,NA,NA,NA,NA,NA,NA,NA,"Y",NA,"N",NA,"ARFR4-SOS-AZ930-423-NAVAJO-18","#9E0142",-110.431,36.45877,"15 - 20 Deg. F. / 6 - 12","SdZones downloaded 20230823","15 - 20 Deg. F.","12-Jun","15 - 20 Deg. F. / 6 - 12","15 - 20 / semi-arid","AZ.1","#ee5c42","semi-arid, warm","#9E0142","A"
"ARFR-CO932-316-JEFFERSON-12","white",4,166,16,1,225,823,NA,3.9,1,NA,NA,9.8,1,NA,2,1,"drying out/dying",2,1,NA,2,14.3,1,NA,2,1,NA,3,1,NA,3,1,3,1,NA,3,1,NA,NA,NA,NA,NA,NA,NA,NA,NA,"Y",NA,"N",NA,"ARFR4-SOS-CO932-316-JEFFERSON-12","#FFFF85",-105.358,39.66325,"15 - 20 Deg. F. / 3 - 6","","15 - 20 Deg. F.","6-Mar","15 - 20 Deg. F. / 3 - 6","15 - 20 / semi-humid","CO.3","#698b69","semi-humid, warm","#FFFF85","F"
"ARFR-WY930-44-LASANIMAS-13","white",4,167,16,2,NA,824,NA,6.9,1,NA,NA,13.4,1,NA,2,1,NA,2,1,NA,2,17,1,NA,2,1,NA,3,1,NA,3,1,3,1,NA,3,1,NA,NA,NA,NA,NA,NA,NA,NA,NA,"Y",NA,"N",NA,"ARFR4-SOS-WY930-44-LASANIMAS-13","#FDAE61",-104.6423889,37.16547222,"15 - 20 Deg. F. / 3 - 6","","15 - 20 Deg. F.","6-Mar","15 - 20 Deg. F. / 3 - 6","15 - 20 / semi-humid","CO.1","#698b69","semi-humid, warm","#FDAE61","D"
"ARFR-WY050-49-FREMONT-12","white",4,168,16,3,NA,825,NA,4,1,NA,NA,5.2,1,NA,2,1,NA,2,1,NA,2,3.2,1,NA,2,1,NA,2,1,NA,3,1,2,1,NA,2,1,"No pheno data entered",NA,NA,NA,NA,NA,NA,NA,NA,NA,NA,"N",NA,"ARFR4-SOS-WY050-49-FREMONT-12","#5E4FA2",-109.34775,43.42663611,"5 - 10 Deg. F. / 6 - 12","","5 - 10 Deg. F.","12-Jun","5 - 10 Deg. F. / 6 - 12","5 - 10 / semi-arid","WY.3","#ffb90f","semi-arid, cold","#5E4FA2","K"
"ARFR-CO932-316-JEFFERSON-12","white",4,169,16,4,NA,826,NA,3.1,1,NA,NA,7.7,1,NA,2,1,NA,2,1,NA,2,28.5,1,NA,2,1,NA,3,1,NA,3,1,3,1,NA,3,1,NA,NA,NA,NA,NA,NA,NA,NA,NA,"Y",NA,"N",NA,"ARFR4-SOS-CO932-316-JEFFERSON-12","#FFFF85",-105.358,39.66325,"15 - 20 Deg. F. / 3 - 6","","15 - 20 Deg. F.","6-Mar","15 - 20 Deg. F. / 3 - 6","15 - 20 / semi-humid","CO.3","#698b69","semi-humid, warm","#FFFF85","F"
"ARFR-WY930-44-LASANIMAS-13","white",4,170,16,5,226,827,NA,4.5,1,NA,NA,10.4,1,NA,2,1,NA,2,1,NA,2,31.4,1,NA,2,1,NA,3,1,NA,3,1,3,1,NA,3,1,NA,NA,NA,NA,NA,NA,NA,NA,NA,"Y",NA,"N",NA,"ARFR4-SOS-WY930-44-LASANIMAS-13","#FDAE61",-104.6423889,37.16547222,"15 - 20 Deg. F. / 3 - 6","","15 - 20 Deg. F.","6-Mar","15 - 20 Deg. F. / 3 - 6","15 - 20 / semi-humid","CO.1","#698b69","semi-humid, warm","#FDAE61","D"
"ARFR-WY040-71-10","white",4,171,16,6,NA,828,NA,4.5,1,NA,NA,7.6,1,NA,2,1,NA,2,1,NA,2,11.1,1,NA,2,1,NA,2,1,NA,2,1,2,1,NA,2,1,NA,NA,NA,NA,NA,NA,NA,NA,NA,"Y",NA,"N",NA,"ARFR4-SOS-WY040-71-10","#66C2A5",-109.2433156,41.13271889,"5 - 10 Deg. F. / 3 - 6","","5 - 10 Deg. F.","6-Mar","5 - 10 Deg. F. / 3 - 6","5 - 10 / semi-humid","WY.1","#a5c2f1","semi-humid, cold","#66C2A5","I"
"ARFR-CO932-294-11","white",4,172,16,7,NA,829,NA,6.1,1,"N",NA,NA,0,"dying? 5/27",NA,0,NA,NA,0,NA,NA,NA,0,NA,NA,0,NA,NA,0,NA,NA,0,NA,0,NA,NA,0,NA,NA,NA,NA,NA,NA,NA,NA,NA,"N",NA,"N",NA,"ARFR4-SOS-CO932-294-11","#ABDDA4",-105.2030833,39.78458333,"15 - 20 Deg. F. / 3 - 6","","15 - 20 Deg. F.","6-Mar","15 - 20 Deg. F. / 3 - 6","15 - 20 / semi-humid","CO.4","#698b69","semi-humid, warm","#ABDDA4","H"
"ARFR-CO932-316-JEFFERSON-12","white",4,173,16,8,NA,830,NA,6.5,1,NA,NA,10.6,1,NA,2,1,NA,2,1,NA,2,34.2,1,NA,2,1,NA,3,1,NA,3,1,3,1,NA,3,1,NA,NA,NA,NA,NA,NA,NA,NA,NA,"Y",NA,"N",NA,"ARFR4-SOS-CO932-316-JEFFERSON-12","#FFFF85",-105.358,39.66325,"15 - 20 Deg. F. / 3 - 6","","15 - 20 Deg. F.","6-Mar","15 - 20 Deg. F. / 3 - 6","15 - 20 / semi-humid","CO.3","#698b69","semi-humid, warm","#FFFF85","F"
"ARFR-CO932-316-JEFFERSON-12","white",4,174,16,9,NA,831,NA,3,1,NA,NA,9.1,1,NA,2,1,NA,2,1,NA,2,25.6,1,NA,2,1,NA,3,1,NA,3,1,3,1,NA,3,1,NA,NA,NA,NA,NA,NA,NA,NA,NA,"Y",NA,"N",NA,"ARFR4-SOS-CO932-316-JEFFERSON-12","#FFFF85",-105.358,39.66325,"15 - 20 Deg. F. / 3 - 6","","15 - 20 Deg. F.","6-Mar","15 - 20 Deg. F. / 3 - 6","15 - 20 / semi-humid","CO.3","#698b69","semi-humid, warm","#FFFF85","F"
"ARFR-CO932-294-11","white",4,175,16,10,227,832,NA,NA,0,"Y","CO 294",4.6,1,NA,2,1,NA,2,1,NA,2,12.7,1,NA,2,1,NA,2,1,NA,2,1,2,1,NA,2,1,NA,NA,NA,NA,NA,NA,NA,NA,NA,"N",NA,"N",NA,"ARFR4-SOS-CO932-294-11","#ABDDA4",-105.2030833,39.78458333,"15 - 20 Deg. F. / 3 - 6","","15 - 20 Deg. F.","6-Mar","15 - 20 Deg. F. / 3 - 6","15 - 20 / semi-humid","CO.4","#698b69","semi-humid, warm","#ABDDA4","H"
"ARFR-WY930-44-LASANIMAS-13","white",4,176,16,11,NA,833,NA,5.8,1,NA,NA,10.9,1,NA,2,1,NA,2,1,NA,2,32.8,1,NA,2,1,NA,3,1,NA,3,1,3,1,NA,3,1,NA,NA,NA,NA,NA,NA,NA,NA,NA,"Y",NA,"N",NA,"ARFR4-SOS-WY930-44-LASANIMAS-13","#FDAE61",-104.6423889,37.16547222,"15 - 20 Deg. F. / 3 - 6","","15 - 20 Deg. F.","6-Mar","15 - 20 Deg. F. / 3 - 6","15 - 20 / semi-humid","CO.1","#698b69","semi-humid, warm","#FDAE61","D"
"ARFR-WY930-44-LASANIMAS-13","white",4,177,16,12,NA,834,NA,9,1,NA,NA,13.1,1,NA,2,1,NA,2,1,NA,2,20.4,1,NA,2,1,NA,3,1,NA,3,1,3,1,NA,3,1,NA,NA,NA,NA,NA,NA,NA,NA,NA,"Y",NA,"N",NA,"ARFR4-SOS-WY930-44-LASANIMAS-13","#FDAE61",-104.6423889,37.16547222,"15 - 20 Deg. F. / 3 - 6","","15 - 20 Deg. F.","6-Mar","15 - 20 Deg. F. / 3 - 6","15 - 20 / semi-humid","CO.1","#698b69","semi-humid, warm","#FDAE61","D"
"ARFR-AZ930-422-NAVAJO-18","white",4,178,16,13,NA,835,NA,4.4,1,NA,NA,16.9,1,NA,2,1,NA,2,1,NA,2,55.8,1,NA,2,1,NA,3,1,NA,3,1,3,1,NA,3,1,NA,NA,NA,NA,NA,NA,NA,NA,NA,"Y",NA,"N",NA,"ARFR4-SOS-AZ930-422-NAVAJO-18","#D53E4F",-110.431,36.56805,"15 - 20 Deg. F. / 6 - 12","Lats corrected 20230127","15 - 20 Deg. F.","12-Jun","15 - 20 Deg. F. / 6 - 12","15 - 20 / semi-arid","AZ.2","#ee5c42","semi-arid, warm","#D53E4F","B"
"ARFR-UT080-109-UINTAH-12","white",4,179,16,14,NA,836,NA,6.5,1,NA,NA,14,1,NA,2,1,NA,2,1,NA,2,45.6,1,NA,2,1,NA,3,1,NA,3,1,3,1,NA,3,1,NA,NA,NA,NA,NA,NA,NA,NA,NA,"Y",NA,"N",NA,"ARFR4-SOS-UT080-109-UINTAH-12","#aabe7f",-109.1426444,39.70802222,"10 - 15 Deg. F. / 3 - 6","","10 - 15 Deg. F.","6-Mar","10 - 15 Deg. F. / 3 - 6","10 - 15 / semi-humid","UT.1","#66e566","semi-humid, cool","#aabe7f","G"
"ARFR-WY930-44-LASANIMAS-13","white",4,180,16,15,228,837,NA,6,1,NA,NA,10.6,1,NA,2,1,NA,2,1,NA,2,15,1,NA,2,1,NA,3,1,NA,3,1,3,1,NA,3,1,NA,NA,NA,NA,NA,NA,NA,NA,NA,"Y",NA,"N",NA,"ARFR4-SOS-WY930-44-LASANIMAS-13","#FDAE61",-104.6423889,37.16547222,"15 - 20 Deg. F. / 3 - 6","","15 - 20 Deg. F.","6-Mar","15 - 20 Deg. F. / 3 - 6","15 - 20 / semi-humid","CO.1","#698b69","semi-humid, warm","#FDAE61","D"
"ARFR-CO932-314-JEFFERSON-12","white",4,181,16,16,NA,838,NA,5,1,NA,NA,11.3,1,NA,2,1,NA,2,1,NA,2,37.5,1,NA,3,1,NA,3,1,NA,3,1,3,1,NA,3,1,NA,NA,NA,NA,NA,NA,NA,NA,NA,"Y",NA,"Y",NA,"ARFR4-SOS-CO932-314-JEFFERSON-12","#FEE08B",-105.3553333,39.40902778,"10 - 15 Deg. F. / 3 - 6","","10 - 15 Deg. F.","6-Mar","10 - 15 Deg. F. / 3 - 6","10 - 15 / semi-humid","CO.2","#66e566","semi-humid, cool","#FEE08B","E"
"ARFR-AZ930-423-NAVAJO-18","white",4,182,16,17,NA,839,NA,5.6,1,NA,NA,12.5,1,NA,2,1,NA,2,1,NA,2,39.6,1,NA,2,1,NA,3,1,NA,3,1,3,1,NA,3,1,NA,NA,NA,NA,NA,NA,NA,NA,NA,"Y",NA,"N",NA,"ARFR4-SOS-AZ930-423-NAVAJO-18","#9E0142",-110.431,36.45877,"15 - 20 Deg. F. / 6 - 12","SdZones downloaded 20230823","15 - 20 Deg. F.","12-Jun","15 - 20 Deg. F. / 6 - 12","15 - 20 / semi-arid","AZ.1","#ee5c42","semi-arid, warm","#9E0142","A"
"ARFR-UT080-109-UINTAH-12","white",4,183,16,18,NA,840,NA,9.6,1,NA,NA,17.8,1,NA,2,1,NA,2,1,NA,2,53,1,NA,2,1,NA,3,1,NA,3,1,3,1,NA,3,1,NA,NA,NA,NA,NA,NA,NA,NA,NA,"Y",NA,"N",NA,"ARFR4-SOS-UT080-109-UINTAH-12","#aabe7f",-109.1426444,39.70802222,"10 - 15 Deg. F. / 3 - 6","","10 - 15 Deg. F.","6-Mar","10 - 15 Deg. F. / 3 - 6","10 - 15 / semi-humid","UT.1","#66e566","semi-humid, cool","#aabe7f","G"
"ARFR-CO932-314-JEFFERSON-12","white",4,184,16,19,NA,841,NA,4.5,1,NA,NA,12.2,1,NA,2,1,NA,2,1,NA,2,40.9,1,NA,2,1,NA,3,1,NA,3,1,3,1,NA,3,1,NA,NA,NA,NA,NA,NA,NA,NA,NA,"Y",NA,"N",NA,"ARFR4-SOS-CO932-314-JEFFERSON-12","#FEE08B",-105.3553333,39.40902778,"10 - 15 Deg. F. / 3 - 6","","10 - 15 Deg. F.","6-Mar","10 - 15 Deg. F. / 3 - 6","10 - 15 / semi-humid","CO.2","#66e566","semi-humid, cool","#FEE08B","E"
"ARFR-WY050-49-FREMONT-12","white",4,185,16,20,229,842,NA,4.4,1,NA,NA,5.9,1,NA,2,1,NA,2,1,NA,2,8.1,1,NA,2,1,NA,2,1,NA,2,1,2,1,NA,2,1,NA,NA,NA,NA,NA,NA,NA,NA,NA,"N",NA,"N",NA,"ARFR4-SOS-WY050-49-FREMONT-12","#5E4FA2",-109.34775,43.42663611,"5 - 10 Deg. F. / 6 - 12","","5 - 10 Deg. F.","12-Jun","5 - 10 Deg. F. / 6 - 12","5 - 10 / semi-arid","WY.3","#ffb90f","semi-arid, cold","#5E4FA2","K"
"ARFR-CO932-294-11","white",4,186,16,21,NA,843,NA,7.2,1,NA,NA,7.9,1,NA,2,1,NA,2,1,NA,2,28.2,1,NA,2,1,NA,3,1,NA,3,1,3,1,NA,3,1,NA,NA,NA,NA,NA,NA,NA,NA,NA,"N",NA,"N",NA,"ARFR4-SOS-CO932-294-11","#ABDDA4",-105.2030833,39.78458333,"15 - 20 Deg. F. / 3 - 6","","15 - 20 Deg. F.","6-Mar","15 - 20 Deg. F. / 3 - 6","15 - 20 / semi-humid","CO.4","#698b69","semi-humid, warm","#ABDDA4","H"
"ARFR-WY040-71-10","white",4,187,16,22,NA,844,NA,3,1,NA,NA,6.1,1,NA,2,1,NA,2,1,NA,2,17.5,1,NA,2,1,NA,3,1,NA,3,1,3,1,NA,3,1,NA,NA,NA,NA,NA,NA,NA,NA,NA,"Y",NA,"N",NA,"ARFR4-SOS-WY040-71-10","#66C2A5",-109.2433156,41.13271889,"5 - 10 Deg. F. / 3 - 6","","5 - 10 Deg. F.","6-Mar","5 - 10 Deg. F. / 3 - 6","5 - 10 / semi-humid","WY.1","#a5c2f1","semi-humid, cold","#66C2A5","I"
"ARFR-UT080-109-UINTAH-12","white",4,188,16,23,NA,845,NA,6.8,1,NA,NA,16.7,1,NA,2,1,NA,2,1,NA,2,53.2,1,NA,3,1,NA,3,1,NA,3,1,3,1,NA,3,1,NA,NA,NA,NA,NA,NA,NA,NA,NA,"Y",NA,"N",NA,"ARFR4-SOS-UT080-109-UINTAH-12","#aabe7f",-109.1426444,39.70802222,"10 - 15 Deg. F. / 3 - 6","","10 - 15 Deg. F.","6-Mar","10 - 15 Deg. F. / 3 - 6","10 - 15 / semi-humid","UT.1","#66e566","semi-humid, cool","#aabe7f","G"
"ARFR-NM930N-66-11","white",4,189,16,24,NA,846,NA,7.8,1,NA,NA,18.8,1,NA,2,1,NA,2,1,NA,2,64.4,1,NA,2,1,NA,3,1,NA,3,1,3,1,NA,3,1,NA,NA,NA,NA,NA,NA,NA,NA,NA,"Y",NA,"N",NA,"ARFR4-SOS-NM930N-66-11","#F46D43",-107.2045028,36.76818611,"10 - 15 Deg. F. / 3 - 6","","10 - 15 Deg. F.","6-Mar","10 - 15 Deg. F. / 3 - 6","10 - 15 / semi-humid","NM.1","#66e566","semi-humid, cool","#F46D43","C"
"ARFR-AZ930-422-NAVAJO-18","white",4,190,16,25,230,847,NA,3.5,1,NA,NA,7,1,NA,2,1,NA,2,1,NA,2,27.5,1,NA,2,1,NA,2,1,NA,3,1,3,1,NA,3,1,NA,NA,NA,NA,NA,NA,NA,NA,NA,"Y",NA,"N",NA,"ARFR4-SOS-AZ930-422-NAVAJO-18","#D53E4F",-110.431,36.56805,"15 - 20 Deg. F. / 6 - 12","Lats corrected 20230127","15 - 20 Deg. F.","12-Jun","15 - 20 Deg. F. / 6 - 12","15 - 20 / semi-arid","AZ.2","#ee5c42","semi-arid, warm","#D53E4F","B"
"ARFR-CO932-316-JEFFERSON-12","white",4,191,16,26,NA,848,NA,6.6,1,NA,NA,11.4,1,NA,2,1,NA,2,1,NA,2,28,1,NA,2,1,NA,3,1,NA,3,1,3,1,NA,3,1,NA,NA,NA,NA,NA,NA,NA,NA,NA,"Y",NA,"N",NA,"ARFR4-SOS-CO932-316-JEFFERSON-12","#FFFF85",-105.358,39.66325,"15 - 20 Deg. F. / 3 - 6","","15 - 20 Deg. F.","6-Mar","15 - 20 Deg. F. / 3 - 6","15 - 20 / semi-humid","CO.3","#698b69","semi-humid, warm","#FFFF85","F"
"ARFR-UT080-109-UINTAH-12","white",4,192,16,27,NA,849,NA,6.5,1,NA,NA,14.8,1,NA,2,1,NA,2,1,NA,2,37.6,1,NA,2,1,NA,3,1,NA,3,1,3,1,NA,3,1,NA,NA,NA,NA,NA,NA,NA,NA,NA,"Y",NA,"N",NA,"ARFR4-SOS-UT080-109-UINTAH-12","#aabe7f",-109.1426444,39.70802222,"10 - 15 Deg. F. / 3 - 6","","10 - 15 Deg. F.","6-Mar","10 - 15 Deg. F. / 3 - 6","10 - 15 / semi-humid","UT.1","#66e566","semi-humid, cool","#aabe7f","G"
"ARFR-CO932-294-11","white",4,193,16,28,NA,850,NA,4.8,1,NA,NA,10.3,1,NA,2,1,NA,2,1,NA,2,34.3,1,NA,2,1,NA,3,1,NA,3,1,3,1,NA,3,1,NA,NA,NA,NA,NA,NA,NA,NA,NA,"Y",NA,"N",NA,"ARFR4-SOS-CO932-294-11","#ABDDA4",-105.2030833,39.78458333,"15 - 20 Deg. F. / 3 - 6","","15 - 20 Deg. F.","6-Mar","15 - 20 Deg. F. / 3 - 6","15 - 20 / semi-humid","CO.4","#698b69","semi-humid, warm","#ABDDA4","H"
"ARFR-CO932-314-JEFFERSON-12","white",4,194,16,29,NA,851,NA,NA,0,"Y",NA,5.1,1,"Was this replaced? Yes",NA,0,NA,NA,0,NA,NA,NA,0,NA,NA,0,NA,NA,0,NA,NA,0,NA,0,NA,NA,0,NA,NA,NA,NA,NA,NA,NA,NA,NA,NA,NA,"N",NA,"ARFR4-SOS-CO932-314-JEFFERSON-12","#FEE08B",-105.3553333,39.40902778,"10 - 15 Deg. F. / 3 - 6","","10 - 15 Deg. F.","6-Mar","10 - 15 Deg. F. / 3 - 6","10 - 15 / semi-humid","CO.2","#66e566","semi-humid, cool","#FEE08B","E"
"ARFR-CO932-316-JEFFERSON-12","white",4,195,16,30,231,852,NA,3.5,1,NA,NA,10.5,1,NA,2,1,NA,2,1,NA,2,35.8,1,NA,2,1,NA,3,1,NA,3,1,3,1,NA,3,1,NA,NA,NA,NA,NA,NA,NA,NA,NA,"Y",NA,"N",NA,"ARFR4-SOS-CO932-316-JEFFERSON-12","#FFFF85",-105.358,39.66325,"15 - 20 Deg. F. / 3 - 6","","15 - 20 Deg. F.","6-Mar","15 - 20 Deg. F. / 3 - 6","15 - 20 / semi-humid","CO.3","#698b69","semi-humid, warm","#FFFF85","F"
"ARFR-CO932-316-JEFFERSON-12","white",4,196,16,31,NA,853,NA,5.6,1,NA,NA,11.5,1,NA,2,1,NA,2,1,NA,2,38.3,1,NA,2,1,NA,3,1,NA,3,1,3,1,NA,3,1,NA,NA,NA,NA,NA,NA,NA,NA,NA,"Y",NA,"N",NA,"ARFR4-SOS-CO932-316-JEFFERSON-12","#FFFF85",-105.358,39.66325,"15 - 20 Deg. F. / 3 - 6","","15 - 20 Deg. F.","6-Mar","15 - 20 Deg. F. / 3 - 6","15 - 20 / semi-humid","CO.3","#698b69","semi-humid, warm","#FFFF85","F"
"ARFR-WY040-71-10","white",4,197,16,32,NA,854,NA,2.5,1,NA,NA,4.3,1,NA,2,1,NA,2,1,NA,2,8.4,1,NA,2,1,NA,2,1,NA,2,1,2,1,NA,2,1,NA,NA,NA,NA,NA,NA,NA,NA,NA,"N",NA,"N",NA,"ARFR4-SOS-WY040-71-10","#66C2A5",-109.2433156,41.13271889,"5 - 10 Deg. F. / 3 - 6","","5 - 10 Deg. F.","6-Mar","5 - 10 Deg. F. / 3 - 6","5 - 10 / semi-humid","WY.1","#a5c2f1","semi-humid, cold","#66C2A5","I"
"ARFR-WY040-71-10","white",4,198,16,33,NA,855,NA,4.7,1,NA,NA,8.6,1,NA,2,1,NA,2,1,NA,2,30.6,1,NA,3,1,NA,3,1,NA,3,1,3,1,NA,3,1,NA,NA,NA,NA,NA,NA,NA,NA,NA,"Y",NA,"N",NA,"ARFR4-SOS-WY040-71-10","#66C2A5",-109.2433156,41.13271889,"5 - 10 Deg. F. / 3 - 6","","5 - 10 Deg. F.","6-Mar","5 - 10 Deg. F. / 3 - 6","5 - 10 / semi-humid","WY.1","#a5c2f1","semi-humid, cold","#66C2A5","I"
"ARFR-WY040-71-10","white",4,199,16,34,NA,856,NA,4.5,1,NA,NA,7.8,1,NA,2,1,NA,2,1,NA,2,12.5,1,NA,2,1,NA,2,1,NA,2,1,2,1,NA,2,1,NA,NA,NA,NA,NA,NA,NA,NA,NA,"Y",NA,"N",NA,"ARFR4-SOS-WY040-71-10","#66C2A5",-109.2433156,41.13271889,"5 - 10 Deg. F. / 3 - 6","","5 - 10 Deg. F.","6-Mar","5 - 10 Deg. F. / 3 - 6","5 - 10 / semi-humid","WY.1","#a5c2f1","semi-humid, cold","#66C2A5","I"
"ARFR-WY050-49-FREMONT-12","white",4,200,16,35,232,857,NA,3.6,1,NA,NA,5.1,1,NA,2,1,NA,2,1,NA,2,8.6,1,NA,2,1,NA,2,1,NA,2,1,2,1,NA,2,1,NA,NA,NA,NA,NA,NA,NA,NA,NA,"N",NA,"N",NA,"ARFR4-SOS-WY050-49-FREMONT-12","#5E4FA2",-109.34775,43.42663611,"5 - 10 Deg. F. / 6 - 12","","5 - 10 Deg. F.","12-Jun","5 - 10 Deg. F. / 6 - 12","5 - 10 / semi-arid","WY.3","#ffb90f","semi-arid, cold","#5E4FA2","K"
"ARFR-CO932-316-JEFFERSON-12","white",4,201,16,36,NA,858,NA,4.7,1,NA,NA,7.9,1,NA,2,1,NA,2,1,NA,2,22.3,1,NA,2,1,NA,2,1,NA,3,1,3,1,NA,3,1,NA,NA,NA,NA,NA,NA,NA,NA,NA,"Y",NA,"N",NA,"ARFR4-SOS-CO932-316-JEFFERSON-12","#FFFF85",-105.358,39.66325,"15 - 20 Deg. F. / 3 - 6","","15 - 20 Deg. F.","6-Mar","15 - 20 Deg. F. / 3 - 6","15 - 20 / semi-humid","CO.3","#698b69","semi-humid, warm","#FFFF85","F"
"ARFR-UT080-109-UINTAH-12","white",4,202,16,37,NA,859,NA,7.4,1,NA,NA,13.6,1,NA,2,1,NA,2,1,NA,2,47.7,1,NA,2,1,NA,3,1,NA,3,1,3,1,NA,3,1,NA,NA,NA,NA,NA,NA,NA,NA,NA,"Y",NA,"N",NA,"ARFR4-SOS-UT080-109-UINTAH-12","#aabe7f",-109.1426444,39.70802222,"10 - 15 Deg. F. / 3 - 6","","10 - 15 Deg. F.","6-Mar","10 - 15 Deg. F. / 3 - 6","10 - 15 / semi-humid","UT.1","#66e566","semi-humid, cool","#aabe7f","G"
"ARFR-NM930N-66-11","white",4,203,16,38,NA,860,NA,7.4,1,NA,NA,14.9,1,NA,2,1,NA,2,1,NA,2,47.5,1,NA,2,1,NA,3,1,NA,3,1,3,1,NA,3,1,NA,NA,NA,NA,NA,NA,NA,NA,NA,"Y",NA,"N",NA,"ARFR4-SOS-NM930N-66-11","#F46D43",-107.2045028,36.76818611,"10 - 15 Deg. F. / 3 - 6","","10 - 15 Deg. F.","6-Mar","10 - 15 Deg. F. / 3 - 6","10 - 15 / semi-humid","NM.1","#66e566","semi-humid, cool","#F46D43","C"
"ARFR-NM930N-66-11","white",4,204,16,39,NA,861,NA,5.5,1,"N",NA,NA,0,"dying? 5/31. Was this replaced? No",NA,0,NA,NA,0,NA,NA,NA,0,NA,NA,0,NA,NA,0,NA,NA,0,NA,0,NA,NA,0,NA,NA,NA,NA,NA,NA,NA,NA,NA,NA,NA,"N",NA,"ARFR4-SOS-NM930N-66-11","#F46D43",-107.2045028,36.76818611,"10 - 15 Deg. F. / 3 - 6","","10 - 15 Deg. F.","6-Mar","10 - 15 Deg. F. / 3 - 6","10 - 15 / semi-humid","NM.1","#66e566","semi-humid, cool","#F46D43","C"
"ARFR-AZ930-423-NAVAJO-18","white",4,205,16,40,233,862,NA,7.1,1,NA,NA,17.2,1,NA,2,1,NA,2,1,NA,2,50.7,1,NA,2,1,NA,3,1,NA,3,1,3,1,NA,3,1,NA,NA,NA,NA,NA,NA,NA,NA,NA,"Y",NA,"N",NA,"ARFR4-SOS-AZ930-423-NAVAJO-18","#9E0142",-110.431,36.45877,"15 - 20 Deg. F. / 6 - 12","SdZones downloaded 20230823","15 - 20 Deg. F.","12-Jun","15 - 20 Deg. F. / 6 - 12","15 - 20 / semi-arid","AZ.1","#ee5c42","semi-arid, warm","#9E0142","A"
"ARFR-NM930N-66-11","white",4,206,16,41,NA,863,NA,6.6,1,NA,NA,14.7,1,NA,2,1,NA,2,1,NA,2,51,1,NA,2,1,NA,3,1,NA,3,1,3,1,NA,3,1,NA,NA,NA,NA,NA,NA,NA,NA,NA,"Y",NA,"N",NA,"ARFR4-SOS-NM930N-66-11","#F46D43",-107.2045028,36.76818611,"10 - 15 Deg. F. / 3 - 6","","10 - 15 Deg. F.","6-Mar","10 - 15 Deg. F. / 3 - 6","10 - 15 / semi-humid","NM.1","#66e566","semi-humid, cool","#F46D43","C"
"ARFR-NM930N-66-11","white",4,207,16,42,NA,864,NA,NA,0,"Y","NM 66",11.5,1,NA,2,1,NA,2,1,NA,2,50.4,1,NA,2,1,NA,3,1,NA,3,1,3,1,NA,3,1,NA,"Yes",NA,98.15,NA,"L",66.172,37.1,30.14,"N",NA,"N",NA,"ARFR4-SOS-NM930N-66-11","#F46D43",-107.2045028,36.76818611,"10 - 15 Deg. F. / 3 - 6","","10 - 15 Deg. F.","6-Mar","10 - 15 Deg. F. / 3 - 6","10 - 15 / semi-humid","NM.1","#66e566","semi-humid, cool","#F46D43","C"
"ARFR-AZ930-423-NAVAJO-18","white",4,208,16,43,NA,865,NA,6.6,1,NA,NA,11.8,1,NA,2,1,NA,2,1,NA,2,45.7,1,NA,2,1,NA,3,1,NA,3,1,3,1,NA,3,1,NA,NA,NA,NA,NA,NA,NA,NA,NA,"Y",NA,"N",NA,"ARFR4-SOS-AZ930-423-NAVAJO-18","#9E0142",-110.431,36.45877,"15 - 20 Deg. F. / 6 - 12","SdZones downloaded 20230823","15 - 20 Deg. F.","12-Jun","15 - 20 Deg. F. / 6 - 12","15 - 20 / semi-arid","AZ.1","#ee5c42","semi-arid, warm","#9E0142","A"
"ARFR-WY050-49-FREMONT-12","white",4,209,16,44,NA,866,NA,5,1,"N",NA,NA,0,"dying? 5/27",NA,0,NA,NA,0,NA,NA,NA,0,NA,NA,0,NA,NA,0,NA,NA,0,NA,0,NA,NA,0,NA,NA,NA,NA,NA,NA,NA,NA,NA,"N",NA,"N",NA,"ARFR4-SOS-WY050-49-FREMONT-12","#5E4FA2",-109.34775,43.42663611,"5 - 10 Deg. F. / 6 - 12","","5 - 10 Deg. F.","12-Jun","5 - 10 Deg. F. / 6 - 12","5 - 10 / semi-arid","WY.3","#ffb90f","semi-arid, cold","#5E4FA2","K"
"ARFR-AZ930-422-NAVAJO-18","white",4,210,16,45,234,867,NA,3.8,1,NA,NA,11.7,1,NA,2,1,NA,2,1,NA,2,16.3,1,NA,NA,0,NA,NA,0,NA,NA,0,NA,0,NA,NA,0,NA,NA,NA,NA,NA,NA,NA,NA,NA,"Y",NA,"N",NA,"ARFR4-SOS-AZ930-422-NAVAJO-18","#D53E4F",-110.431,36.56805,"15 - 20 Deg. F. / 6 - 12","Lats corrected 20230127","15 - 20 Deg. F.","12-Jun","15 - 20 Deg. F. / 6 - 12","15 - 20 / semi-arid","AZ.2","#ee5c42","semi-arid, warm","#D53E4F","B"
"ARFR-CO932-314-JEFFERSON-12","white",4,211,16,46,NA,868,NA,5.8,1,NA,NA,8.3,1,NA,2,1,NA,2,1,NA,2,30.7,1,NA,2,1,NA,3,1,NA,3,1,3,1,NA,3,1,NA,NA,NA,NA,NA,NA,NA,NA,NA,"Y",NA,"N",NA,"ARFR4-SOS-CO932-314-JEFFERSON-12","#FEE08B",-105.3553333,39.40902778,"10 - 15 Deg. F. / 3 - 6","","10 - 15 Deg. F.","6-Mar","10 - 15 Deg. F. / 3 - 6","10 - 15 / semi-humid","CO.2","#66e566","semi-humid, cool","#FEE08B","E"
"ARFR-WY050-49-FREMONT-12","white",4,212,16,47,NA,869,NA,4.9,1,NA,NA,7,1,NA,2,1,NA,2,1,NA,2,20.2,1,NA,2,1,NA,3,1,NA,3,1,3,1,NA,3,1,NA,NA,NA,NA,NA,NA,NA,NA,NA,"Y",NA,"N",NA,"ARFR4-SOS-WY050-49-FREMONT-12","#5E4FA2",-109.34775,43.42663611,"5 - 10 Deg. F. / 6 - 12","","5 - 10 Deg. F.","12-Jun","5 - 10 Deg. F. / 6 - 12","5 - 10 / semi-arid","WY.3","#ffb90f","semi-arid, cold","#5E4FA2","K"
"ARFR-CO932-316-JEFFERSON-12","white",4,213,16,48,NA,870,NA,5.6,1,NA,NA,10,1,NA,2,1,NA,2,1,NA,2,37.6,1,NA,2,1,NA,3,1,NA,3,1,3,1,NA,3,1,NA,NA,NA,NA,NA,NA,NA,NA,NA,"Y",NA,"N",NA,"ARFR4-SOS-CO932-316-JEFFERSON-12","#FFFF85",-105.358,39.66325,"15 - 20 Deg. F. / 3 - 6","","15 - 20 Deg. F.","6-Mar","15 - 20 Deg. F. / 3 - 6","15 - 20 / semi-humid","CO.3","#698b69","semi-humid, warm","#FFFF85","F"
"ARFR-WY050-151-FREMONT-16","white",4,214,16,49,NA,871,NA,5.5,1,NA,NA,6.6,1,NA,2,1,"dying",2,1,NA,2,6.2,1,NA,2,1,NA,2,1,NA,2,1,2,1,NA,2,1,NA,NA,NA,NA,NA,NA,NA,NA,NA,"Y",NA,"N",NA,"ARFR4-SOS-WY050-151-FREMONT-16","#3288BD",-108.1704472,42.47886111,"10 - 15 Deg. F. / 6 - 12","","10 - 15 Deg. F.","12-Jun","10 - 15 Deg. F. / 6 - 12","10 - 15 / semi-arid","WY.2","#cd8500","semi-arid, cool","#3288BD","J"
"ARFR-CO932-314-JEFFERSON-12","white",4,215,16,50,235,872,NA,10,1,NA,NA,13.8,1,NA,NA,0,NA,NA,0,NA,NA,NA,0,NA,NA,0,NA,NA,0,NA,NA,0,NA,0,NA,NA,0,NA,NA,NA,NA,NA,NA,NA,NA,NA,"Y",NA,"N",NA,"ARFR4-SOS-CO932-314-JEFFERSON-12","#FEE08B",-105.3553333,39.40902778,"10 - 15 Deg. F. / 3 - 6","","10 - 15 Deg. F.","6-Mar","10 - 15 Deg. F. / 3 - 6","10 - 15 / semi-humid","CO.2","#66e566","semi-humid, cool","#FEE08B","E"
"ARFR-NM930N-66-11","white",4,216,16,51,NA,873,NA,10,1,NA,NA,19.2,1,NA,2,1,NA,2,1,NA,2,53,1,NA,2,1,NA,3,1,NA,3,1,3,1,NA,3,1,NA,NA,NA,NA,NA,NA,NA,NA,NA,"Y",NA,"Y",NA,"ARFR4-SOS-NM930N-66-11","#F46D43",-107.2045028,36.76818611,"10 - 15 Deg. F. / 3 - 6","","10 - 15 Deg. F.","6-Mar","10 - 15 Deg. F. / 3 - 6","10 - 15 / semi-humid","NM.1","#66e566","semi-humid, cool","#F46D43","C"
"ARFR-WY050-151-FREMONT-16","white",4,217,16,52,NA,874,NA,2.8,1,NA,NA,3.9,1,NA,2,1,NA,2,1,NA,2,6.5,1,NA,2,1,NA,2,1,NA,2,1,2,1,NA,2,1,NA,NA,NA,NA,NA,NA,NA,NA,NA,"N",NA,"N",NA,"ARFR4-SOS-WY050-151-FREMONT-16","#3288BD",-108.1704472,42.47886111,"10 - 15 Deg. F. / 6 - 12","","10 - 15 Deg. F.","12-Jun","10 - 15 Deg. F. / 6 - 12","10 - 15 / semi-arid","WY.2","#cd8500","semi-arid, cool","#3288BD","J"
"ARFR-CO932-316-JEFFERSON-12","white",4,218,16,53,NA,875,NA,6.2,1,NA,NA,12.4,1,NA,2,1,NA,2,1,NA,2,41.7,1,NA,2,1,NA,3,1,NA,3,1,3,1,NA,3,1,NA,NA,NA,NA,NA,NA,NA,NA,NA,"Y",NA,"N",NA,"ARFR4-SOS-CO932-316-JEFFERSON-12","#FFFF85",-105.358,39.66325,"15 - 20 Deg. F. / 3 - 6","","15 - 20 Deg. F.","6-Mar","15 - 20 Deg. F. / 3 - 6","15 - 20 / semi-humid","CO.3","#698b69","semi-humid, warm","#FFFF85","F"
"ARFR-AZ930-422-NAVAJO-18","white",4,219,16,54,NA,876,NA,4.3,1,NA,NA,8.6,1,NA,2,1,"dying",2,1,NA,2,12,1,NA,2,1,NA,3,1,NA,3,1,3,1,NA,3,1,NA,NA,NA,NA,NA,NA,NA,NA,NA,"Y",NA,"N",NA,"ARFR4-SOS-AZ930-422-NAVAJO-18","#D53E4F",-110.431,36.56805,"15 - 20 Deg. F. / 6 - 12","Lats corrected 20230127","15 - 20 Deg. F.","12-Jun","15 - 20 Deg. F. / 6 - 12","15 - 20 / semi-arid","AZ.2","#ee5c42","semi-arid, warm","#D53E4F","B"
"ARFR-AZ930-423-NAVAJO-18","black",5,1,17,1,237,877,NA,5.5,1,NA,NA,12.1,1,NA,2,1,NA,2,1,NA,2,30.2,1,NA,2,1,NA,3,1,NA,3,1,3,1,NA,3,1,NA,NA,NA,NA,NA,NA,NA,NA,NA,"Y",NA,"N",NA,"ARFR4-SOS-AZ930-423-NAVAJO-18","#9E0142",-110.431,36.45877,"15 - 20 Deg. F. / 6 - 12","SdZones downloaded 20230823","15 - 20 Deg. F.","12-Jun","15 - 20 Deg. F. / 6 - 12","15 - 20 / semi-arid","AZ.1","#ee5c42","semi-arid, warm","#9E0142","A"
"ARFR-WY050-151-FREMONT-16","black",5,2,17,2,NA,878,NA,5,1,NA,NA,8.7,1,NA,2,1,NA,2,1,NA,2,7.1,1,NA,2,1,NA,2,1,NA,2,1,2,1,NA,2,1,NA,NA,NA,NA,NA,NA,NA,NA,NA,"Y",NA,"Y",NA,"ARFR4-SOS-WY050-151-FREMONT-16","#3288BD",-108.1704472,42.47886111,"10 - 15 Deg. F. / 6 - 12","","10 - 15 Deg. F.","12-Jun","10 - 15 Deg. F. / 6 - 12","10 - 15 / semi-arid","WY.2","#cd8500","semi-arid, cool","#3288BD","J"
"ARFR-CO932-294-11","black",5,3,17,3,NA,879,NA,6,1,NA,NA,10.8,1,NA,2,1,NA,2,1,NA,2,25,1,NA,2,1,NA,3,1,NA,3,1,3,1,NA,3,1,NA,NA,NA,NA,NA,NA,NA,NA,NA,"Y",NA,"N",NA,"ARFR4-SOS-CO932-294-11","#ABDDA4",-105.2030833,39.78458333,"15 - 20 Deg. F. / 3 - 6","","15 - 20 Deg. F.","6-Mar","15 - 20 Deg. F. / 3 - 6","15 - 20 / semi-humid","CO.4","#698b69","semi-humid, warm","#ABDDA4","H"
"ARFR-AZ930-422-NAVAJO-18","black",5,4,17,4,NA,880,NA,6.6,1,NA,NA,13.4,1,NA,2,1,NA,2,1,NA,2,52.5,1,NA,3,1,NA,3,1,NA,3,1,3,1,NA,3,1,NA,NA,NA,NA,NA,NA,NA,NA,NA,"Y",NA,"N",NA,"ARFR4-SOS-AZ930-422-NAVAJO-18","#D53E4F",-110.431,36.56805,"15 - 20 Deg. F. / 6 - 12","Lats corrected 20230127","15 - 20 Deg. F.","12-Jun","15 - 20 Deg. F. / 6 - 12","15 - 20 / semi-arid","AZ.2","#ee5c42","semi-arid, warm","#D53E4F","B"
"ARFR-AZ930-423-NAVAJO-18","black",5,5,17,5,238,881,NA,6.2,1,NA,NA,17.5,1,NA,2,1,NA,2,1,NA,2,60.3,1,NA,2,1,NA,3,1,NA,3,1,3,1,NA,3,1,NA,NA,NA,NA,NA,NA,NA,NA,NA,"Y",NA,"N",NA,"ARFR4-SOS-AZ930-423-NAVAJO-18","#9E0142",-110.431,36.45877,"15 - 20 Deg. F. / 6 - 12","SdZones downloaded 20230823","15 - 20 Deg. F.","12-Jun","15 - 20 Deg. F. / 6 - 12","15 - 20 / semi-arid","AZ.1","#ee5c42","semi-arid, warm","#9E0142","A"
"ARFR-NM930N-66-11","black",5,6,17,6,NA,882,NA,3.6,1,NA,NA,10.9,1,NA,2,1,NA,2,1,NA,2,30.3,1,NA,2,1,NA,2,1,NA,2,1,3,1,NA,3,1,NA,NA,NA,NA,NA,NA,NA,NA,NA,"Y",NA,"N",NA,"ARFR4-SOS-NM930N-66-11","#F46D43",-107.2045028,36.76818611,"10 - 15 Deg. F. / 3 - 6","","10 - 15 Deg. F.","6-Mar","10 - 15 Deg. F. / 3 - 6","10 - 15 / semi-humid","NM.1","#66e566","semi-humid, cool","#F46D43","C"
"ARFR-CO932-314-JEFFERSON-12","black",5,7,17,7,NA,883,NA,4.2,1,NA,NA,9.6,1,NA,2,1,NA,2,1,NA,2,41,1,NA,3,1,NA,3,1,NA,3,1,3,1,NA,3,1,NA,NA,NA,NA,NA,NA,NA,NA,NA,"Y",NA,"N",NA,"ARFR4-SOS-CO932-314-JEFFERSON-12","#FEE08B",-105.3553333,39.40902778,"10 - 15 Deg. F. / 3 - 6","","10 - 15 Deg. F.","6-Mar","10 - 15 Deg. F. / 3 - 6","10 - 15 / semi-humid","CO.2","#66e566","semi-humid, cool","#FEE08B","E"
"ARFR-NM930N-66-11","black",5,8,17,8,NA,884,NA,9.3,1,NA,NA,17.4,1,NA,2,1,NA,2,1,NA,2,46.2,1,NA,2,1,NA,3,1,NA,3,1,3,1,NA,3,1,NA,NA,NA,NA,NA,NA,NA,NA,NA,"Y",NA,"N",NA,"ARFR4-SOS-NM930N-66-11","#F46D43",-107.2045028,36.76818611,"10 - 15 Deg. F. / 3 - 6","","10 - 15 Deg. F.","6-Mar","10 - 15 Deg. F. / 3 - 6","10 - 15 / semi-humid","NM.1","#66e566","semi-humid, cool","#F46D43","C"
"ARFR-UT080-109-UINTAH-12","black",5,9,17,9,NA,885,NA,5.5,1,NA,NA,9.6,1,NA,2,1,NA,2,1,NA,2,28.1,1,NA,2,1,NA,3,1,NA,3,1,3,1,NA,3,1,NA,"Yes",NA,49.37,NA,"L",17.392,NA,0.63,"Y","check w bag weight. Entered as 3.65","N",NA,"ARFR4-SOS-UT080-109-UINTAH-12","#aabe7f",-109.1426444,39.70802222,"10 - 15 Deg. F. / 3 - 6","","10 - 15 Deg. F.","6-Mar","10 - 15 Deg. F. / 3 - 6","10 - 15 / semi-humid","UT.1","#66e566","semi-humid, cool","#aabe7f","G"
"ARFR-WY040-71-10","black",5,10,17,10,239,886,NA,6.3,1,NA,NA,9.9,1,"ARFR-WY930-44-LASANIMAS-13_195 was initially assinged but WY-71 actually planted",2,1,NA,2,1,NA,2,15.4,1,NA,2,1,NA,3,1,NA,3,1,3,1,NA,3,1,NA,NA,NA,NA,NA,NA,NA,NA,NA,"Y",NA,"N",NA,"ARFR4-SOS-WY040-71-10","#66C2A5",-109.2433156,41.13271889,"5 - 10 Deg. F. / 3 - 6","","5 - 10 Deg. F.","6-Mar","5 - 10 Deg. F. / 3 - 6","5 - 10 / semi-humid","WY.1","#a5c2f1","semi-humid, cold","#66C2A5","I"
"ARFR-AZ930-422-NAVAJO-18","black",5,11,17,11,NA,887,NA,5.4,1,NA,NA,11.9,1,NA,2,1,NA,2,1,NA,2,49.5,1,NA,2,1,NA,3,1,NA,3,1,3,1,NA,3,1,NA,NA,NA,NA,NA,NA,NA,NA,NA,"Y",NA,"Y",NA,"ARFR4-SOS-AZ930-422-NAVAJO-18","#D53E4F",-110.431,36.56805,"15 - 20 Deg. F. / 6 - 12","Lats corrected 20230127","15 - 20 Deg. F.","12-Jun","15 - 20 Deg. F. / 6 - 12","15 - 20 / semi-arid","AZ.2","#ee5c42","semi-arid, warm","#D53E4F","B"
"ARFR-WY040-71-10","black",5,12,17,12,NA,888,NA,4.6,1,NA,NA,8.3,1,NA,2,1,NA,2,1,NA,2,11.2,1,NA,2,1,NA,2,1,NA,2,1,2,1,NA,2,1,NA,NA,NA,NA,NA,NA,NA,NA,NA,"N",NA,"N",NA,"ARFR4-SOS-WY040-71-10","#66C2A5",-109.2433156,41.13271889,"5 - 10 Deg. F. / 3 - 6","","5 - 10 Deg. F.","6-Mar","5 - 10 Deg. F. / 3 - 6","5 - 10 / semi-humid","WY.1","#a5c2f1","semi-humid, cold","#66C2A5","I"
"ARFR-CO932-316-JEFFERSON-12","black",5,13,17,13,NA,889,NA,2.5,1,NA,NA,7.8,1,NA,2,1,NA,2,1,NA,2,18,1,NA,2,1,NA,3,1,NA,3,1,3,1,NA,3,1,NA,NA,NA,NA,NA,NA,NA,NA,NA,"Y",NA,"Y",NA,"ARFR4-SOS-CO932-316-JEFFERSON-12","#FFFF85",-105.358,39.66325,"15 - 20 Deg. F. / 3 - 6","","15 - 20 Deg. F.","6-Mar","15 - 20 Deg. F. / 3 - 6","15 - 20 / semi-humid","CO.3","#698b69","semi-humid, warm","#FFFF85","F"
"ARFR-AZ930-423-NAVAJO-18","black",5,14,17,14,NA,890,NA,9.1,1,NA,NA,14.3,1,NA,2,1,NA,2,1,NA,2,48.3,1,NA,2,1,NA,3,1,NA,3,1,3,1,NA,3,1,NA,NA,NA,NA,NA,NA,NA,NA,NA,"Y",NA,"N",NA,"ARFR4-SOS-AZ930-423-NAVAJO-18","#9E0142",-110.431,36.45877,"15 - 20 Deg. F. / 6 - 12","SdZones downloaded 20230823","15 - 20 Deg. F.","12-Jun","15 - 20 Deg. F. / 6 - 12","15 - 20 / semi-arid","AZ.1","#ee5c42","semi-arid, warm","#9E0142","A"
"ARFR-UT080-109-UINTAH-12","black",5,15,17,15,240,891,NA,8.2,1,NA,NA,14.7,1,NA,2,1,NA,2,1,NA,2,48.5,1,NA,3,1,NA,3,1,NA,3,1,3,1,NA,3,1,NA,NA,NA,NA,NA,NA,NA,NA,NA,"Y",NA,"N",NA,"ARFR4-SOS-UT080-109-UINTAH-12","#aabe7f",-109.1426444,39.70802222,"10 - 15 Deg. F. / 3 - 6","","10 - 15 Deg. F.","6-Mar","10 - 15 Deg. F. / 3 - 6","10 - 15 / semi-humid","UT.1","#66e566","semi-humid, cool","#aabe7f","G"
"ARFR-CO932-314-JEFFERSON-12","black",5,16,17,16,NA,892,NA,5.4,1,NA,NA,9.4,1,NA,2,1,NA,2,1,NA,2,26,1,NA,2,1,NA,3,1,NA,3,1,3,1,NA,3,1,NA,NA,NA,NA,NA,NA,NA,NA,NA,"Y",NA,"N",NA,"ARFR4-SOS-CO932-314-JEFFERSON-12","#FEE08B",-105.3553333,39.40902778,"10 - 15 Deg. F. / 3 - 6","","10 - 15 Deg. F.","6-Mar","10 - 15 Deg. F. / 3 - 6","10 - 15 / semi-humid","CO.2","#66e566","semi-humid, cool","#FEE08B","E"
"ARFR-WY040-71-10","black",5,17,17,17,NA,893,NA,2.6,1,NA,NA,7.9,1,NA,2,1,NA,2,1,NA,2,15,1,NA,2,1,NA,2,1,NA,2,1,2,1,NA,2,1,NA,NA,NA,NA,NA,NA,NA,NA,NA,"Y",NA,"N",NA,"ARFR4-SOS-WY040-71-10","#66C2A5",-109.2433156,41.13271889,"5 - 10 Deg. F. / 3 - 6","","5 - 10 Deg. F.","6-Mar","5 - 10 Deg. F. / 3 - 6","5 - 10 / semi-humid","WY.1","#a5c2f1","semi-humid, cold","#66C2A5","I"
"ARFR-CO932-316-JEFFERSON-12","black",5,18,17,18,NA,894,NA,5.7,1,NA,NA,11.3,1,"ARFR-CO932-294-11_185 was initially assinged but 316-Jefferson actually planted",2,1,NA,2,1,NA,2,32.8,1,NA,2,1,NA,3,1,NA,3,1,3,1,NA,3,1,NA,NA,NA,NA,NA,NA,NA,NA,NA,"Y",NA,"N",NA,"ARFR4-SOS-CO932-316-JEFFERSON-12","#FFFF85",-105.358,39.66325,"15 - 20 Deg. F. / 3 - 6","","15 - 20 Deg. F.","6-Mar","15 - 20 Deg. F. / 3 - 6","15 - 20 / semi-humid","CO.3","#698b69","semi-humid, warm","#FFFF85","F"
"ARFR-NM930N-66-11","black",5,19,17,19,NA,895,NA,6.3,1,NA,NA,11.4,1,NA,2,1,NA,2,1,NA,2,36.5,1,NA,2,1,NA,3,1,NA,3,1,3,1,NA,3,1,NA,NA,NA,NA,NA,NA,NA,NA,NA,"Y",NA,"N",NA,"ARFR4-SOS-NM930N-66-11","#F46D43",-107.2045028,36.76818611,"10 - 15 Deg. F. / 3 - 6","","10 - 15 Deg. F.","6-Mar","10 - 15 Deg. F. / 3 - 6","10 - 15 / semi-humid","NM.1","#66e566","semi-humid, cool","#F46D43","C"
"ARFR-WY050-49-FREMONT-12","black",5,20,17,20,241,896,NA,5.6,1,NA,NA,7.4,1,NA,2,1,NA,2,1,NA,2,15.5,1,NA,2,1,NA,2,1,NA,2,1,2,1,NA,2,1,NA,NA,NA,NA,NA,NA,NA,NA,NA,"Y",NA,"N",NA,"ARFR4-SOS-WY050-49-FREMONT-12","#5E4FA2",-109.34775,43.42663611,"5 - 10 Deg. F. / 6 - 12","","5 - 10 Deg. F.","12-Jun","5 - 10 Deg. F. / 6 - 12","5 - 10 / semi-arid","WY.3","#ffb90f","semi-arid, cold","#5E4FA2","K"
"ARFR-CO932-294-11","black",5,21,17,21,NA,897,NA,4.7,1,NA,NA,10.2,1,NA,2,1,NA,2,1,NA,2,34.5,1,NA,2,1,NA,3,1,NA,3,1,3,1,NA,3,1,NA,NA,NA,NA,NA,NA,NA,NA,NA,"Y",NA,"N",NA,"ARFR4-SOS-CO932-294-11","#ABDDA4",-105.2030833,39.78458333,"15 - 20 Deg. F. / 3 - 6","","15 - 20 Deg. F.","6-Mar","15 - 20 Deg. F. / 3 - 6","15 - 20 / semi-humid","CO.4","#698b69","semi-humid, warm","#ABDDA4","H"
"ARFR-WY050-151-FREMONT-16","black",5,22,17,22,NA,898,NA,4.5,1,NA,NA,7.3,1,NA,2,1,NA,2,1,NA,2,7.1,1,NA,2,1,NA,2,1,NA,2,1,2,1,NA,2,1,NA,NA,NA,NA,NA,NA,NA,NA,NA,"N",NA,"N",NA,"ARFR4-SOS-WY050-151-FREMONT-16","#3288BD",-108.1704472,42.47886111,"10 - 15 Deg. F. / 6 - 12","","10 - 15 Deg. F.","12-Jun","10 - 15 Deg. F. / 6 - 12","10 - 15 / semi-arid","WY.2","#cd8500","semi-arid, cool","#3288BD","J"
"ARFR-WY050-151-FREMONT-16","black",5,23,17,23,NA,899,NA,4,1,NA,NA,6.5,1,NA,2,1,NA,2,1,NA,2,10.2,1,NA,2,1,NA,2,1,NA,2,1,2,1,NA,2,1,NA,NA,NA,NA,NA,NA,NA,NA,NA,"Y",NA,"N",NA,"ARFR4-SOS-WY050-151-FREMONT-16","#3288BD",-108.1704472,42.47886111,"10 - 15 Deg. F. / 6 - 12","","10 - 15 Deg. F.","12-Jun","10 - 15 Deg. F. / 6 - 12","10 - 15 / semi-arid","WY.2","#cd8500","semi-arid, cool","#3288BD","J"
"ARFR-WY050-151-FREMONT-16","black",5,24,17,24,NA,900,NA,6.5,1,NA,NA,11.1,1,NA,2,1,NA,2,1,NA,2,18.6,1,NA,2,1,NA,3,1,NA,3,1,3,1,NA,3,1,NA,NA,NA,NA,NA,NA,NA,NA,NA,"Y",NA,"N",NA,"ARFR4-SOS-WY050-151-FREMONT-16","#3288BD",-108.1704472,42.47886111,"10 - 15 Deg. F. / 6 - 12","","10 - 15 Deg. F.","12-Jun","10 - 15 Deg. F. / 6 - 12","10 - 15 / semi-arid","WY.2","#cd8500","semi-arid, cool","#3288BD","J"
"ARFR-CO932-316-JEFFERSON-12","black",5,25,17,25,242,901,NA,4,1,NA,NA,8.4,1,"ARFR-CO932-294-11_035 was initially assinged but 316-Jefferson actually planted",2,1,NA,2,1,NA,2,22.4,1,NA,2,1,NA,3,1,NA,3,1,3,1,NA,3,1,NA,NA,NA,NA,NA,NA,NA,NA,NA,"Y",NA,"N",NA,"ARFR4-SOS-CO932-316-JEFFERSON-12","#FFFF85",-105.358,39.66325,"15 - 20 Deg. F. / 3 - 6","","15 - 20 Deg. F.","6-Mar","15 - 20 Deg. F. / 3 - 6","15 - 20 / semi-humid","CO.3","#698b69","semi-humid, warm","#FFFF85","F"
"ARFR-WY050-49-FREMONT-12","black",5,26,17,26,NA,902,NA,3.8,1,NA,NA,6,1,NA,2,1,NA,2,1,NA,2,9.6,1,NA,2,1,NA,2,1,NA,2,1,2,1,NA,2,1,NA,NA,NA,NA,NA,NA,NA,NA,NA,"Y",NA,"N",NA,"ARFR4-SOS-WY050-49-FREMONT-12","#5E4FA2",-109.34775,43.42663611,"5 - 10 Deg. F. / 6 - 12","","5 - 10 Deg. F.","12-Jun","5 - 10 Deg. F. / 6 - 12","5 - 10 / semi-arid","WY.3","#ffb90f","semi-arid, cold","#5E4FA2","K"
"ARFR-WY050-151-FREMONT-16","black",5,27,17,27,NA,903,NA,4.6,1,NA,NA,7.3,1,NA,2,1,NA,2,1,NA,2,12,1,NA,2,1,NA,2,1,NA,2,1,2,1,NA,2,1,NA,NA,NA,NA,NA,NA,NA,NA,NA,"Y",NA,"N",NA,"ARFR4-SOS-WY050-151-FREMONT-16","#3288BD",-108.1704472,42.47886111,"10 - 15 Deg. F. / 6 - 12","","10 - 15 Deg. F.","12-Jun","10 - 15 Deg. F. / 6 - 12","10 - 15 / semi-arid","WY.2","#cd8500","semi-arid, cool","#3288BD","J"
"ARFR-WY050-49-FREMONT-12","black",5,28,17,28,NA,904,NA,4.8,1,NA,NA,7.5,1,NA,2,1,NA,2,1,NA,2,8.5,1,NA,2,1,NA,2,1,NA,2,1,2,1,NA,2,1,NA,NA,NA,NA,NA,NA,NA,NA,NA,"N",NA,"N",NA,"ARFR4-SOS-WY050-49-FREMONT-12","#5E4FA2",-109.34775,43.42663611,"5 - 10 Deg. F. / 6 - 12","","5 - 10 Deg. F.","12-Jun","5 - 10 Deg. F. / 6 - 12","5 - 10 / semi-arid","WY.3","#ffb90f","semi-arid, cold","#5E4FA2","K"
"ARFR-CO932-294-11","black",5,29,17,29,NA,905,NA,5.2,1,NA,NA,10.7,1,NA,2,1,NA,2,1,NA,2,16.2,1,NA,2,1,NA,3,1,NA,3,1,3,1,NA,3,1,NA,NA,NA,NA,NA,NA,NA,NA,NA,"Y",NA,"N",NA,"ARFR4-SOS-CO932-294-11","#ABDDA4",-105.2030833,39.78458333,"15 - 20 Deg. F. / 3 - 6","","15 - 20 Deg. F.","6-Mar","15 - 20 Deg. F. / 3 - 6","15 - 20 / semi-humid","CO.4","#698b69","semi-humid, warm","#ABDDA4","H"
"ARFR-UT080-109-UINTAH-12","black",5,30,17,30,243,906,NA,6.9,1,NA,NA,12.7,1,NA,2,1,NA,2,1,NA,2,47.5,1,NA,2,1,NA,3,1,NA,3,1,3,1,NA,3,1,NA,NA,NA,NA,NA,NA,NA,NA,NA,"Y",NA,"N",NA,"ARFR4-SOS-UT080-109-UINTAH-12","#aabe7f",-109.1426444,39.70802222,"10 - 15 Deg. F. / 3 - 6","","10 - 15 Deg. F.","6-Mar","10 - 15 Deg. F. / 3 - 6","10 - 15 / semi-humid","UT.1","#66e566","semi-humid, cool","#aabe7f","G"
"ARFR-AZ930-423-NAVAJO-18","black",5,31,17,31,NA,907,NA,7.4,1,NA,NA,15.2,1,NA,2,1,NA,2,1,NA,2,38.4,1,NA,2,1,NA,3,1,NA,3,1,3,1,NA,3,1,NA,NA,NA,NA,NA,NA,NA,NA,NA,"Y",NA,"N",NA,"ARFR4-SOS-AZ930-423-NAVAJO-18","#9E0142",-110.431,36.45877,"15 - 20 Deg. F. / 6 - 12","SdZones downloaded 20230823","15 - 20 Deg. F.","12-Jun","15 - 20 Deg. F. / 6 - 12","15 - 20 / semi-arid","AZ.1","#ee5c42","semi-arid, warm","#9E0142","A"
"ARFR-CO932-314-JEFFERSON-12","black",5,32,17,32,NA,908,NA,6.7,1,NA,NA,13.8,1,NA,2,1,NA,2,1,NA,2,32,1,NA,2,1,NA,3,1,NA,3,1,3,1,NA,3,1,NA,"Yes",NA,104.31,NA,"L",72.332,47.16,40.2,"Y",NA,"N",NA,"ARFR4-SOS-CO932-314-JEFFERSON-12","#FEE08B",-105.3553333,39.40902778,"10 - 15 Deg. F. / 3 - 6","","10 - 15 Deg. F.","6-Mar","10 - 15 Deg. F. / 3 - 6","10 - 15 / semi-humid","CO.2","#66e566","semi-humid, cool","#FEE08B","E"
"ARFR-UT080-109-UINTAH-12","black",5,33,17,33,NA,909,NA,5.5,1,NA,NA,15.1,1,NA,2,1,NA,2,1,NA,2,55.4,1,NA,3,1,NA,3,1,NA,3,1,3,1,NA,3,1,NA,NA,NA,NA,NA,NA,NA,NA,NA,"Y",NA,"N",NA,"ARFR4-SOS-UT080-109-UINTAH-12","#aabe7f",-109.1426444,39.70802222,"10 - 15 Deg. F. / 3 - 6","","10 - 15 Deg. F.","6-Mar","10 - 15 Deg. F. / 3 - 6","10 - 15 / semi-humid","UT.1","#66e566","semi-humid, cool","#aabe7f","G"
"ARFR-WY050-49-FREMONT-12","black",5,34,17,34,NA,910,NA,5.6,1,NA,NA,8.8,1,NA,2,1,NA,2,1,NA,2,10.9,1,NA,2,1,NA,3,1,NA,3,1,3,1,NA,3,1,NA,NA,NA,NA,NA,NA,NA,NA,NA,"Y",NA,"N",NA,"ARFR4-SOS-WY050-49-FREMONT-12","#5E4FA2",-109.34775,43.42663611,"5 - 10 Deg. F. / 6 - 12","","5 - 10 Deg. F.","12-Jun","5 - 10 Deg. F. / 6 - 12","5 - 10 / semi-arid","WY.3","#ffb90f","semi-arid, cold","#5E4FA2","K"
"ARFR-AZ930-423-NAVAJO-18","black",5,35,17,35,244,911,NA,4.3,1,NA,NA,12.7,1,NA,2,1,NA,2,1,NA,2,53,1,NA,2,1,NA,3,1,NA,3,1,3,1,NA,3,1,NA,NA,NA,NA,NA,NA,NA,NA,NA,"Y",NA,"N",NA,"ARFR4-SOS-AZ930-423-NAVAJO-18","#9E0142",-110.431,36.45877,"15 - 20 Deg. F. / 6 - 12","SdZones downloaded 20230823","15 - 20 Deg. F.","12-Jun","15 - 20 Deg. F. / 6 - 12","15 - 20 / semi-arid","AZ.1","#ee5c42","semi-arid, warm","#9E0142","A"
"ARFR-UT080-109-UINTAH-12","black",5,36,17,36,NA,912,NA,5.7,1,NA,NA,NA,0,NA,NA,0,NA,NA,0,NA,NA,NA,0,NA,NA,0,NA,NA,0,NA,NA,0,NA,0,NA,NA,0,NA,NA,NA,NA,NA,NA,NA,NA,NA,"N",NA,"N",NA,"ARFR4-SOS-UT080-109-UINTAH-12","#aabe7f",-109.1426444,39.70802222,"10 - 15 Deg. F. / 3 - 6","","10 - 15 Deg. F.","6-Mar","10 - 15 Deg. F. / 3 - 6","10 - 15 / semi-humid","UT.1","#66e566","semi-humid, cool","#aabe7f","G"
"ARFR-WY050-49-FREMONT-12","black",5,37,17,37,NA,913,NA,4,1,NA,NA,7.2,1,NA,2,1,NA,2,1,NA,2,7,1,NA,2,1,NA,2,1,NA,2,1,2,1,NA,2,1,NA,NA,NA,NA,NA,NA,NA,NA,NA,"Y",NA,"N",NA,"ARFR4-SOS-WY050-49-FREMONT-12","#5E4FA2",-109.34775,43.42663611,"5 - 10 Deg. F. / 6 - 12","","5 - 10 Deg. F.","12-Jun","5 - 10 Deg. F. / 6 - 12","5 - 10 / semi-arid","WY.3","#ffb90f","semi-arid, cold","#5E4FA2","K"
"ARFR-WY930-44-LASANIMAS-13","black",5,38,17,38,NA,914,NA,5.6,1,NA,NA,12.1,1,NA,2,1,NA,2,1,NA,2,20,1,NA,2,1,NA,3,1,NA,3,1,3,1,NA,3,1,NA,NA,NA,NA,NA,NA,NA,NA,NA,"Y",NA,"N",NA,"ARFR4-SOS-WY930-44-LASANIMAS-13","#FDAE61",-104.6423889,37.16547222,"15 - 20 Deg. F. / 3 - 6","","15 - 20 Deg. F.","6-Mar","15 - 20 Deg. F. / 3 - 6","15 - 20 / semi-humid","CO.1","#698b69","semi-humid, warm","#FDAE61","D"
"ARFR-WY050-151-FREMONT-16","black",5,39,17,39,NA,915,NA,5,1,NA,NA,6.1,1,NA,2,1,NA,2,1,NA,2,7,1,NA,2,1,NA,2,1,NA,2,1,2,1,NA,2,1,NA,NA,NA,NA,NA,NA,NA,NA,NA,"N",NA,"N",NA,"ARFR4-SOS-WY050-151-FREMONT-16","#3288BD",-108.1704472,42.47886111,"10 - 15 Deg. F. / 6 - 12","","10 - 15 Deg. F.","12-Jun","10 - 15 Deg. F. / 6 - 12","10 - 15 / semi-arid","WY.2","#cd8500","semi-arid, cool","#3288BD","J"
"ARFR-CO932-314-JEFFERSON-12","black",5,40,17,40,245,916,NA,5.3,1,NA,NA,10.8,1,NA,2,1,NA,2,1,NA,2,31.9,1,NA,2,1,NA,3,1,NA,3,1,3,1,NA,3,1,NA,NA,NA,NA,NA,NA,NA,NA,NA,"Y",NA,"N",NA,"ARFR4-SOS-CO932-314-JEFFERSON-12","#FEE08B",-105.3553333,39.40902778,"10 - 15 Deg. F. / 3 - 6","","10 - 15 Deg. F.","6-Mar","10 - 15 Deg. F. / 3 - 6","10 - 15 / semi-humid","CO.2","#66e566","semi-humid, cool","#FEE08B","E"
"ARFR-WY050-151-FREMONT-16","black",5,41,17,41,NA,917,NA,6.4,1,NA,NA,11,1,NA,2,1,NA,2,1,NA,2,24.3,1,NA,2,1,NA,3,1,NA,3,1,3,1,NA,3,1,NA,"Yes",NA,83.95,NA,"L",51.972,31.02,24.06,"Y",NA,"N",NA,"ARFR4-SOS-WY050-151-FREMONT-16","#3288BD",-108.1704472,42.47886111,"10 - 15 Deg. F. / 6 - 12","","10 - 15 Deg. F.","12-Jun","10 - 15 Deg. F. / 6 - 12","10 - 15 / semi-arid","WY.2","#cd8500","semi-arid, cool","#3288BD","J"
"ARFR-WY930-44-LASANIMAS-13","black",5,42,17,42,NA,918,NA,7.5,1,NA,NA,12.4,1,NA,2,1,NA,2,1,NA,2,27.2,1,NA,2,1,NA,3,1,NA,3,1,3,1,NA,3,1,NA,NA,NA,NA,NA,NA,NA,NA,NA,"Y",NA,"N",NA,"ARFR4-SOS-WY930-44-LASANIMAS-13","#FDAE61",-104.6423889,37.16547222,"15 - 20 Deg. F. / 3 - 6","","15 - 20 Deg. F.","6-Mar","15 - 20 Deg. F. / 3 - 6","15 - 20 / semi-humid","CO.1","#698b69","semi-humid, warm","#FDAE61","D"
"ARFR-AZ930-422-NAVAJO-18","black",5,43,17,43,NA,919,NA,5.5,1,NA,NA,14.8,1,NA,2,1,NA,2,1,NA,2,26.7,1,NA,2,1,NA,3,1,NA,3,1,3,1,NA,3,1,NA,NA,NA,NA,NA,NA,NA,NA,NA,"Y",NA,"N",NA,"ARFR4-SOS-AZ930-422-NAVAJO-18","#D53E4F",-110.431,36.56805,"15 - 20 Deg. F. / 6 - 12","Lats corrected 20230127","15 - 20 Deg. F.","12-Jun","15 - 20 Deg. F. / 6 - 12","15 - 20 / semi-arid","AZ.2","#ee5c42","semi-arid, warm","#D53E4F","B"
"ARFR-CO932-314-JEFFERSON-12","black",5,44,17,44,NA,920,NA,6,1,NA,NA,11.8,1,NA,2,1,NA,2,1,NA,2,38.6,1,NA,2,1,NA,3,1,NA,3,1,3,1,NA,3,1,NA,NA,NA,NA,NA,NA,NA,NA,NA,"Y",NA,"N",NA,"ARFR4-SOS-CO932-314-JEFFERSON-12","#FEE08B",-105.3553333,39.40902778,"10 - 15 Deg. F. / 3 - 6","","10 - 15 Deg. F.","6-Mar","10 - 15 Deg. F. / 3 - 6","10 - 15 / semi-humid","CO.2","#66e566","semi-humid, cool","#FEE08B","E"
"ARFR-WY050-49-FREMONT-12","black",5,45,17,45,246,921,NA,5.4,1,NA,NA,7.5,1,NA,2,1,NA,2,1,NA,2,16.6,1,NA,2,1,NA,2,1,NA,3,1,3,1,NA,3,1,NA,NA,NA,NA,NA,NA,NA,NA,NA,"Y",NA,"N",NA,"ARFR4-SOS-WY050-49-FREMONT-12","#5E4FA2",-109.34775,43.42663611,"5 - 10 Deg. F. / 6 - 12","","5 - 10 Deg. F.","12-Jun","5 - 10 Deg. F. / 6 - 12","5 - 10 / semi-arid","WY.3","#ffb90f","semi-arid, cold","#5E4FA2","K"
"ARFR-AZ930-423-NAVAJO-18","black",5,46,17,46,NA,922,NA,5.9,1,NA,NA,14.9,1,NA,2,1,NA,2,1,NA,2,44.7,1,NA,2,1,NA,3,1,NA,3,1,3,1,NA,3,1,NA,NA,NA,NA,NA,NA,NA,NA,NA,"Y",NA,"N",NA,"ARFR4-SOS-AZ930-423-NAVAJO-18","#9E0142",-110.431,36.45877,"15 - 20 Deg. F. / 6 - 12","SdZones downloaded 20230823","15 - 20 Deg. F.","12-Jun","15 - 20 Deg. F. / 6 - 12","15 - 20 / semi-arid","AZ.1","#ee5c42","semi-arid, warm","#9E0142","A"
"ARFR-CO932-314-JEFFERSON-12","black",5,47,17,47,NA,923,NA,5.2,1,NA,NA,12,1,NA,2,1,NA,2,1,NA,2,41.6,1,NA,2,1,NA,3,1,NA,3,1,3,1,NA,3,1,NA,NA,NA,NA,NA,NA,NA,NA,NA,"Y",NA,"N",NA,"ARFR4-SOS-CO932-314-JEFFERSON-12","#FEE08B",-105.3553333,39.40902778,"10 - 15 Deg. F. / 3 - 6","","10 - 15 Deg. F.","6-Mar","10 - 15 Deg. F. / 3 - 6","10 - 15 / semi-humid","CO.2","#66e566","semi-humid, cool","#FEE08B","E"
"ARFR-WY050-151-FREMONT-16","black",5,48,17,48,NA,924,NA,6.5,1,NA,NA,9.5,1,NA,2,1,NA,2,1,NA,2,12.2,1,NA,2,1,NA,2,1,NA,2,1,2,1,NA,2,1,NA,NA,NA,NA,NA,NA,NA,NA,NA,"Y",NA,"N",NA,"ARFR4-SOS-WY050-151-FREMONT-16","#3288BD",-108.1704472,42.47886111,"10 - 15 Deg. F. / 6 - 12","","10 - 15 Deg. F.","12-Jun","10 - 15 Deg. F. / 6 - 12","10 - 15 / semi-arid","WY.2","#cd8500","semi-arid, cool","#3288BD","J"
"ARFR-WY040-71-10","black",5,49,17,49,NA,925,NA,4.5,1,NA,NA,7.3,1,NA,2,1,NA,2,1,NA,2,12.8,1,NA,2,1,NA,2,1,NA,2,1,2,1,NA,2,1,NA,NA,NA,NA,NA,NA,NA,NA,NA,"N",NA,"N",NA,"ARFR4-SOS-WY040-71-10","#66C2A5",-109.2433156,41.13271889,"5 - 10 Deg. F. / 3 - 6","","5 - 10 Deg. F.","6-Mar","5 - 10 Deg. F. / 3 - 6","5 - 10 / semi-humid","WY.1","#a5c2f1","semi-humid, cold","#66C2A5","I"
"ARFR-CO932-294-11","black",5,50,17,50,247,926,NA,7.1,1,NA,NA,13.3,1,NA,2,1,NA,2,1,NA,2,39.3,1,NA,2,1,NA,3,1,NA,3,1,3,1,NA,3,1,NA,NA,NA,NA,NA,NA,NA,NA,NA,"Y",NA,"N",NA,"ARFR4-SOS-CO932-294-11","#ABDDA4",-105.2030833,39.78458333,"15 - 20 Deg. F. / 3 - 6","","15 - 20 Deg. F.","6-Mar","15 - 20 Deg. F. / 3 - 6","15 - 20 / semi-humid","CO.4","#698b69","semi-humid, warm","#ABDDA4","H"
"ARFR-CO932-316-JEFFERSON-12","black",5,51,17,51,NA,927,NA,4,1,NA,NA,9.8,1,NA,2,1,NA,2,1,NA,2,30.4,1,NA,2,1,NA,3,1,NA,3,1,3,1,NA,3,1,NA,NA,NA,NA,NA,NA,NA,NA,NA,"Y",NA,"N",NA,"ARFR4-SOS-CO932-316-JEFFERSON-12","#FFFF85",-105.358,39.66325,"15 - 20 Deg. F. / 3 - 6","","15 - 20 Deg. F.","6-Mar","15 - 20 Deg. F. / 3 - 6","15 - 20 / semi-humid","CO.3","#698b69","semi-humid, warm","#FFFF85","F"
"ARFR-CO932-316-JEFFERSON-12","black",5,52,17,52,NA,928,NA,5.4,1,NA,NA,10,1,NA,2,1,NA,2,1,NA,2,19.2,1,NA,2,1,NA,3,1,NA,3,1,3,1,NA,3,1,NA,NA,NA,NA,NA,NA,NA,NA,NA,"Y",NA,"N",NA,"ARFR4-SOS-CO932-316-JEFFERSON-12","#FFFF85",-105.358,39.66325,"15 - 20 Deg. F. / 3 - 6","","15 - 20 Deg. F.","6-Mar","15 - 20 Deg. F. / 3 - 6","15 - 20 / semi-humid","CO.3","#698b69","semi-humid, warm","#FFFF85","F"
"ARFR-AZ930-422-NAVAJO-18","black",5,53,17,53,NA,929,NA,5.5,1,NA,NA,11.1,1,NA,2,1,NA,2,1,NA,2,44,1,NA,2,1,NA,3,1,NA,3,1,3,1,NA,3,1,NA,NA,NA,NA,NA,NA,NA,NA,NA,"Y",NA,"N",NA,"ARFR4-SOS-AZ930-422-NAVAJO-18","#D53E4F",-110.431,36.56805,"15 - 20 Deg. F. / 6 - 12","Lats corrected 20230127","15 - 20 Deg. F.","12-Jun","15 - 20 Deg. F. / 6 - 12","15 - 20 / semi-arid","AZ.2","#ee5c42","semi-arid, warm","#D53E4F","B"
"ARFR-WY040-71-10","black",5,54,17,54,NA,930,NA,2.8,1,NA,NA,5,1,NA,2,1,NA,2,1,NA,2,10,1,NA,2,1,NA,3,1,NA,3,1,3,1,NA,3,1,NA,NA,NA,NA,NA,NA,NA,NA,NA,"N",NA,"N",NA,"ARFR4-SOS-WY040-71-10","#66C2A5",-109.2433156,41.13271889,"5 - 10 Deg. F. / 3 - 6","","5 - 10 Deg. F.","6-Mar","5 - 10 Deg. F. / 3 - 6","5 - 10 / semi-humid","WY.1","#a5c2f1","semi-humid, cold","#66C2A5","I"
"ARFR-AZ930-423-NAVAJO-18","black",5,55,17,55,248,931,NA,3.8,1,NA,NA,9.5,1,NA,2,1,NA,2,1,NA,2,28.1,1,NA,2,1,NA,3,1,NA,3,1,3,1,NA,3,1,NA,NA,NA,NA,NA,NA,NA,NA,NA,"Y",NA,"N",NA,"ARFR4-SOS-AZ930-423-NAVAJO-18","#9E0142",-110.431,36.45877,"15 - 20 Deg. F. / 6 - 12","SdZones downloaded 20230823","15 - 20 Deg. F.","12-Jun","15 - 20 Deg. F. / 6 - 12","15 - 20 / semi-arid","AZ.1","#ee5c42","semi-arid, warm","#9E0142","A"
"ARFR-NM930N-66-11","black",5,56,18,1,237,932,NA,9,1,NA,NA,18,1,NA,2,1,NA,2,1,NA,2,45.4,1,NA,2,1,NA,3,1,NA,3,1,3,1,NA,3,1,NA,NA,NA,NA,NA,NA,NA,NA,NA,"Y",NA,"N",NA,"ARFR4-SOS-NM930N-66-11","#F46D43",-107.2045028,36.76818611,"10 - 15 Deg. F. / 3 - 6","","10 - 15 Deg. F.","6-Mar","10 - 15 Deg. F. / 3 - 6","10 - 15 / semi-humid","NM.1","#66e566","semi-humid, cool","#F46D43","C"
"ARFR-UT080-109-UINTAH-12","black",5,57,18,2,NA,933,NA,4.9,1,NA,NA,12.7,1,NA,2,1,NA,2,1,NA,2,23.7,1,NA,2,1,NA,3,1,NA,3,1,3,1,NA,3,1,NA,NA,NA,NA,NA,NA,NA,NA,NA,"Y",NA,"N",NA,"ARFR4-SOS-UT080-109-UINTAH-12","#aabe7f",-109.1426444,39.70802222,"10 - 15 Deg. F. / 3 - 6","","10 - 15 Deg. F.","6-Mar","10 - 15 Deg. F. / 3 - 6","10 - 15 / semi-humid","UT.1","#66e566","semi-humid, cool","#aabe7f","G"
"ARFR-CO932-314-JEFFERSON-12","black",5,58,18,3,NA,934,NA,3.9,1,NA,NA,11.4,1,NA,2,1,NA,2,1,NA,2,20.5,1,NA,2,1,NA,2,1,NA,3,1,3,1,NA,3,1,NA,NA,NA,NA,NA,NA,NA,NA,NA,"Y",NA,"N",NA,"ARFR4-SOS-CO932-314-JEFFERSON-12","#FEE08B",-105.3553333,39.40902778,"10 - 15 Deg. F. / 3 - 6","","10 - 15 Deg. F.","6-Mar","10 - 15 Deg. F. / 3 - 6","10 - 15 / semi-humid","CO.2","#66e566","semi-humid, cool","#FEE08B","E"
"ARFR-UT080-109-UINTAH-12","black",5,59,18,4,NA,935,NA,4,1,NA,NA,13.7,1,NA,2,1,NA,2,1,NA,2,47.6,1,NA,3,1,NA,3,1,NA,3,1,3,1,NA,3,1,NA,NA,NA,NA,NA,NA,NA,NA,NA,"Y",NA,"N",NA,"ARFR4-SOS-UT080-109-UINTAH-12","#aabe7f",-109.1426444,39.70802222,"10 - 15 Deg. F. / 3 - 6","","10 - 15 Deg. F.","6-Mar","10 - 15 Deg. F. / 3 - 6","10 - 15 / semi-humid","UT.1","#66e566","semi-humid, cool","#aabe7f","G"
"ARFR-AZ930-422-NAVAJO-18","black",5,60,18,5,238,936,NA,6,1,NA,NA,16.3,1,NA,2,1,NA,2,1,NA,2,58.5,1,NA,2,1,NA,3,1,NA,3,1,3,1,NA,3,1,NA,NA,NA,NA,NA,NA,NA,NA,NA,"Y",NA,"N",NA,"ARFR4-SOS-AZ930-422-NAVAJO-18","#D53E4F",-110.431,36.56805,"15 - 20 Deg. F. / 6 - 12","Lats corrected 20230127","15 - 20 Deg. F.","12-Jun","15 - 20 Deg. F. / 6 - 12","15 - 20 / semi-arid","AZ.2","#ee5c42","semi-arid, warm","#D53E4F","B"
"ARFR-NM930N-66-11","black",5,61,18,6,NA,937,NA,10.4,1,NA,NA,21.3,1,NA,2,1,NA,2,1,NA,2,50.8,1,NA,2,1,NA,3,1,NA,3,1,3,1,NA,3,1,NA,NA,NA,NA,NA,NA,NA,NA,NA,"Y",NA,"N",NA,"ARFR4-SOS-NM930N-66-11","#F46D43",-107.2045028,36.76818611,"10 - 15 Deg. F. / 3 - 6","","10 - 15 Deg. F.","6-Mar","10 - 15 Deg. F. / 3 - 6","10 - 15 / semi-humid","NM.1","#66e566","semi-humid, cool","#F46D43","C"
"ARFR-AZ930-423-NAVAJO-18","black",5,62,18,7,NA,938,NA,5.5,1,NA,NA,13.5,1,NA,2,1,NA,2,1,NA,2,48,1,NA,2,1,NA,3,1,NA,3,1,3,1,NA,3,1,NA,NA,NA,NA,NA,NA,NA,NA,NA,"Y",NA,"N",NA,"ARFR4-SOS-AZ930-423-NAVAJO-18","#9E0142",-110.431,36.45877,"15 - 20 Deg. F. / 6 - 12","SdZones downloaded 20230823","15 - 20 Deg. F.","12-Jun","15 - 20 Deg. F. / 6 - 12","15 - 20 / semi-arid","AZ.1","#ee5c42","semi-arid, warm","#9E0142","A"
"ARFR-CO932-294-11","black",5,63,18,8,NA,939,NA,8,1,NA,NA,10.8,1,NA,2,1,NA,2,1,NA,2,15,1,NA,2,1,NA,2,1,NA,3,1,3,1,NA,3,1,NA,NA,NA,NA,NA,NA,NA,NA,NA,"N",NA,"N",NA,"ARFR4-SOS-CO932-294-11","#ABDDA4",-105.2030833,39.78458333,"15 - 20 Deg. F. / 3 - 6","","15 - 20 Deg. F.","6-Mar","15 - 20 Deg. F. / 3 - 6","15 - 20 / semi-humid","CO.4","#698b69","semi-humid, warm","#ABDDA4","H"
"ARFR-CO932-316-JEFFERSON-12","black",5,64,18,9,NA,940,NA,4.6,1,NA,NA,10,1,NA,2,1,NA,2,1,NA,2,21.9,1,NA,2,1,NA,2,1,NA,2,1,3,1,NA,3,1,"Initially marked as a 2 but was 3 last time. Check to resolve conflict. ",NA,NA,NA,NA,NA,NA,NA,NA,"N",NA,"N",NA,"ARFR4-SOS-CO932-316-JEFFERSON-12","#FFFF85",-105.358,39.66325,"15 - 20 Deg. F. / 3 - 6","","15 - 20 Deg. F.","6-Mar","15 - 20 Deg. F. / 3 - 6","15 - 20 / semi-humid","CO.3","#698b69","semi-humid, warm","#FFFF85","F"
"ARFR-WY050-49-FREMONT-12","black",5,65,18,10,239,941,NA,4,1,NA,NA,5.3,1,NA,2,1,NA,2,1,NA,2,8.5,1,NA,2,1,NA,2,1,NA,3,1,3,1,NA,3,1,NA,NA,NA,NA,NA,NA,NA,NA,NA,"N",NA,"N",NA,"ARFR4-SOS-WY050-49-FREMONT-12","#5E4FA2",-109.34775,43.42663611,"5 - 10 Deg. F. / 6 - 12","","5 - 10 Deg. F.","12-Jun","5 - 10 Deg. F. / 6 - 12","5 - 10 / semi-arid","WY.3","#ffb90f","semi-arid, cold","#5E4FA2","K"
"ARFR-AZ930-422-NAVAJO-18","black",5,66,18,11,NA,942,NA,NA,0,"Y","422 Navajo",7,1,NA,2,1,NA,2,1,NA,2,38.9,1,NA,2,1,NA,3,1,NA,3,1,3,1,NA,3,1,NA,NA,NA,NA,NA,NA,NA,NA,NA,"N",NA,"N",NA,"ARFR4-SOS-AZ930-422-NAVAJO-18","#D53E4F",-110.431,36.56805,"15 - 20 Deg. F. / 6 - 12","Lats corrected 20230127","15 - 20 Deg. F.","12-Jun","15 - 20 Deg. F. / 6 - 12","15 - 20 / semi-arid","AZ.2","#ee5c42","semi-arid, warm","#D53E4F","B"
"ARFR-WY050-49-FREMONT-12","black",5,67,18,12,NA,943,NA,5.5,1,NA,NA,8.9,1,NA,2,1,NA,2,1,NA,2,17.6,1,NA,2,1,NA,3,1,NA,3,1,3,1,NA,3,1,NA,NA,NA,NA,NA,NA,NA,NA,NA,"Y",NA,"N",NA,"ARFR4-SOS-WY050-49-FREMONT-12","#5E4FA2",-109.34775,43.42663611,"5 - 10 Deg. F. / 6 - 12","","5 - 10 Deg. F.","12-Jun","5 - 10 Deg. F. / 6 - 12","5 - 10 / semi-arid","WY.3","#ffb90f","semi-arid, cold","#5E4FA2","K"
"ARFR-WY050-49-FREMONT-12","black",5,68,18,13,NA,944,NA,4,1,NA,NA,9.5,1,NA,2,1,NA,2,1,NA,2,15.4,1,NA,2,1,NA,2,1,NA,2,1,2,1,NA,3,1,NA,NA,NA,NA,NA,NA,NA,NA,NA,"Y",NA,"N",NA,"ARFR4-SOS-WY050-49-FREMONT-12","#5E4FA2",-109.34775,43.42663611,"5 - 10 Deg. F. / 6 - 12","","5 - 10 Deg. F.","12-Jun","5 - 10 Deg. F. / 6 - 12","5 - 10 / semi-arid","WY.3","#ffb90f","semi-arid, cold","#5E4FA2","K"
"ARFR-CO932-316-JEFFERSON-12","black",5,69,18,14,NA,945,NA,4.3,1,NA,NA,14.6,1,NA,2,1,NA,2,1,NA,2,36.2,1,NA,2,1,NA,3,1,NA,3,1,3,1,NA,3,1,NA,NA,NA,NA,NA,NA,NA,NA,NA,"Y",NA,"N",NA,"ARFR4-SOS-CO932-316-JEFFERSON-12","#FFFF85",-105.358,39.66325,"15 - 20 Deg. F. / 3 - 6","","15 - 20 Deg. F.","6-Mar","15 - 20 Deg. F. / 3 - 6","15 - 20 / semi-humid","CO.3","#698b69","semi-humid, warm","#FFFF85","F"
"ARFR-UT080-109-UINTAH-12","black",5,70,18,15,240,946,NA,6.4,1,NA,NA,13.8,1,NA,2,1,NA,2,1,NA,2,47.7,1,NA,2,1,NA,3,1,NA,3,1,3,1,NA,3,1,NA,NA,NA,NA,NA,NA,NA,NA,NA,"N",NA,"N",NA,"ARFR4-SOS-UT080-109-UINTAH-12","#aabe7f",-109.1426444,39.70802222,"10 - 15 Deg. F. / 3 - 6","","10 - 15 Deg. F.","6-Mar","10 - 15 Deg. F. / 3 - 6","10 - 15 / semi-humid","UT.1","#66e566","semi-humid, cool","#aabe7f","G"
"ARFR-CO932-316-JEFFERSON-12","black",5,71,18,16,NA,947,NA,4.8,1,NA,NA,12,1,NA,2,1,NA,2,1,NA,2,39.5,1,NA,2,1,NA,3,1,NA,3,1,3,1,NA,3,1,NA,NA,NA,NA,NA,NA,NA,NA,NA,"Y",NA,"N",NA,"ARFR4-SOS-CO932-316-JEFFERSON-12","#FFFF85",-105.358,39.66325,"15 - 20 Deg. F. / 3 - 6","","15 - 20 Deg. F.","6-Mar","15 - 20 Deg. F. / 3 - 6","15 - 20 / semi-humid","CO.3","#698b69","semi-humid, warm","#FFFF85","F"
"ARFR-CO932-294-11","black",5,72,18,17,NA,948,NA,4.4,1,NA,NA,10.1,1,NA,2,1,NA,2,1,NA,2,36.5,1,NA,2,1,NA,3,1,NA,3,1,3,1,NA,3,1,NA,NA,NA,NA,NA,NA,NA,NA,NA,"Y",NA,"N",NA,"ARFR4-SOS-CO932-294-11","#ABDDA4",-105.2030833,39.78458333,"15 - 20 Deg. F. / 3 - 6","","15 - 20 Deg. F.","6-Mar","15 - 20 Deg. F. / 3 - 6","15 - 20 / semi-humid","CO.4","#698b69","semi-humid, warm","#ABDDA4","H"
"ARFR-CO932-294-11","black",5,73,18,18,NA,949,NA,5,1,NA,NA,11.3,1,NA,2,1,NA,2,1,NA,2,37.6,1,NA,2,1,NA,3,1,NA,3,1,3,1,NA,3,1,NA,NA,NA,NA,NA,NA,NA,NA,NA,"Y",NA,"N",NA,"ARFR4-SOS-CO932-294-11","#ABDDA4",-105.2030833,39.78458333,"15 - 20 Deg. F. / 3 - 6","","15 - 20 Deg. F.","6-Mar","15 - 20 Deg. F. / 3 - 6","15 - 20 / semi-humid","CO.4","#698b69","semi-humid, warm","#ABDDA4","H"
"ARFR-WY040-71-10","black",5,74,18,19,NA,950,NA,5.8,1,NA,NA,11.7,1,NA,2,1,NA,2,1,NA,2,25.5,1,NA,2,1,NA,3,1,NA,3,1,3,1,NA,3,1,NA,NA,NA,NA,NA,NA,NA,NA,NA,"N",NA,"N",NA,"ARFR4-SOS-WY040-71-10","#66C2A5",-109.2433156,41.13271889,"5 - 10 Deg. F. / 3 - 6","","5 - 10 Deg. F.","6-Mar","5 - 10 Deg. F. / 3 - 6","5 - 10 / semi-humid","WY.1","#a5c2f1","semi-humid, cold","#66C2A5","I"
"ARFR-WY930-44-LASANIMAS-13","black",5,75,18,20,241,951,NA,5.7,1,NA,NA,11.4,1,NA,2,1,NA,2,1,NA,2,30.7,1,NA,2,1,NA,3,1,NA,3,1,3,1,NA,3,1,NA,NA,NA,NA,NA,NA,NA,NA,NA,"Y",NA,"N",NA,"ARFR4-SOS-WY930-44-LASANIMAS-13","#FDAE61",-104.6423889,37.16547222,"15 - 20 Deg. F. / 3 - 6","","15 - 20 Deg. F.","6-Mar","15 - 20 Deg. F. / 3 - 6","15 - 20 / semi-humid","CO.1","#698b69","semi-humid, warm","#FDAE61","D"
"ARFR-CO932-314-JEFFERSON-12","black",5,76,18,21,NA,952,NA,6,1,NA,NA,11.9,1,NA,2,1,NA,2,1,NA,2,33.6,1,NA,3,1,NA,3,1,NA,3,1,3,1,NA,3,1,NA,NA,NA,NA,NA,NA,NA,NA,NA,"Y",NA,"N",NA,"ARFR4-SOS-CO932-314-JEFFERSON-12","#FEE08B",-105.3553333,39.40902778,"10 - 15 Deg. F. / 3 - 6","","10 - 15 Deg. F.","6-Mar","10 - 15 Deg. F. / 3 - 6","10 - 15 / semi-humid","CO.2","#66e566","semi-humid, cool","#FEE08B","E"
"ARFR-CO932-316-JEFFERSON-12","black",5,77,18,22,NA,953,NA,4.9,1,NA,NA,10.3,1,NA,2,1,NA,2,1,NA,2,32.8,1,NA,2,1,NA,3,1,NA,3,1,3,1,NA,3,1,NA,NA,NA,NA,NA,NA,NA,NA,NA,"Y",NA,"N",NA,"ARFR4-SOS-CO932-316-JEFFERSON-12","#FFFF85",-105.358,39.66325,"15 - 20 Deg. F. / 3 - 6","","15 - 20 Deg. F.","6-Mar","15 - 20 Deg. F. / 3 - 6","15 - 20 / semi-humid","CO.3","#698b69","semi-humid, warm","#FFFF85","F"
"ARFR-CO932-316-JEFFERSON-12","black",5,78,18,23,NA,954,NA,5,1,NA,NA,9.3,1,NA,2,1,NA,2,1,NA,2,22,1,NA,2,1,NA,3,1,NA,3,1,3,1,NA,3,1,NA,NA,NA,NA,NA,NA,NA,NA,NA,"Y",NA,"N",NA,"ARFR4-SOS-CO932-316-JEFFERSON-12","#FFFF85",-105.358,39.66325,"15 - 20 Deg. F. / 3 - 6","","15 - 20 Deg. F.","6-Mar","15 - 20 Deg. F. / 3 - 6","15 - 20 / semi-humid","CO.3","#698b69","semi-humid, warm","#FFFF85","F"
"ARFR-WY050-151-FREMONT-16","black",5,79,18,24,NA,955,NA,6.5,1,NA,NA,8.3,1,NA,2,1,NA,2,1,NA,2,9.9,1,NA,2,1,NA,2,1,NA,2,1,2,1,NA,2,1,NA,NA,NA,NA,NA,NA,NA,NA,NA,"N",NA,"N",NA,"ARFR4-SOS-WY050-151-FREMONT-16","#3288BD",-108.1704472,42.47886111,"10 - 15 Deg. F. / 6 - 12","","10 - 15 Deg. F.","12-Jun","10 - 15 Deg. F. / 6 - 12","10 - 15 / semi-arid","WY.2","#cd8500","semi-arid, cool","#3288BD","J"
"ARFR-WY040-71-10","black",5,80,18,25,242,956,NA,3.9,1,NA,NA,7.4,1,NA,2,1,NA,2,1,NA,2,12.6,1,NA,2,1,NA,3,1,NA,3,1,3,1,NA,3,1,NA,NA,NA,NA,NA,NA,NA,NA,NA,"N",NA,"N",NA,"ARFR4-SOS-WY040-71-10","#66C2A5",-109.2433156,41.13271889,"5 - 10 Deg. F. / 3 - 6","","5 - 10 Deg. F.","6-Mar","5 - 10 Deg. F. / 3 - 6","5 - 10 / semi-humid","WY.1","#a5c2f1","semi-humid, cold","#66C2A5","I"
"ARFR-NM930N-66-11","black",5,81,18,26,NA,957,NA,6.2,1,NA,NA,13.9,1,NA,2,1,NA,2,1,NA,2,49,1,NA,2,1,NA,3,1,NA,3,1,3,1,NA,3,1,NA,NA,NA,NA,NA,NA,NA,NA,NA,"Y",NA,"N",NA,"ARFR4-SOS-NM930N-66-11","#F46D43",-107.2045028,36.76818611,"10 - 15 Deg. F. / 3 - 6","","10 - 15 Deg. F.","6-Mar","10 - 15 Deg. F. / 3 - 6","10 - 15 / semi-humid","NM.1","#66e566","semi-humid, cool","#F46D43","C"
"ARFR-AZ930-423-NAVAJO-18","black",5,82,18,27,NA,958,NA,6.5,1,NA,NA,16.9,1,NA,2,1,NA,2,1,NA,2,52.3,1,NA,2,1,NA,3,1,NA,3,1,3,1,NA,3,1,NA,NA,NA,NA,NA,NA,NA,NA,NA,"Y",NA,"N",NA,"ARFR4-SOS-AZ930-423-NAVAJO-18","#9E0142",-110.431,36.45877,"15 - 20 Deg. F. / 6 - 12","SdZones downloaded 20230823","15 - 20 Deg. F.","12-Jun","15 - 20 Deg. F. / 6 - 12","15 - 20 / semi-arid","AZ.1","#ee5c42","semi-arid, warm","#9E0142","A"
"ARFR-WY050-49-FREMONT-12","black",5,83,18,28,NA,959,NA,3.8,1,NA,NA,6.6,1,NA,2,1,NA,2,1,NA,2,10.6,1,NA,2,1,NA,2,1,NA,2,1,2,1,NA,2,1,NA,NA,NA,NA,NA,NA,NA,NA,NA,"N",NA,"N",NA,"ARFR4-SOS-WY050-49-FREMONT-12","#5E4FA2",-109.34775,43.42663611,"5 - 10 Deg. F. / 6 - 12","","5 - 10 Deg. F.","12-Jun","5 - 10 Deg. F. / 6 - 12","5 - 10 / semi-arid","WY.3","#ffb90f","semi-arid, cold","#5E4FA2","K"
"ARFR-CO932-316-JEFFERSON-12","black",5,84,18,29,NA,960,NA,4.5,1,NA,NA,13.5,1,NA,2,1,NA,2,1,NA,2,42,1,NA,2,1,NA,3,1,NA,3,1,3,1,NA,3,1,NA,NA,NA,NA,NA,NA,NA,NA,NA,"Y",NA,"N",NA,"ARFR4-SOS-CO932-316-JEFFERSON-12","#FFFF85",-105.358,39.66325,"15 - 20 Deg. F. / 3 - 6","","15 - 20 Deg. F.","6-Mar","15 - 20 Deg. F. / 3 - 6","15 - 20 / semi-humid","CO.3","#698b69","semi-humid, warm","#FFFF85","F"
"ARFR-WY930-44-LASANIMAS-13","black",5,85,18,30,243,961,NA,8.5,1,NA,NA,14.7,1,NA,2,1,NA,2,1,NA,2,34,1,NA,2,1,NA,3,1,NA,3,1,3,1,NA,3,1,NA,NA,NA,NA,NA,NA,NA,NA,NA,"Y",NA,"Y",NA,"ARFR4-SOS-WY930-44-LASANIMAS-13","#FDAE61",-104.6423889,37.16547222,"15 - 20 Deg. F. / 3 - 6","","15 - 20 Deg. F.","6-Mar","15 - 20 Deg. F. / 3 - 6","15 - 20 / semi-humid","CO.1","#698b69","semi-humid, warm","#FDAE61","D"
"ARFR-AZ930-422-NAVAJO-18","black",5,86,18,31,NA,962,NA,5.2,1,NA,NA,10.5,1,NA,2,1,NA,2,1,NA,2,42.3,1,NA,2,1,NA,3,1,NA,3,1,3,1,NA,3,1,NA,NA,NA,NA,NA,NA,NA,NA,NA,"N",NA,"N",NA,"ARFR4-SOS-AZ930-422-NAVAJO-18","#D53E4F",-110.431,36.56805,"15 - 20 Deg. F. / 6 - 12","Lats corrected 20230127","15 - 20 Deg. F.","12-Jun","15 - 20 Deg. F. / 6 - 12","15 - 20 / semi-arid","AZ.2","#ee5c42","semi-arid, warm","#D53E4F","B"
"ARFR-WY930-44-LASANIMAS-13","black",5,87,18,32,NA,963,NA,6,1,NA,NA,10,1,NA,2,1,NA,2,1,NA,2,18.8,1,NA,2,1,NA,2,1,NA,3,1,3,1,NA,3,1,NA,NA,NA,NA,NA,NA,NA,NA,NA,"Y",NA,"N",NA,"ARFR4-SOS-WY930-44-LASANIMAS-13","#FDAE61",-104.6423889,37.16547222,"15 - 20 Deg. F. / 3 - 6","","15 - 20 Deg. F.","6-Mar","15 - 20 Deg. F. / 3 - 6","15 - 20 / semi-humid","CO.1","#698b69","semi-humid, warm","#FDAE61","D"
"ARFR-WY050-49-FREMONT-12","black",5,88,18,33,NA,964,NA,4.4,1,NA,NA,5.4,1,NA,2,1,NA,2,1,NA,2,11.7,1,NA,2,1,NA,3,1,NA,3,1,3,1,NA,3,1,NA,NA,NA,NA,NA,NA,NA,NA,NA,"N",NA,"N",NA,"ARFR4-SOS-WY050-49-FREMONT-12","#5E4FA2",-109.34775,43.42663611,"5 - 10 Deg. F. / 6 - 12","","5 - 10 Deg. F.","12-Jun","5 - 10 Deg. F. / 6 - 12","5 - 10 / semi-arid","WY.3","#ffb90f","semi-arid, cold","#5E4FA2","K"
"ARFR-UT080-109-UINTAH-12","black",5,89,18,34,NA,965,NA,6,1,NA,NA,11.8,1,NA,2,1,NA,2,1,NA,2,29,1,NA,2,1,NA,3,1,NA,3,1,3,1,NA,3,1,NA,NA,NA,NA,NA,NA,NA,NA,NA,"Y",NA,"N",NA,"ARFR4-SOS-UT080-109-UINTAH-12","#aabe7f",-109.1426444,39.70802222,"10 - 15 Deg. F. / 3 - 6","","10 - 15 Deg. F.","6-Mar","10 - 15 Deg. F. / 3 - 6","10 - 15 / semi-humid","UT.1","#66e566","semi-humid, cool","#aabe7f","G"
"ARFR-WY040-71-10","black",5,90,18,35,244,966,NA,5.5,1,NA,NA,8.1,1,NA,2,1,NA,2,1,NA,2,14.5,1,NA,2,1,NA,2,1,NA,2,1,2,1,NA,2,1,NA,NA,NA,NA,NA,NA,NA,NA,NA,"Y",NA,"N",NA,"ARFR4-SOS-WY040-71-10","#66C2A5",-109.2433156,41.13271889,"5 - 10 Deg. F. / 3 - 6","","5 - 10 Deg. F.","6-Mar","5 - 10 Deg. F. / 3 - 6","5 - 10 / semi-humid","WY.1","#a5c2f1","semi-humid, cold","#66C2A5","I"
"ARFR-NM930N-66-11","black",5,91,18,36,NA,967,NA,7.2,1,NA,NA,14.2,1,NA,2,1,NA,2,1,NA,2,47.4,1,NA,2,1,NA,3,1,NA,3,1,3,1,NA,3,1,NA,NA,NA,NA,NA,NA,NA,NA,NA,"Y",NA,"N",NA,"ARFR4-SOS-NM930N-66-11","#F46D43",-107.2045028,36.76818611,"10 - 15 Deg. F. / 3 - 6","","10 - 15 Deg. F.","6-Mar","10 - 15 Deg. F. / 3 - 6","10 - 15 / semi-humid","NM.1","#66e566","semi-humid, cool","#F46D43","C"
"ARFR-WY050-49-FREMONT-12","black",5,92,18,37,NA,968,NA,4.5,1,NA,NA,6.3,1,NA,2,1,NA,2,1,NA,2,15.7,1,NA,2,1,NA,2,1,NA,3,1,3,1,NA,3,1,NA,NA,NA,NA,NA,NA,NA,NA,NA,"Y",NA,"N",NA,"ARFR4-SOS-WY050-49-FREMONT-12","#5E4FA2",-109.34775,43.42663611,"5 - 10 Deg. F. / 6 - 12","","5 - 10 Deg. F.","12-Jun","5 - 10 Deg. F. / 6 - 12","5 - 10 / semi-arid","WY.3","#ffb90f","semi-arid, cold","#5E4FA2","K"
"ARFR-CO932-314-JEFFERSON-12","black",5,93,18,38,NA,969,NA,5.6,1,NA,NA,10.2,1,NA,2,1,NA,2,1,NA,2,40.1,1,NA,2,1,NA,3,1,NA,3,1,3,1,NA,3,1,NA,NA,NA,NA,NA,NA,NA,NA,NA,"Y",NA,"N",NA,"ARFR4-SOS-CO932-314-JEFFERSON-12","#FEE08B",-105.3553333,39.40902778,"10 - 15 Deg. F. / 3 - 6","","10 - 15 Deg. F.","6-Mar","10 - 15 Deg. F. / 3 - 6","10 - 15 / semi-humid","CO.2","#66e566","semi-humid, cool","#FEE08B","E"
"ARFR-WY930-44-LASANIMAS-13","black",5,94,18,39,NA,970,NA,5.4,1,NA,NA,13,1,NA,2,1,NA,2,1,NA,2,39,1,NA,2,1,NA,3,1,NA,3,1,3,1,NA,3,1,NA,NA,NA,NA,NA,NA,NA,NA,NA,"Y",NA,"N",NA,"ARFR4-SOS-WY930-44-LASANIMAS-13","#FDAE61",-104.6423889,37.16547222,"15 - 20 Deg. F. / 3 - 6","","15 - 20 Deg. F.","6-Mar","15 - 20 Deg. F. / 3 - 6","15 - 20 / semi-humid","CO.1","#698b69","semi-humid, warm","#FDAE61","D"
"ARFR-CO932-316-JEFFERSON-12","black",5,95,18,40,245,971,NA,2.1,1,NA,NA,7.8,1,NA,2,1,NA,2,1,NA,2,26.6,1,NA,2,1,NA,3,1,NA,3,1,3,1,NA,3,1,NA,NA,NA,NA,NA,NA,NA,NA,NA,"N",NA,"N",NA,"ARFR4-SOS-CO932-316-JEFFERSON-12","#FFFF85",-105.358,39.66325,"15 - 20 Deg. F. / 3 - 6","","15 - 20 Deg. F.","6-Mar","15 - 20 Deg. F. / 3 - 6","15 - 20 / semi-humid","CO.3","#698b69","semi-humid, warm","#FFFF85","F"
"ARFR-WY050-151-FREMONT-16","black",5,96,18,41,NA,972,NA,4,1,NA,NA,4.5,1,NA,2,1,NA,2,1,NA,2,5.6,1,NA,2,1,NA,2,1,NA,2,1,2,1,NA,2,1,NA,NA,NA,NA,NA,NA,NA,NA,NA,"N",NA,"N",NA,"ARFR4-SOS-WY050-151-FREMONT-16","#3288BD",-108.1704472,42.47886111,"10 - 15 Deg. F. / 6 - 12","","10 - 15 Deg. F.","12-Jun","10 - 15 Deg. F. / 6 - 12","10 - 15 / semi-arid","WY.2","#cd8500","semi-arid, cool","#3288BD","J"
"ARFR-WY050-151-FREMONT-16","black",5,97,18,42,NA,973,NA,4.4,1,NA,NA,6.9,1,NA,2,1,NA,2,1,NA,2,9.7,1,NA,2,1,NA,2,1,NA,2,1,2,1,NA,2,1,NA,NA,NA,NA,NA,NA,NA,NA,NA,"N",NA,"N",NA,"ARFR4-SOS-WY050-151-FREMONT-16","#3288BD",-108.1704472,42.47886111,"10 - 15 Deg. F. / 6 - 12","","10 - 15 Deg. F.","12-Jun","10 - 15 Deg. F. / 6 - 12","10 - 15 / semi-arid","WY.2","#cd8500","semi-arid, cool","#3288BD","J"
"ARFR-WY050-49-FREMONT-12","black",5,98,18,43,NA,974,NA,6.5,1,NA,NA,6.1,1,NA,2,1,NA,2,1,NA,2,10,1,NA,2,1,NA,2,1,NA,2,1,2,1,NA,2,1,NA,NA,NA,NA,NA,NA,NA,NA,NA,"Y",NA,"N",NA,"ARFR4-SOS-WY050-49-FREMONT-12","#5E4FA2",-109.34775,43.42663611,"5 - 10 Deg. F. / 6 - 12","","5 - 10 Deg. F.","12-Jun","5 - 10 Deg. F. / 6 - 12","5 - 10 / semi-arid","WY.3","#ffb90f","semi-arid, cold","#5E4FA2","K"
"ARFR-WY050-151-FREMONT-16","black",5,99,18,44,NA,975,NA,5.5,1,NA,NA,7.7,1,NA,2,1,NA,2,1,NA,2,11.6,1,NA,2,1,NA,2,1,NA,2,1,2,1,NA,2,1,NA,NA,NA,NA,NA,NA,NA,NA,NA,"Y",NA,"N",NA,"ARFR4-SOS-WY050-151-FREMONT-16","#3288BD",-108.1704472,42.47886111,"10 - 15 Deg. F. / 6 - 12","","10 - 15 Deg. F.","12-Jun","10 - 15 Deg. F. / 6 - 12","10 - 15 / semi-arid","WY.2","#cd8500","semi-arid, cool","#3288BD","J"
"ARFR-AZ930-423-NAVAJO-18","black",5,100,18,45,246,976,NA,3.4,1,NA,NA,8.3,1,NA,2,1,NA,2,1,NA,2,32.5,1,NA,2,1,NA,3,1,NA,3,1,3,1,NA,3,1,NA,NA,NA,NA,NA,NA,NA,NA,NA,"Y",NA,"N",NA,"ARFR4-SOS-AZ930-423-NAVAJO-18","#9E0142",-110.431,36.45877,"15 - 20 Deg. F. / 6 - 12","SdZones downloaded 20230823","15 - 20 Deg. F.","12-Jun","15 - 20 Deg. F. / 6 - 12","15 - 20 / semi-arid","AZ.1","#ee5c42","semi-arid, warm","#9E0142","A"
"ARFR-CO932-314-JEFFERSON-12","black",5,101,18,46,NA,977,NA,2.7,1,NA,NA,4.5,1,NA,2,1,NA,2,1,NA,2,18.9,1,NA,2,1,NA,3,1,NA,3,1,3,1,NA,3,1,NA,NA,NA,NA,NA,NA,NA,NA,NA,"N",NA,"N",NA,"ARFR4-SOS-CO932-314-JEFFERSON-12","#FEE08B",-105.3553333,39.40902778,"10 - 15 Deg. F. / 3 - 6","","10 - 15 Deg. F.","6-Mar","10 - 15 Deg. F. / 3 - 6","10 - 15 / semi-humid","CO.2","#66e566","semi-humid, cool","#FEE08B","E"
"ARFR-CO932-294-11","black",5,102,18,47,NA,978,NA,5.3,1,NA,NA,8.8,1,NA,2,1,NA,2,1,NA,2,24.8,1,NA,2,1,NA,3,1,NA,3,1,3,1,NA,3,1,NA,NA,NA,NA,NA,NA,NA,NA,NA,"Y",NA,"N",NA,"ARFR4-SOS-CO932-294-11","#ABDDA4",-105.2030833,39.78458333,"15 - 20 Deg. F. / 3 - 6","","15 - 20 Deg. F.","6-Mar","15 - 20 Deg. F. / 3 - 6","15 - 20 / semi-humid","CO.4","#698b69","semi-humid, warm","#ABDDA4","H"
"ARFR-AZ930-423-NAVAJO-18","black",5,103,18,48,NA,979,NA,6,1,NA,NA,10.9,1,NA,2,1,NA,2,1,NA,2,33.3,1,NA,2,1,NA,3,1,NA,3,1,3,1,NA,3,1,NA,"Yes",NA,130.6,NA,"L",98.622,47.07,40.11,"Y",NA,"N",NA,"ARFR4-SOS-AZ930-423-NAVAJO-18","#9E0142",-110.431,36.45877,"15 - 20 Deg. F. / 6 - 12","SdZones downloaded 20230823","15 - 20 Deg. F.","12-Jun","15 - 20 Deg. F. / 6 - 12","15 - 20 / semi-arid","AZ.1","#ee5c42","semi-arid, warm","#9E0142","A"
"ARFR-WY050-151-FREMONT-16","black",5,104,18,49,NA,980,NA,3.6,1,NA,NA,7.4,1,NA,2,1,NA,2,1,NA,2,10.5,1,NA,2,1,NA,2,1,NA,2,1,2,1,NA,2,1,NA,NA,NA,NA,NA,NA,NA,NA,NA,"Y",NA,"N",NA,"ARFR4-SOS-WY050-151-FREMONT-16","#3288BD",-108.1704472,42.47886111,"10 - 15 Deg. F. / 6 - 12","","10 - 15 Deg. F.","12-Jun","10 - 15 Deg. F. / 6 - 12","10 - 15 / semi-arid","WY.2","#cd8500","semi-arid, cool","#3288BD","J"
"ARFR-WY930-44-LASANIMAS-13","black",5,105,18,50,247,981,NA,5,1,NA,NA,9.9,1,NA,2,1,NA,2,1,NA,2,22.6,1,NA,2,1,NA,2,1,NA,3,1,3,1,NA,3,1,NA,NA,NA,NA,NA,NA,NA,NA,NA,"Y",NA,"N",NA,"ARFR4-SOS-WY930-44-LASANIMAS-13","#FDAE61",-104.6423889,37.16547222,"15 - 20 Deg. F. / 3 - 6","","15 - 20 Deg. F.","6-Mar","15 - 20 Deg. F. / 3 - 6","15 - 20 / semi-humid","CO.1","#698b69","semi-humid, warm","#FDAE61","D"
"ARFR-WY040-71-10","black",5,106,18,51,NA,982,NA,5.7,1,NA,NA,7.3,1,NA,2,1,NA,2,1,NA,2,17.4,1,NA,2,1,NA,2,1,NA,2,1,2,1,NA,2,1,NA,NA,NA,NA,NA,NA,NA,NA,NA,"N",NA,"N",NA,"ARFR4-SOS-WY040-71-10","#66C2A5",-109.2433156,41.13271889,"5 - 10 Deg. F. / 3 - 6","","5 - 10 Deg. F.","6-Mar","5 - 10 Deg. F. / 3 - 6","5 - 10 / semi-humid","WY.1","#a5c2f1","semi-humid, cold","#66C2A5","I"
"ARFR-AZ930-423-NAVAJO-18","black",5,107,18,52,NA,983,NA,6.5,1,NA,NA,13.1,1,NA,2,1,NA,2,1,NA,2,40.5,1,NA,2,1,NA,3,1,NA,3,1,3,1,NA,3,1,NA,NA,NA,NA,NA,NA,NA,NA,NA,"Y",NA,"N",NA,"ARFR4-SOS-AZ930-423-NAVAJO-18","#9E0142",-110.431,36.45877,"15 - 20 Deg. F. / 6 - 12","SdZones downloaded 20230823","15 - 20 Deg. F.","12-Jun","15 - 20 Deg. F. / 6 - 12","15 - 20 / semi-arid","AZ.1","#ee5c42","semi-arid, warm","#9E0142","A"
"ARFR-CO932-314-JEFFERSON-12","black",5,108,18,53,NA,984,NA,6,1,NA,NA,10.3,1,NA,2,1,NA,2,1,NA,2,21.1,1,NA,2,1,NA,3,1,NA,3,1,3,1,NA,3,1,NA,NA,NA,NA,NA,NA,NA,NA,NA,"Y",NA,"N",NA,"ARFR4-SOS-CO932-314-JEFFERSON-12","#FEE08B",-105.3553333,39.40902778,"10 - 15 Deg. F. / 3 - 6","","10 - 15 Deg. F.","6-Mar","10 - 15 Deg. F. / 3 - 6","10 - 15 / semi-humid","CO.2","#66e566","semi-humid, cool","#FEE08B","E"
"ARFR-UT080-109-UINTAH-12","black",5,109,18,54,NA,985,NA,5.2,1,NA,NA,9.4,1,NA,2,1,NA,2,1,NA,2,46.7,1,NA,2,1,NA,3,1,NA,3,1,3,1,NA,3,1,NA,NA,NA,NA,NA,NA,NA,NA,NA,"Y",NA,"N",NA,"ARFR4-SOS-UT080-109-UINTAH-12","#aabe7f",-109.1426444,39.70802222,"10 - 15 Deg. F. / 3 - 6","","10 - 15 Deg. F.","6-Mar","10 - 15 Deg. F. / 3 - 6","10 - 15 / semi-humid","UT.1","#66e566","semi-humid, cool","#aabe7f","G"
"ARFR-AZ930-422-NAVAJO-18","black",5,110,18,55,248,986,NA,5.4,1,NA,NA,12,1,NA,2,1,NA,2,1,NA,2,53.3,1,NA,3,1,NA,3,1,NA,3,1,3,1,NA,3,1,NA,NA,NA,NA,NA,NA,NA,NA,NA,"Y",NA,"N",NA,"ARFR4-SOS-AZ930-422-NAVAJO-18","#D53E4F",-110.431,36.56805,"15 - 20 Deg. F. / 6 - 12","Lats corrected 20230127","15 - 20 Deg. F.","12-Jun","15 - 20 Deg. F. / 6 - 12","15 - 20 / semi-arid","AZ.2","#ee5c42","semi-arid, warm","#D53E4F","B"
"ARFR-WY930-44-LASANIMAS-13","black",5,111,19,1,249,987,NA,2.5,1,NA,NA,10.7,1,NA,2,1,NA,2,1,NA,2,15.1,1,NA,2,1,NA,3,1,NA,3,1,3,1,NA,3,1,NA,NA,NA,NA,NA,NA,NA,NA,NA,"Y",NA,"N",NA,"ARFR4-SOS-WY930-44-LASANIMAS-13","#FDAE61",-104.6423889,37.16547222,"15 - 20 Deg. F. / 3 - 6","","15 - 20 Deg. F.","6-Mar","15 - 20 Deg. F. / 3 - 6","15 - 20 / semi-humid","CO.1","#698b69","semi-humid, warm","#FDAE61","D"
"ARFR-WY930-44-LASANIMAS-13","black",5,112,19,2,NA,988,NA,6.2,1,NA,NA,13.8,1,NA,2,1,NA,2,1,NA,2,31.1,1,NA,2,1,NA,2,1,NA,3,1,3,1,NA,3,1,NA,NA,NA,NA,NA,NA,NA,NA,NA,"Y",NA,"N",NA,"ARFR4-SOS-WY930-44-LASANIMAS-13","#FDAE61",-104.6423889,37.16547222,"15 - 20 Deg. F. / 3 - 6","","15 - 20 Deg. F.","6-Mar","15 - 20 Deg. F. / 3 - 6","15 - 20 / semi-humid","CO.1","#698b69","semi-humid, warm","#FDAE61","D"
"ARFR-CO932-294-11","black",5,113,19,3,NA,989,NA,4.5,1,NA,NA,9.6,1,NA,2,1,NA,2,1,NA,2,23.7,1,NA,2,1,NA,3,1,NA,3,1,3,1,NA,3,1,NA,NA,NA,NA,NA,NA,NA,NA,NA,"Y",NA,"N",NA,"ARFR4-SOS-CO932-294-11","#ABDDA4",-105.2030833,39.78458333,"15 - 20 Deg. F. / 3 - 6","","15 - 20 Deg. F.","6-Mar","15 - 20 Deg. F. / 3 - 6","15 - 20 / semi-humid","CO.4","#698b69","semi-humid, warm","#ABDDA4","H"
"ARFR-NM930N-66-11","black",5,114,19,4,NA,990,NA,5.6,1,NA,NA,18,1,NA,2,1,NA,2,1,NA,2,49.2,1,NA,2,1,NA,3,1,NA,3,1,3,1,NA,3,1,NA,NA,NA,NA,NA,NA,NA,NA,NA,"Y",NA,"N",NA,"ARFR4-SOS-NM930N-66-11","#F46D43",-107.2045028,36.76818611,"10 - 15 Deg. F. / 3 - 6","","10 - 15 Deg. F.","6-Mar","10 - 15 Deg. F. / 3 - 6","10 - 15 / semi-humid","NM.1","#66e566","semi-humid, cool","#F46D43","C"
"ARFR-WY040-71-10","black",5,115,19,5,250,991,NA,5.7,1,NA,NA,8.3,1,NA,2,1,NA,2,1,NA,2,10.9,1,NA,2,1,NA,2,1,NA,2,1,2,1,NA,2,1,NA,NA,NA,NA,NA,NA,NA,NA,NA,"N",NA,"N",NA,"ARFR4-SOS-WY040-71-10","#66C2A5",-109.2433156,41.13271889,"5 - 10 Deg. F. / 3 - 6","","5 - 10 Deg. F.","6-Mar","5 - 10 Deg. F. / 3 - 6","5 - 10 / semi-humid","WY.1","#a5c2f1","semi-humid, cold","#66C2A5","I"
"ARFR-AZ930-422-NAVAJO-18","black",5,116,19,6,NA,992,NA,3.5,1,NA,NA,12.2,1,NA,2,1,NA,2,1,NA,2,46.9,1,NA,2,1,NA,3,1,NA,3,1,3,1,NA,3,1,NA,NA,NA,NA,NA,NA,NA,NA,NA,"Y",NA,"N",NA,"ARFR4-SOS-AZ930-422-NAVAJO-18","#D53E4F",-110.431,36.56805,"15 - 20 Deg. F. / 6 - 12","Lats corrected 20230127","15 - 20 Deg. F.","12-Jun","15 - 20 Deg. F. / 6 - 12","15 - 20 / semi-arid","AZ.2","#ee5c42","semi-arid, warm","#D53E4F","B"
"ARFR-CO932-316-JEFFERSON-12","black",5,117,19,7,NA,993,NA,4.5,1,NA,NA,10.6,1,NA,2,1,NA,2,1,NA,2,26.5,1,NA,2,1,NA,3,1,NA,3,1,3,1,NA,3,1,NA,NA,NA,NA,NA,NA,NA,NA,NA,"Y",NA,"N",NA,"ARFR4-SOS-CO932-316-JEFFERSON-12","#FFFF85",-105.358,39.66325,"15 - 20 Deg. F. / 3 - 6","","15 - 20 Deg. F.","6-Mar","15 - 20 Deg. F. / 3 - 6","15 - 20 / semi-humid","CO.3","#698b69","semi-humid, warm","#FFFF85","F"
"ARFR-UT080-109-UINTAH-12","black",5,118,19,8,NA,994,NA,4.6,1,NA,NA,10.2,1,NA,2,1,NA,2,1,NA,2,49.2,1,NA,2,1,NA,3,1,NA,3,1,3,1,NA,3,1,NA,NA,NA,NA,NA,NA,NA,NA,NA,"Y",NA,"N",NA,"ARFR4-SOS-UT080-109-UINTAH-12","#aabe7f",-109.1426444,39.70802222,"10 - 15 Deg. F. / 3 - 6","","10 - 15 Deg. F.","6-Mar","10 - 15 Deg. F. / 3 - 6","10 - 15 / semi-humid","UT.1","#66e566","semi-humid, cool","#aabe7f","G"
"ARFR-AZ930-422-NAVAJO-18","black",5,119,19,9,NA,995,NA,4.6,1,NA,NA,15.7,1,NA,2,1,NA,2,1,NA,2,43,1,NA,2,1,NA,3,1,NA,3,1,3,1,NA,3,1,NA,NA,NA,NA,NA,NA,NA,NA,NA,"Y",NA,"N",NA,"ARFR4-SOS-AZ930-422-NAVAJO-18","#D53E4F",-110.431,36.56805,"15 - 20 Deg. F. / 6 - 12","Lats corrected 20230127","15 - 20 Deg. F.","12-Jun","15 - 20 Deg. F. / 6 - 12","15 - 20 / semi-arid","AZ.2","#ee5c42","semi-arid, warm","#D53E4F","B"
"ARFR-WY050-151-FREMONT-16","black",5,120,19,10,251,996,NA,4.7,1,NA,NA,6.2,1,NA,2,1,NA,2,1,NA,2,11,1,NA,2,1,NA,3,1,NA,3,1,3,1,NA,3,1,NA,NA,NA,NA,NA,NA,NA,NA,NA,"N",NA,"N",NA,"ARFR4-SOS-WY050-151-FREMONT-16","#3288BD",-108.1704472,42.47886111,"10 - 15 Deg. F. / 6 - 12","","10 - 15 Deg. F.","12-Jun","10 - 15 Deg. F. / 6 - 12","10 - 15 / semi-arid","WY.2","#cd8500","semi-arid, cool","#3288BD","J"
"ARFR-AZ930-422-NAVAJO-18","black",5,121,19,11,NA,997,NA,4,1,NA,NA,12.9,1,NA,2,1,NA,2,1,NA,2,44.2,1,NA,3,1,NA,3,1,NA,3,1,3,1,NA,3,1,NA,NA,NA,NA,NA,NA,NA,NA,NA,"Y",NA,"N",NA,"ARFR4-SOS-AZ930-422-NAVAJO-18","#D53E4F",-110.431,36.56805,"15 - 20 Deg. F. / 6 - 12","Lats corrected 20230127","15 - 20 Deg. F.","12-Jun","15 - 20 Deg. F. / 6 - 12","15 - 20 / semi-arid","AZ.2","#ee5c42","semi-arid, warm","#D53E4F","B"
"ARFR-WY050-151-FREMONT-16","black",5,122,19,12,NA,998,NA,5.3,1,NA,NA,7.5,1,NA,2,1,NA,2,1,NA,2,23,1,NA,2,1,NA,3,1,NA,3,1,3,1,NA,3,1,NA,NA,NA,NA,NA,NA,NA,NA,NA,"Y",NA,"N",NA,"ARFR4-SOS-WY050-151-FREMONT-16","#3288BD",-108.1704472,42.47886111,"10 - 15 Deg. F. / 6 - 12","","10 - 15 Deg. F.","12-Jun","10 - 15 Deg. F. / 6 - 12","10 - 15 / semi-arid","WY.2","#cd8500","semi-arid, cool","#3288BD","J"
"ARFR-CO932-314-JEFFERSON-12","black",5,123,19,13,NA,999,NA,2.5,1,NA,NA,6.7,1,NA,2,1,NA,2,1,NA,2,31.1,1,NA,2,1,NA,3,1,NA,3,1,3,1,NA,3,1,NA,NA,NA,NA,NA,NA,NA,NA,NA,"Y",NA,"N",NA,"ARFR4-SOS-CO932-314-JEFFERSON-12","#FEE08B",-105.3553333,39.40902778,"10 - 15 Deg. F. / 3 - 6","","10 - 15 Deg. F.","6-Mar","10 - 15 Deg. F. / 3 - 6","10 - 15 / semi-humid","CO.2","#66e566","semi-humid, cool","#FEE08B","E"
"ARFR-AZ930-423-NAVAJO-18","black",5,124,19,14,NA,1000,NA,5.8,1,NA,NA,7.8,1,NA,2,1,NA,2,1,NA,2,41.4,1,NA,2,1,NA,3,1,NA,3,1,3,1,NA,3,1,NA,NA,NA,NA,NA,NA,NA,NA,NA,"Y",NA,"N",NA,"ARFR4-SOS-AZ930-423-NAVAJO-18","#9E0142",-110.431,36.45877,"15 - 20 Deg. F. / 6 - 12","SdZones downloaded 20230823","15 - 20 Deg. F.","12-Jun","15 - 20 Deg. F. / 6 - 12","15 - 20 / semi-arid","AZ.1","#ee5c42","semi-arid, warm","#9E0142","A"
"ARFR-CO932-294-11","black",5,125,19,15,252,1001,NA,4.6,1,NA,NA,9,1,NA,2,1,NA,2,1,NA,2,18.7,1,NA,2,1,NA,3,1,NA,3,1,3,1,NA,3,1,NA,NA,NA,NA,NA,NA,NA,NA,NA,"Y",NA,"N",NA,"ARFR4-SOS-CO932-294-11","#ABDDA4",-105.2030833,39.78458333,"15 - 20 Deg. F. / 3 - 6","","15 - 20 Deg. F.","6-Mar","15 - 20 Deg. F. / 3 - 6","15 - 20 / semi-humid","CO.4","#698b69","semi-humid, warm","#ABDDA4","H"
"ARFR-NM930N-66-11","black",5,126,19,16,NA,1002,NA,6.3,1,NA,NA,NA,0,NA,NA,0,NA,NA,0,NA,NA,NA,0,NA,NA,0,NA,NA,0,NA,NA,0,NA,0,"maked as alive and phenology 3. Assume this was an error?",NA,0,NA,NA,NA,NA,NA,NA,NA,NA,NA,"N",NA,"N",NA,"ARFR4-SOS-NM930N-66-11","#F46D43",-107.2045028,36.76818611,"10 - 15 Deg. F. / 3 - 6","","10 - 15 Deg. F.","6-Mar","10 - 15 Deg. F. / 3 - 6","10 - 15 / semi-humid","NM.1","#66e566","semi-humid, cool","#F46D43","C"
"ARFR-CO932-314-JEFFERSON-12","black",5,127,19,17,NA,1003,NA,5.9,1,NA,NA,10.9,1,NA,NA,1,NA,NA,1,NA,2,46.6,1,NA,2,1,NA,3,1,NA,3,1,3,1,NA,3,1,NA,NA,NA,NA,NA,NA,NA,NA,NA,"Y",NA,"N",NA,"ARFR4-SOS-CO932-314-JEFFERSON-12","#FEE08B",-105.3553333,39.40902778,"10 - 15 Deg. F. / 3 - 6","","10 - 15 Deg. F.","6-Mar","10 - 15 Deg. F. / 3 - 6","10 - 15 / semi-humid","CO.2","#66e566","semi-humid, cool","#FEE08B","E"
"ARFR-CO932-316-JEFFERSON-12","black",5,128,19,18,NA,1004,NA,5.6,1,NA,NA,14,1,NA,2,1,NA,2,1,NA,2,44.5,1,NA,2,1,NA,3,1,NA,3,1,3,1,NA,3,1,NA,NA,NA,NA,NA,NA,NA,NA,NA,"Y",NA,"N",NA,"ARFR4-SOS-CO932-316-JEFFERSON-12","#FFFF85",-105.358,39.66325,"15 - 20 Deg. F. / 3 - 6","","15 - 20 Deg. F.","6-Mar","15 - 20 Deg. F. / 3 - 6","15 - 20 / semi-humid","CO.3","#698b69","semi-humid, warm","#FFFF85","F"
"ARFR-AZ930-423-NAVAJO-18","black",5,129,19,19,NA,1005,NA,5.9,1,NA,NA,13.8,1,NA,2,1,NA,2,1,NA,2,41.1,1,NA,3,1,NA,3,1,NA,3,1,3,1,NA,3,1,NA,NA,NA,NA,NA,NA,NA,NA,NA,"Y",NA,"N",NA,"ARFR4-SOS-AZ930-423-NAVAJO-18","#9E0142",-110.431,36.45877,"15 - 20 Deg. F. / 6 - 12","SdZones downloaded 20230823","15 - 20 Deg. F.","12-Jun","15 - 20 Deg. F. / 6 - 12","15 - 20 / semi-arid","AZ.1","#ee5c42","semi-arid, warm","#9E0142","A"
"ARFR-NM930N-66-11","black",5,130,19,20,253,1006,NA,5.9,1,NA,NA,12,1,NA,2,1,NA,2,1,NA,2,27,1,NA,2,1,NA,3,1,NA,3,1,3,1,NA,3,1,NA,NA,NA,NA,NA,NA,NA,NA,NA,"Y",NA,"N",NA,"ARFR4-SOS-NM930N-66-11","#F46D43",-107.2045028,36.76818611,"10 - 15 Deg. F. / 3 - 6","","10 - 15 Deg. F.","6-Mar","10 - 15 Deg. F. / 3 - 6","10 - 15 / semi-humid","NM.1","#66e566","semi-humid, cool","#F46D43","C"
"ARFR-WY930-44-LASANIMAS-13","black",5,131,19,21,NA,1007,NA,4.8,1,NA,NA,11.5,1,NA,2,1,NA,2,1,NA,2,32,1,NA,2,1,NA,3,1,NA,3,1,3,1,NA,3,1,NA,NA,NA,NA,NA,NA,NA,NA,NA,"Y",NA,"N",NA,"ARFR4-SOS-WY930-44-LASANIMAS-13","#FDAE61",-104.6423889,37.16547222,"15 - 20 Deg. F. / 3 - 6","","15 - 20 Deg. F.","6-Mar","15 - 20 Deg. F. / 3 - 6","15 - 20 / semi-humid","CO.1","#698b69","semi-humid, warm","#FDAE61","D"
"ARFR-WY040-71-10","black",5,132,19,22,NA,1008,NA,8.2,1,NA,NA,3.2,1,NA,2,1,NA,2,1,NA,2,34.5,1,NA,3,1,NA,3,1,NA,3,1,3,1,NA,3,1,NA,NA,NA,NA,NA,NA,NA,NA,NA,"Y",NA,"N",NA,"ARFR4-SOS-WY040-71-10","#66C2A5",-109.2433156,41.13271889,"5 - 10 Deg. F. / 3 - 6","","5 - 10 Deg. F.","6-Mar","5 - 10 Deg. F. / 3 - 6","5 - 10 / semi-humid","WY.1","#a5c2f1","semi-humid, cold","#66C2A5","I"
"ARFR-WY050-49-FREMONT-12","black",5,133,19,23,NA,1009,NA,5,1,NA,NA,8.9,1,NA,2,1,NA,2,1,NA,2,10.5,1,NA,2,1,NA,2,1,NA,2,1,2,1,NA,2,1,NA,NA,NA,NA,NA,NA,NA,NA,NA,"N",NA,"N",NA,"ARFR4-SOS-WY050-49-FREMONT-12","#5E4FA2",-109.34775,43.42663611,"5 - 10 Deg. F. / 6 - 12","","5 - 10 Deg. F.","12-Jun","5 - 10 Deg. F. / 6 - 12","5 - 10 / semi-arid","WY.3","#ffb90f","semi-arid, cold","#5E4FA2","K"
"ARFR-AZ930-422-NAVAJO-18","black",5,134,19,24,NA,1010,NA,6.5,1,NA,NA,11.1,1,NA,2,1,NA,2,1,NA,2,42,1,NA,2,1,NA,3,1,NA,3,1,3,1,NA,3,1,NA,NA,NA,NA,NA,NA,NA,NA,NA,"Y",NA,"N",NA,"ARFR4-SOS-AZ930-422-NAVAJO-18","#D53E4F",-110.431,36.56805,"15 - 20 Deg. F. / 6 - 12","Lats corrected 20230127","15 - 20 Deg. F.","12-Jun","15 - 20 Deg. F. / 6 - 12","15 - 20 / semi-arid","AZ.2","#ee5c42","semi-arid, warm","#D53E4F","B"
"ARFR-AZ930-422-NAVAJO-18","black",5,135,19,25,254,1011,NA,6.5,1,NA,NA,11.2,1,NA,2,1,NA,2,1,NA,2,35,1,NA,2,1,NA,3,1,NA,3,1,3,1,NA,3,1,NA,NA,NA,NA,NA,NA,NA,NA,NA,"Y",NA,"N",NA,"ARFR4-SOS-AZ930-422-NAVAJO-18","#D53E4F",-110.431,36.56805,"15 - 20 Deg. F. / 6 - 12","Lats corrected 20230127","15 - 20 Deg. F.","12-Jun","15 - 20 Deg. F. / 6 - 12","15 - 20 / semi-arid","AZ.2","#ee5c42","semi-arid, warm","#D53E4F","B"
"ARFR-UT080-109-UINTAH-12","black",5,136,19,26,NA,1012,NA,5.2,1,NA,NA,12.6,1,NA,2,1,NA,2,1,NA,2,40.5,1,NA,2,1,NA,3,1,NA,3,1,3,1,NA,3,1,NA,NA,NA,NA,NA,NA,NA,NA,NA,"Y",NA,"N",NA,"ARFR4-SOS-UT080-109-UINTAH-12","#aabe7f",-109.1426444,39.70802222,"10 - 15 Deg. F. / 3 - 6","","10 - 15 Deg. F.","6-Mar","10 - 15 Deg. F. / 3 - 6","10 - 15 / semi-humid","UT.1","#66e566","semi-humid, cool","#aabe7f","G"
"ARFR-NM930N-66-11","black",5,137,19,27,NA,1013,NA,7,1,NA,NA,11,1,NA,2,1,NA,2,1,NA,2,39,1,NA,2,1,NA,3,1,NA,3,1,3,1,NA,3,1,NA,NA,NA,NA,NA,NA,NA,NA,NA,"Y",NA,"N",NA,"ARFR4-SOS-NM930N-66-11","#F46D43",-107.2045028,36.76818611,"10 - 15 Deg. F. / 3 - 6","","10 - 15 Deg. F.","6-Mar","10 - 15 Deg. F. / 3 - 6","10 - 15 / semi-humid","NM.1","#66e566","semi-humid, cool","#F46D43","C"
"ARFR-CO932-316-JEFFERSON-12","black",5,138,19,28,NA,1014,NA,5.5,1,NA,NA,11.5,1,NA,2,1,NA,2,1,NA,2,35,1,NA,2,1,NA,3,1,NA,3,1,3,1,NA,3,1,NA,NA,NA,NA,NA,NA,NA,NA,NA,"Y",NA,"N",NA,"ARFR4-SOS-CO932-316-JEFFERSON-12","#FFFF85",-105.358,39.66325,"15 - 20 Deg. F. / 3 - 6","","15 - 20 Deg. F.","6-Mar","15 - 20 Deg. F. / 3 - 6","15 - 20 / semi-humid","CO.3","#698b69","semi-humid, warm","#FFFF85","F"
"ARFR-AZ930-422-NAVAJO-18","black",5,139,19,29,NA,1015,NA,6.5,1,NA,NA,15,1,NA,2,1,NA,2,1,NA,2,57.1,1,NA,2,1,NA,3,1,NA,3,1,3,1,NA,3,1,NA,NA,NA,NA,NA,NA,NA,NA,NA,"Y",NA,"N",NA,"ARFR4-SOS-AZ930-422-NAVAJO-18","#D53E4F",-110.431,36.56805,"15 - 20 Deg. F. / 6 - 12","Lats corrected 20230127","15 - 20 Deg. F.","12-Jun","15 - 20 Deg. F. / 6 - 12","15 - 20 / semi-arid","AZ.2","#ee5c42","semi-arid, warm","#D53E4F","B"
"ARFR-WY040-71-10","black",5,140,19,30,255,1016,NA,4.4,1,NA,NA,8.3,1,NA,2,1,NA,2,1,NA,2,22.1,1,NA,2,1,NA,3,1,NA,3,1,3,1,NA,3,1,NA,NA,NA,NA,NA,NA,NA,NA,NA,"N",NA,"N",NA,"ARFR4-SOS-WY040-71-10","#66C2A5",-109.2433156,41.13271889,"5 - 10 Deg. F. / 3 - 6","","5 - 10 Deg. F.","6-Mar","5 - 10 Deg. F. / 3 - 6","5 - 10 / semi-humid","WY.1","#a5c2f1","semi-humid, cold","#66C2A5","I"
"ARFR-NM930N-66-11","black",5,141,19,31,NA,1017,NA,4.9,1,NA,NA,13.5,1,NA,2,1,NA,2,1,NA,2,48.9,1,NA,2,1,NA,3,1,NA,3,1,3,1,NA,3,1,NA,NA,NA,NA,NA,NA,NA,NA,NA,"Y",NA,"N",NA,"ARFR4-SOS-NM930N-66-11","#F46D43",-107.2045028,36.76818611,"10 - 15 Deg. F. / 3 - 6","","10 - 15 Deg. F.","6-Mar","10 - 15 Deg. F. / 3 - 6","10 - 15 / semi-humid","NM.1","#66e566","semi-humid, cool","#F46D43","C"
"ARFR-NM930N-66-11","black",5,142,19,32,NA,1018,NA,7.2,1,NA,NA,20.2,1,NA,2,1,NA,2,1,NA,2,47.8,1,NA,2,1,NA,3,1,NA,3,1,3,1,NA,3,1,NA,NA,NA,NA,NA,NA,NA,NA,NA,"Y",NA,"N",NA,"ARFR4-SOS-NM930N-66-11","#F46D43",-107.2045028,36.76818611,"10 - 15 Deg. F. / 3 - 6","","10 - 15 Deg. F.","6-Mar","10 - 15 Deg. F. / 3 - 6","10 - 15 / semi-humid","NM.1","#66e566","semi-humid, cool","#F46D43","C"
"ARFR-AZ930-423-NAVAJO-18","black",5,143,19,33,NA,1019,NA,6.4,1,NA,NA,11.3,1,NA,2,1,NA,2,1,NA,2,25.9,1,NA,2,1,NA,3,1,NA,3,1,3,1,NA,3,1,NA,NA,NA,NA,NA,NA,NA,NA,NA,"Y",NA,"Y",NA,"ARFR4-SOS-AZ930-423-NAVAJO-18","#9E0142",-110.431,36.45877,"15 - 20 Deg. F. / 6 - 12","SdZones downloaded 20230823","15 - 20 Deg. F.","12-Jun","15 - 20 Deg. F. / 6 - 12","15 - 20 / semi-arid","AZ.1","#ee5c42","semi-arid, warm","#9E0142","A"
"ARFR-UT080-109-UINTAH-12","black",5,144,19,34,NA,1020,NA,7.1,1,NA,NA,13.9,1,NA,2,1,NA,2,1,NA,2,45.5,1,NA,3,1,NA,3,1,NA,3,1,3,1,NA,3,1,NA,NA,NA,NA,NA,NA,NA,NA,NA,"Y",NA,"N",NA,"ARFR4-SOS-UT080-109-UINTAH-12","#aabe7f",-109.1426444,39.70802222,"10 - 15 Deg. F. / 3 - 6","","10 - 15 Deg. F.","6-Mar","10 - 15 Deg. F. / 3 - 6","10 - 15 / semi-humid","UT.1","#66e566","semi-humid, cool","#aabe7f","G"
"ARFR-UT080-109-UINTAH-12","black",5,145,19,35,256,1021,NA,5.7,1,NA,NA,12.1,1,NA,2,1,NA,2,1,NA,2,53.5,1,NA,2,1,NA,3,1,NA,3,1,3,1,NA,3,1,NA,NA,NA,NA,NA,NA,NA,NA,NA,"Y",NA,"N",NA,"ARFR4-SOS-UT080-109-UINTAH-12","#aabe7f",-109.1426444,39.70802222,"10 - 15 Deg. F. / 3 - 6","","10 - 15 Deg. F.","6-Mar","10 - 15 Deg. F. / 3 - 6","10 - 15 / semi-humid","UT.1","#66e566","semi-humid, cool","#aabe7f","G"
"ARFR-CO932-316-JEFFERSON-12","black",5,146,19,36,NA,1022,NA,4.5,1,NA,NA,8.3,1,NA,2,1,NA,2,1,NA,2,21.5,1,NA,2,1,NA,3,1,NA,3,1,3,1,NA,3,1,NA,NA,NA,NA,NA,NA,NA,NA,NA,"Y",NA,"N",NA,"ARFR4-SOS-CO932-316-JEFFERSON-12","#FFFF85",-105.358,39.66325,"15 - 20 Deg. F. / 3 - 6","","15 - 20 Deg. F.","6-Mar","15 - 20 Deg. F. / 3 - 6","15 - 20 / semi-humid","CO.3","#698b69","semi-humid, warm","#FFFF85","F"
"ARFR-AZ930-422-NAVAJO-18","black",5,147,19,37,NA,1023,NA,6.9,1,NA,NA,13.1,1,NA,2,1,NA,2,1,NA,2,50.5,1,NA,2,1,NA,3,1,NA,3,1,3,1,NA,3,1,NA,NA,NA,NA,NA,NA,NA,NA,NA,"Y",NA,"N",NA,"ARFR4-SOS-AZ930-422-NAVAJO-18","#D53E4F",-110.431,36.56805,"15 - 20 Deg. F. / 6 - 12","Lats corrected 20230127","15 - 20 Deg. F.","12-Jun","15 - 20 Deg. F. / 6 - 12","15 - 20 / semi-arid","AZ.2","#ee5c42","semi-arid, warm","#D53E4F","B"
"ARFR-CO932-314-JEFFERSON-12","black",5,148,19,38,NA,1024,NA,4.5,1,NA,NA,9.4,1,NA,2,1,NA,2,1,NA,2,34,1,NA,2,1,NA,3,1,NA,3,1,3,1,NA,3,1,NA,NA,NA,NA,NA,NA,NA,NA,NA,"Y",NA,"N",NA,"ARFR4-SOS-CO932-314-JEFFERSON-12","#FEE08B",-105.3553333,39.40902778,"10 - 15 Deg. F. / 3 - 6","","10 - 15 Deg. F.","6-Mar","10 - 15 Deg. F. / 3 - 6","10 - 15 / semi-humid","CO.2","#66e566","semi-humid, cool","#FEE08B","E"
"ARFR-CO932-316-JEFFERSON-12","black",5,149,19,39,NA,1025,NA,5.6,1,NA,NA,10.7,1,NA,2,1,NA,2,1,NA,2,30,1,NA,2,1,NA,3,1,NA,3,1,3,1,NA,3,1,NA,NA,NA,NA,NA,NA,NA,NA,NA,"Y",NA,"N",NA,"ARFR4-SOS-CO932-316-JEFFERSON-12","#FFFF85",-105.358,39.66325,"15 - 20 Deg. F. / 3 - 6","","15 - 20 Deg. F.","6-Mar","15 - 20 Deg. F. / 3 - 6","15 - 20 / semi-humid","CO.3","#698b69","semi-humid, warm","#FFFF85","F"
"ARFR-CO932-316-JEFFERSON-12","black",5,150,19,40,257,1026,NA,4.2,1,NA,NA,9.8,1,NA,2,1,NA,2,1,NA,2,37,1,NA,2,1,NA,3,1,NA,3,1,3,1,NA,3,1,NA,NA,NA,NA,NA,NA,NA,NA,NA,"Y",NA,"N",NA,"ARFR4-SOS-CO932-316-JEFFERSON-12","#FFFF85",-105.358,39.66325,"15 - 20 Deg. F. / 3 - 6","","15 - 20 Deg. F.","6-Mar","15 - 20 Deg. F. / 3 - 6","15 - 20 / semi-humid","CO.3","#698b69","semi-humid, warm","#FFFF85","F"
"ARFR-WY050-49-FREMONT-12","black",5,151,19,41,NA,1027,NA,5,1,NA,NA,7.1,1,NA,2,1,NA,2,1,NA,2,8,1,NA,2,1,NA,2,1,NA,2,1,2,1,NA,2,1,NA,NA,NA,NA,NA,NA,NA,NA,NA,"N",NA,"N",NA,"ARFR4-SOS-WY050-49-FREMONT-12","#5E4FA2",-109.34775,43.42663611,"5 - 10 Deg. F. / 6 - 12","","5 - 10 Deg. F.","12-Jun","5 - 10 Deg. F. / 6 - 12","5 - 10 / semi-arid","WY.3","#ffb90f","semi-arid, cold","#5E4FA2","K"
"ARFR-CO932-314-JEFFERSON-12","black",5,152,19,42,NA,1028,NA,4.7,1,NA,NA,7.8,1,NA,2,1,NA,2,1,NA,2,18.8,1,NA,2,1,NA,3,1,NA,3,1,3,1,NA,3,1,NA,NA,NA,NA,NA,NA,NA,NA,NA,"Y",NA,"N",NA,"ARFR4-SOS-CO932-314-JEFFERSON-12","#FEE08B",-105.3553333,39.40902778,"10 - 15 Deg. F. / 3 - 6","","10 - 15 Deg. F.","6-Mar","10 - 15 Deg. F. / 3 - 6","10 - 15 / semi-humid","CO.2","#66e566","semi-humid, cool","#FEE08B","E"
"ARFR-WY050-151-FREMONT-16","black",5,153,19,43,NA,1029,NA,5,1,NA,NA,6.6,1,NA,2,1,NA,2,1,NA,2,10,1,NA,2,1,NA,3,1,NA,3,1,3,1,NA,3,1,NA,NA,NA,NA,NA,NA,NA,NA,NA,"N",NA,"N",NA,"ARFR4-SOS-WY050-151-FREMONT-16","#3288BD",-108.1704472,42.47886111,"10 - 15 Deg. F. / 6 - 12","","10 - 15 Deg. F.","12-Jun","10 - 15 Deg. F. / 6 - 12","10 - 15 / semi-arid","WY.2","#cd8500","semi-arid, cool","#3288BD","J"
"ARFR-WY050-151-FREMONT-16","black",5,154,19,44,NA,1030,NA,4.5,1,NA,NA,8.7,1,NA,2,1,NA,2,1,NA,2,13,1,NA,2,1,NA,3,1,NA,3,1,3,1,NA,3,1,NA,NA,NA,NA,NA,NA,NA,NA,NA,"Y",NA,"N",NA,"ARFR4-SOS-WY050-151-FREMONT-16","#3288BD",-108.1704472,42.47886111,"10 - 15 Deg. F. / 6 - 12","","10 - 15 Deg. F.","12-Jun","10 - 15 Deg. F. / 6 - 12","10 - 15 / semi-arid","WY.2","#cd8500","semi-arid, cool","#3288BD","J"
"ARFR-WY040-71-10","black",5,155,19,45,258,1031,NA,5,1,NA,NA,6.2,1,NA,2,1,NA,2,1,NA,2,8.8,1,NA,2,1,NA,2,1,NA,2,1,2,1,NA,2,1,NA,NA,NA,NA,NA,NA,NA,NA,NA,"N",NA,"N",NA,"ARFR4-SOS-WY040-71-10","#66C2A5",-109.2433156,41.13271889,"5 - 10 Deg. F. / 3 - 6","","5 - 10 Deg. F.","6-Mar","5 - 10 Deg. F. / 3 - 6","5 - 10 / semi-humid","WY.1","#a5c2f1","semi-humid, cold","#66C2A5","I"
"ARFR-WY930-44-LASANIMAS-13","black",5,156,19,46,NA,1032,NA,7,1,NA,NA,11.7,1,NA,2,1,NA,2,1,NA,2,30.1,1,NA,2,1,NA,3,1,NA,3,1,3,1,NA,3,1,NA,NA,NA,NA,NA,NA,NA,NA,NA,"Y",NA,"N",NA,"ARFR4-SOS-WY930-44-LASANIMAS-13","#FDAE61",-104.6423889,37.16547222,"15 - 20 Deg. F. / 3 - 6","","15 - 20 Deg. F.","6-Mar","15 - 20 Deg. F. / 3 - 6","15 - 20 / semi-humid","CO.1","#698b69","semi-humid, warm","#FDAE61","D"
"ARFR-WY050-151-FREMONT-16","black",5,157,19,47,NA,1033,NA,4,1,NA,NA,6.5,1,NA,2,1,NA,2,1,NA,2,19.4,1,NA,2,1,NA,3,1,NA,3,1,3,1,NA,3,1,NA,NA,NA,NA,NA,NA,NA,NA,NA,"Y",NA,"N",NA,"ARFR4-SOS-WY050-151-FREMONT-16","#3288BD",-108.1704472,42.47886111,"10 - 15 Deg. F. / 6 - 12","","10 - 15 Deg. F.","12-Jun","10 - 15 Deg. F. / 6 - 12","10 - 15 / semi-arid","WY.2","#cd8500","semi-arid, cool","#3288BD","J"
"ARFR-WY040-71-10","black",5,158,19,48,NA,1034,NA,6.3,1,NA,NA,9.4,1,NA,2,1,NA,2,1,NA,2,17.5,1,NA,2,1,NA,3,1,NA,3,1,3,1,NA,3,1,NA,NA,NA,NA,NA,NA,NA,NA,NA,"N",NA,"N",NA,"ARFR4-SOS-WY040-71-10","#66C2A5",-109.2433156,41.13271889,"5 - 10 Deg. F. / 3 - 6","","5 - 10 Deg. F.","6-Mar","5 - 10 Deg. F. / 3 - 6","5 - 10 / semi-humid","WY.1","#a5c2f1","semi-humid, cold","#66C2A5","I"
"ARFR-UT080-109-UINTAH-12","black",5,159,19,49,NA,1035,NA,3,1,NA,NA,7.5,1,NA,2,1,NA,2,1,NA,2,28.5,1,NA,2,1,NA,3,1,NA,3,1,3,1,NA,3,1,NA,NA,NA,NA,NA,NA,NA,NA,NA,"N",NA,"N",NA,"ARFR4-SOS-UT080-109-UINTAH-12","#aabe7f",-109.1426444,39.70802222,"10 - 15 Deg. F. / 3 - 6","","10 - 15 Deg. F.","6-Mar","10 - 15 Deg. F. / 3 - 6","10 - 15 / semi-humid","UT.1","#66e566","semi-humid, cool","#aabe7f","G"
"ARFR-NM930N-66-11","black",5,160,19,50,259,1036,NA,8.4,1,NA,NA,10.3,1,NA,2,1,NA,2,1,NA,2,36,1,NA,2,1,NA,3,1,NA,3,1,3,1,NA,3,1,NA,NA,NA,NA,NA,NA,NA,NA,NA,"Y",NA,"N",NA,"ARFR4-SOS-NM930N-66-11","#F46D43",-107.2045028,36.76818611,"10 - 15 Deg. F. / 3 - 6","","10 - 15 Deg. F.","6-Mar","10 - 15 Deg. F. / 3 - 6","10 - 15 / semi-humid","NM.1","#66e566","semi-humid, cool","#F46D43","C"
"ARFR-CO932-294-11","black",5,161,19,51,NA,1037,NA,4,1,NA,NA,8.7,1,NA,2,1,NA,2,1,NA,2,24.1,1,NA,2,1,NA,3,1,NA,3,1,3,1,NA,3,1,NA,NA,NA,NA,NA,NA,NA,NA,NA,"N",NA,"N",NA,"ARFR4-SOS-CO932-294-11","#ABDDA4",-105.2030833,39.78458333,"15 - 20 Deg. F. / 3 - 6","","15 - 20 Deg. F.","6-Mar","15 - 20 Deg. F. / 3 - 6","15 - 20 / semi-humid","CO.4","#698b69","semi-humid, warm","#ABDDA4","H"
"ARFR-CO932-294-11","black",5,162,19,52,NA,1038,NA,6.8,1,NA,NA,11.9,1,NA,2,1,NA,2,1,NA,2,36.6,1,NA,2,1,NA,3,1,NA,3,1,3,1,NA,3,1,NA,NA,NA,NA,NA,NA,NA,NA,NA,"Y",NA,"N",NA,"ARFR4-SOS-CO932-294-11","#ABDDA4",-105.2030833,39.78458333,"15 - 20 Deg. F. / 3 - 6","","15 - 20 Deg. F.","6-Mar","15 - 20 Deg. F. / 3 - 6","15 - 20 / semi-humid","CO.4","#698b69","semi-humid, warm","#ABDDA4","H"
"ARFR-CO932-294-11","black",5,163,19,53,NA,1039,NA,5.3,1,NA,NA,10.2,1,NA,2,1,NA,2,1,NA,2,25.2,1,NA,2,1,NA,3,1,NA,3,1,3,1,NA,3,1,NA,NA,NA,NA,NA,NA,NA,NA,NA,"Y",NA,"N",NA,"ARFR4-SOS-CO932-294-11","#ABDDA4",-105.2030833,39.78458333,"15 - 20 Deg. F. / 3 - 6","","15 - 20 Deg. F.","6-Mar","15 - 20 Deg. F. / 3 - 6","15 - 20 / semi-humid","CO.4","#698b69","semi-humid, warm","#ABDDA4","H"
"ARFR-AZ930-422-NAVAJO-18","black",5,164,19,54,NA,1040,NA,5.5,1,NA,NA,8.1,1,NA,2,1,NA,2,1,NA,2,33.4,1,NA,2,1,NA,3,1,NA,3,1,3,1,NA,3,1,NA,NA,NA,NA,NA,NA,NA,NA,NA,"N",NA,"N",NA,"ARFR4-SOS-AZ930-422-NAVAJO-18","#D53E4F",-110.431,36.56805,"15 - 20 Deg. F. / 6 - 12","Lats corrected 20230127","15 - 20 Deg. F.","12-Jun","15 - 20 Deg. F. / 6 - 12","15 - 20 / semi-arid","AZ.2","#ee5c42","semi-arid, warm","#D53E4F","B"
"ARFR-AZ930-423-NAVAJO-18","black",5,165,19,55,260,1041,NA,3.4,1,NA,NA,9.6,1,NA,2,1,NA,2,1,NA,2,28.5,1,NA,2,1,NA,2,1,NA,3,1,3,1,NA,3,1,NA,NA,NA,NA,NA,NA,NA,NA,NA,"N",NA,"N",NA,"ARFR4-SOS-AZ930-423-NAVAJO-18","#9E0142",-110.431,36.45877,"15 - 20 Deg. F. / 6 - 12","SdZones downloaded 20230823","15 - 20 Deg. F.","12-Jun","15 - 20 Deg. F. / 6 - 12","15 - 20 / semi-arid","AZ.1","#ee5c42","semi-arid, warm","#9E0142","A"
"ARFR-CO932-316-JEFFERSON-12","black",5,166,20,1,249,1042,NA,5,1,NA,NA,10.8,1,NA,2,1,NA,2,1,NA,2,18.5,1,NA,2,1,NA,3,1,NA,3,1,3,1,NA,3,1,NA,NA,NA,NA,NA,NA,NA,NA,NA,"Y",NA,"Y",NA,"ARFR4-SOS-CO932-316-JEFFERSON-12","#FFFF85",-105.358,39.66325,"15 - 20 Deg. F. / 3 - 6","","15 - 20 Deg. F.","6-Mar","15 - 20 Deg. F. / 3 - 6","15 - 20 / semi-humid","CO.3","#698b69","semi-humid, warm","#FFFF85","F"
"ARFR-CO932-314-JEFFERSON-12","black",5,167,20,2,NA,1043,NA,3.8,1,NA,NA,9.8,1,NA,2,1,NA,2,1,NA,2,23.4,1,NA,2,1,NA,3,1,NA,3,1,3,1,NA,3,1,NA,NA,NA,NA,NA,NA,NA,NA,NA,"Y",NA,"N",NA,"ARFR4-SOS-CO932-314-JEFFERSON-12","#FEE08B",-105.3553333,39.40902778,"10 - 15 Deg. F. / 3 - 6","","10 - 15 Deg. F.","6-Mar","10 - 15 Deg. F. / 3 - 6","10 - 15 / semi-humid","CO.2","#66e566","semi-humid, cool","#FEE08B","E"
"ARFR-CO932-294-11","black",5,168,20,3,NA,1044,NA,3.8,1,NA,NA,9.7,1,NA,2,1,NA,2,1,NA,2,21.1,1,NA,2,1,NA,2,1,NA,3,1,3,1,NA,3,1,NA,NA,NA,NA,NA,NA,NA,NA,NA,"Y",NA,"N",NA,"ARFR4-SOS-CO932-294-11","#ABDDA4",-105.2030833,39.78458333,"15 - 20 Deg. F. / 3 - 6","","15 - 20 Deg. F.","6-Mar","15 - 20 Deg. F. / 3 - 6","15 - 20 / semi-humid","CO.4","#698b69","semi-humid, warm","#ABDDA4","H"
"ARFR-WY930-44-LASANIMAS-13","black",5,169,20,4,NA,1045,NA,6,1,NA,NA,11.6,1,NA,2,1,NA,2,1,NA,2,34.2,1,NA,2,1,NA,3,1,NA,3,1,3,1,NA,3,1,NA,NA,NA,NA,NA,NA,NA,NA,NA,"Y",NA,"N",NA,"ARFR4-SOS-WY930-44-LASANIMAS-13","#FDAE61",-104.6423889,37.16547222,"15 - 20 Deg. F. / 3 - 6","","15 - 20 Deg. F.","6-Mar","15 - 20 Deg. F. / 3 - 6","15 - 20 / semi-humid","CO.1","#698b69","semi-humid, warm","#FDAE61","D"
"ARFR-CO932-316-JEFFERSON-12","black",5,170,20,5,250,1046,NA,4.4,1,NA,NA,11.1,1,NA,2,1,NA,2,1,NA,2,26,1,NA,2,1,NA,3,1,NA,3,1,3,1,NA,3,1,NA,"Yes",NA,75.25,NA,"L",43.272,22,15.04,"Y",NA,"N",NA,"ARFR4-SOS-CO932-316-JEFFERSON-12","#FFFF85",-105.358,39.66325,"15 - 20 Deg. F. / 3 - 6","","15 - 20 Deg. F.","6-Mar","15 - 20 Deg. F. / 3 - 6","15 - 20 / semi-humid","CO.3","#698b69","semi-humid, warm","#FFFF85","F"
"ARFR-UT080-109-UINTAH-12","black",5,171,20,6,NA,1047,NA,6.4,1,NA,NA,13.2,1,NA,2,1,NA,2,1,NA,2,43.2,1,NA,3,1,NA,3,1,NA,3,1,3,1,NA,3,1,NA,NA,NA,NA,NA,NA,NA,NA,NA,"Y",NA,"N",NA,"ARFR4-SOS-UT080-109-UINTAH-12","#aabe7f",-109.1426444,39.70802222,"10 - 15 Deg. F. / 3 - 6","","10 - 15 Deg. F.","6-Mar","10 - 15 Deg. F. / 3 - 6","10 - 15 / semi-humid","UT.1","#66e566","semi-humid, cool","#aabe7f","G"
"ARFR-CO932-294-11","black",5,172,20,7,NA,1048,NA,5.5,1,NA,NA,9.3,1,NA,2,1,NA,2,1,NA,2,16.4,1,NA,2,1,NA,3,1,NA,3,1,3,1,NA,3,1,NA,NA,NA,NA,NA,NA,NA,NA,NA,"Y",NA,"N",NA,"ARFR4-SOS-CO932-294-11","#ABDDA4",-105.2030833,39.78458333,"15 - 20 Deg. F. / 3 - 6","","15 - 20 Deg. F.","6-Mar","15 - 20 Deg. F. / 3 - 6","15 - 20 / semi-humid","CO.4","#698b69","semi-humid, warm","#ABDDA4","H"
"ARFR-WY050-49-FREMONT-12","black",5,173,20,8,NA,1049,NA,4.6,1,NA,NA,5.7,1,NA,2,1,NA,2,1,NA,2,14.6,1,NA,2,1,NA,2,1,NA,2,1,2,1,NA,2,1,NA,NA,NA,NA,NA,NA,NA,NA,NA,"N",NA,"N",NA,"ARFR4-SOS-WY050-49-FREMONT-12","#5E4FA2",-109.34775,43.42663611,"5 - 10 Deg. F. / 6 - 12","","5 - 10 Deg. F.","12-Jun","5 - 10 Deg. F. / 6 - 12","5 - 10 / semi-arid","WY.3","#ffb90f","semi-arid, cold","#5E4FA2","K"
"ARFR-NM930N-66-11","black",5,174,20,9,NA,1050,NA,6,1,NA,NA,12.4,1,NA,2,1,NA,2,1,NA,2,42.9,1,NA,2,1,NA,3,1,NA,3,1,3,1,NA,3,1,NA,NA,NA,NA,NA,NA,NA,NA,NA,"Y",NA,"N",NA,"ARFR4-SOS-NM930N-66-11","#F46D43",-107.2045028,36.76818611,"10 - 15 Deg. F. / 3 - 6","","10 - 15 Deg. F.","6-Mar","10 - 15 Deg. F. / 3 - 6","10 - 15 / semi-humid","NM.1","#66e566","semi-humid, cool","#F46D43","C"
"ARFR-AZ930-423-NAVAJO-18","black",5,175,20,10,251,1051,NA,6.7,1,NA,NA,11.3,1,NA,2,1,NA,2,1,NA,2,40,1,NA,2,1,NA,3,1,NA,3,1,3,1,NA,3,1,NA,"Yes",NA,129.76,NA,"L",97.782,43.21,36.25,"Y",NA,"N",NA,"ARFR4-SOS-AZ930-423-NAVAJO-18","#9E0142",-110.431,36.45877,"15 - 20 Deg. F. / 6 - 12","SdZones downloaded 20230823","15 - 20 Deg. F.","12-Jun","15 - 20 Deg. F. / 6 - 12","15 - 20 / semi-arid","AZ.1","#ee5c42","semi-arid, warm","#9E0142","A"
"ARFR-WY930-44-LASANIMAS-13","black",5,176,20,11,NA,1052,NA,5.8,1,NA,NA,9.3,1,NA,2,1,NA,2,1,NA,2,19.3,1,NA,2,1,NA,3,1,NA,3,1,3,1,NA,3,1,NA,NA,NA,NA,NA,NA,NA,NA,NA,"Y",NA,"N",NA,"ARFR4-SOS-WY930-44-LASANIMAS-13","#FDAE61",-104.6423889,37.16547222,"15 - 20 Deg. F. / 3 - 6","","15 - 20 Deg. F.","6-Mar","15 - 20 Deg. F. / 3 - 6","15 - 20 / semi-humid","CO.1","#698b69","semi-humid, warm","#FDAE61","D"
"ARFR-AZ930-422-NAVAJO-18","black",5,177,20,12,NA,1053,NA,6.4,1,NA,NA,12.6,1,NA,2,1,NA,2,1,NA,2,48.2,1,NA,2,1,NA,3,1,NA,3,1,3,1,NA,3,1,NA,NA,NA,NA,NA,NA,NA,NA,NA,"Y",NA,"N",NA,"ARFR4-SOS-AZ930-422-NAVAJO-18","#D53E4F",-110.431,36.56805,"15 - 20 Deg. F. / 6 - 12","Lats corrected 20230127","15 - 20 Deg. F.","12-Jun","15 - 20 Deg. F. / 6 - 12","15 - 20 / semi-arid","AZ.2","#ee5c42","semi-arid, warm","#D53E4F","B"
"ARFR-AZ930-423-NAVAJO-18","black",5,178,20,13,NA,1054,NA,4.2,1,NA,NA,8,1,NA,2,1,NA,2,1,NA,2,26.8,1,NA,2,1,NA,3,1,NA,3,1,3,1,NA,3,1,NA,NA,NA,NA,NA,NA,NA,NA,NA,"N",NA,"N",NA,"ARFR4-SOS-AZ930-423-NAVAJO-18","#9E0142",-110.431,36.45877,"15 - 20 Deg. F. / 6 - 12","SdZones downloaded 20230823","15 - 20 Deg. F.","12-Jun","15 - 20 Deg. F. / 6 - 12","15 - 20 / semi-arid","AZ.1","#ee5c42","semi-arid, warm","#9E0142","A"
"ARFR-WY930-44-LASANIMAS-13","black",5,179,20,14,NA,1055,NA,6.3,1,NA,NA,10.2,1,NA,2,1,NA,2,1,NA,2,23.1,1,NA,2,1,NA,2,1,NA,3,1,3,1,NA,3,1,NA,NA,NA,NA,NA,NA,NA,NA,NA,"Y",NA,"N",NA,"ARFR4-SOS-WY930-44-LASANIMAS-13","#FDAE61",-104.6423889,37.16547222,"15 - 20 Deg. F. / 3 - 6","","15 - 20 Deg. F.","6-Mar","15 - 20 Deg. F. / 3 - 6","15 - 20 / semi-humid","CO.1","#698b69","semi-humid, warm","#FDAE61","D"
"ARFR-CO932-314-JEFFERSON-12","black",5,180,20,15,252,1056,NA,4.6,1,NA,NA,8.4,1,NA,2,1,NA,2,1,NA,2,24.7,1,NA,2,1,NA,3,1,NA,3,1,3,1,NA,3,1,NA,NA,NA,NA,NA,NA,NA,NA,NA,"Y",NA,"N",NA,"ARFR4-SOS-CO932-314-JEFFERSON-12","#FEE08B",-105.3553333,39.40902778,"10 - 15 Deg. F. / 3 - 6","","10 - 15 Deg. F.","6-Mar","10 - 15 Deg. F. / 3 - 6","10 - 15 / semi-humid","CO.2","#66e566","semi-humid, cool","#FEE08B","E"
"ARFR-CO932-294-11","black",5,181,20,16,NA,1057,NA,7.1,1,NA,NA,10.4,1,NA,2,1,NA,2,1,NA,2,27.1,1,NA,2,1,NA,3,1,NA,3,1,3,1,NA,3,1,NA,NA,NA,NA,NA,NA,NA,NA,NA,"Y",NA,"N",NA,"ARFR4-SOS-CO932-294-11","#ABDDA4",-105.2030833,39.78458333,"15 - 20 Deg. F. / 3 - 6","","15 - 20 Deg. F.","6-Mar","15 - 20 Deg. F. / 3 - 6","15 - 20 / semi-humid","CO.4","#698b69","semi-humid, warm","#ABDDA4","H"
"ARFR-WY050-49-FREMONT-12","black",5,182,20,17,NA,1058,NA,5.4,1,NA,NA,9.9,1,NA,2,1,NA,2,1,NA,2,17,1,NA,2,1,NA,3,1,NA,3,1,3,1,NA,3,1,NA,NA,NA,NA,NA,NA,NA,NA,NA,"Y",NA,"N",NA,"ARFR4-SOS-WY050-49-FREMONT-12","#5E4FA2",-109.34775,43.42663611,"5 - 10 Deg. F. / 6 - 12","","5 - 10 Deg. F.","12-Jun","5 - 10 Deg. F. / 6 - 12","5 - 10 / semi-arid","WY.3","#ffb90f","semi-arid, cold","#5E4FA2","K"
"ARFR-WY930-44-LASANIMAS-13","black",5,183,20,18,NA,1059,NA,8.6,1,NA,NA,10.5,1,NA,2,1,NA,2,1,NA,2,31.4,1,NA,2,1,NA,2,1,NA,3,1,3,1,NA,3,1,NA,NA,NA,NA,NA,NA,NA,NA,NA,"Y",NA,"N",NA,"ARFR4-SOS-WY930-44-LASANIMAS-13","#FDAE61",-104.6423889,37.16547222,"15 - 20 Deg. F. / 3 - 6","","15 - 20 Deg. F.","6-Mar","15 - 20 Deg. F. / 3 - 6","15 - 20 / semi-humid","CO.1","#698b69","semi-humid, warm","#FDAE61","D"
"ARFR-CO932-294-11","black",5,184,20,19,NA,1060,NA,5.3,1,NA,NA,9.1,1,NA,2,1,NA,2,1,NA,2,25.2,1,NA,2,1,NA,3,1,NA,3,1,3,1,NA,3,1,NA,NA,NA,NA,NA,NA,NA,NA,NA,"Y",NA,"N",NA,"ARFR4-SOS-CO932-294-11","#ABDDA4",-105.2030833,39.78458333,"15 - 20 Deg. F. / 3 - 6","","15 - 20 Deg. F.","6-Mar","15 - 20 Deg. F. / 3 - 6","15 - 20 / semi-humid","CO.4","#698b69","semi-humid, warm","#ABDDA4","H"
"ARFR-CO932-314-JEFFERSON-12","black",5,185,20,20,253,1061,NA,5.2,1,NA,NA,8.1,1,NA,2,1,NA,2,1,NA,2,19.5,1,NA,2,1,NA,3,1,NA,3,1,3,1,NA,3,1,NA,NA,NA,NA,NA,NA,NA,NA,NA,"Y",NA,"N",NA,"ARFR4-SOS-CO932-314-JEFFERSON-12","#FEE08B",-105.3553333,39.40902778,"10 - 15 Deg. F. / 3 - 6","","10 - 15 Deg. F.","6-Mar","10 - 15 Deg. F. / 3 - 6","10 - 15 / semi-humid","CO.2","#66e566","semi-humid, cool","#FEE08B","E"
"ARFR-NM930N-66-11","black",5,186,20,21,NA,1062,NA,7.8,1,NA,NA,15.3,1,NA,2,1,NA,2,1,NA,2,41.3,1,NA,2,1,NA,3,1,NA,3,1,3,1,NA,3,1,NA,NA,NA,NA,NA,NA,NA,NA,NA,"Y",NA,"N",NA,"ARFR4-SOS-NM930N-66-11","#F46D43",-107.2045028,36.76818611,"10 - 15 Deg. F. / 3 - 6","","10 - 15 Deg. F.","6-Mar","10 - 15 Deg. F. / 3 - 6","10 - 15 / semi-humid","NM.1","#66e566","semi-humid, cool","#F46D43","C"
"ARFR-UT080-109-UINTAH-12","black",5,187,20,22,NA,1063,"5/6/2022",NA,0,"Y","Uintah",7.1,1,"no plant 5/27",2,1,NA,2,1,NA,2,42.6,1,NA,2,1,NA,3,1,NA,3,1,3,1,NA,3,1,NA,NA,NA,NA,NA,NA,NA,NA,NA,"N",NA,"N",NA,"ARFR4-SOS-UT080-109-UINTAH-12","#aabe7f",-109.1426444,39.70802222,"10 - 15 Deg. F. / 3 - 6","","10 - 15 Deg. F.","6-Mar","10 - 15 Deg. F. / 3 - 6","10 - 15 / semi-humid","UT.1","#66e566","semi-humid, cool","#aabe7f","G"
"ARFR-WY930-44-LASANIMAS-13","black",5,188,20,23,NA,1064,NA,7,1,NA,NA,12.3,1,NA,2,1,NA,2,1,NA,2,33,1,NA,2,1,NA,3,1,NA,3,1,3,1,NA,3,1,NA,NA,NA,NA,NA,NA,NA,NA,NA,"Y",NA,"N",NA,"ARFR4-SOS-WY930-44-LASANIMAS-13","#FDAE61",-104.6423889,37.16547222,"15 - 20 Deg. F. / 3 - 6","","15 - 20 Deg. F.","6-Mar","15 - 20 Deg. F. / 3 - 6","15 - 20 / semi-humid","CO.1","#698b69","semi-humid, warm","#FDAE61","D"
"ARFR-UT080-109-UINTAH-12","black",5,189,20,24,NA,1065,NA,4.8,1,NA,NA,14.1,1,NA,2,1,NA,2,1,NA,2,58.1,1,NA,3,1,NA,3,1,NA,3,1,3,1,NA,3,1,NA,NA,NA,NA,NA,NA,NA,NA,NA,"Y",NA,"N",NA,"ARFR4-SOS-UT080-109-UINTAH-12","#aabe7f",-109.1426444,39.70802222,"10 - 15 Deg. F. / 3 - 6","","10 - 15 Deg. F.","6-Mar","10 - 15 Deg. F. / 3 - 6","10 - 15 / semi-humid","UT.1","#66e566","semi-humid, cool","#aabe7f","G"
"ARFR-WY930-44-LASANIMAS-13","black",5,190,20,25,254,1066,NA,6,1,NA,NA,11.6,1,NA,2,1,NA,2,1,NA,2,25.5,1,NA,2,1,NA,3,1,NA,3,1,3,1,NA,3,1,NA,NA,NA,NA,NA,NA,NA,NA,NA,"Y",NA,"N",NA,"ARFR4-SOS-WY930-44-LASANIMAS-13","#FDAE61",-104.6423889,37.16547222,"15 - 20 Deg. F. / 3 - 6","","15 - 20 Deg. F.","6-Mar","15 - 20 Deg. F. / 3 - 6","15 - 20 / semi-humid","CO.1","#698b69","semi-humid, warm","#FDAE61","D"
"ARFR-UT080-109-UINTAH-12","black",5,191,20,26,NA,1067,NA,7.4,1,NA,NA,11.1,1,NA,2,1,NA,2,1,NA,2,47.4,1,NA,2,1,NA,3,1,NA,3,1,3,1,NA,3,1,NA,NA,NA,NA,NA,NA,NA,NA,NA,"Y",NA,"N",NA,"ARFR4-SOS-UT080-109-UINTAH-12","#aabe7f",-109.1426444,39.70802222,"10 - 15 Deg. F. / 3 - 6","","10 - 15 Deg. F.","6-Mar","10 - 15 Deg. F. / 3 - 6","10 - 15 / semi-humid","UT.1","#66e566","semi-humid, cool","#aabe7f","G"
"ARFR-AZ930-422-NAVAJO-18","black",5,192,20,27,NA,1068,NA,5.4,1,NA,NA,10.4,1,NA,2,1,NA,2,1,NA,2,32.8,1,NA,2,1,NA,3,1,NA,3,1,3,1,NA,3,1,NA,NA,NA,NA,NA,NA,NA,NA,NA,"Y",NA,"N",NA,"ARFR4-SOS-AZ930-422-NAVAJO-18","#D53E4F",-110.431,36.56805,"15 - 20 Deg. F. / 6 - 12","Lats corrected 20230127","15 - 20 Deg. F.","12-Jun","15 - 20 Deg. F. / 6 - 12","15 - 20 / semi-arid","AZ.2","#ee5c42","semi-arid, warm","#D53E4F","B"
"ARFR-WY050-49-FREMONT-12","black",5,193,20,28,NA,1069,NA,4.9,1,NA,NA,8.2,1,NA,2,1,NA,2,1,NA,2,12.9,1,NA,2,1,NA,2,1,NA,2,1,2,1,NA,2,1,NA,NA,NA,NA,NA,NA,NA,NA,NA,"Y",NA,"N",NA,"ARFR4-SOS-WY050-49-FREMONT-12","#5E4FA2",-109.34775,43.42663611,"5 - 10 Deg. F. / 6 - 12","","5 - 10 Deg. F.","12-Jun","5 - 10 Deg. F. / 6 - 12","5 - 10 / semi-arid","WY.3","#ffb90f","semi-arid, cold","#5E4FA2","K"
"ARFR-UT080-109-UINTAH-12","black",5,194,20,29,NA,1070,NA,7.2,1,NA,NA,18.1,1,NA,2,1,NA,2,1,NA,2,48.6,1,NA,2,1,NA,3,1,NA,3,1,3,1,NA,3,1,NA,NA,NA,NA,NA,NA,NA,NA,NA,"Y",NA,"N",NA,"ARFR4-SOS-UT080-109-UINTAH-12","#aabe7f",-109.1426444,39.70802222,"10 - 15 Deg. F. / 3 - 6","","10 - 15 Deg. F.","6-Mar","10 - 15 Deg. F. / 3 - 6","10 - 15 / semi-humid","UT.1","#66e566","semi-humid, cool","#aabe7f","G"
"ARFR-WY050-49-FREMONT-12","black",5,195,20,30,255,1071,NA,4.4,1,NA,NA,7.4,1,NA,2,1,NA,2,1,NA,2,13.5,1,NA,2,1,NA,2,1,NA,2,1,2,1,NA,2,1,NA,NA,NA,NA,NA,NA,NA,NA,NA,"Y",NA,"N",NA,"ARFR4-SOS-WY050-49-FREMONT-12","#5E4FA2",-109.34775,43.42663611,"5 - 10 Deg. F. / 6 - 12","","5 - 10 Deg. F.","12-Jun","5 - 10 Deg. F. / 6 - 12","5 - 10 / semi-arid","WY.3","#ffb90f","semi-arid, cold","#5E4FA2","K"
"ARFR-WY040-71-10","black",5,196,20,31,NA,1072,NA,5,1,NA,NA,7.6,1,NA,2,1,NA,2,1,NA,2,11.8,1,NA,2,1,NA,2,1,NA,2,1,2,1,NA,2,1,NA,NA,NA,NA,NA,NA,NA,NA,NA,"Y",NA,"N",NA,"ARFR4-SOS-WY040-71-10","#66C2A5",-109.2433156,41.13271889,"5 - 10 Deg. F. / 3 - 6","","5 - 10 Deg. F.","6-Mar","5 - 10 Deg. F. / 3 - 6","5 - 10 / semi-humid","WY.1","#a5c2f1","semi-humid, cold","#66C2A5","I"
"ARFR-WY040-71-10","black",5,197,20,32,NA,1073,NA,3.6,1,NA,NA,7.6,1,NA,2,1,NA,2,1,NA,2,27.6,1,NA,3,1,NA,3,1,NA,3,1,3,1,NA,3,1,NA,NA,NA,NA,NA,NA,NA,NA,NA,"Y",NA,"N",NA,"ARFR4-SOS-WY040-71-10","#66C2A5",-109.2433156,41.13271889,"5 - 10 Deg. F. / 3 - 6","","5 - 10 Deg. F.","6-Mar","5 - 10 Deg. F. / 3 - 6","5 - 10 / semi-humid","WY.1","#a5c2f1","semi-humid, cold","#66C2A5","I"
"ARFR-WY040-71-10","black",5,198,20,33,NA,1074,NA,4.9,1,NA,NA,7.7,1,NA,2,1,NA,2,1,NA,2,14.2,1,NA,2,1,NA,3,1,NA,3,1,3,1,NA,3,1,NA,NA,NA,NA,NA,NA,NA,NA,NA,"N",NA,"N",NA,"ARFR4-SOS-WY040-71-10","#66C2A5",-109.2433156,41.13271889,"5 - 10 Deg. F. / 3 - 6","","5 - 10 Deg. F.","6-Mar","5 - 10 Deg. F. / 3 - 6","5 - 10 / semi-humid","WY.1","#a5c2f1","semi-humid, cold","#66C2A5","I"
"ARFR-AZ930-423-NAVAJO-18","black",5,199,20,34,NA,1075,NA,4.4,1,NA,NA,15,1,NA,2,1,NA,2,1,NA,2,42.1,1,NA,2,1,NA,3,1,NA,3,1,3,1,NA,3,1,NA,NA,NA,NA,NA,NA,NA,NA,NA,"Y",NA,"N",NA,"ARFR4-SOS-AZ930-423-NAVAJO-18","#9E0142",-110.431,36.45877,"15 - 20 Deg. F. / 6 - 12","SdZones downloaded 20230823","15 - 20 Deg. F.","12-Jun","15 - 20 Deg. F. / 6 - 12","15 - 20 / semi-arid","AZ.1","#ee5c42","semi-arid, warm","#9E0142","A"
"ARFR-WY040-71-10","black",5,200,20,35,256,1076,NA,3.2,1,NA,NA,6.2,1,NA,2,1,NA,2,1,NA,2,11.7,1,NA,2,1,NA,3,1,NA,3,1,3,1,NA,3,1,NA,NA,NA,NA,NA,NA,NA,NA,NA,"N",NA,"N",NA,"ARFR4-SOS-WY040-71-10","#66C2A5",-109.2433156,41.13271889,"5 - 10 Deg. F. / 3 - 6","","5 - 10 Deg. F.","6-Mar","5 - 10 Deg. F. / 3 - 6","5 - 10 / semi-humid","WY.1","#a5c2f1","semi-humid, cold","#66C2A5","I"
"ARFR-CO932-316-JEFFERSON-12","black",5,201,20,36,NA,1077,NA,4.5,1,NA,NA,11.1,1,NA,2,1,NA,2,1,NA,2,33.3,1,NA,3,1,NA,3,1,NA,3,1,3,1,NA,3,1,NA,NA,NA,NA,NA,NA,NA,NA,NA,"Y",NA,"N",NA,"ARFR4-SOS-CO932-316-JEFFERSON-12","#FFFF85",-105.358,39.66325,"15 - 20 Deg. F. / 3 - 6","","15 - 20 Deg. F.","6-Mar","15 - 20 Deg. F. / 3 - 6","15 - 20 / semi-humid","CO.3","#698b69","semi-humid, warm","#FFFF85","F"
"ARFR-CO932-294-11","black",5,202,20,37,NA,1078,NA,6.4,1,NA,NA,9,1,NA,2,1,NA,2,1,NA,2,23.4,1,NA,2,1,NA,3,1,NA,3,1,3,1,NA,3,1,NA,NA,NA,NA,NA,NA,NA,NA,NA,"Y",NA,"N",NA,"ARFR4-SOS-CO932-294-11","#ABDDA4",-105.2030833,39.78458333,"15 - 20 Deg. F. / 3 - 6","","15 - 20 Deg. F.","6-Mar","15 - 20 Deg. F. / 3 - 6","15 - 20 / semi-humid","CO.4","#698b69","semi-humid, warm","#ABDDA4","H"
"ARFR-WY050-49-FREMONT-12","black",5,203,20,38,NA,1079,NA,6,1,NA,NA,8.2,1,NA,2,1,NA,2,1,NA,2,22.3,1,NA,2,1,NA,2,1,NA,3,1,3,1,NA,3,1,NA,"Yes",NA,68.73,NA,"L",36.752,16.29,9.33,"Y",NA,"N",NA,"ARFR4-SOS-WY050-49-FREMONT-12","#5E4FA2",-109.34775,43.42663611,"5 - 10 Deg. F. / 6 - 12","","5 - 10 Deg. F.","12-Jun","5 - 10 Deg. F. / 6 - 12","5 - 10 / semi-arid","WY.3","#ffb90f","semi-arid, cold","#5E4FA2","K"
"ARFR-NM930N-66-11","black",5,204,20,39,NA,1080,NA,6.5,1,NA,NA,13.8,1,NA,2,1,NA,2,1,NA,2,53.9,1,NA,2,1,NA,3,1,NA,3,1,3,1,NA,3,1,NA,NA,NA,NA,NA,NA,NA,NA,NA,"Y",NA,"N",NA,"ARFR4-SOS-NM930N-66-11","#F46D43",-107.2045028,36.76818611,"10 - 15 Deg. F. / 3 - 6","","10 - 15 Deg. F.","6-Mar","10 - 15 Deg. F. / 3 - 6","10 - 15 / semi-humid","NM.1","#66e566","semi-humid, cool","#F46D43","C"
"ARFR-WY040-71-10","black",5,205,20,40,257,1081,NA,6,1,NA,NA,8.7,1,NA,2,1,NA,2,1,NA,2,22.4,1,NA,2,1,NA,2,1,NA,2,1,2,1,NA,2,1,NA,NA,NA,NA,NA,NA,NA,NA,NA,"Y",NA,"Y",NA,"ARFR4-SOS-WY040-71-10","#66C2A5",-109.2433156,41.13271889,"5 - 10 Deg. F. / 3 - 6","","5 - 10 Deg. F.","6-Mar","5 - 10 Deg. F. / 3 - 6","5 - 10 / semi-humid","WY.1","#a5c2f1","semi-humid, cold","#66C2A5","I"
"ARFR-WY930-44-LASANIMAS-13","black",5,206,20,41,NA,1082,NA,5.9,1,NA,NA,8.6,1,NA,2,1,NA,2,1,NA,2,29.5,1,NA,2,1,NA,3,1,NA,3,1,3,1,NA,3,1,NA,NA,NA,NA,NA,NA,NA,NA,NA,"Y",NA,"N",NA,"ARFR4-SOS-WY930-44-LASANIMAS-13","#FDAE61",-104.6423889,37.16547222,"15 - 20 Deg. F. / 3 - 6","","15 - 20 Deg. F.","6-Mar","15 - 20 Deg. F. / 3 - 6","15 - 20 / semi-humid","CO.1","#698b69","semi-humid, warm","#FDAE61","D"
"ARFR-WY930-44-LASANIMAS-13","black",5,207,20,42,NA,1083,NA,4.8,1,NA,NA,9.9,1,NA,2,1,NA,2,1,NA,2,29.3,1,NA,2,1,NA,3,1,NA,3,1,3,1,NA,3,1,NA,NA,NA,NA,NA,NA,NA,NA,NA,"Y",NA,"N",NA,"ARFR4-SOS-WY930-44-LASANIMAS-13","#FDAE61",-104.6423889,37.16547222,"15 - 20 Deg. F. / 3 - 6","","15 - 20 Deg. F.","6-Mar","15 - 20 Deg. F. / 3 - 6","15 - 20 / semi-humid","CO.1","#698b69","semi-humid, warm","#FDAE61","D"
"ARFR-CO932-314-JEFFERSON-12","black",5,208,20,43,NA,1084,NA,4.3,1,NA,NA,7.6,1,NA,2,1,NA,2,1,NA,2,40,1,NA,2,1,NA,3,1,NA,3,1,3,1,NA,3,1,NA,NA,NA,NA,NA,NA,NA,NA,NA,"Y",NA,"N",NA,"ARFR4-SOS-CO932-314-JEFFERSON-12","#FEE08B",-105.3553333,39.40902778,"10 - 15 Deg. F. / 3 - 6","","10 - 15 Deg. F.","6-Mar","10 - 15 Deg. F. / 3 - 6","10 - 15 / semi-humid","CO.2","#66e566","semi-humid, cool","#FEE08B","E"
"ARFR-WY040-71-10","black",5,209,20,44,NA,1085,NA,4.1,1,NA,NA,6.8,1,NA,2,1,NA,2,1,NA,2,21.4,1,NA,2,1,NA,3,1,NA,3,1,3,1,NA,3,1,NA,NA,NA,NA,NA,NA,NA,NA,NA,"Y",NA,"N",NA,"ARFR4-SOS-WY040-71-10","#66C2A5",-109.2433156,41.13271889,"5 - 10 Deg. F. / 3 - 6","","5 - 10 Deg. F.","6-Mar","5 - 10 Deg. F. / 3 - 6","5 - 10 / semi-humid","WY.1","#a5c2f1","semi-humid, cold","#66C2A5","I"
"ARFR-WY050-151-FREMONT-16","black",5,210,20,45,258,1086,NA,5.4,1,NA,NA,8.5,1,NA,2,1,NA,2,1,NA,2,14,1,NA,2,1,NA,2,1,NA,2,1,2,1,NA,2,1,NA,NA,NA,NA,NA,NA,NA,NA,NA,"Y",NA,"N",NA,"ARFR4-SOS-WY050-151-FREMONT-16","#3288BD",-108.1704472,42.47886111,"10 - 15 Deg. F. / 6 - 12","","10 - 15 Deg. F.","12-Jun","10 - 15 Deg. F. / 6 - 12","10 - 15 / semi-arid","WY.2","#cd8500","semi-arid, cool","#3288BD","J"
"ARFR-NM930N-66-11","black",5,211,20,46,NA,1087,NA,7,1,NA,NA,13,1,NA,2,1,NA,2,1,NA,2,44.6,1,NA,2,1,NA,3,1,NA,3,1,3,1,NA,3,1,NA,NA,NA,NA,NA,NA,NA,NA,NA,"Y",NA,"Y",NA,"ARFR4-SOS-NM930N-66-11","#F46D43",-107.2045028,36.76818611,"10 - 15 Deg. F. / 3 - 6","","10 - 15 Deg. F.","6-Mar","10 - 15 Deg. F. / 3 - 6","10 - 15 / semi-humid","NM.1","#66e566","semi-humid, cool","#F46D43","C"
"ARFR-NM930N-66-11","black",5,212,20,47,NA,1088,NA,8.5,1,NA,NA,14.5,1,NA,2,1,NA,2,1,NA,2,51.1,1,NA,2,1,NA,3,1,NA,3,1,3,1,NA,3,1,NA,NA,NA,NA,NA,NA,NA,NA,NA,"Y",NA,"N",NA,"ARFR4-SOS-NM930N-66-11","#F46D43",-107.2045028,36.76818611,"10 - 15 Deg. F. / 3 - 6","","10 - 15 Deg. F.","6-Mar","10 - 15 Deg. F. / 3 - 6","10 - 15 / semi-humid","NM.1","#66e566","semi-humid, cool","#F46D43","C"
"ARFR-AZ930-422-NAVAJO-18","black",5,213,20,48,NA,1089,NA,6.5,1,NA,NA,11.8,1,NA,2,1,NA,2,1,NA,2,48.9,1,NA,2,1,NA,3,1,NA,3,1,3,1,NA,3,1,NA,NA,NA,NA,NA,NA,NA,NA,NA,"Y",NA,"N",NA,"ARFR4-SOS-AZ930-422-NAVAJO-18","#D53E4F",-110.431,36.56805,"15 - 20 Deg. F. / 6 - 12","Lats corrected 20230127","15 - 20 Deg. F.","12-Jun","15 - 20 Deg. F. / 6 - 12","15 - 20 / semi-arid","AZ.2","#ee5c42","semi-arid, warm","#D53E4F","B"
"ARFR-WY040-71-10","black",5,214,20,49,NA,1090,NA,5.2,1,NA,NA,7.6,1,NA,2,1,NA,2,1,NA,2,16.2,1,NA,2,1,NA,3,1,NA,3,1,3,1,NA,3,1,NA,NA,NA,NA,NA,NA,NA,NA,NA,"Y",NA,"N",NA,"ARFR4-SOS-WY040-71-10","#66C2A5",-109.2433156,41.13271889,"5 - 10 Deg. F. / 3 - 6","","5 - 10 Deg. F.","6-Mar","5 - 10 Deg. F. / 3 - 6","5 - 10 / semi-humid","WY.1","#a5c2f1","semi-humid, cold","#66C2A5","I"
"ARFR-CO932-316-JEFFERSON-12","black",5,215,20,50,259,1091,NA,5.4,1,NA,NA,7.2,1,NA,2,1,NA,2,1,NA,2,21,1,NA,2,1,NA,3,1,NA,3,1,3,1,NA,3,1,NA,"Yes",NA,112.92,NA,"L",80.942,31.25,24.29,"Y",NA,"N",NA,"ARFR4-SOS-CO932-316-JEFFERSON-12","#FFFF85",-105.358,39.66325,"15 - 20 Deg. F. / 3 - 6","","15 - 20 Deg. F.","6-Mar","15 - 20 Deg. F. / 3 - 6","15 - 20 / semi-humid","CO.3","#698b69","semi-humid, warm","#FFFF85","F"
"ARFR-AZ930-422-NAVAJO-18","black",5,216,20,51,NA,1092,NA,4.3,1,NA,NA,9,1,NA,2,1,NA,2,1,NA,2,34.9,1,NA,2,1,NA,3,1,NA,3,1,3,1,NA,3,1,NA,NA,NA,NA,NA,NA,NA,NA,NA,"Y",NA,"N",NA,"ARFR4-SOS-AZ930-422-NAVAJO-18","#D53E4F",-110.431,36.56805,"15 - 20 Deg. F. / 6 - 12","Lats corrected 20230127","15 - 20 Deg. F.","12-Jun","15 - 20 Deg. F. / 6 - 12","15 - 20 / semi-arid","AZ.2","#ee5c42","semi-arid, warm","#D53E4F","B"
"ARFR-NM930N-66-11","black",5,217,20,52,NA,1093,NA,6.1,1,NA,NA,13.11,1,NA,2,1,NA,2,1,NA,2,49.9,1,NA,2,1,NA,3,1,NA,3,1,3,1,NA,3,1,NA,NA,NA,NA,NA,NA,NA,NA,NA,"Y",NA,"N",NA,"ARFR4-SOS-NM930N-66-11","#F46D43",-107.2045028,36.76818611,"10 - 15 Deg. F. / 3 - 6","","10 - 15 Deg. F.","6-Mar","10 - 15 Deg. F. / 3 - 6","10 - 15 / semi-humid","NM.1","#66e566","semi-humid, cool","#F46D43","C"
"ARFR-WY050-151-FREMONT-16","black",5,218,20,53,NA,1094,NA,5.4,1,NA,NA,6.6,1,NA,2,1,NA,2,1,NA,2,7.9,1,NA,2,1,NA,2,1,NA,2,1,2,1,NA,2,1,NA,NA,NA,NA,NA,NA,NA,NA,NA,"Y",NA,"N",NA,"ARFR4-SOS-WY050-151-FREMONT-16","#3288BD",-108.1704472,42.47886111,"10 - 15 Deg. F. / 6 - 12","","10 - 15 Deg. F.","12-Jun","10 - 15 Deg. F. / 6 - 12","10 - 15 / semi-arid","WY.2","#cd8500","semi-arid, cool","#3288BD","J"
"ARFR-CO932-314-JEFFERSON-12","black",5,219,20,54,NA,1095,NA,3.6,1,NA,NA,6.5,1,NA,2,1,NA,2,1,NA,2,21,1,NA,3,1,NA,3,1,NA,3,1,3,1,NA,3,1,NA,NA,NA,NA,NA,NA,NA,NA,NA,"Y",NA,"N",NA,"ARFR4-SOS-CO932-314-JEFFERSON-12","#FEE08B",-105.3553333,39.40902778,"10 - 15 Deg. F. / 3 - 6","","10 - 15 Deg. F.","6-Mar","10 - 15 Deg. F. / 3 - 6","10 - 15 / semi-humid","CO.2","#66e566","semi-humid, cool","#FEE08B","E"
"ARFR-WY050-151-FREMONT-16","white",6,1,21,1,261,1096,NA,3.9,1,NA,NA,4.1,1,NA,2,1,NA,2,1,NA,2,5.1,1,NA,2,1,NA,2,1,NA,2,1,2,1,NA,2,1,NA,NA,NA,NA,NA,NA,NA,NA,NA,"Y",NA,"N",NA,"ARFR4-SOS-WY050-151-FREMONT-16","#3288BD",-108.1704472,42.47886111,"10 - 15 Deg. F. / 6 - 12","","10 - 15 Deg. F.","12-Jun","10 - 15 Deg. F. / 6 - 12","10 - 15 / semi-arid","WY.2","#cd8500","semi-arid, cool","#3288BD","J"
"ARFR-UT080-109-UINTAH-12","white",6,2,21,2,NA,1097,NA,5,1,NA,NA,15.5,1,NA,2,1,NA,2,1,NA,2,56.6,1,NA,3,1,NA,3,1,NA,3,1,3,1,NA,3,1,NA,NA,NA,NA,NA,NA,NA,NA,NA,"Y",NA,"N",NA,"ARFR4-SOS-UT080-109-UINTAH-12","#aabe7f",-109.1426444,39.70802222,"10 - 15 Deg. F. / 3 - 6","","10 - 15 Deg. F.","6-Mar","10 - 15 Deg. F. / 3 - 6","10 - 15 / semi-humid","UT.1","#66e566","semi-humid, cool","#aabe7f","G"
"ARFR-WY050-49-FREMONT-12","white",6,3,21,3,NA,1098,NA,5.5,1,NA,NA,8.6,1,NA,2,1,NA,2,1,NA,2,11.2,1,NA,2,1,NA,2,1,NA,2,1,2,1,NA,2,1,NA,NA,NA,NA,NA,NA,NA,NA,NA,"Y",NA,"N",NA,"ARFR4-SOS-WY050-49-FREMONT-12","#5E4FA2",-109.34775,43.42663611,"5 - 10 Deg. F. / 6 - 12","","5 - 10 Deg. F.","12-Jun","5 - 10 Deg. F. / 6 - 12","5 - 10 / semi-arid","WY.3","#ffb90f","semi-arid, cold","#5E4FA2","K"
"ARFR-CO932-294-11","white",6,4,21,4,NA,1099,NA,NA,1,"Y","CO 294",5.9,1,"almost dead 5/31",2,1,NA,2,1,NA,2,14.5,1,NA,2,1,NA,3,1,NA,3,1,3,1,NA,3,1,NA,NA,NA,NA,NA,NA,NA,NA,NA,"N",NA,"N",NA,"ARFR4-SOS-CO932-294-11","#ABDDA4",-105.2030833,39.78458333,"15 - 20 Deg. F. / 3 - 6","","15 - 20 Deg. F.","6-Mar","15 - 20 Deg. F. / 3 - 6","15 - 20 / semi-humid","CO.4","#698b69","semi-humid, warm","#ABDDA4","H"
"ARFR-WY040-71-10","white",6,5,21,5,262,1100,NA,7.1,1,NA,NA,10.9,1,NA,2,1,NA,2,1,NA,2,29.6,1,NA,2,1,NA,3,1,NA,3,1,3,1,NA,3,1,NA,NA,NA,NA,NA,NA,NA,NA,NA,"Y",NA,"N",NA,"ARFR4-SOS-WY040-71-10","#66C2A5",-109.2433156,41.13271889,"5 - 10 Deg. F. / 3 - 6","","5 - 10 Deg. F.","6-Mar","5 - 10 Deg. F. / 3 - 6","5 - 10 / semi-humid","WY.1","#a5c2f1","semi-humid, cold","#66C2A5","I"
"ARFR-AZ930-422-NAVAJO-18","white",6,6,21,6,NA,1101,NA,4.9,1,NA,NA,12.5,1,NA,2,1,NA,2,1,NA,2,50.8,1,NA,2,1,NA,3,1,NA,3,1,3,1,NA,3,1,NA,NA,NA,NA,NA,NA,NA,NA,NA,"Y",NA,"N",NA,"ARFR4-SOS-AZ930-422-NAVAJO-18","#D53E4F",-110.431,36.56805,"15 - 20 Deg. F. / 6 - 12","Lats corrected 20230127","15 - 20 Deg. F.","12-Jun","15 - 20 Deg. F. / 6 - 12","15 - 20 / semi-arid","AZ.2","#ee5c42","semi-arid, warm","#D53E4F","B"
"ARFR-WY050-151-FREMONT-16","white",6,7,21,7,NA,1102,NA,4.6,1,NA,NA,4.8,1,NA,2,1,NA,2,1,NA,2,8.7,1,NA,2,1,NA,2,1,NA,2,1,2,1,NA,2,1,NA,NA,NA,NA,NA,NA,NA,NA,NA,"Y",NA,"N",NA,"ARFR4-SOS-WY050-151-FREMONT-16","#3288BD",-108.1704472,42.47886111,"10 - 15 Deg. F. / 6 - 12","","10 - 15 Deg. F.","12-Jun","10 - 15 Deg. F. / 6 - 12","10 - 15 / semi-arid","WY.2","#cd8500","semi-arid, cool","#3288BD","J"
"ARFR-WY040-71-10","white",6,8,21,8,NA,1103,NA,4.4,1,NA,NA,6.2,1,NA,2,1,NA,2,1,NA,2,11,1,NA,2,1,NA,3,1,NA,3,1,3,1,NA,3,1,NA,NA,NA,NA,NA,NA,NA,NA,NA,"Y",NA,"N",NA,"ARFR4-SOS-WY040-71-10","#66C2A5",-109.2433156,41.13271889,"5 - 10 Deg. F. / 3 - 6","","5 - 10 Deg. F.","6-Mar","5 - 10 Deg. F. / 3 - 6","5 - 10 / semi-humid","WY.1","#a5c2f1","semi-humid, cold","#66C2A5","I"
"ARFR-WY050-151-FREMONT-16","white",6,9,21,9,NA,1104,NA,4.5,1,NA,NA,7.1,1,NA,2,1,NA,2,1,NA,2,8.9,1,NA,2,1,NA,2,1,NA,2,1,2,1,NA,2,1,NA,NA,NA,NA,NA,NA,NA,NA,NA,"Y",NA,"N",NA,"ARFR4-SOS-WY050-151-FREMONT-16","#3288BD",-108.1704472,42.47886111,"10 - 15 Deg. F. / 6 - 12","","10 - 15 Deg. F.","12-Jun","10 - 15 Deg. F. / 6 - 12","10 - 15 / semi-arid","WY.2","#cd8500","semi-arid, cool","#3288BD","J"
"ARFR-WY930-44-LASANIMAS-13","white",6,10,21,10,263,1105,NA,4.3,1,NA,NA,8.2,1,NA,2,1,NA,2,1,NA,2,20,1,NA,2,1,NA,2,1,NA,2,1,3,1,NA,3,1,NA,NA,NA,NA,NA,NA,NA,NA,NA,"Y",NA,"N",NA,"ARFR4-SOS-WY930-44-LASANIMAS-13","#FDAE61",-104.6423889,37.16547222,"15 - 20 Deg. F. / 3 - 6","","15 - 20 Deg. F.","6-Mar","15 - 20 Deg. F. / 3 - 6","15 - 20 / semi-humid","CO.1","#698b69","semi-humid, warm","#FDAE61","D"
"ARFR-NM930N-66-11","white",6,11,21,11,NA,1106,NA,12.9,1,NA,NA,19.7,1,NA,2,1,NA,2,1,NA,2,38.6,1,NA,2,1,NA,3,1,NA,3,1,3,1,NA,3,1,NA,NA,NA,NA,NA,NA,NA,NA,NA,"Y",NA,"N",NA,"ARFR4-SOS-NM930N-66-11","#F46D43",-107.2045028,36.76818611,"10 - 15 Deg. F. / 3 - 6","","10 - 15 Deg. F.","6-Mar","10 - 15 Deg. F. / 3 - 6","10 - 15 / semi-humid","NM.1","#66e566","semi-humid, cool","#F46D43","C"
"ARFR-NM930N-66-11","white",6,12,21,12,NA,1107,NA,9,1,NA,NA,13.5,1,NA,2,1,NA,2,1,NA,2,45.7,1,NA,3,1,NA,3,1,NA,3,1,3,1,NA,3,1,NA,NA,NA,NA,NA,NA,NA,NA,NA,"Y",NA,"N",NA,"ARFR4-SOS-NM930N-66-11","#F46D43",-107.2045028,36.76818611,"10 - 15 Deg. F. / 3 - 6","","10 - 15 Deg. F.","6-Mar","10 - 15 Deg. F. / 3 - 6","10 - 15 / semi-humid","NM.1","#66e566","semi-humid, cool","#F46D43","C"
"ARFR-NM930N-66-11","white",6,13,21,13,NA,1108,NA,8.2,1,NA,NA,17.8,1,NA,2,1,NA,2,1,NA,2,51.5,1,NA,2,1,NA,3,1,NA,3,1,3,1,NA,3,1,NA,NA,NA,NA,NA,NA,NA,NA,NA,"Y",NA,"N",NA,"ARFR4-SOS-NM930N-66-11","#F46D43",-107.2045028,36.76818611,"10 - 15 Deg. F. / 3 - 6","","10 - 15 Deg. F.","6-Mar","10 - 15 Deg. F. / 3 - 6","10 - 15 / semi-humid","NM.1","#66e566","semi-humid, cool","#F46D43","C"
"ARFR-WY050-151-FREMONT-16","white",6,14,21,14,NA,1109,NA,5.1,1,NA,NA,6.3,1,NA,2,1,NA,2,1,NA,2,7.1,1,NA,2,1,NA,2,1,NA,2,1,2,1,NA,2,1,NA,NA,NA,NA,NA,NA,NA,NA,NA,"Y",NA,"N",NA,"ARFR4-SOS-WY050-151-FREMONT-16","#3288BD",-108.1704472,42.47886111,"10 - 15 Deg. F. / 6 - 12","","10 - 15 Deg. F.","12-Jun","10 - 15 Deg. F. / 6 - 12","10 - 15 / semi-arid","WY.2","#cd8500","semi-arid, cool","#3288BD","J"
"ARFR-CO932-314-JEFFERSON-12","white",6,15,21,15,264,1110,NA,7,1,NA,NA,11.4,1,NA,2,1,NA,2,1,NA,2,39.9,1,NA,2,1,NA,3,1,NA,3,1,3,1,NA,3,1,NA,NA,NA,NA,NA,NA,NA,NA,NA,"Y",NA,"N",NA,"ARFR4-SOS-CO932-314-JEFFERSON-12","#FEE08B",-105.3553333,39.40902778,"10 - 15 Deg. F. / 3 - 6","","10 - 15 Deg. F.","6-Mar","10 - 15 Deg. F. / 3 - 6","10 - 15 / semi-humid","CO.2","#66e566","semi-humid, cool","#FEE08B","E"
"ARFR-CO932-316-JEFFERSON-12","white",6,16,21,16,NA,1111,NA,4.9,1,NA,NA,14.4,1,NA,2,1,NA,2,1,NA,2,32.5,1,NA,2,1,NA,3,1,NA,3,1,3,1,NA,3,1,NA,NA,NA,NA,NA,NA,NA,NA,NA,"Y",NA,"N",NA,"ARFR4-SOS-CO932-316-JEFFERSON-12","#FFFF85",-105.358,39.66325,"15 - 20 Deg. F. / 3 - 6","","15 - 20 Deg. F.","6-Mar","15 - 20 Deg. F. / 3 - 6","15 - 20 / semi-humid","CO.3","#698b69","semi-humid, warm","#FFFF85","F"
"ARFR-WY050-151-FREMONT-16","white",6,17,21,17,NA,1112,NA,4.4,1,NA,NA,7.5,1,NA,2,1,NA,2,1,NA,2,7.3,1,NA,2,1,NA,2,1,NA,2,1,2,1,NA,2,1,NA,NA,NA,NA,NA,NA,NA,NA,NA,"Y",NA,"N",NA,"ARFR4-SOS-WY050-151-FREMONT-16","#3288BD",-108.1704472,42.47886111,"10 - 15 Deg. F. / 6 - 12","","10 - 15 Deg. F.","12-Jun","10 - 15 Deg. F. / 6 - 12","10 - 15 / semi-arid","WY.2","#cd8500","semi-arid, cool","#3288BD","J"
"ARFR-WY040-71-10","white",6,18,21,18,NA,1113,NA,7,1,NA,NA,10.5,1,NA,2,1,NA,2,1,NA,2,28.8,1,NA,2,1,NA,3,1,NA,3,1,3,1,NA,3,1,NA,NA,NA,NA,NA,NA,NA,NA,NA,"Y",NA,"N",NA,"ARFR4-SOS-WY040-71-10","#66C2A5",-109.2433156,41.13271889,"5 - 10 Deg. F. / 3 - 6","","5 - 10 Deg. F.","6-Mar","5 - 10 Deg. F. / 3 - 6","5 - 10 / semi-humid","WY.1","#a5c2f1","semi-humid, cold","#66C2A5","I"
"ARFR-AZ930-423-NAVAJO-18","white",6,19,21,19,NA,1114,NA,4.8,1,NA,NA,3.8,1,NA,2,1,NA,2,1,NA,2,51.5,1,NA,2,1,NA,3,1,NA,3,1,3,1,NA,3,1,NA,NA,NA,NA,NA,NA,NA,NA,NA,"Y",NA,"N",NA,"ARFR4-SOS-AZ930-423-NAVAJO-18","#9E0142",-110.431,36.45877,"15 - 20 Deg. F. / 6 - 12","SdZones downloaded 20230823","15 - 20 Deg. F.","12-Jun","15 - 20 Deg. F. / 6 - 12","15 - 20 / semi-arid","AZ.1","#ee5c42","semi-arid, warm","#9E0142","A"
"ARFR-WY930-44-LASANIMAS-13","white",6,20,21,20,265,1115,NA,9,1,NA,NA,13.4,1,NA,2,1,NA,2,1,NA,2,28,1,NA,2,1,NA,3,1,NA,3,1,3,1,NA,3,1,NA,NA,NA,NA,NA,NA,NA,NA,NA,"Y",NA,"N",NA,"ARFR4-SOS-WY930-44-LASANIMAS-13","#FDAE61",-104.6423889,37.16547222,"15 - 20 Deg. F. / 3 - 6","","15 - 20 Deg. F.","6-Mar","15 - 20 Deg. F. / 3 - 6","15 - 20 / semi-humid","CO.1","#698b69","semi-humid, warm","#FDAE61","D"
"ARFR-UT080-109-UINTAH-12","white",6,21,21,21,NA,1116,NA,5.5,1,NA,NA,9.6,1,NA,2,1,NA,2,1,NA,2,45.9,1,NA,2,1,NA,3,1,NA,3,1,3,1,NA,3,1,NA,NA,NA,NA,NA,NA,NA,NA,NA,"Y",NA,"N",NA,"ARFR4-SOS-UT080-109-UINTAH-12","#aabe7f",-109.1426444,39.70802222,"10 - 15 Deg. F. / 3 - 6","","10 - 15 Deg. F.","6-Mar","10 - 15 Deg. F. / 3 - 6","10 - 15 / semi-humid","UT.1","#66e566","semi-humid, cool","#aabe7f","G"
"ARFR-NM930N-66-11","white",6,22,21,22,NA,1117,NA,7,1,NA,NA,16.5,1,NA,2,1,NA,2,1,NA,2,55.3,1,NA,3,1,NA,3,1,NA,3,1,3,1,NA,3,1,NA,NA,NA,NA,NA,NA,NA,NA,NA,"Y",NA,"N",NA,"ARFR4-SOS-NM930N-66-11","#F46D43",-107.2045028,36.76818611,"10 - 15 Deg. F. / 3 - 6","","10 - 15 Deg. F.","6-Mar","10 - 15 Deg. F. / 3 - 6","10 - 15 / semi-humid","NM.1","#66e566","semi-humid, cool","#F46D43","C"
"ARFR-UT080-109-UINTAH-12","white",6,23,21,23,NA,1118,NA,6.2,1,NA,NA,11.7,1,NA,2,1,NA,2,1,NA,2,43.6,1,NA,2,1,NA,3,1,NA,3,1,3,1,NA,3,1,NA,NA,NA,NA,NA,NA,NA,NA,NA,"Y",NA,"N",NA,"ARFR4-SOS-UT080-109-UINTAH-12","#aabe7f",-109.1426444,39.70802222,"10 - 15 Deg. F. / 3 - 6","","10 - 15 Deg. F.","6-Mar","10 - 15 Deg. F. / 3 - 6","10 - 15 / semi-humid","UT.1","#66e566","semi-humid, cool","#aabe7f","G"
"ARFR-WY040-71-10","white",6,24,21,24,NA,1119,NA,3.5,1,NA,NA,7.7,1,NA,2,1,NA,2,1,NA,2,28.2,1,NA,3,1,NA,3,1,NA,3,1,3,1,NA,3,1,NA,NA,NA,NA,NA,NA,NA,NA,NA,"Y",NA,"N",NA,"ARFR4-SOS-WY040-71-10","#66C2A5",-109.2433156,41.13271889,"5 - 10 Deg. F. / 3 - 6","","5 - 10 Deg. F.","6-Mar","5 - 10 Deg. F. / 3 - 6","5 - 10 / semi-humid","WY.1","#a5c2f1","semi-humid, cold","#66C2A5","I"
"ARFR-CO932-314-JEFFERSON-12","white",6,25,21,25,266,1120,NA,4,1,NA,NA,9.2,1,NA,2,1,NA,2,1,NA,2,28,1,NA,2,1,NA,3,1,NA,3,1,3,1,NA,3,1,NA,NA,NA,NA,NA,NA,NA,NA,NA,"Y",NA,"N",NA,"ARFR4-SOS-CO932-314-JEFFERSON-12","#FEE08B",-105.3553333,39.40902778,"10 - 15 Deg. F. / 3 - 6","","10 - 15 Deg. F.","6-Mar","10 - 15 Deg. F. / 3 - 6","10 - 15 / semi-humid","CO.2","#66e566","semi-humid, cool","#FEE08B","E"
"ARFR-UT080-109-UINTAH-12","white",6,26,21,26,NA,1121,NA,7.5,1,NA,NA,13.9,1,NA,2,1,NA,2,1,NA,2,43.4,1,NA,2,1,NA,3,1,NA,3,1,3,1,NA,3,1,NA,NA,NA,NA,NA,NA,NA,NA,NA,"Y",NA,"N",NA,"ARFR4-SOS-UT080-109-UINTAH-12","#aabe7f",-109.1426444,39.70802222,"10 - 15 Deg. F. / 3 - 6","","10 - 15 Deg. F.","6-Mar","10 - 15 Deg. F. / 3 - 6","10 - 15 / semi-humid","UT.1","#66e566","semi-humid, cool","#aabe7f","G"
"ARFR-WY050-49-FREMONT-12","white",6,27,21,27,NA,1122,NA,6.1,1,NA,NA,9.7,1,NA,2,1,NA,2,1,NA,2,33.5,1,NA,2,1,NA,3,1,NA,3,1,3,1,NA,3,1,NA,NA,NA,NA,NA,NA,NA,NA,NA,"Y",NA,"N",NA,"ARFR4-SOS-WY050-49-FREMONT-12","#5E4FA2",-109.34775,43.42663611,"5 - 10 Deg. F. / 6 - 12","","5 - 10 Deg. F.","12-Jun","5 - 10 Deg. F. / 6 - 12","5 - 10 / semi-arid","WY.3","#ffb90f","semi-arid, cold","#5E4FA2","K"
"ARFR-WY050-49-FREMONT-12","white",6,28,21,28,NA,1123,NA,6,1,NA,NA,10.4,1,NA,2,1,NA,2,1,NA,2,21.1,1,NA,2,1,NA,3,1,NA,3,1,3,1,NA,3,1,NA,NA,NA,NA,NA,NA,NA,NA,NA,"Y",NA,"N",NA,"ARFR4-SOS-WY050-49-FREMONT-12","#5E4FA2",-109.34775,43.42663611,"5 - 10 Deg. F. / 6 - 12","","5 - 10 Deg. F.","12-Jun","5 - 10 Deg. F. / 6 - 12","5 - 10 / semi-arid","WY.3","#ffb90f","semi-arid, cold","#5E4FA2","K"
"ARFR-NM930N-66-11","white",6,29,21,29,NA,1124,NA,7.1,1,NA,NA,13.9,1,NA,2,1,NA,2,1,NA,2,46.8,1,NA,2,1,NA,3,1,NA,3,1,3,1,NA,3,1,NA,NA,NA,NA,NA,NA,NA,NA,NA,"Y",NA,"N",NA,"ARFR4-SOS-NM930N-66-11","#F46D43",-107.2045028,36.76818611,"10 - 15 Deg. F. / 3 - 6","","10 - 15 Deg. F.","6-Mar","10 - 15 Deg. F. / 3 - 6","10 - 15 / semi-humid","NM.1","#66e566","semi-humid, cool","#F46D43","C"
"ARFR-AZ930-423-NAVAJO-18","white",6,30,21,30,267,1125,NA,3,1,NA,NA,15.2,1,NA,2,1,NA,2,1,NA,2,36.1,1,NA,2,1,NA,3,1,NA,3,1,3,1,NA,3,1,NA,NA,NA,NA,NA,NA,NA,NA,NA,"Y",NA,"N",NA,"ARFR4-SOS-AZ930-423-NAVAJO-18","#9E0142",-110.431,36.45877,"15 - 20 Deg. F. / 6 - 12","SdZones downloaded 20230823","15 - 20 Deg. F.","12-Jun","15 - 20 Deg. F. / 6 - 12","15 - 20 / semi-arid","AZ.1","#ee5c42","semi-arid, warm","#9E0142","A"
"ARFR-CO932-316-JEFFERSON-12","white",6,31,21,31,NA,1126,NA,4.7,1,NA,NA,11.6,1,NA,2,1,NA,2,1,NA,2,32.3,1,NA,2,1,NA,3,1,NA,3,1,3,1,NA,3,1,NA,NA,NA,NA,NA,NA,NA,NA,NA,"Y",NA,"N",NA,"ARFR4-SOS-CO932-316-JEFFERSON-12","#FFFF85",-105.358,39.66325,"15 - 20 Deg. F. / 3 - 6","","15 - 20 Deg. F.","6-Mar","15 - 20 Deg. F. / 3 - 6","15 - 20 / semi-humid","CO.3","#698b69","semi-humid, warm","#FFFF85","F"
"ARFR-CO932-316-JEFFERSON-12","white",6,32,21,32,NA,1127,NA,6,1,NA,NA,12.2,1,NA,2,1,NA,2,1,NA,2,38.6,1,NA,2,1,NA,3,1,NA,3,1,3,1,NA,3,1,NA,NA,NA,NA,NA,NA,NA,NA,NA,"Y",NA,"N",NA,"ARFR4-SOS-CO932-316-JEFFERSON-12","#FFFF85",-105.358,39.66325,"15 - 20 Deg. F. / 3 - 6","","15 - 20 Deg. F.","6-Mar","15 - 20 Deg. F. / 3 - 6","15 - 20 / semi-humid","CO.3","#698b69","semi-humid, warm","#FFFF85","F"
"ARFR-AZ930-422-NAVAJO-18","white",6,33,21,33,NA,1128,NA,7,1,NA,NA,14.9,1,NA,2,1,NA,2,1,NA,2,50.4,1,NA,2,1,NA,3,1,NA,3,1,3,1,NA,3,1,NA,NA,NA,NA,NA,NA,NA,NA,NA,"Y",NA,"N",NA,"ARFR4-SOS-AZ930-422-NAVAJO-18","#D53E4F",-110.431,36.56805,"15 - 20 Deg. F. / 6 - 12","Lats corrected 20230127","15 - 20 Deg. F.","12-Jun","15 - 20 Deg. F. / 6 - 12","15 - 20 / semi-arid","AZ.2","#ee5c42","semi-arid, warm","#D53E4F","B"
"ARFR-AZ930-422-NAVAJO-18","white",6,34,21,34,NA,1129,NA,5.9,1,NA,NA,18.5,1,NA,2,1,NA,2,1,NA,2,57.6,1,NA,2,1,NA,3,1,NA,3,1,3,1,NA,3,1,NA,NA,"Yes",NA,121.03,"L",89.052,35.61,28.65,"Y",NA,"N",NA,"ARFR4-SOS-AZ930-422-NAVAJO-18","#D53E4F",-110.431,36.56805,"15 - 20 Deg. F. / 6 - 12","Lats corrected 20230127","15 - 20 Deg. F.","12-Jun","15 - 20 Deg. F. / 6 - 12","15 - 20 / semi-arid","AZ.2","#ee5c42","semi-arid, warm","#D53E4F","B"
"ARFR-AZ930-423-NAVAJO-18","white",6,35,21,35,268,1130,NA,5.7,1,NA,NA,13.9,1,NA,2,1,NA,2,1,NA,2,39.3,1,NA,2,1,NA,3,1,NA,3,1,3,1,NA,3,1,NA,NA,NA,NA,NA,NA,NA,NA,NA,"Y",NA,"Y",NA,"ARFR4-SOS-AZ930-423-NAVAJO-18","#9E0142",-110.431,36.45877,"15 - 20 Deg. F. / 6 - 12","SdZones downloaded 20230823","15 - 20 Deg. F.","12-Jun","15 - 20 Deg. F. / 6 - 12","15 - 20 / semi-arid","AZ.1","#ee5c42","semi-arid, warm","#9E0142","A"
"ARFR-WY050-151-FREMONT-16","white",6,36,21,36,NA,1131,NA,4.8,1,NA,NA,5.6,1,NA,2,1,NA,2,1,NA,2,5.2,1,NA,2,1,NA,3,1,NA,3,1,3,1,NA,3,1,NA,NA,NA,NA,NA,NA,NA,NA,NA,"Y",NA,"N",NA,"ARFR4-SOS-WY050-151-FREMONT-16","#3288BD",-108.1704472,42.47886111,"10 - 15 Deg. F. / 6 - 12","","10 - 15 Deg. F.","12-Jun","10 - 15 Deg. F. / 6 - 12","10 - 15 / semi-arid","WY.2","#cd8500","semi-arid, cool","#3288BD","J"
"ARFR-AZ930-422-NAVAJO-18","white",6,37,21,37,NA,1132,NA,6.1,1,NA,NA,12.2,1,NA,2,1,NA,2,1,NA,2,43.1,1,NA,2,1,NA,3,1,NA,3,1,3,1,NA,3,1,NA,NA,NA,NA,NA,NA,NA,NA,NA,"Y",NA,"N",NA,"ARFR4-SOS-AZ930-422-NAVAJO-18","#D53E4F",-110.431,36.56805,"15 - 20 Deg. F. / 6 - 12","Lats corrected 20230127","15 - 20 Deg. F.","12-Jun","15 - 20 Deg. F. / 6 - 12","15 - 20 / semi-arid","AZ.2","#ee5c42","semi-arid, warm","#D53E4F","B"
"ARFR-CO932-316-JEFFERSON-12","white",6,38,21,38,NA,1133,NA,5.5,1,NA,NA,9,1,NA,2,1,NA,2,1,NA,2,16.8,1,NA,2,1,NA,3,1,NA,3,1,3,1,NA,3,1,NA,NA,"Yes",NA,77.86,"L",45.882,17,10.04,"Y",NA,"N",NA,"ARFR4-SOS-CO932-316-JEFFERSON-12","#FFFF85",-105.358,39.66325,"15 - 20 Deg. F. / 3 - 6","","15 - 20 Deg. F.","6-Mar","15 - 20 Deg. F. / 3 - 6","15 - 20 / semi-humid","CO.3","#698b69","semi-humid, warm","#FFFF85","F"
"ARFR-NM930N-66-11","white",6,39,21,39,NA,1134,NA,8.4,1,NA,NA,16.3,1,NA,2,1,NA,2,1,NA,2,46.6,1,NA,2,1,NA,3,1,NA,3,1,3,1,NA,3,1,NA,NA,NA,NA,NA,NA,NA,NA,NA,"Y",NA,"N",NA,"ARFR4-SOS-NM930N-66-11","#F46D43",-107.2045028,36.76818611,"10 - 15 Deg. F. / 3 - 6","","10 - 15 Deg. F.","6-Mar","10 - 15 Deg. F. / 3 - 6","10 - 15 / semi-humid","NM.1","#66e566","semi-humid, cool","#F46D43","C"
"ARFR-WY930-44-LASANIMAS-13","white",6,40,21,40,269,1135,NA,5.1,1,NA,NA,11.9,1,NA,2,1,NA,2,1,NA,2,29.4,1,NA,2,1,NA,3,1,NA,3,1,3,1,NA,3,1,NA,NA,NA,NA,NA,NA,NA,NA,NA,"Y",NA,"N",NA,"ARFR4-SOS-WY930-44-LASANIMAS-13","#FDAE61",-104.6423889,37.16547222,"15 - 20 Deg. F. / 3 - 6","","15 - 20 Deg. F.","6-Mar","15 - 20 Deg. F. / 3 - 6","15 - 20 / semi-humid","CO.1","#698b69","semi-humid, warm","#FDAE61","D"
"ARFR-AZ930-423-NAVAJO-18","white",6,41,21,41,NA,1136,NA,6,1,NA,NA,11.5,1,NA,2,1,NA,2,1,NA,2,39.5,1,NA,2,1,NA,3,1,NA,3,1,3,1,NA,3,1,NA,NA,NA,NA,NA,NA,NA,NA,NA,"Y",NA,"N",NA,"ARFR4-SOS-AZ930-423-NAVAJO-18","#9E0142",-110.431,36.45877,"15 - 20 Deg. F. / 6 - 12","SdZones downloaded 20230823","15 - 20 Deg. F.","12-Jun","15 - 20 Deg. F. / 6 - 12","15 - 20 / semi-arid","AZ.1","#ee5c42","semi-arid, warm","#9E0142","A"
"ARFR-WY050-49-FREMONT-12","white",6,42,21,42,NA,1137,NA,4.8,1,"N",NA,NA,0,"dying? 5/31 dead 6/24",NA,0,NA,NA,0,NA,NA,NA,0,NA,NA,0,NA,NA,0,NA,NA,0,NA,0,NA,NA,0,NA,NA,NA,NA,NA,NA,NA,NA,NA,"N",NA,"N",NA,"ARFR4-SOS-WY050-49-FREMONT-12","#5E4FA2",-109.34775,43.42663611,"5 - 10 Deg. F. / 6 - 12","","5 - 10 Deg. F.","12-Jun","5 - 10 Deg. F. / 6 - 12","5 - 10 / semi-arid","WY.3","#ffb90f","semi-arid, cold","#5E4FA2","K"
"ARFR-WY040-71-10","white",6,43,21,43,NA,1138,NA,3.9,1,NA,NA,5.9,1,NA,2,1,NA,2,1,NA,2,6,1,NA,2,1,NA,2,1,NA,2,1,2,1,NA,2,1,NA,NA,NA,NA,NA,NA,NA,NA,NA,"N",NA,"N",NA,"ARFR4-SOS-WY040-71-10","#66C2A5",-109.2433156,41.13271889,"5 - 10 Deg. F. / 3 - 6","","5 - 10 Deg. F.","6-Mar","5 - 10 Deg. F. / 3 - 6","5 - 10 / semi-humid","WY.1","#a5c2f1","semi-humid, cold","#66C2A5","I"
"ARFR-UT080-109-UINTAH-12","white",6,44,21,44,NA,1139,NA,6.7,1,NA,NA,12.7,1,NA,2,1,NA,2,1,NA,2,40,1,NA,2,1,NA,3,1,NA,3,1,3,1,NA,3,1,NA,NA,NA,NA,NA,NA,NA,NA,NA,"Y",NA,"N",NA,"ARFR4-SOS-UT080-109-UINTAH-12","#aabe7f",-109.1426444,39.70802222,"10 - 15 Deg. F. / 3 - 6","","10 - 15 Deg. F.","6-Mar","10 - 15 Deg. F. / 3 - 6","10 - 15 / semi-humid","UT.1","#66e566","semi-humid, cool","#aabe7f","G"
"ARFR-CO932-316-JEFFERSON-12","white",6,45,21,45,270,1140,NA,6.8,1,NA,NA,10.5,1,NA,2,1,NA,2,1,NA,2,37.7,1,NA,2,1,NA,3,1,NA,3,1,3,1,NA,3,1,NA,NA,NA,NA,NA,NA,NA,NA,NA,"Y",NA,"N",NA,"ARFR4-SOS-CO932-316-JEFFERSON-12","#FFFF85",-105.358,39.66325,"15 - 20 Deg. F. / 3 - 6","","15 - 20 Deg. F.","6-Mar","15 - 20 Deg. F. / 3 - 6","15 - 20 / semi-humid","CO.3","#698b69","semi-humid, warm","#FFFF85","F"
"ARFR-WY050-49-FREMONT-12","white",6,46,21,46,NA,1141,NA,2.7,1,NA,NA,7.4,1,NA,2,1,NA,2,1,NA,2,12.1,1,NA,2,1,NA,2,1,NA,2,1,3,1,NA,3,1,"Initially marked at 2 but was 3 last time. Check to resolve. ",NA,NA,NA,NA,NA,NA,NA,NA,"Y",NA,"N",NA,"ARFR4-SOS-WY050-49-FREMONT-12","#5E4FA2",-109.34775,43.42663611,"5 - 10 Deg. F. / 6 - 12","","5 - 10 Deg. F.","12-Jun","5 - 10 Deg. F. / 6 - 12","5 - 10 / semi-arid","WY.3","#ffb90f","semi-arid, cold","#5E4FA2","K"
"ARFR-AZ930-423-NAVAJO-18","white",6,47,21,47,NA,1142,NA,4.5,1,NA,NA,10.2,1,NA,2,1,NA,2,1,NA,2,45.5,1,NA,2,1,NA,3,1,NA,3,1,3,1,NA,3,1,NA,NA,NA,NA,NA,NA,NA,NA,NA,"Y",NA,"N",NA,"ARFR4-SOS-AZ930-423-NAVAJO-18","#9E0142",-110.431,36.45877,"15 - 20 Deg. F. / 6 - 12","SdZones downloaded 20230823","15 - 20 Deg. F.","12-Jun","15 - 20 Deg. F. / 6 - 12","15 - 20 / semi-arid","AZ.1","#ee5c42","semi-arid, warm","#9E0142","A"
"ARFR-AZ930-423-NAVAJO-18","white",6,48,21,48,NA,1143,NA,6.4,1,"N",NA,NA,0,"dying? 5/31 dead 6/24",NA,0,NA,NA,0,NA,NA,NA,0,NA,NA,0,NA,NA,0,NA,NA,0,NA,0,NA,NA,0,NA,NA,NA,NA,NA,NA,NA,NA,NA,"N",NA,"N",NA,"ARFR4-SOS-AZ930-423-NAVAJO-18","#9E0142",-110.431,36.45877,"15 - 20 Deg. F. / 6 - 12","SdZones downloaded 20230823","15 - 20 Deg. F.","12-Jun","15 - 20 Deg. F. / 6 - 12","15 - 20 / semi-arid","AZ.1","#ee5c42","semi-arid, warm","#9E0142","A"
"ARFR-WY050-49-FREMONT-12","white",6,49,21,49,NA,1144,NA,5.4,1,NA,NA,6.5,1,NA,2,1,NA,2,1,NA,2,15.7,1,NA,2,1,NA,2,1,NA,2,1,3,1,NA,3,1,"Initially marked at 2 but was 3 last time. Check to resolve. ",NA,NA,NA,NA,NA,NA,NA,NA,"Y",NA,"N",NA,"ARFR4-SOS-WY050-49-FREMONT-12","#5E4FA2",-109.34775,43.42663611,"5 - 10 Deg. F. / 6 - 12","","5 - 10 Deg. F.","12-Jun","5 - 10 Deg. F. / 6 - 12","5 - 10 / semi-arid","WY.3","#ffb90f","semi-arid, cold","#5E4FA2","K"
"ARFR-WY050-151-FREMONT-16","white",6,50,21,50,271,1145,NA,6.9,1,NA,NA,9.3,1,NA,2,1,NA,2,1,NA,2,13.2,1,NA,2,1,NA,3,1,NA,3,1,3,1,NA,3,1,NA,NA,NA,NA,NA,NA,NA,NA,NA,"Y",NA,"N",NA,"ARFR4-SOS-WY050-151-FREMONT-16","#3288BD",-108.1704472,42.47886111,"10 - 15 Deg. F. / 6 - 12","","10 - 15 Deg. F.","12-Jun","10 - 15 Deg. F. / 6 - 12","10 - 15 / semi-arid","WY.2","#cd8500","semi-arid, cool","#3288BD","J"
"ARFR-NM930N-66-11","white",6,51,21,51,NA,1146,NA,7.2,1,NA,NA,7.4,1,NA,2,1,NA,2,1,NA,2,20.3,1,NA,2,1,NA,3,1,NA,3,1,3,1,NA,3,1,NA,NA,NA,NA,NA,NA,NA,NA,NA,"Y",NA,"N",NA,"ARFR4-SOS-NM930N-66-11","#F46D43",-107.2045028,36.76818611,"10 - 15 Deg. F. / 3 - 6","","10 - 15 Deg. F.","6-Mar","10 - 15 Deg. F. / 3 - 6","10 - 15 / semi-humid","NM.1","#66e566","semi-humid, cool","#F46D43","C"
"ARFR-WY930-44-LASANIMAS-13","white",6,52,21,52,NA,1147,NA,5.7,1,NA,NA,12.2,1,NA,2,1,NA,2,1,NA,2,38.5,1,NA,2,1,NA,3,1,NA,3,1,3,1,NA,3,1,NA,NA,NA,NA,NA,NA,NA,NA,NA,"Y",NA,"N",NA,"ARFR4-SOS-WY930-44-LASANIMAS-13","#FDAE61",-104.6423889,37.16547222,"15 - 20 Deg. F. / 3 - 6","","15 - 20 Deg. F.","6-Mar","15 - 20 Deg. F. / 3 - 6","15 - 20 / semi-humid","CO.1","#698b69","semi-humid, warm","#FDAE61","D"
"ARFR-WY040-71-10","white",6,53,21,53,NA,1148,NA,4.8,1,NA,NA,8,1,"burried 5/27",2,1,NA,2,1,NA,2,11.4,1,NA,2,1,NA,2,1,NA,2,1,2,1,NA,2,1,NA,NA,NA,NA,NA,NA,NA,NA,NA,"N",NA,"N",NA,"ARFR4-SOS-WY040-71-10","#66C2A5",-109.2433156,41.13271889,"5 - 10 Deg. F. / 3 - 6","","5 - 10 Deg. F.","6-Mar","5 - 10 Deg. F. / 3 - 6","5 - 10 / semi-humid","WY.1","#a5c2f1","semi-humid, cold","#66C2A5","I"
"ARFR-CO932-294-11","white",6,54,21,54,NA,1149,NA,7.5,1,NA,NA,12.3,1,NA,2,1,NA,2,1,NA,2,25.2,1,NA,2,1,NA,3,1,NA,3,1,3,1,NA,3,1,NA,NA,NA,NA,NA,NA,NA,NA,NA,"Y",NA,"Y",NA,"ARFR4-SOS-CO932-294-11","#ABDDA4",-105.2030833,39.78458333,"15 - 20 Deg. F. / 3 - 6","","15 - 20 Deg. F.","6-Mar","15 - 20 Deg. F. / 3 - 6","15 - 20 / semi-humid","CO.4","#698b69","semi-humid, warm","#ABDDA4","H"
"ARFR-CO932-294-11","white",6,55,21,55,272,1150,NA,4.7,1,NA,NA,5.3,1,NA,2,1,NA,2,1,NA,2,16,1,NA,2,1,NA,3,1,NA,3,1,3,1,NA,3,1,NA,NA,NA,NA,NA,NA,NA,NA,NA,"Y",NA,"N",NA,"ARFR4-SOS-CO932-294-11","#ABDDA4",-105.2030833,39.78458333,"15 - 20 Deg. F. / 3 - 6","","15 - 20 Deg. F.","6-Mar","15 - 20 Deg. F. / 3 - 6","15 - 20 / semi-humid","CO.4","#698b69","semi-humid, warm","#ABDDA4","H"
"ARFR-UT080-109-UINTAH-12","white",6,56,22,1,261,1151,NA,7.6,1,NA,NA,12.9,1,NA,2,1,NA,2,1,NA,2,33.6,1,NA,2,1,NA,3,1,NA,3,1,3,1,NA,3,1,NA,NA,NA,NA,NA,NA,NA,NA,NA,"Y",NA,"N",NA,"ARFR4-SOS-UT080-109-UINTAH-12","#aabe7f",-109.1426444,39.70802222,"10 - 15 Deg. F. / 3 - 6","","10 - 15 Deg. F.","6-Mar","10 - 15 Deg. F. / 3 - 6","10 - 15 / semi-humid","UT.1","#66e566","semi-humid, cool","#aabe7f","G"
"ARFR-NM930N-66-11","white",6,57,22,2,NA,1152,NA,10.3,1,NA,NA,24.7,1,NA,2,1,NA,2,1,NA,2,64.2,1,NA,3,1,NA,3,1,NA,3,1,3,1,NA,3,1,NA,NA,NA,NA,NA,NA,NA,NA,NA,"Y",NA,"N",NA,"ARFR4-SOS-NM930N-66-11","#F46D43",-107.2045028,36.76818611,"10 - 15 Deg. F. / 3 - 6","","10 - 15 Deg. F.","6-Mar","10 - 15 Deg. F. / 3 - 6","10 - 15 / semi-humid","NM.1","#66e566","semi-humid, cool","#F46D43","C"
"ARFR-CO932-294-11","white",6,58,22,3,NA,1153,NA,6.4,1,NA,NA,10,1,NA,2,1,NA,2,1,NA,2,29.5,1,NA,2,1,NA,3,1,NA,3,1,3,1,NA,3,1,NA,NA,NA,NA,NA,NA,NA,NA,NA,"Y",NA,"Y",NA,"ARFR4-SOS-CO932-294-11","#ABDDA4",-105.2030833,39.78458333,"15 - 20 Deg. F. / 3 - 6","","15 - 20 Deg. F.","6-Mar","15 - 20 Deg. F. / 3 - 6","15 - 20 / semi-humid","CO.4","#698b69","semi-humid, warm","#ABDDA4","H"
"ARFR-WY050-49-FREMONT-12","white",6,59,22,4,NA,1154,NA,3.8,1,NA,NA,3.8,1,NA,2,1,NA,2,1,NA,2,5.7,1,NA,2,1,NA,2,1,NA,2,1,2,1,NA,2,1,NA,NA,NA,NA,NA,NA,NA,NA,NA,"N",NA,"N",NA,"ARFR4-SOS-WY050-49-FREMONT-12","#5E4FA2",-109.34775,43.42663611,"5 - 10 Deg. F. / 6 - 12","","5 - 10 Deg. F.","12-Jun","5 - 10 Deg. F. / 6 - 12","5 - 10 / semi-arid","WY.3","#ffb90f","semi-arid, cold","#5E4FA2","K"
"ARFR-NM930N-66-11","white",6,60,22,5,262,1155,NA,11.1,1,NA,NA,18.5,1,NA,2,1,NA,2,1,NA,2,61.5,1,NA,2,1,NA,3,1,NA,3,1,3,1,NA,3,1,NA,NA,NA,NA,NA,NA,NA,NA,NA,"Y",NA,"N",NA,"ARFR4-SOS-NM930N-66-11","#F46D43",-107.2045028,36.76818611,"10 - 15 Deg. F. / 3 - 6","","10 - 15 Deg. F.","6-Mar","10 - 15 Deg. F. / 3 - 6","10 - 15 / semi-humid","NM.1","#66e566","semi-humid, cool","#F46D43","C"
"ARFR-CO932-316-JEFFERSON-12","white",6,61,22,6,NA,1156,NA,7.5,1,NA,NA,10.1,1,NA,2,1,NA,2,1,NA,2,35.5,1,NA,2,1,NA,3,1,NA,3,1,3,1,NA,3,1,NA,NA,NA,NA,NA,NA,NA,NA,NA,"Y",NA,"N",NA,"ARFR4-SOS-CO932-316-JEFFERSON-12","#FFFF85",-105.358,39.66325,"15 - 20 Deg. F. / 3 - 6","","15 - 20 Deg. F.","6-Mar","15 - 20 Deg. F. / 3 - 6","15 - 20 / semi-humid","CO.3","#698b69","semi-humid, warm","#FFFF85","F"
"ARFR-AZ930-423-NAVAJO-18","white",6,62,22,7,NA,1157,NA,6,1,NA,NA,10.9,1,NA,2,1,NA,2,1,NA,2,37.6,1,NA,2,1,NA,3,1,NA,3,1,3,1,NA,3,1,NA,NA,NA,NA,NA,NA,NA,NA,NA,"Y",NA,"N",NA,"ARFR4-SOS-AZ930-423-NAVAJO-18","#9E0142",-110.431,36.45877,"15 - 20 Deg. F. / 6 - 12","SdZones downloaded 20230823","15 - 20 Deg. F.","12-Jun","15 - 20 Deg. F. / 6 - 12","15 - 20 / semi-arid","AZ.1","#ee5c42","semi-arid, warm","#9E0142","A"
"ARFR-CO932-316-JEFFERSON-12","white",6,63,22,8,NA,1158,NA,7,1,NA,NA,12.4,1,NA,2,1,NA,2,1,NA,2,30.7,1,NA,2,1,NA,3,1,NA,3,1,3,1,NA,3,1,NA,NA,NA,NA,NA,NA,NA,NA,NA,"Y",NA,"N",NA,"ARFR4-SOS-CO932-316-JEFFERSON-12","#FFFF85",-105.358,39.66325,"15 - 20 Deg. F. / 3 - 6","","15 - 20 Deg. F.","6-Mar","15 - 20 Deg. F. / 3 - 6","15 - 20 / semi-humid","CO.3","#698b69","semi-humid, warm","#FFFF85","F"
"ARFR-WY050-49-FREMONT-12","white",6,64,22,9,NA,1159,NA,5.4,1,NA,NA,6.9,1,NA,2,1,NA,2,1,NA,2,16.6,1,NA,2,1,NA,3,1,NA,3,1,3,1,NA,3,1,NA,NA,NA,NA,NA,NA,NA,NA,NA,"Y",NA,"N",NA,"ARFR4-SOS-WY050-49-FREMONT-12","#5E4FA2",-109.34775,43.42663611,"5 - 10 Deg. F. / 6 - 12","","5 - 10 Deg. F.","12-Jun","5 - 10 Deg. F. / 6 - 12","5 - 10 / semi-arid","WY.3","#ffb90f","semi-arid, cold","#5E4FA2","K"
"ARFR-AZ930-423-NAVAJO-18","white",6,65,22,10,263,1160,NA,11.1,1,NA,NA,18.5,1,NA,2,1,NA,2,1,NA,2,51.8,1,NA,2,1,NA,3,1,NA,3,1,3,1,NA,3,1,NA,NA,"Yes",NA,172.54,"L",140.562,67.28,60.32,"Y",NA,"N",NA,"ARFR4-SOS-AZ930-423-NAVAJO-18","#9E0142",-110.431,36.45877,"15 - 20 Deg. F. / 6 - 12","SdZones downloaded 20230823","15 - 20 Deg. F.","12-Jun","15 - 20 Deg. F. / 6 - 12","15 - 20 / semi-arid","AZ.1","#ee5c42","semi-arid, warm","#9E0142","A"
"ARFR-CO932-294-11","white",6,66,22,11,NA,1161,NA,7.4,1,NA,NA,10.3,1,NA,2,1,NA,2,1,NA,2,39.7,1,NA,2,1,NA,3,1,NA,3,1,3,1,NA,3,1,NA,NA,"Yes",NA,141.08,"L",109.102,65.48,58.52,"Y",NA,"N",NA,"ARFR4-SOS-CO932-294-11","#ABDDA4",-105.2030833,39.78458333,"15 - 20 Deg. F. / 3 - 6","","15 - 20 Deg. F.","6-Mar","15 - 20 Deg. F. / 3 - 6","15 - 20 / semi-humid","CO.4","#698b69","semi-humid, warm","#ABDDA4","H"
"ARFR-WY040-71-10","white",6,67,22,12,NA,1162,NA,4.4,1,NA,NA,6.2,1,NA,2,1,NA,2,1,NA,2,8.4,1,NA,2,1,NA,2,1,NA,2,1,2,1,NA,2,1,NA,NA,NA,NA,NA,NA,NA,NA,NA,"Y",NA,"N",NA,"ARFR4-SOS-WY040-71-10","#66C2A5",-109.2433156,41.13271889,"5 - 10 Deg. F. / 3 - 6","","5 - 10 Deg. F.","6-Mar","5 - 10 Deg. F. / 3 - 6","5 - 10 / semi-humid","WY.1","#a5c2f1","semi-humid, cold","#66C2A5","I"
"ARFR-CO932-316-JEFFERSON-12","white",6,68,22,13,NA,1163,NA,7.6,1,NA,NA,12,1,NA,2,1,NA,2,1,NA,2,40,1,NA,2,1,NA,3,1,NA,3,1,3,1,NA,3,1,NA,NA,NA,NA,NA,NA,NA,NA,NA,"Y",NA,"N",NA,"ARFR4-SOS-CO932-316-JEFFERSON-12","#FFFF85",-105.358,39.66325,"15 - 20 Deg. F. / 3 - 6","","15 - 20 Deg. F.","6-Mar","15 - 20 Deg. F. / 3 - 6","15 - 20 / semi-humid","CO.3","#698b69","semi-humid, warm","#FFFF85","F"
"ARFR-AZ930-422-NAVAJO-18","white",6,69,22,14,NA,1164,NA,5.3,1,NA,NA,15.3,1,NA,2,1,NA,2,1,NA,2,49.9,1,NA,2,1,NA,3,1,NA,3,1,3,1,NA,3,1,NA,NA,NA,NA,NA,NA,NA,NA,NA,"Y",NA,"N",NA,"ARFR4-SOS-AZ930-422-NAVAJO-18","#D53E4F",-110.431,36.56805,"15 - 20 Deg. F. / 6 - 12","Lats corrected 20230127","15 - 20 Deg. F.","12-Jun","15 - 20 Deg. F. / 6 - 12","15 - 20 / semi-arid","AZ.2","#ee5c42","semi-arid, warm","#D53E4F","B"
"ARFR-WY050-151-FREMONT-16","white",6,70,22,15,264,1165,NA,7.1,1,NA,NA,8.4,1,NA,2,1,NA,2,1,NA,2,13.2,1,NA,2,1,NA,2,1,NA,2,1,2,1,NA,2,1,NA,NA,NA,NA,NA,NA,NA,NA,NA,"Y",NA,"N",NA,"ARFR4-SOS-WY050-151-FREMONT-16","#3288BD",-108.1704472,42.47886111,"10 - 15 Deg. F. / 6 - 12","","10 - 15 Deg. F.","12-Jun","10 - 15 Deg. F. / 6 - 12","10 - 15 / semi-arid","WY.2","#cd8500","semi-arid, cool","#3288BD","J"
"ARFR-CO932-294-11","white",6,71,22,16,NA,1166,NA,5.6,1,NA,NA,8.2,1,NA,2,1,NA,2,1,NA,2,33,1,NA,2,1,NA,3,1,NA,3,1,3,1,NA,3,1,NA,NA,NA,NA,NA,NA,NA,NA,NA,"Y",NA,"N",NA,"ARFR4-SOS-CO932-294-11","#ABDDA4",-105.2030833,39.78458333,"15 - 20 Deg. F. / 3 - 6","","15 - 20 Deg. F.","6-Mar","15 - 20 Deg. F. / 3 - 6","15 - 20 / semi-humid","CO.4","#698b69","semi-humid, warm","#ABDDA4","H"
"ARFR-CO932-314-JEFFERSON-12","white",6,72,22,17,NA,1167,NA,7,1,NA,NA,9.7,1,NA,2,1,NA,2,1,NA,2,37.2,1,NA,2,1,NA,3,1,NA,3,1,3,1,NA,3,1,NA,NA,NA,NA,NA,NA,NA,NA,NA,"Y",NA,"N",NA,"ARFR4-SOS-CO932-314-JEFFERSON-12","#FEE08B",-105.3553333,39.40902778,"10 - 15 Deg. F. / 3 - 6","","10 - 15 Deg. F.","6-Mar","10 - 15 Deg. F. / 3 - 6","10 - 15 / semi-humid","CO.2","#66e566","semi-humid, cool","#FEE08B","E"
"ARFR-NM930N-66-11","white",6,73,22,18,NA,1168,NA,9,1,NA,NA,14.6,1,NA,2,1,NA,2,1,NA,2,48,1,NA,2,1,NA,3,1,NA,3,1,3,1,NA,3,1,NA,NA,NA,NA,NA,NA,NA,NA,NA,"Y",NA,"Y",NA,"ARFR4-SOS-NM930N-66-11","#F46D43",-107.2045028,36.76818611,"10 - 15 Deg. F. / 3 - 6","","10 - 15 Deg. F.","6-Mar","10 - 15 Deg. F. / 3 - 6","10 - 15 / semi-humid","NM.1","#66e566","semi-humid, cool","#F46D43","C"
"ARFR-AZ930-423-NAVAJO-18","white",6,74,22,19,NA,1169,NA,7.9,1,NA,NA,13,1,NA,2,1,NA,2,1,NA,2,36.1,1,NA,2,1,NA,3,1,NA,3,1,3,1,NA,3,1,NA,NA,NA,NA,NA,NA,NA,NA,NA,"Y",NA,"N",NA,"ARFR4-SOS-AZ930-423-NAVAJO-18","#9E0142",-110.431,36.45877,"15 - 20 Deg. F. / 6 - 12","SdZones downloaded 20230823","15 - 20 Deg. F.","12-Jun","15 - 20 Deg. F. / 6 - 12","15 - 20 / semi-arid","AZ.1","#ee5c42","semi-arid, warm","#9E0142","A"
"ARFR-CO932-314-JEFFERSON-12","white",6,75,22,20,265,1170,NA,7.4,1,NA,NA,10.3,1,NA,2,1,NA,2,1,NA,2,38.3,1,NA,2,1,NA,3,1,NA,3,1,3,1,NA,3,1,NA,NA,NA,NA,NA,NA,NA,NA,NA,"Y",NA,"N",NA,"ARFR4-SOS-CO932-314-JEFFERSON-12","#FEE08B",-105.3553333,39.40902778,"10 - 15 Deg. F. / 3 - 6","","10 - 15 Deg. F.","6-Mar","10 - 15 Deg. F. / 3 - 6","10 - 15 / semi-humid","CO.2","#66e566","semi-humid, cool","#FEE08B","E"
"ARFR-WY050-49-FREMONT-12","white",6,76,22,21,NA,1171,NA,4.7,1,NA,NA,6.8,1,NA,2,1,NA,2,1,NA,2,13.9,1,NA,2,1,NA,2,1,NA,2,1,2,1,NA,2,1,NA,NA,NA,NA,NA,NA,NA,NA,NA,"Y",NA,"N",NA,"ARFR4-SOS-WY050-49-FREMONT-12","#5E4FA2",-109.34775,43.42663611,"5 - 10 Deg. F. / 6 - 12","","5 - 10 Deg. F.","12-Jun","5 - 10 Deg. F. / 6 - 12","5 - 10 / semi-arid","WY.3","#ffb90f","semi-arid, cold","#5E4FA2","K"
"ARFR-AZ930-423-NAVAJO-18","white",6,77,22,22,NA,1172,NA,2.3,1,NA,NA,6.4,1,NA,2,1,NA,2,1,NA,2,21.8,1,NA,2,1,NA,3,1,NA,3,1,3,1,NA,3,1,NA,NA,NA,NA,NA,NA,NA,NA,NA,"Y",NA,"N",NA,"ARFR4-SOS-AZ930-423-NAVAJO-18","#9E0142",-110.431,36.45877,"15 - 20 Deg. F. / 6 - 12","SdZones downloaded 20230823","15 - 20 Deg. F.","12-Jun","15 - 20 Deg. F. / 6 - 12","15 - 20 / semi-arid","AZ.1","#ee5c42","semi-arid, warm","#9E0142","A"
"ARFR-CO932-314-JEFFERSON-12","white",6,78,22,23,NA,1173,NA,5.7,1,NA,NA,6.5,1,NA,2,1,NA,2,1,NA,2,13.1,1,NA,2,1,NA,3,1,NA,3,1,3,1,NA,3,1,NA,NA,NA,NA,NA,NA,NA,NA,NA,"N",NA,"N",NA,"ARFR4-SOS-CO932-314-JEFFERSON-12","#FEE08B",-105.3553333,39.40902778,"10 - 15 Deg. F. / 3 - 6","","10 - 15 Deg. F.","6-Mar","10 - 15 Deg. F. / 3 - 6","10 - 15 / semi-humid","CO.2","#66e566","semi-humid, cool","#FEE08B","E"
"ARFR-WY050-151-FREMONT-16","white",6,79,22,24,NA,1174,NA,4.2,1,NA,NA,4.6,1,NA,2,1,NA,2,1,NA,2,14.5,1,NA,2,1,NA,3,1,NA,3,1,3,1,NA,3,1,NA,NA,"Yes",NA,70.12,"L",38.142,20.12,13.16,"Y",NA,"N",NA,"ARFR4-SOS-WY050-151-FREMONT-16","#3288BD",-108.1704472,42.47886111,"10 - 15 Deg. F. / 6 - 12","","10 - 15 Deg. F.","12-Jun","10 - 15 Deg. F. / 6 - 12","10 - 15 / semi-arid","WY.2","#cd8500","semi-arid, cool","#3288BD","J"
"ARFR-WY050-49-FREMONT-12","white",6,80,22,25,266,1175,NA,7.1,1,NA,NA,8.2,1,NA,2,1,NA,2,1,NA,2,10,1,NA,2,1,NA,2,1,NA,2,1,2,1,NA,2,1,NA,NA,NA,NA,NA,NA,NA,NA,NA,"Y",NA,"N",NA,"ARFR4-SOS-WY050-49-FREMONT-12","#5E4FA2",-109.34775,43.42663611,"5 - 10 Deg. F. / 6 - 12","","5 - 10 Deg. F.","12-Jun","5 - 10 Deg. F. / 6 - 12","5 - 10 / semi-arid","WY.3","#ffb90f","semi-arid, cold","#5E4FA2","K"
"ARFR-WY040-71-10","white",6,81,22,26,NA,1176,NA,4.2,1,NA,NA,6.2,1,NA,2,1,NA,2,1,NA,2,14.1,1,NA,2,1,NA,2,1,NA,2,1,2,1,NA,2,1,NA,NA,NA,NA,NA,NA,NA,NA,NA,"N",NA,"N",NA,"ARFR4-SOS-WY040-71-10","#66C2A5",-109.2433156,41.13271889,"5 - 10 Deg. F. / 3 - 6","","5 - 10 Deg. F.","6-Mar","5 - 10 Deg. F. / 3 - 6","5 - 10 / semi-humid","WY.1","#a5c2f1","semi-humid, cold","#66C2A5","I"
"ARFR-CO932-294-11","white",6,82,22,27,NA,1177,NA,8.3,1,NA,NA,13,1,NA,2,1,NA,2,1,NA,2,35.7,1,NA,2,1,NA,3,1,NA,3,1,3,1,NA,3,1,NA,NA,NA,NA,NA,NA,NA,NA,NA,"Y",NA,"N",NA,"ARFR4-SOS-CO932-294-11","#ABDDA4",-105.2030833,39.78458333,"15 - 20 Deg. F. / 3 - 6","","15 - 20 Deg. F.","6-Mar","15 - 20 Deg. F. / 3 - 6","15 - 20 / semi-humid","CO.4","#698b69","semi-humid, warm","#ABDDA4","H"
"ARFR-CO932-314-JEFFERSON-12","white",6,83,22,28,NA,1178,NA,NA,1,"Y","314 Jefferson",4.4,1,"almost dead 5/31",2,1,NA,2,1,NA,2,18.1,1,NA,2,1,NA,3,1,NA,3,1,3,1,NA,3,1,NA,NA,NA,NA,NA,NA,NA,NA,NA,"N",NA,"N",NA,"ARFR4-SOS-CO932-314-JEFFERSON-12","#FEE08B",-105.3553333,39.40902778,"10 - 15 Deg. F. / 3 - 6","","10 - 15 Deg. F.","6-Mar","10 - 15 Deg. F. / 3 - 6","10 - 15 / semi-humid","CO.2","#66e566","semi-humid, cool","#FEE08B","E"
"ARFR-AZ930-422-NAVAJO-18","white",6,84,22,29,NA,1179,NA,5.2,1,NA,NA,12.3,1,NA,2,1,NA,2,1,NA,2,39.7,1,NA,2,1,NA,3,1,NA,3,1,3,1,NA,3,1,NA,NA,NA,NA,NA,NA,NA,NA,NA,"Y",NA,"N",NA,"ARFR4-SOS-AZ930-422-NAVAJO-18","#D53E4F",-110.431,36.56805,"15 - 20 Deg. F. / 6 - 12","Lats corrected 20230127","15 - 20 Deg. F.","12-Jun","15 - 20 Deg. F. / 6 - 12","15 - 20 / semi-arid","AZ.2","#ee5c42","semi-arid, warm","#D53E4F","B"
"ARFR-WY930-44-LASANIMAS-13","white",6,85,22,30,267,1180,NA,6,1,NA,NA,9.4,1,NA,2,1,NA,2,1,NA,2,37.7,1,NA,2,1,NA,2,1,NA,3,1,3,1,NA,3,1,NA,NA,NA,NA,NA,NA,NA,NA,NA,"Y",NA,"N",NA,"ARFR4-SOS-WY930-44-LASANIMAS-13","#FDAE61",-104.6423889,37.16547222,"15 - 20 Deg. F. / 3 - 6","","15 - 20 Deg. F.","6-Mar","15 - 20 Deg. F. / 3 - 6","15 - 20 / semi-humid","CO.1","#698b69","semi-humid, warm","#FDAE61","D"
"ARFR-UT080-109-UINTAH-12","white",6,86,22,31,NA,1181,NA,5,1,NA,NA,11.1,1,NA,2,1,NA,2,1,NA,2,41.6,1,NA,3,1,NA,3,1,NA,3,1,3,1,NA,3,1,NA,NA,NA,NA,NA,NA,NA,NA,NA,"Y",NA,"Y",NA,"ARFR4-SOS-UT080-109-UINTAH-12","#aabe7f",-109.1426444,39.70802222,"10 - 15 Deg. F. / 3 - 6","","10 - 15 Deg. F.","6-Mar","10 - 15 Deg. F. / 3 - 6","10 - 15 / semi-humid","UT.1","#66e566","semi-humid, cool","#aabe7f","G"
"ARFR-WY050-151-FREMONT-16","white",6,87,22,32,NA,1182,NA,5.6,1,NA,NA,7.4,1,NA,2,1,NA,2,1,NA,2,16.9,1,NA,2,1,NA,3,1,NA,3,1,3,1,NA,3,1,NA,NA,NA,NA,NA,NA,NA,NA,NA,"Y",NA,"N",NA,"ARFR4-SOS-WY050-151-FREMONT-16","#3288BD",-108.1704472,42.47886111,"10 - 15 Deg. F. / 6 - 12","","10 - 15 Deg. F.","12-Jun","10 - 15 Deg. F. / 6 - 12","10 - 15 / semi-arid","WY.2","#cd8500","semi-arid, cool","#3288BD","J"
"ARFR-AZ930-422-NAVAJO-18","white",6,88,22,33,NA,1183,NA,8,1,NA,NA,12.1,1,NA,2,1,NA,2,1,NA,2,61.1,1,NA,2,1,NA,3,1,NA,3,1,3,1,NA,3,1,NA,NA,NA,NA,NA,NA,NA,NA,NA,"Y",NA,"N",NA,"ARFR4-SOS-AZ930-422-NAVAJO-18","#D53E4F",-110.431,36.56805,"15 - 20 Deg. F. / 6 - 12","Lats corrected 20230127","15 - 20 Deg. F.","12-Jun","15 - 20 Deg. F. / 6 - 12","15 - 20 / semi-arid","AZ.2","#ee5c42","semi-arid, warm","#D53E4F","B"
"ARFR-CO932-316-JEFFERSON-12","white",6,89,22,34,NA,1184,NA,5.6,1,NA,NA,10.4,1,NA,2,1,NA,2,1,NA,2,36.2,1,NA,2,1,NA,3,1,NA,3,1,3,1,NA,3,1,NA,NA,NA,NA,NA,NA,NA,NA,NA,"Y",NA,"N",NA,"ARFR4-SOS-CO932-316-JEFFERSON-12","#FFFF85",-105.358,39.66325,"15 - 20 Deg. F. / 3 - 6","","15 - 20 Deg. F.","6-Mar","15 - 20 Deg. F. / 3 - 6","15 - 20 / semi-humid","CO.3","#698b69","semi-humid, warm","#FFFF85","F"
"ARFR-CO932-314-JEFFERSON-12","white",6,90,22,35,268,1185,NA,NA,1,"Y","314 Jefferson",6.9,1,"almost dead 5/31",2,1,NA,2,1,NA,2,14,1,NA,2,1,NA,3,1,NA,3,1,3,1,NA,3,1,NA,NA,NA,NA,NA,NA,NA,NA,NA,"Y",NA,"N",NA,"ARFR4-SOS-CO932-314-JEFFERSON-12","#FEE08B",-105.3553333,39.40902778,"10 - 15 Deg. F. / 3 - 6","","10 - 15 Deg. F.","6-Mar","10 - 15 Deg. F. / 3 - 6","10 - 15 / semi-humid","CO.2","#66e566","semi-humid, cool","#FEE08B","E"
"ARFR-CO932-314-JEFFERSON-12","white",6,91,22,36,NA,1186,NA,5.6,1,NA,NA,9,1,NA,2,1,NA,2,1,NA,2,25.1,1,NA,2,1,NA,3,1,NA,3,1,3,1,NA,3,1,NA,NA,NA,NA,NA,NA,NA,NA,NA,"Y",NA,"N",NA,"ARFR4-SOS-CO932-314-JEFFERSON-12","#FEE08B",-105.3553333,39.40902778,"10 - 15 Deg. F. / 3 - 6","","10 - 15 Deg. F.","6-Mar","10 - 15 Deg. F. / 3 - 6","10 - 15 / semi-humid","CO.2","#66e566","semi-humid, cool","#FEE08B","E"
"ARFR-UT080-109-UINTAH-12","white",6,92,22,37,NA,1187,NA,7.1,1,NA,NA,6.7,1,NA,2,1,NA,2,1,NA,2,21,1,NA,2,1,NA,3,1,NA,3,1,3,1,NA,3,1,NA,NA,NA,NA,NA,NA,NA,NA,NA,"Y",NA,"N",NA,"ARFR4-SOS-UT080-109-UINTAH-12","#aabe7f",-109.1426444,39.70802222,"10 - 15 Deg. F. / 3 - 6","","10 - 15 Deg. F.","6-Mar","10 - 15 Deg. F. / 3 - 6","10 - 15 / semi-humid","UT.1","#66e566","semi-humid, cool","#aabe7f","G"
"ARFR-UT080-109-UINTAH-12","white",6,93,22,38,NA,1188,NA,NA,1,"Y","Uintah",3.5,1,"almost dead 5/31",2,1,"dying",2,1,NA,2,5.6,1,NA,2,1,NA,2,1,NA,2,1,2,1,NA,2,1,NA,NA,"Yes",NA,9.58,"S",2.62,NA,NA,"N",NA,"N",NA,"ARFR4-SOS-UT080-109-UINTAH-12","#aabe7f",-109.1426444,39.70802222,"10 - 15 Deg. F. / 3 - 6","","10 - 15 Deg. F.","6-Mar","10 - 15 Deg. F. / 3 - 6","10 - 15 / semi-humid","UT.1","#66e566","semi-humid, cool","#aabe7f","G"
"ARFR-CO932-314-JEFFERSON-12","white",6,94,22,39,NA,1189,NA,7.1,1,NA,NA,10.1,1,NA,2,1,NA,2,1,NA,2,44,1,NA,2,1,NA,3,1,NA,3,1,3,1,NA,3,1,NA,NA,NA,NA,NA,NA,NA,NA,NA,"Y",NA,"N",NA,"ARFR4-SOS-CO932-314-JEFFERSON-12","#FEE08B",-105.3553333,39.40902778,"10 - 15 Deg. F. / 3 - 6","","10 - 15 Deg. F.","6-Mar","10 - 15 Deg. F. / 3 - 6","10 - 15 / semi-humid","CO.2","#66e566","semi-humid, cool","#FEE08B","E"
"ARFR-WY050-49-FREMONT-12","white",6,95,22,40,269,1190,NA,5.2,1,NA,NA,7.4,1,NA,2,1,NA,2,1,NA,2,16.8,1,NA,2,1,NA,3,1,NA,3,1,3,1,NA,3,1,NA,NA,NA,NA,NA,NA,NA,NA,NA,"Y",NA,"N",NA,"ARFR4-SOS-WY050-49-FREMONT-12","#5E4FA2",-109.34775,43.42663611,"5 - 10 Deg. F. / 6 - 12","","5 - 10 Deg. F.","12-Jun","5 - 10 Deg. F. / 6 - 12","5 - 10 / semi-arid","WY.3","#ffb90f","semi-arid, cold","#5E4FA2","K"
"ARFR-CO932-294-11","white",6,96,22,41,NA,1191,NA,5.5,1,NA,NA,8.8,1,NA,2,1,NA,2,1,NA,2,22.1,1,NA,2,1,NA,3,1,NA,3,1,3,1,NA,3,1,NA,NA,NA,NA,NA,NA,NA,NA,NA,"Y",NA,"N",NA,"ARFR4-SOS-CO932-294-11","#ABDDA4",-105.2030833,39.78458333,"15 - 20 Deg. F. / 3 - 6","","15 - 20 Deg. F.","6-Mar","15 - 20 Deg. F. / 3 - 6","15 - 20 / semi-humid","CO.4","#698b69","semi-humid, warm","#ABDDA4","H"
"ARFR-CO932-314-JEFFERSON-12","white",6,97,22,42,NA,1192,NA,6,1,NA,NA,6.9,1,NA,2,1,NA,2,1,NA,2,7.7,1,"dying",NA,0,NA,NA,0,NA,NA,0,NA,0,NA,NA,0,NA,NA,NA,NA,NA,NA,NA,NA,NA,"Y",NA,"N",NA,"ARFR4-SOS-CO932-314-JEFFERSON-12","#FEE08B",-105.3553333,39.40902778,"10 - 15 Deg. F. / 3 - 6","","10 - 15 Deg. F.","6-Mar","10 - 15 Deg. F. / 3 - 6","10 - 15 / semi-humid","CO.2","#66e566","semi-humid, cool","#FEE08B","E"
"ARFR-CO932-314-JEFFERSON-12","white",6,98,22,43,NA,1193,NA,8.6,1,NA,NA,12.6,1,NA,2,1,NA,2,1,NA,2,25.5,1,NA,2,1,NA,3,1,NA,3,1,3,1,NA,3,1,NA,NA,"Yes",NA,143.07,"L",111.092,66.6,59.64,"Y",NA,"N",NA,"ARFR4-SOS-CO932-314-JEFFERSON-12","#FEE08B",-105.3553333,39.40902778,"10 - 15 Deg. F. / 3 - 6","","10 - 15 Deg. F.","6-Mar","10 - 15 Deg. F. / 3 - 6","10 - 15 / semi-humid","CO.2","#66e566","semi-humid, cool","#FEE08B","E"
"ARFR-WY040-71-10","white",6,99,22,44,NA,1194,NA,5,1,NA,NA,8.9,1,NA,2,1,NA,2,1,NA,2,37.5,1,NA,3,1,NA,3,1,NA,3,1,3,1,NA,3,1,NA,NA,NA,NA,NA,NA,NA,NA,NA,"Y",NA,"N",NA,"ARFR4-SOS-WY040-71-10","#66C2A5",-109.2433156,41.13271889,"5 - 10 Deg. F. / 3 - 6","","5 - 10 Deg. F.","6-Mar","5 - 10 Deg. F. / 3 - 6","5 - 10 / semi-humid","WY.1","#a5c2f1","semi-humid, cold","#66C2A5","I"
"ARFR-AZ930-422-NAVAJO-18","white",6,100,22,45,270,1195,NA,8.1,1,NA,NA,13.3,1,NA,2,1,NA,2,1,NA,2,54,1,NA,2,1,NA,3,1,NA,3,1,3,1,NA,3,1,NA,NA,NA,NA,NA,NA,NA,NA,NA,"Y",NA,"N",NA,"ARFR4-SOS-AZ930-422-NAVAJO-18","#D53E4F",-110.431,36.56805,"15 - 20 Deg. F. / 6 - 12","Lats corrected 20230127","15 - 20 Deg. F.","12-Jun","15 - 20 Deg. F. / 6 - 12","15 - 20 / semi-arid","AZ.2","#ee5c42","semi-arid, warm","#D53E4F","B"
"ARFR-AZ930-423-NAVAJO-18","white",6,101,22,46,NA,1196,NA,6.9,1,NA,NA,11.8,1,NA,2,1,NA,2,1,NA,2,46.3,1,NA,2,1,NA,3,1,NA,3,1,3,1,NA,3,1,NA,NA,NA,NA,NA,NA,NA,NA,NA,"Y",NA,"N",NA,"ARFR4-SOS-AZ930-423-NAVAJO-18","#9E0142",-110.431,36.45877,"15 - 20 Deg. F. / 6 - 12","SdZones downloaded 20230823","15 - 20 Deg. F.","12-Jun","15 - 20 Deg. F. / 6 - 12","15 - 20 / semi-arid","AZ.1","#ee5c42","semi-arid, warm","#9E0142","A"
"ARFR-WY050-151-FREMONT-16","white",6,102,22,47,NA,1197,NA,5.5,1,NA,NA,7.9,1,NA,2,1,NA,2,1,NA,2,17.6,1,NA,2,1,NA,3,1,NA,3,1,3,1,NA,3,1,NA,NA,NA,NA,NA,NA,NA,NA,NA,"Y",NA,"N",NA,"ARFR4-SOS-WY050-151-FREMONT-16","#3288BD",-108.1704472,42.47886111,"10 - 15 Deg. F. / 6 - 12","","10 - 15 Deg. F.","12-Jun","10 - 15 Deg. F. / 6 - 12","10 - 15 / semi-arid","WY.2","#cd8500","semi-arid, cool","#3288BD","J"
"ARFR-UT080-109-UINTAH-12","white",6,103,22,48,NA,1198,NA,6.2,1,NA,NA,11.8,1,NA,2,1,NA,2,1,NA,2,43.5,1,NA,2,1,NA,3,1,NA,3,1,3,1,NA,3,1,NA,NA,NA,NA,NA,NA,NA,NA,NA,"Y",NA,"N",NA,"ARFR4-SOS-UT080-109-UINTAH-12","#aabe7f",-109.1426444,39.70802222,"10 - 15 Deg. F. / 3 - 6","","10 - 15 Deg. F.","6-Mar","10 - 15 Deg. F. / 3 - 6","10 - 15 / semi-humid","UT.1","#66e566","semi-humid, cool","#aabe7f","G"
"ARFR-CO932-316-JEFFERSON-12","white",6,104,22,49,NA,1199,NA,2,1,NA,NA,2.3,1,NA,2,1,NA,2,1,NA,2,6.1,1,NA,2,1,NA,2,1,NA,2,1,2,1,NA,2,1,NA,NA,NA,NA,NA,NA,NA,NA,NA,"N",NA,"N",NA,"ARFR4-SOS-CO932-316-JEFFERSON-12","#FFFF85",-105.358,39.66325,"15 - 20 Deg. F. / 3 - 6","","15 - 20 Deg. F.","6-Mar","15 - 20 Deg. F. / 3 - 6","15 - 20 / semi-humid","CO.3","#698b69","semi-humid, warm","#FFFF85","F"
"ARFR-CO932-294-11","white",6,105,22,50,271,1200,NA,5.5,1,NA,NA,7.6,1,NA,2,1,NA,2,1,NA,2,33.4,1,NA,2,1,NA,3,1,NA,3,1,3,1,NA,3,1,NA,NA,NA,NA,NA,NA,NA,NA,NA,"Y",NA,"N",NA,"ARFR4-SOS-CO932-294-11","#ABDDA4",-105.2030833,39.78458333,"15 - 20 Deg. F. / 3 - 6","","15 - 20 Deg. F.","6-Mar","15 - 20 Deg. F. / 3 - 6","15 - 20 / semi-humid","CO.4","#698b69","semi-humid, warm","#ABDDA4","H"
"ARFR-WY930-44-LASANIMAS-13","white",6,106,22,51,NA,1201,NA,5.2,1,NA,NA,8.1,1,NA,2,1,NA,2,1,NA,2,28.9,1,NA,2,1,NA,3,1,NA,3,1,3,1,NA,3,1,NA,NA,NA,NA,NA,NA,NA,NA,NA,"Y",NA,"N",NA,"ARFR4-SOS-WY930-44-LASANIMAS-13","#FDAE61",-104.6423889,37.16547222,"15 - 20 Deg. F. / 3 - 6","","15 - 20 Deg. F.","6-Mar","15 - 20 Deg. F. / 3 - 6","15 - 20 / semi-humid","CO.1","#698b69","semi-humid, warm","#FDAE61","D"
"ARFR-WY050-151-FREMONT-16","white",6,107,22,52,NA,1202,NA,4.9,1,NA,NA,5.8,1,NA,2,1,NA,2,1,NA,2,10.7,1,NA,2,1,NA,3,1,NA,3,1,3,1,NA,3,1,NA,NA,NA,NA,NA,NA,NA,NA,NA,"Y",NA,"N",NA,"ARFR4-SOS-WY050-151-FREMONT-16","#3288BD",-108.1704472,42.47886111,"10 - 15 Deg. F. / 6 - 12","","10 - 15 Deg. F.","12-Jun","10 - 15 Deg. F. / 6 - 12","10 - 15 / semi-arid","WY.2","#cd8500","semi-arid, cool","#3288BD","J"
"ARFR-AZ930-423-NAVAJO-18","white",6,108,22,53,NA,1203,NA,5.4,1,NA,NA,11.9,1,NA,2,1,NA,2,1,NA,2,39.9,1,NA,2,1,NA,3,1,NA,3,1,3,1,NA,3,1,NA,NA,NA,NA,NA,NA,NA,NA,NA,"Y",NA,"N",NA,"ARFR4-SOS-AZ930-423-NAVAJO-18","#9E0142",-110.431,36.45877,"15 - 20 Deg. F. / 6 - 12","SdZones downloaded 20230823","15 - 20 Deg. F.","12-Jun","15 - 20 Deg. F. / 6 - 12","15 - 20 / semi-arid","AZ.1","#ee5c42","semi-arid, warm","#9E0142","A"
"ARFR-NM930N-66-11","white",6,109,22,54,NA,1204,NA,7.5,1,NA,NA,NA,0,"dying? 5/31",NA,0,NA,NA,0,NA,NA,NA,0,NA,NA,0,NA,NA,0,NA,NA,0,NA,0,NA,NA,0,NA,NA,NA,NA,NA,NA,NA,NA,NA,"N",NA,"N",NA,"ARFR4-SOS-NM930N-66-11","#F46D43",-107.2045028,36.76818611,"10 - 15 Deg. F. / 3 - 6","","10 - 15 Deg. F.","6-Mar","10 - 15 Deg. F. / 3 - 6","10 - 15 / semi-humid","NM.1","#66e566","semi-humid, cool","#F46D43","C"
"ARFR-AZ930-423-NAVAJO-18","white",6,110,22,55,272,1205,NA,6.6,1,NA,NA,13.2,1,NA,2,1,NA,2,1,NA,2,44.1,1,NA,2,1,NA,3,1,NA,3,1,3,1,NA,3,1,NA,NA,NA,NA,NA,NA,NA,NA,NA,"Y",NA,"N",NA,"ARFR4-SOS-AZ930-423-NAVAJO-18","#9E0142",-110.431,36.45877,"15 - 20 Deg. F. / 6 - 12","SdZones downloaded 20230823","15 - 20 Deg. F.","12-Jun","15 - 20 Deg. F. / 6 - 12","15 - 20 / semi-arid","AZ.1","#ee5c42","semi-arid, warm","#9E0142","A"
"ARFR-AZ930-423-NAVAJO-18","white",6,111,23,1,273,1206,NA,8.1,1,NA,NA,16.2,1,NA,2,1,NA,2,1,NA,2,42.8,1,NA,2,1,NA,3,1,NA,3,1,3,1,NA,3,1,NA,NA,NA,NA,NA,NA,NA,NA,NA,"Y",NA,"N",NA,"ARFR4-SOS-AZ930-423-NAVAJO-18","#9E0142",-110.431,36.45877,"15 - 20 Deg. F. / 6 - 12","SdZones downloaded 20230823","15 - 20 Deg. F.","12-Jun","15 - 20 Deg. F. / 6 - 12","15 - 20 / semi-arid","AZ.1","#ee5c42","semi-arid, warm","#9E0142","A"
"ARFR-WY930-44-LASANIMAS-13","white",6,112,23,2,NA,1207,NA,7.4,1,NA,NA,14.4,1,NA,2,1,NA,2,1,NA,2,33,1,NA,2,1,NA,3,1,NA,3,1,3,1,NA,3,1,NA,NA,"Yes",NA,151.5,"L",119.522,61.48,54.52,"Y",NA,"N",NA,"ARFR4-SOS-WY930-44-LASANIMAS-13","#FDAE61",-104.6423889,37.16547222,"15 - 20 Deg. F. / 3 - 6","","15 - 20 Deg. F.","6-Mar","15 - 20 Deg. F. / 3 - 6","15 - 20 / semi-humid","CO.1","#698b69","semi-humid, warm","#FDAE61","D"
"ARFR-WY050-49-FREMONT-12","white",6,113,23,3,NA,1208,NA,4.3,1,NA,NA,7.7,1,NA,2,1,NA,2,1,NA,2,17.2,1,NA,2,1,NA,3,1,NA,3,1,3,1,NA,3,1,NA,NA,NA,NA,NA,NA,NA,NA,NA,"Y",NA,"N",NA,"ARFR4-SOS-WY050-49-FREMONT-12","#5E4FA2",-109.34775,43.42663611,"5 - 10 Deg. F. / 6 - 12","","5 - 10 Deg. F.","12-Jun","5 - 10 Deg. F. / 6 - 12","5 - 10 / semi-arid","WY.3","#ffb90f","semi-arid, cold","#5E4FA2","K"
"ARFR-WY930-44-LASANIMAS-13","white",6,114,23,4,NA,1209,NA,6.7,1,NA,NA,15.5,1,NA,2,1,"bud developing?",2,1,NA,2,36.4,1,NA,2,1,NA,3,1,NA,3,1,3,1,NA,3,1,NA,NA,NA,NA,NA,NA,NA,NA,NA,"Y",NA,"N",NA,"ARFR4-SOS-WY930-44-LASANIMAS-13","#FDAE61",-104.6423889,37.16547222,"15 - 20 Deg. F. / 3 - 6","","15 - 20 Deg. F.","6-Mar","15 - 20 Deg. F. / 3 - 6","15 - 20 / semi-humid","CO.1","#698b69","semi-humid, warm","#FDAE61","D"
"ARFR-AZ930-423-NAVAJO-18","white",6,115,23,5,274,1210,NA,5.5,1,NA,NA,15.8,1,"longest branch broke off during measuring 6/24",2,1,NA,2,1,NA,2,48.6,1,NA,2,1,NA,3,1,NA,3,1,3,1,NA,3,1,NA,NA,NA,NA,NA,NA,NA,NA,NA,"Y",NA,"N",NA,"ARFR4-SOS-AZ930-423-NAVAJO-18","#9E0142",-110.431,36.45877,"15 - 20 Deg. F. / 6 - 12","SdZones downloaded 20230823","15 - 20 Deg. F.","12-Jun","15 - 20 Deg. F. / 6 - 12","15 - 20 / semi-arid","AZ.1","#ee5c42","semi-arid, warm","#9E0142","A"
"ARFR-WY930-44-LASANIMAS-13","white",6,116,23,6,NA,1211,NA,7.2,1,NA,NA,12.4,1,NA,2,1,NA,2,1,NA,2,23,1,NA,2,1,NA,2,1,NA,3,1,3,1,NA,3,1,NA,NA,NA,NA,NA,NA,NA,NA,NA,"Y",NA,"N",NA,"ARFR4-SOS-WY930-44-LASANIMAS-13","#FDAE61",-104.6423889,37.16547222,"15 - 20 Deg. F. / 3 - 6","","15 - 20 Deg. F.","6-Mar","15 - 20 Deg. F. / 3 - 6","15 - 20 / semi-humid","CO.1","#698b69","semi-humid, warm","#FDAE61","D"
"ARFR-NM930N-66-11","white",6,117,23,7,NA,1212,NA,7.2,1,NA,NA,14.2,1,NA,2,1,NA,2,1,NA,2,49.1,1,NA,2,1,NA,3,1,NA,3,1,3,1,NA,3,1,NA,NA,NA,NA,NA,NA,NA,NA,NA,"Y",NA,"N",NA,"ARFR4-SOS-NM930N-66-11","#F46D43",-107.2045028,36.76818611,"10 - 15 Deg. F. / 3 - 6","","10 - 15 Deg. F.","6-Mar","10 - 15 Deg. F. / 3 - 6","10 - 15 / semi-humid","NM.1","#66e566","semi-humid, cool","#F46D43","C"
"ARFR-CO932-294-11","white",6,118,23,8,NA,1213,NA,5.1,1,NA,NA,11,1,NA,2,1,NA,2,1,NA,2,27.3,1,NA,2,1,NA,3,1,NA,3,1,3,1,NA,3,1,NA,NA,NA,NA,NA,NA,NA,NA,NA,"Y",NA,"N",NA,"ARFR4-SOS-CO932-294-11","#ABDDA4",-105.2030833,39.78458333,"15 - 20 Deg. F. / 3 - 6","","15 - 20 Deg. F.","6-Mar","15 - 20 Deg. F. / 3 - 6","15 - 20 / semi-humid","CO.4","#698b69","semi-humid, warm","#ABDDA4","H"
"ARFR-WY040-71-10","white",6,119,23,9,NA,1214,NA,6,1,NA,NA,8.3,1,NA,2,1,NA,2,1,NA,2,36,1,NA,3,1,NA,3,1,NA,3,1,3,1,NA,3,1,NA,NA,NA,NA,NA,NA,NA,NA,NA,"Y",NA,"N",NA,"ARFR4-SOS-WY040-71-10","#66C2A5",-109.2433156,41.13271889,"5 - 10 Deg. F. / 3 - 6","","5 - 10 Deg. F.","6-Mar","5 - 10 Deg. F. / 3 - 6","5 - 10 / semi-humid","WY.1","#a5c2f1","semi-humid, cold","#66C2A5","I"
"ARFR-NM930N-66-11","white",6,120,23,10,275,1215,NA,6.5,1,NA,NA,14,1,NA,2,1,NA,2,1,NA,2,52.1,1,NA,3,1,NA,3,1,NA,3,1,3,1,NA,3,1,NA,NA,NA,NA,NA,NA,NA,NA,NA,"Y",NA,"N",NA,"ARFR4-SOS-NM930N-66-11","#F46D43",-107.2045028,36.76818611,"10 - 15 Deg. F. / 3 - 6","","10 - 15 Deg. F.","6-Mar","10 - 15 Deg. F. / 3 - 6","10 - 15 / semi-humid","NM.1","#66e566","semi-humid, cool","#F46D43","C"
"ARFR-WY040-71-10","white",6,121,23,11,NA,1216,NA,4.7,1,NA,NA,7.5,1,NA,2,1,NA,2,1,NA,2,30.2,1,NA,3,1,NA,3,1,NA,3,1,3,1,NA,3,1,NA,NA,NA,NA,NA,NA,NA,NA,NA,"Y",NA,"N",NA,"ARFR4-SOS-WY040-71-10","#66C2A5",-109.2433156,41.13271889,"5 - 10 Deg. F. / 3 - 6","","5 - 10 Deg. F.","6-Mar","5 - 10 Deg. F. / 3 - 6","5 - 10 / semi-humid","WY.1","#a5c2f1","semi-humid, cold","#66C2A5","I"
"ARFR-CO932-316-JEFFERSON-12","white",6,122,23,12,NA,1217,NA,6.4,1,NA,NA,11.8,1,NA,2,1,NA,2,1,NA,2,44.3,1,NA,3,1,NA,3,1,NA,3,1,3,1,NA,3,1,NA,NA,"Yes",NA,109.51,"L",77.532,45.82,38.86,"Y",NA,"N",NA,"ARFR4-SOS-CO932-316-JEFFERSON-12","#FFFF85",-105.358,39.66325,"15 - 20 Deg. F. / 3 - 6","","15 - 20 Deg. F.","6-Mar","15 - 20 Deg. F. / 3 - 6","15 - 20 / semi-humid","CO.3","#698b69","semi-humid, warm","#FFFF85","F"
"ARFR-UT080-109-UINTAH-12","white",6,123,23,13,NA,1218,NA,7.6,1,NA,NA,17.3,1,NA,2,1,NA,2,1,NA,2,67.7,1,NA,3,1,NA,3,1,NA,3,1,3,1,NA,3,1,NA,NA,NA,NA,NA,NA,NA,NA,NA,"Y",NA,"N",NA,"ARFR4-SOS-UT080-109-UINTAH-12","#aabe7f",-109.1426444,39.70802222,"10 - 15 Deg. F. / 3 - 6","","10 - 15 Deg. F.","6-Mar","10 - 15 Deg. F. / 3 - 6","10 - 15 / semi-humid","UT.1","#66e566","semi-humid, cool","#aabe7f","G"
"ARFR-CO932-314-JEFFERSON-12","white",6,124,23,14,NA,1219,NA,7.8,1,NA,NA,11.5,1,NA,2,1,NA,2,1,NA,2,29,1,NA,2,1,NA,3,1,NA,3,1,3,1,NA,3,1,NA,NA,"Yes",NA,119.49,"L",87.512,45.74,38.78,"Y",NA,"N",NA,"ARFR4-SOS-CO932-314-JEFFERSON-12","#FEE08B",-105.3553333,39.40902778,"10 - 15 Deg. F. / 3 - 6","","10 - 15 Deg. F.","6-Mar","10 - 15 Deg. F. / 3 - 6","10 - 15 / semi-humid","CO.2","#66e566","semi-humid, cool","#FEE08B","E"
"ARFR-NM930N-66-11","white",6,125,23,15,276,1220,NA,9.3,1,NA,NA,19,1,NA,2,1,NA,2,1,NA,2,53.2,1,NA,3,1,NA,3,1,NA,3,1,3,1,NA,3,1,NA,NA,NA,NA,NA,NA,NA,NA,NA,"Y",NA,"N",NA,"ARFR4-SOS-NM930N-66-11","#F46D43",-107.2045028,36.76818611,"10 - 15 Deg. F. / 3 - 6","","10 - 15 Deg. F.","6-Mar","10 - 15 Deg. F. / 3 - 6","10 - 15 / semi-humid","NM.1","#66e566","semi-humid, cool","#F46D43","C"
"ARFR-NM930N-66-11","white",6,126,23,16,NA,1221,NA,8.5,1,NA,NA,NA,0,"dying? 5/31 dead 6/24",NA,0,NA,NA,0,NA,NA,NA,0,NA,NA,0,NA,NA,0,NA,NA,0,NA,0,NA,NA,0,NA,NA,NA,NA,NA,NA,NA,NA,NA,"N",NA,"N",NA,"ARFR4-SOS-NM930N-66-11","#F46D43",-107.2045028,36.76818611,"10 - 15 Deg. F. / 3 - 6","","10 - 15 Deg. F.","6-Mar","10 - 15 Deg. F. / 3 - 6","10 - 15 / semi-humid","NM.1","#66e566","semi-humid, cool","#F46D43","C"
"ARFR-CO932-294-11","white",6,127,23,17,NA,1222,NA,7.9,1,NA,NA,12,1,NA,2,1,NA,2,1,NA,2,32.6,1,NA,2,1,NA,3,1,NA,3,1,3,1,NA,3,1,NA,NA,NA,NA,NA,NA,NA,NA,NA,"Y",NA,"N",NA,"ARFR4-SOS-CO932-294-11","#ABDDA4",-105.2030833,39.78458333,"15 - 20 Deg. F. / 3 - 6","","15 - 20 Deg. F.","6-Mar","15 - 20 Deg. F. / 3 - 6","15 - 20 / semi-humid","CO.4","#698b69","semi-humid, warm","#ABDDA4","H"
"ARFR-CO932-294-11","white",6,128,23,18,NA,1223,NA,6,1,NA,NA,7.3,1,NA,2,1,NA,2,1,NA,2,21.5,1,NA,2,1,NA,3,1,NA,3,1,3,1,NA,3,1,NA,NA,NA,NA,NA,NA,NA,NA,NA,"Y",NA,"N",NA,"ARFR4-SOS-CO932-294-11","#ABDDA4",-105.2030833,39.78458333,"15 - 20 Deg. F. / 3 - 6","","15 - 20 Deg. F.","6-Mar","15 - 20 Deg. F. / 3 - 6","15 - 20 / semi-humid","CO.4","#698b69","semi-humid, warm","#ABDDA4","H"
"ARFR-UT080-109-UINTAH-12","white",6,129,23,19,NA,1224,NA,8.5,1,NA,NA,13.5,1,NA,2,1,NA,2,1,NA,2,33.1,1,NA,2,1,NA,3,1,NA,3,1,3,1,NA,3,1,NA,NA,NA,NA,NA,NA,NA,NA,NA,"Y",NA,"N",NA,"ARFR4-SOS-UT080-109-UINTAH-12","#aabe7f",-109.1426444,39.70802222,"10 - 15 Deg. F. / 3 - 6","","10 - 15 Deg. F.","6-Mar","10 - 15 Deg. F. / 3 - 6","10 - 15 / semi-humid","UT.1","#66e566","semi-humid, cool","#aabe7f","G"
"ARFR-WY930-44-LASANIMAS-13","white",6,130,23,20,277,1225,NA,5.7,1,NA,NA,9.5,1,NA,2,1,NA,2,1,NA,2,25.4,1,NA,2,1,NA,3,1,NA,3,1,3,1,NA,3,1,NA,NA,NA,NA,NA,NA,NA,NA,NA,"Y",NA,"N",NA,"ARFR4-SOS-WY930-44-LASANIMAS-13","#FDAE61",-104.6423889,37.16547222,"15 - 20 Deg. F. / 3 - 6","","15 - 20 Deg. F.","6-Mar","15 - 20 Deg. F. / 3 - 6","15 - 20 / semi-humid","CO.1","#698b69","semi-humid, warm","#FDAE61","D"
"ARFR-NM930N-66-11","white",6,131,23,21,NA,1226,NA,10.8,1,NA,NA,16.4,1,NA,2,1,NA,2,1,NA,2,49.6,1,NA,2,1,NA,3,1,NA,3,1,3,1,NA,3,1,NA,NA,NA,NA,NA,NA,NA,NA,NA,"Y",NA,"Y",NA,"ARFR4-SOS-NM930N-66-11","#F46D43",-107.2045028,36.76818611,"10 - 15 Deg. F. / 3 - 6","","10 - 15 Deg. F.","6-Mar","10 - 15 Deg. F. / 3 - 6","10 - 15 / semi-humid","NM.1","#66e566","semi-humid, cool","#F46D43","C"
"ARFR-WY050-49-FREMONT-12","white",6,132,23,22,NA,1227,NA,4.5,1,NA,NA,4.6,1,NA,2,1,NA,2,1,NA,2,6,1,NA,2,1,NA,2,1,NA,2,1,2,1,NA,2,1,NA,NA,NA,NA,NA,NA,NA,NA,NA,"N",NA,"N",NA,"ARFR4-SOS-WY050-49-FREMONT-12","#5E4FA2",-109.34775,43.42663611,"5 - 10 Deg. F. / 6 - 12","","5 - 10 Deg. F.","12-Jun","5 - 10 Deg. F. / 6 - 12","5 - 10 / semi-arid","WY.3","#ffb90f","semi-arid, cold","#5E4FA2","K"
"ARFR-WY930-44-LASANIMAS-13","white",6,133,23,23,NA,1228,NA,6.4,1,NA,NA,12.4,1,NA,2,1,NA,2,1,NA,2,29.3,1,NA,2,1,NA,2,1,NA,3,1,3,1,NA,3,1,NA,NA,NA,NA,NA,NA,NA,NA,NA,"Y",NA,"N",NA,"ARFR4-SOS-WY930-44-LASANIMAS-13","#FDAE61",-104.6423889,37.16547222,"15 - 20 Deg. F. / 3 - 6","","15 - 20 Deg. F.","6-Mar","15 - 20 Deg. F. / 3 - 6","15 - 20 / semi-humid","CO.1","#698b69","semi-humid, warm","#FDAE61","D"
"ARFR-CO932-294-11","white",6,134,23,24,NA,1229,NA,6.5,1,NA,NA,6.5,1,NA,2,1,NA,2,1,NA,2,22.9,1,NA,2,1,NA,3,1,NA,3,1,3,1,NA,3,1,NA,NA,NA,NA,NA,NA,NA,NA,NA,"Y",NA,"N",NA,"ARFR4-SOS-CO932-294-11","#ABDDA4",-105.2030833,39.78458333,"15 - 20 Deg. F. / 3 - 6","","15 - 20 Deg. F.","6-Mar","15 - 20 Deg. F. / 3 - 6","15 - 20 / semi-humid","CO.4","#698b69","semi-humid, warm","#ABDDA4","H"
"ARFR-WY050-151-FREMONT-16","white",6,135,23,25,278,1230,NA,5.4,1,NA,NA,8.4,1,NA,2,1,NA,2,1,NA,2,13.7,1,NA,2,1,NA,3,1,NA,3,1,3,1,NA,3,1,NA,NA,NA,NA,NA,NA,NA,NA,NA,"Y",NA,"N",NA,"ARFR4-SOS-WY050-151-FREMONT-16","#3288BD",-108.1704472,42.47886111,"10 - 15 Deg. F. / 6 - 12","","10 - 15 Deg. F.","12-Jun","10 - 15 Deg. F. / 6 - 12","10 - 15 / semi-arid","WY.2","#cd8500","semi-arid, cool","#3288BD","J"
"ARFR-WY050-151-FREMONT-16","white",6,136,23,26,NA,1231,NA,6.2,1,NA,NA,7.8,1,NA,2,1,NA,2,1,NA,2,9,1,NA,2,1,NA,2,1,NA,2,1,3,1,NA,3,1,NA,NA,NA,NA,NA,NA,NA,NA,NA,"Y",NA,"N",NA,"ARFR4-SOS-WY050-151-FREMONT-16","#3288BD",-108.1704472,42.47886111,"10 - 15 Deg. F. / 6 - 12","","10 - 15 Deg. F.","12-Jun","10 - 15 Deg. F. / 6 - 12","10 - 15 / semi-arid","WY.2","#cd8500","semi-arid, cool","#3288BD","J"
"ARFR-AZ930-422-NAVAJO-18","white",6,137,23,27,NA,1232,NA,5.6,1,NA,NA,10.9,1,NA,2,1,NA,2,1,NA,2,42.5,1,NA,2,1,NA,3,1,NA,3,1,3,1,NA,3,1,NA,NA,NA,NA,NA,NA,NA,NA,NA,"Y",NA,"N",NA,"ARFR4-SOS-AZ930-422-NAVAJO-18","#D53E4F",-110.431,36.56805,"15 - 20 Deg. F. / 6 - 12","Lats corrected 20230127","15 - 20 Deg. F.","12-Jun","15 - 20 Deg. F. / 6 - 12","15 - 20 / semi-arid","AZ.2","#ee5c42","semi-arid, warm","#D53E4F","B"
"ARFR-WY930-44-LASANIMAS-13","white",6,138,23,28,NA,1233,NA,5.5,1,NA,NA,9.3,1,NA,2,1,NA,2,1,NA,2,19.8,1,NA,2,1,NA,3,1,NA,3,1,3,1,NA,3,1,NA,NA,NA,NA,NA,NA,NA,NA,NA,"Y",NA,"N",NA,"ARFR4-SOS-WY930-44-LASANIMAS-13","#FDAE61",-104.6423889,37.16547222,"15 - 20 Deg. F. / 3 - 6","","15 - 20 Deg. F.","6-Mar","15 - 20 Deg. F. / 3 - 6","15 - 20 / semi-humid","CO.1","#698b69","semi-humid, warm","#FDAE61","D"
"ARFR-WY040-71-10","white",6,139,23,29,NA,1234,NA,2.9,1,NA,NA,4.8,1,NA,2,1,NA,2,1,NA,2,12.9,1,NA,2,1,NA,3,1,NA,3,1,3,1,NA,3,1,NA,NA,NA,NA,NA,NA,NA,NA,NA,"N",NA,"N",NA,"ARFR4-SOS-WY040-71-10","#66C2A5",-109.2433156,41.13271889,"5 - 10 Deg. F. / 3 - 6","","5 - 10 Deg. F.","6-Mar","5 - 10 Deg. F. / 3 - 6","5 - 10 / semi-humid","WY.1","#a5c2f1","semi-humid, cold","#66C2A5","I"
"ARFR-CO932-294-11","white",6,140,23,30,279,1235,NA,4.5,1,NA,NA,6.9,1,NA,2,1,NA,2,1,NA,2,13.2,1,NA,2,1,NA,3,1,NA,3,1,3,1,NA,3,1,NA,NA,NA,NA,NA,NA,NA,NA,NA,"Y",NA,"N",NA,"ARFR4-SOS-CO932-294-11","#ABDDA4",-105.2030833,39.78458333,"15 - 20 Deg. F. / 3 - 6","","15 - 20 Deg. F.","6-Mar","15 - 20 Deg. F. / 3 - 6","15 - 20 / semi-humid","CO.4","#698b69","semi-humid, warm","#ABDDA4","H"
"ARFR-NM930N-66-11","white",6,141,23,31,NA,1236,NA,9.5,1,NA,NA,14.7,1,NA,2,1,NA,2,1,NA,2,47.9,1,NA,2,1,NA,3,1,NA,3,1,3,1,NA,3,1,NA,NA,NA,NA,NA,NA,NA,NA,NA,"Y",NA,"N",NA,"ARFR4-SOS-NM930N-66-11","#F46D43",-107.2045028,36.76818611,"10 - 15 Deg. F. / 3 - 6","","10 - 15 Deg. F.","6-Mar","10 - 15 Deg. F. / 3 - 6","10 - 15 / semi-humid","NM.1","#66e566","semi-humid, cool","#F46D43","C"
"ARFR-UT080-109-UINTAH-12","white",6,142,23,32,NA,1237,NA,6.6,1,NA,NA,14.8,1,NA,2,1,NA,2,1,NA,2,54.5,1,NA,2,1,NA,3,1,NA,3,1,3,1,NA,3,1,NA,NA,NA,NA,NA,NA,NA,NA,NA,"Y",NA,"N",NA,"ARFR4-SOS-UT080-109-UINTAH-12","#aabe7f",-109.1426444,39.70802222,"10 - 15 Deg. F. / 3 - 6","","10 - 15 Deg. F.","6-Mar","10 - 15 Deg. F. / 3 - 6","10 - 15 / semi-humid","UT.1","#66e566","semi-humid, cool","#aabe7f","G"
"ARFR-WY930-44-LASANIMAS-13","white",6,143,23,33,NA,1238,NA,5.8,1,NA,NA,9.4,1,NA,2,1,NA,2,1,NA,2,33.6,1,NA,2,1,NA,3,1,NA,3,1,3,1,NA,3,1,NA,NA,NA,NA,NA,NA,NA,NA,NA,"Y",NA,"N",NA,"ARFR4-SOS-WY930-44-LASANIMAS-13","#FDAE61",-104.6423889,37.16547222,"15 - 20 Deg. F. / 3 - 6","","15 - 20 Deg. F.","6-Mar","15 - 20 Deg. F. / 3 - 6","15 - 20 / semi-humid","CO.1","#698b69","semi-humid, warm","#FDAE61","D"
"ARFR-AZ930-422-NAVAJO-18","white",6,144,23,34,NA,1239,NA,6.5,1,NA,NA,6,1,"dying 6/24",2,1,NA,2,1,NA,2,14.4,1,NA,2,1,NA,2,1,NA,3,1,3,1,NA,3,1,NA,NA,NA,NA,NA,NA,NA,NA,NA,"N",NA,"N",NA,"ARFR4-SOS-AZ930-422-NAVAJO-18","#D53E4F",-110.431,36.56805,"15 - 20 Deg. F. / 6 - 12","Lats corrected 20230127","15 - 20 Deg. F.","12-Jun","15 - 20 Deg. F. / 6 - 12","15 - 20 / semi-arid","AZ.2","#ee5c42","semi-arid, warm","#D53E4F","B"
"ARFR-WY050-151-FREMONT-16","white",6,145,23,35,280,1240,NA,6.9,1,NA,NA,7.6,1,NA,2,1,NA,2,1,NA,2,10.5,1,NA,2,1,NA,3,1,NA,3,1,3,1,NA,3,1,NA,NA,"Yes",NA,75.97,"L",43.992,21.15,14.19,"Y",NA,"N",NA,"ARFR4-SOS-WY050-151-FREMONT-16","#3288BD",-108.1704472,42.47886111,"10 - 15 Deg. F. / 6 - 12","","10 - 15 Deg. F.","12-Jun","10 - 15 Deg. F. / 6 - 12","10 - 15 / semi-arid","WY.2","#cd8500","semi-arid, cool","#3288BD","J"
"ARFR-CO932-314-JEFFERSON-12","white",6,146,23,36,NA,1241,NA,5.6,1,NA,NA,9.8,1,NA,2,1,NA,2,1,NA,2,18.6,1,NA,2,1,NA,3,1,NA,3,1,3,1,NA,3,1,NA,NA,NA,NA,NA,NA,NA,NA,NA,"Y",NA,"N",NA,"ARFR4-SOS-CO932-314-JEFFERSON-12","#FEE08B",-105.3553333,39.40902778,"10 - 15 Deg. F. / 3 - 6","","10 - 15 Deg. F.","6-Mar","10 - 15 Deg. F. / 3 - 6","10 - 15 / semi-humid","CO.2","#66e566","semi-humid, cool","#FEE08B","E"
"ARFR-WY040-71-10","white",6,147,23,37,NA,1242,NA,4.7,1,NA,NA,5.7,1,NA,2,1,NA,2,1,NA,2,11.7,1,NA,2,1,NA,3,1,NA,3,1,3,1,NA,3,1,NA,NA,NA,NA,NA,NA,NA,NA,NA,"Y",NA,"N",NA,"ARFR4-SOS-WY040-71-10","#66C2A5",-109.2433156,41.13271889,"5 - 10 Deg. F. / 3 - 6","","5 - 10 Deg. F.","6-Mar","5 - 10 Deg. F. / 3 - 6","5 - 10 / semi-humid","WY.1","#a5c2f1","semi-humid, cold","#66C2A5","I"
"ARFR-CO932-314-JEFFERSON-12","white",6,148,23,38,NA,1243,NA,6.9,1,NA,NA,10,1,NA,2,1,"bud?",2,1,NA,2,34,1,NA,2,1,NA,3,1,NA,3,1,3,1,NA,3,1,NA,NA,NA,NA,NA,NA,NA,NA,NA,"Y",NA,"N",NA,"ARFR4-SOS-CO932-314-JEFFERSON-12","#FEE08B",-105.3553333,39.40902778,"10 - 15 Deg. F. / 3 - 6","","10 - 15 Deg. F.","6-Mar","10 - 15 Deg. F. / 3 - 6","10 - 15 / semi-humid","CO.2","#66e566","semi-humid, cool","#FEE08B","E"
"ARFR-WY050-49-FREMONT-12","white",6,149,23,39,NA,1244,NA,2.6,1,NA,NA,4.4,1,NA,2,1,NA,2,1,NA,2,11.2,1,NA,2,1,NA,2,1,NA,2,1,2,1,NA,2,1,NA,NA,NA,NA,NA,NA,NA,NA,NA,"N",NA,"N",NA,"ARFR4-SOS-WY050-49-FREMONT-12","#5E4FA2",-109.34775,43.42663611,"5 - 10 Deg. F. / 6 - 12","","5 - 10 Deg. F.","12-Jun","5 - 10 Deg. F. / 6 - 12","5 - 10 / semi-arid","WY.3","#ffb90f","semi-arid, cold","#5E4FA2","K"
"ARFR-WY040-71-10","white",6,150,23,40,281,1245,NA,5.6,1,NA,NA,7.6,1,NA,2,1,NA,2,1,NA,2,13.1,1,NA,2,1,NA,3,1,NA,3,1,3,1,NA,3,1,NA,NA,NA,NA,NA,NA,NA,NA,NA,"Y",NA,"N",NA,"ARFR4-SOS-WY040-71-10","#66C2A5",-109.2433156,41.13271889,"5 - 10 Deg. F. / 3 - 6","","5 - 10 Deg. F.","6-Mar","5 - 10 Deg. F. / 3 - 6","5 - 10 / semi-humid","WY.1","#a5c2f1","semi-humid, cold","#66C2A5","I"
"ARFR-CO932-316-JEFFERSON-12","white",6,151,23,41,NA,1246,NA,6.5,1,NA,NA,10,1,NA,2,1,NA,2,1,NA,2,23.3,1,NA,2,1,NA,3,1,NA,3,1,3,1,NA,3,1,NA,NA,NA,NA,NA,NA,NA,NA,NA,"Y",NA,"N",NA,"ARFR4-SOS-CO932-316-JEFFERSON-12","#FFFF85",-105.358,39.66325,"15 - 20 Deg. F. / 3 - 6","","15 - 20 Deg. F.","6-Mar","15 - 20 Deg. F. / 3 - 6","15 - 20 / semi-humid","CO.3","#698b69","semi-humid, warm","#FFFF85","F"
"ARFR-WY050-49-FREMONT-12","white",6,152,23,42,NA,1247,NA,3.7,1,NA,NA,5.1,1,NA,2,1,NA,2,1,NA,2,9.7,1,NA,2,1,NA,2,1,NA,2,1,2,1,NA,2,1,NA,NA,NA,NA,NA,NA,NA,NA,NA,"Y",NA,"N",NA,"ARFR4-SOS-WY050-49-FREMONT-12","#5E4FA2",-109.34775,43.42663611,"5 - 10 Deg. F. / 6 - 12","","5 - 10 Deg. F.","12-Jun","5 - 10 Deg. F. / 6 - 12","5 - 10 / semi-arid","WY.3","#ffb90f","semi-arid, cold","#5E4FA2","K"
"ARFR-NM930N-66-11","white",6,153,23,43,NA,1248,NA,9.9,1,NA,NA,14.9,1,NA,2,1,NA,2,1,NA,2,40.9,1,NA,2,1,NA,3,1,NA,3,1,3,1,NA,3,1,NA,NA,NA,NA,NA,NA,NA,NA,NA,"Y",NA,"N",NA,"ARFR4-SOS-NM930N-66-11","#F46D43",-107.2045028,36.76818611,"10 - 15 Deg. F. / 3 - 6","","10 - 15 Deg. F.","6-Mar","10 - 15 Deg. F. / 3 - 6","10 - 15 / semi-humid","NM.1","#66e566","semi-humid, cool","#F46D43","C"
"ARFR-UT080-109-UINTAH-12","white",6,154,23,44,NA,1249,NA,7.5,1,NA,NA,14.3,1,NA,2,1,NA,2,1,NA,2,54.5,1,NA,2,1,NA,3,1,NA,3,1,3,1,NA,3,1,NA,NA,NA,NA,NA,NA,NA,NA,NA,"Y",NA,"N",NA,"ARFR4-SOS-UT080-109-UINTAH-12","#aabe7f",-109.1426444,39.70802222,"10 - 15 Deg. F. / 3 - 6","","10 - 15 Deg. F.","6-Mar","10 - 15 Deg. F. / 3 - 6","10 - 15 / semi-humid","UT.1","#66e566","semi-humid, cool","#aabe7f","G"
"ARFR-CO932-314-JEFFERSON-12","white",6,155,23,45,282,1250,NA,NA,0,"Y","314 Jefferson",5.9,1,NA,2,1,NA,2,1,NA,2,16.8,1,NA,2,1,NA,3,1,NA,3,1,3,1,NA,3,1,NA,NA,NA,NA,NA,NA,NA,NA,NA,"N",NA,"N",NA,"ARFR4-SOS-CO932-314-JEFFERSON-12","#FEE08B",-105.3553333,39.40902778,"10 - 15 Deg. F. / 3 - 6","","10 - 15 Deg. F.","6-Mar","10 - 15 Deg. F. / 3 - 6","10 - 15 / semi-humid","CO.2","#66e566","semi-humid, cool","#FEE08B","E"
"ARFR-CO932-316-JEFFERSON-12","white",6,156,23,46,NA,1251,NA,6.4,1,NA,NA,9.3,1,NA,2,1,NA,2,1,NA,2,22.6,1,NA,2,1,NA,3,1,NA,3,1,3,1,NA,3,1,NA,NA,NA,NA,NA,NA,NA,NA,NA,"Y",NA,"N",NA,"ARFR4-SOS-CO932-316-JEFFERSON-12","#FFFF85",-105.358,39.66325,"15 - 20 Deg. F. / 3 - 6","","15 - 20 Deg. F.","6-Mar","15 - 20 Deg. F. / 3 - 6","15 - 20 / semi-humid","CO.3","#698b69","semi-humid, warm","#FFFF85","F"
"ARFR-AZ930-423-NAVAJO-18","white",6,157,23,47,NA,1252,NA,3.3,1,NA,NA,6.5,1,NA,2,1,NA,2,1,NA,2,37.5,1,NA,2,1,NA,3,1,NA,3,1,3,1,NA,3,1,NA,NA,NA,NA,NA,NA,NA,NA,NA,"Y",NA,"N",NA,"ARFR4-SOS-AZ930-423-NAVAJO-18","#9E0142",-110.431,36.45877,"15 - 20 Deg. F. / 6 - 12","SdZones downloaded 20230823","15 - 20 Deg. F.","12-Jun","15 - 20 Deg. F. / 6 - 12","15 - 20 / semi-arid","AZ.1","#ee5c42","semi-arid, warm","#9E0142","A"
"ARFR-WY050-49-FREMONT-12","white",6,158,23,48,NA,1253,NA,5.3,1,NA,NA,9.5,1,NA,2,1,NA,2,1,NA,2,47.6,1,NA,2,1,NA,3,1,NA,3,1,3,1,NA,3,1,NA,NA,NA,NA,NA,NA,NA,NA,NA,"Y",NA,"N",NA,"ARFR4-SOS-WY050-49-FREMONT-12","#5E4FA2",-109.34775,43.42663611,"5 - 10 Deg. F. / 6 - 12","","5 - 10 Deg. F.","12-Jun","5 - 10 Deg. F. / 6 - 12","5 - 10 / semi-arid","WY.3","#ffb90f","semi-arid, cold","#5E4FA2","K"
"ARFR-WY050-49-FREMONT-12","white",6,159,23,49,NA,1254,NA,4.6,1,NA,NA,7,1,NA,2,1,NA,2,1,NA,2,20.5,1,NA,2,1,NA,3,1,NA,3,1,3,1,NA,3,1,NA,NA,NA,NA,NA,NA,NA,NA,NA,"Y",NA,"N",NA,"ARFR4-SOS-WY050-49-FREMONT-12","#5E4FA2",-109.34775,43.42663611,"5 - 10 Deg. F. / 6 - 12","","5 - 10 Deg. F.","12-Jun","5 - 10 Deg. F. / 6 - 12","5 - 10 / semi-arid","WY.3","#ffb90f","semi-arid, cold","#5E4FA2","K"
"ARFR-CO932-294-11","white",6,160,23,50,283,1255,NA,6.2,1,NA,NA,11,1,NA,2,1,NA,2,1,NA,2,35.5,1,NA,2,1,NA,3,1,NA,3,1,3,1,NA,3,1,NA,NA,NA,NA,NA,NA,NA,NA,NA,"Y",NA,"N",NA,"ARFR4-SOS-CO932-294-11","#ABDDA4",-105.2030833,39.78458333,"15 - 20 Deg. F. / 3 - 6","","15 - 20 Deg. F.","6-Mar","15 - 20 Deg. F. / 3 - 6","15 - 20 / semi-humid","CO.4","#698b69","semi-humid, warm","#ABDDA4","H"
"ARFR-WY930-44-LASANIMAS-13","white",6,161,23,51,NA,1256,NA,8.2,1,NA,NA,12.1,1,NA,2,1,NA,2,1,NA,2,37.1,1,NA,2,1,NA,3,1,NA,3,1,3,1,NA,3,1,NA,NA,NA,NA,NA,NA,NA,NA,NA,"Y",NA,"N",NA,"ARFR4-SOS-WY930-44-LASANIMAS-13","#FDAE61",-104.6423889,37.16547222,"15 - 20 Deg. F. / 3 - 6","","15 - 20 Deg. F.","6-Mar","15 - 20 Deg. F. / 3 - 6","15 - 20 / semi-humid","CO.1","#698b69","semi-humid, warm","#FDAE61","D"
"ARFR-AZ930-423-NAVAJO-18","white",6,162,23,52,NA,1257,NA,7.3,1,NA,NA,12.7,1,NA,2,1,NA,2,1,NA,2,39.5,1,NA,2,1,NA,3,1,NA,3,1,3,1,NA,3,1,NA,NA,NA,NA,NA,NA,NA,NA,NA,"Y",NA,"N",NA,"ARFR4-SOS-AZ930-423-NAVAJO-18","#9E0142",-110.431,36.45877,"15 - 20 Deg. F. / 6 - 12","SdZones downloaded 20230823","15 - 20 Deg. F.","12-Jun","15 - 20 Deg. F. / 6 - 12","15 - 20 / semi-arid","AZ.1","#ee5c42","semi-arid, warm","#9E0142","A"
"ARFR-CO932-294-11","white",6,163,23,53,NA,1258,NA,5.6,1,NA,NA,9.1,1,NA,2,1,NA,2,1,NA,2,22.9,1,NA,2,1,NA,3,1,NA,3,1,3,1,NA,3,1,NA,NA,NA,NA,NA,NA,NA,NA,NA,"Y",NA,"N",NA,"ARFR4-SOS-CO932-294-11","#ABDDA4",-105.2030833,39.78458333,"15 - 20 Deg. F. / 3 - 6","","15 - 20 Deg. F.","6-Mar","15 - 20 Deg. F. / 3 - 6","15 - 20 / semi-humid","CO.4","#698b69","semi-humid, warm","#ABDDA4","H"
"ARFR-AZ930-422-NAVAJO-18","white",6,164,23,54,NA,1259,NA,2.1,1,NA,NA,3.1,1,NA,2,1,NA,2,1,NA,2,7.2,1,NA,2,1,NA,2,1,NA,2,1,2,1,NA,2,1,NA,NA,NA,NA,NA,NA,NA,NA,NA,"N",NA,"N",NA,"ARFR4-SOS-AZ930-422-NAVAJO-18","#D53E4F",-110.431,36.56805,"15 - 20 Deg. F. / 6 - 12","Lats corrected 20230127","15 - 20 Deg. F.","12-Jun","15 - 20 Deg. F. / 6 - 12","15 - 20 / semi-arid","AZ.2","#ee5c42","semi-arid, warm","#D53E4F","B"
"ARFR-WY040-71-10","white",6,165,23,55,284,1260,NA,2.5,1,NA,NA,3.4,1,NA,2,1,NA,2,1,NA,2,5.1,1,NA,2,1,NA,2,1,NA,2,1,2,1,NA,2,1,NA,NA,NA,NA,NA,NA,NA,NA,NA,"N",NA,"N",NA,"ARFR4-SOS-WY040-71-10","#66C2A5",-109.2433156,41.13271889,"5 - 10 Deg. F. / 3 - 6","","5 - 10 Deg. F.","6-Mar","5 - 10 Deg. F. / 3 - 6","5 - 10 / semi-humid","WY.1","#a5c2f1","semi-humid, cold","#66C2A5","I"
"ARFR-WY050-151-FREMONT-16","white",6,166,24,1,273,1261,NA,4.7,1,NA,NA,7.5,1,NA,2,1,NA,2,1,NA,2,12.4,1,NA,2,1,NA,2,1,NA,2,1,2,1,NA,2,1,NA,NA,NA,NA,NA,NA,NA,NA,NA,"Y",NA,"N",NA,"ARFR4-SOS-WY050-151-FREMONT-16","#3288BD",-108.1704472,42.47886111,"10 - 15 Deg. F. / 6 - 12","","10 - 15 Deg. F.","12-Jun","10 - 15 Deg. F. / 6 - 12","10 - 15 / semi-arid","WY.2","#cd8500","semi-arid, cool","#3288BD","J"
"ARFR-WY040-71-10","white",6,167,24,2,NA,1262,NA,4,1,NA,NA,5.4,1,NA,2,1,NA,2,1,NA,2,8.4,1,NA,2,1,NA,2,1,NA,2,1,2,1,NA,2,1,NA,NA,"Yes",NA,16.19,"S",9.23,NA,NA,"Y",NA,"N",NA,"ARFR4-SOS-WY040-71-10","#66C2A5",-109.2433156,41.13271889,"5 - 10 Deg. F. / 3 - 6","","5 - 10 Deg. F.","6-Mar","5 - 10 Deg. F. / 3 - 6","5 - 10 / semi-humid","WY.1","#a5c2f1","semi-humid, cold","#66C2A5","I"
"ARFR-WY930-44-LASANIMAS-13","white",6,168,24,3,NA,1263,NA,4.9,1,NA,NA,10.9,1,NA,2,1,NA,2,1,NA,2,28.3,1,NA,2,1,NA,3,1,NA,3,1,3,1,NA,3,1,NA,NA,NA,NA,NA,NA,NA,NA,NA,"Y",NA,"N",NA,"ARFR4-SOS-WY930-44-LASANIMAS-13","#FDAE61",-104.6423889,37.16547222,"15 - 20 Deg. F. / 3 - 6","","15 - 20 Deg. F.","6-Mar","15 - 20 Deg. F. / 3 - 6","15 - 20 / semi-humid","CO.1","#698b69","semi-humid, warm","#FDAE61","D"
"ARFR-AZ930-422-NAVAJO-18","white",6,169,24,4,NA,1264,NA,5.8,1,NA,NA,13.4,1,NA,2,1,NA,2,1,NA,2,45.5,1,NA,2,1,NA,3,1,NA,3,1,3,1,NA,3,1,NA,NA,NA,NA,NA,NA,NA,NA,NA,"Y",NA,"N",NA,"ARFR4-SOS-AZ930-422-NAVAJO-18","#D53E4F",-110.431,36.56805,"15 - 20 Deg. F. / 6 - 12","Lats corrected 20230127","15 - 20 Deg. F.","12-Jun","15 - 20 Deg. F. / 6 - 12","15 - 20 / semi-arid","AZ.2","#ee5c42","semi-arid, warm","#D53E4F","B"
"ARFR-UT080-109-UINTAH-12","white",6,170,24,5,274,1265,NA,7,1,NA,NA,NA,0,NA,NA,0,NA,NA,0,NA,NA,NA,0,NA,NA,0,NA,NA,0,NA,NA,0,NA,0,NA,NA,0,NA,NA,NA,NA,NA,NA,NA,NA,NA,"N",NA,"N",NA,"ARFR4-SOS-UT080-109-UINTAH-12","#aabe7f",-109.1426444,39.70802222,"10 - 15 Deg. F. / 3 - 6","","10 - 15 Deg. F.","6-Mar","10 - 15 Deg. F. / 3 - 6","10 - 15 / semi-humid","UT.1","#66e566","semi-humid, cool","#aabe7f","G"
"ARFR-AZ930-422-NAVAJO-18","white",6,171,24,6,NA,1266,NA,5,1,NA,NA,11.8,1,NA,2,1,NA,2,1,NA,2,46.5,1,NA,2,1,NA,3,1,NA,3,1,3,1,NA,3,1,NA,NA,NA,NA,NA,NA,NA,NA,NA,"Y",NA,"N",NA,"ARFR4-SOS-AZ930-422-NAVAJO-18","#D53E4F",-110.431,36.56805,"15 - 20 Deg. F. / 6 - 12","Lats corrected 20230127","15 - 20 Deg. F.","12-Jun","15 - 20 Deg. F. / 6 - 12","15 - 20 / semi-arid","AZ.2","#ee5c42","semi-arid, warm","#D53E4F","B"
"ARFR-UT080-109-UINTAH-12","white",6,172,24,7,NA,1267,NA,7,1,NA,NA,11.6,1,NA,2,1,NA,2,1,NA,2,39.3,1,NA,3,1,NA,3,1,NA,3,1,3,1,NA,3,1,NA,NA,NA,NA,NA,NA,NA,NA,NA,"Y",NA,"N",NA,"ARFR4-SOS-UT080-109-UINTAH-12","#aabe7f",-109.1426444,39.70802222,"10 - 15 Deg. F. / 3 - 6","","10 - 15 Deg. F.","6-Mar","10 - 15 Deg. F. / 3 - 6","10 - 15 / semi-humid","UT.1","#66e566","semi-humid, cool","#aabe7f","G"
"ARFR-AZ930-422-NAVAJO-18","white",6,173,24,8,NA,1268,NA,5.5,1,NA,NA,13.7,1,NA,2,1,NA,2,1,NA,2,39,1,NA,2,1,NA,3,1,NA,3,1,3,1,NA,3,1,NA,NA,NA,NA,NA,NA,NA,NA,NA,"Y",NA,"N",NA,"ARFR4-SOS-AZ930-422-NAVAJO-18","#D53E4F",-110.431,36.56805,"15 - 20 Deg. F. / 6 - 12","Lats corrected 20230127","15 - 20 Deg. F.","12-Jun","15 - 20 Deg. F. / 6 - 12","15 - 20 / semi-arid","AZ.2","#ee5c42","semi-arid, warm","#D53E4F","B"
"ARFR-CO932-316-JEFFERSON-12","white",6,174,24,9,NA,1269,NA,4.1,1,NA,NA,5.7,1,NA,2,1,NA,2,1,NA,2,6.7,1,NA,2,1,NA,2,1,NA,2,1,2,1,NA,2,1,NA,NA,"Yes",NA,12.23,"S",5.27,NA,NA,"Y",NA,"N",NA,"ARFR4-SOS-CO932-316-JEFFERSON-12","#FFFF85",-105.358,39.66325,"15 - 20 Deg. F. / 3 - 6","","15 - 20 Deg. F.","6-Mar","15 - 20 Deg. F. / 3 - 6","15 - 20 / semi-humid","CO.3","#698b69","semi-humid, warm","#FFFF85","F"
"ARFR-CO932-314-JEFFERSON-12","white",6,175,24,10,275,1270,NA,4.3,1,NA,NA,8,1,NA,2,1,NA,2,1,NA,2,29.6,1,NA,2,1,NA,3,1,NA,3,1,3,1,NA,3,1,NA,NA,NA,NA,NA,NA,NA,NA,NA,"Y",NA,"N",NA,"ARFR4-SOS-CO932-314-JEFFERSON-12","#FEE08B",-105.3553333,39.40902778,"10 - 15 Deg. F. / 3 - 6","","10 - 15 Deg. F.","6-Mar","10 - 15 Deg. F. / 3 - 6","10 - 15 / semi-humid","CO.2","#66e566","semi-humid, cool","#FEE08B","E"
"ARFR-WY050-49-FREMONT-12","white",6,176,24,11,NA,1271,NA,2.3,1,NA,NA,4.8,1,NA,2,1,NA,2,1,NA,2,8,1,NA,2,1,NA,2,1,NA,2,1,2,1,NA,2,1,NA,NA,NA,NA,NA,NA,NA,NA,NA,"Y",NA,"N",NA,"ARFR4-SOS-WY050-49-FREMONT-12","#5E4FA2",-109.34775,43.42663611,"5 - 10 Deg. F. / 6 - 12","","5 - 10 Deg. F.","12-Jun","5 - 10 Deg. F. / 6 - 12","5 - 10 / semi-arid","WY.3","#ffb90f","semi-arid, cold","#5E4FA2","K"
"ARFR-CO932-316-JEFFERSON-12","white",6,177,24,12,NA,1272,NA,5.2,1,NA,NA,9.1,1,NA,2,1,NA,2,1,NA,2,37.7,1,NA,2,1,NA,3,1,NA,3,1,3,1,NA,3,1,NA,NA,"Yes",NA,134.89,"L",102.912,66.84,59.88,"Y",NA,"N",NA,"ARFR4-SOS-CO932-316-JEFFERSON-12","#FFFF85",-105.358,39.66325,"15 - 20 Deg. F. / 3 - 6","","15 - 20 Deg. F.","6-Mar","15 - 20 Deg. F. / 3 - 6","15 - 20 / semi-humid","CO.3","#698b69","semi-humid, warm","#FFFF85","F"
"ARFR-CO932-316-JEFFERSON-12","white",6,178,24,13,NA,1273,NA,4.3,1,NA,NA,10.9,1,NA,2,1,NA,2,1,NA,2,38.8,1,NA,2,1,NA,3,1,NA,3,1,3,1,NA,3,1,NA,NA,NA,NA,NA,NA,NA,NA,NA,"Y",NA,"N",NA,"ARFR4-SOS-CO932-316-JEFFERSON-12","#FFFF85",-105.358,39.66325,"15 - 20 Deg. F. / 3 - 6","","15 - 20 Deg. F.","6-Mar","15 - 20 Deg. F. / 3 - 6","15 - 20 / semi-humid","CO.3","#698b69","semi-humid, warm","#FFFF85","F"
"ARFR-WY930-44-LASANIMAS-13","white",6,179,24,14,NA,1274,NA,0.9,1,NA,NA,3.9,1,NA,2,1,"dying",2,1,NA,2,3.8,1,NA,2,1,NA,2,1,NA,2,1,2,1,NA,2,1,NA,NA,"Yes",NA,6.87,"S",NA,NA,NA,"N",NA,"N",NA,"ARFR4-SOS-WY930-44-LASANIMAS-13","#FDAE61",-104.6423889,37.16547222,"15 - 20 Deg. F. / 3 - 6","","15 - 20 Deg. F.","6-Mar","15 - 20 Deg. F. / 3 - 6","15 - 20 / semi-humid","CO.1","#698b69","semi-humid, warm","#FDAE61","D"
"ARFR-CO932-314-JEFFERSON-12","white",6,180,24,15,276,1275,NA,6.5,1,NA,NA,9.6,1,NA,2,1,NA,2,1,NA,2,33.9,1,NA,2,1,NA,3,1,NA,3,1,3,1,NA,3,1,NA,NA,NA,NA,NA,NA,NA,NA,NA,"Y",NA,"N",NA,"ARFR4-SOS-CO932-314-JEFFERSON-12","#FEE08B",-105.3553333,39.40902778,"10 - 15 Deg. F. / 3 - 6","","10 - 15 Deg. F.","6-Mar","10 - 15 Deg. F. / 3 - 6","10 - 15 / semi-humid","CO.2","#66e566","semi-humid, cool","#FEE08B","E"
"ARFR-NM930N-66-11","white",6,181,24,16,NA,1276,NA,10.1,1,NA,NA,17.4,1,NA,2,1,"bud?",2,1,NA,2,55.1,1,NA,2,1,NA,3,1,NA,3,1,3,1,NA,3,1,NA,NA,NA,NA,NA,NA,NA,NA,NA,"Y",NA,"N",NA,"ARFR4-SOS-NM930N-66-11","#F46D43",-107.2045028,36.76818611,"10 - 15 Deg. F. / 3 - 6","","10 - 15 Deg. F.","6-Mar","10 - 15 Deg. F. / 3 - 6","10 - 15 / semi-humid","NM.1","#66e566","semi-humid, cool","#F46D43","C"
"ARFR-UT080-109-UINTAH-12","white",6,182,24,17,NA,1277,NA,7,1,NA,NA,11.2,1,NA,2,1,NA,2,1,NA,2,48.1,1,NA,2,1,NA,3,1,NA,3,1,3,1,NA,3,1,NA,NA,NA,NA,NA,NA,NA,NA,NA,"Y",NA,"N",NA,"ARFR4-SOS-UT080-109-UINTAH-12","#aabe7f",-109.1426444,39.70802222,"10 - 15 Deg. F. / 3 - 6","","10 - 15 Deg. F.","6-Mar","10 - 15 Deg. F. / 3 - 6","10 - 15 / semi-humid","UT.1","#66e566","semi-humid, cool","#aabe7f","G"
"ARFR-WY930-44-LASANIMAS-13","white",6,183,24,18,NA,1278,NA,5.1,1,NA,NA,5.8,1,NA,2,1,NA,2,1,NA,2,10.7,1,NA,2,1,NA,3,1,NA,3,1,3,1,NA,3,1,NA,NA,NA,NA,NA,NA,NA,NA,NA,"Y",NA,"N",NA,"ARFR4-SOS-WY930-44-LASANIMAS-13","#FDAE61",-104.6423889,37.16547222,"15 - 20 Deg. F. / 3 - 6","","15 - 20 Deg. F.","6-Mar","15 - 20 Deg. F. / 3 - 6","15 - 20 / semi-humid","CO.1","#698b69","semi-humid, warm","#FDAE61","D"
"ARFR-CO932-294-11","white",6,184,24,19,NA,1279,NA,6.9,1,NA,NA,9.5,1,NA,2,1,NA,2,1,NA,2,21,1,NA,2,1,NA,3,1,NA,3,1,3,1,NA,3,1,NA,NA,NA,NA,NA,NA,NA,NA,NA,"Y",NA,"N",NA,"ARFR4-SOS-CO932-294-11","#ABDDA4",-105.2030833,39.78458333,"15 - 20 Deg. F. / 3 - 6","","15 - 20 Deg. F.","6-Mar","15 - 20 Deg. F. / 3 - 6","15 - 20 / semi-humid","CO.4","#698b69","semi-humid, warm","#ABDDA4","H"
"ARFR-CO932-314-JEFFERSON-12","white",6,185,24,20,277,1280,NA,5.5,1,NA,NA,9.3,1,NA,2,1,"buds?",2,1,NA,2,40.2,1,NA,3,1,NA,3,1,NA,3,1,3,1,NA,3,1,NA,NA,NA,NA,NA,NA,NA,NA,NA,"Y",NA,"N",NA,"ARFR4-SOS-CO932-314-JEFFERSON-12","#FEE08B",-105.3553333,39.40902778,"10 - 15 Deg. F. / 3 - 6","","10 - 15 Deg. F.","6-Mar","10 - 15 Deg. F. / 3 - 6","10 - 15 / semi-humid","CO.2","#66e566","semi-humid, cool","#FEE08B","E"
"ARFR-WY050-49-FREMONT-12","white",6,186,24,21,NA,1281,NA,5,1,NA,NA,4.9,1,NA,2,1,NA,2,1,NA,2,15.7,1,NA,2,1,NA,2,1,NA,2,1,2,1,NA,2,1,NA,NA,NA,NA,NA,NA,NA,NA,NA,"Y",NA,"N",NA,"ARFR4-SOS-WY050-49-FREMONT-12","#5E4FA2",-109.34775,43.42663611,"5 - 10 Deg. F. / 6 - 12","","5 - 10 Deg. F.","12-Jun","5 - 10 Deg. F. / 6 - 12","5 - 10 / semi-arid","WY.3","#ffb90f","semi-arid, cold","#5E4FA2","K"
"ARFR-UT080-109-UINTAH-12","white",6,187,24,22,NA,1282,NA,8.5,1,NA,NA,15.3,1,NA,2,1,NA,2,1,NA,2,46.2,1,NA,2,1,NA,3,1,NA,3,1,3,1,NA,3,1,NA,NA,NA,NA,NA,NA,NA,NA,NA,"Y",NA,"N",NA,"ARFR4-SOS-UT080-109-UINTAH-12","#aabe7f",-109.1426444,39.70802222,"10 - 15 Deg. F. / 3 - 6","","10 - 15 Deg. F.","6-Mar","10 - 15 Deg. F. / 3 - 6","10 - 15 / semi-humid","UT.1","#66e566","semi-humid, cool","#aabe7f","G"
"ARFR-AZ930-422-NAVAJO-18","white",6,188,24,23,NA,1283,NA,6.4,1,NA,NA,10,1,NA,2,1,NA,2,1,NA,2,34.6,1,NA,2,1,NA,3,1,NA,3,1,3,1,NA,3,1,NA,NA,NA,NA,NA,NA,NA,NA,NA,"Y",NA,"N",NA,"ARFR4-SOS-AZ930-422-NAVAJO-18","#D53E4F",-110.431,36.56805,"15 - 20 Deg. F. / 6 - 12","Lats corrected 20230127","15 - 20 Deg. F.","12-Jun","15 - 20 Deg. F. / 6 - 12","15 - 20 / semi-arid","AZ.2","#ee5c42","semi-arid, warm","#D53E4F","B"
"ARFR-WY930-44-LASANIMAS-13","white",6,189,24,24,NA,1284,NA,6.7,1,NA,NA,8.4,1,NA,2,1,NA,2,1,NA,2,22.1,1,NA,2,1,NA,3,1,NA,3,1,3,1,NA,3,1,NA,NA,NA,NA,NA,NA,NA,NA,NA,"Y",NA,"N",NA,"ARFR4-SOS-WY930-44-LASANIMAS-13","#FDAE61",-104.6423889,37.16547222,"15 - 20 Deg. F. / 3 - 6","","15 - 20 Deg. F.","6-Mar","15 - 20 Deg. F. / 3 - 6","15 - 20 / semi-humid","CO.1","#698b69","semi-humid, warm","#FDAE61","D"
"ARFR-AZ930-422-NAVAJO-18","white",6,190,24,25,278,1285,NA,5.6,1,NA,NA,8.3,1,NA,2,1,NA,2,1,NA,2,33.9,1,NA,2,1,NA,3,1,NA,3,1,3,1,NA,3,1,NA,NA,NA,NA,NA,NA,NA,NA,NA,"Y",NA,"N",NA,"ARFR4-SOS-AZ930-422-NAVAJO-18","#D53E4F",-110.431,36.56805,"15 - 20 Deg. F. / 6 - 12","Lats corrected 20230127","15 - 20 Deg. F.","12-Jun","15 - 20 Deg. F. / 6 - 12","15 - 20 / semi-arid","AZ.2","#ee5c42","semi-arid, warm","#D53E4F","B"
"ARFR-CO932-316-JEFFERSON-12","white",6,191,24,26,NA,1286,NA,5.6,1,NA,NA,9.1,1,NA,2,1,NA,2,1,NA,2,26.7,1,NA,2,1,NA,3,1,NA,3,1,3,1,NA,3,1,NA,NA,NA,NA,NA,NA,NA,NA,NA,"Y",NA,"N",NA,"ARFR4-SOS-CO932-316-JEFFERSON-12","#FFFF85",-105.358,39.66325,"15 - 20 Deg. F. / 3 - 6","","15 - 20 Deg. F.","6-Mar","15 - 20 Deg. F. / 3 - 6","15 - 20 / semi-humid","CO.3","#698b69","semi-humid, warm","#FFFF85","F"
"ARFR-CO932-316-JEFFERSON-12","white",6,192,24,27,NA,1287,NA,NA,0,"Y","316 Jefferson",7.9,1,NA,2,1,NA,2,1,NA,2,21.1,1,NA,2,1,NA,3,1,NA,3,1,3,1,NA,3,1,NA,NA,NA,NA,NA,NA,NA,NA,NA,"Y",NA,"N",NA,"ARFR4-SOS-CO932-316-JEFFERSON-12","#FFFF85",-105.358,39.66325,"15 - 20 Deg. F. / 3 - 6","","15 - 20 Deg. F.","6-Mar","15 - 20 Deg. F. / 3 - 6","15 - 20 / semi-humid","CO.3","#698b69","semi-humid, warm","#FFFF85","F"
"ARFR-AZ930-422-NAVAJO-18","white",6,193,24,28,NA,1288,NA,7.4,1,NA,NA,15.6,1,NA,2,1,NA,2,1,NA,2,54.3,1,NA,2,1,NA,3,1,NA,3,1,3,1,NA,3,1,NA,NA,NA,NA,NA,NA,NA,NA,NA,"Y",NA,"N",NA,"ARFR4-SOS-AZ930-422-NAVAJO-18","#D53E4F",-110.431,36.56805,"15 - 20 Deg. F. / 6 - 12","Lats corrected 20230127","15 - 20 Deg. F.","12-Jun","15 - 20 Deg. F. / 6 - 12","15 - 20 / semi-arid","AZ.2","#ee5c42","semi-arid, warm","#D53E4F","B"
"ARFR-AZ930-423-NAVAJO-18","white",6,194,24,29,NA,1289,NA,7.5,1,NA,NA,13.9,1,NA,2,1,NA,2,1,NA,2,49.3,1,NA,2,1,NA,3,1,NA,3,1,3,1,NA,3,1,NA,NA,NA,NA,NA,NA,NA,NA,NA,"Y",NA,"N",NA,"ARFR4-SOS-AZ930-423-NAVAJO-18","#9E0142",-110.431,36.45877,"15 - 20 Deg. F. / 6 - 12","SdZones downloaded 20230823","15 - 20 Deg. F.","12-Jun","15 - 20 Deg. F. / 6 - 12","15 - 20 / semi-arid","AZ.1","#ee5c42","semi-arid, warm","#9E0142","A"
"ARFR-WY050-151-FREMONT-16","white",6,195,24,30,279,1290,NA,6.3,1,NA,NA,7,1,NA,2,1,NA,2,1,NA,2,13.2,1,NA,2,1,NA,2,1,NA,2,1,2,1,NA,2,1,NA,NA,NA,NA,NA,NA,NA,NA,NA,"Y",NA,"Y",NA,"ARFR4-SOS-WY050-151-FREMONT-16","#3288BD",-108.1704472,42.47886111,"10 - 15 Deg. F. / 6 - 12","","10 - 15 Deg. F.","12-Jun","10 - 15 Deg. F. / 6 - 12","10 - 15 / semi-arid","WY.2","#cd8500","semi-arid, cool","#3288BD","J"
"ARFR-WY050-49-FREMONT-12","white",6,196,24,31,NA,1291,NA,6,1,NA,NA,8.8,1,NA,2,1,NA,2,1,NA,2,28.8,1,NA,2,1,NA,3,1,NA,3,1,3,1,NA,3,1,NA,NA,NA,NA,NA,NA,NA,NA,NA,"Y",NA,"N",NA,"ARFR4-SOS-WY050-49-FREMONT-12","#5E4FA2",-109.34775,43.42663611,"5 - 10 Deg. F. / 6 - 12","","5 - 10 Deg. F.","12-Jun","5 - 10 Deg. F. / 6 - 12","5 - 10 / semi-arid","WY.3","#ffb90f","semi-arid, cold","#5E4FA2","K"
"ARFR-WY050-151-FREMONT-16","white",6,197,24,32,NA,1292,NA,4.1,1,NA,NA,6.4,1,NA,2,1,NA,2,1,NA,2,12.9,1,NA,2,1,NA,3,1,NA,3,1,3,1,NA,3,1,NA,NA,NA,NA,NA,NA,NA,NA,NA,"Y",NA,"N",NA,"ARFR4-SOS-WY050-151-FREMONT-16","#3288BD",-108.1704472,42.47886111,"10 - 15 Deg. F. / 6 - 12","","10 - 15 Deg. F.","12-Jun","10 - 15 Deg. F. / 6 - 12","10 - 15 / semi-arid","WY.2","#cd8500","semi-arid, cool","#3288BD","J"
"ARFR-AZ930-422-NAVAJO-18","white",6,198,24,33,NA,1293,NA,6,1,NA,NA,10.9,1,NA,2,1,NA,2,1,NA,2,32.4,1,NA,2,1,NA,3,1,NA,3,1,3,1,NA,3,1,NA,NA,NA,NA,NA,NA,NA,NA,NA,"Y",NA,"N",NA,"ARFR4-SOS-AZ930-422-NAVAJO-18","#D53E4F",-110.431,36.56805,"15 - 20 Deg. F. / 6 - 12","Lats corrected 20230127","15 - 20 Deg. F.","12-Jun","15 - 20 Deg. F. / 6 - 12","15 - 20 / semi-arid","AZ.2","#ee5c42","semi-arid, warm","#D53E4F","B"
"ARFR-WY040-71-10","white",6,199,24,34,NA,1294,NA,5.7,1,NA,NA,6.3,1,NA,2,1,NA,2,1,NA,2,16.7,1,NA,2,1,NA,2,1,NA,3,1,3,1,NA,3,1,NA,NA,NA,NA,NA,NA,NA,NA,NA,"Y",NA,"N",NA,"ARFR4-SOS-WY040-71-10","#66C2A5",-109.2433156,41.13271889,"5 - 10 Deg. F. / 3 - 6","","5 - 10 Deg. F.","6-Mar","5 - 10 Deg. F. / 3 - 6","5 - 10 / semi-humid","WY.1","#a5c2f1","semi-humid, cold","#66C2A5","I"
"ARFR-WY050-151-FREMONT-16","white",6,200,24,35,280,1295,NA,5.8,1,NA,NA,6.8,1,NA,2,1,NA,2,1,NA,2,17.3,1,NA,2,1,NA,3,1,NA,3,1,3,1,NA,3,1,NA,NA,"Yes",NA,139.04,"L",107.062,32.08,25.12,"Y",NA,"N",NA,"ARFR4-SOS-WY050-151-FREMONT-16","#3288BD",-108.1704472,42.47886111,"10 - 15 Deg. F. / 6 - 12","","10 - 15 Deg. F.","12-Jun","10 - 15 Deg. F. / 6 - 12","10 - 15 / semi-arid","WY.2","#cd8500","semi-arid, cool","#3288BD","J"
"ARFR-WY040-71-10","white",6,201,24,36,NA,1296,NA,5,1,NA,NA,7.5,1,NA,2,1,NA,2,1,NA,2,17.6,1,NA,2,1,NA,3,1,NA,3,1,3,1,NA,3,1,NA,NA,NA,NA,NA,NA,NA,NA,NA,"Y",NA,"N",NA,"ARFR4-SOS-WY040-71-10","#66C2A5",-109.2433156,41.13271889,"5 - 10 Deg. F. / 3 - 6","","5 - 10 Deg. F.","6-Mar","5 - 10 Deg. F. / 3 - 6","5 - 10 / semi-humid","WY.1","#a5c2f1","semi-humid, cold","#66C2A5","I"
"ARFR-CO932-314-JEFFERSON-12","white",6,202,24,37,NA,1297,NA,5.4,1,NA,NA,11.8,1,NA,2,1,NA,2,1,NA,2,40,1,NA,3,1,NA,3,1,NA,3,1,3,1,NA,3,1,NA,NA,NA,NA,NA,NA,NA,NA,NA,"Y",NA,"N",NA,"ARFR4-SOS-CO932-314-JEFFERSON-12","#FEE08B",-105.3553333,39.40902778,"10 - 15 Deg. F. / 3 - 6","","10 - 15 Deg. F.","6-Mar","10 - 15 Deg. F. / 3 - 6","10 - 15 / semi-humid","CO.2","#66e566","semi-humid, cool","#FEE08B","E"
"ARFR-WY930-44-LASANIMAS-13","white",6,203,24,38,NA,1298,NA,6.5,1,NA,NA,9.8,1,NA,2,1,NA,2,1,NA,2,26.1,1,NA,2,1,NA,3,1,NA,3,1,3,1,NA,3,1,NA,NA,NA,NA,NA,NA,NA,NA,NA,"Y",NA,"N",NA,"ARFR4-SOS-WY930-44-LASANIMAS-13","#FDAE61",-104.6423889,37.16547222,"15 - 20 Deg. F. / 3 - 6","","15 - 20 Deg. F.","6-Mar","15 - 20 Deg. F. / 3 - 6","15 - 20 / semi-humid","CO.1","#698b69","semi-humid, warm","#FDAE61","D"
"ARFR-NM930N-66-11","white",6,204,24,39,NA,1299,NA,10.1,1,NA,NA,16.5,1,NA,2,1,NA,2,1,NA,2,42.1,1,NA,2,1,NA,3,1,NA,3,1,3,1,NA,3,1,NA,NA,NA,NA,NA,NA,NA,NA,NA,"Y",NA,"N",NA,"ARFR4-SOS-NM930N-66-11","#F46D43",-107.2045028,36.76818611,"10 - 15 Deg. F. / 3 - 6","","10 - 15 Deg. F.","6-Mar","10 - 15 Deg. F. / 3 - 6","10 - 15 / semi-humid","NM.1","#66e566","semi-humid, cool","#F46D43","C"
"ARFR-CO932-294-11","white",6,205,24,40,281,1300,NA,6,1,NA,NA,9.2,1,NA,2,1,NA,2,1,NA,2,34.7,1,NA,2,1,NA,3,1,NA,3,1,3,1,NA,3,1,NA,NA,NA,NA,NA,NA,NA,NA,NA,"Y",NA,"N",NA,"ARFR4-SOS-CO932-294-11","#ABDDA4",-105.2030833,39.78458333,"15 - 20 Deg. F. / 3 - 6","","15 - 20 Deg. F.","6-Mar","15 - 20 Deg. F. / 3 - 6","15 - 20 / semi-humid","CO.4","#698b69","semi-humid, warm","#ABDDA4","H"
"ARFR-CO932-294-11","white",6,206,24,41,NA,1301,NA,6.1,1,NA,NA,8.9,1,NA,2,1,NA,2,1,NA,2,18.6,1,NA,2,1,NA,3,1,NA,3,1,3,1,NA,3,1,NA,NA,NA,NA,NA,NA,NA,NA,NA,"Y",NA,"N",NA,"ARFR4-SOS-CO932-294-11","#ABDDA4",-105.2030833,39.78458333,"15 - 20 Deg. F. / 3 - 6","","15 - 20 Deg. F.","6-Mar","15 - 20 Deg. F. / 3 - 6","15 - 20 / semi-humid","CO.4","#698b69","semi-humid, warm","#ABDDA4","H"
"ARFR-WY040-71-10","white",6,207,24,42,NA,1302,NA,6.8,1,NA,NA,11,1,NA,2,1,NA,2,1,NA,2,49.8,1,NA,2,1,NA,3,1,NA,3,1,3,1,NA,3,1,NA,NA,NA,NA,NA,NA,NA,NA,NA,"Y",NA,"N",NA,"ARFR4-SOS-WY040-71-10","#66C2A5",-109.2433156,41.13271889,"5 - 10 Deg. F. / 3 - 6","","5 - 10 Deg. F.","6-Mar","5 - 10 Deg. F. / 3 - 6","5 - 10 / semi-humid","WY.1","#a5c2f1","semi-humid, cold","#66C2A5","I"
"ARFR-WY050-151-FREMONT-16","white",6,208,24,43,NA,1303,NA,4,1,NA,NA,5.8,1,NA,2,1,NA,2,1,NA,2,15.5,1,NA,2,1,NA,3,1,NA,3,1,3,1,NA,3,1,NA,NA,NA,NA,NA,NA,NA,NA,NA,"Y",NA,"N",NA,"ARFR4-SOS-WY050-151-FREMONT-16","#3288BD",-108.1704472,42.47886111,"10 - 15 Deg. F. / 6 - 12","","10 - 15 Deg. F.","12-Jun","10 - 15 Deg. F. / 6 - 12","10 - 15 / semi-arid","WY.2","#cd8500","semi-arid, cool","#3288BD","J"
"ARFR-CO932-316-JEFFERSON-12","white",6,209,24,44,NA,1304,NA,4.1,1,NA,NA,10.8,1,NA,2,1,NA,2,1,NA,2,35.7,1,NA,3,1,NA,3,1,NA,3,1,3,1,NA,3,1,NA,NA,NA,NA,NA,NA,NA,NA,NA,"Y",NA,"N",NA,"ARFR4-SOS-CO932-316-JEFFERSON-12","#FFFF85",-105.358,39.66325,"15 - 20 Deg. F. / 3 - 6","","15 - 20 Deg. F.","6-Mar","15 - 20 Deg. F. / 3 - 6","15 - 20 / semi-humid","CO.3","#698b69","semi-humid, warm","#FFFF85","F"
"ARFR-UT080-109-UINTAH-12","white",6,210,24,45,282,1305,NA,7.6,1,NA,NA,13.6,1,NA,2,1,NA,2,1,NA,2,47.6,1,NA,2,1,NA,3,1,NA,3,1,3,1,NA,3,1,NA,NA,"Yes",NA,116.92,"L",84.942,35.41,28.45,"Y",NA,"N",NA,"ARFR4-SOS-UT080-109-UINTAH-12","#aabe7f",-109.1426444,39.70802222,"10 - 15 Deg. F. / 3 - 6","","10 - 15 Deg. F.","6-Mar","10 - 15 Deg. F. / 3 - 6","10 - 15 / semi-humid","UT.1","#66e566","semi-humid, cool","#aabe7f","G"
"ARFR-AZ930-422-NAVAJO-18","white",6,211,24,46,NA,1306,NA,7.2,1,NA,NA,16.5,1,NA,2,1,NA,2,1,NA,2,50.1,1,NA,2,1,NA,3,1,NA,3,1,3,1,NA,3,1,NA,NA,NA,NA,NA,NA,NA,NA,NA,"Y",NA,"N",NA,"ARFR4-SOS-AZ930-422-NAVAJO-18","#D53E4F",-110.431,36.56805,"15 - 20 Deg. F. / 6 - 12","Lats corrected 20230127","15 - 20 Deg. F.","12-Jun","15 - 20 Deg. F. / 6 - 12","15 - 20 / semi-arid","AZ.2","#ee5c42","semi-arid, warm","#D53E4F","B"
"ARFR-CO932-316-JEFFERSON-12","white",6,212,24,47,NA,1307,NA,6,1,NA,NA,8.7,1,NA,2,1,NA,2,1,NA,2,13.1,1,NA,2,1,NA,2,1,NA,2,1,2,1,NA,2,1,NA,NA,NA,NA,NA,NA,NA,NA,NA,"Y",NA,"N",NA,"ARFR4-SOS-CO932-316-JEFFERSON-12","#FFFF85",-105.358,39.66325,"15 - 20 Deg. F. / 3 - 6","","15 - 20 Deg. F.","6-Mar","15 - 20 Deg. F. / 3 - 6","15 - 20 / semi-humid","CO.3","#698b69","semi-humid, warm","#FFFF85","F"
"ARFR-WY930-44-LASANIMAS-13","white",6,213,24,48,NA,1308,NA,5.9,1,NA,NA,10.2,1,NA,2,1,NA,2,1,NA,2,30.7,1,NA,2,1,NA,3,1,NA,3,1,3,1,NA,3,1,NA,NA,NA,NA,NA,NA,NA,NA,NA,"Y",NA,"N",NA,"ARFR4-SOS-WY930-44-LASANIMAS-13","#FDAE61",-104.6423889,37.16547222,"15 - 20 Deg. F. / 3 - 6","","15 - 20 Deg. F.","6-Mar","15 - 20 Deg. F. / 3 - 6","15 - 20 / semi-humid","CO.1","#698b69","semi-humid, warm","#FDAE61","D"
"ARFR-CO932-314-JEFFERSON-12","white",6,214,24,49,NA,1309,NA,4.6,1,NA,NA,7.2,1,NA,2,1,NA,2,1,NA,2,27.5,1,NA,3,1,NA,3,1,NA,3,1,3,1,NA,3,1,NA,NA,NA,NA,NA,NA,NA,NA,NA,"Y",NA,"N",NA,"ARFR4-SOS-CO932-314-JEFFERSON-12","#FEE08B",-105.3553333,39.40902778,"10 - 15 Deg. F. / 3 - 6","","10 - 15 Deg. F.","6-Mar","10 - 15 Deg. F. / 3 - 6","10 - 15 / semi-humid","CO.2","#66e566","semi-humid, cool","#FEE08B","E"
"ARFR-UT080-109-UINTAH-12","white",6,215,24,50,283,1310,NA,NA,0,"Y","Uintah",7,1,NA,2,1,NA,2,1,NA,2,30.1,1,NA,2,1,NA,2,1,NA,3,1,3,1,NA,3,1,NA,NA,NA,NA,NA,NA,NA,NA,NA,"Y",NA,"N",NA,"ARFR4-SOS-UT080-109-UINTAH-12","#aabe7f",-109.1426444,39.70802222,"10 - 15 Deg. F. / 3 - 6","","10 - 15 Deg. F.","6-Mar","10 - 15 Deg. F. / 3 - 6","10 - 15 / semi-humid","UT.1","#66e566","semi-humid, cool","#aabe7f","G"
"ARFR-CO932-294-11","white",6,216,24,51,NA,1311,NA,6,1,NA,NA,9.4,1,NA,2,1,NA,2,1,NA,2,30.2,1,NA,2,1,NA,3,1,NA,3,1,3,1,NA,3,1,NA,NA,NA,NA,NA,NA,NA,NA,NA,"Y",NA,"N",NA,"ARFR4-SOS-CO932-294-11","#ABDDA4",-105.2030833,39.78458333,"15 - 20 Deg. F. / 3 - 6","","15 - 20 Deg. F.","6-Mar","15 - 20 Deg. F. / 3 - 6","15 - 20 / semi-humid","CO.4","#698b69","semi-humid, warm","#ABDDA4","H"
"ARFR-AZ930-422-NAVAJO-18","white",6,217,24,52,NA,1312,NA,7.1,1,NA,NA,14.8,1,NA,2,1,NA,2,1,NA,2,36.5,1,NA,2,1,NA,2,1,NA,3,1,3,1,NA,3,1,NA,NA,NA,NA,NA,NA,NA,NA,NA,"Y",NA,"N",NA,"ARFR4-SOS-AZ930-422-NAVAJO-18","#D53E4F",-110.431,36.56805,"15 - 20 Deg. F. / 6 - 12","Lats corrected 20230127","15 - 20 Deg. F.","12-Jun","15 - 20 Deg. F. / 6 - 12","15 - 20 / semi-arid","AZ.2","#ee5c42","semi-arid, warm","#D53E4F","B"
"ARFR-WY040-71-10","white",6,218,24,53,NA,1313,NA,4.1,1,NA,NA,6.9,1,NA,2,1,NA,2,1,NA,2,9.8,1,NA,2,1,NA,2,1,NA,2,1,2,1,NA,2,1,NA,NA,NA,NA,NA,NA,NA,NA,NA,"Y",NA,"N",NA,"ARFR4-SOS-WY040-71-10","#66C2A5",-109.2433156,41.13271889,"5 - 10 Deg. F. / 3 - 6","","5 - 10 Deg. F.","6-Mar","5 - 10 Deg. F. / 3 - 6","5 - 10 / semi-humid","WY.1","#a5c2f1","semi-humid, cold","#66C2A5","I"
"ARFR-WY050-151-FREMONT-16","black",7,1,25,1,285,1314,NA,7.1,1,NA,NA,11.31,1,NA,2,1,NA,2,1,NA,2,9.6,1,NA,2,1,NA,2,1,NA,2,1,2,1,NA,2,1,NA,NA,NA,NA,NA,NA,NA,NA,NA,"Y",NA,"N",NA,"ARFR4-SOS-WY050-151-FREMONT-16","#3288BD",-108.1704472,42.47886111,"10 - 15 Deg. F. / 6 - 12","","10 - 15 Deg. F.","12-Jun","10 - 15 Deg. F. / 6 - 12","10 - 15 / semi-arid","WY.2","#cd8500","semi-arid, cool","#3288BD","J"
"ARFR-CO932-294-11","black",7,2,25,2,NA,1315,NA,6,1,NA,NA,10.6,1,NA,2,1,NA,2,1,NA,2,18.5,1,NA,2,1,NA,3,1,NA,3,1,3,1,NA,3,1,NA,NA,NA,NA,NA,NA,NA,NA,NA,"Y",NA,"N",NA,"ARFR4-SOS-CO932-294-11","#ABDDA4",-105.2030833,39.78458333,"15 - 20 Deg. F. / 3 - 6","","15 - 20 Deg. F.","6-Mar","15 - 20 Deg. F. / 3 - 6","15 - 20 / semi-humid","CO.4","#698b69","semi-humid, warm","#ABDDA4","H"
"ARFR-CO932-314-JEFFERSON-12","black",7,3,25,3,NA,1316,"5/9/2022",NA,0,"Y","314 Jefferson",NA,0,"no plant 5/27; replacement dead 6/24",NA,0,NA,NA,0,NA,NA,NA,0,NA,NA,0,NA,NA,0,NA,NA,0,NA,0,"maked as alive and phenology 3. Assume this was an error?",NA,0,NA,NA,NA,NA,NA,NA,NA,NA,NA,"N",NA,"N",NA,"ARFR4-SOS-CO932-314-JEFFERSON-12","#FEE08B",-105.3553333,39.40902778,"10 - 15 Deg. F. / 3 - 6","","10 - 15 Deg. F.","6-Mar","10 - 15 Deg. F. / 3 - 6","10 - 15 / semi-humid","CO.2","#66e566","semi-humid, cool","#FEE08B","E"
"ARFR-WY040-71-10","black",7,4,25,4,NA,1317,"5/9/2022",NA,0,"Y","WY 71",4.6,1,"no plant 5/27",2,1,NA,2,1,NA,2,10,1,NA,2,1,NA,2,1,NA,2,1,2,1,NA,2,1,NA,NA,NA,NA,NA,NA,NA,NA,NA,"N",NA,"N",NA,"ARFR4-SOS-WY040-71-10","#66C2A5",-109.2433156,41.13271889,"5 - 10 Deg. F. / 3 - 6","","5 - 10 Deg. F.","6-Mar","5 - 10 Deg. F. / 3 - 6","5 - 10 / semi-humid","WY.1","#a5c2f1","semi-humid, cold","#66C2A5","I"
"ARFR-WY050-151-FREMONT-16","black",7,5,25,5,286,1318,NA,5.4,1,NA,NA,6.8,1,NA,2,1,NA,2,1,NA,2,11.8,1,NA,2,1,NA,3,1,NA,3,1,3,1,NA,3,1,NA,NA,NA,NA,NA,NA,NA,NA,NA,"Y",NA,"N",NA,"ARFR4-SOS-WY050-151-FREMONT-16","#3288BD",-108.1704472,42.47886111,"10 - 15 Deg. F. / 6 - 12","","10 - 15 Deg. F.","12-Jun","10 - 15 Deg. F. / 6 - 12","10 - 15 / semi-arid","WY.2","#cd8500","semi-arid, cool","#3288BD","J"
"ARFR-UT080-109-UINTAH-12","black",7,6,25,6,NA,1319,NA,5,1,NA,NA,11.8,1,NA,2,1,NA,2,1,NA,2,39.4,1,NA,2,1,NA,3,1,NA,3,1,3,1,NA,3,1,NA,NA,NA,NA,NA,NA,NA,NA,NA,"Y",NA,"N",NA,"ARFR4-SOS-UT080-109-UINTAH-12","#aabe7f",-109.1426444,39.70802222,"10 - 15 Deg. F. / 3 - 6","","10 - 15 Deg. F.","6-Mar","10 - 15 Deg. F. / 3 - 6","10 - 15 / semi-humid","UT.1","#66e566","semi-humid, cool","#aabe7f","G"
"ARFR-CO932-314-JEFFERSON-12","black",7,7,25,7,NA,1320,NA,6.2,1,NA,NA,11.5,1,NA,2,1,NA,2,1,NA,2,43.2,1,NA,2,1,NA,3,1,NA,3,1,3,1,NA,3,1,NA,NA,NA,NA,NA,NA,NA,NA,NA,"Y",NA,"N",NA,"ARFR4-SOS-CO932-314-JEFFERSON-12","#FEE08B",-105.3553333,39.40902778,"10 - 15 Deg. F. / 3 - 6","","10 - 15 Deg. F.","6-Mar","10 - 15 Deg. F. / 3 - 6","10 - 15 / semi-humid","CO.2","#66e566","semi-humid, cool","#FEE08B","E"
"ARFR-WY930-44-LASANIMAS-13","black",7,8,25,8,NA,1321,"5/9/2022",NA,0,"Y","Lasanimas",5.9,1,"no plant 5/27",2,1,NA,2,1,NA,2,16,1,NA,2,1,NA,2,1,NA,3,1,3,1,NA,3,1,NA,NA,NA,NA,NA,NA,NA,NA,NA,"Y",NA,"N",NA,"ARFR4-SOS-WY930-44-LASANIMAS-13","#FDAE61",-104.6423889,37.16547222,"15 - 20 Deg. F. / 3 - 6","","15 - 20 Deg. F.","6-Mar","15 - 20 Deg. F. / 3 - 6","15 - 20 / semi-humid","CO.1","#698b69","semi-humid, warm","#FDAE61","D"
"ARFR-CO932-314-JEFFERSON-12","black",7,9,25,9,NA,1322,NA,7.3,1,NA,NA,11.8,1,"ARFR-AZ930-423-NAVAJO-18_077 initially assigned but 314-Jefferson_028 actually planted",2,1,NA,2,1,NA,2,42.6,1,NA,2,1,NA,3,1,NA,3,1,3,1,NA,3,1,NA,NA,NA,NA,NA,NA,NA,NA,NA,"Y",NA,"N",NA,"ARFR4-SOS-CO932-314-JEFFERSON-12","#FEE08B",-105.3553333,39.40902778,"10 - 15 Deg. F. / 3 - 6","","10 - 15 Deg. F.","6-Mar","10 - 15 Deg. F. / 3 - 6","10 - 15 / semi-humid","CO.2","#66e566","semi-humid, cool","#FEE08B","E"
"ARFR-WY050-151-FREMONT-16","black",7,10,25,10,287,1323,NA,5.5,1,NA,NA,7.6,1,NA,2,1,NA,2,1,NA,2,12.4,1,NA,2,1,NA,2,1,NA,3,1,3,1,NA,3,1,NA,NA,NA,NA,NA,NA,NA,NA,NA,"Y",NA,"N",NA,"ARFR4-SOS-WY050-151-FREMONT-16","#3288BD",-108.1704472,42.47886111,"10 - 15 Deg. F. / 6 - 12","","10 - 15 Deg. F.","12-Jun","10 - 15 Deg. F. / 6 - 12","10 - 15 / semi-arid","WY.2","#cd8500","semi-arid, cool","#3288BD","J"
"ARFR-WY040-71-10","black",7,11,25,11,NA,1324,NA,4.6,1,NA,NA,6.6,1,NA,2,1,NA,2,1,NA,2,10.5,1,NA,2,1,NA,2,1,NA,2,1,2,1,NA,2,1,NA,NA,NA,NA,NA,NA,NA,NA,NA,"Y",NA,"N",NA,"ARFR4-SOS-WY040-71-10","#66C2A5",-109.2433156,41.13271889,"5 - 10 Deg. F. / 3 - 6","","5 - 10 Deg. F.","6-Mar","5 - 10 Deg. F. / 3 - 6","5 - 10 / semi-humid","WY.1","#a5c2f1","semi-humid, cold","#66C2A5","I"
"ARFR-AZ930-423-NAVAJO-18","black",7,12,25,12,NA,1325,NA,4.5,1,NA,NA,5.7,1,"Swapped during planting. 423-Navajo is now plant 12",2,1,NA,2,1,NA,2,14.1,1,NA,2,1,NA,3,1,NA,3,1,3,1,NA,3,1,NA,NA,NA,NA,NA,NA,NA,NA,NA,"Y",NA,"N",NA,"ARFR4-SOS-AZ930-423-NAVAJO-18","#9E0142",-110.431,36.45877,"15 - 20 Deg. F. / 6 - 12","SdZones downloaded 20230823","15 - 20 Deg. F.","12-Jun","15 - 20 Deg. F. / 6 - 12","15 - 20 / semi-arid","AZ.1","#ee5c42","semi-arid, warm","#9E0142","A"
"ARFR-WY040-71-10","black",7,13,25,13,NA,1326,NA,7,1,NA,NA,13,1,"Swapped during planting. WY-71 is now plant 13",2,1,NA,2,1,NA,2,40.6,1,NA,2,1,NA,3,1,NA,3,1,3,1,NA,3,1,NA,NA,NA,NA,NA,NA,NA,NA,NA,"Y",NA,"N",NA,"ARFR4-SOS-WY040-71-10","#66C2A5",-109.2433156,41.13271889,"5 - 10 Deg. F. / 3 - 6","","5 - 10 Deg. F.","6-Mar","5 - 10 Deg. F. / 3 - 6","5 - 10 / semi-humid","WY.1","#a5c2f1","semi-humid, cold","#66C2A5","I"
"ARFR-UT080-109-UINTAH-12","black",7,14,25,14,NA,1327,NA,7.9,1,NA,NA,14.1,1,NA,2,1,NA,2,1,NA,2,47.9,1,NA,2,1,NA,3,1,NA,3,1,3,1,NA,3,1,NA,NA,NA,NA,NA,NA,NA,NA,NA,"Y",NA,"N",NA,"ARFR4-SOS-UT080-109-UINTAH-12","#aabe7f",-109.1426444,39.70802222,"10 - 15 Deg. F. / 3 - 6","","10 - 15 Deg. F.","6-Mar","10 - 15 Deg. F. / 3 - 6","10 - 15 / semi-humid","UT.1","#66e566","semi-humid, cool","#aabe7f","G"
"ARFR-NM930N-66-11","black",7,15,25,15,288,1328,NA,7.4,1,NA,NA,12.6,1,NA,2,1,NA,2,1,NA,2,38.4,1,NA,2,1,NA,3,1,NA,3,1,3,1,NA,3,1,NA,NA,NA,NA,NA,NA,NA,NA,NA,"Y",NA,"N",NA,"ARFR4-SOS-NM930N-66-11","#F46D43",-107.2045028,36.76818611,"10 - 15 Deg. F. / 3 - 6","","10 - 15 Deg. F.","6-Mar","10 - 15 Deg. F. / 3 - 6","10 - 15 / semi-humid","NM.1","#66e566","semi-humid, cool","#F46D43","C"
"ARFR-CO932-314-JEFFERSON-12","black",7,16,25,16,NA,1329,NA,6,1,NA,NA,10.2,1,NA,2,1,NA,2,1,NA,2,31.2,1,NA,2,1,NA,3,1,NA,3,1,3,1,NA,3,1,NA,NA,NA,NA,NA,NA,NA,NA,NA,"Y",NA,"Y",NA,"ARFR4-SOS-CO932-314-JEFFERSON-12","#FEE08B",-105.3553333,39.40902778,"10 - 15 Deg. F. / 3 - 6","","10 - 15 Deg. F.","6-Mar","10 - 15 Deg. F. / 3 - 6","10 - 15 / semi-humid","CO.2","#66e566","semi-humid, cool","#FEE08B","E"
"ARFR-WY040-71-10","black",7,17,25,17,NA,1330,NA,4.8,1,NA,NA,6.9,1,NA,2,1,NA,2,1,NA,2,11,1,NA,2,1,NA,3,1,NA,3,1,3,1,NA,3,1,NA,NA,NA,NA,NA,NA,NA,NA,NA,"Y",NA,"N",NA,"ARFR4-SOS-WY040-71-10","#66C2A5",-109.2433156,41.13271889,"5 - 10 Deg. F. / 3 - 6","","5 - 10 Deg. F.","6-Mar","5 - 10 Deg. F. / 3 - 6","5 - 10 / semi-humid","WY.1","#a5c2f1","semi-humid, cold","#66C2A5","I"
"ARFR-WY050-151-FREMONT-16","black",7,18,25,18,NA,1331,NA,5,1,NA,NA,9.5,1,NA,2,1,NA,2,1,NA,2,14.6,1,NA,2,1,NA,3,1,NA,3,1,3,1,NA,3,1,NA,NA,NA,NA,NA,NA,NA,NA,NA,"Y",NA,"N",NA,"ARFR4-SOS-WY050-151-FREMONT-16","#3288BD",-108.1704472,42.47886111,"10 - 15 Deg. F. / 6 - 12","","10 - 15 Deg. F.","12-Jun","10 - 15 Deg. F. / 6 - 12","10 - 15 / semi-arid","WY.2","#cd8500","semi-arid, cool","#3288BD","J"
"ARFR-WY050-151-FREMONT-16","black",7,19,25,19,NA,1332,NA,5.6,1,NA,NA,6.7,1,NA,2,1,NA,2,1,NA,2,3.3,1,NA,2,1,NA,2,1,NA,2,1,2,1,NA,2,1,NA,NA,NA,NA,NA,NA,NA,NA,NA,"N",NA,"N",NA,"ARFR4-SOS-WY050-151-FREMONT-16","#3288BD",-108.1704472,42.47886111,"10 - 15 Deg. F. / 6 - 12","","10 - 15 Deg. F.","12-Jun","10 - 15 Deg. F. / 6 - 12","10 - 15 / semi-arid","WY.2","#cd8500","semi-arid, cool","#3288BD","J"
"ARFR-WY050-49-FREMONT-12","black",7,20,25,20,289,1333,NA,4.7,1,NA,NA,7.8,1,NA,2,1,NA,2,1,NA,2,14.2,1,NA,2,1,NA,2,1,NA,2,1,2,1,NA,2,1,NA,NA,NA,NA,NA,NA,NA,NA,NA,"Y",NA,"N",NA,"ARFR4-SOS-WY050-49-FREMONT-12","#5E4FA2",-109.34775,43.42663611,"5 - 10 Deg. F. / 6 - 12","","5 - 10 Deg. F.","12-Jun","5 - 10 Deg. F. / 6 - 12","5 - 10 / semi-arid","WY.3","#ffb90f","semi-arid, cold","#5E4FA2","K"
"ARFR-UT080-109-UINTAH-12","black",7,21,25,21,NA,1334,NA,8.9,1,NA,NA,14.3,1,NA,2,1,NA,2,1,NA,2,53.1,1,NA,2,1,NA,3,1,NA,3,1,3,1,NA,3,1,NA,NA,NA,NA,NA,NA,NA,NA,NA,"Y",NA,"N",NA,"ARFR4-SOS-UT080-109-UINTAH-12","#aabe7f",-109.1426444,39.70802222,"10 - 15 Deg. F. / 3 - 6","","10 - 15 Deg. F.","6-Mar","10 - 15 Deg. F. / 3 - 6","10 - 15 / semi-humid","UT.1","#66e566","semi-humid, cool","#aabe7f","G"
"ARFR-UT080-109-UINTAH-12","black",7,22,25,22,NA,1335,NA,9.4,1,NA,NA,13.9,1,NA,2,1,NA,2,1,NA,2,31.1,1,NA,2,1,NA,3,1,NA,3,1,3,1,NA,3,1,NA,NA,NA,NA,NA,NA,NA,NA,NA,"Y",NA,"N",NA,"ARFR4-SOS-UT080-109-UINTAH-12","#aabe7f",-109.1426444,39.70802222,"10 - 15 Deg. F. / 3 - 6","","10 - 15 Deg. F.","6-Mar","10 - 15 Deg. F. / 3 - 6","10 - 15 / semi-humid","UT.1","#66e566","semi-humid, cool","#aabe7f","G"
"ARFR-CO932-294-11","black",7,23,25,23,NA,1336,NA,6,1,NA,NA,8.6,1,NA,2,1,NA,2,1,NA,2,31.9,1,NA,2,1,NA,3,1,NA,3,1,3,1,NA,3,1,NA,NA,NA,NA,NA,NA,NA,NA,NA,"Y",NA,"N",NA,"ARFR4-SOS-CO932-294-11","#ABDDA4",-105.2030833,39.78458333,"15 - 20 Deg. F. / 3 - 6","","15 - 20 Deg. F.","6-Mar","15 - 20 Deg. F. / 3 - 6","15 - 20 / semi-humid","CO.4","#698b69","semi-humid, warm","#ABDDA4","H"
"ARFR-CO932-316-JEFFERSON-12","black",7,24,25,24,NA,1337,NA,2.8,1,NA,NA,5.3,1,NA,2,1,NA,2,1,NA,2,16.1,1,NA,2,1,NA,2,1,NA,3,1,3,1,NA,3,1,NA,NA,NA,NA,NA,NA,NA,NA,NA,"N",NA,"N",NA,"ARFR4-SOS-CO932-316-JEFFERSON-12","#FFFF85",-105.358,39.66325,"15 - 20 Deg. F. / 3 - 6","","15 - 20 Deg. F.","6-Mar","15 - 20 Deg. F. / 3 - 6","15 - 20 / semi-humid","CO.3","#698b69","semi-humid, warm","#FFFF85","F"
"ARFR-NM930N-66-11","black",7,25,25,25,290,1338,NA,9,1,NA,NA,12.9,1,NA,2,1,NA,2,1,NA,2,48.2,1,NA,2,1,NA,3,1,NA,3,1,3,1,NA,3,1,NA,NA,"Yes",NA,137.61,"L",105.632,41.66,34.7,"Y",NA,"N",NA,"ARFR4-SOS-NM930N-66-11","#F46D43",-107.2045028,36.76818611,"10 - 15 Deg. F. / 3 - 6","","10 - 15 Deg. F.","6-Mar","10 - 15 Deg. F. / 3 - 6","10 - 15 / semi-humid","NM.1","#66e566","semi-humid, cool","#F46D43","C"
"ARFR-AZ930-422-NAVAJO-18","black",7,26,25,26,NA,1339,NA,6.1,1,NA,NA,13.6,1,NA,2,1,NA,2,1,NA,2,46.4,1,NA,2,1,NA,3,1,NA,3,1,3,1,NA,3,1,NA,NA,NA,NA,NA,NA,NA,NA,NA,"Y",NA,"N",NA,"ARFR4-SOS-AZ930-422-NAVAJO-18","#D53E4F",-110.431,36.56805,"15 - 20 Deg. F. / 6 - 12","Lats corrected 20230127","15 - 20 Deg. F.","12-Jun","15 - 20 Deg. F. / 6 - 12","15 - 20 / semi-arid","AZ.2","#ee5c42","semi-arid, warm","#D53E4F","B"
"ARFR-AZ930-422-NAVAJO-18","black",7,27,25,27,NA,1340,NA,5.5,1,NA,NA,9.9,1,NA,2,1,NA,2,1,NA,2,48,1,NA,2,1,NA,3,1,NA,3,1,3,1,NA,3,1,NA,NA,NA,NA,NA,NA,NA,NA,NA,"Y",NA,"N",NA,"ARFR4-SOS-AZ930-422-NAVAJO-18","#D53E4F",-110.431,36.56805,"15 - 20 Deg. F. / 6 - 12","Lats corrected 20230127","15 - 20 Deg. F.","12-Jun","15 - 20 Deg. F. / 6 - 12","15 - 20 / semi-arid","AZ.2","#ee5c42","semi-arid, warm","#D53E4F","B"
"ARFR-CO932-316-JEFFERSON-12","black",7,28,25,28,NA,1341,"5/9/2022",NA,0,"Y","316 Jefferson",7.8,1,"no plant 5/27",2,1,NA,2,1,NA,2,19.6,1,NA,2,1,NA,3,1,NA,3,1,3,1,NA,3,1,NA,NA,NA,NA,NA,NA,NA,NA,NA,"Y",NA,"N",NA,"ARFR4-SOS-CO932-316-JEFFERSON-12","#FFFF85",-105.358,39.66325,"15 - 20 Deg. F. / 3 - 6","","15 - 20 Deg. F.","6-Mar","15 - 20 Deg. F. / 3 - 6","15 - 20 / semi-humid","CO.3","#698b69","semi-humid, warm","#FFFF85","F"
"ARFR-CO932-316-JEFFERSON-12","black",7,29,25,29,NA,1342,NA,5.5,1,NA,NA,10.2,1,NA,2,1,NA,2,1,NA,2,25.4,1,NA,2,1,NA,3,1,NA,3,1,3,1,NA,3,1,NA,NA,NA,NA,NA,NA,NA,NA,NA,"Y",NA,"N",NA,"ARFR4-SOS-CO932-316-JEFFERSON-12","#FFFF85",-105.358,39.66325,"15 - 20 Deg. F. / 3 - 6","","15 - 20 Deg. F.","6-Mar","15 - 20 Deg. F. / 3 - 6","15 - 20 / semi-humid","CO.3","#698b69","semi-humid, warm","#FFFF85","F"
"ARFR-WY930-44-LASANIMAS-13","black",7,30,25,30,291,1343,NA,4.8,1,NA,NA,5.4,1,NA,2,1,NA,2,1,NA,2,7,1,NA,2,1,NA,2,1,NA,2,1,2,1,NA,2,1,NA,NA,NA,NA,NA,NA,NA,NA,NA,"N",NA,"N",NA,"ARFR4-SOS-WY930-44-LASANIMAS-13","#FDAE61",-104.6423889,37.16547222,"15 - 20 Deg. F. / 3 - 6","","15 - 20 Deg. F.","6-Mar","15 - 20 Deg. F. / 3 - 6","15 - 20 / semi-humid","CO.1","#698b69","semi-humid, warm","#FDAE61","D"
"ARFR-CO932-316-JEFFERSON-12","black",7,31,25,31,NA,1344,NA,5.4,1,NA,NA,11.1,1,NA,2,1,NA,2,1,NA,2,36,1,NA,2,1,NA,3,1,NA,3,1,3,1,NA,3,1,NA,NA,NA,NA,NA,NA,NA,NA,NA,"Y",NA,"N",NA,"ARFR4-SOS-CO932-316-JEFFERSON-12","#FFFF85",-105.358,39.66325,"15 - 20 Deg. F. / 3 - 6","","15 - 20 Deg. F.","6-Mar","15 - 20 Deg. F. / 3 - 6","15 - 20 / semi-humid","CO.3","#698b69","semi-humid, warm","#FFFF85","F"
"ARFR-WY040-71-10","black",7,32,25,32,NA,1345,NA,4.7,1,NA,NA,7.9,1,NA,2,1,NA,2,1,NA,2,13.7,1,NA,2,1,NA,3,1,NA,3,1,3,1,NA,3,1,NA,NA,NA,NA,NA,NA,NA,NA,NA,"Y",NA,"N",NA,"ARFR4-SOS-WY040-71-10","#66C2A5",-109.2433156,41.13271889,"5 - 10 Deg. F. / 3 - 6","","5 - 10 Deg. F.","6-Mar","5 - 10 Deg. F. / 3 - 6","5 - 10 / semi-humid","WY.1","#a5c2f1","semi-humid, cold","#66C2A5","I"
"ARFR-UT080-109-UINTAH-12","black",7,33,25,33,NA,1346,NA,6.7,1,NA,NA,12.7,1,NA,2,1,NA,2,1,NA,2,27.1,1,NA,2,1,NA,3,1,NA,3,1,3,1,NA,3,1,NA,NA,NA,NA,NA,NA,NA,NA,NA,"Y",NA,"N",NA,"ARFR4-SOS-UT080-109-UINTAH-12","#aabe7f",-109.1426444,39.70802222,"10 - 15 Deg. F. / 3 - 6","","10 - 15 Deg. F.","6-Mar","10 - 15 Deg. F. / 3 - 6","10 - 15 / semi-humid","UT.1","#66e566","semi-humid, cool","#aabe7f","G"
"ARFR-WY050-49-FREMONT-12","black",7,34,25,34,NA,1347,NA,4.4,1,NA,NA,5.2,1,NA,2,1,NA,2,1,NA,2,11.2,1,NA,2,1,NA,2,1,NA,2,1,2,1,NA,2,1,NA,NA,NA,NA,NA,NA,NA,NA,NA,"Y",NA,"N",NA,"ARFR4-SOS-WY050-49-FREMONT-12","#5E4FA2",-109.34775,43.42663611,"5 - 10 Deg. F. / 6 - 12","","5 - 10 Deg. F.","12-Jun","5 - 10 Deg. F. / 6 - 12","5 - 10 / semi-arid","WY.3","#ffb90f","semi-arid, cold","#5E4FA2","K"
"ARFR-NM930N-66-11","black",7,35,25,35,292,1348,NA,10,1,NA,NA,NA,0,"dead 6/24",NA,0,NA,NA,0,NA,NA,NA,0,NA,NA,0,NA,NA,0,NA,NA,0,NA,0,"maked as alive and phenology 3. Assume this was an error?",NA,0,NA,NA,NA,NA,NA,NA,NA,NA,NA,"N",NA,"N",NA,"ARFR4-SOS-NM930N-66-11","#F46D43",-107.2045028,36.76818611,"10 - 15 Deg. F. / 3 - 6","","10 - 15 Deg. F.","6-Mar","10 - 15 Deg. F. / 3 - 6","10 - 15 / semi-humid","NM.1","#66e566","semi-humid, cool","#F46D43","C"
"ARFR-WY930-44-LASANIMAS-13","black",7,36,25,36,NA,1349,NA,8.6,1,NA,NA,15.2,1,NA,2,1,NA,2,1,NA,2,29.6,1,NA,2,1,NA,3,1,NA,3,1,3,1,NA,3,1,NA,NA,NA,NA,NA,NA,NA,NA,NA,"Y",NA,"N",NA,"ARFR4-SOS-WY930-44-LASANIMAS-13","#FDAE61",-104.6423889,37.16547222,"15 - 20 Deg. F. / 3 - 6","","15 - 20 Deg. F.","6-Mar","15 - 20 Deg. F. / 3 - 6","15 - 20 / semi-humid","CO.1","#698b69","semi-humid, warm","#FDAE61","D"
"ARFR-WY930-44-LASANIMAS-13","black",7,37,25,37,NA,1350,NA,6.7,1,NA,NA,10,1,NA,2,1,NA,2,1,NA,2,17.8,1,NA,2,1,NA,2,1,NA,3,1,3,1,NA,3,1,NA,NA,NA,NA,NA,NA,NA,NA,NA,"Y",NA,"N",NA,"ARFR4-SOS-WY930-44-LASANIMAS-13","#FDAE61",-104.6423889,37.16547222,"15 - 20 Deg. F. / 3 - 6","","15 - 20 Deg. F.","6-Mar","15 - 20 Deg. F. / 3 - 6","15 - 20 / semi-humid","CO.1","#698b69","semi-humid, warm","#FDAE61","D"
"ARFR-WY040-71-10","black",7,38,25,38,NA,1351,NA,3.5,1,NA,NA,6.8,1,NA,2,1,NA,2,1,NA,2,11.3,1,NA,2,1,NA,2,1,NA,2,1,2,1,NA,2,1,NA,NA,NA,NA,NA,NA,NA,NA,NA,"N",NA,"N",NA,"ARFR4-SOS-WY040-71-10","#66C2A5",-109.2433156,41.13271889,"5 - 10 Deg. F. / 3 - 6","","5 - 10 Deg. F.","6-Mar","5 - 10 Deg. F. / 3 - 6","5 - 10 / semi-humid","WY.1","#a5c2f1","semi-humid, cold","#66C2A5","I"
"ARFR-AZ930-423-NAVAJO-18","black",7,39,25,39,NA,1352,NA,7.4,1,NA,NA,11.8,1,NA,2,1,NA,2,1,NA,2,43.5,1,NA,2,1,NA,3,1,NA,3,1,3,1,NA,3,1,NA,NA,NA,NA,NA,NA,NA,NA,NA,"Y",NA,"N",NA,"ARFR4-SOS-AZ930-423-NAVAJO-18","#9E0142",-110.431,36.45877,"15 - 20 Deg. F. / 6 - 12","SdZones downloaded 20230823","15 - 20 Deg. F.","12-Jun","15 - 20 Deg. F. / 6 - 12","15 - 20 / semi-arid","AZ.1","#ee5c42","semi-arid, warm","#9E0142","A"
"ARFR-AZ930-423-NAVAJO-18","black",7,40,25,40,293,1353,NA,5.6,1,NA,NA,12.2,1,NA,2,1,NA,2,1,NA,2,46.8,1,NA,2,1,NA,3,1,NA,3,1,3,1,NA,3,1,NA,NA,NA,NA,NA,NA,NA,NA,NA,"Y",NA,"N",NA,"ARFR4-SOS-AZ930-423-NAVAJO-18","#9E0142",-110.431,36.45877,"15 - 20 Deg. F. / 6 - 12","SdZones downloaded 20230823","15 - 20 Deg. F.","12-Jun","15 - 20 Deg. F. / 6 - 12","15 - 20 / semi-arid","AZ.1","#ee5c42","semi-arid, warm","#9E0142","A"
"ARFR-WY930-44-LASANIMAS-13","black",7,41,25,41,NA,1354,NA,5.7,1,NA,NA,10.7,1,NA,2,1,NA,2,1,NA,2,24.7,1,NA,2,1,NA,3,1,NA,3,1,3,1,NA,3,1,NA,NA,NA,NA,NA,NA,NA,NA,NA,"Y",NA,"N",NA,"ARFR4-SOS-WY930-44-LASANIMAS-13","#FDAE61",-104.6423889,37.16547222,"15 - 20 Deg. F. / 3 - 6","","15 - 20 Deg. F.","6-Mar","15 - 20 Deg. F. / 3 - 6","15 - 20 / semi-humid","CO.1","#698b69","semi-humid, warm","#FDAE61","D"
"ARFR-AZ930-422-NAVAJO-18","black",7,42,25,42,NA,1355,NA,6.5,1,NA,NA,16.3,1,NA,2,1,NA,2,1,NA,2,51.3,1,NA,2,1,NA,3,1,NA,3,1,3,1,NA,3,1,NA,NA,NA,NA,NA,NA,NA,NA,NA,"Y",NA,"N",NA,"ARFR4-SOS-AZ930-422-NAVAJO-18","#D53E4F",-110.431,36.56805,"15 - 20 Deg. F. / 6 - 12","Lats corrected 20230127","15 - 20 Deg. F.","12-Jun","15 - 20 Deg. F. / 6 - 12","15 - 20 / semi-arid","AZ.2","#ee5c42","semi-arid, warm","#D53E4F","B"
"ARFR-NM930N-66-11","black",7,43,25,43,NA,1356,NA,4.9,1,NA,NA,10.5,1,NA,2,1,NA,2,1,NA,2,36.6,1,NA,2,1,NA,3,1,NA,3,1,3,1,NA,3,1,NA,NA,NA,NA,NA,NA,NA,NA,NA,"Y",NA,"N",NA,"ARFR4-SOS-NM930N-66-11","#F46D43",-107.2045028,36.76818611,"10 - 15 Deg. F. / 3 - 6","","10 - 15 Deg. F.","6-Mar","10 - 15 Deg. F. / 3 - 6","10 - 15 / semi-humid","NM.1","#66e566","semi-humid, cool","#F46D43","C"
"ARFR-AZ930-423-NAVAJO-18","black",7,44,25,44,NA,1357,NA,6.3,1,NA,NA,11.4,1,NA,2,1,NA,2,1,NA,2,33.4,1,NA,2,1,NA,3,1,NA,3,1,3,1,NA,3,1,NA,NA,NA,NA,NA,NA,NA,NA,NA,"Y",NA,"N",NA,"ARFR4-SOS-AZ930-423-NAVAJO-18","#9E0142",-110.431,36.45877,"15 - 20 Deg. F. / 6 - 12","SdZones downloaded 20230823","15 - 20 Deg. F.","12-Jun","15 - 20 Deg. F. / 6 - 12","15 - 20 / semi-arid","AZ.1","#ee5c42","semi-arid, warm","#9E0142","A"
"ARFR-WY050-151-FREMONT-16","black",7,45,25,45,294,1358,NA,4.2,1,NA,NA,6,1,NA,2,1,NA,2,1,NA,2,8.4,1,NA,2,1,NA,2,1,NA,2,1,2,1,NA,2,1,NA,NA,NA,NA,NA,NA,NA,NA,NA,"Y",NA,"N",NA,"ARFR4-SOS-WY050-151-FREMONT-16","#3288BD",-108.1704472,42.47886111,"10 - 15 Deg. F. / 6 - 12","","10 - 15 Deg. F.","12-Jun","10 - 15 Deg. F. / 6 - 12","10 - 15 / semi-arid","WY.2","#cd8500","semi-arid, cool","#3288BD","J"
"ARFR-WY050-49-FREMONT-12","black",7,46,25,46,NA,1359,NA,3.7,1,NA,NA,5.1,1,NA,2,1,NA,2,1,NA,2,8.1,1,NA,2,1,NA,2,1,NA,2,1,3,1,NA,3,1,NA,NA,NA,NA,NA,NA,NA,NA,NA,"N",NA,"N",NA,"ARFR4-SOS-WY050-49-FREMONT-12","#5E4FA2",-109.34775,43.42663611,"5 - 10 Deg. F. / 6 - 12","","5 - 10 Deg. F.","12-Jun","5 - 10 Deg. F. / 6 - 12","5 - 10 / semi-arid","WY.3","#ffb90f","semi-arid, cold","#5E4FA2","K"
"ARFR-WY040-71-10","black",7,47,25,47,NA,1360,NA,5,1,NA,NA,5.6,1,NA,NA,0,NA,NA,0,NA,NA,NA,0,NA,NA,0,NA,NA,0,NA,NA,0,NA,0,"maked as alive and phenology 3. Assume this was an error?",NA,0,NA,NA,NA,NA,NA,NA,NA,NA,NA,"N",NA,"N",NA,"ARFR4-SOS-WY040-71-10","#66C2A5",-109.2433156,41.13271889,"5 - 10 Deg. F. / 3 - 6","","5 - 10 Deg. F.","6-Mar","5 - 10 Deg. F. / 3 - 6","5 - 10 / semi-humid","WY.1","#a5c2f1","semi-humid, cold","#66C2A5","I"
"ARFR-WY050-151-FREMONT-16","black",7,48,25,48,NA,1361,NA,4.3,1,NA,NA,4.1,1,NA,2,1,NA,2,1,NA,2,5.6,1,NA,2,1,NA,2,1,NA,2,1,2,1,NA,2,1,NA,NA,NA,NA,NA,NA,NA,NA,NA,"N",NA,"N",NA,"ARFR4-SOS-WY050-151-FREMONT-16","#3288BD",-108.1704472,42.47886111,"10 - 15 Deg. F. / 6 - 12","","10 - 15 Deg. F.","12-Jun","10 - 15 Deg. F. / 6 - 12","10 - 15 / semi-arid","WY.2","#cd8500","semi-arid, cool","#3288BD","J"
"ARFR-UT080-109-UINTAH-12","black",7,49,25,49,NA,1362,NA,6.4,1,NA,NA,10.8,1,NA,2,1,NA,2,1,NA,2,42.4,1,NA,2,1,NA,3,1,NA,3,1,3,1,NA,3,1,NA,NA,NA,NA,NA,NA,NA,NA,NA,"Y",NA,"N",NA,"ARFR4-SOS-UT080-109-UINTAH-12","#aabe7f",-109.1426444,39.70802222,"10 - 15 Deg. F. / 3 - 6","","10 - 15 Deg. F.","6-Mar","10 - 15 Deg. F. / 3 - 6","10 - 15 / semi-humid","UT.1","#66e566","semi-humid, cool","#aabe7f","G"
"ARFR-CO932-294-11","black",7,50,25,50,295,1363,NA,8.7,1,NA,NA,12.2,1,NA,2,1,NA,2,1,NA,2,38.5,1,NA,2,1,NA,3,1,NA,3,1,3,1,NA,3,1,NA,NA,NA,NA,NA,NA,NA,NA,NA,"Y",NA,"N",NA,"ARFR4-SOS-CO932-294-11","#ABDDA4",-105.2030833,39.78458333,"15 - 20 Deg. F. / 3 - 6","","15 - 20 Deg. F.","6-Mar","15 - 20 Deg. F. / 3 - 6","15 - 20 / semi-humid","CO.4","#698b69","semi-humid, warm","#ABDDA4","H"
"ARFR-CO932-316-JEFFERSON-12","black",7,51,25,51,NA,1364,"5/9/2022",NA,0,"Y","316 Jefferson",3.6,1,"no plant 5/27",2,1,NA,2,1,NA,2,11.9,1,NA,2,1,NA,2,1,NA,2,1,2,1,NA,2,1,NA,NA,NA,NA,NA,NA,NA,NA,NA,"N",NA,"N",NA,"ARFR4-SOS-CO932-316-JEFFERSON-12","#FFFF85",-105.358,39.66325,"15 - 20 Deg. F. / 3 - 6","","15 - 20 Deg. F.","6-Mar","15 - 20 Deg. F. / 3 - 6","15 - 20 / semi-humid","CO.3","#698b69","semi-humid, warm","#FFFF85","F"
"ARFR-CO932-316-JEFFERSON-12","black",7,52,25,52,NA,1365,NA,5.3,1,NA,NA,8.8,1,"ARFR-CO932-314-JEFFERSON-12_117 initially assigned but 316-Jefferson actually planted",2,1,NA,2,1,NA,2,32.4,1,NA,3,1,NA,3,1,NA,3,1,3,1,NA,3,1,NA,NA,NA,NA,NA,NA,NA,NA,NA,"Y",NA,"N",NA,"ARFR4-SOS-CO932-316-JEFFERSON-12","#FFFF85",-105.358,39.66325,"15 - 20 Deg. F. / 3 - 6","","15 - 20 Deg. F.","6-Mar","15 - 20 Deg. F. / 3 - 6","15 - 20 / semi-humid","CO.3","#698b69","semi-humid, warm","#FFFF85","F"
"ARFR-WY040-71-10","black",7,53,25,53,NA,1366,NA,3.5,1,NA,NA,5.2,1,NA,2,1,NA,2,1,NA,2,9.8,1,NA,2,1,NA,2,1,NA,2,1,2,1,NA,2,1,NA,NA,NA,NA,NA,NA,NA,NA,NA,"N",NA,"N",NA,"ARFR4-SOS-WY040-71-10","#66C2A5",-109.2433156,41.13271889,"5 - 10 Deg. F. / 3 - 6","","5 - 10 Deg. F.","6-Mar","5 - 10 Deg. F. / 3 - 6","5 - 10 / semi-humid","WY.1","#a5c2f1","semi-humid, cold","#66C2A5","I"
"ARFR-WY050-49-FREMONT-12","black",7,54,25,54,NA,1367,NA,4.8,1,NA,NA,6.9,1,NA,2,1,NA,2,1,NA,2,19,1,NA,2,1,NA,2,1,NA,2,1,2,1,NA,2,1,NA,NA,NA,NA,NA,NA,NA,NA,NA,"Y",NA,"N",NA,"ARFR4-SOS-WY050-49-FREMONT-12","#5E4FA2",-109.34775,43.42663611,"5 - 10 Deg. F. / 6 - 12","","5 - 10 Deg. F.","12-Jun","5 - 10 Deg. F. / 6 - 12","5 - 10 / semi-arid","WY.3","#ffb90f","semi-arid, cold","#5E4FA2","K"
"ARFR-WY930-44-LASANIMAS-13","black",7,55,25,55,296,1368,NA,7,1,NA,NA,12.1,1,NA,2,1,NA,2,1,NA,2,43.1,1,NA,2,1,NA,3,1,NA,3,1,3,1,NA,3,1,NA,NA,NA,NA,NA,NA,NA,NA,NA,"Y",NA,"N",NA,"ARFR4-SOS-WY930-44-LASANIMAS-13","#FDAE61",-104.6423889,37.16547222,"15 - 20 Deg. F. / 3 - 6","","15 - 20 Deg. F.","6-Mar","15 - 20 Deg. F. / 3 - 6","15 - 20 / semi-humid","CO.1","#698b69","semi-humid, warm","#FDAE61","D"
"ARFR-CO932-314-JEFFERSON-12","black",7,56,26,1,285,1369,NA,3.8,1,NA,NA,7.1,1,NA,2,1,NA,2,1,NA,2,10.5,1,NA,2,1,NA,2,1,NA,2,1,2,1,NA,2,1,NA,NA,NA,NA,NA,NA,NA,NA,NA,"Y",NA,"N",NA,"ARFR4-SOS-CO932-314-JEFFERSON-12","#FEE08B",-105.3553333,39.40902778,"10 - 15 Deg. F. / 3 - 6","","10 - 15 Deg. F.","6-Mar","10 - 15 Deg. F. / 3 - 6","10 - 15 / semi-humid","CO.2","#66e566","semi-humid, cool","#FEE08B","E"
"ARFR-UT080-109-UINTAH-12","black",7,57,26,2,NA,1370,NA,8.5,1,NA,NA,16.7,1,NA,2,1,NA,2,1,NA,2,48.7,1,NA,2,1,NA,3,1,NA,3,1,3,1,NA,3,1,NA,NA,NA,NA,NA,NA,NA,NA,NA,"Y",NA,"N",NA,"ARFR4-SOS-UT080-109-UINTAH-12","#aabe7f",-109.1426444,39.70802222,"10 - 15 Deg. F. / 3 - 6","","10 - 15 Deg. F.","6-Mar","10 - 15 Deg. F. / 3 - 6","10 - 15 / semi-humid","UT.1","#66e566","semi-humid, cool","#aabe7f","G"
"ARFR-WY930-44-LASANIMAS-13","black",7,58,26,3,NA,1371,NA,7,1,NA,NA,11.9,1,NA,2,1,"buds?",2,1,NA,2,34.9,1,NA,2,1,NA,3,1,NA,3,1,3,1,NA,3,1,NA,NA,NA,NA,NA,NA,NA,NA,NA,"Y",NA,"N",NA,"ARFR4-SOS-WY930-44-LASANIMAS-13","#FDAE61",-104.6423889,37.16547222,"15 - 20 Deg. F. / 3 - 6","","15 - 20 Deg. F.","6-Mar","15 - 20 Deg. F. / 3 - 6","15 - 20 / semi-humid","CO.1","#698b69","semi-humid, warm","#FDAE61","D"
"ARFR-WY050-49-FREMONT-12","black",7,59,26,4,NA,1372,NA,6,1,NA,NA,8.7,1,NA,2,1,NA,2,1,NA,2,19,1,NA,2,1,NA,2,1,NA,2,1,2,1,NA,2,1,NA,NA,NA,NA,NA,NA,NA,NA,NA,"Y",NA,"N",NA,"ARFR4-SOS-WY050-49-FREMONT-12","#5E4FA2",-109.34775,43.42663611,"5 - 10 Deg. F. / 6 - 12","","5 - 10 Deg. F.","12-Jun","5 - 10 Deg. F. / 6 - 12","5 - 10 / semi-arid","WY.3","#ffb90f","semi-arid, cold","#5E4FA2","K"
"ARFR-AZ930-422-NAVAJO-18","black",7,60,26,5,286,1373,NA,3.6,1,NA,NA,9.6,1,NA,2,1,NA,2,1,NA,2,32.7,1,NA,2,1,NA,3,1,NA,3,1,3,1,NA,3,1,NA,NA,NA,NA,NA,NA,NA,NA,NA,"Y",NA,"N",NA,"ARFR4-SOS-AZ930-422-NAVAJO-18","#D53E4F",-110.431,36.56805,"15 - 20 Deg. F. / 6 - 12","Lats corrected 20230127","15 - 20 Deg. F.","12-Jun","15 - 20 Deg. F. / 6 - 12","15 - 20 / semi-arid","AZ.2","#ee5c42","semi-arid, warm","#D53E4F","B"
"ARFR-CO932-316-JEFFERSON-12","black",7,61,26,6,NA,1374,NA,7,1,NA,NA,10.5,1,NA,2,1,NA,2,1,NA,2,26.4,1,NA,2,1,NA,3,1,NA,3,1,3,1,NA,3,1,NA,NA,NA,NA,NA,NA,NA,NA,NA,"Y",NA,"Y",NA,"ARFR4-SOS-CO932-316-JEFFERSON-12","#FFFF85",-105.358,39.66325,"15 - 20 Deg. F. / 3 - 6","","15 - 20 Deg. F.","6-Mar","15 - 20 Deg. F. / 3 - 6","15 - 20 / semi-humid","CO.3","#698b69","semi-humid, warm","#FFFF85","F"
"ARFR-AZ930-423-NAVAJO-18","black",7,62,26,7,NA,1375,NA,4.3,1,NA,NA,9.9,1,"ARFR-CO932-316-JEFFERSON-12_147  initially assigned but 423-Navajo actually planted",2,1,NA,2,1,NA,2,32.1,1,NA,2,1,NA,3,1,NA,3,1,3,1,NA,3,1,NA,NA,NA,NA,NA,NA,NA,NA,NA,"Y",NA,"N",NA,"ARFR4-SOS-AZ930-423-NAVAJO-18","#9E0142",-110.431,36.45877,"15 - 20 Deg. F. / 6 - 12","SdZones downloaded 20230823","15 - 20 Deg. F.","12-Jun","15 - 20 Deg. F. / 6 - 12","15 - 20 / semi-arid","AZ.1","#ee5c42","semi-arid, warm","#9E0142","A"
"ARFR-WY050-151-FREMONT-16","black",7,63,26,8,NA,1376,NA,4.5,1,NA,NA,6.3,1,NA,2,1,NA,2,1,NA,2,11,1,NA,2,1,NA,3,1,NA,3,1,3,1,NA,3,1,NA,NA,NA,NA,NA,NA,NA,NA,NA,"Y",NA,"N",NA,"ARFR4-SOS-WY050-151-FREMONT-16","#3288BD",-108.1704472,42.47886111,"10 - 15 Deg. F. / 6 - 12","","10 - 15 Deg. F.","12-Jun","10 - 15 Deg. F. / 6 - 12","10 - 15 / semi-arid","WY.2","#cd8500","semi-arid, cool","#3288BD","J"
"ARFR-UT080-109-UINTAH-12","black",7,64,26,9,NA,1377,NA,9.5,1,NA,NA,12,1,NA,2,1,NA,2,1,NA,2,41.9,1,NA,2,1,NA,3,1,NA,3,1,3,1,NA,3,1,NA,NA,NA,NA,NA,NA,NA,NA,NA,"Y",NA,"N",NA,"ARFR4-SOS-UT080-109-UINTAH-12","#aabe7f",-109.1426444,39.70802222,"10 - 15 Deg. F. / 3 - 6","","10 - 15 Deg. F.","6-Mar","10 - 15 Deg. F. / 3 - 6","10 - 15 / semi-humid","UT.1","#66e566","semi-humid, cool","#aabe7f","G"
"ARFR-WY930-44-LASANIMAS-13","black",7,65,26,10,287,1378,NA,5.8,1,NA,NA,9.8,1,NA,2,1,NA,2,1,NA,2,24.1,1,NA,2,1,NA,3,1,NA,3,1,3,1,NA,3,1,NA,NA,NA,NA,NA,NA,NA,NA,NA,"Y",NA,"N",NA,"ARFR4-SOS-WY930-44-LASANIMAS-13","#FDAE61",-104.6423889,37.16547222,"15 - 20 Deg. F. / 3 - 6","","15 - 20 Deg. F.","6-Mar","15 - 20 Deg. F. / 3 - 6","15 - 20 / semi-humid","CO.1","#698b69","semi-humid, warm","#FDAE61","D"
"ARFR-UT080-109-UINTAH-12","black",7,66,26,11,NA,1379,NA,5.9,1,NA,NA,12.5,1,NA,2,1,NA,2,1,NA,2,37,1,NA,2,1,NA,3,1,NA,3,1,3,1,NA,3,1,NA,NA,NA,NA,NA,NA,NA,NA,NA,"Y",NA,"N",NA,"ARFR4-SOS-UT080-109-UINTAH-12","#aabe7f",-109.1426444,39.70802222,"10 - 15 Deg. F. / 3 - 6","","10 - 15 Deg. F.","6-Mar","10 - 15 Deg. F. / 3 - 6","10 - 15 / semi-humid","UT.1","#66e566","semi-humid, cool","#aabe7f","G"
"ARFR-CO932-316-JEFFERSON-12","black",7,67,26,12,NA,1380,NA,8.3,1,NA,NA,12.6,1,NA,2,1,NA,2,1,NA,2,47.6,1,NA,2,1,NA,3,1,NA,3,1,3,1,NA,3,1,NA,NA,NA,NA,NA,NA,NA,NA,NA,"Y",NA,"N",NA,"ARFR4-SOS-CO932-316-JEFFERSON-12","#FFFF85",-105.358,39.66325,"15 - 20 Deg. F. / 3 - 6","","15 - 20 Deg. F.","6-Mar","15 - 20 Deg. F. / 3 - 6","15 - 20 / semi-humid","CO.3","#698b69","semi-humid, warm","#FFFF85","F"
"ARFR-CO932-316-JEFFERSON-12","black",7,68,26,13,NA,1381,NA,5.4,1,NA,NA,NA,0,NA,NA,0,NA,NA,0,NA,NA,NA,0,NA,NA,0,NA,NA,0,NA,NA,0,NA,0,NA,NA,0,NA,NA,NA,NA,NA,NA,NA,NA,NA,"N",NA,"N",NA,"ARFR4-SOS-CO932-316-JEFFERSON-12","#FFFF85",-105.358,39.66325,"15 - 20 Deg. F. / 3 - 6","","15 - 20 Deg. F.","6-Mar","15 - 20 Deg. F. / 3 - 6","15 - 20 / semi-humid","CO.3","#698b69","semi-humid, warm","#FFFF85","F"
"ARFR-CO932-294-11","black",7,69,26,14,NA,1382,NA,4.3,1,NA,NA,7.7,1,NA,2,1,NA,2,1,NA,2,21.4,1,NA,2,1,NA,2,1,NA,3,1,3,1,NA,3,1,NA,NA,NA,NA,NA,NA,NA,NA,NA,"Y",NA,"N",NA,"ARFR4-SOS-CO932-294-11","#ABDDA4",-105.2030833,39.78458333,"15 - 20 Deg. F. / 3 - 6","","15 - 20 Deg. F.","6-Mar","15 - 20 Deg. F. / 3 - 6","15 - 20 / semi-humid","CO.4","#698b69","semi-humid, warm","#ABDDA4","H"
"ARFR-CO932-316-JEFFERSON-12","black",7,70,26,15,288,1383,NA,5.9,1,NA,NA,10.2,1,NA,2,1,NA,2,1,NA,2,24.2,1,NA,2,1,NA,3,1,NA,3,1,3,1,NA,3,1,NA,NA,NA,NA,NA,NA,NA,NA,NA,"Y",NA,"N",NA,"ARFR4-SOS-CO932-316-JEFFERSON-12","#FFFF85",-105.358,39.66325,"15 - 20 Deg. F. / 3 - 6","","15 - 20 Deg. F.","6-Mar","15 - 20 Deg. F. / 3 - 6","15 - 20 / semi-humid","CO.3","#698b69","semi-humid, warm","#FFFF85","F"
"ARFR-WY930-44-LASANIMAS-13","black",7,71,26,16,NA,1384,NA,4,1,NA,NA,7.6,1,NA,2,1,NA,2,1,NA,2,17.1,1,NA,2,1,NA,2,1,NA,2,1,2,1,NA,2,1,NA,NA,NA,NA,NA,NA,NA,NA,NA,"Y",NA,"N",NA,"ARFR4-SOS-WY930-44-LASANIMAS-13","#FDAE61",-104.6423889,37.16547222,"15 - 20 Deg. F. / 3 - 6","","15 - 20 Deg. F.","6-Mar","15 - 20 Deg. F. / 3 - 6","15 - 20 / semi-humid","CO.1","#698b69","semi-humid, warm","#FDAE61","D"
"ARFR-WY050-151-FREMONT-16","black",7,72,26,17,NA,1385,NA,4.6,1,NA,NA,6.6,1,NA,2,1,NA,2,1,NA,2,23.1,1,NA,2,1,NA,3,1,NA,3,1,3,1,NA,3,1,NA,NA,NA,NA,NA,NA,NA,NA,NA,"Y",NA,"N",NA,"ARFR4-SOS-WY050-151-FREMONT-16","#3288BD",-108.1704472,42.47886111,"10 - 15 Deg. F. / 6 - 12","","10 - 15 Deg. F.","12-Jun","10 - 15 Deg. F. / 6 - 12","10 - 15 / semi-arid","WY.2","#cd8500","semi-arid, cool","#3288BD","J"
"ARFR-WY930-44-LASANIMAS-13","black",7,73,26,18,NA,1386,NA,8,1,NA,NA,11.1,1,NA,2,1,NA,2,1,NA,2,28.8,1,NA,2,1,NA,3,1,NA,3,1,3,1,NA,3,1,NA,NA,NA,NA,NA,NA,NA,NA,NA,"Y",NA,"N",NA,"ARFR4-SOS-WY930-44-LASANIMAS-13","#FDAE61",-104.6423889,37.16547222,"15 - 20 Deg. F. / 3 - 6","","15 - 20 Deg. F.","6-Mar","15 - 20 Deg. F. / 3 - 6","15 - 20 / semi-humid","CO.1","#698b69","semi-humid, warm","#FDAE61","D"
"ARFR-UT080-109-UINTAH-12","black",7,74,26,19,NA,1387,NA,6.1,1,NA,NA,15.4,1,NA,2,1,NA,2,1,NA,2,54.4,1,NA,2,1,NA,3,1,NA,3,1,3,1,NA,3,1,NA,NA,NA,NA,NA,NA,NA,NA,NA,"Y",NA,"N",NA,"ARFR4-SOS-UT080-109-UINTAH-12","#aabe7f",-109.1426444,39.70802222,"10 - 15 Deg. F. / 3 - 6","","10 - 15 Deg. F.","6-Mar","10 - 15 Deg. F. / 3 - 6","10 - 15 / semi-humid","UT.1","#66e566","semi-humid, cool","#aabe7f","G"
"ARFR-UT080-109-UINTAH-12","black",7,75,26,20,289,1388,NA,7.6,1,NA,NA,13,1,NA,2,1,NA,2,1,NA,2,48.4,1,NA,3,1,NA,3,1,NA,3,1,3,1,NA,3,1,NA,NA,NA,NA,NA,NA,NA,NA,NA,"Y",NA,"N",NA,"ARFR4-SOS-UT080-109-UINTAH-12","#aabe7f",-109.1426444,39.70802222,"10 - 15 Deg. F. / 3 - 6","","10 - 15 Deg. F.","6-Mar","10 - 15 Deg. F. / 3 - 6","10 - 15 / semi-humid","UT.1","#66e566","semi-humid, cool","#aabe7f","G"
"ARFR-UT080-109-UINTAH-12","black",7,76,26,21,NA,1389,NA,4,1,NA,NA,10,1,NA,2,1,NA,2,1,NA,2,44.6,1,NA,2,1,NA,3,1,NA,3,1,3,1,NA,3,1,NA,NA,NA,NA,NA,NA,NA,NA,NA,"Y",NA,"N",NA,"ARFR4-SOS-UT080-109-UINTAH-12","#aabe7f",-109.1426444,39.70802222,"10 - 15 Deg. F. / 3 - 6","","10 - 15 Deg. F.","6-Mar","10 - 15 Deg. F. / 3 - 6","10 - 15 / semi-humid","UT.1","#66e566","semi-humid, cool","#aabe7f","G"
"ARFR-WY040-71-10","black",7,77,26,22,NA,1390,NA,4.3,1,NA,NA,6.3,1,NA,2,1,NA,2,1,NA,2,12.5,1,NA,2,1,NA,2,1,NA,2,1,2,1,NA,2,1,NA,NA,NA,NA,NA,NA,NA,NA,NA,"N",NA,"N",NA,"ARFR4-SOS-WY040-71-10","#66C2A5",-109.2433156,41.13271889,"5 - 10 Deg. F. / 3 - 6","","5 - 10 Deg. F.","6-Mar","5 - 10 Deg. F. / 3 - 6","5 - 10 / semi-humid","WY.1","#a5c2f1","semi-humid, cold","#66C2A5","I"
"ARFR-WY930-44-LASANIMAS-13","black",7,78,26,23,NA,1391,NA,4.5,1,NA,NA,9.2,1,NA,2,1,NA,2,1,NA,2,25.2,1,NA,2,1,NA,3,1,NA,3,1,3,1,NA,3,1,NA,NA,NA,NA,NA,NA,NA,NA,NA,"Y",NA,"N",NA,"ARFR4-SOS-WY930-44-LASANIMAS-13","#FDAE61",-104.6423889,37.16547222,"15 - 20 Deg. F. / 3 - 6","","15 - 20 Deg. F.","6-Mar","15 - 20 Deg. F. / 3 - 6","15 - 20 / semi-humid","CO.1","#698b69","semi-humid, warm","#FDAE61","D"
"ARFR-WY040-71-10","black",7,79,26,24,NA,1392,NA,5.5,1,NA,NA,9.4,1,NA,2,1,NA,2,1,NA,2,30.6,1,NA,2,1,NA,3,1,NA,3,1,3,1,NA,3,1,NA,NA,NA,NA,NA,NA,NA,NA,NA,"Y",NA,"N",NA,"ARFR4-SOS-WY040-71-10","#66C2A5",-109.2433156,41.13271889,"5 - 10 Deg. F. / 3 - 6","","5 - 10 Deg. F.","6-Mar","5 - 10 Deg. F. / 3 - 6","5 - 10 / semi-humid","WY.1","#a5c2f1","semi-humid, cold","#66C2A5","I"
"ARFR-AZ930-422-NAVAJO-18","black",7,80,26,25,290,1393,NA,4.4,1,NA,NA,13.1,1,NA,2,1,NA,2,1,NA,2,50.4,1,NA,2,1,NA,3,1,NA,3,1,3,1,NA,3,1,NA,NA,NA,NA,NA,NA,NA,NA,NA,"Y",NA,"N",NA,"ARFR4-SOS-AZ930-422-NAVAJO-18","#D53E4F",-110.431,36.56805,"15 - 20 Deg. F. / 6 - 12","Lats corrected 20230127","15 - 20 Deg. F.","12-Jun","15 - 20 Deg. F. / 6 - 12","15 - 20 / semi-arid","AZ.2","#ee5c42","semi-arid, warm","#D53E4F","B"
"ARFR-NM930N-66-11","black",7,81,26,26,NA,1394,NA,8.6,1,NA,NA,18.1,1,NA,2,1,NA,2,1,NA,2,61.9,1,NA,2,1,NA,3,1,NA,3,1,3,1,NA,3,1,NA,NA,NA,NA,NA,NA,NA,NA,NA,"Y",NA,"N",NA,"ARFR4-SOS-NM930N-66-11","#F46D43",-107.2045028,36.76818611,"10 - 15 Deg. F. / 3 - 6","","10 - 15 Deg. F.","6-Mar","10 - 15 Deg. F. / 3 - 6","10 - 15 / semi-humid","NM.1","#66e566","semi-humid, cool","#F46D43","C"
"ARFR-CO932-316-JEFFERSON-12","black",7,82,26,27,NA,1395,NA,5.2,1,NA,NA,8.6,1,NA,2,1,NA,2,1,NA,2,19.6,1,NA,2,1,NA,3,1,NA,3,1,3,1,NA,3,1,NA,NA,NA,NA,NA,NA,NA,NA,NA,"Y",NA,"N",NA,"ARFR4-SOS-CO932-316-JEFFERSON-12","#FFFF85",-105.358,39.66325,"15 - 20 Deg. F. / 3 - 6","","15 - 20 Deg. F.","6-Mar","15 - 20 Deg. F. / 3 - 6","15 - 20 / semi-humid","CO.3","#698b69","semi-humid, warm","#FFFF85","F"
"ARFR-WY050-49-FREMONT-12","black",7,83,26,28,NA,1396,NA,4,1,NA,NA,6.9,1,NA,2,1,NA,2,1,NA,2,14,1,NA,2,1,NA,2,1,NA,3,1,3,1,NA,3,1,NA,NA,NA,NA,NA,NA,NA,NA,NA,"Y",NA,"N",NA,"ARFR4-SOS-WY050-49-FREMONT-12","#5E4FA2",-109.34775,43.42663611,"5 - 10 Deg. F. / 6 - 12","","5 - 10 Deg. F.","12-Jun","5 - 10 Deg. F. / 6 - 12","5 - 10 / semi-arid","WY.3","#ffb90f","semi-arid, cold","#5E4FA2","K"
"ARFR-NM930N-66-11","black",7,84,26,29,NA,1397,NA,7.3,1,NA,NA,4.8,1,NA,2,1,NA,2,1,NA,2,11,1,NA,2,1,NA,2,1,NA,2,1,2,1,NA,2,1,NA,NA,NA,NA,NA,NA,NA,NA,NA,"N",NA,"N",NA,"ARFR4-SOS-NM930N-66-11","#F46D43",-107.2045028,36.76818611,"10 - 15 Deg. F. / 3 - 6","","10 - 15 Deg. F.","6-Mar","10 - 15 Deg. F. / 3 - 6","10 - 15 / semi-humid","NM.1","#66e566","semi-humid, cool","#F46D43","C"
"ARFR-CO932-314-JEFFERSON-12","black",7,85,26,30,291,1398,NA,5.6,1,NA,NA,9.1,1,NA,2,1,NA,2,1,NA,2,32.1,1,NA,2,1,NA,3,1,NA,3,1,3,1,NA,3,1,NA,NA,NA,NA,NA,NA,NA,NA,NA,"Y",NA,"N",NA,"ARFR4-SOS-CO932-314-JEFFERSON-12","#FEE08B",-105.3553333,39.40902778,"10 - 15 Deg. F. / 3 - 6","","10 - 15 Deg. F.","6-Mar","10 - 15 Deg. F. / 3 - 6","10 - 15 / semi-humid","CO.2","#66e566","semi-humid, cool","#FEE08B","E"
"ARFR-UT080-109-UINTAH-12","black",7,86,26,31,NA,1399,NA,4.5,1,NA,NA,11,1,NA,2,1,NA,2,1,NA,2,32.2,1,NA,2,1,NA,3,1,NA,3,1,3,1,NA,3,1,NA,NA,NA,NA,NA,NA,NA,NA,NA,"Y",NA,"N",NA,"ARFR4-SOS-UT080-109-UINTAH-12","#aabe7f",-109.1426444,39.70802222,"10 - 15 Deg. F. / 3 - 6","","10 - 15 Deg. F.","6-Mar","10 - 15 Deg. F. / 3 - 6","10 - 15 / semi-humid","UT.1","#66e566","semi-humid, cool","#aabe7f","G"
"ARFR-WY050-49-FREMONT-12","black",7,87,26,32,NA,1400,NA,5.5,1,NA,NA,6.2,1,NA,2,1,NA,2,1,NA,2,13.8,1,NA,2,1,NA,2,1,NA,2,1,3,1,NA,3,1,NA,NA,NA,NA,NA,NA,NA,NA,NA,"Y",NA,"N",NA,"ARFR4-SOS-WY050-49-FREMONT-12","#5E4FA2",-109.34775,43.42663611,"5 - 10 Deg. F. / 6 - 12","","5 - 10 Deg. F.","12-Jun","5 - 10 Deg. F. / 6 - 12","5 - 10 / semi-arid","WY.3","#ffb90f","semi-arid, cold","#5E4FA2","K"
"ARFR-CO932-294-11","black",7,88,26,33,NA,1401,NA,6,1,NA,NA,9.2,1,NA,2,1,NA,2,1,NA,2,23.2,1,NA,2,1,NA,3,1,NA,3,1,3,1,NA,3,1,NA,NA,NA,NA,NA,NA,NA,NA,NA,"Y",NA,"N",NA,"ARFR4-SOS-CO932-294-11","#ABDDA4",-105.2030833,39.78458333,"15 - 20 Deg. F. / 3 - 6","","15 - 20 Deg. F.","6-Mar","15 - 20 Deg. F. / 3 - 6","15 - 20 / semi-humid","CO.4","#698b69","semi-humid, warm","#ABDDA4","H"
"ARFR-UT080-109-UINTAH-12","black",7,89,26,34,NA,1402,NA,6.3,1,NA,NA,9.7,1,NA,2,1,NA,2,1,NA,2,27.1,1,NA,2,1,NA,3,1,NA,3,1,3,1,NA,3,1,NA,NA,NA,NA,NA,NA,NA,NA,NA,"Y",NA,"N",NA,"ARFR4-SOS-UT080-109-UINTAH-12","#aabe7f",-109.1426444,39.70802222,"10 - 15 Deg. F. / 3 - 6","","10 - 15 Deg. F.","6-Mar","10 - 15 Deg. F. / 3 - 6","10 - 15 / semi-humid","UT.1","#66e566","semi-humid, cool","#aabe7f","G"
"ARFR-WY050-49-FREMONT-12","black",7,90,26,35,292,1403,NA,7.5,1,NA,NA,7.9,1,NA,2,1,NA,2,1,NA,2,17.2,1,NA,2,1,NA,3,1,NA,3,1,3,1,NA,3,1,NA,NA,NA,NA,NA,NA,NA,NA,NA,"Y",NA,"N",NA,"ARFR4-SOS-WY050-49-FREMONT-12","#5E4FA2",-109.34775,43.42663611,"5 - 10 Deg. F. / 6 - 12","","5 - 10 Deg. F.","12-Jun","5 - 10 Deg. F. / 6 - 12","5 - 10 / semi-arid","WY.3","#ffb90f","semi-arid, cold","#5E4FA2","K"
"ARFR-UT080-109-UINTAH-12","black",7,91,26,36,NA,1404,NA,6.1,1,NA,NA,6,1,NA,2,1,NA,2,1,NA,2,25.7,1,NA,2,1,NA,3,1,NA,3,1,3,1,NA,3,1,NA,NA,NA,NA,NA,NA,NA,NA,NA,"N",NA,"N",NA,"ARFR4-SOS-UT080-109-UINTAH-12","#aabe7f",-109.1426444,39.70802222,"10 - 15 Deg. F. / 3 - 6","","10 - 15 Deg. F.","6-Mar","10 - 15 Deg. F. / 3 - 6","10 - 15 / semi-humid","UT.1","#66e566","semi-humid, cool","#aabe7f","G"
"ARFR-CO932-314-JEFFERSON-12","black",7,92,26,37,NA,1405,NA,6,1,NA,NA,NA,0,NA,NA,0,NA,NA,0,NA,NA,NA,0,NA,NA,0,NA,NA,0,NA,NA,0,NA,0,NA,NA,0,NA,NA,NA,NA,NA,NA,NA,NA,NA,"N",NA,"N",NA,"ARFR4-SOS-CO932-314-JEFFERSON-12","#FEE08B",-105.3553333,39.40902778,"10 - 15 Deg. F. / 3 - 6","","10 - 15 Deg. F.","6-Mar","10 - 15 Deg. F. / 3 - 6","10 - 15 / semi-humid","CO.2","#66e566","semi-humid, cool","#FEE08B","E"
"ARFR-WY050-49-FREMONT-12","black",7,93,26,38,NA,1406,NA,2.7,1,NA,NA,5.7,1,NA,2,1,NA,2,1,NA,2,13.9,1,NA,2,1,NA,3,1,NA,3,1,3,1,NA,3,1,NA,NA,NA,NA,NA,NA,NA,NA,NA,"N",NA,"N",NA,"ARFR4-SOS-WY050-49-FREMONT-12","#5E4FA2",-109.34775,43.42663611,"5 - 10 Deg. F. / 6 - 12","","5 - 10 Deg. F.","12-Jun","5 - 10 Deg. F. / 6 - 12","5 - 10 / semi-arid","WY.3","#ffb90f","semi-arid, cold","#5E4FA2","K"
"ARFR-WY040-71-10","black",7,94,26,39,NA,1407,NA,4,1,NA,NA,7,1,NA,2,1,NA,2,1,NA,2,14.2,1,NA,2,1,NA,2,1,NA,2,1,2,1,NA,2,1,NA,NA,NA,NA,NA,NA,NA,NA,NA,"Y",NA,"N",NA,"ARFR4-SOS-WY040-71-10","#66C2A5",-109.2433156,41.13271889,"5 - 10 Deg. F. / 3 - 6","","5 - 10 Deg. F.","6-Mar","5 - 10 Deg. F. / 3 - 6","5 - 10 / semi-humid","WY.1","#a5c2f1","semi-humid, cold","#66C2A5","I"
"ARFR-WY040-71-10","black",7,95,26,40,293,1408,NA,5.5,1,NA,NA,6.3,1,NA,2,1,NA,2,1,NA,2,14.8,1,NA,2,1,NA,3,1,NA,3,1,3,1,NA,3,1,NA,NA,NA,NA,NA,NA,NA,NA,NA,"Y",NA,"N",NA,"ARFR4-SOS-WY040-71-10","#66C2A5",-109.2433156,41.13271889,"5 - 10 Deg. F. / 3 - 6","","5 - 10 Deg. F.","6-Mar","5 - 10 Deg. F. / 3 - 6","5 - 10 / semi-humid","WY.1","#a5c2f1","semi-humid, cold","#66C2A5","I"
"ARFR-AZ930-423-NAVAJO-18","black",7,96,26,41,NA,1409,NA,9,1,NA,NA,14.9,1,NA,2,1,NA,2,1,NA,2,46,1,NA,2,1,NA,3,1,NA,3,1,3,1,NA,3,1,NA,NA,NA,NA,NA,NA,NA,NA,NA,"Y",NA,"N",NA,"ARFR4-SOS-AZ930-423-NAVAJO-18","#9E0142",-110.431,36.45877,"15 - 20 Deg. F. / 6 - 12","SdZones downloaded 20230823","15 - 20 Deg. F.","12-Jun","15 - 20 Deg. F. / 6 - 12","15 - 20 / semi-arid","AZ.1","#ee5c42","semi-arid, warm","#9E0142","A"
"ARFR-WY930-44-LASANIMAS-13","black",7,97,26,42,NA,1410,NA,5.6,1,NA,NA,6.6,1,NA,2,1,NA,2,1,NA,2,18.9,1,NA,2,1,NA,2,1,NA,3,1,3,1,NA,3,1,NA,NA,NA,NA,NA,NA,NA,NA,NA,"Y",NA,"N",NA,"ARFR4-SOS-WY930-44-LASANIMAS-13","#FDAE61",-104.6423889,37.16547222,"15 - 20 Deg. F. / 3 - 6","","15 - 20 Deg. F.","6-Mar","15 - 20 Deg. F. / 3 - 6","15 - 20 / semi-humid","CO.1","#698b69","semi-humid, warm","#FDAE61","D"
"ARFR-AZ930-423-NAVAJO-18","black",7,98,26,43,NA,1411,NA,4.3,1,NA,NA,12.6,1,NA,2,1,NA,2,1,NA,2,50.2,1,NA,2,1,NA,3,1,NA,3,1,3,1,NA,3,1,NA,NA,NA,NA,NA,NA,NA,NA,NA,"Y",NA,"N",NA,"ARFR4-SOS-AZ930-423-NAVAJO-18","#9E0142",-110.431,36.45877,"15 - 20 Deg. F. / 6 - 12","SdZones downloaded 20230823","15 - 20 Deg. F.","12-Jun","15 - 20 Deg. F. / 6 - 12","15 - 20 / semi-arid","AZ.1","#ee5c42","semi-arid, warm","#9E0142","A"
"ARFR-WY040-71-10","black",7,99,26,44,NA,1412,NA,5.3,1,NA,NA,5.8,1,NA,2,1,NA,2,1,NA,2,14.2,1,NA,2,1,NA,2,1,NA,2,1,2,1,NA,2,1,NA,NA,NA,NA,NA,NA,NA,NA,NA,"Y",NA,"N",NA,"ARFR4-SOS-WY040-71-10","#66C2A5",-109.2433156,41.13271889,"5 - 10 Deg. F. / 3 - 6","","5 - 10 Deg. F.","6-Mar","5 - 10 Deg. F. / 3 - 6","5 - 10 / semi-humid","WY.1","#a5c2f1","semi-humid, cold","#66C2A5","I"
"ARFR-CO932-294-11","black",7,100,26,45,294,1413,NA,6.4,1,NA,NA,9.7,1,NA,2,1,NA,2,1,NA,2,25.1,1,NA,2,1,NA,3,1,NA,3,1,3,1,NA,3,1,NA,NA,NA,NA,NA,NA,NA,NA,NA,"Y",NA,"N",NA,"ARFR4-SOS-CO932-294-11","#ABDDA4",-105.2030833,39.78458333,"15 - 20 Deg. F. / 3 - 6","","15 - 20 Deg. F.","6-Mar","15 - 20 Deg. F. / 3 - 6","15 - 20 / semi-humid","CO.4","#698b69","semi-humid, warm","#ABDDA4","H"
"ARFR-WY050-49-FREMONT-12","black",7,101,26,46,NA,1414,NA,5.1,1,NA,NA,7.5,1,NA,2,1,NA,2,1,NA,2,15.3,1,NA,2,1,NA,3,1,NA,3,1,3,1,NA,3,1,NA,NA,NA,NA,NA,NA,NA,NA,NA,"Y",NA,"N",NA,"ARFR4-SOS-WY050-49-FREMONT-12","#5E4FA2",-109.34775,43.42663611,"5 - 10 Deg. F. / 6 - 12","","5 - 10 Deg. F.","12-Jun","5 - 10 Deg. F. / 6 - 12","5 - 10 / semi-arid","WY.3","#ffb90f","semi-arid, cold","#5E4FA2","K"
"ARFR-WY930-44-LASANIMAS-13","black",7,102,26,47,NA,1415,NA,7,1,NA,NA,10.3,1,NA,2,1,NA,2,1,NA,2,27.7,1,NA,2,1,NA,3,1,NA,3,1,3,1,NA,3,1,NA,NA,NA,NA,NA,NA,NA,NA,NA,"Y",NA,"N",NA,"ARFR4-SOS-WY930-44-LASANIMAS-13","#FDAE61",-104.6423889,37.16547222,"15 - 20 Deg. F. / 3 - 6","","15 - 20 Deg. F.","6-Mar","15 - 20 Deg. F. / 3 - 6","15 - 20 / semi-humid","CO.1","#698b69","semi-humid, warm","#FDAE61","D"
"ARFR-CO932-294-11","black",7,103,26,48,NA,1416,NA,6.5,1,NA,NA,10.1,1,NA,2,1,NA,2,1,NA,2,35.6,1,NA,2,1,NA,3,1,NA,3,1,3,1,NA,3,1,NA,NA,"Yes",NA,159.1,"L",127.122,64.09,57.13,"Y",NA,"N",NA,"ARFR4-SOS-CO932-294-11","#ABDDA4",-105.2030833,39.78458333,"15 - 20 Deg. F. / 3 - 6","","15 - 20 Deg. F.","6-Mar","15 - 20 Deg. F. / 3 - 6","15 - 20 / semi-humid","CO.4","#698b69","semi-humid, warm","#ABDDA4","H"
"ARFR-NM930N-66-11","black",7,104,26,49,NA,1417,NA,9,1,NA,NA,19.6,1,NA,2,1,NA,2,1,NA,2,54.4,1,NA,2,1,NA,3,1,NA,3,1,3,1,NA,3,1,NA,NA,"Yes",NA,140.67,"L",108.692,28.88,21.92,"Y",NA,"N",NA,"ARFR4-SOS-NM930N-66-11","#F46D43",-107.2045028,36.76818611,"10 - 15 Deg. F. / 3 - 6","","10 - 15 Deg. F.","6-Mar","10 - 15 Deg. F. / 3 - 6","10 - 15 / semi-humid","NM.1","#66e566","semi-humid, cool","#F46D43","C"
"ARFR-AZ930-422-NAVAJO-18","black",7,105,26,50,295,1418,NA,4.4,1,NA,NA,13,1,NA,2,1,NA,2,1,NA,2,49,1,NA,2,1,NA,3,1,NA,3,1,3,1,NA,3,1,NA,NA,NA,NA,NA,NA,NA,NA,NA,"Y",NA,"N",NA,"ARFR4-SOS-AZ930-422-NAVAJO-18","#D53E4F",-110.431,36.56805,"15 - 20 Deg. F. / 6 - 12","Lats corrected 20230127","15 - 20 Deg. F.","12-Jun","15 - 20 Deg. F. / 6 - 12","15 - 20 / semi-arid","AZ.2","#ee5c42","semi-arid, warm","#D53E4F","B"
"ARFR-AZ930-423-NAVAJO-18","black",7,106,26,51,NA,1419,NA,7.5,1,NA,NA,14.1,1,NA,2,1,NA,2,1,NA,2,45.9,1,NA,2,1,NA,3,1,NA,3,1,3,1,NA,3,1,NA,NA,NA,NA,NA,NA,NA,NA,NA,"Y",NA,"N",NA,"ARFR4-SOS-AZ930-423-NAVAJO-18","#9E0142",-110.431,36.45877,"15 - 20 Deg. F. / 6 - 12","SdZones downloaded 20230823","15 - 20 Deg. F.","12-Jun","15 - 20 Deg. F. / 6 - 12","15 - 20 / semi-arid","AZ.1","#ee5c42","semi-arid, warm","#9E0142","A"
"ARFR-AZ930-422-NAVAJO-18","black",7,107,26,52,NA,1420,NA,3.9,1,NA,NA,13.8,1,NA,2,1,NA,2,1,NA,2,45,1,NA,2,1,NA,3,1,NA,3,1,3,1,NA,3,1,NA,NA,NA,NA,NA,NA,NA,NA,NA,"Y",NA,"Y",NA,"ARFR4-SOS-AZ930-422-NAVAJO-18","#D53E4F",-110.431,36.56805,"15 - 20 Deg. F. / 6 - 12","Lats corrected 20230127","15 - 20 Deg. F.","12-Jun","15 - 20 Deg. F. / 6 - 12","15 - 20 / semi-arid","AZ.2","#ee5c42","semi-arid, warm","#D53E4F","B"
"ARFR-AZ930-422-NAVAJO-18","black",7,108,26,53,NA,1421,NA,5.3,1,NA,NA,9.5,1,NA,2,1,NA,2,1,NA,2,31.6,1,NA,2,1,NA,3,1,NA,3,1,3,1,NA,3,1,NA,NA,NA,NA,NA,NA,NA,NA,NA,"Y",NA,"N",NA,"ARFR4-SOS-AZ930-422-NAVAJO-18","#D53E4F",-110.431,36.56805,"15 - 20 Deg. F. / 6 - 12","Lats corrected 20230127","15 - 20 Deg. F.","12-Jun","15 - 20 Deg. F. / 6 - 12","15 - 20 / semi-arid","AZ.2","#ee5c42","semi-arid, warm","#D53E4F","B"
"ARFR-WY050-151-FREMONT-16","black",7,109,26,54,NA,1422,NA,5.8,1,NA,NA,6.8,1,NA,2,1,NA,2,1,NA,2,9.8,1,NA,2,1,NA,2,1,NA,2,1,2,1,NA,2,1,NA,NA,NA,NA,NA,NA,NA,NA,NA,"N",NA,"N",NA,"ARFR4-SOS-WY050-151-FREMONT-16","#3288BD",-108.1704472,42.47886111,"10 - 15 Deg. F. / 6 - 12","","10 - 15 Deg. F.","12-Jun","10 - 15 Deg. F. / 6 - 12","10 - 15 / semi-arid","WY.2","#cd8500","semi-arid, cool","#3288BD","J"
"ARFR-WY050-49-FREMONT-12","black",7,110,26,55,296,1423,NA,4.4,1,NA,NA,4.4,1,NA,2,1,NA,2,1,NA,2,8.5,1,NA,2,1,NA,2,1,NA,2,1,2,1,NA,2,1,NA,NA,NA,NA,NA,NA,NA,NA,NA,"Y",NA,"N",NA,"ARFR4-SOS-WY050-49-FREMONT-12","#5E4FA2",-109.34775,43.42663611,"5 - 10 Deg. F. / 6 - 12","","5 - 10 Deg. F.","12-Jun","5 - 10 Deg. F. / 6 - 12","5 - 10 / semi-arid","WY.3","#ffb90f","semi-arid, cold","#5E4FA2","K"
"ARFR-CO932-294-11","black",7,111,27,1,297,1424,NA,5.2,1,NA,NA,10.8,1,NA,2,1,NA,2,1,NA,2,22.5,1,NA,2,1,NA,3,1,NA,3,1,3,1,NA,3,1,NA,NA,NA,NA,NA,NA,NA,NA,NA,"Y",NA,"N",NA,"ARFR4-SOS-CO932-294-11","#ABDDA4",-105.2030833,39.78458333,"15 - 20 Deg. F. / 3 - 6","","15 - 20 Deg. F.","6-Mar","15 - 20 Deg. F. / 3 - 6","15 - 20 / semi-humid","CO.4","#698b69","semi-humid, warm","#ABDDA4","H"
"ARFR-WY040-71-10","black",7,112,27,2,NA,1425,NA,4,1,NA,NA,7.1,1,NA,2,1,NA,2,1,NA,2,11.5,1,NA,2,1,NA,2,1,NA,2,1,2,1,NA,2,1,NA,NA,NA,NA,NA,NA,NA,NA,NA,"Y",NA,"N",NA,"ARFR4-SOS-WY040-71-10","#66C2A5",-109.2433156,41.13271889,"5 - 10 Deg. F. / 3 - 6","","5 - 10 Deg. F.","6-Mar","5 - 10 Deg. F. / 3 - 6","5 - 10 / semi-humid","WY.1","#a5c2f1","semi-humid, cold","#66C2A5","I"
"ARFR-CO932-316-JEFFERSON-12","black",7,113,27,3,NA,1426,NA,4.6,1,NA,NA,11.9,1,NA,2,1,NA,2,1,NA,2,21.4,1,NA,2,1,NA,3,1,NA,3,1,3,1,NA,3,1,NA,NA,NA,NA,NA,NA,NA,NA,NA,"Y",NA,"N",NA,"ARFR4-SOS-CO932-316-JEFFERSON-12","#FFFF85",-105.358,39.66325,"15 - 20 Deg. F. / 3 - 6","","15 - 20 Deg. F.","6-Mar","15 - 20 Deg. F. / 3 - 6","15 - 20 / semi-humid","CO.3","#698b69","semi-humid, warm","#FFFF85","F"
"ARFR-AZ930-422-NAVAJO-18","black",7,114,27,4,NA,1427,NA,7.6,1,NA,NA,22.7,1,NA,2,1,NA,2,1,NA,2,53.8,1,NA,2,1,NA,3,1,NA,3,1,3,1,NA,3,1,NA,NA,NA,NA,NA,NA,NA,NA,NA,"Y",NA,"N",NA,"ARFR4-SOS-AZ930-422-NAVAJO-18","#D53E4F",-110.431,36.56805,"15 - 20 Deg. F. / 6 - 12","Lats corrected 20230127","15 - 20 Deg. F.","12-Jun","15 - 20 Deg. F. / 6 - 12","15 - 20 / semi-arid","AZ.2","#ee5c42","semi-arid, warm","#D53E4F","B"
"ARFR-WY050-151-FREMONT-16","black",7,115,27,5,298,1428,NA,5.5,1,NA,NA,8.8,1,NA,2,1,NA,2,1,NA,2,13,1,NA,2,1,NA,2,1,NA,2,1,2,1,NA,2,1,NA,NA,NA,NA,NA,NA,NA,NA,NA,"Y",NA,"N",NA,"ARFR4-SOS-WY050-151-FREMONT-16","#3288BD",-108.1704472,42.47886111,"10 - 15 Deg. F. / 6 - 12","","10 - 15 Deg. F.","12-Jun","10 - 15 Deg. F. / 6 - 12","10 - 15 / semi-arid","WY.2","#cd8500","semi-arid, cool","#3288BD","J"
"ARFR-WY050-151-FREMONT-16","black",7,116,27,6,NA,1429,NA,5.4,1,NA,NA,8.3,1,NA,2,1,NA,2,1,NA,2,25.7,1,NA,2,1,NA,3,1,NA,3,1,3,1,NA,3,1,NA,NA,NA,NA,NA,NA,NA,NA,NA,"Y",NA,"N",NA,"ARFR4-SOS-WY050-151-FREMONT-16","#3288BD",-108.1704472,42.47886111,"10 - 15 Deg. F. / 6 - 12","","10 - 15 Deg. F.","12-Jun","10 - 15 Deg. F. / 6 - 12","10 - 15 / semi-arid","WY.2","#cd8500","semi-arid, cool","#3288BD","J"
"ARFR-WY040-71-10","black",7,117,27,7,NA,1430,NA,4.2,1,NA,NA,5.5,1,NA,2,1,NA,2,1,NA,2,10.6,1,NA,2,1,NA,2,1,NA,2,1,2,1,NA,2,1,NA,NA,NA,NA,NA,NA,NA,NA,NA,"N",NA,"N",NA,"ARFR4-SOS-WY040-71-10","#66C2A5",-109.2433156,41.13271889,"5 - 10 Deg. F. / 3 - 6","","5 - 10 Deg. F.","6-Mar","5 - 10 Deg. F. / 3 - 6","5 - 10 / semi-humid","WY.1","#a5c2f1","semi-humid, cold","#66C2A5","I"
"ARFR-NM930N-66-11","black",7,118,27,8,NA,1431,NA,7.5,1,NA,NA,12.8,1,NA,2,1,NA,2,1,NA,2,31.4,1,NA,2,1,NA,3,1,NA,3,1,3,1,NA,3,1,NA,NA,NA,NA,NA,NA,NA,NA,NA,"Y",NA,"N",NA,"ARFR4-SOS-NM930N-66-11","#F46D43",-107.2045028,36.76818611,"10 - 15 Deg. F. / 3 - 6","","10 - 15 Deg. F.","6-Mar","10 - 15 Deg. F. / 3 - 6","10 - 15 / semi-humid","NM.1","#66e566","semi-humid, cool","#F46D43","C"
"ARFR-AZ930-422-NAVAJO-18","black",7,119,27,9,NA,1432,NA,7.6,1,NA,NA,13.6,1,NA,2,1,NA,2,1,NA,2,31.4,1,NA,2,1,NA,3,1,NA,3,1,3,1,NA,3,1,NA,NA,NA,NA,NA,NA,NA,NA,NA,"Y",NA,"Y",NA,"ARFR4-SOS-AZ930-422-NAVAJO-18","#D53E4F",-110.431,36.56805,"15 - 20 Deg. F. / 6 - 12","Lats corrected 20230127","15 - 20 Deg. F.","12-Jun","15 - 20 Deg. F. / 6 - 12","15 - 20 / semi-arid","AZ.2","#ee5c42","semi-arid, warm","#D53E4F","B"
"ARFR-WY930-44-LASANIMAS-13","black",7,120,27,10,299,1433,NA,NA,0,"Y","Lasanimas",6.4,1,NA,2,1,NA,2,1,NA,2,15.2,1,NA,2,1,NA,2,1,NA,2,1,2,1,NA,2,1,NA,NA,NA,NA,NA,NA,NA,NA,NA,"N",NA,"N",NA,"ARFR4-SOS-WY930-44-LASANIMAS-13","#FDAE61",-104.6423889,37.16547222,"15 - 20 Deg. F. / 3 - 6","","15 - 20 Deg. F.","6-Mar","15 - 20 Deg. F. / 3 - 6","15 - 20 / semi-humid","CO.1","#698b69","semi-humid, warm","#FDAE61","D"
"ARFR-AZ930-422-NAVAJO-18","black",7,121,27,11,NA,1434,NA,5.9,1,NA,NA,14,1,NA,2,1,"buds?",2,1,NA,2,50.1,1,NA,2,1,NA,3,1,NA,3,1,3,1,NA,3,1,NA,NA,NA,NA,NA,NA,NA,NA,NA,"Y",NA,"N",NA,"ARFR4-SOS-AZ930-422-NAVAJO-18","#D53E4F",-110.431,36.56805,"15 - 20 Deg. F. / 6 - 12","Lats corrected 20230127","15 - 20 Deg. F.","12-Jun","15 - 20 Deg. F. / 6 - 12","15 - 20 / semi-arid","AZ.2","#ee5c42","semi-arid, warm","#D53E4F","B"
"ARFR-CO932-314-JEFFERSON-12","black",7,122,27,12,NA,1435,NA,5.8,1,NA,NA,11.5,1,NA,2,1,NA,2,1,NA,2,36.2,1,NA,2,1,NA,3,1,NA,3,1,3,1,NA,3,1,NA,NA,NA,NA,NA,NA,NA,NA,NA,"Y",NA,"N",NA,"ARFR4-SOS-CO932-314-JEFFERSON-12","#FEE08B",-105.3553333,39.40902778,"10 - 15 Deg. F. / 3 - 6","","10 - 15 Deg. F.","6-Mar","10 - 15 Deg. F. / 3 - 6","10 - 15 / semi-humid","CO.2","#66e566","semi-humid, cool","#FEE08B","E"
"ARFR-CO932-294-11","black",7,123,27,13,NA,1436,NA,6.1,1,NA,NA,10.7,1,NA,2,1,NA,2,1,NA,2,21.4,1,NA,2,1,NA,2,1,NA,3,1,3,1,NA,3,1,NA,NA,NA,NA,NA,NA,NA,NA,NA,"Y",NA,"N",NA,"ARFR4-SOS-CO932-294-11","#ABDDA4",-105.2030833,39.78458333,"15 - 20 Deg. F. / 3 - 6","","15 - 20 Deg. F.","6-Mar","15 - 20 Deg. F. / 3 - 6","15 - 20 / semi-humid","CO.4","#698b69","semi-humid, warm","#ABDDA4","H"
"ARFR-NM930N-66-11","black",7,124,27,14,NA,1437,NA,13,1,NA,NA,18.6,1,NA,2,1,NA,2,1,NA,2,35.9,1,NA,2,1,NA,3,1,NA,3,1,3,1,NA,3,1,NA,NA,NA,NA,NA,NA,NA,NA,NA,"Y",NA,"N",NA,"ARFR4-SOS-NM930N-66-11","#F46D43",-107.2045028,36.76818611,"10 - 15 Deg. F. / 3 - 6","","10 - 15 Deg. F.","6-Mar","10 - 15 Deg. F. / 3 - 6","10 - 15 / semi-humid","NM.1","#66e566","semi-humid, cool","#F46D43","C"
"ARFR-AZ930-423-NAVAJO-18","black",7,125,27,15,300,1438,NA,5.1,1,NA,NA,9.7,1,NA,2,1,NA,2,1,NA,2,36.3,1,NA,2,1,NA,3,1,NA,3,1,3,1,NA,3,1,NA,NA,NA,NA,NA,NA,NA,NA,NA,"Y",NA,"N",NA,"ARFR4-SOS-AZ930-423-NAVAJO-18","#9E0142",-110.431,36.45877,"15 - 20 Deg. F. / 6 - 12","SdZones downloaded 20230823","15 - 20 Deg. F.","12-Jun","15 - 20 Deg. F. / 6 - 12","15 - 20 / semi-arid","AZ.1","#ee5c42","semi-arid, warm","#9E0142","A"
"ARFR-UT080-109-UINTAH-12","black",7,126,27,16,NA,1439,NA,6,1,NA,NA,12.1,1,NA,2,1,NA,2,1,NA,2,46.6,1,NA,2,1,NA,3,1,NA,3,1,3,1,NA,3,1,NA,NA,NA,NA,NA,NA,NA,NA,NA,"Y",NA,"N",NA,"ARFR4-SOS-UT080-109-UINTAH-12","#aabe7f",-109.1426444,39.70802222,"10 - 15 Deg. F. / 3 - 6","","10 - 15 Deg. F.","6-Mar","10 - 15 Deg. F. / 3 - 6","10 - 15 / semi-humid","UT.1","#66e566","semi-humid, cool","#aabe7f","G"
"ARFR-WY050-151-FREMONT-16","black",7,127,27,17,NA,1440,NA,4.8,1,NA,NA,7.6,1,NA,2,1,NA,2,1,NA,2,11.6,1,NA,2,1,NA,2,1,NA,2,1,2,1,NA,2,1,NA,NA,"Yes",NA,76.17,"L",44.192,NA,0.064,"Y","weighed infs w/o bag","N",NA,"ARFR4-SOS-WY050-151-FREMONT-16","#3288BD",-108.1704472,42.47886111,"10 - 15 Deg. F. / 6 - 12","","10 - 15 Deg. F.","12-Jun","10 - 15 Deg. F. / 6 - 12","10 - 15 / semi-arid","WY.2","#cd8500","semi-arid, cool","#3288BD","J"
"ARFR-CO932-314-JEFFERSON-12","black",7,128,27,18,NA,1441,NA,6.5,1,NA,NA,12,1,NA,2,1,NA,2,1,NA,2,18.1,1,NA,2,1,NA,3,1,NA,3,1,3,1,NA,3,1,NA,NA,NA,NA,NA,NA,NA,NA,NA,"Y",NA,"N",NA,"ARFR4-SOS-CO932-314-JEFFERSON-12","#FEE08B",-105.3553333,39.40902778,"10 - 15 Deg. F. / 3 - 6","","10 - 15 Deg. F.","6-Mar","10 - 15 Deg. F. / 3 - 6","10 - 15 / semi-humid","CO.2","#66e566","semi-humid, cool","#FEE08B","E"
"ARFR-AZ930-422-NAVAJO-18","black",7,129,27,19,NA,1442,NA,7.2,1,NA,NA,16.9,1,NA,2,1,NA,2,1,NA,2,49.7,1,NA,2,1,NA,3,1,NA,3,1,3,1,NA,3,1,NA,NA,NA,NA,NA,NA,NA,NA,NA,"Y",NA,"N",NA,"ARFR4-SOS-AZ930-422-NAVAJO-18","#D53E4F",-110.431,36.56805,"15 - 20 Deg. F. / 6 - 12","Lats corrected 20230127","15 - 20 Deg. F.","12-Jun","15 - 20 Deg. F. / 6 - 12","15 - 20 / semi-arid","AZ.2","#ee5c42","semi-arid, warm","#D53E4F","B"
"ARFR-CO932-314-JEFFERSON-12","black",7,130,27,20,301,1443,NA,4,1,NA,NA,9.7,1,NA,2,1,NA,2,1,NA,2,25.5,1,NA,2,1,NA,3,1,NA,3,1,3,1,NA,3,1,NA,NA,NA,NA,NA,NA,NA,NA,NA,"Y",NA,"N",NA,"ARFR4-SOS-CO932-314-JEFFERSON-12","#FEE08B",-105.3553333,39.40902778,"10 - 15 Deg. F. / 3 - 6","","10 - 15 Deg. F.","6-Mar","10 - 15 Deg. F. / 3 - 6","10 - 15 / semi-humid","CO.2","#66e566","semi-humid, cool","#FEE08B","E"
"ARFR-CO932-316-JEFFERSON-12","black",7,131,27,21,NA,1444,NA,6,1,NA,NA,11.8,1,NA,2,1,NA,2,1,NA,2,32.7,1,NA,2,1,NA,3,1,NA,3,1,3,1,NA,3,1,NA,NA,NA,NA,NA,NA,NA,NA,NA,"Y",NA,"N",NA,"ARFR4-SOS-CO932-316-JEFFERSON-12","#FFFF85",-105.358,39.66325,"15 - 20 Deg. F. / 3 - 6","","15 - 20 Deg. F.","6-Mar","15 - 20 Deg. F. / 3 - 6","15 - 20 / semi-humid","CO.3","#698b69","semi-humid, warm","#FFFF85","F"
"ARFR-WY930-44-LASANIMAS-13","black",7,132,27,22,NA,1445,NA,9,1,NA,NA,13.6,1,NA,2,1,NA,2,1,NA,2,30,1,NA,2,1,NA,3,1,NA,3,1,3,1,NA,3,1,NA,NA,NA,NA,NA,NA,NA,NA,NA,"Y",NA,"N",NA,"ARFR4-SOS-WY930-44-LASANIMAS-13","#FDAE61",-104.6423889,37.16547222,"15 - 20 Deg. F. / 3 - 6","","15 - 20 Deg. F.","6-Mar","15 - 20 Deg. F. / 3 - 6","15 - 20 / semi-humid","CO.1","#698b69","semi-humid, warm","#FDAE61","D"
"ARFR-CO932-294-11","black",7,133,27,23,NA,1446,NA,6.5,1,NA,NA,11.7,1,NA,2,1,NA,2,1,NA,2,38.1,1,NA,2,1,NA,3,1,NA,3,1,3,1,NA,3,1,NA,NA,NA,NA,NA,NA,NA,NA,NA,"Y",NA,"N",NA,"ARFR4-SOS-CO932-294-11","#ABDDA4",-105.2030833,39.78458333,"15 - 20 Deg. F. / 3 - 6","","15 - 20 Deg. F.","6-Mar","15 - 20 Deg. F. / 3 - 6","15 - 20 / semi-humid","CO.4","#698b69","semi-humid, warm","#ABDDA4","H"
"ARFR-NM930N-66-11","black",7,134,27,24,NA,1447,NA,10.7,1,NA,NA,21.4,1,NA,2,1,NA,2,1,NA,2,54.6,1,NA,2,1,NA,3,1,NA,3,1,3,1,NA,3,1,NA,NA,NA,NA,NA,NA,NA,NA,NA,"Y",NA,"N",NA,"ARFR4-SOS-NM930N-66-11","#F46D43",-107.2045028,36.76818611,"10 - 15 Deg. F. / 3 - 6","","10 - 15 Deg. F.","6-Mar","10 - 15 Deg. F. / 3 - 6","10 - 15 / semi-humid","NM.1","#66e566","semi-humid, cool","#F46D43","C"
"ARFR-CO932-316-JEFFERSON-12","black",7,135,27,25,302,1448,NA,5.2,1,NA,NA,11,1,NA,2,1,"buds?",2,1,NA,2,32.3,1,NA,2,1,NA,3,1,NA,3,1,3,1,NA,3,1,NA,NA,"Yes",NA,118.22,"L",86.242,29.42,22.46,"Y",NA,"N",NA,"ARFR4-SOS-CO932-316-JEFFERSON-12","#FFFF85",-105.358,39.66325,"15 - 20 Deg. F. / 3 - 6","","15 - 20 Deg. F.","6-Mar","15 - 20 Deg. F. / 3 - 6","15 - 20 / semi-humid","CO.3","#698b69","semi-humid, warm","#FFFF85","F"
"ARFR-AZ930-422-NAVAJO-18","black",7,136,27,26,NA,1449,NA,7.4,1,NA,NA,14.6,1,NA,2,1,NA,2,1,NA,2,49.8,1,NA,2,1,NA,3,1,NA,3,1,3,1,NA,3,1,NA,NA,NA,NA,NA,NA,NA,NA,NA,"Y",NA,"N",NA,"ARFR4-SOS-AZ930-422-NAVAJO-18","#D53E4F",-110.431,36.56805,"15 - 20 Deg. F. / 6 - 12","Lats corrected 20230127","15 - 20 Deg. F.","12-Jun","15 - 20 Deg. F. / 6 - 12","15 - 20 / semi-arid","AZ.2","#ee5c42","semi-arid, warm","#D53E4F","B"
"ARFR-AZ930-423-NAVAJO-18","black",7,137,27,27,NA,1450,NA,6.2,1,NA,NA,11.8,1,NA,2,1,NA,2,1,NA,2,41.4,1,NA,2,1,NA,3,1,NA,3,1,3,1,NA,3,1,NA,NA,NA,NA,NA,NA,NA,NA,NA,"Y",NA,"N",NA,"ARFR4-SOS-AZ930-423-NAVAJO-18","#9E0142",-110.431,36.45877,"15 - 20 Deg. F. / 6 - 12","SdZones downloaded 20230823","15 - 20 Deg. F.","12-Jun","15 - 20 Deg. F. / 6 - 12","15 - 20 / semi-arid","AZ.1","#ee5c42","semi-arid, warm","#9E0142","A"
"ARFR-NM930N-66-11","black",7,138,27,28,NA,1451,NA,7.6,1,NA,NA,15.8,1,NA,2,1,NA,2,1,NA,2,33.5,1,NA,2,1,NA,3,1,NA,3,1,3,1,NA,3,1,NA,NA,NA,NA,NA,NA,NA,NA,NA,"Y",NA,"Y",NA,"ARFR4-SOS-NM930N-66-11","#F46D43",-107.2045028,36.76818611,"10 - 15 Deg. F. / 3 - 6","","10 - 15 Deg. F.","6-Mar","10 - 15 Deg. F. / 3 - 6","10 - 15 / semi-humid","NM.1","#66e566","semi-humid, cool","#F46D43","C"
"ARFR-UT080-109-UINTAH-12","black",7,139,27,29,NA,1452,NA,8.2,1,NA,NA,12.6,1,NA,2,1,NA,2,1,NA,2,32.5,1,NA,2,1,NA,3,1,NA,3,1,3,1,NA,3,1,NA,NA,NA,NA,NA,NA,NA,NA,NA,"Y",NA,"N",NA,"ARFR4-SOS-UT080-109-UINTAH-12","#aabe7f",-109.1426444,39.70802222,"10 - 15 Deg. F. / 3 - 6","","10 - 15 Deg. F.","6-Mar","10 - 15 Deg. F. / 3 - 6","10 - 15 / semi-humid","UT.1","#66e566","semi-humid, cool","#aabe7f","G"
"ARFR-AZ930-423-NAVAJO-18","black",7,140,27,30,303,1453,NA,6.5,1,NA,NA,10.6,1,NA,2,1,NA,2,1,NA,2,40.1,1,NA,2,1,NA,3,1,NA,3,1,3,1,NA,3,1,NA,NA,NA,NA,NA,NA,NA,NA,NA,"Y",NA,"N",NA,"ARFR4-SOS-AZ930-423-NAVAJO-18","#9E0142",-110.431,36.45877,"15 - 20 Deg. F. / 6 - 12","SdZones downloaded 20230823","15 - 20 Deg. F.","12-Jun","15 - 20 Deg. F. / 6 - 12","15 - 20 / semi-arid","AZ.1","#ee5c42","semi-arid, warm","#9E0142","A"
"ARFR-AZ930-423-NAVAJO-18","black",7,141,27,31,NA,1454,NA,8.2,1,NA,NA,14.3,1,NA,2,1,NA,2,1,NA,2,49.7,1,NA,2,1,NA,3,1,NA,3,1,3,1,NA,3,1,NA,NA,NA,NA,NA,NA,NA,NA,NA,"Y",NA,"N",NA,"ARFR4-SOS-AZ930-423-NAVAJO-18","#9E0142",-110.431,36.45877,"15 - 20 Deg. F. / 6 - 12","SdZones downloaded 20230823","15 - 20 Deg. F.","12-Jun","15 - 20 Deg. F. / 6 - 12","15 - 20 / semi-arid","AZ.1","#ee5c42","semi-arid, warm","#9E0142","A"
"ARFR-CO932-316-JEFFERSON-12","black",7,142,27,32,NA,1455,NA,5,1,NA,NA,10.7,1,NA,2,1,NA,2,1,NA,2,35.6,1,NA,2,1,NA,3,1,NA,3,1,3,1,NA,3,1,NA,NA,NA,NA,NA,NA,NA,NA,NA,"Y",NA,"N",NA,"ARFR4-SOS-CO932-316-JEFFERSON-12","#FFFF85",-105.358,39.66325,"15 - 20 Deg. F. / 3 - 6","","15 - 20 Deg. F.","6-Mar","15 - 20 Deg. F. / 3 - 6","15 - 20 / semi-humid","CO.3","#698b69","semi-humid, warm","#FFFF85","F"
"ARFR-WY040-71-10","black",7,143,27,33,NA,1456,NA,3.5,1,NA,NA,6.5,1,NA,2,1,NA,2,1,NA,2,15,1,NA,2,1,NA,2,1,NA,2,1,2,1,NA,2,1,NA,NA,NA,NA,NA,NA,NA,NA,NA,"Y",NA,"N",NA,"ARFR4-SOS-WY040-71-10","#66C2A5",-109.2433156,41.13271889,"5 - 10 Deg. F. / 3 - 6","","5 - 10 Deg. F.","6-Mar","5 - 10 Deg. F. / 3 - 6","5 - 10 / semi-humid","WY.1","#a5c2f1","semi-humid, cold","#66C2A5","I"
"ARFR-WY050-151-FREMONT-16","black",7,144,27,34,NA,1457,NA,6.2,1,NA,NA,7.8,1,NA,2,1,NA,2,1,NA,2,10.1,1,NA,2,1,NA,2,1,NA,2,1,2,1,NA,2,1,NA,NA,NA,NA,NA,NA,NA,NA,NA,"Y",NA,"N",NA,"ARFR4-SOS-WY050-151-FREMONT-16","#3288BD",-108.1704472,42.47886111,"10 - 15 Deg. F. / 6 - 12","","10 - 15 Deg. F.","12-Jun","10 - 15 Deg. F. / 6 - 12","10 - 15 / semi-arid","WY.2","#cd8500","semi-arid, cool","#3288BD","J"
"ARFR-CO932-314-JEFFERSON-12","black",7,145,27,35,304,1458,NA,4.9,1,NA,NA,9,1,NA,2,1,NA,2,1,NA,2,32.3,1,NA,2,1,NA,3,1,NA,3,1,3,1,NA,3,1,NA,NA,NA,NA,NA,NA,NA,NA,NA,"Y",NA,"N",NA,"ARFR4-SOS-CO932-314-JEFFERSON-12","#FEE08B",-105.3553333,39.40902778,"10 - 15 Deg. F. / 3 - 6","","10 - 15 Deg. F.","6-Mar","10 - 15 Deg. F. / 3 - 6","10 - 15 / semi-humid","CO.2","#66e566","semi-humid, cool","#FEE08B","E"
"ARFR-AZ930-422-NAVAJO-18","black",7,146,27,36,NA,1459,NA,5,1,NA,NA,11.1,1,NA,2,1,NA,2,1,NA,2,36.6,1,NA,2,1,NA,3,1,NA,3,1,3,1,NA,3,1,NA,NA,NA,NA,NA,NA,NA,NA,NA,"Y",NA,"N",NA,"ARFR4-SOS-AZ930-422-NAVAJO-18","#D53E4F",-110.431,36.56805,"15 - 20 Deg. F. / 6 - 12","Lats corrected 20230127","15 - 20 Deg. F.","12-Jun","15 - 20 Deg. F. / 6 - 12","15 - 20 / semi-arid","AZ.2","#ee5c42","semi-arid, warm","#D53E4F","B"
"ARFR-CO932-294-11","black",7,147,27,37,NA,1460,NA,5.4,1,NA,NA,9.3,1,NA,2,1,NA,2,1,NA,2,28,1,NA,2,1,NA,2,1,NA,3,1,3,1,NA,3,1,NA,NA,NA,NA,NA,NA,NA,NA,NA,"Y",NA,"N",NA,"ARFR4-SOS-CO932-294-11","#ABDDA4",-105.2030833,39.78458333,"15 - 20 Deg. F. / 3 - 6","","15 - 20 Deg. F.","6-Mar","15 - 20 Deg. F. / 3 - 6","15 - 20 / semi-humid","CO.4","#698b69","semi-humid, warm","#ABDDA4","H"
"ARFR-NM930N-66-11","black",7,148,27,38,NA,1461,NA,7.8,1,NA,NA,10.2,1,NA,2,1,NA,2,1,NA,2,24.9,1,NA,2,1,NA,2,1,NA,2,1,3,1,NA,3,1,NA,NA,NA,NA,NA,NA,NA,NA,NA,"Y",NA,"N",NA,"ARFR4-SOS-NM930N-66-11","#F46D43",-107.2045028,36.76818611,"10 - 15 Deg. F. / 3 - 6","","10 - 15 Deg. F.","6-Mar","10 - 15 Deg. F. / 3 - 6","10 - 15 / semi-humid","NM.1","#66e566","semi-humid, cool","#F46D43","C"
"ARFR-CO932-294-11","black",7,149,27,39,NA,1462,NA,4.9,1,NA,NA,8.3,1,NA,2,1,"buds?",2,1,NA,2,28.2,1,NA,2,1,NA,3,1,NA,3,1,3,1,NA,3,1,NA,NA,NA,NA,NA,NA,NA,NA,NA,"Y",NA,"N",NA,"ARFR4-SOS-CO932-294-11","#ABDDA4",-105.2030833,39.78458333,"15 - 20 Deg. F. / 3 - 6","","15 - 20 Deg. F.","6-Mar","15 - 20 Deg. F. / 3 - 6","15 - 20 / semi-humid","CO.4","#698b69","semi-humid, warm","#ABDDA4","H"
"ARFR-WY930-44-LASANIMAS-13","black",7,150,27,40,305,1463,NA,NA,0,"Y","Lasanimas",6.1,1,NA,2,1,NA,2,1,NA,2,17.6,1,NA,2,1,NA,3,1,NA,3,1,3,1,NA,3,1,NA,NA,NA,NA,NA,NA,NA,NA,NA,"Y",NA,"N",NA,"ARFR4-SOS-WY930-44-LASANIMAS-13","#FDAE61",-104.6423889,37.16547222,"15 - 20 Deg. F. / 3 - 6","","15 - 20 Deg. F.","6-Mar","15 - 20 Deg. F. / 3 - 6","15 - 20 / semi-humid","CO.1","#698b69","semi-humid, warm","#FDAE61","D"
"ARFR-CO932-316-JEFFERSON-12","black",7,151,27,41,NA,1464,NA,6,1,NA,NA,12.1,1,NA,2,1,NA,2,1,NA,2,38.5,1,NA,2,1,NA,3,1,NA,3,1,3,1,NA,3,1,NA,NA,NA,NA,NA,NA,NA,NA,NA,"Y",NA,"N",NA,"ARFR4-SOS-CO932-316-JEFFERSON-12","#FFFF85",-105.358,39.66325,"15 - 20 Deg. F. / 3 - 6","","15 - 20 Deg. F.","6-Mar","15 - 20 Deg. F. / 3 - 6","15 - 20 / semi-humid","CO.3","#698b69","semi-humid, warm","#FFFF85","F"
"ARFR-CO932-294-11","black",7,152,27,42,NA,1465,NA,6.1,1,NA,NA,8.7,1,NA,2,1,NA,2,1,NA,2,21,1,NA,2,1,NA,3,1,NA,3,1,3,1,NA,3,1,NA,NA,NA,NA,NA,NA,NA,NA,NA,"Y",NA,"N",NA,"ARFR4-SOS-CO932-294-11","#ABDDA4",-105.2030833,39.78458333,"15 - 20 Deg. F. / 3 - 6","","15 - 20 Deg. F.","6-Mar","15 - 20 Deg. F. / 3 - 6","15 - 20 / semi-humid","CO.4","#698b69","semi-humid, warm","#ABDDA4","H"
"ARFR-WY040-71-10","black",7,153,27,43,NA,1466,NA,4.2,1,NA,NA,6.8,1,NA,2,1,NA,2,1,NA,2,16.6,1,NA,2,1,NA,2,1,NA,2,1,2,1,NA,2,1,NA,NA,NA,NA,NA,NA,NA,NA,NA,"Y",NA,"N",NA,"ARFR4-SOS-WY040-71-10","#66C2A5",-109.2433156,41.13271889,"5 - 10 Deg. F. / 3 - 6","","5 - 10 Deg. F.","6-Mar","5 - 10 Deg. F. / 3 - 6","5 - 10 / semi-humid","WY.1","#a5c2f1","semi-humid, cold","#66C2A5","I"
"ARFR-NM930N-66-11","black",7,154,27,44,NA,1467,NA,5.7,1,NA,NA,13.1,1,NA,2,1,NA,2,1,NA,2,40.4,1,NA,2,1,NA,3,1,NA,3,1,3,1,NA,3,1,NA,NA,NA,NA,NA,NA,NA,NA,NA,"Y",NA,"N",NA,"ARFR4-SOS-NM930N-66-11","#F46D43",-107.2045028,36.76818611,"10 - 15 Deg. F. / 3 - 6","","10 - 15 Deg. F.","6-Mar","10 - 15 Deg. F. / 3 - 6","10 - 15 / semi-humid","NM.1","#66e566","semi-humid, cool","#F46D43","C"
"ARFR-CO932-294-11","black",7,155,27,45,306,1468,NA,4.5,1,NA,NA,8.9,1,NA,2,1,NA,2,1,NA,2,18.6,1,NA,2,1,NA,2,1,NA,2,1,2,1,NA,2,1,NA,NA,NA,NA,NA,NA,NA,NA,NA,"Y",NA,"Y",NA,"ARFR4-SOS-CO932-294-11","#ABDDA4",-105.2030833,39.78458333,"15 - 20 Deg. F. / 3 - 6","","15 - 20 Deg. F.","6-Mar","15 - 20 Deg. F. / 3 - 6","15 - 20 / semi-humid","CO.4","#698b69","semi-humid, warm","#ABDDA4","H"
"ARFR-AZ930-423-NAVAJO-18","black",7,156,27,46,NA,1469,NA,7.6,1,NA,NA,14.1,1,NA,2,1,NA,2,1,NA,2,50.3,1,NA,2,1,NA,3,1,NA,3,1,3,1,NA,3,1,NA,NA,NA,NA,NA,NA,NA,NA,NA,"Y",NA,"N",NA,"ARFR4-SOS-AZ930-423-NAVAJO-18","#9E0142",-110.431,36.45877,"15 - 20 Deg. F. / 6 - 12","SdZones downloaded 20230823","15 - 20 Deg. F.","12-Jun","15 - 20 Deg. F. / 6 - 12","15 - 20 / semi-arid","AZ.1","#ee5c42","semi-arid, warm","#9E0142","A"
"ARFR-CO932-316-JEFFERSON-12","black",7,157,27,47,NA,1470,NA,9,1,NA,NA,15.3,1,NA,2,1,NA,2,1,NA,2,40.6,1,NA,2,1,NA,3,1,NA,3,1,3,1,NA,3,1,NA,NA,NA,NA,NA,NA,NA,NA,NA,"Y",NA,"N",NA,"ARFR4-SOS-CO932-316-JEFFERSON-12","#FFFF85",-105.358,39.66325,"15 - 20 Deg. F. / 3 - 6","","15 - 20 Deg. F.","6-Mar","15 - 20 Deg. F. / 3 - 6","15 - 20 / semi-humid","CO.3","#698b69","semi-humid, warm","#FFFF85","F"
"ARFR-WY040-71-10","black",7,158,27,48,NA,1471,NA,5,1,NA,NA,7.3,1,NA,2,1,NA,2,1,NA,2,14.1,1,NA,2,1,NA,2,1,NA,2,1,2,1,NA,2,1,NA,NA,NA,NA,NA,NA,NA,NA,NA,"Y",NA,"N",NA,"ARFR4-SOS-WY040-71-10","#66C2A5",-109.2433156,41.13271889,"5 - 10 Deg. F. / 3 - 6","","5 - 10 Deg. F.","6-Mar","5 - 10 Deg. F. / 3 - 6","5 - 10 / semi-humid","WY.1","#a5c2f1","semi-humid, cold","#66C2A5","I"
"ARFR-WY050-49-FREMONT-12","black",7,159,27,49,NA,1472,NA,4.6,1,NA,NA,8,1,NA,2,1,NA,2,1,NA,2,18.2,1,NA,2,1,NA,3,1,NA,3,1,3,1,NA,3,1,NA,NA,NA,NA,NA,NA,NA,NA,NA,"Y",NA,"N",NA,"ARFR4-SOS-WY050-49-FREMONT-12","#5E4FA2",-109.34775,43.42663611,"5 - 10 Deg. F. / 6 - 12","","5 - 10 Deg. F.","12-Jun","5 - 10 Deg. F. / 6 - 12","5 - 10 / semi-arid","WY.3","#ffb90f","semi-arid, cold","#5E4FA2","K"
"ARFR-AZ930-423-NAVAJO-18","black",7,160,27,50,307,1473,NA,8.4,1,NA,NA,13.6,1,NA,2,1,NA,2,1,NA,2,32.6,1,NA,2,1,NA,3,1,NA,3,1,3,1,NA,3,1,NA,NA,NA,NA,NA,NA,NA,NA,NA,"Y",NA,"N",NA,"ARFR4-SOS-AZ930-423-NAVAJO-18","#9E0142",-110.431,36.45877,"15 - 20 Deg. F. / 6 - 12","SdZones downloaded 20230823","15 - 20 Deg. F.","12-Jun","15 - 20 Deg. F. / 6 - 12","15 - 20 / semi-arid","AZ.1","#ee5c42","semi-arid, warm","#9E0142","A"
"ARFR-WY930-44-LASANIMAS-13","black",7,161,27,51,NA,1474,NA,6,1,NA,NA,8.3,1,NA,2,1,NA,2,1,NA,2,24.5,1,NA,2,1,NA,3,1,NA,3,1,3,1,NA,3,1,NA,NA,NA,NA,NA,NA,NA,NA,NA,"Y",NA,"N",NA,"ARFR4-SOS-WY930-44-LASANIMAS-13","#FDAE61",-104.6423889,37.16547222,"15 - 20 Deg. F. / 3 - 6","","15 - 20 Deg. F.","6-Mar","15 - 20 Deg. F. / 3 - 6","15 - 20 / semi-humid","CO.1","#698b69","semi-humid, warm","#FDAE61","D"
"ARFR-AZ930-422-NAVAJO-18","black",7,162,27,52,NA,1475,NA,6.5,1,NA,NA,12.7,1,NA,2,1,NA,2,1,NA,2,46.5,1,NA,2,1,NA,3,1,NA,3,1,3,1,NA,3,1,NA,NA,"Yes",NA,103.85,"L",71.872,34.24,27.28,"Y",NA,"N",NA,"ARFR4-SOS-AZ930-422-NAVAJO-18","#D53E4F",-110.431,36.56805,"15 - 20 Deg. F. / 6 - 12","Lats corrected 20230127","15 - 20 Deg. F.","12-Jun","15 - 20 Deg. F. / 6 - 12","15 - 20 / semi-arid","AZ.2","#ee5c42","semi-arid, warm","#D53E4F","B"
"ARFR-WY050-49-FREMONT-12","black",7,163,27,53,NA,1476,NA,5.7,1,NA,NA,8.7,1,NA,2,1,NA,2,1,NA,2,12.5,1,NA,2,1,NA,3,1,NA,3,1,3,1,NA,3,1,NA,NA,"Yes",NA,73.45,"L",41.472,15.93,8.97,"Y",NA,"N",NA,"ARFR4-SOS-WY050-49-FREMONT-12","#5E4FA2",-109.34775,43.42663611,"5 - 10 Deg. F. / 6 - 12","","5 - 10 Deg. F.","12-Jun","5 - 10 Deg. F. / 6 - 12","5 - 10 / semi-arid","WY.3","#ffb90f","semi-arid, cold","#5E4FA2","K"
"ARFR-AZ930-422-NAVAJO-18","black",7,164,27,54,NA,1477,NA,6,1,NA,NA,11.3,1,NA,2,1,NA,2,1,NA,2,40.1,1,NA,2,1,NA,3,1,NA,3,1,3,1,NA,3,1,NA,NA,NA,NA,NA,NA,NA,NA,NA,"Y",NA,"N",NA,"ARFR4-SOS-AZ930-422-NAVAJO-18","#D53E4F",-110.431,36.56805,"15 - 20 Deg. F. / 6 - 12","Lats corrected 20230127","15 - 20 Deg. F.","12-Jun","15 - 20 Deg. F. / 6 - 12","15 - 20 / semi-arid","AZ.2","#ee5c42","semi-arid, warm","#D53E4F","B"
"ARFR-WY050-49-FREMONT-12","black",7,165,27,55,308,1478,NA,4.2,1,NA,NA,4.8,1,NA,2,1,NA,2,1,NA,2,9.7,1,NA,2,1,NA,2,1,NA,2,1,2,1,NA,2,1,NA,NA,NA,NA,NA,NA,NA,NA,NA,"N",NA,"N",NA,"ARFR4-SOS-WY050-49-FREMONT-12","#5E4FA2",-109.34775,43.42663611,"5 - 10 Deg. F. / 6 - 12","","5 - 10 Deg. F.","12-Jun","5 - 10 Deg. F. / 6 - 12","5 - 10 / semi-arid","WY.3","#ffb90f","semi-arid, cold","#5E4FA2","K"
"ARFR-CO932-314-JEFFERSON-12","black",7,166,28,1,297,1479,NA,4.8,1,NA,NA,8.2,1,NA,2,1,NA,2,1,NA,2,12.5,1,NA,2,1,NA,2,1,NA,2,1,2,1,NA,2,1,NA,NA,NA,NA,NA,NA,NA,NA,NA,"Y",NA,"N",NA,"ARFR4-SOS-CO932-314-JEFFERSON-12","#FEE08B",-105.3553333,39.40902778,"10 - 15 Deg. F. / 3 - 6","","10 - 15 Deg. F.","6-Mar","10 - 15 Deg. F. / 3 - 6","10 - 15 / semi-humid","CO.2","#66e566","semi-humid, cool","#FEE08B","E"
"ARFR-CO932-316-JEFFERSON-12","black",7,167,28,2,NA,1480,NA,4.9,1,NA,NA,10.5,1,NA,2,1,NA,2,1,NA,2,17.1,1,NA,2,1,NA,2,1,NA,3,1,3,1,NA,3,1,NA,NA,NA,NA,NA,NA,NA,NA,NA,"Y",NA,"N",NA,"ARFR4-SOS-CO932-316-JEFFERSON-12","#FFFF85",-105.358,39.66325,"15 - 20 Deg. F. / 3 - 6","","15 - 20 Deg. F.","6-Mar","15 - 20 Deg. F. / 3 - 6","15 - 20 / semi-humid","CO.3","#698b69","semi-humid, warm","#FFFF85","F"
"ARFR-UT080-109-UINTAH-12","black",7,168,28,3,NA,1481,NA,6.5,1,NA,NA,9.6,1,NA,2,1,NA,2,1,NA,2,28.7,1,NA,2,1,NA,3,1,NA,3,1,3,1,NA,3,1,NA,NA,NA,NA,NA,NA,NA,NA,NA,"Y",NA,"N",NA,"ARFR4-SOS-UT080-109-UINTAH-12","#aabe7f",-109.1426444,39.70802222,"10 - 15 Deg. F. / 3 - 6","","10 - 15 Deg. F.","6-Mar","10 - 15 Deg. F. / 3 - 6","10 - 15 / semi-humid","UT.1","#66e566","semi-humid, cool","#aabe7f","G"
"ARFR-WY050-151-FREMONT-16","black",7,169,28,4,NA,1482,NA,3.9,1,NA,NA,6.3,1,NA,2,1,NA,2,1,NA,2,13.1,1,NA,2,1,NA,3,1,NA,3,1,3,1,NA,3,1,NA,NA,NA,NA,NA,NA,NA,NA,NA,"Y",NA,"N",NA,"ARFR4-SOS-WY050-151-FREMONT-16","#3288BD",-108.1704472,42.47886111,"10 - 15 Deg. F. / 6 - 12","","10 - 15 Deg. F.","12-Jun","10 - 15 Deg. F. / 6 - 12","10 - 15 / semi-arid","WY.2","#cd8500","semi-arid, cool","#3288BD","J"
"ARFR-AZ930-422-NAVAJO-18","black",7,170,28,5,298,1483,NA,4.4,1,NA,NA,5.4,1,NA,2,1,NA,2,1,NA,2,57.7,1,NA,2,1,NA,3,1,NA,3,1,3,1,NA,3,1,NA,NA,NA,NA,NA,NA,NA,NA,NA,"Y",NA,"N",NA,"ARFR4-SOS-AZ930-422-NAVAJO-18","#D53E4F",-110.431,36.56805,"15 - 20 Deg. F. / 6 - 12","Lats corrected 20230127","15 - 20 Deg. F.","12-Jun","15 - 20 Deg. F. / 6 - 12","15 - 20 / semi-arid","AZ.2","#ee5c42","semi-arid, warm","#D53E4F","B"
"ARFR-WY930-44-LASANIMAS-13","black",7,171,28,6,NA,1484,NA,7.4,1,NA,NA,11,1,NA,2,1,NA,2,1,NA,2,22.1,1,NA,2,1,NA,3,1,NA,3,1,3,1,NA,3,1,NA,NA,NA,NA,NA,NA,NA,NA,NA,"Y",NA,"N",NA,"ARFR4-SOS-WY930-44-LASANIMAS-13","#FDAE61",-104.6423889,37.16547222,"15 - 20 Deg. F. / 3 - 6","","15 - 20 Deg. F.","6-Mar","15 - 20 Deg. F. / 3 - 6","15 - 20 / semi-humid","CO.1","#698b69","semi-humid, warm","#FDAE61","D"
"ARFR-UT080-109-UINTAH-12","black",7,172,28,7,NA,1485,NA,6.3,1,NA,NA,12.7,1,NA,2,1,NA,2,1,NA,2,44.5,1,NA,2,1,NA,3,1,NA,3,1,3,1,NA,3,1,NA,NA,NA,NA,NA,NA,NA,NA,NA,"Y",NA,"N",NA,"ARFR4-SOS-UT080-109-UINTAH-12","#aabe7f",-109.1426444,39.70802222,"10 - 15 Deg. F. / 3 - 6","","10 - 15 Deg. F.","6-Mar","10 - 15 Deg. F. / 3 - 6","10 - 15 / semi-humid","UT.1","#66e566","semi-humid, cool","#aabe7f","G"
"ARFR-CO932-294-11","black",7,173,28,8,NA,1486,NA,8,1,NA,NA,12.3,1,NA,2,1,NA,2,1,NA,2,21.5,1,NA,2,1,NA,3,1,NA,3,1,3,1,NA,3,1,NA,NA,NA,NA,NA,NA,NA,NA,NA,"Y",NA,"N",NA,"ARFR4-SOS-CO932-294-11","#ABDDA4",-105.2030833,39.78458333,"15 - 20 Deg. F. / 3 - 6","","15 - 20 Deg. F.","6-Mar","15 - 20 Deg. F. / 3 - 6","15 - 20 / semi-humid","CO.4","#698b69","semi-humid, warm","#ABDDA4","H"
"ARFR-AZ930-423-NAVAJO-18","black",7,174,28,9,NA,1487,NA,5.2,1,NA,NA,11.4,1,NA,2,1,NA,2,1,NA,2,33,1,NA,2,1,NA,3,1,NA,3,1,3,1,NA,3,1,NA,NA,NA,NA,NA,NA,NA,NA,NA,"Y",NA,"N",NA,"ARFR4-SOS-AZ930-423-NAVAJO-18","#9E0142",-110.431,36.45877,"15 - 20 Deg. F. / 6 - 12","SdZones downloaded 20230823","15 - 20 Deg. F.","12-Jun","15 - 20 Deg. F. / 6 - 12","15 - 20 / semi-arid","AZ.1","#ee5c42","semi-arid, warm","#9E0142","A"
"ARFR-WY040-71-10","black",7,175,28,10,299,1488,NA,4,1,NA,NA,4.5,1,NA,2,1,NA,2,1,NA,2,10.5,1,NA,2,1,NA,2,1,NA,2,1,2,1,NA,2,1,NA,NA,NA,NA,NA,NA,NA,NA,NA,"N",NA,"N",NA,"ARFR4-SOS-WY040-71-10","#66C2A5",-109.2433156,41.13271889,"5 - 10 Deg. F. / 3 - 6","","5 - 10 Deg. F.","6-Mar","5 - 10 Deg. F. / 3 - 6","5 - 10 / semi-humid","WY.1","#a5c2f1","semi-humid, cold","#66C2A5","I"
"ARFR-WY930-44-LASANIMAS-13","black",7,176,28,11,NA,1489,NA,4.5,1,NA,NA,7,1,NA,2,1,NA,2,1,NA,2,23.1,1,NA,2,1,NA,3,1,NA,3,1,3,1,NA,3,1,NA,NA,NA,NA,NA,NA,NA,NA,NA,"Y",NA,"N",NA,"ARFR4-SOS-WY930-44-LASANIMAS-13","#FDAE61",-104.6423889,37.16547222,"15 - 20 Deg. F. / 3 - 6","","15 - 20 Deg. F.","6-Mar","15 - 20 Deg. F. / 3 - 6","15 - 20 / semi-humid","CO.1","#698b69","semi-humid, warm","#FDAE61","D"
"ARFR-NM930N-66-11","black",7,177,28,12,NA,1490,NA,7.4,1,NA,NA,12.3,1,NA,2,1,NA,2,1,NA,2,36.9,1,NA,2,1,NA,3,1,NA,3,1,3,1,NA,3,1,NA,NA,NA,NA,NA,NA,NA,NA,NA,"Y",NA,"Y",NA,"ARFR4-SOS-NM930N-66-11","#F46D43",-107.2045028,36.76818611,"10 - 15 Deg. F. / 3 - 6","","10 - 15 Deg. F.","6-Mar","10 - 15 Deg. F. / 3 - 6","10 - 15 / semi-humid","NM.1","#66e566","semi-humid, cool","#F46D43","C"
"ARFR-CO932-314-JEFFERSON-12","black",7,178,28,13,NA,1491,NA,7.3,1,NA,NA,8.9,1,NA,2,1,NA,2,1,NA,2,23.5,1,NA,2,1,NA,3,1,NA,3,1,3,1,NA,3,1,NA,NA,NA,NA,NA,NA,NA,NA,NA,"Y",NA,"N",NA,"ARFR4-SOS-CO932-314-JEFFERSON-12","#FEE08B",-105.3553333,39.40902778,"10 - 15 Deg. F. / 3 - 6","","10 - 15 Deg. F.","6-Mar","10 - 15 Deg. F. / 3 - 6","10 - 15 / semi-humid","CO.2","#66e566","semi-humid, cool","#FEE08B","E"
"ARFR-WY040-71-10","black",7,179,28,14,NA,1492,NA,4.3,1,NA,NA,7.2,1,NA,2,1,NA,2,1,NA,2,13.2,1,NA,2,1,NA,2,1,NA,2,1,2,1,NA,2,1,NA,NA,NA,NA,NA,NA,NA,NA,NA,"Y",NA,"N",NA,"ARFR4-SOS-WY040-71-10","#66C2A5",-109.2433156,41.13271889,"5 - 10 Deg. F. / 3 - 6","","5 - 10 Deg. F.","6-Mar","5 - 10 Deg. F. / 3 - 6","5 - 10 / semi-humid","WY.1","#a5c2f1","semi-humid, cold","#66C2A5","I"
"ARFR-WY050-151-FREMONT-16","black",7,180,28,15,300,1493,NA,2.3,1,NA,NA,NA,0,NA,NA,0,NA,NA,0,NA,NA,NA,0,NA,NA,0,NA,NA,0,NA,NA,0,NA,0,NA,NA,0,NA,NA,NA,NA,NA,NA,NA,NA,NA,"N",NA,"N",NA,"ARFR4-SOS-WY050-151-FREMONT-16","#3288BD",-108.1704472,42.47886111,"10 - 15 Deg. F. / 6 - 12","","10 - 15 Deg. F.","12-Jun","10 - 15 Deg. F. / 6 - 12","10 - 15 / semi-arid","WY.2","#cd8500","semi-arid, cool","#3288BD","J"
"ARFR-NM930N-66-11","black",7,181,28,16,NA,1494,NA,9,1,NA,NA,12.1,1,NA,2,1,NA,2,1,NA,2,42,1,NA,2,1,NA,3,1,NA,3,1,3,1,NA,3,1,NA,NA,NA,NA,NA,NA,NA,NA,NA,"Y",NA,"N",NA,"ARFR4-SOS-NM930N-66-11","#F46D43",-107.2045028,36.76818611,"10 - 15 Deg. F. / 3 - 6","","10 - 15 Deg. F.","6-Mar","10 - 15 Deg. F. / 3 - 6","10 - 15 / semi-humid","NM.1","#66e566","semi-humid, cool","#F46D43","C"
"ARFR-NM930N-66-11","black",7,182,28,17,NA,1495,NA,7.1,1,NA,NA,18.1,1,NA,2,1,NA,2,1,NA,2,52.4,1,NA,2,1,NA,3,1,NA,3,1,3,1,NA,3,1,NA,NA,NA,NA,NA,NA,NA,NA,NA,"Y",NA,"N",NA,"ARFR4-SOS-NM930N-66-11","#F46D43",-107.2045028,36.76818611,"10 - 15 Deg. F. / 3 - 6","","10 - 15 Deg. F.","6-Mar","10 - 15 Deg. F. / 3 - 6","10 - 15 / semi-humid","NM.1","#66e566","semi-humid, cool","#F46D43","C"
"ARFR-WY050-49-FREMONT-12","black",7,183,28,18,NA,1496,NA,4.5,1,NA,NA,NA,0,NA,NA,0,NA,NA,0,NA,NA,NA,0,NA,NA,0,NA,NA,0,NA,NA,0,NA,0,NA,NA,0,NA,NA,NA,NA,NA,NA,NA,NA,NA,"N",NA,"N",NA,"ARFR4-SOS-WY050-49-FREMONT-12","#5E4FA2",-109.34775,43.42663611,"5 - 10 Deg. F. / 6 - 12","","5 - 10 Deg. F.","12-Jun","5 - 10 Deg. F. / 6 - 12","5 - 10 / semi-arid","WY.3","#ffb90f","semi-arid, cold","#5E4FA2","K"
"ARFR-WY050-49-FREMONT-12","black",7,184,28,19,NA,1497,NA,7.2,1,NA,NA,9.5,1,NA,2,1,NA,2,1,NA,2,17.9,1,NA,2,1,NA,2,1,NA,2,1,2,1,NA,2,1,NA,NA,NA,NA,NA,NA,NA,NA,NA,"Y",NA,"N",NA,"ARFR4-SOS-WY050-49-FREMONT-12","#5E4FA2",-109.34775,43.42663611,"5 - 10 Deg. F. / 6 - 12","","5 - 10 Deg. F.","12-Jun","5 - 10 Deg. F. / 6 - 12","5 - 10 / semi-arid","WY.3","#ffb90f","semi-arid, cold","#5E4FA2","K"
"ARFR-CO932-294-11","black",7,185,28,20,301,1498,NA,8,1,NA,NA,10.4,1,NA,2,1,NA,2,1,NA,2,38.2,1,NA,2,1,NA,3,1,NA,3,1,3,1,NA,3,1,NA,NA,NA,NA,NA,NA,NA,NA,NA,"Y",NA,"N",NA,"ARFR4-SOS-CO932-294-11","#ABDDA4",-105.2030833,39.78458333,"15 - 20 Deg. F. / 3 - 6","","15 - 20 Deg. F.","6-Mar","15 - 20 Deg. F. / 3 - 6","15 - 20 / semi-humid","CO.4","#698b69","semi-humid, warm","#ABDDA4","H"
"ARFR-CO932-314-JEFFERSON-12","black",7,186,28,21,NA,1499,NA,4,1,NA,NA,9.9,1,NA,2,1,NA,2,1,NA,2,31.4,1,NA,2,1,NA,3,1,NA,3,1,3,1,NA,3,1,NA,NA,NA,NA,NA,NA,NA,NA,NA,"Y",NA,"N",NA,"ARFR4-SOS-CO932-314-JEFFERSON-12","#FEE08B",-105.3553333,39.40902778,"10 - 15 Deg. F. / 3 - 6","","10 - 15 Deg. F.","6-Mar","10 - 15 Deg. F. / 3 - 6","10 - 15 / semi-humid","CO.2","#66e566","semi-humid, cool","#FEE08B","E"
"ARFR-AZ930-422-NAVAJO-18","black",7,187,28,22,NA,1500,NA,5.4,1,NA,NA,15,1,NA,2,1,NA,2,1,NA,2,54.3,1,NA,2,1,NA,3,1,NA,3,1,3,1,NA,3,1,NA,NA,NA,NA,NA,NA,NA,NA,NA,"Y",NA,"N",NA,"ARFR4-SOS-AZ930-422-NAVAJO-18","#D53E4F",-110.431,36.56805,"15 - 20 Deg. F. / 6 - 12","Lats corrected 20230127","15 - 20 Deg. F.","12-Jun","15 - 20 Deg. F. / 6 - 12","15 - 20 / semi-arid","AZ.2","#ee5c42","semi-arid, warm","#D53E4F","B"
"ARFR-WY050-49-FREMONT-12","black",7,188,28,23,NA,1501,NA,5.4,1,NA,NA,6.8,1,NA,2,1,NA,2,1,NA,2,14.4,1,NA,2,1,NA,3,1,NA,3,1,3,1,NA,3,1,NA,NA,NA,NA,NA,NA,NA,NA,NA,"Y",NA,"N",NA,"ARFR4-SOS-WY050-49-FREMONT-12","#5E4FA2",-109.34775,43.42663611,"5 - 10 Deg. F. / 6 - 12","","5 - 10 Deg. F.","12-Jun","5 - 10 Deg. F. / 6 - 12","5 - 10 / semi-arid","WY.3","#ffb90f","semi-arid, cold","#5E4FA2","K"
"ARFR-CO932-294-11","black",7,189,28,24,NA,1502,NA,4.5,1,NA,NA,6.1,1,NA,2,1,NA,2,1,NA,2,13,1,NA,2,1,NA,2,1,NA,3,1,3,1,NA,3,1,NA,NA,NA,NA,NA,NA,NA,NA,NA,"Y",NA,"N",NA,"ARFR4-SOS-CO932-294-11","#ABDDA4",-105.2030833,39.78458333,"15 - 20 Deg. F. / 3 - 6","","15 - 20 Deg. F.","6-Mar","15 - 20 Deg. F. / 3 - 6","15 - 20 / semi-humid","CO.4","#698b69","semi-humid, warm","#ABDDA4","H"
"ARFR-CO932-294-11","black",7,190,28,25,302,1503,NA,5.7,1,NA,NA,9.4,1,NA,2,1,NA,2,1,NA,2,33.4,1,NA,2,1,NA,3,1,NA,3,1,3,1,NA,3,1,NA,NA,NA,NA,NA,NA,NA,NA,NA,"Y",NA,"N",NA,"ARFR4-SOS-CO932-294-11","#ABDDA4",-105.2030833,39.78458333,"15 - 20 Deg. F. / 3 - 6","","15 - 20 Deg. F.","6-Mar","15 - 20 Deg. F. / 3 - 6","15 - 20 / semi-humid","CO.4","#698b69","semi-humid, warm","#ABDDA4","H"
"ARFR-CO932-316-JEFFERSON-12","black",7,191,28,26,NA,1504,NA,4.6,1,NA,NA,NA,0,NA,NA,0,NA,NA,0,NA,NA,NA,0,NA,NA,0,NA,NA,0,NA,NA,0,NA,0,NA,NA,0,NA,NA,NA,NA,NA,NA,NA,NA,NA,"N",NA,"N",NA,"ARFR4-SOS-CO932-316-JEFFERSON-12","#FFFF85",-105.358,39.66325,"15 - 20 Deg. F. / 3 - 6","","15 - 20 Deg. F.","6-Mar","15 - 20 Deg. F. / 3 - 6","15 - 20 / semi-humid","CO.3","#698b69","semi-humid, warm","#FFFF85","F"
"ARFR-CO932-314-JEFFERSON-12","black",7,192,28,27,NA,1505,NA,6.1,1,NA,NA,9.8,1,NA,2,1,NA,2,1,NA,2,48.8,1,NA,2,1,NA,3,1,NA,3,1,3,1,NA,3,1,NA,NA,NA,NA,NA,NA,NA,NA,NA,"Y",NA,"N",NA,"ARFR4-SOS-CO932-314-JEFFERSON-12","#FEE08B",-105.3553333,39.40902778,"10 - 15 Deg. F. / 3 - 6","","10 - 15 Deg. F.","6-Mar","10 - 15 Deg. F. / 3 - 6","10 - 15 / semi-humid","CO.2","#66e566","semi-humid, cool","#FEE08B","E"
"ARFR-AZ930-423-NAVAJO-18","black",7,193,28,28,NA,1506,NA,6.5,1,NA,NA,NA,0,NA,NA,0,NA,NA,0,NA,NA,NA,0,NA,NA,0,NA,NA,0,NA,NA,0,NA,0,NA,NA,0,NA,NA,NA,NA,NA,NA,NA,NA,NA,"N",NA,"N",NA,"ARFR4-SOS-AZ930-423-NAVAJO-18","#9E0142",-110.431,36.45877,"15 - 20 Deg. F. / 6 - 12","SdZones downloaded 20230823","15 - 20 Deg. F.","12-Jun","15 - 20 Deg. F. / 6 - 12","15 - 20 / semi-arid","AZ.1","#ee5c42","semi-arid, warm","#9E0142","A"
"ARFR-WY050-151-FREMONT-16","black",7,194,28,29,NA,1507,NA,4.8,1,NA,NA,5,1,NA,2,1,NA,2,1,NA,2,11.1,1,NA,2,1,NA,2,1,NA,2,1,2,1,NA,2,1,NA,NA,NA,NA,NA,NA,NA,NA,NA,"Y",NA,"N",NA,"ARFR4-SOS-WY050-151-FREMONT-16","#3288BD",-108.1704472,42.47886111,"10 - 15 Deg. F. / 6 - 12","","10 - 15 Deg. F.","12-Jun","10 - 15 Deg. F. / 6 - 12","10 - 15 / semi-arid","WY.2","#cd8500","semi-arid, cool","#3288BD","J"
"ARFR-AZ930-423-NAVAJO-18","black",7,195,28,30,303,1508,NA,8.1,1,NA,NA,12.7,1,NA,2,1,NA,2,1,NA,2,57.7,1,NA,2,1,NA,3,1,NA,3,1,3,1,NA,3,1,NA,NA,NA,NA,NA,NA,NA,NA,NA,"Y",NA,"N",NA,"ARFR4-SOS-AZ930-423-NAVAJO-18","#9E0142",-110.431,36.45877,"15 - 20 Deg. F. / 6 - 12","SdZones downloaded 20230823","15 - 20 Deg. F.","12-Jun","15 - 20 Deg. F. / 6 - 12","15 - 20 / semi-arid","AZ.1","#ee5c42","semi-arid, warm","#9E0142","A"
"ARFR-CO932-314-JEFFERSON-12","black",7,196,28,31,NA,1509,NA,NA,0,"Y","314 Jefferson",7.6,1,NA,2,1,NA,2,1,NA,2,16.8,1,NA,2,1,NA,2,1,NA,2,1,3,1,NA,3,1,NA,NA,NA,NA,NA,NA,NA,NA,NA,"Y",NA,"N",NA,"ARFR4-SOS-CO932-314-JEFFERSON-12","#FEE08B",-105.3553333,39.40902778,"10 - 15 Deg. F. / 3 - 6","","10 - 15 Deg. F.","6-Mar","10 - 15 Deg. F. / 3 - 6","10 - 15 / semi-humid","CO.2","#66e566","semi-humid, cool","#FEE08B","E"
"ARFR-WY050-49-FREMONT-12","black",7,197,28,32,NA,1510,NA,6.2,1,NA,NA,8.9,1,NA,2,1,NA,2,1,NA,2,17.2,1,NA,2,1,NA,2,1,NA,2,1,3,1,NA,3,1,NA,NA,NA,NA,NA,NA,NA,NA,NA,"Y",NA,"N",NA,"ARFR4-SOS-WY050-49-FREMONT-12","#5E4FA2",-109.34775,43.42663611,"5 - 10 Deg. F. / 6 - 12","","5 - 10 Deg. F.","12-Jun","5 - 10 Deg. F. / 6 - 12","5 - 10 / semi-arid","WY.3","#ffb90f","semi-arid, cold","#5E4FA2","K"
"ARFR-UT080-109-UINTAH-12","black",7,198,28,33,NA,1511,NA,7.8,1,NA,NA,14.5,1,NA,2,1,NA,2,1,NA,2,34.1,1,NA,2,1,NA,3,1,NA,3,1,3,1,NA,3,1,NA,NA,NA,NA,NA,NA,NA,NA,NA,"Y",NA,"N",NA,"ARFR4-SOS-UT080-109-UINTAH-12","#aabe7f",-109.1426444,39.70802222,"10 - 15 Deg. F. / 3 - 6","","10 - 15 Deg. F.","6-Mar","10 - 15 Deg. F. / 3 - 6","10 - 15 / semi-humid","UT.1","#66e566","semi-humid, cool","#aabe7f","G"
"ARFR-NM930N-66-11","black",7,199,28,34,NA,1512,NA,7.6,1,NA,NA,15.8,1,NA,2,1,NA,2,1,NA,2,59.4,1,NA,2,1,NA,3,1,NA,3,1,3,1,NA,3,1,NA,NA,NA,NA,NA,NA,NA,NA,NA,"Y",NA,"N",NA,"ARFR4-SOS-NM930N-66-11","#F46D43",-107.2045028,36.76818611,"10 - 15 Deg. F. / 3 - 6","","10 - 15 Deg. F.","6-Mar","10 - 15 Deg. F. / 3 - 6","10 - 15 / semi-humid","NM.1","#66e566","semi-humid, cool","#F46D43","C"
"ARFR-CO932-316-JEFFERSON-12","black",7,200,28,35,304,1513,NA,3.6,1,NA,NA,7.3,1,NA,2,1,NA,2,1,NA,2,17.4,1,NA,2,1,NA,2,1,NA,3,1,3,1,NA,3,1,NA,NA,NA,NA,NA,NA,NA,NA,NA,"Y",NA,"N",NA,"ARFR4-SOS-CO932-316-JEFFERSON-12","#FFFF85",-105.358,39.66325,"15 - 20 Deg. F. / 3 - 6","","15 - 20 Deg. F.","6-Mar","15 - 20 Deg. F. / 3 - 6","15 - 20 / semi-humid","CO.3","#698b69","semi-humid, warm","#FFFF85","F"
"ARFR-WY050-151-FREMONT-16","black",7,201,28,36,NA,1514,NA,4.6,1,NA,NA,6.1,1,NA,2,1,NA,2,1,NA,2,15.8,1,NA,2,1,NA,3,1,NA,3,1,3,1,NA,3,1,NA,NA,NA,NA,NA,NA,NA,NA,NA,"Y",NA,"N",NA,"ARFR4-SOS-WY050-151-FREMONT-16","#3288BD",-108.1704472,42.47886111,"10 - 15 Deg. F. / 6 - 12","","10 - 15 Deg. F.","12-Jun","10 - 15 Deg. F. / 6 - 12","10 - 15 / semi-arid","WY.2","#cd8500","semi-arid, cool","#3288BD","J"
"ARFR-CO932-314-JEFFERSON-12","black",7,202,28,37,NA,1515,NA,4.9,1,NA,NA,6.5,1,NA,2,1,NA,2,1,NA,2,11.6,1,NA,2,1,NA,2,1,NA,2,1,2,1,NA,2,1,NA,NA,NA,NA,NA,NA,NA,NA,NA,"Y",NA,"Y",NA,"ARFR4-SOS-CO932-314-JEFFERSON-12","#FEE08B",-105.3553333,39.40902778,"10 - 15 Deg. F. / 3 - 6","","10 - 15 Deg. F.","6-Mar","10 - 15 Deg. F. / 3 - 6","10 - 15 / semi-humid","CO.2","#66e566","semi-humid, cool","#FEE08B","E"
"ARFR-CO932-314-JEFFERSON-12","black",7,203,28,38,NA,1516,NA,5.4,1,NA,NA,9.6,1,NA,2,1,NA,2,1,NA,2,29.7,1,NA,2,1,NA,3,1,NA,3,1,3,1,NA,3,1,NA,NA,NA,NA,NA,NA,NA,NA,NA,"Y",NA,"N",NA,"ARFR4-SOS-CO932-314-JEFFERSON-12","#FEE08B",-105.3553333,39.40902778,"10 - 15 Deg. F. / 3 - 6","","10 - 15 Deg. F.","6-Mar","10 - 15 Deg. F. / 3 - 6","10 - 15 / semi-humid","CO.2","#66e566","semi-humid, cool","#FEE08B","E"
"ARFR-NM930N-66-11","black",7,204,28,39,NA,1517,NA,7,1,NA,NA,13.9,1,NA,2,1,NA,2,1,NA,2,58.5,1,NA,2,1,NA,3,1,NA,3,1,3,1,NA,3,1,NA,NA,NA,NA,NA,NA,NA,NA,NA,"Y",NA,"N",NA,"ARFR4-SOS-NM930N-66-11","#F46D43",-107.2045028,36.76818611,"10 - 15 Deg. F. / 3 - 6","","10 - 15 Deg. F.","6-Mar","10 - 15 Deg. F. / 3 - 6","10 - 15 / semi-humid","NM.1","#66e566","semi-humid, cool","#F46D43","C"
"ARFR-WY050-151-FREMONT-16","black",7,205,28,40,305,1518,NA,5.5,1,NA,NA,8.3,1,NA,2,1,NA,2,1,NA,2,19.1,1,NA,2,1,NA,3,1,NA,3,1,3,1,NA,3,1,NA,NA,NA,NA,NA,NA,NA,NA,NA,"Y",NA,"N",NA,"ARFR4-SOS-WY050-151-FREMONT-16","#3288BD",-108.1704472,42.47886111,"10 - 15 Deg. F. / 6 - 12","","10 - 15 Deg. F.","12-Jun","10 - 15 Deg. F. / 6 - 12","10 - 15 / semi-arid","WY.2","#cd8500","semi-arid, cool","#3288BD","J"
"ARFR-WY050-49-FREMONT-12","black",7,206,28,41,NA,1519,NA,3.7,1,NA,NA,3.4,1,NA,NA,0,NA,NA,0,NA,NA,NA,0,NA,NA,0,NA,NA,0,NA,NA,0,NA,0,NA,NA,0,NA,NA,NA,NA,NA,NA,NA,NA,NA,"N",NA,"N",NA,"ARFR4-SOS-WY050-49-FREMONT-12","#5E4FA2",-109.34775,43.42663611,"5 - 10 Deg. F. / 6 - 12","","5 - 10 Deg. F.","12-Jun","5 - 10 Deg. F. / 6 - 12","5 - 10 / semi-arid","WY.3","#ffb90f","semi-arid, cold","#5E4FA2","K"
"ARFR-CO932-294-11","black",7,207,28,42,NA,1520,NA,5.5,1,NA,NA,7.6,1,NA,2,1,NA,2,1,NA,2,17.1,1,NA,2,1,NA,3,1,NA,3,1,3,1,NA,3,1,NA,NA,NA,NA,NA,NA,NA,NA,NA,"Y",NA,"N",NA,"ARFR4-SOS-CO932-294-11","#ABDDA4",-105.2030833,39.78458333,"15 - 20 Deg. F. / 3 - 6","","15 - 20 Deg. F.","6-Mar","15 - 20 Deg. F. / 3 - 6","15 - 20 / semi-humid","CO.4","#698b69","semi-humid, warm","#ABDDA4","H"
"ARFR-CO932-314-JEFFERSON-12","black",7,208,28,43,NA,1521,NA,7.5,1,NA,NA,13.3,1,NA,2,1,"buds?",2,1,NA,2,44.4,1,NA,2,1,NA,3,1,NA,3,1,3,1,NA,3,1,NA,NA,NA,NA,NA,NA,NA,NA,NA,"Y",NA,"N",NA,"ARFR4-SOS-CO932-314-JEFFERSON-12","#FEE08B",-105.3553333,39.40902778,"10 - 15 Deg. F. / 3 - 6","","10 - 15 Deg. F.","6-Mar","10 - 15 Deg. F. / 3 - 6","10 - 15 / semi-humid","CO.2","#66e566","semi-humid, cool","#FEE08B","E"
"ARFR-WY050-49-FREMONT-12","black",7,209,28,44,NA,1522,NA,7,1,NA,NA,8.9,1,NA,2,1,NA,2,1,NA,2,18,1,NA,2,1,NA,2,1,NA,2,1,2,1,NA,2,1,NA,NA,NA,NA,NA,NA,NA,NA,NA,"Y",NA,"N",NA,"ARFR4-SOS-WY050-49-FREMONT-12","#5E4FA2",-109.34775,43.42663611,"5 - 10 Deg. F. / 6 - 12","","5 - 10 Deg. F.","12-Jun","5 - 10 Deg. F. / 6 - 12","5 - 10 / semi-arid","WY.3","#ffb90f","semi-arid, cold","#5E4FA2","K"
"ARFR-AZ930-423-NAVAJO-18","black",7,210,28,45,306,1523,NA,7.6,1,NA,NA,NA,0,"dying? 5/31",NA,0,NA,NA,0,NA,NA,NA,0,NA,NA,0,NA,NA,0,NA,NA,0,NA,0,NA,NA,0,NA,NA,NA,NA,NA,NA,NA,NA,NA,"N",NA,"N",NA,"ARFR4-SOS-AZ930-423-NAVAJO-18","#9E0142",-110.431,36.45877,"15 - 20 Deg. F. / 6 - 12","SdZones downloaded 20230823","15 - 20 Deg. F.","12-Jun","15 - 20 Deg. F. / 6 - 12","15 - 20 / semi-arid","AZ.1","#ee5c42","semi-arid, warm","#9E0142","A"
"ARFR-WY050-151-FREMONT-16","black",7,211,28,46,NA,1524,"5/9/2022",NA,0,"Y","Fremont 16",4.8,1,"no plant 5/27",2,1,NA,2,1,NA,2,10.5,1,NA,2,1,NA,3,1,NA,3,1,3,1,NA,3,1,NA,NA,NA,NA,NA,NA,NA,NA,NA,"Y",NA,"N",NA,"ARFR4-SOS-WY050-151-FREMONT-16","#3288BD",-108.1704472,42.47886111,"10 - 15 Deg. F. / 6 - 12","","10 - 15 Deg. F.","12-Jun","10 - 15 Deg. F. / 6 - 12","10 - 15 / semi-arid","WY.2","#cd8500","semi-arid, cool","#3288BD","J"
"ARFR-NM930N-66-11","black",7,212,28,47,NA,1525,NA,7.4,1,NA,NA,20.6,1,NA,2,1,NA,2,1,NA,2,63.2,1,NA,2,1,NA,3,1,NA,3,1,3,1,NA,3,1,NA,NA,NA,NA,NA,NA,NA,NA,NA,"Y",NA,"N",NA,"ARFR4-SOS-NM930N-66-11","#F46D43",-107.2045028,36.76818611,"10 - 15 Deg. F. / 3 - 6","","10 - 15 Deg. F.","6-Mar","10 - 15 Deg. F. / 3 - 6","10 - 15 / semi-humid","NM.1","#66e566","semi-humid, cool","#F46D43","C"
"ARFR-CO932-314-JEFFERSON-12","black",7,213,28,48,NA,1526,NA,5.3,1,NA,NA,8,1,NA,2,1,NA,2,1,NA,2,19.9,1,NA,2,1,NA,3,1,NA,3,1,3,1,NA,3,1,NA,NA,NA,NA,NA,NA,NA,NA,NA,"Y",NA,"N",NA,"ARFR4-SOS-CO932-314-JEFFERSON-12","#FEE08B",-105.3553333,39.40902778,"10 - 15 Deg. F. / 3 - 6","","10 - 15 Deg. F.","6-Mar","10 - 15 Deg. F. / 3 - 6","10 - 15 / semi-humid","CO.2","#66e566","semi-humid, cool","#FEE08B","E"
"ARFR-NM930N-66-11","black",7,214,28,49,NA,1527,NA,7,1,NA,NA,14.9,1,NA,2,1,NA,2,1,NA,2,48.2,1,NA,2,1,NA,3,1,NA,3,1,3,1,NA,3,1,NA,NA,NA,NA,NA,NA,NA,NA,NA,"Y",NA,"N",NA,"ARFR4-SOS-NM930N-66-11","#F46D43",-107.2045028,36.76818611,"10 - 15 Deg. F. / 3 - 6","","10 - 15 Deg. F.","6-Mar","10 - 15 Deg. F. / 3 - 6","10 - 15 / semi-humid","NM.1","#66e566","semi-humid, cool","#F46D43","C"
"ARFR-WY930-44-LASANIMAS-13","black",7,215,28,50,307,1528,NA,5,1,NA,NA,7.1,1,NA,2,1,NA,2,1,NA,2,17.1,1,NA,2,1,NA,3,1,NA,3,1,3,1,NA,3,1,NA,NA,NA,NA,NA,NA,NA,NA,NA,"Y",NA,"N",NA,"ARFR4-SOS-WY930-44-LASANIMAS-13","#FDAE61",-104.6423889,37.16547222,"15 - 20 Deg. F. / 3 - 6","","15 - 20 Deg. F.","6-Mar","15 - 20 Deg. F. / 3 - 6","15 - 20 / semi-humid","CO.1","#698b69","semi-humid, warm","#FDAE61","D"
"ARFR-AZ930-422-NAVAJO-18","black",7,216,28,51,NA,1529,NA,5.4,1,NA,NA,11.2,1,NA,2,1,NA,2,1,NA,2,41.7,1,NA,2,1,NA,3,1,NA,3,1,3,1,NA,3,1,NA,NA,NA,NA,NA,NA,NA,NA,NA,"Y",NA,"N",NA,"ARFR4-SOS-AZ930-422-NAVAJO-18","#D53E4F",-110.431,36.56805,"15 - 20 Deg. F. / 6 - 12","Lats corrected 20230127","15 - 20 Deg. F.","12-Jun","15 - 20 Deg. F. / 6 - 12","15 - 20 / semi-arid","AZ.2","#ee5c42","semi-arid, warm","#D53E4F","B"
"ARFR-AZ930-422-NAVAJO-18","black",7,217,28,52,NA,1530,NA,6.9,1,NA,NA,11.3,1,NA,2,1,NA,2,1,NA,2,39.4,1,NA,2,1,NA,3,1,NA,3,1,3,1,NA,3,1,NA,NA,NA,NA,NA,NA,NA,NA,NA,"Y",NA,"N",NA,"ARFR4-SOS-AZ930-422-NAVAJO-18","#D53E4F",-110.431,36.56805,"15 - 20 Deg. F. / 6 - 12","Lats corrected 20230127","15 - 20 Deg. F.","12-Jun","15 - 20 Deg. F. / 6 - 12","15 - 20 / semi-arid","AZ.2","#ee5c42","semi-arid, warm","#D53E4F","B"
"ARFR-CO932-294-11","black",7,218,28,53,NA,1531,NA,4,1,NA,NA,8.6,1,NA,2,1,NA,2,1,NA,2,35.2,1,NA,2,1,NA,2,1,NA,3,1,3,1,NA,3,1,NA,NA,NA,NA,NA,NA,NA,NA,NA,"Y",NA,"N",NA,"ARFR4-SOS-CO932-294-11","#ABDDA4",-105.2030833,39.78458333,"15 - 20 Deg. F. / 3 - 6","","15 - 20 Deg. F.","6-Mar","15 - 20 Deg. F. / 3 - 6","15 - 20 / semi-humid","CO.4","#698b69","semi-humid, warm","#ABDDA4","H"
"ARFR-CO932-294-11","white",8,1,29,1,309,1532,NA,5.5,1,NA,NA,10.7,1,NA,2,1,NA,2,1,NA,2,21.9,1,NA,2,1,NA,3,1,NA,3,1,3,1,NA,3,1,NA,NA,NA,NA,NA,NA,NA,NA,NA,"Y",NA,"N",NA,"ARFR4-SOS-CO932-294-11","#ABDDA4",-105.2030833,39.78458333,"15 - 20 Deg. F. / 3 - 6","","15 - 20 Deg. F.","6-Mar","15 - 20 Deg. F. / 3 - 6","15 - 20 / semi-humid","CO.4","#698b69","semi-humid, warm","#ABDDA4","H"
"ARFR-WY930-44-LASANIMAS-13","white",8,2,29,2,NA,1533,NA,4,1,NA,NA,8.2,1,NA,2,1,NA,2,1,NA,2,25.1,1,NA,2,1,NA,3,1,NA,3,1,3,1,NA,3,1,NA,NA,NA,NA,NA,NA,NA,NA,NA,"Y",NA,"N",NA,"ARFR4-SOS-WY930-44-LASANIMAS-13","#FDAE61",-104.6423889,37.16547222,"15 - 20 Deg. F. / 3 - 6","","15 - 20 Deg. F.","6-Mar","15 - 20 Deg. F. / 3 - 6","15 - 20 / semi-humid","CO.1","#698b69","semi-humid, warm","#FDAE61","D"
"ARFR-CO932-314-JEFFERSON-12","white",8,3,29,3,NA,1534,NA,4.9,1,NA,NA,16.5,1,NA,2,1,NA,2,1,NA,2,50,1,NA,3,1,NA,3,1,NA,3,1,3,1,NA,3,1,NA,NA,NA,NA,NA,NA,NA,NA,NA,"Y",NA,"N",NA,"ARFR4-SOS-CO932-314-JEFFERSON-12","#FEE08B",-105.3553333,39.40902778,"10 - 15 Deg. F. / 3 - 6","","10 - 15 Deg. F.","6-Mar","10 - 15 Deg. F. / 3 - 6","10 - 15 / semi-humid","CO.2","#66e566","semi-humid, cool","#FEE08B","E"
"ARFR-WY050-151-FREMONT-16","white",8,4,29,4,NA,1535,NA,6,1,NA,NA,9.6,1,NA,2,1,NA,2,1,NA,2,22.2,1,NA,2,1,NA,2,1,NA,3,1,3,1,NA,3,1,NA,NA,NA,NA,NA,NA,NA,NA,NA,"Y",NA,"N",NA,"ARFR4-SOS-WY050-151-FREMONT-16","#3288BD",-108.1704472,42.47886111,"10 - 15 Deg. F. / 6 - 12","","10 - 15 Deg. F.","12-Jun","10 - 15 Deg. F. / 6 - 12","10 - 15 / semi-arid","WY.2","#cd8500","semi-arid, cool","#3288BD","J"
"ARFR-UT080-109-UINTAH-12","white",8,5,29,5,310,1536,NA,6.5,1,NA,NA,14.3,1,NA,2,1,NA,2,1,NA,2,47.4,1,NA,2,1,NA,3,1,NA,3,1,3,1,NA,3,1,NA,NA,NA,NA,NA,NA,NA,NA,NA,"Y",NA,"N",NA,"ARFR4-SOS-UT080-109-UINTAH-12","#aabe7f",-109.1426444,39.70802222,"10 - 15 Deg. F. / 3 - 6","","10 - 15 Deg. F.","6-Mar","10 - 15 Deg. F. / 3 - 6","10 - 15 / semi-humid","UT.1","#66e566","semi-humid, cool","#aabe7f","G"
"ARFR-CO932-314-JEFFERSON-12","white",8,6,29,6,NA,1537,NA,3.7,1,NA,NA,6.7,1,"Roots damaged from being dropped?",2,1,NA,2,1,NA,2,21.3,1,NA,2,1,NA,3,1,NA,3,1,3,1,NA,3,1,NA,NA,NA,NA,NA,NA,NA,NA,NA,"Y",NA,"Y",NA,"ARFR4-SOS-CO932-314-JEFFERSON-12","#FEE08B",-105.3553333,39.40902778,"10 - 15 Deg. F. / 3 - 6","","10 - 15 Deg. F.","6-Mar","10 - 15 Deg. F. / 3 - 6","10 - 15 / semi-humid","CO.2","#66e566","semi-humid, cool","#FEE08B","E"
"ARFR-NM930N-66-11","white",8,7,29,7,NA,1538,NA,9.1,1,NA,NA,15.3,1,NA,2,1,NA,2,1,NA,2,45.7,1,NA,2,1,NA,3,1,NA,3,1,3,1,NA,3,1,NA,NA,NA,NA,NA,NA,NA,NA,NA,"Y",NA,"N",NA,"ARFR4-SOS-NM930N-66-11","#F46D43",-107.2045028,36.76818611,"10 - 15 Deg. F. / 3 - 6","","10 - 15 Deg. F.","6-Mar","10 - 15 Deg. F. / 3 - 6","10 - 15 / semi-humid","NM.1","#66e566","semi-humid, cool","#F46D43","C"
"ARFR-WY050-49-FREMONT-12","white",8,8,29,8,NA,1539,NA,5.9,1,NA,NA,8.8,1,NA,2,1,NA,2,1,NA,2,14.2,1,NA,2,1,NA,2,1,NA,2,1,2,1,NA,2,1,NA,NA,NA,NA,NA,NA,NA,NA,NA,"Y",NA,"N",NA,"ARFR4-SOS-WY050-49-FREMONT-12","#5E4FA2",-109.34775,43.42663611,"5 - 10 Deg. F. / 6 - 12","","5 - 10 Deg. F.","12-Jun","5 - 10 Deg. F. / 6 - 12","5 - 10 / semi-arid","WY.3","#ffb90f","semi-arid, cold","#5E4FA2","K"
"ARFR-CO932-294-11","white",8,9,29,9,NA,1540,NA,3.8,1,NA,NA,NA,0,"dying? 5/31; dead 6/24",NA,0,NA,NA,0,NA,NA,NA,0,NA,NA,0,NA,NA,0,NA,NA,0,NA,0,NA,NA,0,NA,NA,NA,NA,NA,NA,NA,NA,NA,"N",NA,"N",NA,"ARFR4-SOS-CO932-294-11","#ABDDA4",-105.2030833,39.78458333,"15 - 20 Deg. F. / 3 - 6","","15 - 20 Deg. F.","6-Mar","15 - 20 Deg. F. / 3 - 6","15 - 20 / semi-humid","CO.4","#698b69","semi-humid, warm","#ABDDA4","H"
"ARFR-WY930-44-LASANIMAS-13","white",8,10,29,10,311,1541,NA,4,1,NA,NA,10,1,NA,2,1,NA,2,1,NA,2,30.2,1,NA,2,1,NA,3,1,NA,3,1,3,1,NA,3,1,NA,NA,NA,NA,NA,NA,NA,NA,NA,"Y",NA,"N",NA,"ARFR4-SOS-WY930-44-LASANIMAS-13","#FDAE61",-104.6423889,37.16547222,"15 - 20 Deg. F. / 3 - 6","","15 - 20 Deg. F.","6-Mar","15 - 20 Deg. F. / 3 - 6","15 - 20 / semi-humid","CO.1","#698b69","semi-humid, warm","#FDAE61","D"
"ARFR-AZ930-423-NAVAJO-18","white",8,11,29,11,NA,1542,NA,5,1,NA,NA,8.9,1,NA,2,1,NA,2,1,NA,2,34.6,1,NA,2,1,NA,3,1,NA,3,1,3,1,NA,3,1,NA,NA,NA,NA,NA,NA,NA,NA,NA,"Y",NA,"N",NA,"ARFR4-SOS-AZ930-423-NAVAJO-18","#9E0142",-110.431,36.45877,"15 - 20 Deg. F. / 6 - 12","SdZones downloaded 20230823","15 - 20 Deg. F.","12-Jun","15 - 20 Deg. F. / 6 - 12","15 - 20 / semi-arid","AZ.1","#ee5c42","semi-arid, warm","#9E0142","A"
"ARFR-WY050-151-FREMONT-16","white",8,12,29,12,NA,1543,"5/10/2022",NA,0,"Y","Fremont 16",4.2,1,"no plant 5/27",2,1,NA,2,1,NA,2,7.6,1,NA,2,1,NA,2,1,NA,2,1,2,1,NA,2,1,NA,NA,NA,NA,NA,NA,NA,NA,NA,"N",NA,"N",NA,"ARFR4-SOS-WY050-151-FREMONT-16","#3288BD",-108.1704472,42.47886111,"10 - 15 Deg. F. / 6 - 12","","10 - 15 Deg. F.","12-Jun","10 - 15 Deg. F. / 6 - 12","10 - 15 / semi-arid","WY.2","#cd8500","semi-arid, cool","#3288BD","J"
"ARFR-WY050-151-FREMONT-16","white",8,13,29,13,NA,1544,NA,3.5,1,NA,NA,4.7,1,NA,2,1,NA,2,1,NA,2,10.5,1,NA,2,1,NA,2,1,NA,2,1,2,1,NA,2,1,NA,NA,NA,NA,NA,NA,NA,NA,NA,"Y",NA,"N",NA,"ARFR4-SOS-WY050-151-FREMONT-16","#3288BD",-108.1704472,42.47886111,"10 - 15 Deg. F. / 6 - 12","","10 - 15 Deg. F.","12-Jun","10 - 15 Deg. F. / 6 - 12","10 - 15 / semi-arid","WY.2","#cd8500","semi-arid, cool","#3288BD","J"
"ARFR-CO932-314-JEFFERSON-12","white",8,14,29,14,NA,1545,NA,NA,0,"Y","314 Jefferson",4.8,1,NA,2,1,NA,2,1,NA,2,14.3,1,NA,2,1,NA,3,1,NA,3,1,3,1,NA,3,1,NA,NA,NA,NA,NA,NA,NA,NA,NA,"Y",NA,"N",NA,"ARFR4-SOS-CO932-314-JEFFERSON-12","#FEE08B",-105.3553333,39.40902778,"10 - 15 Deg. F. / 3 - 6","","10 - 15 Deg. F.","6-Mar","10 - 15 Deg. F. / 3 - 6","10 - 15 / semi-humid","CO.2","#66e566","semi-humid, cool","#FEE08B","E"
"ARFR-CO932-294-11","white",8,15,29,15,312,1546,NA,5.6,1,NA,NA,8.2,1,NA,2,1,NA,2,1,NA,2,22.4,1,NA,2,1,NA,3,1,NA,3,1,3,1,NA,3,1,NA,NA,NA,NA,NA,NA,NA,NA,NA,"Y",NA,"N",NA,"ARFR4-SOS-CO932-294-11","#ABDDA4",-105.2030833,39.78458333,"15 - 20 Deg. F. / 3 - 6","","15 - 20 Deg. F.","6-Mar","15 - 20 Deg. F. / 3 - 6","15 - 20 / semi-humid","CO.4","#698b69","semi-humid, warm","#ABDDA4","H"
"ARFR-UT080-109-UINTAH-12","white",8,16,29,16,NA,1547,NA,7.9,1,NA,NA,17,1,NA,2,1,"buds?",2,1,NA,2,56.6,1,NA,2,1,NA,3,1,NA,3,1,3,1,NA,3,1,NA,NA,"Yes",NA,121.63,"L",89.652,39.43,32.47,"Y",NA,"N",NA,"ARFR4-SOS-UT080-109-UINTAH-12","#aabe7f",-109.1426444,39.70802222,"10 - 15 Deg. F. / 3 - 6","","10 - 15 Deg. F.","6-Mar","10 - 15 Deg. F. / 3 - 6","10 - 15 / semi-humid","UT.1","#66e566","semi-humid, cool","#aabe7f","G"
"ARFR-CO932-316-JEFFERSON-12","white",8,17,29,17,NA,1548,NA,4.5,1,NA,NA,9.3,1,NA,2,1,NA,2,1,NA,2,28,1,NA,2,1,NA,3,1,NA,3,1,3,1,NA,3,1,NA,NA,NA,NA,NA,NA,NA,NA,NA,"Y",NA,"N",NA,"ARFR4-SOS-CO932-316-JEFFERSON-12","#FFFF85",-105.358,39.66325,"15 - 20 Deg. F. / 3 - 6","","15 - 20 Deg. F.","6-Mar","15 - 20 Deg. F. / 3 - 6","15 - 20 / semi-humid","CO.3","#698b69","semi-humid, warm","#FFFF85","F"
"ARFR-CO932-316-JEFFERSON-12","white",8,18,29,18,NA,1549,NA,3.8,1,NA,NA,6.4,1,NA,2,1,NA,2,1,NA,2,20.6,1,NA,2,1,NA,2,1,NA,3,1,3,1,NA,3,1,NA,NA,NA,NA,NA,NA,NA,NA,NA,"Y",NA,"N",NA,"ARFR4-SOS-CO932-316-JEFFERSON-12","#FFFF85",-105.358,39.66325,"15 - 20 Deg. F. / 3 - 6","","15 - 20 Deg. F.","6-Mar","15 - 20 Deg. F. / 3 - 6","15 - 20 / semi-humid","CO.3","#698b69","semi-humid, warm","#FFFF85","F"
"ARFR-NM930N-66-11","white",8,19,29,19,NA,1550,NA,8.5,1,NA,NA,17,1,NA,2,1,"buds?",2,1,NA,2,51.9,1,NA,2,1,NA,3,1,NA,3,1,3,1,NA,3,1,NA,NA,NA,NA,NA,NA,NA,NA,NA,"Y",NA,"N",NA,"ARFR4-SOS-NM930N-66-11","#F46D43",-107.2045028,36.76818611,"10 - 15 Deg. F. / 3 - 6","","10 - 15 Deg. F.","6-Mar","10 - 15 Deg. F. / 3 - 6","10 - 15 / semi-humid","NM.1","#66e566","semi-humid, cool","#F46D43","C"
"ARFR-CO932-294-11","white",8,20,29,20,313,1551,NA,6.3,1,NA,NA,9.2,1,NA,2,1,NA,2,1,NA,2,25.3,1,NA,2,1,NA,2,1,NA,3,1,3,1,NA,3,1,NA,NA,NA,NA,NA,NA,NA,NA,NA,"Y",NA,"N",NA,"ARFR4-SOS-CO932-294-11","#ABDDA4",-105.2030833,39.78458333,"15 - 20 Deg. F. / 3 - 6","","15 - 20 Deg. F.","6-Mar","15 - 20 Deg. F. / 3 - 6","15 - 20 / semi-humid","CO.4","#698b69","semi-humid, warm","#ABDDA4","H"
"ARFR-AZ930-422-NAVAJO-18","white",8,21,29,21,NA,1552,NA,4.9,1,NA,NA,11.1,1,NA,2,1,NA,2,1,NA,2,47,1,NA,2,1,NA,3,1,NA,3,1,3,1,NA,3,1,NA,NA,NA,NA,NA,NA,NA,NA,NA,"Y",NA,"N",NA,"ARFR4-SOS-AZ930-422-NAVAJO-18","#D53E4F",-110.431,36.56805,"15 - 20 Deg. F. / 6 - 12","Lats corrected 20230127","15 - 20 Deg. F.","12-Jun","15 - 20 Deg. F. / 6 - 12","15 - 20 / semi-arid","AZ.2","#ee5c42","semi-arid, warm","#D53E4F","B"
"ARFR-WY040-71-10","white",8,22,29,22,NA,1553,NA,3.8,1,NA,NA,5.2,1,NA,2,1,NA,2,1,NA,2,10.2,1,NA,2,1,NA,2,1,NA,2,1,2,1,NA,2,1,NA,NA,NA,NA,NA,NA,NA,NA,NA,"Y",NA,"N",NA,"ARFR4-SOS-WY040-71-10","#66C2A5",-109.2433156,41.13271889,"5 - 10 Deg. F. / 3 - 6","","5 - 10 Deg. F.","6-Mar","5 - 10 Deg. F. / 3 - 6","5 - 10 / semi-humid","WY.1","#a5c2f1","semi-humid, cold","#66C2A5","I"
"ARFR-AZ930-422-NAVAJO-18","white",8,23,29,23,NA,1554,NA,3.3,1,NA,NA,11.9,1,NA,2,1,NA,2,1,NA,2,51.6,1,NA,2,1,NA,3,1,NA,3,1,3,1,NA,3,1,NA,NA,NA,NA,NA,NA,NA,NA,NA,"Y",NA,"N",NA,"ARFR4-SOS-AZ930-422-NAVAJO-18","#D53E4F",-110.431,36.56805,"15 - 20 Deg. F. / 6 - 12","Lats corrected 20230127","15 - 20 Deg. F.","12-Jun","15 - 20 Deg. F. / 6 - 12","15 - 20 / semi-arid","AZ.2","#ee5c42","semi-arid, warm","#D53E4F","B"
"ARFR-CO932-294-11","white",8,24,29,24,NA,1555,NA,4,1,NA,NA,3.4,1,NA,2,1,NA,2,1,NA,2,9.1,1,NA,2,1,NA,2,1,NA,2,1,3,1,NA,3,1,"Initially marked as 2 but was 3 last time. Check to resolve. ",NA,NA,NA,NA,NA,NA,NA,NA,"N",NA,"N",NA,"ARFR4-SOS-CO932-294-11","#ABDDA4",-105.2030833,39.78458333,"15 - 20 Deg. F. / 3 - 6","","15 - 20 Deg. F.","6-Mar","15 - 20 Deg. F. / 3 - 6","15 - 20 / semi-humid","CO.4","#698b69","semi-humid, warm","#ABDDA4","H"
"ARFR-AZ930-423-NAVAJO-18","white",8,25,29,25,314,1556,NA,5.6,1,NA,NA,12.5,1,NA,2,1,NA,2,1,NA,2,40.9,1,NA,2,1,NA,3,1,NA,3,1,3,1,NA,3,1,NA,NA,NA,NA,NA,NA,NA,NA,NA,"Y",NA,"N",NA,"ARFR4-SOS-AZ930-423-NAVAJO-18","#9E0142",-110.431,36.45877,"15 - 20 Deg. F. / 6 - 12","SdZones downloaded 20230823","15 - 20 Deg. F.","12-Jun","15 - 20 Deg. F. / 6 - 12","15 - 20 / semi-arid","AZ.1","#ee5c42","semi-arid, warm","#9E0142","A"
"ARFR-WY930-44-LASANIMAS-13","white",8,26,29,26,NA,1557,NA,4.9,1,NA,NA,9.7,1,NA,2,1,NA,2,1,NA,2,37.1,1,NA,2,1,NA,3,1,NA,3,1,3,1,NA,3,1,NA,NA,NA,NA,NA,NA,NA,NA,NA,"Y",NA,"N",NA,"ARFR4-SOS-WY930-44-LASANIMAS-13","#FDAE61",-104.6423889,37.16547222,"15 - 20 Deg. F. / 3 - 6","","15 - 20 Deg. F.","6-Mar","15 - 20 Deg. F. / 3 - 6","15 - 20 / semi-humid","CO.1","#698b69","semi-humid, warm","#FDAE61","D"
"ARFR-WY050-151-FREMONT-16","white",8,27,29,27,NA,1558,NA,4,1,NA,NA,6,1,NA,2,1,NA,2,1,NA,2,6.9,1,NA,2,1,NA,2,1,NA,3,1,3,1,NA,3,1,NA,NA,NA,NA,NA,NA,NA,NA,NA,"Y",NA,"N",NA,"ARFR4-SOS-WY050-151-FREMONT-16","#3288BD",-108.1704472,42.47886111,"10 - 15 Deg. F. / 6 - 12","","10 - 15 Deg. F.","12-Jun","10 - 15 Deg. F. / 6 - 12","10 - 15 / semi-arid","WY.2","#cd8500","semi-arid, cool","#3288BD","J"
"ARFR-CO932-316-JEFFERSON-12","white",8,28,29,28,NA,1559,NA,6,1,NA,NA,9.1,1,NA,2,1,NA,2,1,NA,2,24,1,NA,2,1,NA,2,1,NA,3,1,3,1,NA,3,1,NA,NA,NA,NA,NA,NA,NA,NA,NA,"Y",NA,"N",NA,"ARFR4-SOS-CO932-316-JEFFERSON-12","#FFFF85",-105.358,39.66325,"15 - 20 Deg. F. / 3 - 6","","15 - 20 Deg. F.","6-Mar","15 - 20 Deg. F. / 3 - 6","15 - 20 / semi-humid","CO.3","#698b69","semi-humid, warm","#FFFF85","F"
"ARFR-WY050-49-FREMONT-12","white",8,29,29,29,NA,1560,NA,4.7,1,NA,NA,5,1,NA,2,1,NA,2,1,NA,2,12.6,1,NA,2,1,NA,2,1,NA,2,1,2,1,NA,2,1,NA,NA,NA,NA,NA,NA,NA,NA,NA,"Y",NA,"N",NA,"ARFR4-SOS-WY050-49-FREMONT-12","#5E4FA2",-109.34775,43.42663611,"5 - 10 Deg. F. / 6 - 12","","5 - 10 Deg. F.","12-Jun","5 - 10 Deg. F. / 6 - 12","5 - 10 / semi-arid","WY.3","#ffb90f","semi-arid, cold","#5E4FA2","K"
"ARFR-WY050-151-FREMONT-16","white",8,30,29,30,315,1561,NA,4.2,1,NA,NA,7.7,1,NA,2,1,NA,2,1,NA,2,11.9,1,NA,2,1,NA,3,1,NA,3,1,3,1,NA,3,1,NA,NA,NA,NA,NA,NA,NA,NA,NA,"Y",NA,"N",NA,"ARFR4-SOS-WY050-151-FREMONT-16","#3288BD",-108.1704472,42.47886111,"10 - 15 Deg. F. / 6 - 12","","10 - 15 Deg. F.","12-Jun","10 - 15 Deg. F. / 6 - 12","10 - 15 / semi-arid","WY.2","#cd8500","semi-arid, cool","#3288BD","J"
"ARFR-CO932-314-JEFFERSON-12","white",8,31,29,31,NA,1562,NA,5.6,1,NA,NA,8.5,1,NA,2,1,NA,2,1,NA,2,38.8,1,NA,3,1,NA,3,1,NA,3,1,3,1,NA,3,1,NA,NA,NA,NA,NA,NA,NA,NA,NA,"Y",NA,"N",NA,"ARFR4-SOS-CO932-314-JEFFERSON-12","#FEE08B",-105.3553333,39.40902778,"10 - 15 Deg. F. / 3 - 6","","10 - 15 Deg. F.","6-Mar","10 - 15 Deg. F. / 3 - 6","10 - 15 / semi-humid","CO.2","#66e566","semi-humid, cool","#FEE08B","E"
"ARFR-AZ930-423-NAVAJO-18","white",8,32,29,32,NA,1563,NA,4,1,NA,NA,11.9,1,NA,2,1,NA,2,1,NA,2,57.1,1,NA,2,1,NA,3,1,NA,3,1,3,1,NA,3,1,NA,NA,NA,NA,NA,NA,NA,NA,NA,"Y",NA,"N",NA,"ARFR4-SOS-AZ930-423-NAVAJO-18","#9E0142",-110.431,36.45877,"15 - 20 Deg. F. / 6 - 12","SdZones downloaded 20230823","15 - 20 Deg. F.","12-Jun","15 - 20 Deg. F. / 6 - 12","15 - 20 / semi-arid","AZ.1","#ee5c42","semi-arid, warm","#9E0142","A"
"ARFR-AZ930-422-NAVAJO-18","white",8,33,29,33,NA,1564,NA,7.8,1,NA,NA,12.4,1,NA,2,1,NA,2,1,NA,2,49.2,1,NA,2,1,NA,3,1,NA,3,1,3,1,NA,3,1,NA,NA,NA,NA,NA,NA,NA,NA,NA,"Y",NA,"N",NA,"ARFR4-SOS-AZ930-422-NAVAJO-18","#D53E4F",-110.431,36.56805,"15 - 20 Deg. F. / 6 - 12","Lats corrected 20230127","15 - 20 Deg. F.","12-Jun","15 - 20 Deg. F. / 6 - 12","15 - 20 / semi-arid","AZ.2","#ee5c42","semi-arid, warm","#D53E4F","B"
"ARFR-CO932-294-11","white",8,34,29,34,NA,1565,NA,NA,1,"Y","CO 294",7.1,1,"almost dead 5/31",2,1,NA,2,1,NA,2,13,1,NA,2,1,NA,3,1,NA,3,1,3,1,NA,3,1,NA,NA,NA,NA,NA,NA,NA,NA,NA,"Y",NA,"N",NA,"ARFR4-SOS-CO932-294-11","#ABDDA4",-105.2030833,39.78458333,"15 - 20 Deg. F. / 3 - 6","","15 - 20 Deg. F.","6-Mar","15 - 20 Deg. F. / 3 - 6","15 - 20 / semi-humid","CO.4","#698b69","semi-humid, warm","#ABDDA4","H"
"ARFR-WY930-44-LASANIMAS-13","white",8,35,29,35,316,1566,NA,3,1,NA,NA,9.5,1,NA,2,1,NA,2,1,NA,2,23.6,1,NA,2,1,NA,3,1,NA,3,1,3,1,NA,3,1,NA,NA,NA,NA,NA,NA,NA,NA,NA,"Y",NA,"N",NA,"ARFR4-SOS-WY930-44-LASANIMAS-13","#FDAE61",-104.6423889,37.16547222,"15 - 20 Deg. F. / 3 - 6","","15 - 20 Deg. F.","6-Mar","15 - 20 Deg. F. / 3 - 6","15 - 20 / semi-humid","CO.1","#698b69","semi-humid, warm","#FDAE61","D"
"ARFR-WY050-49-FREMONT-12","white",8,36,29,36,NA,1567,NA,5.7,1,NA,NA,7.9,1,NA,2,1,NA,2,1,NA,2,15.7,1,NA,2,1,NA,2,1,NA,3,1,3,1,"Initially marked as 2 but was 3 last time. Check to resolve",3,1,"No data recored",NA,NA,NA,NA,NA,NA,NA,NA,NA,NA,"N",NA,"ARFR4-SOS-WY050-49-FREMONT-12","#5E4FA2",-109.34775,43.42663611,"5 - 10 Deg. F. / 6 - 12","","5 - 10 Deg. F.","12-Jun","5 - 10 Deg. F. / 6 - 12","5 - 10 / semi-arid","WY.3","#ffb90f","semi-arid, cold","#5E4FA2","K"
"ARFR-CO932-316-JEFFERSON-12","white",8,37,29,37,NA,1568,NA,4.9,1,NA,NA,8.8,1,NA,2,1,NA,2,1,NA,2,29.4,1,NA,2,1,NA,3,1,NA,3,1,3,1,NA,3,1,NA,NA,NA,NA,NA,NA,NA,NA,NA,"Y",NA,"N",NA,"ARFR4-SOS-CO932-316-JEFFERSON-12","#FFFF85",-105.358,39.66325,"15 - 20 Deg. F. / 3 - 6","","15 - 20 Deg. F.","6-Mar","15 - 20 Deg. F. / 3 - 6","15 - 20 / semi-humid","CO.3","#698b69","semi-humid, warm","#FFFF85","F"
"ARFR-AZ930-422-NAVAJO-18","white",8,38,29,38,NA,1569,NA,4.1,1,NA,NA,9.5,1,NA,2,1,NA,2,1,NA,2,46,1,NA,2,1,NA,3,1,NA,3,1,3,1,NA,3,1,NA,NA,NA,NA,NA,NA,NA,NA,NA,"Y",NA,"N",NA,"ARFR4-SOS-AZ930-422-NAVAJO-18","#D53E4F",-110.431,36.56805,"15 - 20 Deg. F. / 6 - 12","Lats corrected 20230127","15 - 20 Deg. F.","12-Jun","15 - 20 Deg. F. / 6 - 12","15 - 20 / semi-arid","AZ.2","#ee5c42","semi-arid, warm","#D53E4F","B"
"ARFR-WY050-151-FREMONT-16","white",8,39,29,39,NA,1570,NA,4.6,1,NA,NA,6.3,1,NA,2,1,NA,2,1,NA,2,9.9,1,NA,2,1,NA,3,1,NA,3,1,3,1,NA,3,1,NA,NA,NA,NA,NA,NA,NA,NA,NA,"Y",NA,"N",NA,"ARFR4-SOS-WY050-151-FREMONT-16","#3288BD",-108.1704472,42.47886111,"10 - 15 Deg. F. / 6 - 12","","10 - 15 Deg. F.","12-Jun","10 - 15 Deg. F. / 6 - 12","10 - 15 / semi-arid","WY.2","#cd8500","semi-arid, cool","#3288BD","J"
"ARFR-AZ930-422-NAVAJO-18","white",8,40,29,40,317,1571,NA,6.6,1,NA,NA,13.9,1,NA,2,1,NA,2,1,NA,2,40.8,1,NA,2,1,NA,3,1,NA,3,1,3,1,NA,3,1,NA,NA,NA,NA,NA,NA,NA,NA,NA,"Y",NA,"N",NA,"ARFR4-SOS-AZ930-422-NAVAJO-18","#D53E4F",-110.431,36.56805,"15 - 20 Deg. F. / 6 - 12","Lats corrected 20230127","15 - 20 Deg. F.","12-Jun","15 - 20 Deg. F. / 6 - 12","15 - 20 / semi-arid","AZ.2","#ee5c42","semi-arid, warm","#D53E4F","B"
"ARFR-UT080-109-UINTAH-12","white",8,41,29,41,NA,1572,NA,6,1,NA,NA,12.7,1,NA,2,1,NA,2,1,NA,2,48.1,1,NA,3,1,NA,3,1,NA,3,1,3,1,NA,3,1,NA,NA,NA,NA,NA,NA,NA,NA,NA,"Y",NA,"N",NA,"ARFR4-SOS-UT080-109-UINTAH-12","#aabe7f",-109.1426444,39.70802222,"10 - 15 Deg. F. / 3 - 6","","10 - 15 Deg. F.","6-Mar","10 - 15 Deg. F. / 3 - 6","10 - 15 / semi-humid","UT.1","#66e566","semi-humid, cool","#aabe7f","G"
"ARFR-AZ930-422-NAVAJO-18","white",8,42,29,42,NA,1573,NA,5.7,1,NA,NA,14.8,1,NA,2,1,NA,2,1,NA,2,53.3,1,NA,3,1,NA,3,1,NA,3,1,3,1,NA,3,1,NA,NA,NA,NA,NA,NA,NA,NA,NA,"Y",NA,"N",NA,"ARFR4-SOS-AZ930-422-NAVAJO-18","#D53E4F",-110.431,36.56805,"15 - 20 Deg. F. / 6 - 12","Lats corrected 20230127","15 - 20 Deg. F.","12-Jun","15 - 20 Deg. F. / 6 - 12","15 - 20 / semi-arid","AZ.2","#ee5c42","semi-arid, warm","#D53E4F","B"
"ARFR-CO932-314-JEFFERSON-12","white",8,43,29,43,NA,1574,NA,4,1,NA,NA,8.2,1,NA,2,1,NA,2,1,NA,2,25.4,1,NA,2,1,NA,3,1,NA,3,1,3,1,NA,3,1,NA,NA,NA,NA,NA,NA,NA,NA,NA,"Y",NA,"N",NA,"ARFR4-SOS-CO932-314-JEFFERSON-12","#FEE08B",-105.3553333,39.40902778,"10 - 15 Deg. F. / 3 - 6","","10 - 15 Deg. F.","6-Mar","10 - 15 Deg. F. / 3 - 6","10 - 15 / semi-humid","CO.2","#66e566","semi-humid, cool","#FEE08B","E"
"ARFR-CO932-314-JEFFERSON-12","white",8,44,29,44,NA,1575,NA,6,1,NA,NA,8.2,1,NA,2,1,NA,2,1,NA,2,25.6,1,NA,2,1,NA,3,1,NA,3,1,3,1,NA,3,1,NA,NA,NA,NA,NA,NA,NA,NA,NA,"Y",NA,"N",NA,"ARFR4-SOS-CO932-314-JEFFERSON-12","#FEE08B",-105.3553333,39.40902778,"10 - 15 Deg. F. / 3 - 6","","10 - 15 Deg. F.","6-Mar","10 - 15 Deg. F. / 3 - 6","10 - 15 / semi-humid","CO.2","#66e566","semi-humid, cool","#FEE08B","E"
"ARFR-WY050-49-FREMONT-12","white",8,45,29,45,318,1576,NA,4.2,1,NA,NA,7.1,1,NA,2,1,NA,2,1,NA,2,34.5,1,NA,2,1,NA,3,1,NA,3,1,3,1,NA,3,1,NA,NA,NA,NA,NA,NA,NA,NA,NA,"Y",NA,"N",NA,"ARFR4-SOS-WY050-49-FREMONT-12","#5E4FA2",-109.34775,43.42663611,"5 - 10 Deg. F. / 6 - 12","","5 - 10 Deg. F.","12-Jun","5 - 10 Deg. F. / 6 - 12","5 - 10 / semi-arid","WY.3","#ffb90f","semi-arid, cold","#5E4FA2","K"
"ARFR-AZ930-422-NAVAJO-18","white",8,46,29,46,NA,1577,NA,4,1,NA,NA,11.3,1,NA,2,1,NA,2,1,NA,2,52.1,1,NA,2,1,NA,3,1,NA,3,1,3,1,NA,3,1,NA,NA,NA,NA,NA,NA,NA,NA,NA,"Y",NA,"N",NA,"ARFR4-SOS-AZ930-422-NAVAJO-18","#D53E4F",-110.431,36.56805,"15 - 20 Deg. F. / 6 - 12","Lats corrected 20230127","15 - 20 Deg. F.","12-Jun","15 - 20 Deg. F. / 6 - 12","15 - 20 / semi-arid","AZ.2","#ee5c42","semi-arid, warm","#D53E4F","B"
"ARFR-NM930N-66-11","white",8,47,29,47,NA,1578,NA,7.5,1,NA,NA,18.3,1,NA,2,1,NA,2,1,NA,2,53.7,1,NA,2,1,NA,3,1,NA,3,1,3,1,NA,3,1,NA,NA,NA,NA,NA,NA,NA,NA,NA,"Y",NA,"N",NA,"ARFR4-SOS-NM930N-66-11","#F46D43",-107.2045028,36.76818611,"10 - 15 Deg. F. / 3 - 6","","10 - 15 Deg. F.","6-Mar","10 - 15 Deg. F. / 3 - 6","10 - 15 / semi-humid","NM.1","#66e566","semi-humid, cool","#F46D43","C"
"ARFR-CO932-316-JEFFERSON-12","white",8,48,29,48,NA,1579,NA,4.9,1,NA,NA,9.6,1,NA,2,1,NA,2,1,NA,2,30.2,1,NA,2,1,NA,3,1,NA,3,1,3,1,NA,3,1,NA,NA,NA,NA,NA,NA,NA,NA,NA,"Y",NA,"Y",NA,"ARFR4-SOS-CO932-316-JEFFERSON-12","#FFFF85",-105.358,39.66325,"15 - 20 Deg. F. / 3 - 6","","15 - 20 Deg. F.","6-Mar","15 - 20 Deg. F. / 3 - 6","15 - 20 / semi-humid","CO.3","#698b69","semi-humid, warm","#FFFF85","F"
"ARFR-UT080-109-UINTAH-12","white",8,49,29,49,NA,1580,NA,7.1,1,NA,NA,11.6,1,NA,2,1,NA,2,1,NA,2,44.3,1,NA,2,1,NA,3,1,NA,3,1,3,1,NA,3,1,NA,NA,NA,NA,NA,NA,NA,NA,NA,"Y",NA,"Y",NA,"ARFR4-SOS-UT080-109-UINTAH-12","#aabe7f",-109.1426444,39.70802222,"10 - 15 Deg. F. / 3 - 6","","10 - 15 Deg. F.","6-Mar","10 - 15 Deg. F. / 3 - 6","10 - 15 / semi-humid","UT.1","#66e566","semi-humid, cool","#aabe7f","G"
"ARFR-CO932-294-11","white",8,50,29,50,319,1581,NA,6.5,1,NA,NA,10.9,1,NA,2,1,NA,2,1,NA,2,20,1,NA,2,1,NA,3,1,NA,3,1,3,1,NA,3,1,NA,NA,NA,NA,NA,NA,NA,NA,NA,"Y",NA,"N",NA,"ARFR4-SOS-CO932-294-11","#ABDDA4",-105.2030833,39.78458333,"15 - 20 Deg. F. / 3 - 6","","15 - 20 Deg. F.","6-Mar","15 - 20 Deg. F. / 3 - 6","15 - 20 / semi-humid","CO.4","#698b69","semi-humid, warm","#ABDDA4","H"
"ARFR-AZ930-422-NAVAJO-18","white",8,51,29,51,NA,1582,NA,6.5,1,NA,NA,12.7,1,NA,2,1,NA,2,1,NA,2,46.8,1,NA,3,1,NA,3,1,NA,3,1,3,1,NA,3,1,NA,NA,NA,NA,NA,NA,NA,NA,NA,"Y",NA,"N",NA,"ARFR4-SOS-AZ930-422-NAVAJO-18","#D53E4F",-110.431,36.56805,"15 - 20 Deg. F. / 6 - 12","Lats corrected 20230127","15 - 20 Deg. F.","12-Jun","15 - 20 Deg. F. / 6 - 12","15 - 20 / semi-arid","AZ.2","#ee5c42","semi-arid, warm","#D53E4F","B"
"ARFR-WY040-71-10","white",8,52,29,52,NA,1583,NA,6.3,1,NA,NA,5.8,1,"dying 6/24",NA,0,NA,NA,0,NA,NA,NA,0,NA,NA,0,NA,NA,0,NA,NA,0,NA,0,NA,NA,0,NA,NA,NA,NA,NA,NA,NA,NA,NA,"N",NA,"N",NA,"ARFR4-SOS-WY040-71-10","#66C2A5",-109.2433156,41.13271889,"5 - 10 Deg. F. / 3 - 6","","5 - 10 Deg. F.","6-Mar","5 - 10 Deg. F. / 3 - 6","5 - 10 / semi-humid","WY.1","#a5c2f1","semi-humid, cold","#66C2A5","I"
"ARFR-UT080-109-UINTAH-12","white",8,53,29,53,NA,1584,NA,7.5,1,NA,NA,13,1,NA,2,1,NA,2,1,NA,2,51.6,1,NA,3,1,NA,3,1,NA,3,1,3,1,NA,3,1,NA,NA,NA,NA,NA,NA,NA,NA,NA,"Y",NA,"N",NA,"ARFR4-SOS-UT080-109-UINTAH-12","#aabe7f",-109.1426444,39.70802222,"10 - 15 Deg. F. / 3 - 6","","10 - 15 Deg. F.","6-Mar","10 - 15 Deg. F. / 3 - 6","10 - 15 / semi-humid","UT.1","#66e566","semi-humid, cool","#aabe7f","G"
"ARFR-WY040-71-10","white",8,54,29,54,NA,1585,NA,4.6,1,NA,NA,6.2,1,NA,2,1,NA,2,1,NA,2,18.4,1,NA,2,1,NA,3,1,NA,3,1,3,1,NA,3,1,NA,NA,NA,NA,NA,NA,NA,NA,NA,"Y",NA,"N",NA,"ARFR4-SOS-WY040-71-10","#66C2A5",-109.2433156,41.13271889,"5 - 10 Deg. F. / 3 - 6","","5 - 10 Deg. F.","6-Mar","5 - 10 Deg. F. / 3 - 6","5 - 10 / semi-humid","WY.1","#a5c2f1","semi-humid, cold","#66C2A5","I"
"ARFR-WY930-44-LASANIMAS-13","white",8,55,29,55,320,1586,NA,7.3,1,NA,NA,11.9,1,NA,2,1,NA,2,1,NA,2,21.5,1,NA,2,1,NA,3,1,NA,3,1,3,1,NA,3,1,NA,NA,NA,NA,NA,NA,NA,NA,NA,"Y",NA,"N",NA,"ARFR4-SOS-WY930-44-LASANIMAS-13","#FDAE61",-104.6423889,37.16547222,"15 - 20 Deg. F. / 3 - 6","","15 - 20 Deg. F.","6-Mar","15 - 20 Deg. F. / 3 - 6","15 - 20 / semi-humid","CO.1","#698b69","semi-humid, warm","#FDAE61","D"
"ARFR-CO932-314-JEFFERSON-12","white",8,56,30,1,309,1587,NA,4.5,1,NA,NA,9.9,1,NA,2,1,NA,2,1,NA,2,21.8,1,NA,2,1,NA,3,1,NA,3,1,3,1,NA,3,1,NA,NA,NA,NA,NA,NA,NA,NA,NA,"Y",NA,"N",NA,"ARFR4-SOS-CO932-314-JEFFERSON-12","#FEE08B",-105.3553333,39.40902778,"10 - 15 Deg. F. / 3 - 6","","10 - 15 Deg. F.","6-Mar","10 - 15 Deg. F. / 3 - 6","10 - 15 / semi-humid","CO.2","#66e566","semi-humid, cool","#FEE08B","E"
"ARFR-WY930-44-LASANIMAS-13","white",8,57,30,2,NA,1588,NA,7,1,NA,NA,12.4,1,NA,2,1,NA,2,1,NA,2,30.4,1,NA,2,1,NA,3,1,NA,3,1,3,1,NA,3,1,NA,NA,NA,NA,NA,NA,NA,NA,NA,"Y",NA,"N",NA,"ARFR4-SOS-WY930-44-LASANIMAS-13","#FDAE61",-104.6423889,37.16547222,"15 - 20 Deg. F. / 3 - 6","","15 - 20 Deg. F.","6-Mar","15 - 20 Deg. F. / 3 - 6","15 - 20 / semi-humid","CO.1","#698b69","semi-humid, warm","#FDAE61","D"
"ARFR-CO932-294-11","white",8,58,30,3,NA,1589,NA,NA,0,"Y","CO 294",5.9,1,NA,2,1,NA,2,1,NA,2,11.4,1,NA,2,1,NA,2,1,NA,2,1,2,1,NA,2,1,NA,NA,NA,NA,NA,NA,NA,NA,NA,"N",NA,"N",NA,"ARFR4-SOS-CO932-294-11","#ABDDA4",-105.2030833,39.78458333,"15 - 20 Deg. F. / 3 - 6","","15 - 20 Deg. F.","6-Mar","15 - 20 Deg. F. / 3 - 6","15 - 20 / semi-humid","CO.4","#698b69","semi-humid, warm","#ABDDA4","H"
"ARFR-CO932-294-11","white",8,59,30,4,NA,1590,NA,3,1,NA,NA,7.2,1,NA,2,1,NA,2,1,NA,2,26,1,NA,2,1,NA,3,1,NA,3,1,3,1,NA,3,1,NA,NA,NA,NA,NA,NA,NA,NA,NA,"Y",NA,"N",NA,"ARFR4-SOS-CO932-294-11","#ABDDA4",-105.2030833,39.78458333,"15 - 20 Deg. F. / 3 - 6","","15 - 20 Deg. F.","6-Mar","15 - 20 Deg. F. / 3 - 6","15 - 20 / semi-humid","CO.4","#698b69","semi-humid, warm","#ABDDA4","H"
"ARFR-NM930N-66-11","white",8,60,30,5,310,1591,NA,6.9,1,NA,NA,13.4,1,NA,2,1,NA,2,1,NA,2,49.4,1,NA,3,1,NA,3,1,NA,3,1,3,1,NA,3,1,NA,NA,NA,NA,NA,NA,NA,NA,NA,"Y",NA,"N",NA,"ARFR4-SOS-NM930N-66-11","#F46D43",-107.2045028,36.76818611,"10 - 15 Deg. F. / 3 - 6","","10 - 15 Deg. F.","6-Mar","10 - 15 Deg. F. / 3 - 6","10 - 15 / semi-humid","NM.1","#66e566","semi-humid, cool","#F46D43","C"
"ARFR-AZ930-422-NAVAJO-18","white",8,61,30,6,NA,1592,NA,5,1,NA,NA,12.1,1,NA,2,1,NA,2,1,NA,2,43.6,1,NA,2,1,NA,3,1,NA,3,1,3,1,NA,3,1,NA,NA,NA,NA,NA,NA,NA,NA,NA,"Y",NA,"Y",NA,"ARFR4-SOS-AZ930-422-NAVAJO-18","#D53E4F",-110.431,36.56805,"15 - 20 Deg. F. / 6 - 12","Lats corrected 20230127","15 - 20 Deg. F.","12-Jun","15 - 20 Deg. F. / 6 - 12","15 - 20 / semi-arid","AZ.2","#ee5c42","semi-arid, warm","#D53E4F","B"
"ARFR-WY050-49-FREMONT-12","white",8,62,30,7,NA,1593,NA,3.2,1,NA,NA,4.4,1,NA,2,1,NA,2,1,NA,2,7.5,1,NA,2,1,NA,2,1,NA,2,1,2,1,NA,2,1,NA,NA,NA,NA,NA,NA,NA,NA,NA,"Y",NA,"N",NA,"ARFR4-SOS-WY050-49-FREMONT-12","#5E4FA2",-109.34775,43.42663611,"5 - 10 Deg. F. / 6 - 12","","5 - 10 Deg. F.","12-Jun","5 - 10 Deg. F. / 6 - 12","5 - 10 / semi-arid","WY.3","#ffb90f","semi-arid, cold","#5E4FA2","K"
"ARFR-WY930-44-LASANIMAS-13","white",8,63,30,8,NA,1594,NA,9.3,1,NA,NA,12.9,1,NA,2,1,NA,2,1,NA,2,36.7,1,NA,2,1,NA,3,1,NA,3,1,3,1,NA,3,1,NA,NA,NA,NA,NA,NA,NA,NA,NA,"Y",NA,"N",NA,"ARFR4-SOS-WY930-44-LASANIMAS-13","#FDAE61",-104.6423889,37.16547222,"15 - 20 Deg. F. / 3 - 6","","15 - 20 Deg. F.","6-Mar","15 - 20 Deg. F. / 3 - 6","15 - 20 / semi-humid","CO.1","#698b69","semi-humid, warm","#FDAE61","D"
"ARFR-AZ930-422-NAVAJO-18","white",8,64,30,9,NA,1595,NA,6,1,NA,NA,13.1,1,NA,2,1,NA,2,1,NA,2,48.6,1,NA,2,1,NA,3,1,NA,3,1,3,1,NA,3,1,NA,NA,NA,NA,NA,NA,NA,NA,NA,"Y",NA,"Y",NA,"ARFR4-SOS-AZ930-422-NAVAJO-18","#D53E4F",-110.431,36.56805,"15 - 20 Deg. F. / 6 - 12","Lats corrected 20230127","15 - 20 Deg. F.","12-Jun","15 - 20 Deg. F. / 6 - 12","15 - 20 / semi-arid","AZ.2","#ee5c42","semi-arid, warm","#D53E4F","B"
"ARFR-AZ930-422-NAVAJO-18","white",8,65,30,10,311,1596,NA,5.2,1,NA,NA,12.4,1,NA,2,1,NA,2,1,NA,2,54.5,1,NA,2,1,NA,3,1,NA,3,1,3,1,NA,3,1,NA,NA,NA,NA,NA,NA,NA,NA,NA,"Y",NA,"N",NA,"ARFR4-SOS-AZ930-422-NAVAJO-18","#D53E4F",-110.431,36.56805,"15 - 20 Deg. F. / 6 - 12","Lats corrected 20230127","15 - 20 Deg. F.","12-Jun","15 - 20 Deg. F. / 6 - 12","15 - 20 / semi-arid","AZ.2","#ee5c42","semi-arid, warm","#D53E4F","B"
"ARFR-UT080-109-UINTAH-12","white",8,66,30,11,NA,1597,NA,3.2,1,NA,NA,11.7,1,NA,2,1,NA,2,1,NA,2,41.1,1,NA,2,1,NA,3,1,NA,3,1,3,1,NA,3,1,NA,NA,NA,NA,NA,NA,NA,NA,NA,"Y",NA,"N",NA,"ARFR4-SOS-UT080-109-UINTAH-12","#aabe7f",-109.1426444,39.70802222,"10 - 15 Deg. F. / 3 - 6","","10 - 15 Deg. F.","6-Mar","10 - 15 Deg. F. / 3 - 6","10 - 15 / semi-humid","UT.1","#66e566","semi-humid, cool","#aabe7f","G"
"ARFR-WY050-151-FREMONT-16","white",8,67,30,12,NA,1598,NA,3.1,1,NA,NA,5.3,1,NA,2,1,NA,2,1,NA,2,11.8,1,NA,2,1,NA,3,1,NA,3,1,3,1,NA,3,1,NA,NA,NA,NA,NA,NA,NA,NA,NA,"Y",NA,"N",NA,"ARFR4-SOS-WY050-151-FREMONT-16","#3288BD",-108.1704472,42.47886111,"10 - 15 Deg. F. / 6 - 12","","10 - 15 Deg. F.","12-Jun","10 - 15 Deg. F. / 6 - 12","10 - 15 / semi-arid","WY.2","#cd8500","semi-arid, cool","#3288BD","J"
"ARFR-WY040-71-10","white",8,68,30,13,NA,1599,NA,4.4,1,NA,NA,6.8,1,NA,2,1,NA,2,1,NA,2,16.3,1,NA,2,1,NA,2,1,NA,2,1,3,1,NA,3,1,"Initially marked as 2 but was 3 last time. Check to resolve.",NA,NA,NA,NA,NA,NA,NA,NA,"Y",NA,"N",NA,"ARFR4-SOS-WY040-71-10","#66C2A5",-109.2433156,41.13271889,"5 - 10 Deg. F. / 3 - 6","","5 - 10 Deg. F.","6-Mar","5 - 10 Deg. F. / 3 - 6","5 - 10 / semi-humid","WY.1","#a5c2f1","semi-humid, cold","#66C2A5","I"
"ARFR-WY050-49-FREMONT-12","white",8,69,30,14,NA,1600,NA,4.6,1,NA,NA,10.4,1,NA,2,1,NA,2,1,NA,2,34.3,1,NA,2,1,NA,3,1,NA,3,1,3,1,"Initially marked as 2 but was 3 last time. Check to resolve.",3,1,"No data recorded. Confirm phenophase",NA,NA,NA,NA,NA,NA,NA,NA,"Y",NA,"N",NA,"ARFR4-SOS-WY050-49-FREMONT-12","#5E4FA2",-109.34775,43.42663611,"5 - 10 Deg. F. / 6 - 12","","5 - 10 Deg. F.","12-Jun","5 - 10 Deg. F. / 6 - 12","5 - 10 / semi-arid","WY.3","#ffb90f","semi-arid, cold","#5E4FA2","K"
"ARFR-CO932-314-JEFFERSON-12","white",8,70,30,15,312,1601,NA,6.5,1,NA,NA,11,1,NA,2,1,NA,2,1,NA,2,43,1,NA,2,1,NA,3,1,NA,3,1,3,1,NA,3,1,NA,NA,NA,NA,NA,NA,NA,NA,NA,"Y",NA,"N",NA,"ARFR4-SOS-CO932-314-JEFFERSON-12","#FEE08B",-105.3553333,39.40902778,"10 - 15 Deg. F. / 3 - 6","","10 - 15 Deg. F.","6-Mar","10 - 15 Deg. F. / 3 - 6","10 - 15 / semi-humid","CO.2","#66e566","semi-humid, cool","#FEE08B","E"
"ARFR-NM930N-66-11","white",8,71,30,16,NA,1602,NA,9.9,1,NA,NA,18.6,1,NA,2,1,NA,2,1,NA,2,62,1,NA,2,1,NA,3,1,NA,3,1,3,1,NA,3,1,NA,NA,NA,NA,NA,NA,NA,NA,NA,"Y",NA,"N",NA,"ARFR4-SOS-NM930N-66-11","#F46D43",-107.2045028,36.76818611,"10 - 15 Deg. F. / 3 - 6","","10 - 15 Deg. F.","6-Mar","10 - 15 Deg. F. / 3 - 6","10 - 15 / semi-humid","NM.1","#66e566","semi-humid, cool","#F46D43","C"
"ARFR-AZ930-423-NAVAJO-18","white",8,72,30,17,NA,1603,NA,5.1,1,NA,NA,11.8,1,NA,2,1,NA,2,1,NA,2,48,1,NA,2,1,NA,3,1,NA,3,1,3,1,NA,3,1,NA,NA,NA,NA,NA,NA,NA,NA,NA,"Y",NA,"N",NA,"ARFR4-SOS-AZ930-423-NAVAJO-18","#9E0142",-110.431,36.45877,"15 - 20 Deg. F. / 6 - 12","SdZones downloaded 20230823","15 - 20 Deg. F.","12-Jun","15 - 20 Deg. F. / 6 - 12","15 - 20 / semi-arid","AZ.1","#ee5c42","semi-arid, warm","#9E0142","A"
"ARFR-WY050-151-FREMONT-16","white",8,73,30,18,NA,1604,NA,3.6,1,NA,NA,5,1,NA,2,1,NA,2,1,NA,2,9.7,1,NA,2,1,NA,2,1,NA,2,1,2,1,NA,2,1,NA,NA,NA,NA,NA,NA,NA,NA,NA,"Y",NA,"N",NA,"ARFR4-SOS-WY050-151-FREMONT-16","#3288BD",-108.1704472,42.47886111,"10 - 15 Deg. F. / 6 - 12","","10 - 15 Deg. F.","12-Jun","10 - 15 Deg. F. / 6 - 12","10 - 15 / semi-arid","WY.2","#cd8500","semi-arid, cool","#3288BD","J"
"ARFR-WY040-71-10","white",8,74,30,19,NA,1605,NA,4.2,1,NA,NA,5.2,1,NA,2,1,NA,2,1,NA,2,11.9,1,NA,2,1,NA,2,1,NA,2,1,2,1,NA,2,1,NA,NA,NA,NA,NA,NA,NA,NA,NA,"Y",NA,"N",NA,"ARFR4-SOS-WY040-71-10","#66C2A5",-109.2433156,41.13271889,"5 - 10 Deg. F. / 3 - 6","","5 - 10 Deg. F.","6-Mar","5 - 10 Deg. F. / 3 - 6","5 - 10 / semi-humid","WY.1","#a5c2f1","semi-humid, cold","#66C2A5","I"
"ARFR-NM930N-66-11","white",8,75,30,20,313,1606,NA,9,1,NA,NA,16.5,1,NA,2,1,NA,2,1,NA,2,56.4,1,NA,2,1,NA,3,1,NA,3,1,3,1,NA,3,1,NA,NA,NA,NA,NA,NA,NA,NA,NA,"Y",NA,"N",NA,"ARFR4-SOS-NM930N-66-11","#F46D43",-107.2045028,36.76818611,"10 - 15 Deg. F. / 3 - 6","","10 - 15 Deg. F.","6-Mar","10 - 15 Deg. F. / 3 - 6","10 - 15 / semi-humid","NM.1","#66e566","semi-humid, cool","#F46D43","C"
"ARFR-CO932-294-11","white",8,76,30,21,NA,1607,NA,3.3,1,NA,NA,5.7,1,NA,2,1,NA,2,1,NA,2,28.6,1,NA,2,1,NA,2,1,NA,3,1,3,1,NA,3,1,NA,NA,NA,NA,NA,NA,NA,NA,NA,"Y",NA,"N",NA,"ARFR4-SOS-CO932-294-11","#ABDDA4",-105.2030833,39.78458333,"15 - 20 Deg. F. / 3 - 6","","15 - 20 Deg. F.","6-Mar","15 - 20 Deg. F. / 3 - 6","15 - 20 / semi-humid","CO.4","#698b69","semi-humid, warm","#ABDDA4","H"
"ARFR-NM930N-66-11","white",8,77,30,22,NA,1608,NA,4.9,1,NA,NA,13.5,1,NA,2,1,"buds?",2,1,NA,2,48.1,1,NA,2,1,NA,3,1,NA,3,1,3,1,NA,3,1,NA,NA,NA,NA,NA,NA,NA,NA,NA,"Y",NA,"N",NA,"ARFR4-SOS-NM930N-66-11","#F46D43",-107.2045028,36.76818611,"10 - 15 Deg. F. / 3 - 6","","10 - 15 Deg. F.","6-Mar","10 - 15 Deg. F. / 3 - 6","10 - 15 / semi-humid","NM.1","#66e566","semi-humid, cool","#F46D43","C"
"ARFR-WY040-71-10","white",8,78,30,23,NA,1609,NA,3.2,1,NA,NA,4.7,1,NA,2,1,NA,2,1,NA,2,7,1,NA,2,1,NA,3,1,NA,3,1,3,1,NA,3,1,NA,NA,NA,NA,NA,NA,NA,NA,NA,"Y",NA,"N",NA,"ARFR4-SOS-WY040-71-10","#66C2A5",-109.2433156,41.13271889,"5 - 10 Deg. F. / 3 - 6","","5 - 10 Deg. F.","6-Mar","5 - 10 Deg. F. / 3 - 6","5 - 10 / semi-humid","WY.1","#a5c2f1","semi-humid, cold","#66C2A5","I"
"ARFR-CO932-294-11","white",8,79,30,24,NA,1610,NA,5,1,NA,NA,8.1,1,NA,2,1,NA,2,1,NA,2,30.3,1,NA,2,1,NA,3,1,NA,3,1,3,1,NA,3,1,NA,NA,"Yes",NA,115.01,"L",83.032,48.76,41.8,"Y",NA,"N",NA,"ARFR4-SOS-CO932-294-11","#ABDDA4",-105.2030833,39.78458333,"15 - 20 Deg. F. / 3 - 6","","15 - 20 Deg. F.","6-Mar","15 - 20 Deg. F. / 3 - 6","15 - 20 / semi-humid","CO.4","#698b69","semi-humid, warm","#ABDDA4","H"
"ARFR-AZ930-422-NAVAJO-18","white",8,80,30,25,314,1611,NA,7,1,NA,NA,14.9,1,NA,2,1,NA,2,1,NA,2,53,1,NA,2,1,NA,3,1,NA,3,1,3,1,NA,3,1,NA,NA,NA,NA,NA,NA,NA,NA,NA,"Y",NA,"N",NA,"ARFR4-SOS-AZ930-422-NAVAJO-18","#D53E4F",-110.431,36.56805,"15 - 20 Deg. F. / 6 - 12","Lats corrected 20230127","15 - 20 Deg. F.","12-Jun","15 - 20 Deg. F. / 6 - 12","15 - 20 / semi-arid","AZ.2","#ee5c42","semi-arid, warm","#D53E4F","B"
"ARFR-WY050-49-FREMONT-12","white",8,81,30,26,NA,1612,NA,5.6,1,NA,NA,7,1,NA,2,1,NA,2,1,NA,2,14.5,1,NA,2,1,NA,2,1,NA,2,1,2,1,NA,2,1,NA,NA,NA,NA,NA,NA,NA,NA,NA,"Y",NA,"Y",NA,"ARFR4-SOS-WY050-49-FREMONT-12","#5E4FA2",-109.34775,43.42663611,"5 - 10 Deg. F. / 6 - 12","","5 - 10 Deg. F.","12-Jun","5 - 10 Deg. F. / 6 - 12","5 - 10 / semi-arid","WY.3","#ffb90f","semi-arid, cold","#5E4FA2","K"
"ARFR-UT080-109-UINTAH-12","white",8,82,30,27,NA,1613,NA,6.1,1,NA,NA,NA,0,"dying? 5/31",NA,0,NA,NA,0,NA,NA,NA,0,NA,NA,0,NA,NA,0,NA,NA,0,NA,0,NA,NA,0,NA,NA,NA,NA,NA,NA,NA,NA,NA,"N",NA,"N",NA,"ARFR4-SOS-UT080-109-UINTAH-12","#aabe7f",-109.1426444,39.70802222,"10 - 15 Deg. F. / 3 - 6","","10 - 15 Deg. F.","6-Mar","10 - 15 Deg. F. / 3 - 6","10 - 15 / semi-humid","UT.1","#66e566","semi-humid, cool","#aabe7f","G"
"ARFR-AZ930-423-NAVAJO-18","white",8,83,30,28,NA,1614,NA,7.5,1,NA,NA,3.8,1,NA,2,1,NA,2,1,NA,2,49.7,1,NA,2,1,NA,3,1,NA,3,1,3,1,NA,3,1,NA,NA,NA,NA,NA,NA,NA,NA,NA,"Y",NA,"N",NA,"ARFR4-SOS-AZ930-423-NAVAJO-18","#9E0142",-110.431,36.45877,"15 - 20 Deg. F. / 6 - 12","SdZones downloaded 20230823","15 - 20 Deg. F.","12-Jun","15 - 20 Deg. F. / 6 - 12","15 - 20 / semi-arid","AZ.1","#ee5c42","semi-arid, warm","#9E0142","A"
"ARFR-CO932-316-JEFFERSON-12","white",8,84,30,29,NA,1615,NA,5.1,1,NA,NA,6.4,1,NA,2,1,NA,2,1,NA,2,7.5,1,NA,2,1,NA,2,1,NA,2,1,2,1,NA,2,1,NA,NA,NA,NA,NA,NA,NA,NA,NA,"Y",NA,"N",NA,"ARFR4-SOS-CO932-316-JEFFERSON-12","#FFFF85",-105.358,39.66325,"15 - 20 Deg. F. / 3 - 6","","15 - 20 Deg. F.","6-Mar","15 - 20 Deg. F. / 3 - 6","15 - 20 / semi-humid","CO.3","#698b69","semi-humid, warm","#FFFF85","F"
"ARFR-UT080-109-UINTAH-12","white",8,85,30,30,315,1616,NA,6,1,NA,NA,NA,0,NA,NA,0,NA,NA,0,NA,NA,NA,0,NA,NA,0,NA,NA,0,NA,NA,0,NA,0,NA,NA,0,NA,NA,NA,NA,NA,NA,NA,NA,NA,"N",NA,"N",NA,"ARFR4-SOS-UT080-109-UINTAH-12","#aabe7f",-109.1426444,39.70802222,"10 - 15 Deg. F. / 3 - 6","","10 - 15 Deg. F.","6-Mar","10 - 15 Deg. F. / 3 - 6","10 - 15 / semi-humid","UT.1","#66e566","semi-humid, cool","#aabe7f","G"
"ARFR-WY050-151-FREMONT-16","white",8,86,30,31,NA,1617,NA,3.4,1,NA,NA,5.3,1,NA,2,1,NA,2,1,NA,2,9.5,1,NA,2,1,NA,2,1,NA,2,1,2,1,NA,2,1,NA,NA,NA,NA,NA,NA,NA,NA,NA,"Y",NA,"N",NA,"ARFR4-SOS-WY050-151-FREMONT-16","#3288BD",-108.1704472,42.47886111,"10 - 15 Deg. F. / 6 - 12","","10 - 15 Deg. F.","12-Jun","10 - 15 Deg. F. / 6 - 12","10 - 15 / semi-arid","WY.2","#cd8500","semi-arid, cool","#3288BD","J"
"ARFR-CO932-294-11","white",8,87,30,32,NA,1618,NA,3.2,1,NA,NA,7.7,1,NA,2,1,NA,2,1,NA,2,33.9,1,NA,2,1,NA,3,1,NA,3,1,3,1,NA,3,1,NA,NA,NA,NA,NA,NA,NA,NA,NA,"Y",NA,"N",NA,"ARFR4-SOS-CO932-294-11","#ABDDA4",-105.2030833,39.78458333,"15 - 20 Deg. F. / 3 - 6","","15 - 20 Deg. F.","6-Mar","15 - 20 Deg. F. / 3 - 6","15 - 20 / semi-humid","CO.4","#698b69","semi-humid, warm","#ABDDA4","H"
"ARFR-AZ930-422-NAVAJO-18","white",8,88,30,33,NA,1619,NA,5.9,1,NA,NA,12.6,1,NA,2,1,NA,2,1,NA,2,37.6,1,NA,2,1,NA,3,1,NA,3,1,3,1,NA,3,1,NA,NA,NA,NA,NA,NA,NA,NA,NA,"Y",NA,"Y",NA,"ARFR4-SOS-AZ930-422-NAVAJO-18","#D53E4F",-110.431,36.56805,"15 - 20 Deg. F. / 6 - 12","Lats corrected 20230127","15 - 20 Deg. F.","12-Jun","15 - 20 Deg. F. / 6 - 12","15 - 20 / semi-arid","AZ.2","#ee5c42","semi-arid, warm","#D53E4F","B"
"ARFR-NM930N-66-11","white",8,89,30,34,NA,1620,NA,6.5,1,NA,NA,13.4,1,NA,2,1,NA,2,1,NA,2,50,1,NA,2,1,NA,3,1,NA,3,1,3,1,NA,3,1,NA,NA,NA,NA,NA,NA,NA,NA,NA,"Y",NA,"N",NA,"ARFR4-SOS-NM930N-66-11","#F46D43",-107.2045028,36.76818611,"10 - 15 Deg. F. / 3 - 6","","10 - 15 Deg. F.","6-Mar","10 - 15 Deg. F. / 3 - 6","10 - 15 / semi-humid","NM.1","#66e566","semi-humid, cool","#F46D43","C"
"ARFR-WY050-49-FREMONT-12","white",8,90,30,35,316,1621,NA,5.4,1,NA,NA,7.9,1,NA,2,1,NA,2,1,NA,2,18.2,1,NA,2,1,NA,2,1,NA,2,1,2,1,NA,2,1,NA,NA,NA,NA,NA,NA,NA,NA,NA,"Y",NA,"N",NA,"ARFR4-SOS-WY050-49-FREMONT-12","#5E4FA2",-109.34775,43.42663611,"5 - 10 Deg. F. / 6 - 12","","5 - 10 Deg. F.","12-Jun","5 - 10 Deg. F. / 6 - 12","5 - 10 / semi-arid","WY.3","#ffb90f","semi-arid, cold","#5E4FA2","K"
"ARFR-WY050-49-FREMONT-12","white",8,91,30,36,NA,1622,NA,4.7,1,NA,NA,4.1,1,NA,2,1,NA,2,1,NA,2,10,1,NA,2,1,NA,2,1,NA,2,1,2,1,NA,2,1,NA,NA,NA,NA,NA,NA,NA,NA,NA,"Y",NA,"N",NA,"ARFR4-SOS-WY050-49-FREMONT-12","#5E4FA2",-109.34775,43.42663611,"5 - 10 Deg. F. / 6 - 12","","5 - 10 Deg. F.","12-Jun","5 - 10 Deg. F. / 6 - 12","5 - 10 / semi-arid","WY.3","#ffb90f","semi-arid, cold","#5E4FA2","K"
"ARFR-WY040-71-10","white",8,92,30,37,NA,1623,NA,3.3,1,NA,NA,7.1,1,NA,2,1,NA,2,1,NA,2,12.6,1,NA,2,1,NA,2,1,NA,2,1,2,1,NA,2,1,NA,NA,NA,NA,NA,NA,NA,NA,NA,"Y",NA,"N",NA,"ARFR4-SOS-WY040-71-10","#66C2A5",-109.2433156,41.13271889,"5 - 10 Deg. F. / 3 - 6","","5 - 10 Deg. F.","6-Mar","5 - 10 Deg. F. / 3 - 6","5 - 10 / semi-humid","WY.1","#a5c2f1","semi-humid, cold","#66C2A5","I"
"ARFR-NM930N-66-11","white",8,93,30,38,NA,1624,NA,9.6,1,NA,NA,16.7,1,NA,2,1,NA,2,1,NA,2,63.4,1,NA,2,1,NA,3,1,NA,3,1,3,1,NA,3,1,NA,NA,NA,NA,NA,NA,NA,NA,NA,"Y",NA,"N",NA,"ARFR4-SOS-NM930N-66-11","#F46D43",-107.2045028,36.76818611,"10 - 15 Deg. F. / 3 - 6","","10 - 15 Deg. F.","6-Mar","10 - 15 Deg. F. / 3 - 6","10 - 15 / semi-humid","NM.1","#66e566","semi-humid, cool","#F46D43","C"
"ARFR-WY050-49-FREMONT-12","white",8,94,30,39,NA,1625,NA,6.5,1,NA,NA,6.8,1,NA,2,1,NA,2,1,NA,2,11,1,NA,2,1,NA,2,1,NA,2,1,2,1,NA,2,1,NA,NA,NA,NA,NA,NA,NA,NA,NA,"Y",NA,"N",NA,"ARFR4-SOS-WY050-49-FREMONT-12","#5E4FA2",-109.34775,43.42663611,"5 - 10 Deg. F. / 6 - 12","","5 - 10 Deg. F.","12-Jun","5 - 10 Deg. F. / 6 - 12","5 - 10 / semi-arid","WY.3","#ffb90f","semi-arid, cold","#5E4FA2","K"
"ARFR-WY050-49-FREMONT-12","white",8,95,30,40,317,1626,NA,5.9,1,NA,NA,7.7,1,NA,2,1,NA,2,1,NA,2,25.2,1,NA,2,1,NA,3,1,NA,3,1,3,1,NA,3,1,NA,NA,NA,NA,NA,NA,NA,NA,NA,"Y",NA,"N",NA,"ARFR4-SOS-WY050-49-FREMONT-12","#5E4FA2",-109.34775,43.42663611,"5 - 10 Deg. F. / 6 - 12","","5 - 10 Deg. F.","12-Jun","5 - 10 Deg. F. / 6 - 12","5 - 10 / semi-arid","WY.3","#ffb90f","semi-arid, cold","#5E4FA2","K"
"ARFR-WY050-49-FREMONT-12","white",8,96,30,41,NA,1627,NA,4.4,1,NA,NA,4.9,1,NA,2,1,NA,2,1,NA,2,9.5,1,NA,2,1,NA,2,1,NA,2,1,2,1,NA,2,1,NA,NA,NA,NA,NA,NA,NA,NA,NA,"Y",NA,"N",NA,"ARFR4-SOS-WY050-49-FREMONT-12","#5E4FA2",-109.34775,43.42663611,"5 - 10 Deg. F. / 6 - 12","","5 - 10 Deg. F.","12-Jun","5 - 10 Deg. F. / 6 - 12","5 - 10 / semi-arid","WY.3","#ffb90f","semi-arid, cold","#5E4FA2","K"
"ARFR-AZ930-423-NAVAJO-18","white",8,97,30,42,NA,1628,NA,4.7,1,NA,NA,12.4,1,NA,2,1,NA,2,1,NA,2,52.9,1,NA,2,1,NA,3,1,NA,3,1,3,1,NA,3,1,NA,NA,NA,NA,NA,NA,NA,NA,NA,"Y",NA,"N",NA,"ARFR4-SOS-AZ930-423-NAVAJO-18","#9E0142",-110.431,36.45877,"15 - 20 Deg. F. / 6 - 12","SdZones downloaded 20230823","15 - 20 Deg. F.","12-Jun","15 - 20 Deg. F. / 6 - 12","15 - 20 / semi-arid","AZ.1","#ee5c42","semi-arid, warm","#9E0142","A"
"ARFR-NM930N-66-11","white",8,98,30,43,NA,1629,NA,8.3,1,NA,NA,16.6,1,NA,2,1,NA,2,1,NA,2,54.6,1,NA,2,1,NA,3,1,NA,3,1,3,1,NA,3,1,NA,NA,NA,NA,NA,NA,NA,NA,NA,"Y",NA,"N",NA,"ARFR4-SOS-NM930N-66-11","#F46D43",-107.2045028,36.76818611,"10 - 15 Deg. F. / 3 - 6","","10 - 15 Deg. F.","6-Mar","10 - 15 Deg. F. / 3 - 6","10 - 15 / semi-humid","NM.1","#66e566","semi-humid, cool","#F46D43","C"
"ARFR-WY050-151-FREMONT-16","white",8,99,30,44,NA,1630,NA,5.2,1,NA,NA,6.5,1,NA,2,1,NA,2,1,NA,2,10.4,1,NA,2,1,NA,3,1,NA,3,1,3,1,NA,3,1,NA,NA,NA,NA,NA,NA,NA,NA,NA,"Y",NA,"N",NA,"ARFR4-SOS-WY050-151-FREMONT-16","#3288BD",-108.1704472,42.47886111,"10 - 15 Deg. F. / 6 - 12","","10 - 15 Deg. F.","12-Jun","10 - 15 Deg. F. / 6 - 12","10 - 15 / semi-arid","WY.2","#cd8500","semi-arid, cool","#3288BD","J"
"ARFR-CO932-316-JEFFERSON-12","white",8,100,30,45,318,1631,NA,3,1,NA,NA,7.7,1,NA,2,1,NA,2,1,NA,2,27,1,NA,2,1,NA,3,1,NA,3,1,3,1,NA,3,1,NA,NA,NA,NA,NA,NA,NA,NA,NA,"Y",NA,"N",NA,"ARFR4-SOS-CO932-316-JEFFERSON-12","#FFFF85",-105.358,39.66325,"15 - 20 Deg. F. / 3 - 6","","15 - 20 Deg. F.","6-Mar","15 - 20 Deg. F. / 3 - 6","15 - 20 / semi-humid","CO.3","#698b69","semi-humid, warm","#FFFF85","F"
"ARFR-WY930-44-LASANIMAS-13","white",8,101,30,46,NA,1632,NA,4,1,NA,NA,8.4,1,NA,2,1,NA,2,1,NA,2,30.3,1,NA,2,1,NA,3,1,NA,3,1,3,1,NA,3,1,NA,NA,NA,NA,NA,NA,NA,NA,NA,"Y",NA,"Y",NA,"ARFR4-SOS-WY930-44-LASANIMAS-13","#FDAE61",-104.6423889,37.16547222,"15 - 20 Deg. F. / 3 - 6","","15 - 20 Deg. F.","6-Mar","15 - 20 Deg. F. / 3 - 6","15 - 20 / semi-humid","CO.1","#698b69","semi-humid, warm","#FDAE61","D"
"ARFR-NM930N-66-11","white",8,102,30,47,NA,1633,NA,12.1,1,NA,NA,20.1,1,NA,2,1,NA,2,1,NA,2,47.7,1,NA,2,1,NA,3,1,NA,3,1,3,1,NA,3,1,NA,NA,NA,NA,NA,NA,NA,NA,NA,"Y",NA,"N",NA,"ARFR4-SOS-NM930N-66-11","#F46D43",-107.2045028,36.76818611,"10 - 15 Deg. F. / 3 - 6","","10 - 15 Deg. F.","6-Mar","10 - 15 Deg. F. / 3 - 6","10 - 15 / semi-humid","NM.1","#66e566","semi-humid, cool","#F46D43","C"
"ARFR-AZ930-422-NAVAJO-18","white",8,103,30,48,NA,1634,NA,5.8,1,NA,NA,12.1,1,NA,2,1,NA,2,1,NA,2,51.1,1,NA,2,1,NA,3,1,NA,3,1,3,1,NA,3,1,NA,NA,NA,NA,NA,NA,NA,NA,NA,"Y",NA,"N",NA,"ARFR4-SOS-AZ930-422-NAVAJO-18","#D53E4F",-110.431,36.56805,"15 - 20 Deg. F. / 6 - 12","Lats corrected 20230127","15 - 20 Deg. F.","12-Jun","15 - 20 Deg. F. / 6 - 12","15 - 20 / semi-arid","AZ.2","#ee5c42","semi-arid, warm","#D53E4F","B"
"ARFR-CO932-316-JEFFERSON-12","white",8,104,30,49,NA,1635,NA,5,1,NA,NA,7.4,1,NA,2,1,NA,2,1,NA,2,18.5,1,NA,2,1,NA,2,1,NA,3,1,3,1,NA,3,1,NA,NA,"Yes",NA,102.18,"L",70.202,10.19,3.23,"Y",NA,"N",NA,"ARFR4-SOS-CO932-316-JEFFERSON-12","#FFFF85",-105.358,39.66325,"15 - 20 Deg. F. / 3 - 6","","15 - 20 Deg. F.","6-Mar","15 - 20 Deg. F. / 3 - 6","15 - 20 / semi-humid","CO.3","#698b69","semi-humid, warm","#FFFF85","F"
"ARFR-WY050-151-FREMONT-16","white",8,105,30,50,319,1636,NA,4.5,1,NA,NA,7,1,NA,2,1,NA,2,1,NA,2,35.2,1,NA,2,1,NA,3,1,NA,3,1,3,1,NA,3,1,NA,NA,NA,NA,NA,NA,NA,NA,NA,"Y",NA,"N",NA,"ARFR4-SOS-WY050-151-FREMONT-16","#3288BD",-108.1704472,42.47886111,"10 - 15 Deg. F. / 6 - 12","","10 - 15 Deg. F.","12-Jun","10 - 15 Deg. F. / 6 - 12","10 - 15 / semi-arid","WY.2","#cd8500","semi-arid, cool","#3288BD","J"
"ARFR-CO932-314-JEFFERSON-12","white",8,106,30,51,NA,1637,NA,5.5,1,NA,NA,6.9,1,NA,2,1,NA,2,1,NA,2,24.2,1,NA,2,1,NA,3,1,NA,3,1,3,1,NA,3,1,NA,NA,"Yes",NA,75.14,"L",43.162,26.84,19.88,"Y",NA,"N",NA,"ARFR4-SOS-CO932-314-JEFFERSON-12","#FEE08B",-105.3553333,39.40902778,"10 - 15 Deg. F. / 3 - 6","","10 - 15 Deg. F.","6-Mar","10 - 15 Deg. F. / 3 - 6","10 - 15 / semi-humid","CO.2","#66e566","semi-humid, cool","#FEE08B","E"
"ARFR-UT080-109-UINTAH-12","white",8,107,30,52,NA,1638,NA,3,1,NA,NA,9.2,1,NA,2,1,NA,2,1,NA,2,29.1,1,NA,2,1,NA,3,1,NA,3,1,3,1,NA,3,1,NA,NA,NA,NA,NA,NA,NA,NA,NA,"Y",NA,"N",NA,"ARFR4-SOS-UT080-109-UINTAH-12","#aabe7f",-109.1426444,39.70802222,"10 - 15 Deg. F. / 3 - 6","","10 - 15 Deg. F.","6-Mar","10 - 15 Deg. F. / 3 - 6","10 - 15 / semi-humid","UT.1","#66e566","semi-humid, cool","#aabe7f","G"
"ARFR-WY930-44-LASANIMAS-13","white",8,108,30,53,NA,1639,NA,4.3,1,NA,NA,6.8,1,NA,2,1,NA,2,1,NA,2,20.9,1,NA,2,1,NA,2,1,NA,3,1,3,1,NA,3,1,NA,NA,NA,NA,NA,NA,NA,NA,NA,"Y",NA,"N",NA,"ARFR4-SOS-WY930-44-LASANIMAS-13","#FDAE61",-104.6423889,37.16547222,"15 - 20 Deg. F. / 3 - 6","","15 - 20 Deg. F.","6-Mar","15 - 20 Deg. F. / 3 - 6","15 - 20 / semi-humid","CO.1","#698b69","semi-humid, warm","#FDAE61","D"
"ARFR-WY040-71-10","white",8,109,30,54,NA,1640,NA,4.3,1,NA,NA,5.7,1,NA,2,1,NA,2,1,NA,2,25,1,NA,2,1,NA,3,1,NA,3,1,3,1,NA,3,1,NA,NA,NA,NA,NA,NA,NA,NA,NA,"Y",NA,"N",NA,"ARFR4-SOS-WY040-71-10","#66C2A5",-109.2433156,41.13271889,"5 - 10 Deg. F. / 3 - 6","","5 - 10 Deg. F.","6-Mar","5 - 10 Deg. F. / 3 - 6","5 - 10 / semi-humid","WY.1","#a5c2f1","semi-humid, cold","#66C2A5","I"
"ARFR-WY050-49-FREMONT-12","white",8,110,30,55,320,1641,NA,5.4,1,NA,NA,5.9,1,NA,2,1,NA,2,1,NA,2,18.7,1,NA,2,1,NA,2,1,NA,3,1,3,1,NA,3,1,NA,NA,NA,NA,NA,NA,NA,NA,NA,"Y",NA,"Y",NA,"ARFR4-SOS-WY050-49-FREMONT-12","#5E4FA2",-109.34775,43.42663611,"5 - 10 Deg. F. / 6 - 12","","5 - 10 Deg. F.","12-Jun","5 - 10 Deg. F. / 6 - 12","5 - 10 / semi-arid","WY.3","#ffb90f","semi-arid, cold","#5E4FA2","K"
"ARFR-WY040-71-10","white",8,111,31,1,321,1642,NA,5.2,1,NA,NA,6,1,NA,2,1,NA,2,1,NA,2,8,1,NA,2,1,NA,2,1,NA,2,1,2,1,NA,2,1,NA,NA,NA,NA,NA,NA,NA,NA,NA,"Y",NA,"N",NA,"ARFR4-SOS-WY040-71-10","#66C2A5",-109.2433156,41.13271889,"5 - 10 Deg. F. / 3 - 6","","5 - 10 Deg. F.","6-Mar","5 - 10 Deg. F. / 3 - 6","5 - 10 / semi-humid","WY.1","#a5c2f1","semi-humid, cold","#66C2A5","I"
"ARFR-WY040-71-10","white",8,112,31,2,NA,1643,NA,6.2,1,NA,NA,4.1,1,NA,2,1,NA,2,1,NA,2,9.5,1,NA,2,1,NA,2,1,NA,2,1,2,1,NA,2,1,NA,NA,"Yes",NA,22.79,"S",15.83,7.52,0.103,"Y","weighed infs w/o bag","N",NA,"ARFR4-SOS-WY040-71-10","#66C2A5",-109.2433156,41.13271889,"5 - 10 Deg. F. / 3 - 6","","5 - 10 Deg. F.","6-Mar","5 - 10 Deg. F. / 3 - 6","5 - 10 / semi-humid","WY.1","#a5c2f1","semi-humid, cold","#66C2A5","I"
"ARFR-CO932-316-JEFFERSON-12","white",8,113,31,3,NA,1644,NA,5.5,1,NA,NA,12.6,1,NA,2,1,NA,2,1,NA,2,44.2,1,NA,2,1,NA,3,1,NA,3,1,3,1,NA,3,1,NA,NA,NA,NA,NA,NA,NA,NA,NA,"Y",NA,"N",NA,"ARFR4-SOS-CO932-316-JEFFERSON-12","#FFFF85",-105.358,39.66325,"15 - 20 Deg. F. / 3 - 6","","15 - 20 Deg. F.","6-Mar","15 - 20 Deg. F. / 3 - 6","15 - 20 / semi-humid","CO.3","#698b69","semi-humid, warm","#FFFF85","F"
"ARFR-WY930-44-LASANIMAS-13","white",8,114,31,4,NA,1645,NA,4.8,1,NA,NA,NA,0,NA,NA,0,NA,NA,0,NA,NA,NA,0,NA,NA,0,NA,NA,0,NA,NA,0,NA,0,NA,NA,0,NA,NA,NA,NA,NA,NA,NA,NA,NA,"N",NA,"N",NA,"ARFR4-SOS-WY930-44-LASANIMAS-13","#FDAE61",-104.6423889,37.16547222,"15 - 20 Deg. F. / 3 - 6","","15 - 20 Deg. F.","6-Mar","15 - 20 Deg. F. / 3 - 6","15 - 20 / semi-humid","CO.1","#698b69","semi-humid, warm","#FDAE61","D"
"ARFR-CO932-314-JEFFERSON-12","white",8,115,31,5,322,1646,NA,NA,1,"Y","314 Jefferson",3.3,1,"almost dead 5/31",2,1,NA,2,1,NA,2,15.9,1,NA,2,1,NA,2,1,NA,3,1,3,1,NA,3,1,NA,NA,NA,NA,NA,NA,NA,NA,NA,"N",NA,"N",NA,"ARFR4-SOS-CO932-314-JEFFERSON-12","#FEE08B",-105.3553333,39.40902778,"10 - 15 Deg. F. / 3 - 6","","10 - 15 Deg. F.","6-Mar","10 - 15 Deg. F. / 3 - 6","10 - 15 / semi-humid","CO.2","#66e566","semi-humid, cool","#FEE08B","E"
"ARFR-AZ930-423-NAVAJO-18","white",8,116,31,6,NA,1647,NA,5.5,1,NA,NA,10.3,1,NA,2,1,NA,2,1,NA,2,33.5,1,NA,3,1,NA,3,1,NA,3,1,3,1,NA,3,1,NA,NA,NA,NA,NA,NA,NA,NA,NA,"Y",NA,"N",NA,"ARFR4-SOS-AZ930-423-NAVAJO-18","#9E0142",-110.431,36.45877,"15 - 20 Deg. F. / 6 - 12","SdZones downloaded 20230823","15 - 20 Deg. F.","12-Jun","15 - 20 Deg. F. / 6 - 12","15 - 20 / semi-arid","AZ.1","#ee5c42","semi-arid, warm","#9E0142","A"
"ARFR-CO932-294-11","white",8,117,31,7,NA,1648,NA,6.5,1,NA,NA,8.1,1,NA,2,1,NA,2,1,NA,2,37.7,1,NA,2,1,NA,3,1,NA,3,1,3,1,NA,3,1,NA,NA,NA,NA,NA,NA,NA,NA,NA,"Y",NA,"N",NA,"ARFR4-SOS-CO932-294-11","#ABDDA4",-105.2030833,39.78458333,"15 - 20 Deg. F. / 3 - 6","","15 - 20 Deg. F.","6-Mar","15 - 20 Deg. F. / 3 - 6","15 - 20 / semi-humid","CO.4","#698b69","semi-humid, warm","#ABDDA4","H"
"ARFR-WY050-49-FREMONT-12","white",8,118,31,8,NA,1649,NA,3.4,1,NA,NA,4.5,1,NA,2,1,NA,2,1,NA,2,10.2,1,NA,2,1,NA,2,1,NA,2,1,2,1,NA,2,1,NA,NA,NA,NA,NA,NA,NA,NA,NA,"N",NA,"N",NA,"ARFR4-SOS-WY050-49-FREMONT-12","#5E4FA2",-109.34775,43.42663611,"5 - 10 Deg. F. / 6 - 12","","5 - 10 Deg. F.","12-Jun","5 - 10 Deg. F. / 6 - 12","5 - 10 / semi-arid","WY.3","#ffb90f","semi-arid, cold","#5E4FA2","K"
"ARFR-NM930N-66-11","white",8,119,31,9,NA,1650,NA,9,1,NA,NA,14.1,1,NA,2,1,NA,2,1,NA,2,61.8,1,NA,2,1,NA,3,1,NA,3,1,3,1,NA,3,1,NA,NA,NA,NA,NA,NA,NA,NA,NA,"Y",NA,"N",NA,"ARFR4-SOS-NM930N-66-11","#F46D43",-107.2045028,36.76818611,"10 - 15 Deg. F. / 3 - 6","","10 - 15 Deg. F.","6-Mar","10 - 15 Deg. F. / 3 - 6","10 - 15 / semi-humid","NM.1","#66e566","semi-humid, cool","#F46D43","C"
"ARFR-CO932-316-JEFFERSON-12","white",8,120,31,10,323,1651,NA,NA,0,"Y","316 Jefferson",4.5,1,NA,2,1,NA,2,1,NA,2,14.3,1,NA,2,1,NA,3,1,NA,3,1,3,1,NA,3,1,NA,NA,NA,NA,NA,NA,NA,NA,NA,"Y",NA,"N",NA,"ARFR4-SOS-CO932-316-JEFFERSON-12","#FFFF85",-105.358,39.66325,"15 - 20 Deg. F. / 3 - 6","","15 - 20 Deg. F.","6-Mar","15 - 20 Deg. F. / 3 - 6","15 - 20 / semi-humid","CO.3","#698b69","semi-humid, warm","#FFFF85","F"
"ARFR-CO932-316-JEFFERSON-12","white",8,121,31,11,NA,1652,NA,5.4,1,NA,NA,9.6,1,NA,2,1,NA,2,1,NA,2,44.1,1,NA,2,1,NA,3,1,NA,3,1,3,1,NA,3,1,NA,NA,NA,NA,NA,NA,NA,NA,NA,"Y",NA,"N",NA,"ARFR4-SOS-CO932-316-JEFFERSON-12","#FFFF85",-105.358,39.66325,"15 - 20 Deg. F. / 3 - 6","","15 - 20 Deg. F.","6-Mar","15 - 20 Deg. F. / 3 - 6","15 - 20 / semi-humid","CO.3","#698b69","semi-humid, warm","#FFFF85","F"
"ARFR-WY040-71-10","white",8,122,31,12,NA,1653,NA,3.5,1,NA,NA,7,1,NA,2,1,NA,2,1,NA,2,30.7,1,NA,3,1,NA,3,1,NA,3,1,3,1,NA,3,1,NA,NA,NA,NA,NA,NA,NA,NA,NA,"Y",NA,"N",NA,"ARFR4-SOS-WY040-71-10","#66C2A5",-109.2433156,41.13271889,"5 - 10 Deg. F. / 3 - 6","","5 - 10 Deg. F.","6-Mar","5 - 10 Deg. F. / 3 - 6","5 - 10 / semi-humid","WY.1","#a5c2f1","semi-humid, cold","#66C2A5","I"
"ARFR-WY050-151-FREMONT-16","white",8,123,31,13,NA,1654,NA,3.3,1,NA,NA,4.5,1,NA,2,1,NA,2,1,NA,2,9.5,1,NA,2,1,NA,2,1,NA,2,1,2,1,NA,2,1,NA,NA,NA,NA,NA,NA,NA,NA,NA,"Y",NA,"Y",NA,"ARFR4-SOS-WY050-151-FREMONT-16","#3288BD",-108.1704472,42.47886111,"10 - 15 Deg. F. / 6 - 12","","10 - 15 Deg. F.","12-Jun","10 - 15 Deg. F. / 6 - 12","10 - 15 / semi-arid","WY.2","#cd8500","semi-arid, cool","#3288BD","J"
"ARFR-NM930N-66-11","white",8,124,31,14,NA,1655,NA,5.7,1,NA,NA,14.5,1,NA,2,1,NA,2,1,NA,2,54.6,1,NA,2,1,NA,3,1,NA,3,1,3,1,NA,3,1,NA,NA,NA,NA,NA,NA,NA,NA,NA,"Y",NA,"N",NA,"ARFR4-SOS-NM930N-66-11","#F46D43",-107.2045028,36.76818611,"10 - 15 Deg. F. / 3 - 6","","10 - 15 Deg. F.","6-Mar","10 - 15 Deg. F. / 3 - 6","10 - 15 / semi-humid","NM.1","#66e566","semi-humid, cool","#F46D43","C"
"ARFR-AZ930-423-NAVAJO-18","white",8,125,31,15,324,1656,NA,5.8,1,NA,NA,9.7,1,NA,2,1,NA,2,1,NA,2,33.9,1,NA,2,1,NA,3,1,NA,3,1,3,1,NA,3,1,NA,NA,NA,NA,NA,NA,NA,NA,NA,"Y",NA,"N",NA,"ARFR4-SOS-AZ930-423-NAVAJO-18","#9E0142",-110.431,36.45877,"15 - 20 Deg. F. / 6 - 12","SdZones downloaded 20230823","15 - 20 Deg. F.","12-Jun","15 - 20 Deg. F. / 6 - 12","15 - 20 / semi-arid","AZ.1","#ee5c42","semi-arid, warm","#9E0142","A"
"ARFR-WY930-44-LASANIMAS-13","white",8,126,31,16,NA,1657,NA,8.4,1,NA,NA,12.6,1,NA,2,1,NA,2,1,NA,2,40.6,1,NA,2,1,NA,3,1,NA,3,1,3,1,NA,3,1,NA,NA,NA,NA,NA,NA,NA,NA,NA,"Y",NA,"N",NA,"ARFR4-SOS-WY930-44-LASANIMAS-13","#FDAE61",-104.6423889,37.16547222,"15 - 20 Deg. F. / 3 - 6","","15 - 20 Deg. F.","6-Mar","15 - 20 Deg. F. / 3 - 6","15 - 20 / semi-humid","CO.1","#698b69","semi-humid, warm","#FDAE61","D"
"ARFR-WY050-49-FREMONT-12","white",8,127,31,17,NA,1658,NA,3,1,NA,NA,4.9,1,"Odd morphology 5/10",2,1,NA,2,1,NA,2,24.6,1,NA,2,1,NA,3,1,NA,3,1,3,1,NA,3,1,NA,NA,NA,NA,NA,NA,NA,NA,NA,"Y",NA,"N",NA,"ARFR4-SOS-WY050-49-FREMONT-12","#5E4FA2",-109.34775,43.42663611,"5 - 10 Deg. F. / 6 - 12","","5 - 10 Deg. F.","12-Jun","5 - 10 Deg. F. / 6 - 12","5 - 10 / semi-arid","WY.3","#ffb90f","semi-arid, cold","#5E4FA2","K"
"ARFR-UT080-109-UINTAH-12","white",8,128,31,18,NA,1659,NA,8.3,1,NA,NA,NA,0,NA,NA,0,NA,NA,0,NA,NA,NA,0,NA,NA,0,NA,NA,0,NA,NA,0,NA,0,NA,NA,0,NA,NA,NA,NA,NA,NA,NA,NA,NA,"N",NA,"N",NA,"ARFR4-SOS-UT080-109-UINTAH-12","#aabe7f",-109.1426444,39.70802222,"10 - 15 Deg. F. / 3 - 6","","10 - 15 Deg. F.","6-Mar","10 - 15 Deg. F. / 3 - 6","10 - 15 / semi-humid","UT.1","#66e566","semi-humid, cool","#aabe7f","G"
"ARFR-CO932-294-11","white",8,129,31,19,NA,1660,NA,7.6,1,NA,NA,10.4,1,NA,2,1,"buds?",2,1,NA,2,32.5,1,NA,2,1,NA,3,1,NA,3,1,3,1,NA,3,1,NA,NA,NA,NA,NA,NA,NA,NA,NA,"Y",NA,"N",NA,"ARFR4-SOS-CO932-294-11","#ABDDA4",-105.2030833,39.78458333,"15 - 20 Deg. F. / 3 - 6","","15 - 20 Deg. F.","6-Mar","15 - 20 Deg. F. / 3 - 6","15 - 20 / semi-humid","CO.4","#698b69","semi-humid, warm","#ABDDA4","H"
"ARFR-WY050-49-FREMONT-12","white",8,130,31,20,325,1661,NA,5,1,NA,NA,4.5,1,NA,2,1,NA,2,1,NA,2,15.2,1,NA,2,1,NA,3,1,NA,3,1,3,1,NA,3,1,NA,NA,NA,NA,NA,NA,NA,NA,NA,"Y",NA,"N",NA,"ARFR4-SOS-WY050-49-FREMONT-12","#5E4FA2",-109.34775,43.42663611,"5 - 10 Deg. F. / 6 - 12","","5 - 10 Deg. F.","12-Jun","5 - 10 Deg. F. / 6 - 12","5 - 10 / semi-arid","WY.3","#ffb90f","semi-arid, cold","#5E4FA2","K"
"ARFR-CO932-316-JEFFERSON-12","white",8,131,31,21,NA,1662,NA,6.4,1,NA,NA,8.8,1,NA,2,1,NA,2,1,NA,2,39,1,NA,2,1,NA,3,1,NA,3,1,3,1,NA,3,1,NA,NA,NA,NA,NA,NA,NA,NA,NA,"Y",NA,"N",NA,"ARFR4-SOS-CO932-316-JEFFERSON-12","#FFFF85",-105.358,39.66325,"15 - 20 Deg. F. / 3 - 6","","15 - 20 Deg. F.","6-Mar","15 - 20 Deg. F. / 3 - 6","15 - 20 / semi-humid","CO.3","#698b69","semi-humid, warm","#FFFF85","F"
"ARFR-CO932-294-11","white",8,132,31,22,NA,1663,NA,6,1,NA,NA,9.9,1,NA,2,1,NA,2,1,NA,2,41.1,1,NA,2,1,NA,3,1,NA,3,1,3,1,NA,3,1,NA,NA,NA,NA,NA,NA,NA,NA,NA,"Y",NA,"N",NA,"ARFR4-SOS-CO932-294-11","#ABDDA4",-105.2030833,39.78458333,"15 - 20 Deg. F. / 3 - 6","","15 - 20 Deg. F.","6-Mar","15 - 20 Deg. F. / 3 - 6","15 - 20 / semi-humid","CO.4","#698b69","semi-humid, warm","#ABDDA4","H"
"ARFR-WY040-71-10","white",8,133,31,23,NA,1664,NA,6.1,1,NA,NA,7.3,1,NA,2,1,NA,2,1,NA,2,19.7,1,NA,2,1,NA,2,1,NA,2,1,2,1,NA,2,1,NA,NA,NA,NA,NA,NA,NA,NA,NA,"Y",NA,"N",NA,"ARFR4-SOS-WY040-71-10","#66C2A5",-109.2433156,41.13271889,"5 - 10 Deg. F. / 3 - 6","","5 - 10 Deg. F.","6-Mar","5 - 10 Deg. F. / 3 - 6","5 - 10 / semi-humid","WY.1","#a5c2f1","semi-humid, cold","#66C2A5","I"
"ARFR-NM930N-66-11","white",8,134,31,24,NA,1665,NA,8.2,1,NA,NA,12.6,1,NA,2,1,NA,2,1,NA,2,42.4,1,NA,2,1,NA,3,1,NA,3,1,3,1,NA,3,1,NA,NA,NA,NA,NA,NA,NA,NA,NA,"Y",NA,"N",NA,"ARFR4-SOS-NM930N-66-11","#F46D43",-107.2045028,36.76818611,"10 - 15 Deg. F. / 3 - 6","","10 - 15 Deg. F.","6-Mar","10 - 15 Deg. F. / 3 - 6","10 - 15 / semi-humid","NM.1","#66e566","semi-humid, cool","#F46D43","C"
"ARFR-WY050-151-FREMONT-16","white",8,135,31,25,326,1666,NA,5,1,NA,NA,5.9,1,NA,2,1,NA,2,1,NA,2,11,1,NA,2,1,NA,2,1,NA,2,1,2,1,NA,2,1,NA,NA,NA,NA,NA,NA,NA,NA,NA,"Y",NA,"Y",NA,"ARFR4-SOS-WY050-151-FREMONT-16","#3288BD",-108.1704472,42.47886111,"10 - 15 Deg. F. / 6 - 12","","10 - 15 Deg. F.","12-Jun","10 - 15 Deg. F. / 6 - 12","10 - 15 / semi-arid","WY.2","#cd8500","semi-arid, cool","#3288BD","J"
"ARFR-WY050-49-FREMONT-12","white",8,136,31,26,NA,1667,NA,5.7,1,NA,NA,6,1,NA,2,1,NA,2,1,NA,2,12.9,1,NA,2,1,NA,3,1,NA,3,1,3,1,NA,3,1,NA,NA,NA,NA,NA,NA,NA,NA,NA,"Y",NA,"N",NA,"ARFR4-SOS-WY050-49-FREMONT-12","#5E4FA2",-109.34775,43.42663611,"5 - 10 Deg. F. / 6 - 12","","5 - 10 Deg. F.","12-Jun","5 - 10 Deg. F. / 6 - 12","5 - 10 / semi-arid","WY.3","#ffb90f","semi-arid, cold","#5E4FA2","K"
"ARFR-WY050-151-FREMONT-16","white",8,137,31,27,NA,1668,NA,4,1,NA,NA,4.5,1,NA,2,1,NA,2,1,NA,2,12.4,1,NA,2,1,NA,3,1,NA,3,1,3,1,NA,3,1,NA,NA,NA,NA,NA,NA,NA,NA,NA,"Y",NA,"N",NA,"ARFR4-SOS-WY050-151-FREMONT-16","#3288BD",-108.1704472,42.47886111,"10 - 15 Deg. F. / 6 - 12","","10 - 15 Deg. F.","12-Jun","10 - 15 Deg. F. / 6 - 12","10 - 15 / semi-arid","WY.2","#cd8500","semi-arid, cool","#3288BD","J"
"ARFR-AZ930-423-NAVAJO-18","white",8,138,31,28,NA,1669,NA,6.2,1,NA,NA,11.3,1,NA,2,1,NA,2,1,NA,2,45.8,1,NA,2,1,NA,3,1,NA,3,1,3,1,NA,3,1,NA,NA,NA,NA,NA,NA,NA,NA,NA,"Y",NA,"N",NA,"ARFR4-SOS-AZ930-423-NAVAJO-18","#9E0142",-110.431,36.45877,"15 - 20 Deg. F. / 6 - 12","SdZones downloaded 20230823","15 - 20 Deg. F.","12-Jun","15 - 20 Deg. F. / 6 - 12","15 - 20 / semi-arid","AZ.1","#ee5c42","semi-arid, warm","#9E0142","A"
"ARFR-CO932-314-JEFFERSON-12","white",8,139,31,29,NA,1670,NA,NA,0,"Y","314 Jefferson",2.9,1,NA,2,1,NA,2,1,NA,2,16,1,NA,2,1,NA,3,1,NA,3,1,3,1,NA,3,1,NA,NA,NA,NA,NA,NA,NA,NA,NA,"N",NA,"N",NA,"ARFR4-SOS-CO932-314-JEFFERSON-12","#FEE08B",-105.3553333,39.40902778,"10 - 15 Deg. F. / 3 - 6","","10 - 15 Deg. F.","6-Mar","10 - 15 Deg. F. / 3 - 6","10 - 15 / semi-humid","CO.2","#66e566","semi-humid, cool","#FEE08B","E"
"ARFR-CO932-316-JEFFERSON-12","white",8,140,31,30,327,1671,NA,5,1,NA,NA,9.8,1,NA,2,1,NA,2,1,NA,2,30.7,1,NA,2,1,NA,3,1,NA,3,1,3,1,NA,3,1,NA,NA,NA,NA,NA,NA,NA,NA,NA,"Y",NA,"N",NA,"ARFR4-SOS-CO932-316-JEFFERSON-12","#FFFF85",-105.358,39.66325,"15 - 20 Deg. F. / 3 - 6","","15 - 20 Deg. F.","6-Mar","15 - 20 Deg. F. / 3 - 6","15 - 20 / semi-humid","CO.3","#698b69","semi-humid, warm","#FFFF85","F"
"ARFR-AZ930-423-NAVAJO-18","white",8,141,31,31,NA,1672,NA,4.5,1,NA,NA,8,1,NA,2,1,NA,2,1,NA,2,37.2,1,NA,2,1,NA,3,1,NA,3,1,3,1,NA,3,1,NA,NA,NA,NA,NA,NA,NA,NA,NA,"Y",NA,"N",NA,"ARFR4-SOS-AZ930-423-NAVAJO-18","#9E0142",-110.431,36.45877,"15 - 20 Deg. F. / 6 - 12","SdZones downloaded 20230823","15 - 20 Deg. F.","12-Jun","15 - 20 Deg. F. / 6 - 12","15 - 20 / semi-arid","AZ.1","#ee5c42","semi-arid, warm","#9E0142","A"
"ARFR-WY050-49-FREMONT-12","white",8,142,31,32,NA,1673,NA,2,1,NA,NA,3.1,1,NA,2,1,NA,2,1,NA,2,8.6,1,NA,2,1,NA,2,1,NA,2,1,2,1,NA,2,1,NA,NA,NA,NA,NA,NA,NA,NA,NA,"N",NA,"N",NA,"ARFR4-SOS-WY050-49-FREMONT-12","#5E4FA2",-109.34775,43.42663611,"5 - 10 Deg. F. / 6 - 12","","5 - 10 Deg. F.","12-Jun","5 - 10 Deg. F. / 6 - 12","5 - 10 / semi-arid","WY.3","#ffb90f","semi-arid, cold","#5E4FA2","K"
"ARFR-AZ930-422-NAVAJO-18","white",8,143,31,33,NA,1674,NA,6,1,NA,NA,13.5,1,NA,2,1,NA,2,1,NA,2,51.8,1,NA,3,1,NA,3,1,NA,3,1,3,1,NA,3,1,NA,NA,NA,NA,NA,NA,NA,NA,NA,"Y",NA,"N",NA,"ARFR4-SOS-AZ930-422-NAVAJO-18","#D53E4F",-110.431,36.56805,"15 - 20 Deg. F. / 6 - 12","Lats corrected 20230127","15 - 20 Deg. F.","12-Jun","15 - 20 Deg. F. / 6 - 12","15 - 20 / semi-arid","AZ.2","#ee5c42","semi-arid, warm","#D53E4F","B"
"ARFR-AZ930-422-NAVAJO-18","white",8,144,31,34,NA,1675,NA,4.2,1,NA,NA,10.6,1,NA,2,1,"buds?",2,1,NA,2,49.5,1,NA,2,1,NA,3,1,NA,3,1,3,1,NA,3,1,NA,NA,NA,NA,NA,NA,NA,NA,NA,"Y",NA,"N",NA,"ARFR4-SOS-AZ930-422-NAVAJO-18","#D53E4F",-110.431,36.56805,"15 - 20 Deg. F. / 6 - 12","Lats corrected 20230127","15 - 20 Deg. F.","12-Jun","15 - 20 Deg. F. / 6 - 12","15 - 20 / semi-arid","AZ.2","#ee5c42","semi-arid, warm","#D53E4F","B"
"ARFR-UT080-109-UINTAH-12","white",8,145,31,35,328,1676,NA,7.6,1,NA,NA,13.9,1,NA,2,1,NA,2,1,NA,2,28,1,NA,2,1,NA,2,1,NA,2,1,3,1,NA,3,1,"Initially marked as 2 but was 3 last time. Check to resolve",NA,NA,NA,NA,NA,NA,NA,NA,"Y",NA,"N",NA,"ARFR4-SOS-UT080-109-UINTAH-12","#aabe7f",-109.1426444,39.70802222,"10 - 15 Deg. F. / 3 - 6","","10 - 15 Deg. F.","6-Mar","10 - 15 Deg. F. / 3 - 6","10 - 15 / semi-humid","UT.1","#66e566","semi-humid, cool","#aabe7f","G"
"ARFR-NM930N-66-11","white",8,146,31,36,NA,1677,NA,11.3,1,NA,NA,19.4,1,NA,2,1,NA,2,1,NA,2,61.2,1,NA,2,1,NA,3,1,NA,3,1,3,1,NA,3,1,NA,NA,"Yes",NA,181.2,"L",149.222,34.58,NA,"Y","27.62 was no bag. But perhaps another 7.48g found in a big bag. Look for other (sm) bag with infs…","N",NA,"ARFR4-SOS-NM930N-66-11","#F46D43",-107.2045028,36.76818611,"10 - 15 Deg. F. / 3 - 6","","10 - 15 Deg. F.","6-Mar","10 - 15 Deg. F. / 3 - 6","10 - 15 / semi-humid","NM.1","#66e566","semi-humid, cool","#F46D43","C"
"ARFR-CO932-314-JEFFERSON-12","white",8,147,31,37,NA,1678,NA,3.6,1,NA,NA,8.3,1,NA,2,1,NA,2,1,NA,2,23.9,1,NA,3,1,NA,3,1,NA,3,1,3,1,NA,3,1,NA,NA,NA,NA,NA,NA,NA,NA,NA,"Y",NA,"N",NA,"ARFR4-SOS-CO932-314-JEFFERSON-12","#FEE08B",-105.3553333,39.40902778,"10 - 15 Deg. F. / 3 - 6","","10 - 15 Deg. F.","6-Mar","10 - 15 Deg. F. / 3 - 6","10 - 15 / semi-humid","CO.2","#66e566","semi-humid, cool","#FEE08B","E"
"ARFR-UT080-109-UINTAH-12","white",8,148,31,38,NA,1679,NA,6,1,NA,NA,12.6,1,NA,2,1,NA,2,1,NA,2,54.1,1,NA,2,1,NA,3,1,NA,3,1,3,1,NA,3,1,NA,NA,NA,NA,NA,NA,NA,NA,NA,"Y",NA,"N",NA,"ARFR4-SOS-UT080-109-UINTAH-12","#aabe7f",-109.1426444,39.70802222,"10 - 15 Deg. F. / 3 - 6","","10 - 15 Deg. F.","6-Mar","10 - 15 Deg. F. / 3 - 6","10 - 15 / semi-humid","UT.1","#66e566","semi-humid, cool","#aabe7f","G"
"ARFR-NM930N-66-11","white",8,149,31,39,NA,1680,NA,8.6,1,NA,NA,11.3,1,NA,2,1,NA,2,1,NA,2,44.9,1,NA,2,1,NA,3,1,NA,3,1,3,1,NA,3,1,NA,NA,NA,NA,NA,NA,NA,NA,NA,"Y",NA,"N",NA,"ARFR4-SOS-NM930N-66-11","#F46D43",-107.2045028,36.76818611,"10 - 15 Deg. F. / 3 - 6","","10 - 15 Deg. F.","6-Mar","10 - 15 Deg. F. / 3 - 6","10 - 15 / semi-humid","NM.1","#66e566","semi-humid, cool","#F46D43","C"
"ARFR-WY040-71-10","white",8,150,31,40,329,1681,NA,5.1,1,NA,NA,9.1,1,NA,2,1,NA,2,1,NA,2,30.5,1,NA,2,1,NA,3,1,NA,3,1,3,1,NA,3,1,NA,NA,NA,NA,NA,NA,NA,NA,NA,"Y",NA,"N",NA,"ARFR4-SOS-WY040-71-10","#66C2A5",-109.2433156,41.13271889,"5 - 10 Deg. F. / 3 - 6","","5 - 10 Deg. F.","6-Mar","5 - 10 Deg. F. / 3 - 6","5 - 10 / semi-humid","WY.1","#a5c2f1","semi-humid, cold","#66C2A5","I"
"ARFR-AZ930-423-NAVAJO-18","white",8,151,31,41,NA,1682,NA,8.9,1,NA,NA,14.2,1,NA,2,1,NA,2,1,NA,2,47.2,1,NA,3,1,NA,3,1,NA,3,1,3,1,NA,3,1,NA,NA,NA,NA,NA,NA,NA,NA,NA,"Y",NA,"N",NA,"ARFR4-SOS-AZ930-423-NAVAJO-18","#9E0142",-110.431,36.45877,"15 - 20 Deg. F. / 6 - 12","SdZones downloaded 20230823","15 - 20 Deg. F.","12-Jun","15 - 20 Deg. F. / 6 - 12","15 - 20 / semi-arid","AZ.1","#ee5c42","semi-arid, warm","#9E0142","A"
"ARFR-CO932-316-JEFFERSON-12","white",8,152,31,42,NA,1683,NA,5.3,1,NA,NA,10,1,NA,2,1,NA,2,1,NA,2,30.6,1,NA,2,1,NA,3,1,NA,3,1,3,1,NA,3,1,NA,NA,NA,NA,NA,NA,NA,NA,NA,"Y",NA,"N",NA,"ARFR4-SOS-CO932-316-JEFFERSON-12","#FFFF85",-105.358,39.66325,"15 - 20 Deg. F. / 3 - 6","","15 - 20 Deg. F.","6-Mar","15 - 20 Deg. F. / 3 - 6","15 - 20 / semi-humid","CO.3","#698b69","semi-humid, warm","#FFFF85","F"
"ARFR-CO932-316-JEFFERSON-12","white",8,153,31,43,NA,1684,NA,6.4,1,NA,NA,9.9,1,NA,2,1,NA,2,1,NA,2,44.7,1,NA,2,1,NA,3,1,NA,3,1,3,1,NA,3,1,NA,NA,NA,NA,NA,NA,NA,NA,NA,"Y",NA,"N",NA,"ARFR4-SOS-CO932-316-JEFFERSON-12","#FFFF85",-105.358,39.66325,"15 - 20 Deg. F. / 3 - 6","","15 - 20 Deg. F.","6-Mar","15 - 20 Deg. F. / 3 - 6","15 - 20 / semi-humid","CO.3","#698b69","semi-humid, warm","#FFFF85","F"
"ARFR-UT080-109-UINTAH-12","white",8,154,31,44,NA,1685,NA,8.6,1,NA,NA,11.6,1,NA,2,1,NA,2,1,NA,2,36.5,1,NA,2,1,NA,3,1,NA,3,1,3,1,NA,3,1,NA,NA,NA,NA,NA,NA,NA,NA,NA,"Y",NA,"N",NA,"ARFR4-SOS-UT080-109-UINTAH-12","#aabe7f",-109.1426444,39.70802222,"10 - 15 Deg. F. / 3 - 6","","10 - 15 Deg. F.","6-Mar","10 - 15 Deg. F. / 3 - 6","10 - 15 / semi-humid","UT.1","#66e566","semi-humid, cool","#aabe7f","G"
"ARFR-AZ930-423-NAVAJO-18","white",8,155,31,45,330,1686,NA,4.5,1,NA,NA,11.5,1,NA,2,1,NA,2,1,NA,2,38.9,1,NA,2,1,NA,3,1,NA,3,1,3,1,NA,3,1,NA,NA,NA,NA,NA,NA,NA,NA,NA,"Y",NA,"N",NA,"ARFR4-SOS-AZ930-423-NAVAJO-18","#9E0142",-110.431,36.45877,"15 - 20 Deg. F. / 6 - 12","SdZones downloaded 20230823","15 - 20 Deg. F.","12-Jun","15 - 20 Deg. F. / 6 - 12","15 - 20 / semi-arid","AZ.1","#ee5c42","semi-arid, warm","#9E0142","A"
"ARFR-WY040-71-10","white",8,156,31,46,NA,1687,NA,4.6,1,NA,NA,6.7,1,NA,2,1,NA,2,1,NA,2,19.2,1,NA,2,1,NA,3,1,NA,3,1,3,1,NA,3,1,NA,NA,NA,NA,NA,NA,NA,NA,NA,"Y",NA,"N",NA,"ARFR4-SOS-WY040-71-10","#66C2A5",-109.2433156,41.13271889,"5 - 10 Deg. F. / 3 - 6","","5 - 10 Deg. F.","6-Mar","5 - 10 Deg. F. / 3 - 6","5 - 10 / semi-humid","WY.1","#a5c2f1","semi-humid, cold","#66C2A5","I"
"ARFR-WY050-49-FREMONT-12","white",8,157,31,47,NA,1688,NA,3.9,1,NA,NA,5.5,1,NA,2,1,NA,2,1,NA,2,11.1,1,NA,2,1,NA,2,1,NA,3,1,3,1,NA,3,1,NA,NA,NA,NA,NA,NA,NA,NA,NA,"Y",NA,"N",NA,"ARFR4-SOS-WY050-49-FREMONT-12","#5E4FA2",-109.34775,43.42663611,"5 - 10 Deg. F. / 6 - 12","","5 - 10 Deg. F.","12-Jun","5 - 10 Deg. F. / 6 - 12","5 - 10 / semi-arid","WY.3","#ffb90f","semi-arid, cold","#5E4FA2","K"
"ARFR-CO932-294-11","white",8,158,31,48,NA,1689,NA,5.4,1,NA,NA,8.2,1,NA,2,1,NA,2,1,NA,2,26.6,1,NA,2,1,NA,3,1,NA,3,1,3,1,NA,3,1,NA,NA,NA,NA,NA,NA,NA,NA,NA,"Y",NA,"N",NA,"ARFR4-SOS-CO932-294-11","#ABDDA4",-105.2030833,39.78458333,"15 - 20 Deg. F. / 3 - 6","","15 - 20 Deg. F.","6-Mar","15 - 20 Deg. F. / 3 - 6","15 - 20 / semi-humid","CO.4","#698b69","semi-humid, warm","#ABDDA4","H"
"ARFR-WY930-44-LASANIMAS-13","white",8,159,31,49,NA,1690,NA,6.7,1,NA,NA,9.8,1,NA,2,1,NA,2,1,NA,2,18.2,1,NA,2,1,NA,2,1,NA,3,1,3,1,NA,3,1,NA,NA,NA,NA,NA,NA,NA,NA,NA,"Y",NA,"N",NA,"ARFR4-SOS-WY930-44-LASANIMAS-13","#FDAE61",-104.6423889,37.16547222,"15 - 20 Deg. F. / 3 - 6","","15 - 20 Deg. F.","6-Mar","15 - 20 Deg. F. / 3 - 6","15 - 20 / semi-humid","CO.1","#698b69","semi-humid, warm","#FDAE61","D"
"ARFR-CO932-314-JEFFERSON-12","white",8,160,31,50,331,1691,NA,4.5,1,NA,NA,7.6,1,NA,2,1,NA,2,1,NA,2,28.4,1,NA,2,1,NA,3,1,NA,3,1,3,1,NA,3,1,NA,NA,NA,NA,NA,NA,NA,NA,NA,"Y",NA,"N",NA,"ARFR4-SOS-CO932-314-JEFFERSON-12","#FEE08B",-105.3553333,39.40902778,"10 - 15 Deg. F. / 3 - 6","","10 - 15 Deg. F.","6-Mar","10 - 15 Deg. F. / 3 - 6","10 - 15 / semi-humid","CO.2","#66e566","semi-humid, cool","#FEE08B","E"
"ARFR-CO932-314-JEFFERSON-12","white",8,161,31,51,NA,1692,NA,4.6,1,NA,NA,8.4,1,NA,2,1,NA,2,1,NA,2,30.5,1,NA,2,1,NA,3,1,NA,3,1,3,1,NA,3,1,NA,NA,NA,NA,NA,NA,NA,NA,NA,"Y",NA,"N",NA,"ARFR4-SOS-CO932-314-JEFFERSON-12","#FEE08B",-105.3553333,39.40902778,"10 - 15 Deg. F. / 3 - 6","","10 - 15 Deg. F.","6-Mar","10 - 15 Deg. F. / 3 - 6","10 - 15 / semi-humid","CO.2","#66e566","semi-humid, cool","#FEE08B","E"
"ARFR-WY930-44-LASANIMAS-13","white",8,162,31,52,NA,1693,NA,3.9,1,NA,NA,5.3,1,NA,2,1,NA,2,1,NA,2,13.4,1,NA,2,1,NA,2,1,NA,3,1,3,1,NA,3,1,NA,NA,NA,NA,NA,NA,NA,NA,NA,"Y",NA,"N",NA,"ARFR4-SOS-WY930-44-LASANIMAS-13","#FDAE61",-104.6423889,37.16547222,"15 - 20 Deg. F. / 3 - 6","","15 - 20 Deg. F.","6-Mar","15 - 20 Deg. F. / 3 - 6","15 - 20 / semi-humid","CO.1","#698b69","semi-humid, warm","#FDAE61","D"
"ARFR-AZ930-422-NAVAJO-18","white",8,163,31,53,NA,1694,NA,6.8,1,NA,NA,8.7,1,NA,2,1,NA,2,1,NA,2,40.4,1,NA,2,1,NA,3,1,NA,3,1,3,1,NA,3,1,NA,NA,NA,NA,NA,NA,NA,NA,NA,"Y",NA,"N",NA,"ARFR4-SOS-AZ930-422-NAVAJO-18","#D53E4F",-110.431,36.56805,"15 - 20 Deg. F. / 6 - 12","Lats corrected 20230127","15 - 20 Deg. F.","12-Jun","15 - 20 Deg. F. / 6 - 12","15 - 20 / semi-arid","AZ.2","#ee5c42","semi-arid, warm","#D53E4F","B"
"ARFR-AZ930-423-NAVAJO-18","white",8,164,31,54,NA,1695,NA,5.9,1,NA,NA,13.5,1,NA,2,1,NA,2,1,NA,2,37.5,1,NA,2,1,NA,3,1,NA,3,1,3,1,NA,3,1,NA,NA,NA,NA,NA,NA,NA,NA,NA,"Y",NA,"N",NA,"ARFR4-SOS-AZ930-423-NAVAJO-18","#9E0142",-110.431,36.45877,"15 - 20 Deg. F. / 6 - 12","SdZones downloaded 20230823","15 - 20 Deg. F.","12-Jun","15 - 20 Deg. F. / 6 - 12","15 - 20 / semi-arid","AZ.1","#ee5c42","semi-arid, warm","#9E0142","A"
"ARFR-NM930N-66-11","white",8,165,31,55,332,1696,NA,6.1,1,NA,NA,12.9,1,NA,2,1,NA,2,1,NA,2,46.5,1,NA,2,1,NA,3,1,NA,3,1,3,1,NA,3,1,NA,NA,NA,NA,NA,NA,NA,NA,NA,"Y",NA,"N",NA,"ARFR4-SOS-NM930N-66-11","#F46D43",-107.2045028,36.76818611,"10 - 15 Deg. F. / 3 - 6","","10 - 15 Deg. F.","6-Mar","10 - 15 Deg. F. / 3 - 6","10 - 15 / semi-humid","NM.1","#66e566","semi-humid, cool","#F46D43","C"
"ARFR-NM930N-66-11","white",8,166,32,1,321,1697,NA,6.6,1,NA,NA,10.5,1,NA,2,1,NA,2,1,NA,2,24.2,1,NA,2,1,NA,2,1,NA,2,1,2,1,NA,2,1,NA,NA,NA,NA,NA,NA,NA,NA,NA,"Y",NA,"N",NA,"ARFR4-SOS-NM930N-66-11","#F46D43",-107.2045028,36.76818611,"10 - 15 Deg. F. / 3 - 6","","10 - 15 Deg. F.","6-Mar","10 - 15 Deg. F. / 3 - 6","10 - 15 / semi-humid","NM.1","#66e566","semi-humid, cool","#F46D43","C"
"ARFR-AZ930-423-NAVAJO-18","white",8,167,32,2,NA,1698,NA,5.5,1,NA,NA,11.4,1,NA,2,1,NA,2,1,NA,2,40.6,1,NA,2,1,NA,3,1,NA,3,1,3,1,NA,3,1,NA,NA,NA,NA,NA,NA,NA,NA,NA,"Y",NA,"N",NA,"ARFR4-SOS-AZ930-423-NAVAJO-18","#9E0142",-110.431,36.45877,"15 - 20 Deg. F. / 6 - 12","SdZones downloaded 20230823","15 - 20 Deg. F.","12-Jun","15 - 20 Deg. F. / 6 - 12","15 - 20 / semi-arid","AZ.1","#ee5c42","semi-arid, warm","#9E0142","A"
"ARFR-WY050-151-FREMONT-16","white",8,168,32,3,NA,1699,NA,5.4,1,NA,NA,5.5,1,NA,2,1,NA,2,1,NA,2,11.9,1,NA,2,1,NA,3,1,NA,3,1,3,1,NA,3,1,NA,NA,NA,NA,NA,NA,NA,NA,NA,"Y",NA,"N",NA,"ARFR4-SOS-WY050-151-FREMONT-16","#3288BD",-108.1704472,42.47886111,"10 - 15 Deg. F. / 6 - 12","","10 - 15 Deg. F.","12-Jun","10 - 15 Deg. F. / 6 - 12","10 - 15 / semi-arid","WY.2","#cd8500","semi-arid, cool","#3288BD","J"
"ARFR-UT080-109-UINTAH-12","white",8,169,32,4,NA,1700,NA,5.7,1,NA,NA,11.9,1,NA,2,1,NA,2,1,NA,2,48.9,1,NA,2,1,NA,3,1,NA,3,1,3,1,NA,3,1,NA,NA,NA,NA,NA,NA,NA,NA,NA,"Y",NA,"N",NA,"ARFR4-SOS-UT080-109-UINTAH-12","#aabe7f",-109.1426444,39.70802222,"10 - 15 Deg. F. / 3 - 6","","10 - 15 Deg. F.","6-Mar","10 - 15 Deg. F. / 3 - 6","10 - 15 / semi-humid","UT.1","#66e566","semi-humid, cool","#aabe7f","G"
"ARFR-CO932-294-11","white",8,170,32,5,322,1701,NA,6.9,1,NA,NA,7.5,1,NA,2,1,NA,2,1,NA,2,29.5,1,NA,2,1,NA,3,1,NA,3,1,3,1,NA,3,1,NA,NA,NA,NA,NA,NA,NA,NA,NA,"Y",NA,"N",NA,"ARFR4-SOS-CO932-294-11","#ABDDA4",-105.2030833,39.78458333,"15 - 20 Deg. F. / 3 - 6","","15 - 20 Deg. F.","6-Mar","15 - 20 Deg. F. / 3 - 6","15 - 20 / semi-humid","CO.4","#698b69","semi-humid, warm","#ABDDA4","H"
"ARFR-WY050-151-FREMONT-16","white",8,171,32,6,NA,1702,NA,6,1,NA,NA,6.4,1,NA,2,1,NA,2,1,NA,2,25.8,1,NA,2,1,NA,3,1,NA,3,1,3,1,NA,3,1,NA,NA,"Yes",NA,92.54,"L",60.562,27.5,20.54,"Y",NA,"N",NA,"ARFR4-SOS-WY050-151-FREMONT-16","#3288BD",-108.1704472,42.47886111,"10 - 15 Deg. F. / 6 - 12","","10 - 15 Deg. F.","12-Jun","10 - 15 Deg. F. / 6 - 12","10 - 15 / semi-arid","WY.2","#cd8500","semi-arid, cool","#3288BD","J"
"ARFR-CO932-316-JEFFERSON-12","white",8,172,32,7,NA,1703,NA,6.3,1,NA,NA,11.5,1,NA,2,1,NA,2,1,NA,2,39.7,1,NA,3,1,NA,3,1,NA,3,1,3,1,NA,3,1,NA,NA,NA,NA,NA,NA,NA,NA,NA,"Y",NA,"N",NA,"ARFR4-SOS-CO932-316-JEFFERSON-12","#FFFF85",-105.358,39.66325,"15 - 20 Deg. F. / 3 - 6","","15 - 20 Deg. F.","6-Mar","15 - 20 Deg. F. / 3 - 6","15 - 20 / semi-humid","CO.3","#698b69","semi-humid, warm","#FFFF85","F"
"ARFR-UT080-109-UINTAH-12","white",8,173,32,8,NA,1704,NA,8.8,1,NA,NA,14.8,1,NA,2,1,NA,2,1,NA,2,34.7,1,NA,2,1,NA,3,1,NA,3,1,3,1,NA,3,1,NA,NA,NA,NA,NA,NA,NA,NA,NA,"Y",NA,"N",NA,"ARFR4-SOS-UT080-109-UINTAH-12","#aabe7f",-109.1426444,39.70802222,"10 - 15 Deg. F. / 3 - 6","","10 - 15 Deg. F.","6-Mar","10 - 15 Deg. F. / 3 - 6","10 - 15 / semi-humid","UT.1","#66e566","semi-humid, cool","#aabe7f","G"
"ARFR-WY050-151-FREMONT-16","white",8,174,32,9,NA,1705,NA,3.7,1,NA,NA,3.7,1,NA,2,1,NA,2,1,NA,2,8.4,1,NA,2,1,NA,2,1,NA,2,1,2,1,NA,2,1,NA,NA,NA,NA,NA,NA,NA,NA,NA,"Y",NA,"N",NA,"ARFR4-SOS-WY050-151-FREMONT-16","#3288BD",-108.1704472,42.47886111,"10 - 15 Deg. F. / 6 - 12","","10 - 15 Deg. F.","12-Jun","10 - 15 Deg. F. / 6 - 12","10 - 15 / semi-arid","WY.2","#cd8500","semi-arid, cool","#3288BD","J"
"ARFR-CO932-316-JEFFERSON-12","white",8,175,32,10,323,1706,NA,4.2,1,NA,NA,11.4,1,NA,2,1,NA,2,1,NA,2,34.7,1,NA,2,1,NA,3,1,NA,3,1,3,1,NA,3,1,NA,NA,NA,NA,NA,NA,NA,NA,NA,"Y",NA,"N",NA,"ARFR4-SOS-CO932-316-JEFFERSON-12","#FFFF85",-105.358,39.66325,"15 - 20 Deg. F. / 3 - 6","","15 - 20 Deg. F.","6-Mar","15 - 20 Deg. F. / 3 - 6","15 - 20 / semi-humid","CO.3","#698b69","semi-humid, warm","#FFFF85","F"
"ARFR-WY040-71-10","white",8,176,32,11,NA,1707,NA,3.5,1,NA,NA,5,1,NA,2,1,NA,2,1,NA,2,11.1,1,NA,2,1,NA,2,1,NA,3,1,3,1,NA,3,1,NA,NA,NA,NA,NA,NA,NA,NA,NA,"Y",NA,"N",NA,"ARFR4-SOS-WY040-71-10","#66C2A5",-109.2433156,41.13271889,"5 - 10 Deg. F. / 3 - 6","","5 - 10 Deg. F.","6-Mar","5 - 10 Deg. F. / 3 - 6","5 - 10 / semi-humid","WY.1","#a5c2f1","semi-humid, cold","#66C2A5","I"
"ARFR-CO932-294-11","white",8,177,32,12,NA,1708,NA,6.6,1,NA,NA,9.9,1,NA,2,1,NA,2,1,NA,2,39.3,1,NA,2,1,NA,3,1,NA,3,1,3,1,NA,3,1,NA,NA,NA,NA,NA,NA,NA,NA,NA,"Y",NA,"N",NA,"ARFR4-SOS-CO932-294-11","#ABDDA4",-105.2030833,39.78458333,"15 - 20 Deg. F. / 3 - 6","","15 - 20 Deg. F.","6-Mar","15 - 20 Deg. F. / 3 - 6","15 - 20 / semi-humid","CO.4","#698b69","semi-humid, warm","#ABDDA4","H"
"ARFR-WY040-71-10","white",8,178,32,13,NA,1709,NA,5.1,1,NA,NA,5.5,1,NA,2,1,NA,2,1,NA,2,27,1,NA,3,1,NA,3,1,NA,3,1,3,1,NA,3,1,NA,NA,NA,NA,NA,NA,NA,NA,NA,"Y",NA,"N",NA,"ARFR4-SOS-WY040-71-10","#66C2A5",-109.2433156,41.13271889,"5 - 10 Deg. F. / 3 - 6","","5 - 10 Deg. F.","6-Mar","5 - 10 Deg. F. / 3 - 6","5 - 10 / semi-humid","WY.1","#a5c2f1","semi-humid, cold","#66C2A5","I"
"ARFR-AZ930-422-NAVAJO-18","white",8,179,32,14,NA,1710,NA,7.8,1,NA,NA,11.5,1,NA,2,1,NA,2,1,NA,2,47,1,NA,2,1,NA,3,1,NA,3,1,3,1,NA,3,1,NA,NA,NA,NA,NA,NA,NA,NA,NA,"Y",NA,"N",NA,"ARFR4-SOS-AZ930-422-NAVAJO-18","#D53E4F",-110.431,36.56805,"15 - 20 Deg. F. / 6 - 12","Lats corrected 20230127","15 - 20 Deg. F.","12-Jun","15 - 20 Deg. F. / 6 - 12","15 - 20 / semi-arid","AZ.2","#ee5c42","semi-arid, warm","#D53E4F","B"
"ARFR-CO932-316-JEFFERSON-12","white",8,180,32,15,324,1711,NA,6.6,1,NA,NA,10.6,1,NA,2,1,NA,2,1,NA,2,35.8,1,NA,2,1,NA,3,1,NA,3,1,3,1,NA,3,1,NA,NA,NA,NA,NA,NA,NA,NA,NA,"Y",NA,"N",NA,"ARFR4-SOS-CO932-316-JEFFERSON-12","#FFFF85",-105.358,39.66325,"15 - 20 Deg. F. / 3 - 6","","15 - 20 Deg. F.","6-Mar","15 - 20 Deg. F. / 3 - 6","15 - 20 / semi-humid","CO.3","#698b69","semi-humid, warm","#FFFF85","F"
"ARFR-CO932-314-JEFFERSON-12","white",8,181,32,16,NA,1712,NA,6,1,NA,NA,8.9,1,NA,2,1,NA,2,1,NA,2,40.2,1,NA,2,1,NA,3,1,NA,3,1,3,1,NA,3,1,NA,NA,NA,NA,NA,NA,NA,NA,NA,"Y",NA,"N",NA,"ARFR4-SOS-CO932-314-JEFFERSON-12","#FEE08B",-105.3553333,39.40902778,"10 - 15 Deg. F. / 3 - 6","","10 - 15 Deg. F.","6-Mar","10 - 15 Deg. F. / 3 - 6","10 - 15 / semi-humid","CO.2","#66e566","semi-humid, cool","#FEE08B","E"
"ARFR-WY050-151-FREMONT-16","white",8,182,32,17,NA,1713,NA,4.5,1,NA,NA,4.9,1,NA,2,1,NA,2,1,NA,2,10.5,1,NA,2,1,NA,2,1,NA,2,1,2,1,NA,2,1,NA,NA,NA,NA,NA,NA,NA,NA,NA,"Y",NA,"N",NA,"ARFR4-SOS-WY050-151-FREMONT-16","#3288BD",-108.1704472,42.47886111,"10 - 15 Deg. F. / 6 - 12","","10 - 15 Deg. F.","12-Jun","10 - 15 Deg. F. / 6 - 12","10 - 15 / semi-arid","WY.2","#cd8500","semi-arid, cool","#3288BD","J"
"ARFR-WY050-151-FREMONT-16","white",8,183,32,18,NA,1714,NA,3.4,1,NA,NA,3.4,1,NA,2,1,NA,2,1,NA,2,8.9,1,NA,2,1,NA,2,1,NA,2,1,2,1,NA,2,1,NA,NA,NA,NA,NA,NA,NA,NA,NA,"N",NA,"N",NA,"ARFR4-SOS-WY050-151-FREMONT-16","#3288BD",-108.1704472,42.47886111,"10 - 15 Deg. F. / 6 - 12","","10 - 15 Deg. F.","12-Jun","10 - 15 Deg. F. / 6 - 12","10 - 15 / semi-arid","WY.2","#cd8500","semi-arid, cool","#3288BD","J"
"ARFR-CO932-314-JEFFERSON-12","white",8,184,32,19,NA,1715,NA,6.3,1,NA,NA,9.6,1,NA,2,1,NA,2,1,NA,2,25.3,1,NA,2,1,NA,3,1,NA,3,1,3,1,NA,3,1,NA,NA,NA,NA,NA,NA,NA,NA,NA,"Y",NA,"N",NA,"ARFR4-SOS-CO932-314-JEFFERSON-12","#FEE08B",-105.3553333,39.40902778,"10 - 15 Deg. F. / 3 - 6","","10 - 15 Deg. F.","6-Mar","10 - 15 Deg. F. / 3 - 6","10 - 15 / semi-humid","CO.2","#66e566","semi-humid, cool","#FEE08B","E"
"ARFR-CO932-294-11","white",8,185,32,20,325,1716,NA,7,1,NA,NA,11.1,1,NA,2,1,NA,2,1,NA,2,35.1,1,NA,2,1,NA,3,1,NA,3,1,3,1,NA,3,1,NA,NA,NA,NA,NA,NA,NA,NA,NA,"Y",NA,"N",NA,"ARFR4-SOS-CO932-294-11","#ABDDA4",-105.2030833,39.78458333,"15 - 20 Deg. F. / 3 - 6","","15 - 20 Deg. F.","6-Mar","15 - 20 Deg. F. / 3 - 6","15 - 20 / semi-humid","CO.4","#698b69","semi-humid, warm","#ABDDA4","H"
"ARFR-WY040-71-10","white",8,186,32,21,NA,1717,NA,5.6,1,NA,NA,6.4,1,NA,2,1,NA,2,1,NA,2,18.3,1,NA,2,1,NA,3,1,NA,3,1,3,1,NA,3,1,NA,NA,NA,NA,NA,NA,NA,NA,NA,"Y",NA,"N",NA,"ARFR4-SOS-WY040-71-10","#66C2A5",-109.2433156,41.13271889,"5 - 10 Deg. F. / 3 - 6","","5 - 10 Deg. F.","6-Mar","5 - 10 Deg. F. / 3 - 6","5 - 10 / semi-humid","WY.1","#a5c2f1","semi-humid, cold","#66C2A5","I"
"ARFR-AZ930-423-NAVAJO-18","white",8,187,32,22,NA,1718,NA,5.7,1,NA,NA,10,1,NA,2,1,NA,2,1,NA,2,43.5,1,NA,2,1,NA,3,1,NA,3,1,3,1,NA,3,1,NA,NA,NA,NA,NA,NA,NA,NA,NA,"Y",NA,"N",NA,"ARFR4-SOS-AZ930-423-NAVAJO-18","#9E0142",-110.431,36.45877,"15 - 20 Deg. F. / 6 - 12","SdZones downloaded 20230823","15 - 20 Deg. F.","12-Jun","15 - 20 Deg. F. / 6 - 12","15 - 20 / semi-arid","AZ.1","#ee5c42","semi-arid, warm","#9E0142","A"
"ARFR-UT080-109-UINTAH-12","white",8,188,32,23,NA,1719,NA,10.4,1,NA,NA,13.9,1,NA,2,1,NA,2,1,NA,2,50.1,1,NA,2,1,NA,3,1,NA,3,1,3,1,NA,3,1,NA,NA,NA,NA,NA,NA,NA,NA,NA,"Y",NA,"N",NA,"ARFR4-SOS-UT080-109-UINTAH-12","#aabe7f",-109.1426444,39.70802222,"10 - 15 Deg. F. / 3 - 6","","10 - 15 Deg. F.","6-Mar","10 - 15 Deg. F. / 3 - 6","10 - 15 / semi-humid","UT.1","#66e566","semi-humid, cool","#aabe7f","G"
"ARFR-WY930-44-LASANIMAS-13","white",8,189,32,24,NA,1720,NA,5,1,NA,NA,11.4,1,NA,2,1,NA,2,1,NA,2,33.7,1,NA,2,1,NA,3,1,NA,3,1,3,1,NA,3,1,NA,NA,NA,NA,NA,NA,NA,NA,NA,"Y",NA,"N",NA,"ARFR4-SOS-WY930-44-LASANIMAS-13","#FDAE61",-104.6423889,37.16547222,"15 - 20 Deg. F. / 3 - 6","","15 - 20 Deg. F.","6-Mar","15 - 20 Deg. F. / 3 - 6","15 - 20 / semi-humid","CO.1","#698b69","semi-humid, warm","#FDAE61","D"
"ARFR-CO932-316-JEFFERSON-12","white",8,190,32,25,326,1721,NA,4.6,1,NA,NA,8.1,1,NA,2,1,NA,2,1,NA,2,34.2,1,NA,2,1,NA,3,1,NA,3,1,3,1,NA,3,1,NA,NA,NA,NA,NA,NA,NA,NA,NA,"Y",NA,"N",NA,"ARFR4-SOS-CO932-316-JEFFERSON-12","#FFFF85",-105.358,39.66325,"15 - 20 Deg. F. / 3 - 6","","15 - 20 Deg. F.","6-Mar","15 - 20 Deg. F. / 3 - 6","15 - 20 / semi-humid","CO.3","#698b69","semi-humid, warm","#FFFF85","F"
"ARFR-WY930-44-LASANIMAS-13","white",8,191,32,26,NA,1722,NA,6.5,1,NA,NA,12,1,NA,2,1,NA,2,1,NA,2,31.5,1,NA,2,1,NA,3,1,NA,3,1,3,1,NA,3,1,NA,NA,NA,NA,NA,NA,NA,NA,NA,"Y",NA,"N",NA,"ARFR4-SOS-WY930-44-LASANIMAS-13","#FDAE61",-104.6423889,37.16547222,"15 - 20 Deg. F. / 3 - 6","","15 - 20 Deg. F.","6-Mar","15 - 20 Deg. F. / 3 - 6","15 - 20 / semi-humid","CO.1","#698b69","semi-humid, warm","#FDAE61","D"
"ARFR-CO932-314-JEFFERSON-12","white",8,192,32,27,NA,1723,NA,4.3,1,NA,NA,NA,0,"dead 6/24",NA,0,NA,NA,0,NA,NA,NA,0,NA,NA,0,NA,NA,0,NA,NA,0,NA,0,NA,NA,0,NA,NA,NA,NA,NA,NA,NA,NA,NA,"N",NA,"N",NA,"ARFR4-SOS-CO932-314-JEFFERSON-12","#FEE08B",-105.3553333,39.40902778,"10 - 15 Deg. F. / 3 - 6","","10 - 15 Deg. F.","6-Mar","10 - 15 Deg. F. / 3 - 6","10 - 15 / semi-humid","CO.2","#66e566","semi-humid, cool","#FEE08B","E"
"ARFR-AZ930-422-NAVAJO-18","white",8,193,32,28,NA,1724,NA,6.2,1,NA,NA,9.1,1,NA,2,1,NA,2,1,NA,2,42.5,1,NA,2,1,NA,3,1,NA,3,1,3,1,NA,3,1,NA,NA,NA,NA,NA,NA,NA,NA,NA,"Y",NA,"N",NA,"ARFR4-SOS-AZ930-422-NAVAJO-18","#D53E4F",-110.431,36.56805,"15 - 20 Deg. F. / 6 - 12","Lats corrected 20230127","15 - 20 Deg. F.","12-Jun","15 - 20 Deg. F. / 6 - 12","15 - 20 / semi-arid","AZ.2","#ee5c42","semi-arid, warm","#D53E4F","B"
"ARFR-WY050-49-FREMONT-12","white",8,194,32,29,NA,1725,NA,5.2,1,NA,NA,6.2,1,NA,2,1,NA,2,1,NA,2,17,1,NA,2,1,NA,2,1,NA,2,1,2,1,NA,2,1,NA,NA,NA,NA,NA,NA,NA,NA,NA,"Y",NA,"N",NA,"ARFR4-SOS-WY050-49-FREMONT-12","#5E4FA2",-109.34775,43.42663611,"5 - 10 Deg. F. / 6 - 12","","5 - 10 Deg. F.","12-Jun","5 - 10 Deg. F. / 6 - 12","5 - 10 / semi-arid","WY.3","#ffb90f","semi-arid, cold","#5E4FA2","K"
"ARFR-NM930N-66-11","white",8,195,32,30,327,1726,NA,8,1,NA,NA,13.3,1,NA,2,1,NA,2,1,NA,2,56,1,NA,2,1,NA,3,1,NA,3,1,3,1,NA,3,1,NA,NA,NA,NA,NA,NA,NA,NA,NA,"Y",NA,"N",NA,"ARFR4-SOS-NM930N-66-11","#F46D43",-107.2045028,36.76818611,"10 - 15 Deg. F. / 3 - 6","","10 - 15 Deg. F.","6-Mar","10 - 15 Deg. F. / 3 - 6","10 - 15 / semi-humid","NM.1","#66e566","semi-humid, cool","#F46D43","C"
"ARFR-AZ930-423-NAVAJO-18","white",8,196,32,31,NA,1727,NA,7.4,1,NA,NA,11.2,1,"ARFR-AZ930-422-NAVAJO-18_118 initially assigned but 423-Navajo actually planted",2,1,NA,2,1,NA,2,34.8,1,NA,2,1,NA,3,1,NA,3,1,3,1,NA,3,1,NA,NA,NA,NA,NA,NA,NA,NA,NA,"Y",NA,"N",NA,"ARFR4-SOS-AZ930-423-NAVAJO-18","#9E0142",-110.431,36.45877,"15 - 20 Deg. F. / 6 - 12","SdZones downloaded 20230823","15 - 20 Deg. F.","12-Jun","15 - 20 Deg. F. / 6 - 12","15 - 20 / semi-arid","AZ.1","#ee5c42","semi-arid, warm","#9E0142","A"
"ARFR-WY040-71-10","white",8,197,32,32,NA,1728,NA,4.6,1,NA,NA,5.1,1,NA,2,1,NA,2,1,NA,2,22.6,1,NA,2,1,NA,3,1,NA,3,1,3,1,NA,3,1,NA,NA,NA,NA,NA,NA,NA,NA,NA,"Y",NA,"N",NA,"ARFR4-SOS-WY040-71-10","#66C2A5",-109.2433156,41.13271889,"5 - 10 Deg. F. / 3 - 6","","5 - 10 Deg. F.","6-Mar","5 - 10 Deg. F. / 3 - 6","5 - 10 / semi-humid","WY.1","#a5c2f1","semi-humid, cold","#66C2A5","I"
"ARFR-UT080-109-UINTAH-12","white",8,198,32,33,NA,1729,NA,3.3,1,NA,NA,5.3,1,NA,2,1,NA,2,1,NA,2,19.5,1,NA,2,1,NA,2,1,NA,2,1,3,1,NA,3,1,"Initially marked as 2 but was 3 last time. Check to resolve",NA,"Yes",NA,13.27,"S",6.31,7.3,0.34,"N",NA,"N",NA,"ARFR4-SOS-UT080-109-UINTAH-12","#aabe7f",-109.1426444,39.70802222,"10 - 15 Deg. F. / 3 - 6","","10 - 15 Deg. F.","6-Mar","10 - 15 Deg. F. / 3 - 6","10 - 15 / semi-humid","UT.1","#66e566","semi-humid, cool","#aabe7f","G"
"ARFR-CO932-314-JEFFERSON-12","white",8,199,32,34,NA,1730,NA,4.6,1,NA,NA,6.4,1,NA,2,1,NA,2,1,NA,2,47.1,1,NA,2,1,NA,3,1,NA,3,1,3,1,NA,3,1,NA,NA,NA,NA,NA,NA,NA,NA,NA,"Y",NA,"N",NA,"ARFR4-SOS-CO932-314-JEFFERSON-12","#FEE08B",-105.3553333,39.40902778,"10 - 15 Deg. F. / 3 - 6","","10 - 15 Deg. F.","6-Mar","10 - 15 Deg. F. / 3 - 6","10 - 15 / semi-humid","CO.2","#66e566","semi-humid, cool","#FEE08B","E"
"ARFR-UT080-109-UINTAH-12","white",8,200,32,35,328,1731,NA,7.4,1,NA,NA,10.1,1,NA,2,1,NA,2,1,NA,2,36.4,1,NA,2,1,NA,3,1,NA,3,1,3,1,NA,3,1,NA,NA,NA,NA,NA,NA,NA,NA,NA,"Y",NA,"Y",NA,"ARFR4-SOS-UT080-109-UINTAH-12","#aabe7f",-109.1426444,39.70802222,"10 - 15 Deg. F. / 3 - 6","","10 - 15 Deg. F.","6-Mar","10 - 15 Deg. F. / 3 - 6","10 - 15 / semi-humid","UT.1","#66e566","semi-humid, cool","#aabe7f","G"
"ARFR-WY930-44-LASANIMAS-13","white",8,201,32,36,NA,1732,NA,7,1,NA,NA,11.8,1,NA,2,1,NA,2,1,NA,2,11.6,1,NA,2,1,NA,3,1,NA,3,1,3,1,NA,3,1,NA,NA,NA,NA,NA,NA,NA,NA,NA,"Y",NA,"N",NA,"ARFR4-SOS-WY930-44-LASANIMAS-13","#FDAE61",-104.6423889,37.16547222,"15 - 20 Deg. F. / 3 - 6","","15 - 20 Deg. F.","6-Mar","15 - 20 Deg. F. / 3 - 6","15 - 20 / semi-humid","CO.1","#698b69","semi-humid, warm","#FDAE61","D"
"ARFR-WY050-151-FREMONT-16","white",8,202,32,37,NA,1733,NA,4.2,1,NA,NA,5.6,1,NA,2,1,NA,2,1,NA,2,15.7,1,NA,2,1,NA,2,1,NA,2,1,2,1,NA,2,1,NA,NA,NA,NA,NA,NA,NA,NA,NA,"Y",NA,"N",NA,"ARFR4-SOS-WY050-151-FREMONT-16","#3288BD",-108.1704472,42.47886111,"10 - 15 Deg. F. / 6 - 12","","10 - 15 Deg. F.","12-Jun","10 - 15 Deg. F. / 6 - 12","10 - 15 / semi-arid","WY.2","#cd8500","semi-arid, cool","#3288BD","J"
"ARFR-WY930-44-LASANIMAS-13","white",8,203,32,38,NA,1734,NA,6.1,1,NA,NA,9.3,1,NA,2,1,NA,2,1,NA,2,29.8,1,NA,2,1,NA,3,1,NA,3,1,3,1,NA,3,1,NA,NA,NA,NA,NA,NA,NA,NA,NA,"Y",NA,"N",NA,"ARFR4-SOS-WY930-44-LASANIMAS-13","#FDAE61",-104.6423889,37.16547222,"15 - 20 Deg. F. / 3 - 6","","15 - 20 Deg. F.","6-Mar","15 - 20 Deg. F. / 3 - 6","15 - 20 / semi-humid","CO.1","#698b69","semi-humid, warm","#FDAE61","D"
"ARFR-WY930-44-LASANIMAS-13","white",8,204,32,39,NA,1735,NA,6.3,1,NA,NA,8.5,1,NA,2,1,NA,2,1,NA,2,29.6,1,NA,2,1,NA,3,1,NA,3,1,3,1,NA,3,1,NA,NA,NA,NA,NA,NA,NA,NA,NA,"Y",NA,"N",NA,"ARFR4-SOS-WY930-44-LASANIMAS-13","#FDAE61",-104.6423889,37.16547222,"15 - 20 Deg. F. / 3 - 6","","15 - 20 Deg. F.","6-Mar","15 - 20 Deg. F. / 3 - 6","15 - 20 / semi-humid","CO.1","#698b69","semi-humid, warm","#FDAE61","D"
"ARFR-WY040-71-10","white",8,205,32,40,329,1736,NA,4.5,1,NA,NA,5,1,NA,2,1,NA,2,1,NA,2,12.7,1,NA,2,1,NA,2,1,NA,2,1,2,1,NA,2,1,NA,NA,NA,NA,NA,NA,NA,NA,NA,"Y",NA,"N",NA,"ARFR4-SOS-WY040-71-10","#66C2A5",-109.2433156,41.13271889,"5 - 10 Deg. F. / 3 - 6","","5 - 10 Deg. F.","6-Mar","5 - 10 Deg. F. / 3 - 6","5 - 10 / semi-humid","WY.1","#a5c2f1","semi-humid, cold","#66C2A5","I"
"ARFR-CO932-314-JEFFERSON-12","white",8,206,32,41,NA,1737,NA,3.5,1,NA,NA,NA,0,NA,NA,0,NA,NA,0,NA,NA,NA,0,NA,NA,0,NA,NA,0,NA,NA,0,NA,0,NA,NA,0,NA,NA,NA,NA,NA,NA,NA,NA,NA,"N",NA,"N",NA,"ARFR4-SOS-CO932-314-JEFFERSON-12","#FEE08B",-105.3553333,39.40902778,"10 - 15 Deg. F. / 3 - 6","","10 - 15 Deg. F.","6-Mar","10 - 15 Deg. F. / 3 - 6","10 - 15 / semi-humid","CO.2","#66e566","semi-humid, cool","#FEE08B","E"
"ARFR-CO932-294-11","white",8,207,32,42,NA,1738,NA,5.7,1,NA,NA,9,1,NA,2,1,NA,2,1,NA,2,37.9,1,NA,2,1,NA,2,1,NA,3,1,3,1,NA,3,1,NA,NA,NA,NA,NA,NA,NA,NA,NA,"Y",NA,"N",NA,"ARFR4-SOS-CO932-294-11","#ABDDA4",-105.2030833,39.78458333,"15 - 20 Deg. F. / 3 - 6","","15 - 20 Deg. F.","6-Mar","15 - 20 Deg. F. / 3 - 6","15 - 20 / semi-humid","CO.4","#698b69","semi-humid, warm","#ABDDA4","H"
"ARFR-AZ930-423-NAVAJO-18","white",8,208,32,43,NA,1739,NA,7.7,1,NA,NA,12.2,1,NA,2,1,NA,2,1,NA,2,46,1,NA,2,1,NA,3,1,NA,3,1,3,1,NA,3,1,NA,NA,NA,NA,NA,NA,NA,NA,NA,"Y",NA,"N",NA,"ARFR4-SOS-AZ930-423-NAVAJO-18","#9E0142",-110.431,36.45877,"15 - 20 Deg. F. / 6 - 12","SdZones downloaded 20230823","15 - 20 Deg. F.","12-Jun","15 - 20 Deg. F. / 6 - 12","15 - 20 / semi-arid","AZ.1","#ee5c42","semi-arid, warm","#9E0142","A"
"ARFR-WY930-44-LASANIMAS-13","white",8,209,32,44,NA,1740,NA,4.6,1,NA,NA,11.4,1,NA,2,1,NA,2,1,NA,2,37.5,1,NA,2,1,NA,3,1,NA,3,1,3,1,NA,3,1,NA,NA,NA,NA,NA,NA,NA,NA,NA,"Y",NA,"N",NA,"ARFR4-SOS-WY930-44-LASANIMAS-13","#FDAE61",-104.6423889,37.16547222,"15 - 20 Deg. F. / 3 - 6","","15 - 20 Deg. F.","6-Mar","15 - 20 Deg. F. / 3 - 6","15 - 20 / semi-humid","CO.1","#698b69","semi-humid, warm","#FDAE61","D"
"ARFR-UT080-109-UINTAH-12","white",8,210,32,45,330,1741,NA,5.9,1,NA,NA,7.5,1,NA,2,1,NA,2,1,NA,2,39,1,NA,2,1,NA,3,1,NA,3,1,3,1,NA,3,1,NA,NA,NA,NA,NA,NA,NA,NA,NA,"Y",NA,"N",NA,"ARFR4-SOS-UT080-109-UINTAH-12","#aabe7f",-109.1426444,39.70802222,"10 - 15 Deg. F. / 3 - 6","","10 - 15 Deg. F.","6-Mar","10 - 15 Deg. F. / 3 - 6","10 - 15 / semi-humid","UT.1","#66e566","semi-humid, cool","#aabe7f","G"
"ARFR-CO932-316-JEFFERSON-12","white",8,211,32,46,NA,1742,NA,6,1,NA,NA,8.4,1,NA,2,1,NA,2,1,NA,2,31.3,1,NA,2,1,NA,3,1,NA,3,1,3,1,NA,3,1,NA,NA,NA,NA,NA,NA,NA,NA,NA,"Y",NA,"N",NA,"ARFR4-SOS-CO932-316-JEFFERSON-12","#FFFF85",-105.358,39.66325,"15 - 20 Deg. F. / 3 - 6","","15 - 20 Deg. F.","6-Mar","15 - 20 Deg. F. / 3 - 6","15 - 20 / semi-humid","CO.3","#698b69","semi-humid, warm","#FFFF85","F"
"ARFR-WY930-44-LASANIMAS-13","white",8,212,32,47,NA,1743,NA,5.2,1,NA,NA,11.5,1,NA,2,1,NA,2,1,NA,2,40,1,NA,2,1,NA,3,1,NA,3,1,3,1,NA,3,1,NA,NA,NA,NA,NA,NA,NA,NA,NA,"Y",NA,"N",NA,"ARFR4-SOS-WY930-44-LASANIMAS-13","#FDAE61",-104.6423889,37.16547222,"15 - 20 Deg. F. / 3 - 6","","15 - 20 Deg. F.","6-Mar","15 - 20 Deg. F. / 3 - 6","15 - 20 / semi-humid","CO.1","#698b69","semi-humid, warm","#FDAE61","D"
"ARFR-AZ930-423-NAVAJO-18","white",8,213,32,48,NA,1744,NA,5.5,1,NA,NA,7.9,1,NA,2,1,NA,2,1,NA,2,37.4,1,NA,2,1,NA,3,1,NA,3,1,3,1,NA,3,1,NA,NA,NA,NA,NA,NA,NA,NA,NA,"Y",NA,"N",NA,"ARFR4-SOS-AZ930-423-NAVAJO-18","#9E0142",-110.431,36.45877,"15 - 20 Deg. F. / 6 - 12","SdZones downloaded 20230823","15 - 20 Deg. F.","12-Jun","15 - 20 Deg. F. / 6 - 12","15 - 20 / semi-arid","AZ.1","#ee5c42","semi-arid, warm","#9E0142","A"
"ARFR-AZ930-423-NAVAJO-18","white",8,214,32,49,NA,1745,NA,5.3,1,NA,NA,9.2,1,NA,2,1,NA,2,1,NA,2,42.6,1,NA,2,1,NA,3,1,NA,3,1,3,1,NA,3,1,NA,NA,NA,NA,NA,NA,NA,NA,NA,"Y",NA,"N",NA,"ARFR4-SOS-AZ930-423-NAVAJO-18","#9E0142",-110.431,36.45877,"15 - 20 Deg. F. / 6 - 12","SdZones downloaded 20230823","15 - 20 Deg. F.","12-Jun","15 - 20 Deg. F. / 6 - 12","15 - 20 / semi-arid","AZ.1","#ee5c42","semi-arid, warm","#9E0142","A"
"ARFR-WY040-71-10","white",8,215,32,50,331,1746,NA,5.3,1,NA,NA,5.3,1,NA,2,1,NA,2,1,NA,2,9.4,1,NA,2,1,NA,2,1,NA,2,1,2,1,NA,2,1,NA,NA,NA,NA,NA,NA,NA,NA,NA,"Y",NA,"N",NA,"ARFR4-SOS-WY040-71-10","#66C2A5",-109.2433156,41.13271889,"5 - 10 Deg. F. / 3 - 6","","5 - 10 Deg. F.","6-Mar","5 - 10 Deg. F. / 3 - 6","5 - 10 / semi-humid","WY.1","#a5c2f1","semi-humid, cold","#66C2A5","I"
"ARFR-CO932-314-JEFFERSON-12","white",8,216,32,51,NA,1747,NA,8.5,1,NA,NA,9.6,1,NA,2,1,NA,2,1,NA,2,39.3,1,NA,2,1,NA,3,1,NA,3,1,3,1,NA,3,1,NA,NA,NA,NA,NA,NA,NA,NA,NA,"Y",NA,"N",NA,"ARFR4-SOS-CO932-314-JEFFERSON-12","#FEE08B",-105.3553333,39.40902778,"10 - 15 Deg. F. / 3 - 6","","10 - 15 Deg. F.","6-Mar","10 - 15 Deg. F. / 3 - 6","10 - 15 / semi-humid","CO.2","#66e566","semi-humid, cool","#FEE08B","E"
"ARFR-NM930N-66-11","white",8,217,32,52,NA,1748,NA,9.5,1,NA,NA,12.1,1,NA,2,1,NA,2,1,NA,2,43.1,1,NA,2,1,NA,3,1,NA,3,1,3,1,NA,3,1,NA,NA,NA,NA,NA,NA,NA,NA,NA,"Y",NA,"N",NA,"ARFR4-SOS-NM930N-66-11","#F46D43",-107.2045028,36.76818611,"10 - 15 Deg. F. / 3 - 6","","10 - 15 Deg. F.","6-Mar","10 - 15 Deg. F. / 3 - 6","10 - 15 / semi-humid","NM.1","#66e566","semi-humid, cool","#F46D43","C"
"ARFR-UT080-109-UINTAH-12","white",8,218,32,53,NA,1749,NA,5.6,1,NA,NA,7,1,NA,2,1,NA,2,1,NA,2,36.5,1,NA,2,1,NA,3,1,NA,3,1,3,1,NA,3,1,NA,NA,NA,NA,NA,NA,NA,NA,NA,"Y",NA,"N",NA,"ARFR4-SOS-UT080-109-UINTAH-12","#aabe7f",-109.1426444,39.70802222,"10 - 15 Deg. F. / 3 - 6","","10 - 15 Deg. F.","6-Mar","10 - 15 Deg. F. / 3 - 6","10 - 15 / semi-humid","UT.1","#66e566","semi-humid, cool","#aabe7f","G"
"ARFR-WY050-151-FREMONT-16","black",9,1,33,1,333,1750,NA,4.1,1,NA,NA,NA,0,NA,NA,0,NA,NA,0,NA,NA,NA,0,NA,NA,0,NA,NA,0,NA,NA,0,NA,0,NA,NA,0,NA,NA,NA,NA,NA,NA,NA,NA,NA,"N",NA,"N",NA,"ARFR4-SOS-WY050-151-FREMONT-16","#3288BD",-108.1704472,42.47886111,"10 - 15 Deg. F. / 6 - 12","","10 - 15 Deg. F.","12-Jun","10 - 15 Deg. F. / 6 - 12","10 - 15 / semi-arid","WY.2","#cd8500","semi-arid, cool","#3288BD","J"
"ARFR-WY040-71-10","black",9,2,33,2,NA,1751,NA,4.4,1,NA,NA,8.3,1,NA,2,1,NA,2,1,NA,2,10.7,1,NA,2,1,NA,2,1,NA,2,1,2,1,NA,2,1,NA,NA,NA,NA,NA,NA,NA,NA,NA,"Y",NA,"N",NA,"ARFR4-SOS-WY040-71-10","#66C2A5",-109.2433156,41.13271889,"5 - 10 Deg. F. / 3 - 6","","5 - 10 Deg. F.","6-Mar","5 - 10 Deg. F. / 3 - 6","5 - 10 / semi-humid","WY.1","#a5c2f1","semi-humid, cold","#66C2A5","I"
"ARFR-CO932-294-11","black",9,3,33,3,NA,1752,NA,5.5,1,NA,NA,9.5,1,NA,2,1,NA,2,1,NA,2,23,1,NA,2,1,NA,3,1,NA,3,1,3,1,NA,3,1,NA,NA,NA,NA,NA,NA,NA,NA,NA,"Y",NA,"N",NA,"ARFR4-SOS-CO932-294-11","#ABDDA4",-105.2030833,39.78458333,"15 - 20 Deg. F. / 3 - 6","","15 - 20 Deg. F.","6-Mar","15 - 20 Deg. F. / 3 - 6","15 - 20 / semi-humid","CO.4","#698b69","semi-humid, warm","#ABDDA4","H"
"ARFR-UT080-109-UINTAH-12","black",9,4,33,4,NA,1753,NA,7,1,NA,NA,13.6,1,NA,2,1,NA,2,1,NA,2,43.7,1,NA,2,1,NA,3,1,NA,3,1,3,1,NA,3,1,NA,NA,NA,NA,NA,NA,NA,NA,NA,"Y",NA,"N",NA,"ARFR4-SOS-UT080-109-UINTAH-12","#aabe7f",-109.1426444,39.70802222,"10 - 15 Deg. F. / 3 - 6","","10 - 15 Deg. F.","6-Mar","10 - 15 Deg. F. / 3 - 6","10 - 15 / semi-humid","UT.1","#66e566","semi-humid, cool","#aabe7f","G"
"ARFR-WY930-44-LASANIMAS-13","black",9,5,33,5,334,1754,NA,4,1,NA,NA,9.3,1,NA,2,1,NA,2,1,NA,2,25.5,1,NA,2,1,NA,3,1,NA,3,1,3,1,NA,3,1,NA,NA,NA,NA,NA,NA,NA,NA,NA,"Y",NA,"N",NA,"ARFR4-SOS-WY930-44-LASANIMAS-13","#FDAE61",-104.6423889,37.16547222,"15 - 20 Deg. F. / 3 - 6","","15 - 20 Deg. F.","6-Mar","15 - 20 Deg. F. / 3 - 6","15 - 20 / semi-humid","CO.1","#698b69","semi-humid, warm","#FDAE61","D"
"ARFR-WY050-151-FREMONT-16","black",9,6,33,6,NA,1755,NA,5.5,1,NA,NA,5.5,1,NA,2,1,NA,2,1,NA,2,13.9,1,NA,2,1,NA,2,1,NA,2,1,2,1,NA,2,1,NA,NA,NA,NA,NA,NA,NA,NA,NA,"Y",NA,"N",NA,"ARFR4-SOS-WY050-151-FREMONT-16","#3288BD",-108.1704472,42.47886111,"10 - 15 Deg. F. / 6 - 12","","10 - 15 Deg. F.","12-Jun","10 - 15 Deg. F. / 6 - 12","10 - 15 / semi-arid","WY.2","#cd8500","semi-arid, cool","#3288BD","J"
"ARFR-CO932-316-JEFFERSON-12","black",9,7,33,7,NA,1756,NA,4.9,1,NA,NA,10,1,NA,2,1,NA,2,1,NA,2,41.4,1,NA,2,1,NA,3,1,NA,3,1,3,1,NA,3,1,NA,NA,NA,NA,NA,NA,NA,NA,NA,"Y",NA,"N",NA,"ARFR4-SOS-CO932-316-JEFFERSON-12","#FFFF85",-105.358,39.66325,"15 - 20 Deg. F. / 3 - 6","","15 - 20 Deg. F.","6-Mar","15 - 20 Deg. F. / 3 - 6","15 - 20 / semi-humid","CO.3","#698b69","semi-humid, warm","#FFFF85","F"
"ARFR-WY040-71-10","black",9,8,33,8,NA,1757,NA,3.4,1,NA,NA,3.9,1,NA,2,1,NA,2,1,NA,2,14.2,1,NA,2,1,NA,2,1,NA,2,1,2,1,NA,2,1,NA,NA,"Yes",NA,61.92,"L",29.942,NA,0.07,"Y","weighed infs w/o bag","N",NA,"ARFR4-SOS-WY040-71-10","#66C2A5",-109.2433156,41.13271889,"5 - 10 Deg. F. / 3 - 6","","5 - 10 Deg. F.","6-Mar","5 - 10 Deg. F. / 3 - 6","5 - 10 / semi-humid","WY.1","#a5c2f1","semi-humid, cold","#66C2A5","I"
"ARFR-CO932-294-11","black",9,9,33,9,NA,1758,NA,6.7,1,NA,NA,9,1,NA,2,1,NA,2,1,NA,2,25.2,1,NA,2,1,NA,2,1,NA,3,1,3,1,NA,3,1,NA,NA,NA,NA,NA,NA,NA,NA,NA,"Y",NA,"N",NA,"ARFR4-SOS-CO932-294-11","#ABDDA4",-105.2030833,39.78458333,"15 - 20 Deg. F. / 3 - 6","","15 - 20 Deg. F.","6-Mar","15 - 20 Deg. F. / 3 - 6","15 - 20 / semi-humid","CO.4","#698b69","semi-humid, warm","#ABDDA4","H"
"ARFR-AZ930-422-NAVAJO-18","black",9,10,33,10,335,1759,NA,5.6,1,NA,NA,11.6,1,NA,2,1,NA,2,1,NA,2,49.7,1,NA,2,1,NA,3,1,NA,3,1,3,1,NA,3,1,NA,NA,"Yes",NA,78.98,"L",47.002,21.83,14.87,"Y",NA,"N",NA,"ARFR4-SOS-AZ930-422-NAVAJO-18","#D53E4F",-110.431,36.56805,"15 - 20 Deg. F. / 6 - 12","Lats corrected 20230127","15 - 20 Deg. F.","12-Jun","15 - 20 Deg. F. / 6 - 12","15 - 20 / semi-arid","AZ.2","#ee5c42","semi-arid, warm","#D53E4F","B"
"ARFR-WY040-71-10","black",9,11,33,11,NA,1760,NA,6.1,1,NA,NA,8.7,1,NA,2,1,NA,2,1,NA,2,18.3,1,NA,2,1,NA,2,1,NA,2,1,2,1,NA,2,1,NA,NA,NA,NA,NA,NA,NA,NA,NA,"Y",NA,"N",NA,"ARFR4-SOS-WY040-71-10","#66C2A5",-109.2433156,41.13271889,"5 - 10 Deg. F. / 3 - 6","","5 - 10 Deg. F.","6-Mar","5 - 10 Deg. F. / 3 - 6","5 - 10 / semi-humid","WY.1","#a5c2f1","semi-humid, cold","#66C2A5","I"
"ARFR-WY050-49-FREMONT-12","black",9,12,33,12,NA,1761,NA,4.6,1,NA,NA,3.4,1,NA,2,1,NA,2,1,NA,2,8.6,1,NA,2,1,NA,2,1,NA,2,1,2,1,NA,2,1,NA,NA,NA,NA,NA,NA,NA,NA,NA,"Y",NA,"N",NA,"ARFR4-SOS-WY050-49-FREMONT-12","#5E4FA2",-109.34775,43.42663611,"5 - 10 Deg. F. / 6 - 12","","5 - 10 Deg. F.","12-Jun","5 - 10 Deg. F. / 6 - 12","5 - 10 / semi-arid","WY.3","#ffb90f","semi-arid, cold","#5E4FA2","K"
"ARFR-NM930N-66-11","black",9,13,33,13,NA,1762,NA,7.4,1,NA,NA,18.4,1,NA,2,1,NA,2,1,NA,2,59.6,1,NA,2,1,NA,3,1,NA,3,1,3,1,NA,3,1,NA,NA,NA,NA,NA,NA,NA,NA,NA,"Y",NA,"N",NA,"ARFR4-SOS-NM930N-66-11","#F46D43",-107.2045028,36.76818611,"10 - 15 Deg. F. / 3 - 6","","10 - 15 Deg. F.","6-Mar","10 - 15 Deg. F. / 3 - 6","10 - 15 / semi-humid","NM.1","#66e566","semi-humid, cool","#F46D43","C"
"ARFR-CO932-316-JEFFERSON-12","black",9,14,33,14,NA,1763,NA,6,1,NA,NA,8.3,1,NA,2,1,"buds?",2,1,NA,2,18.8,1,NA,2,1,NA,2,1,NA,2,1,2,1,NA,2,1,NA,NA,NA,NA,NA,NA,NA,NA,NA,"Y",NA,"N",NA,"ARFR4-SOS-CO932-316-JEFFERSON-12","#FFFF85",-105.358,39.66325,"15 - 20 Deg. F. / 3 - 6","","15 - 20 Deg. F.","6-Mar","15 - 20 Deg. F. / 3 - 6","15 - 20 / semi-humid","CO.3","#698b69","semi-humid, warm","#FFFF85","F"
"ARFR-NM930N-66-11","black",9,15,33,15,336,1764,NA,4.1,1,NA,NA,14.5,1,NA,2,1,NA,2,1,NA,2,50.7,1,NA,2,1,NA,3,1,NA,3,1,3,1,NA,3,1,NA,NA,NA,NA,NA,NA,NA,NA,NA,"Y",NA,"N",NA,"ARFR4-SOS-NM930N-66-11","#F46D43",-107.2045028,36.76818611,"10 - 15 Deg. F. / 3 - 6","","10 - 15 Deg. F.","6-Mar","10 - 15 Deg. F. / 3 - 6","10 - 15 / semi-humid","NM.1","#66e566","semi-humid, cool","#F46D43","C"
"ARFR-WY930-44-LASANIMAS-13","black",9,16,33,16,NA,1765,NA,5.7,1,NA,NA,8.7,1,NA,2,1,NA,2,1,NA,2,36.1,1,NA,2,1,NA,3,1,NA,3,1,3,1,NA,3,1,NA,NA,NA,NA,NA,NA,NA,NA,NA,"Y",NA,"N",NA,"ARFR4-SOS-WY930-44-LASANIMAS-13","#FDAE61",-104.6423889,37.16547222,"15 - 20 Deg. F. / 3 - 6","","15 - 20 Deg. F.","6-Mar","15 - 20 Deg. F. / 3 - 6","15 - 20 / semi-humid","CO.1","#698b69","semi-humid, warm","#FDAE61","D"
"ARFR-AZ930-423-NAVAJO-18","black",9,17,33,17,NA,1766,NA,4.9,1,NA,NA,13,1,NA,2,1,NA,2,1,NA,2,42,1,NA,2,1,NA,3,1,NA,3,1,3,1,NA,3,1,NA,NA,NA,NA,NA,NA,NA,NA,NA,"Y",NA,"N",NA,"ARFR4-SOS-AZ930-423-NAVAJO-18","#9E0142",-110.431,36.45877,"15 - 20 Deg. F. / 6 - 12","SdZones downloaded 20230823","15 - 20 Deg. F.","12-Jun","15 - 20 Deg. F. / 6 - 12","15 - 20 / semi-arid","AZ.1","#ee5c42","semi-arid, warm","#9E0142","A"
"ARFR-WY050-151-FREMONT-16","black",9,18,33,18,NA,1767,NA,3.6,1,NA,NA,3.4,1,NA,2,1,NA,2,1,NA,2,7.4,1,NA,2,1,NA,2,1,NA,2,1,2,1,NA,2,1,NA,NA,NA,NA,NA,NA,NA,NA,NA,"Y",NA,"N",NA,"ARFR4-SOS-WY050-151-FREMONT-16","#3288BD",-108.1704472,42.47886111,"10 - 15 Deg. F. / 6 - 12","","10 - 15 Deg. F.","12-Jun","10 - 15 Deg. F. / 6 - 12","10 - 15 / semi-arid","WY.2","#cd8500","semi-arid, cool","#3288BD","J"
"ARFR-CO932-294-11","black",9,19,33,19,NA,1768,NA,5.5,1,NA,NA,7.3,1,NA,2,1,NA,2,1,NA,2,23.9,1,NA,2,1,NA,2,1,NA,3,1,3,1,NA,3,1,NA,NA,NA,NA,NA,NA,NA,NA,NA,"Y",NA,"N",NA,"ARFR4-SOS-CO932-294-11","#ABDDA4",-105.2030833,39.78458333,"15 - 20 Deg. F. / 3 - 6","","15 - 20 Deg. F.","6-Mar","15 - 20 Deg. F. / 3 - 6","15 - 20 / semi-humid","CO.4","#698b69","semi-humid, warm","#ABDDA4","H"
"ARFR-WY930-44-LASANIMAS-13","black",9,20,33,20,337,1769,NA,5.5,1,NA,NA,8.8,1,NA,2,1,NA,2,1,NA,2,29.9,1,NA,2,1,NA,3,1,NA,3,1,3,1,NA,3,1,NA,NA,NA,NA,NA,NA,NA,NA,NA,"Y",NA,"N",NA,"ARFR4-SOS-WY930-44-LASANIMAS-13","#FDAE61",-104.6423889,37.16547222,"15 - 20 Deg. F. / 3 - 6","","15 - 20 Deg. F.","6-Mar","15 - 20 Deg. F. / 3 - 6","15 - 20 / semi-humid","CO.1","#698b69","semi-humid, warm","#FDAE61","D"
"ARFR-WY930-44-LASANIMAS-13","black",9,21,33,21,NA,1770,NA,5.2,1,NA,NA,8.2,1,NA,2,1,NA,2,1,NA,2,26.5,1,NA,2,1,NA,3,1,NA,3,1,3,1,NA,3,1,NA,NA,NA,NA,NA,NA,NA,NA,NA,"Y",NA,"N",NA,"ARFR4-SOS-WY930-44-LASANIMAS-13","#FDAE61",-104.6423889,37.16547222,"15 - 20 Deg. F. / 3 - 6","","15 - 20 Deg. F.","6-Mar","15 - 20 Deg. F. / 3 - 6","15 - 20 / semi-humid","CO.1","#698b69","semi-humid, warm","#FDAE61","D"
"ARFR-AZ930-422-NAVAJO-18","black",9,22,33,22,NA,1771,NA,3.4,1,NA,NA,13.1,1,NA,2,1,"buds?",2,1,NA,2,45,1,NA,2,1,NA,3,1,NA,3,1,3,1,NA,3,1,NA,NA,NA,NA,NA,NA,NA,NA,NA,"Y",NA,"N",NA,"ARFR4-SOS-AZ930-422-NAVAJO-18","#D53E4F",-110.431,36.56805,"15 - 20 Deg. F. / 6 - 12","Lats corrected 20230127","15 - 20 Deg. F.","12-Jun","15 - 20 Deg. F. / 6 - 12","15 - 20 / semi-arid","AZ.2","#ee5c42","semi-arid, warm","#D53E4F","B"
"ARFR-NM930N-66-11","black",9,23,33,23,NA,1772,NA,7.6,1,NA,NA,14.3,1,NA,2,1,NA,2,1,NA,2,39.1,1,NA,2,1,NA,3,1,NA,3,1,3,1,NA,3,1,NA,NA,NA,NA,NA,NA,NA,NA,NA,"Y",NA,"N",NA,"ARFR4-SOS-NM930N-66-11","#F46D43",-107.2045028,36.76818611,"10 - 15 Deg. F. / 3 - 6","","10 - 15 Deg. F.","6-Mar","10 - 15 Deg. F. / 3 - 6","10 - 15 / semi-humid","NM.1","#66e566","semi-humid, cool","#F46D43","C"
"ARFR-UT080-109-UINTAH-12","black",9,24,33,24,NA,1773,NA,7.9,1,NA,NA,15,1,NA,2,1,NA,2,1,NA,2,57.5,1,NA,2,1,NA,3,1,NA,3,1,3,1,NA,3,1,NA,NA,NA,NA,NA,NA,NA,NA,NA,"Y",NA,"N",NA,"ARFR4-SOS-UT080-109-UINTAH-12","#aabe7f",-109.1426444,39.70802222,"10 - 15 Deg. F. / 3 - 6","","10 - 15 Deg. F.","6-Mar","10 - 15 Deg. F. / 3 - 6","10 - 15 / semi-humid","UT.1","#66e566","semi-humid, cool","#aabe7f","G"
"ARFR-CO932-314-JEFFERSON-12","black",9,25,33,25,338,1774,NA,5,1,NA,NA,8.4,1,NA,2,1,NA,2,1,NA,2,40.5,1,NA,2,1,NA,3,1,NA,3,1,3,1,NA,3,1,NA,NA,NA,NA,NA,NA,NA,NA,NA,"Y",NA,"N",NA,"ARFR4-SOS-CO932-314-JEFFERSON-12","#FEE08B",-105.3553333,39.40902778,"10 - 15 Deg. F. / 3 - 6","","10 - 15 Deg. F.","6-Mar","10 - 15 Deg. F. / 3 - 6","10 - 15 / semi-humid","CO.2","#66e566","semi-humid, cool","#FEE08B","E"
"ARFR-CO932-294-11","black",9,26,33,26,NA,1775,NA,5.9,1,NA,NA,7.9,1,NA,2,1,NA,2,1,NA,2,11.6,1,NA,2,1,NA,2,1,NA,2,1,2,1,NA,2,1,NA,NA,NA,NA,NA,NA,NA,NA,NA,"Y",NA,"N",NA,"ARFR4-SOS-CO932-294-11","#ABDDA4",-105.2030833,39.78458333,"15 - 20 Deg. F. / 3 - 6","","15 - 20 Deg. F.","6-Mar","15 - 20 Deg. F. / 3 - 6","15 - 20 / semi-humid","CO.4","#698b69","semi-humid, warm","#ABDDA4","H"
"ARFR-UT080-109-UINTAH-12","black",9,27,33,27,NA,1776,NA,6,1,NA,NA,13.6,1,NA,2,1,NA,2,1,NA,2,39.4,1,NA,2,1,NA,3,1,NA,3,1,3,1,NA,3,1,NA,NA,NA,NA,NA,NA,NA,NA,NA,"Y",NA,"N",NA,"ARFR4-SOS-UT080-109-UINTAH-12","#aabe7f",-109.1426444,39.70802222,"10 - 15 Deg. F. / 3 - 6","","10 - 15 Deg. F.","6-Mar","10 - 15 Deg. F. / 3 - 6","10 - 15 / semi-humid","UT.1","#66e566","semi-humid, cool","#aabe7f","G"
"ARFR-WY930-44-LASANIMAS-13","black",9,28,33,28,NA,1777,NA,6.3,1,NA,NA,10.9,1,NA,2,1,NA,2,1,NA,2,40.2,1,NA,2,1,NA,3,1,NA,3,1,3,1,NA,3,1,NA,NA,NA,NA,NA,NA,NA,NA,NA,"Y",NA,"N",NA,"ARFR4-SOS-WY930-44-LASANIMAS-13","#FDAE61",-104.6423889,37.16547222,"15 - 20 Deg. F. / 3 - 6","","15 - 20 Deg. F.","6-Mar","15 - 20 Deg. F. / 3 - 6","15 - 20 / semi-humid","CO.1","#698b69","semi-humid, warm","#FDAE61","D"
"ARFR-WY050-151-FREMONT-16","black",9,29,33,29,NA,1778,NA,4.7,1,NA,NA,6.3,1,NA,2,1,NA,2,1,NA,2,13.2,1,NA,2,1,NA,2,1,NA,2,1,2,1,NA,2,1,NA,NA,NA,NA,NA,NA,NA,NA,NA,"Y",NA,"N",NA,"ARFR4-SOS-WY050-151-FREMONT-16","#3288BD",-108.1704472,42.47886111,"10 - 15 Deg. F. / 6 - 12","","10 - 15 Deg. F.","12-Jun","10 - 15 Deg. F. / 6 - 12","10 - 15 / semi-arid","WY.2","#cd8500","semi-arid, cool","#3288BD","J"
"ARFR-NM930N-66-11","black",9,30,33,30,339,1779,NA,7.3,1,NA,NA,13.6,1,NA,2,1,NA,2,1,NA,2,53.8,1,NA,3,1,NA,3,1,NA,3,1,3,1,NA,3,1,NA,NA,NA,NA,NA,NA,NA,NA,NA,"Y",NA,"N",NA,"ARFR4-SOS-NM930N-66-11","#F46D43",-107.2045028,36.76818611,"10 - 15 Deg. F. / 3 - 6","","10 - 15 Deg. F.","6-Mar","10 - 15 Deg. F. / 3 - 6","10 - 15 / semi-humid","NM.1","#66e566","semi-humid, cool","#F46D43","C"
"ARFR-WY050-49-FREMONT-12","black",9,31,33,31,NA,1780,NA,6.8,1,NA,NA,10.9,1,NA,2,1,NA,2,1,NA,2,25.9,1,NA,2,1,NA,3,1,NA,3,1,3,1,NA,3,1,NA,NA,NA,NA,NA,NA,NA,NA,NA,"Y",NA,"N",NA,"ARFR4-SOS-WY050-49-FREMONT-12","#5E4FA2",-109.34775,43.42663611,"5 - 10 Deg. F. / 6 - 12","","5 - 10 Deg. F.","12-Jun","5 - 10 Deg. F. / 6 - 12","5 - 10 / semi-arid","WY.3","#ffb90f","semi-arid, cold","#5E4FA2","K"
"ARFR-UT080-109-UINTAH-12","black",9,32,33,32,NA,1781,NA,6.6,1,NA,NA,16.9,1,NA,2,1,NA,2,1,NA,2,56.3,1,NA,3,1,NA,3,1,NA,3,1,3,1,NA,3,1,NA,NA,NA,NA,NA,NA,NA,NA,NA,"Y",NA,"N",NA,"ARFR4-SOS-UT080-109-UINTAH-12","#aabe7f",-109.1426444,39.70802222,"10 - 15 Deg. F. / 3 - 6","","10 - 15 Deg. F.","6-Mar","10 - 15 Deg. F. / 3 - 6","10 - 15 / semi-humid","UT.1","#66e566","semi-humid, cool","#aabe7f","G"
"ARFR-WY050-151-FREMONT-16","black",9,33,33,33,NA,1782,NA,5.1,1,NA,NA,7.4,1,NA,2,1,NA,2,1,NA,2,13.5,1,NA,2,1,NA,2,1,NA,2,1,2,1,NA,2,1,NA,NA,NA,NA,NA,NA,NA,NA,NA,"Y",NA,"N",NA,"ARFR4-SOS-WY050-151-FREMONT-16","#3288BD",-108.1704472,42.47886111,"10 - 15 Deg. F. / 6 - 12","","10 - 15 Deg. F.","12-Jun","10 - 15 Deg. F. / 6 - 12","10 - 15 / semi-arid","WY.2","#cd8500","semi-arid, cool","#3288BD","J"
"ARFR-CO932-316-JEFFERSON-12","black",9,34,33,34,NA,1783,NA,4,1,NA,NA,10.7,1,NA,2,1,NA,2,1,NA,2,30.4,1,NA,3,1,NA,3,1,NA,3,1,3,1,NA,3,1,NA,NA,NA,NA,NA,NA,NA,NA,NA,"Y",NA,"N",NA,"ARFR4-SOS-CO932-316-JEFFERSON-12","#FFFF85",-105.358,39.66325,"15 - 20 Deg. F. / 3 - 6","","15 - 20 Deg. F.","6-Mar","15 - 20 Deg. F. / 3 - 6","15 - 20 / semi-humid","CO.3","#698b69","semi-humid, warm","#FFFF85","F"
"ARFR-AZ930-422-NAVAJO-18","black",9,35,33,35,340,1784,NA,5.6,1,NA,NA,12.5,1,NA,2,1,NA,2,1,NA,2,49,1,NA,2,1,NA,3,1,NA,3,1,3,1,NA,3,1,NA,NA,NA,NA,NA,NA,NA,NA,NA,"Y",NA,"N",NA,"ARFR4-SOS-AZ930-422-NAVAJO-18","#D53E4F",-110.431,36.56805,"15 - 20 Deg. F. / 6 - 12","Lats corrected 20230127","15 - 20 Deg. F.","12-Jun","15 - 20 Deg. F. / 6 - 12","15 - 20 / semi-arid","AZ.2","#ee5c42","semi-arid, warm","#D53E4F","B"
"ARFR-WY050-49-FREMONT-12","black",9,36,33,36,NA,1785,NA,5,1,NA,NA,7.8,1,NA,2,1,NA,2,1,NA,2,21,1,NA,2,1,NA,3,1,NA,3,1,3,1,NA,3,1,NA,NA,NA,NA,NA,NA,NA,NA,NA,"Y",NA,"N",NA,"ARFR4-SOS-WY050-49-FREMONT-12","#5E4FA2",-109.34775,43.42663611,"5 - 10 Deg. F. / 6 - 12","","5 - 10 Deg. F.","12-Jun","5 - 10 Deg. F. / 6 - 12","5 - 10 / semi-arid","WY.3","#ffb90f","semi-arid, cold","#5E4FA2","K"
"ARFR-CO932-316-JEFFERSON-12","black",9,37,33,37,NA,1786,NA,4.6,1,NA,NA,9,1,NA,2,1,NA,2,1,NA,2,40.7,1,NA,2,1,NA,3,1,NA,3,1,3,1,NA,3,1,NA,NA,NA,NA,NA,NA,NA,NA,NA,"Y",NA,"N",NA,"ARFR4-SOS-CO932-316-JEFFERSON-12","#FFFF85",-105.358,39.66325,"15 - 20 Deg. F. / 3 - 6","","15 - 20 Deg. F.","6-Mar","15 - 20 Deg. F. / 3 - 6","15 - 20 / semi-humid","CO.3","#698b69","semi-humid, warm","#FFFF85","F"
"ARFR-WY050-49-FREMONT-12","black",9,38,33,38,NA,1787,NA,5.8,1,NA,NA,7.4,1,NA,2,1,NA,2,1,NA,2,25.2,1,NA,2,1,NA,2,1,NA,2,1,2,1,NA,2,1,NA,NA,NA,NA,NA,NA,NA,NA,NA,"Y",NA,"N",NA,"ARFR4-SOS-WY050-49-FREMONT-12","#5E4FA2",-109.34775,43.42663611,"5 - 10 Deg. F. / 6 - 12","","5 - 10 Deg. F.","12-Jun","5 - 10 Deg. F. / 6 - 12","5 - 10 / semi-arid","WY.3","#ffb90f","semi-arid, cold","#5E4FA2","K"
"ARFR-AZ930-423-NAVAJO-18","black",9,39,33,39,NA,1788,NA,7.5,1,NA,NA,17.6,1,NA,2,1,NA,2,1,NA,2,52.7,1,NA,2,1,NA,3,1,NA,3,1,3,1,NA,3,1,NA,NA,"Yes",NA,188.63,"L",156.652,58.12,51.16,"Y",NA,"N",NA,"ARFR4-SOS-AZ930-423-NAVAJO-18","#9E0142",-110.431,36.45877,"15 - 20 Deg. F. / 6 - 12","SdZones downloaded 20230823","15 - 20 Deg. F.","12-Jun","15 - 20 Deg. F. / 6 - 12","15 - 20 / semi-arid","AZ.1","#ee5c42","semi-arid, warm","#9E0142","A"
"ARFR-AZ930-423-NAVAJO-18","black",9,40,33,40,341,1789,NA,5.9,1,NA,NA,NA,0,NA,NA,0,NA,NA,0,NA,NA,NA,0,NA,NA,0,NA,NA,0,NA,NA,0,NA,0,NA,NA,0,NA,NA,NA,NA,NA,NA,NA,NA,NA,"N",NA,"N",NA,"ARFR4-SOS-AZ930-423-NAVAJO-18","#9E0142",-110.431,36.45877,"15 - 20 Deg. F. / 6 - 12","SdZones downloaded 20230823","15 - 20 Deg. F.","12-Jun","15 - 20 Deg. F. / 6 - 12","15 - 20 / semi-arid","AZ.1","#ee5c42","semi-arid, warm","#9E0142","A"
"ARFR-WY040-71-10","black",9,41,33,41,NA,1790,NA,4.8,1,NA,NA,6.4,1,NA,2,1,NA,2,1,NA,2,16.7,1,NA,2,1,NA,2,1,NA,2,1,2,1,NA,2,1,NA,NA,NA,NA,NA,NA,NA,NA,NA,"Y",NA,"N",NA,"ARFR4-SOS-WY040-71-10","#66C2A5",-109.2433156,41.13271889,"5 - 10 Deg. F. / 3 - 6","","5 - 10 Deg. F.","6-Mar","5 - 10 Deg. F. / 3 - 6","5 - 10 / semi-humid","WY.1","#a5c2f1","semi-humid, cold","#66C2A5","I"
"ARFR-WY050-49-FREMONT-12","black",9,42,33,42,NA,1791,NA,6.9,1,NA,NA,8.5,1,NA,2,1,NA,2,1,NA,2,26.8,1,NA,2,1,NA,3,1,NA,3,1,3,1,NA,3,1,NA,NA,NA,NA,NA,NA,NA,NA,NA,"Y",NA,"N",NA,"ARFR4-SOS-WY050-49-FREMONT-12","#5E4FA2",-109.34775,43.42663611,"5 - 10 Deg. F. / 6 - 12","","5 - 10 Deg. F.","12-Jun","5 - 10 Deg. F. / 6 - 12","5 - 10 / semi-arid","WY.3","#ffb90f","semi-arid, cold","#5E4FA2","K"
"ARFR-CO932-294-11","black",9,43,33,43,NA,1792,NA,4.1,1,NA,NA,7.6,1,NA,2,1,NA,2,1,NA,2,34.2,1,NA,2,1,NA,3,1,NA,3,1,3,1,NA,3,1,NA,NA,NA,NA,NA,NA,NA,NA,NA,"Y",NA,"N",NA,"ARFR4-SOS-CO932-294-11","#ABDDA4",-105.2030833,39.78458333,"15 - 20 Deg. F. / 3 - 6","","15 - 20 Deg. F.","6-Mar","15 - 20 Deg. F. / 3 - 6","15 - 20 / semi-humid","CO.4","#698b69","semi-humid, warm","#ABDDA4","H"
"ARFR-AZ930-422-NAVAJO-18","black",9,44,33,44,NA,1793,NA,6.4,1,NA,NA,13.8,1,NA,2,1,NA,2,1,NA,2,52.9,1,NA,2,1,NA,3,1,NA,3,1,3,1,NA,3,1,NA,NA,NA,NA,NA,NA,NA,NA,NA,"Y",NA,"N",NA,"ARFR4-SOS-AZ930-422-NAVAJO-18","#D53E4F",-110.431,36.56805,"15 - 20 Deg. F. / 6 - 12","Lats corrected 20230127","15 - 20 Deg. F.","12-Jun","15 - 20 Deg. F. / 6 - 12","15 - 20 / semi-arid","AZ.2","#ee5c42","semi-arid, warm","#D53E4F","B"
"ARFR-NM930N-66-11","black",9,45,33,45,342,1794,NA,11.8,1,NA,NA,15.5,1,NA,2,1,NA,2,1,NA,2,49.2,1,NA,2,1,NA,3,1,NA,3,1,3,1,NA,3,1,NA,NA,"Yes",NA,178.6,"L",146.622,42.64,35.68,"Y",NA,"N",NA,"ARFR4-SOS-NM930N-66-11","#F46D43",-107.2045028,36.76818611,"10 - 15 Deg. F. / 3 - 6","","10 - 15 Deg. F.","6-Mar","10 - 15 Deg. F. / 3 - 6","10 - 15 / semi-humid","NM.1","#66e566","semi-humid, cool","#F46D43","C"
"ARFR-WY050-49-FREMONT-12","black",9,46,33,46,NA,1795,NA,8,1,NA,NA,8.1,1,NA,2,1,NA,2,1,NA,2,13,1,NA,2,1,NA,2,1,NA,2,1,2,1,NA,2,1,NA,NA,NA,NA,NA,NA,NA,NA,NA,"Y",NA,"N",NA,"ARFR4-SOS-WY050-49-FREMONT-12","#5E4FA2",-109.34775,43.42663611,"5 - 10 Deg. F. / 6 - 12","","5 - 10 Deg. F.","12-Jun","5 - 10 Deg. F. / 6 - 12","5 - 10 / semi-arid","WY.3","#ffb90f","semi-arid, cold","#5E4FA2","K"
"ARFR-UT080-109-UINTAH-12","black",9,47,33,47,NA,1796,NA,7.1,1,NA,NA,15.3,1,NA,2,1,NA,2,1,NA,2,51.6,1,NA,3,1,NA,3,1,NA,3,1,3,1,NA,3,1,NA,NA,NA,NA,NA,NA,NA,NA,NA,"Y",NA,"N",NA,"ARFR4-SOS-UT080-109-UINTAH-12","#aabe7f",-109.1426444,39.70802222,"10 - 15 Deg. F. / 3 - 6","","10 - 15 Deg. F.","6-Mar","10 - 15 Deg. F. / 3 - 6","10 - 15 / semi-humid","UT.1","#66e566","semi-humid, cool","#aabe7f","G"
"ARFR-AZ930-422-NAVAJO-18","black",9,48,33,48,NA,1797,NA,6.7,1,NA,NA,12.9,1,NA,2,1,NA,2,1,NA,2,45.6,1,NA,2,1,NA,3,1,NA,3,1,3,1,NA,3,1,NA,NA,NA,NA,NA,NA,NA,NA,NA,"Y",NA,"N",NA,"ARFR4-SOS-AZ930-422-NAVAJO-18","#D53E4F",-110.431,36.56805,"15 - 20 Deg. F. / 6 - 12","Lats corrected 20230127","15 - 20 Deg. F.","12-Jun","15 - 20 Deg. F. / 6 - 12","15 - 20 / semi-arid","AZ.2","#ee5c42","semi-arid, warm","#D53E4F","B"
"ARFR-WY930-44-LASANIMAS-13","black",9,49,33,49,NA,1798,NA,6.6,1,NA,NA,11,1,NA,2,1,NA,2,1,NA,2,29.6,1,NA,2,1,NA,3,1,NA,3,1,3,1,NA,3,1,NA,NA,NA,NA,NA,NA,NA,NA,NA,"Y",NA,"N",NA,"ARFR4-SOS-WY930-44-LASANIMAS-13","#FDAE61",-104.6423889,37.16547222,"15 - 20 Deg. F. / 3 - 6","","15 - 20 Deg. F.","6-Mar","15 - 20 Deg. F. / 3 - 6","15 - 20 / semi-humid","CO.1","#698b69","semi-humid, warm","#FDAE61","D"
"ARFR-AZ930-423-NAVAJO-18","black",9,50,33,50,343,1799,NA,7.5,1,NA,NA,12,1,NA,2,1,NA,2,1,NA,2,44.5,1,NA,2,1,NA,3,1,NA,3,1,3,1,NA,3,1,NA,NA,NA,NA,NA,NA,NA,NA,NA,"Y",NA,"N",NA,"ARFR4-SOS-AZ930-423-NAVAJO-18","#9E0142",-110.431,36.45877,"15 - 20 Deg. F. / 6 - 12","SdZones downloaded 20230823","15 - 20 Deg. F.","12-Jun","15 - 20 Deg. F. / 6 - 12","15 - 20 / semi-arid","AZ.1","#ee5c42","semi-arid, warm","#9E0142","A"
"ARFR-CO932-314-JEFFERSON-12","black",9,51,33,51,NA,1800,NA,4.2,1,NA,NA,7.8,1,NA,2,1,NA,2,1,NA,2,18.1,1,NA,2,1,NA,3,1,NA,3,1,3,1,NA,3,1,NA,NA,NA,NA,NA,NA,NA,NA,NA,"Y",NA,"N",NA,"ARFR4-SOS-CO932-314-JEFFERSON-12","#FEE08B",-105.3553333,39.40902778,"10 - 15 Deg. F. / 3 - 6","","10 - 15 Deg. F.","6-Mar","10 - 15 Deg. F. / 3 - 6","10 - 15 / semi-humid","CO.2","#66e566","semi-humid, cool","#FEE08B","E"
"ARFR-CO932-314-JEFFERSON-12","black",9,52,33,52,NA,1801,NA,5.1,1,NA,NA,9,1,"Swapped during planting. 314-Jefferson is now plant 52",2,1,NA,2,1,NA,2,36.9,1,NA,2,1,NA,3,1,NA,3,1,3,1,NA,3,1,NA,NA,NA,NA,NA,NA,NA,NA,NA,"Y",NA,"N",NA,"ARFR4-SOS-CO932-314-JEFFERSON-12","#FEE08B",-105.3553333,39.40902778,"10 - 15 Deg. F. / 3 - 6","","10 - 15 Deg. F.","6-Mar","10 - 15 Deg. F. / 3 - 6","10 - 15 / semi-humid","CO.2","#66e566","semi-humid, cool","#FEE08B","E"
"ARFR-UT080-109-UINTAH-12","black",9,53,33,53,NA,1802,NA,7.1,1,NA,NA,16.9,1,"Swapped during planting. Uintah is now plant 53",2,1,NA,2,1,NA,2,60.2,1,NA,3,1,NA,3,1,NA,3,1,3,1,NA,3,1,NA,NA,NA,NA,NA,NA,NA,NA,NA,"Y",NA,"N",NA,"ARFR4-SOS-UT080-109-UINTAH-12","#aabe7f",-109.1426444,39.70802222,"10 - 15 Deg. F. / 3 - 6","","10 - 15 Deg. F.","6-Mar","10 - 15 Deg. F. / 3 - 6","10 - 15 / semi-humid","UT.1","#66e566","semi-humid, cool","#aabe7f","G"
"ARFR-CO932-314-JEFFERSON-12","black",9,54,33,54,NA,1803,NA,4.4,1,NA,NA,NA,0,NA,NA,0,NA,NA,0,NA,NA,NA,0,NA,2,0,NA,NA,0,NA,NA,0,NA,0,NA,NA,0,NA,NA,NA,NA,NA,NA,NA,NA,NA,"N",NA,"N",NA,"ARFR4-SOS-CO932-314-JEFFERSON-12","#FEE08B",-105.3553333,39.40902778,"10 - 15 Deg. F. / 3 - 6","","10 - 15 Deg. F.","6-Mar","10 - 15 Deg. F. / 3 - 6","10 - 15 / semi-humid","CO.2","#66e566","semi-humid, cool","#FEE08B","E"
"ARFR-NM930N-66-11","black",9,55,33,55,344,1804,NA,9.1,1,NA,NA,14.1,1,NA,2,1,"bud?",2,1,NA,2,55.2,1,NA,2,1,NA,3,1,NA,3,1,3,1,NA,3,1,NA,NA,NA,NA,NA,NA,NA,NA,NA,"Y",NA,"N",NA,"ARFR4-SOS-NM930N-66-11","#F46D43",-107.2045028,36.76818611,"10 - 15 Deg. F. / 3 - 6","","10 - 15 Deg. F.","6-Mar","10 - 15 Deg. F. / 3 - 6","10 - 15 / semi-humid","NM.1","#66e566","semi-humid, cool","#F46D43","C"
"ARFR-AZ930-422-NAVAJO-18","black",9,56,34,1,333,1805,NA,5.5,1,NA,NA,10,1,NA,2,1,NA,2,1,NA,2,21.7,1,NA,2,1,NA,3,1,NA,3,1,3,1,NA,3,1,NA,NA,NA,NA,NA,NA,NA,NA,NA,"Y",NA,"N",NA,"ARFR4-SOS-AZ930-422-NAVAJO-18","#D53E4F",-110.431,36.56805,"15 - 20 Deg. F. / 6 - 12","Lats corrected 20230127","15 - 20 Deg. F.","12-Jun","15 - 20 Deg. F. / 6 - 12","15 - 20 / semi-arid","AZ.2","#ee5c42","semi-arid, warm","#D53E4F","B"
"ARFR-UT080-109-UINTAH-12","black",9,57,34,2,NA,1806,NA,6.3,1,NA,NA,12.5,1,NA,2,1,NA,2,1,NA,2,49.6,1,NA,3,1,NA,3,1,NA,3,1,3,1,NA,3,1,NA,NA,NA,NA,NA,NA,NA,NA,NA,"Y",NA,"N",NA,"ARFR4-SOS-UT080-109-UINTAH-12","#aabe7f",-109.1426444,39.70802222,"10 - 15 Deg. F. / 3 - 6","","10 - 15 Deg. F.","6-Mar","10 - 15 Deg. F. / 3 - 6","10 - 15 / semi-humid","UT.1","#66e566","semi-humid, cool","#aabe7f","G"
"ARFR-AZ930-422-NAVAJO-18","black",9,58,34,3,NA,1807,NA,4.2,1,NA,NA,17.8,1,NA,2,1,NA,2,1,NA,2,54.4,1,NA,2,1,NA,3,1,NA,3,1,3,1,NA,3,1,NA,NA,NA,NA,NA,NA,NA,NA,NA,"Y",NA,"N",NA,"ARFR4-SOS-AZ930-422-NAVAJO-18","#D53E4F",-110.431,36.56805,"15 - 20 Deg. F. / 6 - 12","Lats corrected 20230127","15 - 20 Deg. F.","12-Jun","15 - 20 Deg. F. / 6 - 12","15 - 20 / semi-arid","AZ.2","#ee5c42","semi-arid, warm","#D53E4F","B"
"ARFR-NM930N-66-11","black",9,59,34,4,NA,1808,NA,8,1,NA,NA,17.6,1,NA,2,1,NA,2,1,NA,2,45.7,1,NA,2,1,NA,3,1,NA,3,1,3,1,NA,3,1,NA,NA,NA,NA,NA,NA,NA,NA,NA,"Y",NA,"N",NA,"ARFR4-SOS-NM930N-66-11","#F46D43",-107.2045028,36.76818611,"10 - 15 Deg. F. / 3 - 6","","10 - 15 Deg. F.","6-Mar","10 - 15 Deg. F. / 3 - 6","10 - 15 / semi-humid","NM.1","#66e566","semi-humid, cool","#F46D43","C"
"ARFR-WY050-49-FREMONT-12","black",9,60,34,5,334,1809,NA,4.1,1,NA,NA,5.6,1,NA,2,1,NA,2,1,NA,2,17.6,1,NA,2,1,NA,2,1,NA,2,1,2,1,NA,2,1,NA,NA,NA,NA,NA,NA,NA,NA,NA,"Y",NA,"Y",NA,"ARFR4-SOS-WY050-49-FREMONT-12","#5E4FA2",-109.34775,43.42663611,"5 - 10 Deg. F. / 6 - 12","","5 - 10 Deg. F.","12-Jun","5 - 10 Deg. F. / 6 - 12","5 - 10 / semi-arid","WY.3","#ffb90f","semi-arid, cold","#5E4FA2","K"
"ARFR-WY040-71-10","black",9,61,34,6,NA,1810,NA,5,1,NA,NA,6.3,1,NA,2,1,NA,2,1,NA,2,14.5,1,NA,2,1,NA,2,1,NA,2,1,2,1,NA,2,1,NA,NA,NA,NA,NA,NA,NA,NA,NA,"Y",NA,"N",NA,"ARFR4-SOS-WY040-71-10","#66C2A5",-109.2433156,41.13271889,"5 - 10 Deg. F. / 3 - 6","","5 - 10 Deg. F.","6-Mar","5 - 10 Deg. F. / 3 - 6","5 - 10 / semi-humid","WY.1","#a5c2f1","semi-humid, cold","#66C2A5","I"
"ARFR-AZ930-422-NAVAJO-18","black",9,62,34,7,NA,1811,NA,4.2,1,NA,NA,12.9,1,NA,2,1,NA,2,1,NA,2,24.3,1,NA,2,1,NA,NA,0,NA,NA,0,NA,0,NA,NA,0,NA,NA,NA,NA,NA,NA,NA,NA,NA,"Y",NA,"N",NA,"ARFR4-SOS-AZ930-422-NAVAJO-18","#D53E4F",-110.431,36.56805,"15 - 20 Deg. F. / 6 - 12","Lats corrected 20230127","15 - 20 Deg. F.","12-Jun","15 - 20 Deg. F. / 6 - 12","15 - 20 / semi-arid","AZ.2","#ee5c42","semi-arid, warm","#D53E4F","B"
"ARFR-UT080-109-UINTAH-12","black",9,63,34,8,NA,1812,NA,4.3,1,NA,NA,8.9,1,NA,2,1,NA,2,1,NA,2,38.7,1,NA,3,1,NA,3,1,NA,3,1,3,1,NA,3,1,NA,NA,NA,NA,NA,NA,NA,NA,NA,"Y",NA,"N",NA,"ARFR4-SOS-UT080-109-UINTAH-12","#aabe7f",-109.1426444,39.70802222,"10 - 15 Deg. F. / 3 - 6","","10 - 15 Deg. F.","6-Mar","10 - 15 Deg. F. / 3 - 6","10 - 15 / semi-humid","UT.1","#66e566","semi-humid, cool","#aabe7f","G"
"ARFR-AZ930-423-NAVAJO-18","black",9,64,34,9,NA,1813,NA,7.3,1,NA,NA,13,1,NA,2,1,NA,2,1,NA,2,44.3,1,NA,2,1,NA,3,1,NA,3,1,3,1,NA,3,1,NA,NA,NA,NA,NA,NA,NA,NA,NA,"Y",NA,"N",NA,"ARFR4-SOS-AZ930-423-NAVAJO-18","#9E0142",-110.431,36.45877,"15 - 20 Deg. F. / 6 - 12","SdZones downloaded 20230823","15 - 20 Deg. F.","12-Jun","15 - 20 Deg. F. / 6 - 12","15 - 20 / semi-arid","AZ.1","#ee5c42","semi-arid, warm","#9E0142","A"
"ARFR-CO932-316-JEFFERSON-12","black",9,65,34,10,335,1814,NA,4.5,1,NA,NA,12.4,1,NA,2,1,NA,2,1,NA,2,38.9,1,NA,2,1,NA,3,1,NA,3,1,3,1,NA,3,1,NA,NA,NA,NA,NA,NA,NA,NA,NA,"Y",NA,"N",NA,"ARFR4-SOS-CO932-316-JEFFERSON-12","#FFFF85",-105.358,39.66325,"15 - 20 Deg. F. / 3 - 6","","15 - 20 Deg. F.","6-Mar","15 - 20 Deg. F. / 3 - 6","15 - 20 / semi-humid","CO.3","#698b69","semi-humid, warm","#FFFF85","F"
"ARFR-NM930N-66-11","black",9,66,34,11,NA,1815,NA,6.8,1,NA,NA,13.4,1,NA,2,1,NA,2,1,NA,2,50,1,NA,2,1,NA,3,1,NA,3,1,3,1,NA,3,1,NA,NA,NA,NA,NA,NA,NA,NA,NA,"Y",NA,"N",NA,"ARFR4-SOS-NM930N-66-11","#F46D43",-107.2045028,36.76818611,"10 - 15 Deg. F. / 3 - 6","","10 - 15 Deg. F.","6-Mar","10 - 15 Deg. F. / 3 - 6","10 - 15 / semi-humid","NM.1","#66e566","semi-humid, cool","#F46D43","C"
"ARFR-WY050-49-FREMONT-12","black",9,67,34,12,NA,1816,NA,6.1,1,NA,NA,5.5,1,NA,2,1,NA,2,1,NA,2,12,1,NA,2,1,NA,2,1,NA,2,1,2,1,NA,2,1,NA,NA,NA,NA,NA,NA,NA,NA,NA,"Y",NA,"N",NA,"ARFR4-SOS-WY050-49-FREMONT-12","#5E4FA2",-109.34775,43.42663611,"5 - 10 Deg. F. / 6 - 12","","5 - 10 Deg. F.","12-Jun","5 - 10 Deg. F. / 6 - 12","5 - 10 / semi-arid","WY.3","#ffb90f","semi-arid, cold","#5E4FA2","K"
"ARFR-NM930N-66-11","black",9,68,34,13,NA,1817,NA,7.7,1,NA,NA,20,1,NA,2,1,NA,2,1,NA,2,56.9,1,NA,2,1,NA,3,1,NA,3,1,3,1,NA,3,1,NA,NA,NA,NA,NA,NA,NA,NA,NA,"Y",NA,"N",NA,"ARFR4-SOS-NM930N-66-11","#F46D43",-107.2045028,36.76818611,"10 - 15 Deg. F. / 3 - 6","","10 - 15 Deg. F.","6-Mar","10 - 15 Deg. F. / 3 - 6","10 - 15 / semi-humid","NM.1","#66e566","semi-humid, cool","#F46D43","C"
"ARFR-NM930N-66-11","black",9,69,34,14,NA,1818,NA,8.7,1,NA,NA,15.9,1,NA,2,1,NA,2,1,NA,2,51.8,1,NA,2,1,NA,3,1,NA,3,1,3,1,NA,3,1,NA,NA,NA,NA,NA,NA,NA,NA,NA,"Y",NA,"N",NA,"ARFR4-SOS-NM930N-66-11","#F46D43",-107.2045028,36.76818611,"10 - 15 Deg. F. / 3 - 6","","10 - 15 Deg. F.","6-Mar","10 - 15 Deg. F. / 3 - 6","10 - 15 / semi-humid","NM.1","#66e566","semi-humid, cool","#F46D43","C"
"ARFR-WY040-71-10","black",9,70,34,15,336,1819,NA,4,1,NA,NA,7.7,1,NA,2,1,NA,2,1,NA,2,13,1,NA,2,1,NA,2,1,NA,2,1,2,1,NA,2,1,NA,NA,NA,NA,NA,NA,NA,NA,NA,"Y",NA,"N",NA,"ARFR4-SOS-WY040-71-10","#66C2A5",-109.2433156,41.13271889,"5 - 10 Deg. F. / 3 - 6","","5 - 10 Deg. F.","6-Mar","5 - 10 Deg. F. / 3 - 6","5 - 10 / semi-humid","WY.1","#a5c2f1","semi-humid, cold","#66C2A5","I"
"ARFR-AZ930-422-NAVAJO-18","black",9,71,34,16,NA,1820,NA,5.8,1,NA,NA,14.4,1,NA,2,1,NA,2,1,NA,2,58.2,1,NA,2,1,NA,3,1,NA,3,1,3,1,NA,3,1,NA,NA,NA,NA,NA,NA,NA,NA,NA,"Y",NA,"N",NA,"ARFR4-SOS-AZ930-422-NAVAJO-18","#D53E4F",-110.431,36.56805,"15 - 20 Deg. F. / 6 - 12","Lats corrected 20230127","15 - 20 Deg. F.","12-Jun","15 - 20 Deg. F. / 6 - 12","15 - 20 / semi-arid","AZ.2","#ee5c42","semi-arid, warm","#D53E4F","B"
"ARFR-AZ930-423-NAVAJO-18","black",9,72,34,17,NA,1821,NA,4.7,1,NA,NA,9.6,1,NA,2,1,NA,2,1,NA,2,33.5,1,NA,2,1,NA,3,1,NA,3,1,3,1,NA,3,1,NA,NA,NA,NA,NA,NA,NA,NA,NA,"Y",NA,"Y",NA,"ARFR4-SOS-AZ930-423-NAVAJO-18","#9E0142",-110.431,36.45877,"15 - 20 Deg. F. / 6 - 12","SdZones downloaded 20230823","15 - 20 Deg. F.","12-Jun","15 - 20 Deg. F. / 6 - 12","15 - 20 / semi-arid","AZ.1","#ee5c42","semi-arid, warm","#9E0142","A"
"ARFR-AZ930-423-NAVAJO-18","black",9,73,34,18,NA,1822,NA,8.5,1,NA,NA,NA,1,NA,NA,0,NA,NA,0,NA,NA,NA,0,NA,NA,0,NA,NA,0,NA,NA,0,NA,0,"maked as alive and phenology 3. Assume this was an error?",NA,0,NA,NA,NA,NA,NA,NA,NA,NA,NA,"N",NA,"N",NA,"ARFR4-SOS-AZ930-423-NAVAJO-18","#9E0142",-110.431,36.45877,"15 - 20 Deg. F. / 6 - 12","SdZones downloaded 20230823","15 - 20 Deg. F.","12-Jun","15 - 20 Deg. F. / 6 - 12","15 - 20 / semi-arid","AZ.1","#ee5c42","semi-arid, warm","#9E0142","A"
"ARFR-WY930-44-LASANIMAS-13","black",9,74,34,19,NA,1823,NA,3.8,1,NA,NA,9,1,NA,2,1,NA,2,1,NA,2,34.1,1,NA,2,1,NA,3,1,NA,3,1,3,1,NA,3,1,NA,NA,NA,NA,NA,NA,NA,NA,NA,"Y",NA,"N",NA,"ARFR4-SOS-WY930-44-LASANIMAS-13","#FDAE61",-104.6423889,37.16547222,"15 - 20 Deg. F. / 3 - 6","","15 - 20 Deg. F.","6-Mar","15 - 20 Deg. F. / 3 - 6","15 - 20 / semi-humid","CO.1","#698b69","semi-humid, warm","#FDAE61","D"
"ARFR-CO932-316-JEFFERSON-12","black",9,75,34,20,337,1824,NA,6,1,NA,NA,9.4,1,NA,2,1,NA,2,1,NA,2,22.3,1,NA,2,1,NA,3,1,NA,3,1,3,1,NA,3,1,NA,NA,NA,NA,NA,NA,NA,NA,NA,"Y",NA,"N",NA,"ARFR4-SOS-CO932-316-JEFFERSON-12","#FFFF85",-105.358,39.66325,"15 - 20 Deg. F. / 3 - 6","","15 - 20 Deg. F.","6-Mar","15 - 20 Deg. F. / 3 - 6","15 - 20 / semi-humid","CO.3","#698b69","semi-humid, warm","#FFFF85","F"
"ARFR-CO932-294-11","black",9,76,34,21,NA,1825,NA,6.5,1,NA,NA,8.9,1,NA,2,1,NA,2,1,NA,2,24.7,1,NA,2,1,NA,3,1,NA,3,1,3,1,NA,3,1,NA,NA,NA,NA,NA,NA,NA,NA,NA,"Y",NA,"N",NA,"ARFR4-SOS-CO932-294-11","#ABDDA4",-105.2030833,39.78458333,"15 - 20 Deg. F. / 3 - 6","","15 - 20 Deg. F.","6-Mar","15 - 20 Deg. F. / 3 - 6","15 - 20 / semi-humid","CO.4","#698b69","semi-humid, warm","#ABDDA4","H"
"ARFR-CO932-314-JEFFERSON-12","black",9,77,34,22,NA,1826,NA,4.7,1,NA,NA,7.2,1,NA,2,1,NA,2,1,NA,2,19.1,1,NA,2,1,NA,3,1,NA,3,1,3,1,NA,3,1,NA,NA,NA,NA,NA,NA,NA,NA,NA,"Y",NA,"N",NA,"ARFR4-SOS-CO932-314-JEFFERSON-12","#FEE08B",-105.3553333,39.40902778,"10 - 15 Deg. F. / 3 - 6","","10 - 15 Deg. F.","6-Mar","10 - 15 Deg. F. / 3 - 6","10 - 15 / semi-humid","CO.2","#66e566","semi-humid, cool","#FEE08B","E"
"ARFR-UT080-109-UINTAH-12","black",9,78,34,23,NA,1827,NA,7.2,1,NA,NA,10.5,1,NA,2,1,NA,2,1,NA,2,30.7,1,NA,2,1,NA,3,1,NA,3,1,3,1,NA,3,1,NA,NA,NA,NA,NA,NA,NA,NA,NA,"Y",NA,"N",NA,"ARFR4-SOS-UT080-109-UINTAH-12","#aabe7f",-109.1426444,39.70802222,"10 - 15 Deg. F. / 3 - 6","","10 - 15 Deg. F.","6-Mar","10 - 15 Deg. F. / 3 - 6","10 - 15 / semi-humid","UT.1","#66e566","semi-humid, cool","#aabe7f","G"
"ARFR-CO932-314-JEFFERSON-12","black",9,79,34,24,NA,1828,NA,5.1,1,NA,NA,9.8,1,NA,2,1,NA,2,1,NA,2,39.3,1,NA,2,1,NA,3,1,NA,3,1,3,1,NA,3,1,NA,NA,"Yes",NA,97.4,"L",65.422,31.35,24.39,"Y",NA,"N",NA,"ARFR4-SOS-CO932-314-JEFFERSON-12","#FEE08B",-105.3553333,39.40902778,"10 - 15 Deg. F. / 3 - 6","","10 - 15 Deg. F.","6-Mar","10 - 15 Deg. F. / 3 - 6","10 - 15 / semi-humid","CO.2","#66e566","semi-humid, cool","#FEE08B","E"
"ARFR-NM930N-66-11","black",9,80,34,25,338,1829,NA,6.3,1,NA,NA,14.6,1,NA,2,1,NA,2,1,NA,2,43.9,1,NA,2,1,NA,3,1,NA,3,1,3,1,NA,3,1,NA,NA,NA,NA,NA,NA,NA,NA,NA,"Y",NA,"N",NA,"ARFR4-SOS-NM930N-66-11","#F46D43",-107.2045028,36.76818611,"10 - 15 Deg. F. / 3 - 6","","10 - 15 Deg. F.","6-Mar","10 - 15 Deg. F. / 3 - 6","10 - 15 / semi-humid","NM.1","#66e566","semi-humid, cool","#F46D43","C"
"ARFR-CO932-316-JEFFERSON-12","black",9,81,34,26,NA,1830,NA,5.1,1,NA,NA,10.2,1,NA,2,1,NA,2,1,NA,2,39.1,1,NA,2,1,NA,3,1,NA,3,1,3,1,NA,3,1,NA,NA,NA,NA,NA,NA,NA,NA,NA,"Y",NA,"N",NA,"ARFR4-SOS-CO932-316-JEFFERSON-12","#FFFF85",-105.358,39.66325,"15 - 20 Deg. F. / 3 - 6","","15 - 20 Deg. F.","6-Mar","15 - 20 Deg. F. / 3 - 6","15 - 20 / semi-humid","CO.3","#698b69","semi-humid, warm","#FFFF85","F"
"ARFR-WY050-151-FREMONT-16","black",9,82,34,27,NA,1831,NA,7.4,1,NA,NA,7.8,1,NA,2,1,NA,2,1,NA,2,26.5,1,NA,2,1,NA,3,1,NA,3,1,3,1,NA,3,1,NA,NA,"Yes",NA,80.94,"L",48.962,27.02,20.06,"Y",NA,"N",NA,"ARFR4-SOS-WY050-151-FREMONT-16","#3288BD",-108.1704472,42.47886111,"10 - 15 Deg. F. / 6 - 12","","10 - 15 Deg. F.","12-Jun","10 - 15 Deg. F. / 6 - 12","10 - 15 / semi-arid","WY.2","#cd8500","semi-arid, cool","#3288BD","J"
"ARFR-CO932-316-JEFFERSON-12","black",9,83,34,28,NA,1832,NA,6.1,1,NA,NA,11.7,1,NA,2,1,NA,2,1,NA,2,31.3,1,NA,2,1,NA,3,1,NA,3,1,3,1,NA,3,1,NA,NA,NA,NA,NA,NA,NA,NA,NA,"Y",NA,"N",NA,"ARFR4-SOS-CO932-316-JEFFERSON-12","#FFFF85",-105.358,39.66325,"15 - 20 Deg. F. / 3 - 6","","15 - 20 Deg. F.","6-Mar","15 - 20 Deg. F. / 3 - 6","15 - 20 / semi-humid","CO.3","#698b69","semi-humid, warm","#FFFF85","F"
"ARFR-AZ930-422-NAVAJO-18","black",9,84,34,29,NA,1833,NA,4.8,1,NA,NA,10.3,1,NA,2,1,NA,2,1,NA,2,40.8,1,NA,2,1,NA,3,1,NA,3,1,3,1,NA,3,1,NA,NA,NA,NA,NA,NA,NA,NA,NA,"Y",NA,"N",NA,"ARFR4-SOS-AZ930-422-NAVAJO-18","#D53E4F",-110.431,36.56805,"15 - 20 Deg. F. / 6 - 12","Lats corrected 20230127","15 - 20 Deg. F.","12-Jun","15 - 20 Deg. F. / 6 - 12","15 - 20 / semi-arid","AZ.2","#ee5c42","semi-arid, warm","#D53E4F","B"
"ARFR-WY050-49-FREMONT-12","black",9,85,34,30,339,1834,NA,6,1,NA,NA,8.2,1,NA,2,1,NA,2,1,NA,2,21,1,NA,2,1,NA,2,1,NA,2,1,2,1,NA,2,1,NA,NA,NA,NA,NA,NA,NA,NA,NA,"Y",NA,"N",NA,"ARFR4-SOS-WY050-49-FREMONT-12","#5E4FA2",-109.34775,43.42663611,"5 - 10 Deg. F. / 6 - 12","","5 - 10 Deg. F.","12-Jun","5 - 10 Deg. F. / 6 - 12","5 - 10 / semi-arid","WY.3","#ffb90f","semi-arid, cold","#5E4FA2","K"
"ARFR-WY040-71-10","black",9,86,34,31,NA,1835,NA,3.7,1,NA,NA,6,1,NA,2,1,NA,2,1,NA,2,11.3,1,NA,2,1,NA,2,1,NA,2,1,2,1,NA,2,1,NA,NA,NA,NA,NA,NA,NA,NA,NA,"Y",NA,"N",NA,"ARFR4-SOS-WY040-71-10","#66C2A5",-109.2433156,41.13271889,"5 - 10 Deg. F. / 3 - 6","","5 - 10 Deg. F.","6-Mar","5 - 10 Deg. F. / 3 - 6","5 - 10 / semi-humid","WY.1","#a5c2f1","semi-humid, cold","#66C2A5","I"
"ARFR-AZ930-422-NAVAJO-18","black",9,87,34,32,NA,1836,NA,5.5,1,NA,NA,15.9,1,NA,2,1,NA,2,1,NA,2,52.4,1,NA,2,1,NA,3,1,NA,3,1,3,1,NA,3,1,NA,NA,NA,NA,NA,NA,NA,NA,NA,"Y",NA,"N",NA,"ARFR4-SOS-AZ930-422-NAVAJO-18","#D53E4F",-110.431,36.56805,"15 - 20 Deg. F. / 6 - 12","Lats corrected 20230127","15 - 20 Deg. F.","12-Jun","15 - 20 Deg. F. / 6 - 12","15 - 20 / semi-arid","AZ.2","#ee5c42","semi-arid, warm","#D53E4F","B"
"ARFR-UT080-109-UINTAH-12","black",9,88,34,33,NA,1837,NA,7,1,NA,NA,13.7,1,NA,2,1,NA,2,1,NA,2,50.6,1,NA,2,1,NA,3,1,NA,3,1,3,1,NA,3,1,NA,NA,NA,NA,NA,NA,NA,NA,NA,"Y",NA,"N",NA,"ARFR4-SOS-UT080-109-UINTAH-12","#aabe7f",-109.1426444,39.70802222,"10 - 15 Deg. F. / 3 - 6","","10 - 15 Deg. F.","6-Mar","10 - 15 Deg. F. / 3 - 6","10 - 15 / semi-humid","UT.1","#66e566","semi-humid, cool","#aabe7f","G"
"ARFR-CO932-314-JEFFERSON-12","black",9,89,34,34,NA,1838,NA,5.6,1,NA,NA,9.9,1,NA,2,1,NA,2,1,NA,2,29.3,1,NA,2,1,NA,3,1,NA,3,1,3,1,NA,3,1,NA,NA,NA,NA,NA,NA,NA,NA,NA,"Y",NA,"N",NA,"ARFR4-SOS-CO932-314-JEFFERSON-12","#FEE08B",-105.3553333,39.40902778,"10 - 15 Deg. F. / 3 - 6","","10 - 15 Deg. F.","6-Mar","10 - 15 Deg. F. / 3 - 6","10 - 15 / semi-humid","CO.2","#66e566","semi-humid, cool","#FEE08B","E"
"ARFR-AZ930-423-NAVAJO-18","black",9,90,34,35,340,1839,NA,5.5,1,NA,NA,NA,0,"dying? 5/31",NA,0,NA,NA,0,NA,NA,NA,0,NA,NA,0,NA,NA,0,NA,NA,0,NA,0,"maked as alive and phenology 3. Assume this was an error?",NA,0,NA,NA,NA,NA,NA,NA,NA,NA,NA,"N",NA,"N",NA,"ARFR4-SOS-AZ930-423-NAVAJO-18","#9E0142",-110.431,36.45877,"15 - 20 Deg. F. / 6 - 12","SdZones downloaded 20230823","15 - 20 Deg. F.","12-Jun","15 - 20 Deg. F. / 6 - 12","15 - 20 / semi-arid","AZ.1","#ee5c42","semi-arid, warm","#9E0142","A"
"ARFR-AZ930-422-NAVAJO-18","black",9,91,34,36,NA,1840,NA,4.6,1,NA,NA,11,1,NA,2,1,NA,2,1,NA,2,50,1,NA,2,1,NA,3,1,NA,3,1,3,1,NA,3,1,NA,NA,NA,NA,NA,NA,NA,NA,NA,"Y",NA,"N",NA,"ARFR4-SOS-AZ930-422-NAVAJO-18","#D53E4F",-110.431,36.56805,"15 - 20 Deg. F. / 6 - 12","Lats corrected 20230127","15 - 20 Deg. F.","12-Jun","15 - 20 Deg. F. / 6 - 12","15 - 20 / semi-arid","AZ.2","#ee5c42","semi-arid, warm","#D53E4F","B"
"ARFR-AZ930-423-NAVAJO-18","black",9,92,34,37,NA,1841,NA,5.8,1,NA,NA,NA,0,NA,NA,0,NA,NA,0,NA,NA,NA,0,NA,NA,0,NA,NA,0,NA,NA,0,NA,0,"maked as alive and phenology 3. Assume this was an error?",NA,0,NA,NA,NA,NA,NA,NA,NA,NA,NA,"N",NA,"N",NA,"ARFR4-SOS-AZ930-423-NAVAJO-18","#9E0142",-110.431,36.45877,"15 - 20 Deg. F. / 6 - 12","SdZones downloaded 20230823","15 - 20 Deg. F.","12-Jun","15 - 20 Deg. F. / 6 - 12","15 - 20 / semi-arid","AZ.1","#ee5c42","semi-arid, warm","#9E0142","A"
"ARFR-CO932-294-11","black",9,93,34,38,NA,1842,NA,5.3,1,NA,NA,7.5,1,NA,2,1,NA,2,1,NA,2,27.1,1,NA,2,1,NA,3,1,NA,3,1,3,1,NA,3,1,NA,NA,NA,NA,NA,NA,NA,NA,NA,"Y",NA,"N",NA,"ARFR4-SOS-CO932-294-11","#ABDDA4",-105.2030833,39.78458333,"15 - 20 Deg. F. / 3 - 6","","15 - 20 Deg. F.","6-Mar","15 - 20 Deg. F. / 3 - 6","15 - 20 / semi-humid","CO.4","#698b69","semi-humid, warm","#ABDDA4","H"
"ARFR-AZ930-423-NAVAJO-18","black",9,94,34,39,NA,1843,NA,6.2,1,NA,NA,12.4,1,NA,2,1,"buds?",2,1,NA,2,48.6,1,NA,2,1,NA,3,1,NA,3,1,3,1,NA,3,1,NA,NA,NA,NA,NA,NA,NA,NA,NA,"Y",NA,"N",NA,"ARFR4-SOS-AZ930-423-NAVAJO-18","#9E0142",-110.431,36.45877,"15 - 20 Deg. F. / 6 - 12","SdZones downloaded 20230823","15 - 20 Deg. F.","12-Jun","15 - 20 Deg. F. / 6 - 12","15 - 20 / semi-arid","AZ.1","#ee5c42","semi-arid, warm","#9E0142","A"
"ARFR-CO932-294-11","black",9,95,34,40,341,1844,NA,4.6,1,NA,NA,11.4,1,NA,2,1,NA,2,1,NA,2,34.4,1,NA,2,1,NA,3,1,NA,3,1,3,1,NA,3,1,NA,NA,NA,NA,NA,NA,NA,NA,NA,"Y",NA,"N",NA,"ARFR4-SOS-CO932-294-11","#ABDDA4",-105.2030833,39.78458333,"15 - 20 Deg. F. / 3 - 6","","15 - 20 Deg. F.","6-Mar","15 - 20 Deg. F. / 3 - 6","15 - 20 / semi-humid","CO.4","#698b69","semi-humid, warm","#ABDDA4","H"
"ARFR-AZ930-422-NAVAJO-18","black",9,96,34,41,NA,1845,NA,4,1,NA,NA,14.4,1,NA,2,1,NA,2,1,NA,2,45,1,NA,2,1,NA,3,1,NA,3,1,3,1,NA,3,1,NA,NA,NA,NA,NA,NA,NA,NA,NA,"Y",NA,"N",NA,"ARFR4-SOS-AZ930-422-NAVAJO-18","#D53E4F",-110.431,36.56805,"15 - 20 Deg. F. / 6 - 12","Lats corrected 20230127","15 - 20 Deg. F.","12-Jun","15 - 20 Deg. F. / 6 - 12","15 - 20 / semi-arid","AZ.2","#ee5c42","semi-arid, warm","#D53E4F","B"
"ARFR-CO932-294-11","black",9,97,34,42,NA,1846,NA,2,1,NA,NA,6.8,1,NA,2,1,NA,2,1,NA,2,29.2,1,NA,2,1,NA,3,1,NA,3,1,3,1,NA,3,1,NA,NA,NA,NA,NA,NA,NA,NA,NA,"Y",NA,"N",NA,"ARFR4-SOS-CO932-294-11","#ABDDA4",-105.2030833,39.78458333,"15 - 20 Deg. F. / 3 - 6","","15 - 20 Deg. F.","6-Mar","15 - 20 Deg. F. / 3 - 6","15 - 20 / semi-humid","CO.4","#698b69","semi-humid, warm","#ABDDA4","H"
"ARFR-WY050-151-FREMONT-16","black",9,98,34,43,NA,1847,NA,4.5,1,NA,NA,5.9,1,NA,2,1,NA,2,1,NA,2,13.5,1,NA,2,1,NA,2,1,NA,2,1,2,1,NA,2,1,NA,NA,NA,NA,NA,NA,NA,NA,NA,"Y",NA,"N",NA,"ARFR4-SOS-WY050-151-FREMONT-16","#3288BD",-108.1704472,42.47886111,"10 - 15 Deg. F. / 6 - 12","","10 - 15 Deg. F.","12-Jun","10 - 15 Deg. F. / 6 - 12","10 - 15 / semi-arid","WY.2","#cd8500","semi-arid, cool","#3288BD","J"
"ARFR-WY040-71-10","black",9,99,34,44,NA,1848,NA,4.1,1,NA,NA,4.6,1,NA,2,1,NA,2,1,NA,2,13.2,1,NA,2,1,NA,2,1,NA,2,1,2,1,NA,2,1,NA,NA,"Yes",NA,59.2,"L",27.222,7.58,0.196,"Y","weighed infs w/o bag","N",NA,"ARFR4-SOS-WY040-71-10","#66C2A5",-109.2433156,41.13271889,"5 - 10 Deg. F. / 3 - 6","","5 - 10 Deg. F.","6-Mar","5 - 10 Deg. F. / 3 - 6","5 - 10 / semi-humid","WY.1","#a5c2f1","semi-humid, cold","#66C2A5","I"
"ARFR-WY040-71-10","black",9,100,34,45,342,1849,NA,4.8,1,NA,NA,7,1,NA,2,1,NA,2,1,NA,2,27.7,1,NA,2,1,NA,2,1,NA,2,1,3,1,NA,3,1,"Initially marked as 2 but was 3 last time. Check to resolve",NA,NA,NA,NA,NA,NA,NA,NA,"N",NA,"N",NA,"ARFR4-SOS-WY040-71-10","#66C2A5",-109.2433156,41.13271889,"5 - 10 Deg. F. / 3 - 6","","5 - 10 Deg. F.","6-Mar","5 - 10 Deg. F. / 3 - 6","5 - 10 / semi-humid","WY.1","#a5c2f1","semi-humid, cold","#66C2A5","I"
"ARFR-CO932-294-11","black",9,101,34,46,NA,1850,NA,4.4,1,NA,NA,6.8,1,NA,2,1,NA,2,1,NA,2,15.5,1,NA,2,1,NA,2,1,NA,2,1,3,1,NA,3,1,NA,NA,NA,NA,NA,NA,NA,NA,NA,"Y",NA,"N",NA,"ARFR4-SOS-CO932-294-11","#ABDDA4",-105.2030833,39.78458333,"15 - 20 Deg. F. / 3 - 6","","15 - 20 Deg. F.","6-Mar","15 - 20 Deg. F. / 3 - 6","15 - 20 / semi-humid","CO.4","#698b69","semi-humid, warm","#ABDDA4","H"
"ARFR-CO932-294-11","black",9,102,34,47,NA,1851,NA,4.5,1,NA,NA,6.9,1,NA,2,1,NA,2,1,NA,2,19.8,1,NA,2,1,NA,3,1,NA,3,1,3,1,NA,3,1,NA,NA,NA,NA,NA,NA,NA,NA,NA,"Y",NA,"N",NA,"ARFR4-SOS-CO932-294-11","#ABDDA4",-105.2030833,39.78458333,"15 - 20 Deg. F. / 3 - 6","","15 - 20 Deg. F.","6-Mar","15 - 20 Deg. F. / 3 - 6","15 - 20 / semi-humid","CO.4","#698b69","semi-humid, warm","#ABDDA4","H"
"ARFR-WY050-49-FREMONT-12","black",9,103,34,48,NA,1852,NA,3.6,1,NA,NA,5.1,1,NA,2,1,NA,2,1,NA,2,14.4,1,NA,2,1,NA,2,1,NA,2,1,2,1,NA,2,1,NA,NA,NA,NA,NA,NA,NA,NA,NA,"Y",NA,"N",NA,"ARFR4-SOS-WY050-49-FREMONT-12","#5E4FA2",-109.34775,43.42663611,"5 - 10 Deg. F. / 6 - 12","","5 - 10 Deg. F.","12-Jun","5 - 10 Deg. F. / 6 - 12","5 - 10 / semi-arid","WY.3","#ffb90f","semi-arid, cold","#5E4FA2","K"
"ARFR-WY050-49-FREMONT-12","black",9,104,34,49,NA,1853,NA,4.4,1,NA,NA,6.2,1,NA,2,1,NA,2,1,NA,2,15.6,1,NA,2,1,NA,2,1,NA,2,1,2,1,NA,2,1,NA,NA,"Yes",NA,64.74,"L",32.762,7.22,0.017,"Y","weighed infs w/o bag","N",NA,"ARFR4-SOS-WY050-49-FREMONT-12","#5E4FA2",-109.34775,43.42663611,"5 - 10 Deg. F. / 6 - 12","","5 - 10 Deg. F.","12-Jun","5 - 10 Deg. F. / 6 - 12","5 - 10 / semi-arid","WY.3","#ffb90f","semi-arid, cold","#5E4FA2","K"
"ARFR-CO932-314-JEFFERSON-12","black",9,105,34,50,343,1854,NA,4.6,1,NA,NA,5.6,1,NA,2,1,NA,2,1,NA,2,16.8,1,NA,2,1,NA,2,1,NA,3,1,3,1,NA,3,1,NA,NA,NA,NA,NA,NA,NA,NA,NA,"Y",NA,"N",NA,"ARFR4-SOS-CO932-314-JEFFERSON-12","#FEE08B",-105.3553333,39.40902778,"10 - 15 Deg. F. / 3 - 6","","10 - 15 Deg. F.","6-Mar","10 - 15 Deg. F. / 3 - 6","10 - 15 / semi-humid","CO.2","#66e566","semi-humid, cool","#FEE08B","E"
"ARFR-NM930N-66-11","black",9,106,34,51,NA,1855,NA,9.5,1,NA,NA,15.4,1,NA,2,1,NA,2,1,NA,2,50.7,1,NA,2,1,NA,3,1,NA,3,1,3,1,NA,3,1,NA,NA,NA,NA,NA,NA,NA,NA,NA,"Y",NA,"N",NA,"ARFR4-SOS-NM930N-66-11","#F46D43",-107.2045028,36.76818611,"10 - 15 Deg. F. / 3 - 6","","10 - 15 Deg. F.","6-Mar","10 - 15 Deg. F. / 3 - 6","10 - 15 / semi-humid","NM.1","#66e566","semi-humid, cool","#F46D43","C"
"ARFR-WY040-71-10","black",9,107,34,52,NA,1856,NA,1,1,NA,NA,1.6,1,NA,2,1,NA,2,1,NA,2,5.5,1,NA,2,1,NA,2,1,NA,2,1,2,1,NA,2,1,NA,NA,NA,NA,NA,NA,NA,NA,NA,"N",NA,"N",NA,"ARFR4-SOS-WY040-71-10","#66C2A5",-109.2433156,41.13271889,"5 - 10 Deg. F. / 3 - 6","","5 - 10 Deg. F.","6-Mar","5 - 10 Deg. F. / 3 - 6","5 - 10 / semi-humid","WY.1","#a5c2f1","semi-humid, cold","#66C2A5","I"
"ARFR-UT080-109-UINTAH-12","black",9,108,34,53,NA,1857,NA,8.6,1,NA,NA,11.8,1,NA,2,1,NA,2,1,NA,2,37.8,1,NA,2,1,NA,3,1,NA,3,1,3,1,NA,3,1,NA,NA,NA,NA,NA,NA,NA,NA,NA,"Y",NA,"N",NA,"ARFR4-SOS-UT080-109-UINTAH-12","#aabe7f",-109.1426444,39.70802222,"10 - 15 Deg. F. / 3 - 6","","10 - 15 Deg. F.","6-Mar","10 - 15 Deg. F. / 3 - 6","10 - 15 / semi-humid","UT.1","#66e566","semi-humid, cool","#aabe7f","G"
"ARFR-WY040-71-10","black",9,109,34,54,NA,1858,NA,5,1,NA,NA,5.8,1,NA,2,1,NA,2,1,NA,2,11.9,1,NA,2,1,NA,2,1,NA,2,1,2,1,NA,2,1,NA,NA,NA,NA,NA,NA,NA,NA,NA,"N",NA,"N",NA,"ARFR4-SOS-WY040-71-10","#66C2A5",-109.2433156,41.13271889,"5 - 10 Deg. F. / 3 - 6","","5 - 10 Deg. F.","6-Mar","5 - 10 Deg. F. / 3 - 6","5 - 10 / semi-humid","WY.1","#a5c2f1","semi-humid, cold","#66C2A5","I"
"ARFR-AZ930-423-NAVAJO-18","black",9,110,34,55,344,1859,NA,5.7,1,NA,NA,11.2,1,NA,2,1,NA,2,1,NA,2,50.4,1,NA,2,1,NA,3,1,NA,3,1,3,1,NA,3,1,NA,NA,NA,NA,NA,NA,NA,NA,NA,"Y",NA,"N",NA,"ARFR4-SOS-AZ930-423-NAVAJO-18","#9E0142",-110.431,36.45877,"15 - 20 Deg. F. / 6 - 12","SdZones downloaded 20230823","15 - 20 Deg. F.","12-Jun","15 - 20 Deg. F. / 6 - 12","15 - 20 / semi-arid","AZ.1","#ee5c42","semi-arid, warm","#9E0142","A"
"ARFR-CO932-314-JEFFERSON-12","black",9,111,35,1,345,1860,NA,5.7,1,NA,NA,7.3,1,NA,2,1,NA,2,1,NA,2,9.4,1,NA,2,1,NA,2,1,NA,2,1,2,1,NA,2,1,NA,NA,NA,NA,NA,NA,NA,NA,NA,"Y",NA,"N",NA,"ARFR4-SOS-CO932-314-JEFFERSON-12","#FEE08B",-105.3553333,39.40902778,"10 - 15 Deg. F. / 3 - 6","","10 - 15 Deg. F.","6-Mar","10 - 15 Deg. F. / 3 - 6","10 - 15 / semi-humid","CO.2","#66e566","semi-humid, cool","#FEE08B","E"
"ARFR-WY040-71-10","black",9,112,35,2,NA,1861,NA,4.5,1,NA,NA,4.2,1,NA,2,1,NA,2,1,NA,2,4.8,1,NA,2,1,NA,2,1,NA,2,1,2,1,NA,2,1,NA,NA,"Yes",NA,12.84,"S",5.88,NA,NA,"Y","infs negligible weight, 1 inf? Or maybe none based on phenology data","N",NA,"ARFR4-SOS-WY040-71-10","#66C2A5",-109.2433156,41.13271889,"5 - 10 Deg. F. / 3 - 6","","5 - 10 Deg. F.","6-Mar","5 - 10 Deg. F. / 3 - 6","5 - 10 / semi-humid","WY.1","#a5c2f1","semi-humid, cold","#66C2A5","I"
"ARFR-UT080-109-UINTAH-12","black",9,113,35,3,NA,1862,NA,7.9,1,NA,NA,12.5,1,NA,2,1,NA,2,1,NA,2,37.3,1,NA,2,1,NA,3,1,NA,3,1,3,1,NA,3,1,NA,NA,NA,NA,NA,NA,NA,NA,NA,"Y",NA,"N",NA,"ARFR4-SOS-UT080-109-UINTAH-12","#aabe7f",-109.1426444,39.70802222,"10 - 15 Deg. F. / 3 - 6","","10 - 15 Deg. F.","6-Mar","10 - 15 Deg. F. / 3 - 6","10 - 15 / semi-humid","UT.1","#66e566","semi-humid, cool","#aabe7f","G"
"ARFR-CO932-314-JEFFERSON-12","black",9,114,35,4,NA,1863,NA,4.2,1,NA,NA,NA,0,NA,NA,0,NA,NA,0,NA,NA,NA,0,NA,NA,0,NA,NA,0,NA,NA,0,NA,0,NA,NA,0,NA,NA,NA,NA,NA,NA,NA,NA,NA,"N",NA,"N",NA,"ARFR4-SOS-CO932-314-JEFFERSON-12","#FEE08B",-105.3553333,39.40902778,"10 - 15 Deg. F. / 3 - 6","","10 - 15 Deg. F.","6-Mar","10 - 15 Deg. F. / 3 - 6","10 - 15 / semi-humid","CO.2","#66e566","semi-humid, cool","#FEE08B","E"
"ARFR-AZ930-422-NAVAJO-18","black",9,115,35,5,346,1864,NA,3.6,1,NA,NA,10.6,1,NA,2,1,NA,2,1,NA,2,52.3,1,NA,2,1,NA,3,1,NA,3,1,3,1,NA,3,1,NA,NA,NA,NA,NA,NA,NA,NA,NA,"Y",NA,"N",NA,"ARFR4-SOS-AZ930-422-NAVAJO-18","#D53E4F",-110.431,36.56805,"15 - 20 Deg. F. / 6 - 12","Lats corrected 20230127","15 - 20 Deg. F.","12-Jun","15 - 20 Deg. F. / 6 - 12","15 - 20 / semi-arid","AZ.2","#ee5c42","semi-arid, warm","#D53E4F","B"
"ARFR-CO932-294-11","black",9,116,35,6,NA,1865,NA,5,1,NA,NA,9,1,NA,2,1,NA,2,1,NA,2,16.1,1,NA,2,1,NA,3,1,NA,3,1,3,1,NA,3,1,NA,NA,NA,NA,NA,NA,NA,NA,NA,"Y",NA,"N",NA,"ARFR4-SOS-CO932-294-11","#ABDDA4",-105.2030833,39.78458333,"15 - 20 Deg. F. / 3 - 6","","15 - 20 Deg. F.","6-Mar","15 - 20 Deg. F. / 3 - 6","15 - 20 / semi-humid","CO.4","#698b69","semi-humid, warm","#ABDDA4","H"
"ARFR-UT080-109-UINTAH-12","black",9,117,35,7,NA,1866,NA,6,1,NA,NA,14.1,1,NA,2,1,NA,2,1,NA,2,53,1,NA,3,1,NA,3,1,NA,3,1,3,1,NA,3,1,NA,NA,NA,NA,NA,NA,NA,NA,NA,"Y",NA,"N",NA,"ARFR4-SOS-UT080-109-UINTAH-12","#aabe7f",-109.1426444,39.70802222,"10 - 15 Deg. F. / 3 - 6","","10 - 15 Deg. F.","6-Mar","10 - 15 Deg. F. / 3 - 6","10 - 15 / semi-humid","UT.1","#66e566","semi-humid, cool","#aabe7f","G"
"ARFR-CO932-314-JEFFERSON-12","black",9,118,35,8,NA,1867,NA,5.1,1,NA,NA,8.9,1,NA,2,1,NA,2,1,NA,2,34,1,NA,2,1,NA,3,1,NA,3,1,3,1,NA,3,1,NA,NA,NA,NA,NA,NA,NA,NA,NA,"Y",NA,"N",NA,"ARFR4-SOS-CO932-314-JEFFERSON-12","#FEE08B",-105.3553333,39.40902778,"10 - 15 Deg. F. / 3 - 6","","10 - 15 Deg. F.","6-Mar","10 - 15 Deg. F. / 3 - 6","10 - 15 / semi-humid","CO.2","#66e566","semi-humid, cool","#FEE08B","E"
"ARFR-AZ930-423-NAVAJO-18","black",9,119,35,9,NA,1868,NA,6.5,1,NA,NA,11,1,NA,2,1,"buds?",2,1,NA,2,54.4,1,NA,2,1,NA,3,1,NA,3,1,3,1,NA,3,1,NA,NA,NA,NA,NA,NA,NA,NA,NA,"Y",NA,"N",NA,"ARFR4-SOS-AZ930-423-NAVAJO-18","#9E0142",-110.431,36.45877,"15 - 20 Deg. F. / 6 - 12","SdZones downloaded 20230823","15 - 20 Deg. F.","12-Jun","15 - 20 Deg. F. / 6 - 12","15 - 20 / semi-arid","AZ.1","#ee5c42","semi-arid, warm","#9E0142","A"
"ARFR-UT080-109-UINTAH-12","black",9,120,35,10,347,1869,NA,6.6,1,NA,NA,12,1,NA,2,1,NA,2,1,NA,2,52,1,NA,2,1,NA,3,1,NA,3,1,3,1,NA,3,1,NA,NA,NA,NA,NA,NA,NA,NA,NA,"Y",NA,"N",NA,"ARFR4-SOS-UT080-109-UINTAH-12","#aabe7f",-109.1426444,39.70802222,"10 - 15 Deg. F. / 3 - 6","","10 - 15 Deg. F.","6-Mar","10 - 15 Deg. F. / 3 - 6","10 - 15 / semi-humid","UT.1","#66e566","semi-humid, cool","#aabe7f","G"
"ARFR-NM930N-66-11","black",9,121,35,11,NA,1870,NA,6.7,1,NA,NA,13.3,1,NA,2,1,NA,2,1,NA,2,39.4,1,NA,2,1,NA,3,1,NA,3,1,3,1,NA,3,1,NA,NA,NA,NA,NA,NA,NA,NA,NA,"Y",NA,"N",NA,"ARFR4-SOS-NM930N-66-11","#F46D43",-107.2045028,36.76818611,"10 - 15 Deg. F. / 3 - 6","","10 - 15 Deg. F.","6-Mar","10 - 15 Deg. F. / 3 - 6","10 - 15 / semi-humid","NM.1","#66e566","semi-humid, cool","#F46D43","C"
"ARFR-AZ930-423-NAVAJO-18","black",9,122,35,12,NA,1871,NA,7.3,1,NA,NA,13.1,1,NA,2,1,NA,2,1,NA,2,51.7,1,NA,2,1,NA,3,1,NA,3,1,3,1,NA,3,1,NA,NA,NA,NA,NA,NA,NA,NA,NA,"Y",NA,"N",NA,"ARFR4-SOS-AZ930-423-NAVAJO-18","#9E0142",-110.431,36.45877,"15 - 20 Deg. F. / 6 - 12","SdZones downloaded 20230823","15 - 20 Deg. F.","12-Jun","15 - 20 Deg. F. / 6 - 12","15 - 20 / semi-arid","AZ.1","#ee5c42","semi-arid, warm","#9E0142","A"
"ARFR-WY050-151-FREMONT-16","black",9,123,35,13,NA,1872,NA,5.2,1,NA,NA,6.2,1,NA,2,1,NA,2,1,NA,2,12.3,1,NA,2,1,NA,2,1,NA,2,1,2,1,NA,2,1,NA,NA,NA,NA,NA,NA,NA,NA,NA,"Y",NA,"N",NA,"ARFR4-SOS-WY050-151-FREMONT-16","#3288BD",-108.1704472,42.47886111,"10 - 15 Deg. F. / 6 - 12","","10 - 15 Deg. F.","12-Jun","10 - 15 Deg. F. / 6 - 12","10 - 15 / semi-arid","WY.2","#cd8500","semi-arid, cool","#3288BD","J"
"ARFR-AZ930-422-NAVAJO-18","black",9,124,35,14,NA,1873,NA,5.4,1,NA,NA,13.6,1,NA,2,1,NA,2,1,NA,2,59,1,NA,2,1,NA,3,1,NA,3,1,3,1,NA,3,1,NA,NA,"Yes",NA,160.77,"L",128.792,47.96,41,"Y",NA,"N",NA,"ARFR4-SOS-AZ930-422-NAVAJO-18","#D53E4F",-110.431,36.56805,"15 - 20 Deg. F. / 6 - 12","Lats corrected 20230127","15 - 20 Deg. F.","12-Jun","15 - 20 Deg. F. / 6 - 12","15 - 20 / semi-arid","AZ.2","#ee5c42","semi-arid, warm","#D53E4F","B"
"ARFR-UT080-109-UINTAH-12","black",9,125,35,15,348,1874,NA,7.2,1,NA,NA,12.2,1,NA,2,1,NA,2,1,NA,2,52.4,1,NA,2,1,NA,3,1,NA,3,1,3,1,NA,3,1,NA,NA,NA,NA,NA,NA,NA,NA,NA,"Y",NA,"N",NA,"ARFR4-SOS-UT080-109-UINTAH-12","#aabe7f",-109.1426444,39.70802222,"10 - 15 Deg. F. / 3 - 6","","10 - 15 Deg. F.","6-Mar","10 - 15 Deg. F. / 3 - 6","10 - 15 / semi-humid","UT.1","#66e566","semi-humid, cool","#aabe7f","G"
"ARFR-WY040-71-10","black",9,126,35,16,NA,1875,NA,6,1,NA,NA,8,1,NA,2,1,NA,2,1,NA,2,13.9,1,NA,2,1,NA,2,1,NA,2,1,2,1,NA,2,1,NA,NA,NA,NA,NA,NA,NA,NA,NA,"Y",NA,"N",NA,"ARFR4-SOS-WY040-71-10","#66C2A5",-109.2433156,41.13271889,"5 - 10 Deg. F. / 3 - 6","","5 - 10 Deg. F.","6-Mar","5 - 10 Deg. F. / 3 - 6","5 - 10 / semi-humid","WY.1","#a5c2f1","semi-humid, cold","#66C2A5","I"
"ARFR-CO932-316-JEFFERSON-12","black",9,127,35,17,NA,1876,NA,6.9,1,NA,NA,10.5,1,NA,2,1,NA,2,1,NA,2,21.2,1,NA,2,1,NA,3,1,NA,3,1,3,1,NA,3,1,NA,NA,NA,NA,NA,NA,NA,NA,NA,"Y",NA,"N",NA,"ARFR4-SOS-CO932-316-JEFFERSON-12","#FFFF85",-105.358,39.66325,"15 - 20 Deg. F. / 3 - 6","","15 - 20 Deg. F.","6-Mar","15 - 20 Deg. F. / 3 - 6","15 - 20 / semi-humid","CO.3","#698b69","semi-humid, warm","#FFFF85","F"
"ARFR-WY050-151-FREMONT-16","black",9,128,35,18,NA,1877,NA,3.5,1,NA,NA,4.7,1,NA,2,1,NA,2,1,NA,2,10.1,1,NA,2,1,NA,2,1,NA,3,1,3,1,NA,3,1,NA,NA,NA,NA,NA,NA,NA,NA,NA,"Y",NA,"N",NA,"ARFR4-SOS-WY050-151-FREMONT-16","#3288BD",-108.1704472,42.47886111,"10 - 15 Deg. F. / 6 - 12","","10 - 15 Deg. F.","12-Jun","10 - 15 Deg. F. / 6 - 12","10 - 15 / semi-arid","WY.2","#cd8500","semi-arid, cool","#3288BD","J"
"ARFR-CO932-316-JEFFERSON-12","black",9,129,35,19,NA,1878,NA,6,1,NA,NA,10.5,1,NA,2,1,NA,2,1,NA,2,39,1,NA,2,1,NA,3,1,NA,3,1,3,1,NA,3,1,NA,NA,NA,NA,NA,NA,NA,NA,NA,"Y",NA,"N",NA,"ARFR4-SOS-CO932-316-JEFFERSON-12","#FFFF85",-105.358,39.66325,"15 - 20 Deg. F. / 3 - 6","","15 - 20 Deg. F.","6-Mar","15 - 20 Deg. F. / 3 - 6","15 - 20 / semi-humid","CO.3","#698b69","semi-humid, warm","#FFFF85","F"
"ARFR-WY930-44-LASANIMAS-13","black",9,130,35,20,349,1879,NA,5.9,1,NA,NA,10.6,1,NA,2,1,NA,2,1,NA,2,30.7,1,NA,2,1,NA,3,1,NA,3,1,3,1,NA,3,1,NA,NA,NA,NA,NA,NA,NA,NA,NA,"Y",NA,"N",NA,"ARFR4-SOS-WY930-44-LASANIMAS-13","#FDAE61",-104.6423889,37.16547222,"15 - 20 Deg. F. / 3 - 6","","15 - 20 Deg. F.","6-Mar","15 - 20 Deg. F. / 3 - 6","15 - 20 / semi-humid","CO.1","#698b69","semi-humid, warm","#FDAE61","D"
"ARFR-UT080-109-UINTAH-12","black",9,131,35,21,NA,1880,NA,10.2,1,NA,NA,16.4,1,NA,2,1,NA,2,1,NA,2,55.6,1,NA,2,1,NA,3,1,NA,3,1,3,1,NA,3,1,NA,NA,NA,NA,NA,NA,NA,NA,NA,"Y",NA,"N",NA,"ARFR4-SOS-UT080-109-UINTAH-12","#aabe7f",-109.1426444,39.70802222,"10 - 15 Deg. F. / 3 - 6","","10 - 15 Deg. F.","6-Mar","10 - 15 Deg. F. / 3 - 6","10 - 15 / semi-humid","UT.1","#66e566","semi-humid, cool","#aabe7f","G"
"ARFR-WY050-151-FREMONT-16","black",9,132,35,22,NA,1881,NA,4.7,1,NA,NA,7.6,1,NA,2,1,NA,2,1,NA,2,17.6,1,NA,2,1,NA,3,1,NA,3,1,3,1,NA,3,1,NA,NA,NA,NA,NA,NA,NA,NA,NA,"Y",NA,"N",NA,"ARFR4-SOS-WY050-151-FREMONT-16","#3288BD",-108.1704472,42.47886111,"10 - 15 Deg. F. / 6 - 12","","10 - 15 Deg. F.","12-Jun","10 - 15 Deg. F. / 6 - 12","10 - 15 / semi-arid","WY.2","#cd8500","semi-arid, cool","#3288BD","J"
"ARFR-WY930-44-LASANIMAS-13","black",9,133,35,23,NA,1882,NA,6.6,1,NA,NA,9.5,1,NA,2,1,NA,2,1,NA,2,22.9,1,NA,2,1,NA,2,1,NA,3,1,3,1,NA,3,1,NA,NA,NA,NA,NA,NA,NA,NA,NA,"Y",NA,"N",NA,"ARFR4-SOS-WY930-44-LASANIMAS-13","#FDAE61",-104.6423889,37.16547222,"15 - 20 Deg. F. / 3 - 6","","15 - 20 Deg. F.","6-Mar","15 - 20 Deg. F. / 3 - 6","15 - 20 / semi-humid","CO.1","#698b69","semi-humid, warm","#FDAE61","D"
"ARFR-CO932-294-11","black",9,134,35,24,NA,1883,NA,5,1,NA,NA,9.6,1,NA,2,1,NA,2,1,NA,2,25.5,1,NA,2,1,NA,3,1,NA,3,1,3,1,NA,3,1,NA,NA,NA,NA,NA,NA,NA,NA,NA,"Y",NA,"N",NA,"ARFR4-SOS-CO932-294-11","#ABDDA4",-105.2030833,39.78458333,"15 - 20 Deg. F. / 3 - 6","","15 - 20 Deg. F.","6-Mar","15 - 20 Deg. F. / 3 - 6","15 - 20 / semi-humid","CO.4","#698b69","semi-humid, warm","#ABDDA4","H"
"ARFR-WY040-71-10","black",9,135,35,25,350,1884,NA,4.9,1,NA,NA,6,1,NA,2,1,NA,2,1,NA,2,11.7,1,NA,2,1,NA,2,1,NA,2,1,2,1,NA,2,1,NA,NA,NA,NA,NA,NA,NA,NA,NA,"N",NA,"N",NA,"ARFR4-SOS-WY040-71-10","#66C2A5",-109.2433156,41.13271889,"5 - 10 Deg. F. / 3 - 6","","5 - 10 Deg. F.","6-Mar","5 - 10 Deg. F. / 3 - 6","5 - 10 / semi-humid","WY.1","#a5c2f1","semi-humid, cold","#66C2A5","I"
"ARFR-WY040-71-10","black",9,136,35,26,NA,1885,NA,5.2,1,NA,NA,9,1,NA,2,1,NA,2,1,NA,2,12.9,1,NA,2,1,NA,2,1,NA,2,1,2,1,NA,2,1,NA,NA,NA,NA,NA,NA,NA,NA,NA,"Y",NA,"N",NA,"ARFR4-SOS-WY040-71-10","#66C2A5",-109.2433156,41.13271889,"5 - 10 Deg. F. / 3 - 6","","5 - 10 Deg. F.","6-Mar","5 - 10 Deg. F. / 3 - 6","5 - 10 / semi-humid","WY.1","#a5c2f1","semi-humid, cold","#66C2A5","I"
"ARFR-CO932-316-JEFFERSON-12","black",9,137,35,27,NA,1886,NA,5.1,1,NA,NA,10.8,1,NA,2,1,NA,2,1,NA,2,40.2,1,NA,2,1,NA,3,1,NA,3,1,3,1,NA,3,1,NA,NA,NA,NA,NA,NA,NA,NA,NA,"Y",NA,"N",NA,"ARFR4-SOS-CO932-316-JEFFERSON-12","#FFFF85",-105.358,39.66325,"15 - 20 Deg. F. / 3 - 6","","15 - 20 Deg. F.","6-Mar","15 - 20 Deg. F. / 3 - 6","15 - 20 / semi-humid","CO.3","#698b69","semi-humid, warm","#FFFF85","F"
"ARFR-CO932-294-11","black",9,138,35,28,NA,1887,NA,5.7,1,NA,NA,8.8,1,NA,2,1,NA,2,1,NA,2,29.5,1,NA,2,1,NA,2,1,NA,3,1,3,1,NA,3,1,NA,NA,NA,NA,NA,NA,NA,NA,NA,"Y",NA,"N",NA,"ARFR4-SOS-CO932-294-11","#ABDDA4",-105.2030833,39.78458333,"15 - 20 Deg. F. / 3 - 6","","15 - 20 Deg. F.","6-Mar","15 - 20 Deg. F. / 3 - 6","15 - 20 / semi-humid","CO.4","#698b69","semi-humid, warm","#ABDDA4","H"
"ARFR-AZ930-423-NAVAJO-18","black",9,139,35,29,NA,1888,NA,7,1,NA,NA,13.6,1,NA,2,1,NA,2,1,NA,2,54.1,1,NA,2,1,NA,3,1,NA,3,1,3,1,NA,3,1,NA,NA,NA,NA,NA,NA,NA,NA,NA,"Y",NA,"N",NA,"ARFR4-SOS-AZ930-423-NAVAJO-18","#9E0142",-110.431,36.45877,"15 - 20 Deg. F. / 6 - 12","SdZones downloaded 20230823","15 - 20 Deg. F.","12-Jun","15 - 20 Deg. F. / 6 - 12","15 - 20 / semi-arid","AZ.1","#ee5c42","semi-arid, warm","#9E0142","A"
"ARFR-AZ930-423-NAVAJO-18","black",9,140,35,30,351,1889,NA,4.7,1,NA,NA,15,1,NA,2,1,NA,2,1,NA,2,51.8,1,NA,2,1,NA,3,1,NA,3,1,3,1,NA,3,1,NA,NA,NA,NA,NA,NA,NA,NA,NA,"Y",NA,"N",NA,"ARFR4-SOS-AZ930-423-NAVAJO-18","#9E0142",-110.431,36.45877,"15 - 20 Deg. F. / 6 - 12","SdZones downloaded 20230823","15 - 20 Deg. F.","12-Jun","15 - 20 Deg. F. / 6 - 12","15 - 20 / semi-arid","AZ.1","#ee5c42","semi-arid, warm","#9E0142","A"
"ARFR-CO932-316-JEFFERSON-12","black",9,141,35,31,NA,1890,NA,4.6,1,NA,NA,7.8,1,NA,2,1,NA,2,1,NA,2,30.3,1,NA,2,1,NA,3,1,NA,3,1,3,1,NA,3,1,NA,NA,NA,NA,NA,NA,NA,NA,NA,"Y",NA,"N",NA,"ARFR4-SOS-CO932-316-JEFFERSON-12","#FFFF85",-105.358,39.66325,"15 - 20 Deg. F. / 3 - 6","","15 - 20 Deg. F.","6-Mar","15 - 20 Deg. F. / 3 - 6","15 - 20 / semi-humid","CO.3","#698b69","semi-humid, warm","#FFFF85","F"
"ARFR-NM930N-66-11","black",9,142,35,32,NA,1891,NA,7.2,1,NA,NA,NA,0,NA,NA,0,NA,NA,0,NA,NA,NA,0,NA,NA,0,NA,NA,0,NA,NA,0,NA,0,NA,NA,0,NA,NA,NA,NA,NA,NA,NA,NA,NA,"N",NA,"N",NA,"ARFR4-SOS-NM930N-66-11","#F46D43",-107.2045028,36.76818611,"10 - 15 Deg. F. / 3 - 6","","10 - 15 Deg. F.","6-Mar","10 - 15 Deg. F. / 3 - 6","10 - 15 / semi-humid","NM.1","#66e566","semi-humid, cool","#F46D43","C"
"ARFR-CO932-316-JEFFERSON-12","black",9,143,35,33,NA,1892,NA,6.9,1,NA,NA,12,1,NA,2,1,NA,2,1,NA,2,22.3,1,NA,2,1,NA,2,1,NA,2,1,3,1,NA,3,1,NA,NA,NA,NA,NA,NA,NA,NA,NA,"Y",NA,"N",NA,"ARFR4-SOS-CO932-316-JEFFERSON-12","#FFFF85",-105.358,39.66325,"15 - 20 Deg. F. / 3 - 6","","15 - 20 Deg. F.","6-Mar","15 - 20 Deg. F. / 3 - 6","15 - 20 / semi-humid","CO.3","#698b69","semi-humid, warm","#FFFF85","F"
"ARFR-AZ930-422-NAVAJO-18","black",9,144,35,34,NA,1893,NA,4.5,1,NA,NA,15.5,1,NA,2,1,NA,2,1,NA,2,52.6,1,NA,3,1,NA,3,1,NA,3,1,3,1,NA,3,1,NA,NA,NA,NA,NA,NA,NA,NA,NA,"Y",NA,"N",NA,"ARFR4-SOS-AZ930-422-NAVAJO-18","#D53E4F",-110.431,36.56805,"15 - 20 Deg. F. / 6 - 12","Lats corrected 20230127","15 - 20 Deg. F.","12-Jun","15 - 20 Deg. F. / 6 - 12","15 - 20 / semi-arid","AZ.2","#ee5c42","semi-arid, warm","#D53E4F","B"
"ARFR-UT080-109-UINTAH-12","black",9,145,35,35,352,1894,NA,7.3,1,NA,NA,11.1,1,NA,2,1,NA,2,1,NA,2,28.6,1,NA,2,1,NA,3,1,NA,3,1,3,1,NA,3,1,NA,NA,NA,NA,NA,NA,NA,NA,NA,"Y",NA,"N",NA,"ARFR4-SOS-UT080-109-UINTAH-12","#aabe7f",-109.1426444,39.70802222,"10 - 15 Deg. F. / 3 - 6","","10 - 15 Deg. F.","6-Mar","10 - 15 Deg. F. / 3 - 6","10 - 15 / semi-humid","UT.1","#66e566","semi-humid, cool","#aabe7f","G"
"ARFR-NM930N-66-11","black",9,146,35,36,NA,1895,NA,11,1,NA,NA,20.1,1,NA,2,1,NA,2,1,NA,2,65.8,1,NA,2,1,NA,3,1,NA,3,1,3,1,NA,3,1,NA,NA,NA,NA,NA,NA,NA,NA,NA,"Y",NA,"N",NA,"ARFR4-SOS-NM930N-66-11","#F46D43",-107.2045028,36.76818611,"10 - 15 Deg. F. / 3 - 6","","10 - 15 Deg. F.","6-Mar","10 - 15 Deg. F. / 3 - 6","10 - 15 / semi-humid","NM.1","#66e566","semi-humid, cool","#F46D43","C"
"ARFR-NM930N-66-11","black",9,147,35,37,NA,1896,NA,5.7,1,NA,NA,12.5,1,NA,2,1,NA,2,1,NA,2,38.5,1,NA,2,1,NA,3,1,NA,3,1,3,1,NA,3,1,NA,NA,NA,NA,NA,NA,NA,NA,NA,"Y",NA,"N",NA,"ARFR4-SOS-NM930N-66-11","#F46D43",-107.2045028,36.76818611,"10 - 15 Deg. F. / 3 - 6","","10 - 15 Deg. F.","6-Mar","10 - 15 Deg. F. / 3 - 6","10 - 15 / semi-humid","NM.1","#66e566","semi-humid, cool","#F46D43","C"
"ARFR-WY050-151-FREMONT-16","black",9,148,35,38,NA,1897,NA,5,1,NA,NA,4.5,1,NA,2,1,NA,2,1,NA,2,6.5,1,NA,2,1,NA,2,1,NA,2,1,2,1,NA,2,1,NA,NA,NA,NA,NA,NA,NA,NA,NA,"N",NA,"N",NA,"ARFR4-SOS-WY050-151-FREMONT-16","#3288BD",-108.1704472,42.47886111,"10 - 15 Deg. F. / 6 - 12","","10 - 15 Deg. F.","12-Jun","10 - 15 Deg. F. / 6 - 12","10 - 15 / semi-arid","WY.2","#cd8500","semi-arid, cool","#3288BD","J"
"ARFR-CO932-316-JEFFERSON-12","black",9,149,35,39,NA,1898,NA,5.6,1,NA,NA,11.8,1,"buds? 6/24",2,1,NA,2,1,NA,2,42.6,1,NA,3,1,NA,3,1,NA,3,1,3,1,NA,3,1,NA,NA,NA,NA,NA,NA,NA,NA,NA,"Y",NA,"N",NA,"ARFR4-SOS-CO932-316-JEFFERSON-12","#FFFF85",-105.358,39.66325,"15 - 20 Deg. F. / 3 - 6","","15 - 20 Deg. F.","6-Mar","15 - 20 Deg. F. / 3 - 6","15 - 20 / semi-humid","CO.3","#698b69","semi-humid, warm","#FFFF85","F"
"ARFR-CO932-316-JEFFERSON-12","black",9,150,35,40,353,1899,NA,6.1,1,NA,NA,10.9,1,NA,2,1,NA,2,1,NA,2,35.2,1,NA,2,1,NA,3,1,NA,3,1,3,1,NA,3,1,NA,NA,NA,NA,NA,NA,NA,NA,NA,"Y",NA,"N",NA,"ARFR4-SOS-CO932-316-JEFFERSON-12","#FFFF85",-105.358,39.66325,"15 - 20 Deg. F. / 3 - 6","","15 - 20 Deg. F.","6-Mar","15 - 20 Deg. F. / 3 - 6","15 - 20 / semi-humid","CO.3","#698b69","semi-humid, warm","#FFFF85","F"
"ARFR-NM930N-66-11","black",9,151,35,41,NA,1900,NA,6.7,1,NA,NA,15.4,1,NA,2,1,NA,2,1,NA,2,50.2,1,NA,2,1,NA,3,1,NA,3,1,3,1,NA,3,1,NA,NA,NA,NA,NA,NA,NA,NA,NA,"Y",NA,"N",NA,"ARFR4-SOS-NM930N-66-11","#F46D43",-107.2045028,36.76818611,"10 - 15 Deg. F. / 3 - 6","","10 - 15 Deg. F.","6-Mar","10 - 15 Deg. F. / 3 - 6","10 - 15 / semi-humid","NM.1","#66e566","semi-humid, cool","#F46D43","C"
"ARFR-WY040-71-10","black",9,152,35,42,NA,1901,NA,5,1,NA,NA,8.2,1,NA,2,1,NA,2,1,NA,2,16.8,1,NA,2,1,NA,2,1,NA,2,1,2,1,NA,2,1,NA,NA,NA,NA,NA,NA,NA,NA,NA,"Y",NA,"N",NA,"ARFR4-SOS-WY040-71-10","#66C2A5",-109.2433156,41.13271889,"5 - 10 Deg. F. / 3 - 6","","5 - 10 Deg. F.","6-Mar","5 - 10 Deg. F. / 3 - 6","5 - 10 / semi-humid","WY.1","#a5c2f1","semi-humid, cold","#66C2A5","I"
"ARFR-CO932-294-11","black",9,153,35,43,NA,1902,NA,5.4,1,NA,NA,9.4,1,NA,2,1,NA,2,1,NA,2,32.4,1,NA,2,1,NA,2,1,NA,3,1,3,1,NA,3,1,NA,NA,NA,NA,NA,NA,NA,NA,NA,"Y",NA,"N",NA,"ARFR4-SOS-CO932-294-11","#ABDDA4",-105.2030833,39.78458333,"15 - 20 Deg. F. / 3 - 6","","15 - 20 Deg. F.","6-Mar","15 - 20 Deg. F. / 3 - 6","15 - 20 / semi-humid","CO.4","#698b69","semi-humid, warm","#ABDDA4","H"
"ARFR-CO932-314-JEFFERSON-12","black",9,154,35,44,NA,1903,NA,3.5,1,NA,NA,NA,0,NA,NA,0,NA,NA,0,NA,NA,NA,0,NA,NA,0,NA,NA,0,NA,NA,0,NA,0,NA,NA,0,NA,NA,NA,NA,NA,NA,NA,NA,NA,"N",NA,"N",NA,"ARFR4-SOS-CO932-314-JEFFERSON-12","#FEE08B",-105.3553333,39.40902778,"10 - 15 Deg. F. / 3 - 6","","10 - 15 Deg. F.","6-Mar","10 - 15 Deg. F. / 3 - 6","10 - 15 / semi-humid","CO.2","#66e566","semi-humid, cool","#FEE08B","E"
"ARFR-CO932-314-JEFFERSON-12","black",9,155,35,45,354,1904,NA,5.5,1,NA,NA,10,1,NA,2,1,NA,2,1,NA,2,42.7,1,NA,2,1,NA,3,1,NA,3,1,3,1,NA,3,1,NA,NA,NA,NA,NA,NA,NA,NA,NA,"Y",NA,"N",NA,"ARFR4-SOS-CO932-314-JEFFERSON-12","#FEE08B",-105.3553333,39.40902778,"10 - 15 Deg. F. / 3 - 6","","10 - 15 Deg. F.","6-Mar","10 - 15 Deg. F. / 3 - 6","10 - 15 / semi-humid","CO.2","#66e566","semi-humid, cool","#FEE08B","E"
"ARFR-AZ930-423-NAVAJO-18","black",9,156,35,46,NA,1905,NA,5.8,1,NA,NA,NA,0,NA,NA,0,NA,NA,0,NA,NA,NA,0,NA,NA,0,NA,NA,0,NA,NA,0,NA,0,NA,NA,0,NA,NA,NA,NA,NA,NA,NA,NA,NA,"N",NA,"N",NA,"ARFR4-SOS-AZ930-423-NAVAJO-18","#9E0142",-110.431,36.45877,"15 - 20 Deg. F. / 6 - 12","SdZones downloaded 20230823","15 - 20 Deg. F.","12-Jun","15 - 20 Deg. F. / 6 - 12","15 - 20 / semi-arid","AZ.1","#ee5c42","semi-arid, warm","#9E0142","A"
"ARFR-CO932-316-JEFFERSON-12","black",9,157,35,47,NA,1906,NA,4.6,1,NA,NA,8.4,1,NA,2,1,NA,2,1,NA,2,22.3,1,NA,2,1,NA,3,1,NA,3,1,3,1,NA,3,1,NA,NA,NA,NA,NA,NA,NA,NA,NA,"Y",NA,"N",NA,"ARFR4-SOS-CO932-316-JEFFERSON-12","#FFFF85",-105.358,39.66325,"15 - 20 Deg. F. / 3 - 6","","15 - 20 Deg. F.","6-Mar","15 - 20 Deg. F. / 3 - 6","15 - 20 / semi-humid","CO.3","#698b69","semi-humid, warm","#FFFF85","F"
"ARFR-WY050-49-FREMONT-12","black",9,158,35,48,NA,1907,NA,5,1,NA,NA,8,1,NA,2,1,NA,2,1,NA,2,13.4,1,NA,2,1,NA,3,1,NA,3,1,3,1,NA,3,1,NA,NA,NA,NA,NA,NA,NA,NA,NA,"Y",NA,"N",NA,"ARFR4-SOS-WY050-49-FREMONT-12","#5E4FA2",-109.34775,43.42663611,"5 - 10 Deg. F. / 6 - 12","","5 - 10 Deg. F.","12-Jun","5 - 10 Deg. F. / 6 - 12","5 - 10 / semi-arid","WY.3","#ffb90f","semi-arid, cold","#5E4FA2","K"
"ARFR-CO932-314-JEFFERSON-12","black",9,159,35,49,NA,1908,NA,5.5,1,NA,NA,7.3,1,NA,2,1,NA,2,1,NA,2,19.7,1,NA,2,1,NA,3,1,NA,3,1,3,1,NA,3,1,NA,NA,NA,NA,NA,NA,NA,NA,NA,"Y",NA,"N",NA,"ARFR4-SOS-CO932-314-JEFFERSON-12","#FEE08B",-105.3553333,39.40902778,"10 - 15 Deg. F. / 3 - 6","","10 - 15 Deg. F.","6-Mar","10 - 15 Deg. F. / 3 - 6","10 - 15 / semi-humid","CO.2","#66e566","semi-humid, cool","#FEE08B","E"
"ARFR-WY930-44-LASANIMAS-13","black",9,160,35,50,355,1909,NA,5.4,1,NA,NA,9.5,1,NA,2,1,NA,2,1,NA,2,34.9,1,NA,2,1,NA,3,1,NA,3,1,3,1,NA,3,1,NA,NA,NA,NA,NA,NA,NA,NA,NA,"Y",NA,"N",NA,"ARFR4-SOS-WY930-44-LASANIMAS-13","#FDAE61",-104.6423889,37.16547222,"15 - 20 Deg. F. / 3 - 6","","15 - 20 Deg. F.","6-Mar","15 - 20 Deg. F. / 3 - 6","15 - 20 / semi-humid","CO.1","#698b69","semi-humid, warm","#FDAE61","D"
"ARFR-CO932-314-JEFFERSON-12","black",9,161,35,51,NA,1910,NA,6,1,NA,NA,NA,0,NA,NA,0,NA,NA,0,NA,NA,NA,0,NA,NA,0,NA,NA,0,NA,NA,0,NA,0,NA,NA,0,NA,NA,NA,NA,NA,NA,NA,NA,NA,"N",NA,"N",NA,"ARFR4-SOS-CO932-314-JEFFERSON-12","#FEE08B",-105.3553333,39.40902778,"10 - 15 Deg. F. / 3 - 6","","10 - 15 Deg. F.","6-Mar","10 - 15 Deg. F. / 3 - 6","10 - 15 / semi-humid","CO.2","#66e566","semi-humid, cool","#FEE08B","E"
"ARFR-WY930-44-LASANIMAS-13","black",9,162,35,52,NA,1911,NA,3,1,NA,NA,8.5,1,NA,2,1,NA,2,1,NA,2,33.1,1,NA,2,1,NA,3,1,NA,3,1,3,1,NA,3,1,NA,NA,NA,NA,NA,NA,NA,NA,NA,"Y",NA,"N",NA,"ARFR4-SOS-WY930-44-LASANIMAS-13","#FDAE61",-104.6423889,37.16547222,"15 - 20 Deg. F. / 3 - 6","","15 - 20 Deg. F.","6-Mar","15 - 20 Deg. F. / 3 - 6","15 - 20 / semi-humid","CO.1","#698b69","semi-humid, warm","#FDAE61","D"
"ARFR-AZ930-422-NAVAJO-18","black",9,163,35,53,NA,1912,NA,6,1,NA,NA,11.9,1,NA,2,1,NA,2,1,NA,2,30,1,NA,2,1,NA,3,1,NA,3,1,3,1,NA,3,1,NA,NA,NA,NA,NA,NA,NA,NA,NA,"Y",NA,"N",NA,"ARFR4-SOS-AZ930-422-NAVAJO-18","#D53E4F",-110.431,36.56805,"15 - 20 Deg. F. / 6 - 12","Lats corrected 20230127","15 - 20 Deg. F.","12-Jun","15 - 20 Deg. F. / 6 - 12","15 - 20 / semi-arid","AZ.2","#ee5c42","semi-arid, warm","#D53E4F","B"
"ARFR-WY050-49-FREMONT-12","black",9,164,35,54,NA,1913,NA,4.8,1,NA,NA,7.1,1,NA,2,1,NA,2,1,NA,2,15.4,1,NA,2,1,NA,2,1,NA,2,1,2,1,NA,2,1,NA,NA,NA,NA,NA,NA,NA,NA,NA,"Y",NA,"N",NA,"ARFR4-SOS-WY050-49-FREMONT-12","#5E4FA2",-109.34775,43.42663611,"5 - 10 Deg. F. / 6 - 12","","5 - 10 Deg. F.","12-Jun","5 - 10 Deg. F. / 6 - 12","5 - 10 / semi-arid","WY.3","#ffb90f","semi-arid, cold","#5E4FA2","K"
"ARFR-CO932-294-11","black",9,165,35,55,356,1914,NA,6,1,NA,NA,7.7,1,NA,2,1,NA,2,1,NA,2,19,1,NA,2,1,NA,2,1,NA,3,1,3,1,NA,3,1,NA,NA,NA,NA,NA,NA,NA,NA,NA,"Y",NA,"N",NA,"ARFR4-SOS-CO932-294-11","#ABDDA4",-105.2030833,39.78458333,"15 - 20 Deg. F. / 3 - 6","","15 - 20 Deg. F.","6-Mar","15 - 20 Deg. F. / 3 - 6","15 - 20 / semi-humid","CO.4","#698b69","semi-humid, warm","#ABDDA4","H"
"ARFR-WY050-151-FREMONT-16","black",9,166,36,1,345,1915,NA,4.2,1,NA,NA,5.4,1,NA,2,1,NA,2,1,NA,2,6.2,1,NA,2,1,NA,2,1,NA,2,1,2,1,NA,2,1,NA,NA,NA,NA,NA,NA,NA,NA,NA,"Y",NA,"N",NA,"ARFR4-SOS-WY050-151-FREMONT-16","#3288BD",-108.1704472,42.47886111,"10 - 15 Deg. F. / 6 - 12","","10 - 15 Deg. F.","12-Jun","10 - 15 Deg. F. / 6 - 12","10 - 15 / semi-arid","WY.2","#cd8500","semi-arid, cool","#3288BD","J"
"ARFR-WY930-44-LASANIMAS-13","black",9,167,36,2,NA,1916,NA,3.8,1,NA,NA,12.5,1,NA,2,1,NA,2,1,NA,2,20.6,1,NA,2,1,NA,2,1,NA,3,1,3,1,NA,3,1,NA,NA,"Yes",NA,47.61,"S",40.65,8.259,0.674,"Y","weighed infs w/o bag","N",NA,"ARFR4-SOS-WY930-44-LASANIMAS-13","#FDAE61",-104.6423889,37.16547222,"15 - 20 Deg. F. / 3 - 6","","15 - 20 Deg. F.","6-Mar","15 - 20 Deg. F. / 3 - 6","15 - 20 / semi-humid","CO.1","#698b69","semi-humid, warm","#FDAE61","D"
"ARFR-WY050-49-FREMONT-12","black",9,168,36,3,NA,1917,NA,3.2,1,NA,NA,7,1,NA,2,1,NA,2,1,NA,2,18.3,1,NA,2,1,NA,3,1,NA,3,1,3,1,NA,3,1,NA,NA,NA,NA,NA,NA,NA,NA,NA,"Y",NA,"N",NA,"ARFR4-SOS-WY050-49-FREMONT-12","#5E4FA2",-109.34775,43.42663611,"5 - 10 Deg. F. / 6 - 12","","5 - 10 Deg. F.","12-Jun","5 - 10 Deg. F. / 6 - 12","5 - 10 / semi-arid","WY.3","#ffb90f","semi-arid, cold","#5E4FA2","K"
"ARFR-WY930-44-LASANIMAS-13","black",9,169,36,4,NA,1918,NA,7.1,1,NA,NA,9.7,1,NA,2,1,NA,2,1,NA,2,18.4,1,NA,2,1,NA,2,1,NA,2,1,2,1,NA,2,1,NA,NA,"Yes",NA,76.82,"L",44.842,NA,0.01,"Y","only 5 infs","N",NA,"ARFR4-SOS-WY930-44-LASANIMAS-13","#FDAE61",-104.6423889,37.16547222,"15 - 20 Deg. F. / 3 - 6","","15 - 20 Deg. F.","6-Mar","15 - 20 Deg. F. / 3 - 6","15 - 20 / semi-humid","CO.1","#698b69","semi-humid, warm","#FDAE61","D"
"ARFR-WY930-44-LASANIMAS-13","black",9,170,36,5,346,1919,NA,3,1,NA,NA,10,1,NA,2,1,NA,2,1,NA,2,29.8,1,NA,2,1,NA,2,1,NA,3,1,3,1,NA,3,1,NA,NA,NA,NA,NA,NA,NA,NA,NA,"Y",NA,"N",NA,"ARFR4-SOS-WY930-44-LASANIMAS-13","#FDAE61",-104.6423889,37.16547222,"15 - 20 Deg. F. / 3 - 6","","15 - 20 Deg. F.","6-Mar","15 - 20 Deg. F. / 3 - 6","15 - 20 / semi-humid","CO.1","#698b69","semi-humid, warm","#FDAE61","D"
"ARFR-WY050-151-FREMONT-16","black",9,171,36,6,NA,1920,NA,3.5,1,NA,NA,6.3,1,NA,2,1,NA,2,1,NA,2,17.4,1,NA,3,1,NA,3,1,NA,3,1,3,1,NA,3,1,NA,NA,NA,NA,NA,NA,NA,NA,NA,"Y",NA,"N",NA,"ARFR4-SOS-WY050-151-FREMONT-16","#3288BD",-108.1704472,42.47886111,"10 - 15 Deg. F. / 6 - 12","","10 - 15 Deg. F.","12-Jun","10 - 15 Deg. F. / 6 - 12","10 - 15 / semi-arid","WY.2","#cd8500","semi-arid, cool","#3288BD","J"
"ARFR-CO932-314-JEFFERSON-12","black",9,172,36,7,NA,1921,NA,4.2,1,NA,NA,7.6,1,NA,2,1,NA,2,1,NA,2,29.4,1,NA,2,1,NA,3,1,NA,3,1,3,1,NA,3,1,NA,NA,NA,NA,NA,NA,NA,NA,NA,"Y",NA,"N",NA,"ARFR4-SOS-CO932-314-JEFFERSON-12","#FEE08B",-105.3553333,39.40902778,"10 - 15 Deg. F. / 3 - 6","","10 - 15 Deg. F.","6-Mar","10 - 15 Deg. F. / 3 - 6","10 - 15 / semi-humid","CO.2","#66e566","semi-humid, cool","#FEE08B","E"
"ARFR-CO932-314-JEFFERSON-12","black",9,173,36,8,NA,1922,NA,2.5,1,NA,NA,7.7,1,NA,2,1,NA,2,1,NA,2,25.1,1,NA,2,1,NA,3,1,NA,3,1,3,1,NA,3,1,NA,NA,NA,NA,NA,NA,NA,NA,NA,"Y",NA,"N",NA,"ARFR4-SOS-CO932-314-JEFFERSON-12","#FEE08B",-105.3553333,39.40902778,"10 - 15 Deg. F. / 3 - 6","","10 - 15 Deg. F.","6-Mar","10 - 15 Deg. F. / 3 - 6","10 - 15 / semi-humid","CO.2","#66e566","semi-humid, cool","#FEE08B","E"
"ARFR-WY930-44-LASANIMAS-13","black",9,174,36,9,NA,1923,NA,6,1,NA,NA,9.9,1,NA,2,1,NA,2,1,NA,2,29.6,1,NA,2,1,NA,3,1,NA,3,1,3,1,NA,3,1,NA,NA,NA,NA,NA,NA,NA,NA,NA,"Y",NA,"N",NA,"ARFR4-SOS-WY930-44-LASANIMAS-13","#FDAE61",-104.6423889,37.16547222,"15 - 20 Deg. F. / 3 - 6","","15 - 20 Deg. F.","6-Mar","15 - 20 Deg. F. / 3 - 6","15 - 20 / semi-humid","CO.1","#698b69","semi-humid, warm","#FDAE61","D"
"ARFR-WY040-71-10","black",9,175,36,10,347,1924,NA,5.8,1,NA,NA,7.2,1,NA,2,1,NA,2,1,NA,2,12.5,1,NA,2,1,NA,2,1,NA,2,1,2,1,NA,2,1,NA,NA,NA,NA,NA,NA,NA,NA,NA,"Y",NA,"N",NA,"ARFR4-SOS-WY040-71-10","#66C2A5",-109.2433156,41.13271889,"5 - 10 Deg. F. / 3 - 6","","5 - 10 Deg. F.","6-Mar","5 - 10 Deg. F. / 3 - 6","5 - 10 / semi-humid","WY.1","#a5c2f1","semi-humid, cold","#66C2A5","I"
"ARFR-WY930-44-LASANIMAS-13","black",9,176,36,11,NA,1925,NA,4.9,1,NA,NA,7.4,1,NA,2,1,NA,2,1,NA,2,22.3,1,NA,2,1,NA,2,1,NA,2,1,3,1,NA,3,1,NA,NA,NA,NA,NA,NA,NA,NA,NA,"Y",NA,"N",NA,"ARFR4-SOS-WY930-44-LASANIMAS-13","#FDAE61",-104.6423889,37.16547222,"15 - 20 Deg. F. / 3 - 6","","15 - 20 Deg. F.","6-Mar","15 - 20 Deg. F. / 3 - 6","15 - 20 / semi-humid","CO.1","#698b69","semi-humid, warm","#FDAE61","D"
"ARFR-NM930N-66-11","black",9,177,36,12,NA,1926,NA,6.3,1,NA,NA,14.9,1,NA,2,1,NA,2,1,NA,2,61,1,NA,2,1,NA,3,1,NA,3,1,3,1,NA,3,1,NA,NA,NA,NA,NA,NA,NA,NA,NA,"Y",NA,"N",NA,"ARFR4-SOS-NM930N-66-11","#F46D43",-107.2045028,36.76818611,"10 - 15 Deg. F. / 3 - 6","","10 - 15 Deg. F.","6-Mar","10 - 15 Deg. F. / 3 - 6","10 - 15 / semi-humid","NM.1","#66e566","semi-humid, cool","#F46D43","C"
"ARFR-WY930-44-LASANIMAS-13","black",9,178,36,13,NA,1927,NA,4.9,1,NA,NA,10.3,1,NA,2,1,NA,2,1,NA,2,35.2,1,NA,2,1,NA,3,1,NA,3,1,3,1,NA,3,1,NA,NA,NA,NA,NA,NA,NA,NA,NA,"Y",NA,"N",NA,"ARFR4-SOS-WY930-44-LASANIMAS-13","#FDAE61",-104.6423889,37.16547222,"15 - 20 Deg. F. / 3 - 6","","15 - 20 Deg. F.","6-Mar","15 - 20 Deg. F. / 3 - 6","15 - 20 / semi-humid","CO.1","#698b69","semi-humid, warm","#FDAE61","D"
"ARFR-WY050-151-FREMONT-16","black",9,179,36,14,NA,1928,NA,4.2,1,NA,NA,5.9,1,NA,2,1,NA,2,1,NA,2,13,1,NA,2,1,NA,2,1,NA,3,1,3,1,NA,3,1,NA,NA,NA,NA,NA,NA,NA,NA,NA,"Y",NA,"N",NA,"ARFR4-SOS-WY050-151-FREMONT-16","#3288BD",-108.1704472,42.47886111,"10 - 15 Deg. F. / 6 - 12","","10 - 15 Deg. F.","12-Jun","10 - 15 Deg. F. / 6 - 12","10 - 15 / semi-arid","WY.2","#cd8500","semi-arid, cool","#3288BD","J"
"ARFR-WY050-151-FREMONT-16","black",9,180,36,15,348,1929,NA,4,1,NA,NA,4.6,1,NA,2,1,NA,2,1,NA,2,6.8,1,NA,2,1,NA,2,1,NA,2,1,2,1,NA,2,1,NA,NA,"Yes",NA,18.78,"S",11.82,7.18,0.22,"Y",NA,"N",NA,"ARFR4-SOS-WY050-151-FREMONT-16","#3288BD",-108.1704472,42.47886111,"10 - 15 Deg. F. / 6 - 12","","10 - 15 Deg. F.","12-Jun","10 - 15 Deg. F. / 6 - 12","10 - 15 / semi-arid","WY.2","#cd8500","semi-arid, cool","#3288BD","J"
"ARFR-WY050-49-FREMONT-12","black",9,181,36,16,NA,1930,NA,3.9,1,NA,NA,6.8,1,NA,2,1,NA,2,1,NA,2,15.5,1,NA,2,1,NA,2,1,NA,2,1,2,1,NA,2,1,NA,NA,NA,NA,NA,NA,NA,NA,NA,"Y",NA,"N",NA,"ARFR4-SOS-WY050-49-FREMONT-12","#5E4FA2",-109.34775,43.42663611,"5 - 10 Deg. F. / 6 - 12","","5 - 10 Deg. F.","12-Jun","5 - 10 Deg. F. / 6 - 12","5 - 10 / semi-arid","WY.3","#ffb90f","semi-arid, cold","#5E4FA2","K"
"ARFR-CO932-294-11","black",9,182,36,17,NA,1931,NA,6.5,1,NA,NA,8.8,1,NA,2,1,NA,2,1,NA,2,37.8,1,NA,2,1,NA,3,1,NA,3,1,3,1,NA,3,1,NA,NA,NA,NA,NA,NA,NA,NA,NA,"Y",NA,"N",NA,"ARFR4-SOS-CO932-294-11","#ABDDA4",-105.2030833,39.78458333,"15 - 20 Deg. F. / 3 - 6","","15 - 20 Deg. F.","6-Mar","15 - 20 Deg. F. / 3 - 6","15 - 20 / semi-humid","CO.4","#698b69","semi-humid, warm","#ABDDA4","H"
"ARFR-WY040-71-10","black",9,183,36,18,NA,1932,NA,2.8,1,NA,NA,4.7,1,NA,2,1,NA,2,1,NA,2,14.7,1,NA,2,1,NA,2,1,NA,2,1,2,1,NA,2,1,NA,NA,NA,NA,NA,NA,NA,NA,NA,"Y",NA,"N",NA,"ARFR4-SOS-WY040-71-10","#66C2A5",-109.2433156,41.13271889,"5 - 10 Deg. F. / 3 - 6","","5 - 10 Deg. F.","6-Mar","5 - 10 Deg. F. / 3 - 6","5 - 10 / semi-humid","WY.1","#a5c2f1","semi-humid, cold","#66C2A5","I"
"ARFR-CO932-294-11","black",9,184,36,19,NA,1933,NA,3.5,1,NA,NA,5.5,1,NA,2,1,NA,2,1,NA,2,14.8,1,NA,2,1,NA,2,1,NA,3,1,3,1,NA,3,1,NA,NA,NA,NA,NA,NA,NA,NA,NA,"Y",NA,"N",NA,"ARFR4-SOS-CO932-294-11","#ABDDA4",-105.2030833,39.78458333,"15 - 20 Deg. F. / 3 - 6","","15 - 20 Deg. F.","6-Mar","15 - 20 Deg. F. / 3 - 6","15 - 20 / semi-humid","CO.4","#698b69","semi-humid, warm","#ABDDA4","H"
"ARFR-UT080-109-UINTAH-12","black",9,185,36,20,349,1934,NA,7,1,NA,NA,14.8,1,NA,2,1,"buds?",2,1,NA,2,52.6,1,NA,2,1,NA,3,1,NA,3,1,3,1,NA,3,1,NA,NA,NA,NA,NA,NA,NA,NA,NA,"Y",NA,"N",NA,"ARFR4-SOS-UT080-109-UINTAH-12","#aabe7f",-109.1426444,39.70802222,"10 - 15 Deg. F. / 3 - 6","","10 - 15 Deg. F.","6-Mar","10 - 15 Deg. F. / 3 - 6","10 - 15 / semi-humid","UT.1","#66e566","semi-humid, cool","#aabe7f","G"
"ARFR-NM930N-66-11","black",9,186,36,21,NA,1935,NA,7.2,1,NA,NA,13.9,1,NA,2,1,NA,2,1,NA,2,50.4,1,NA,2,1,NA,3,1,NA,3,1,3,1,NA,3,1,NA,NA,NA,NA,NA,NA,NA,NA,NA,"Y",NA,"N",NA,"ARFR4-SOS-NM930N-66-11","#F46D43",-107.2045028,36.76818611,"10 - 15 Deg. F. / 3 - 6","","10 - 15 Deg. F.","6-Mar","10 - 15 Deg. F. / 3 - 6","10 - 15 / semi-humid","NM.1","#66e566","semi-humid, cool","#F46D43","C"
"ARFR-WY050-151-FREMONT-16","black",9,187,36,22,NA,1936,NA,3.4,1,NA,NA,3.5,1,NA,2,1,NA,2,1,NA,2,8,1,NA,2,1,NA,2,1,NA,2,1,2,1,NA,2,1,NA,NA,NA,NA,NA,NA,NA,NA,NA,"Y",NA,"N",NA,"ARFR4-SOS-WY050-151-FREMONT-16","#3288BD",-108.1704472,42.47886111,"10 - 15 Deg. F. / 6 - 12","","10 - 15 Deg. F.","12-Jun","10 - 15 Deg. F. / 6 - 12","10 - 15 / semi-arid","WY.2","#cd8500","semi-arid, cool","#3288BD","J"
"ARFR-WY040-71-10","black",9,188,36,23,NA,1937,NA,2.4,1,NA,NA,5.5,1,NA,2,1,NA,2,1,NA,2,14.6,1,NA,2,1,NA,2,1,NA,2,1,2,1,NA,2,1,NA,NA,NA,NA,NA,NA,NA,NA,NA,"Y",NA,"N",NA,"ARFR4-SOS-WY040-71-10","#66C2A5",-109.2433156,41.13271889,"5 - 10 Deg. F. / 3 - 6","","5 - 10 Deg. F.","6-Mar","5 - 10 Deg. F. / 3 - 6","5 - 10 / semi-humid","WY.1","#a5c2f1","semi-humid, cold","#66C2A5","I"
"ARFR-UT080-109-UINTAH-12","black",9,189,36,24,NA,1938,NA,6.6,1,NA,NA,12.5,1,NA,2,1,NA,2,1,NA,2,48.4,1,NA,2,1,NA,3,1,NA,3,1,3,1,NA,3,1,NA,NA,NA,NA,NA,NA,NA,NA,NA,"Y",NA,"N",NA,"ARFR4-SOS-UT080-109-UINTAH-12","#aabe7f",-109.1426444,39.70802222,"10 - 15 Deg. F. / 3 - 6","","10 - 15 Deg. F.","6-Mar","10 - 15 Deg. F. / 3 - 6","10 - 15 / semi-humid","UT.1","#66e566","semi-humid, cool","#aabe7f","G"
"ARFR-AZ930-423-NAVAJO-18","black",9,190,36,25,350,1939,NA,5.3,1,NA,NA,12.4,1,NA,2,1,NA,2,1,NA,2,44.2,1,NA,2,1,NA,3,1,NA,3,1,3,1,NA,3,1,NA,NA,NA,NA,NA,NA,NA,NA,NA,"Y",NA,"N",NA,"ARFR4-SOS-AZ930-423-NAVAJO-18","#9E0142",-110.431,36.45877,"15 - 20 Deg. F. / 6 - 12","SdZones downloaded 20230823","15 - 20 Deg. F.","12-Jun","15 - 20 Deg. F. / 6 - 12","15 - 20 / semi-arid","AZ.1","#ee5c42","semi-arid, warm","#9E0142","A"
"ARFR-CO932-316-JEFFERSON-12","black",9,191,36,26,NA,1940,NA,3.4,1,NA,NA,9.5,1,NA,2,1,NA,2,1,NA,2,24.5,1,NA,2,1,NA,2,1,NA,3,1,3,1,NA,3,1,NA,NA,NA,NA,NA,NA,NA,NA,NA,"Y",NA,"N",NA,"ARFR4-SOS-CO932-316-JEFFERSON-12","#FFFF85",-105.358,39.66325,"15 - 20 Deg. F. / 3 - 6","","15 - 20 Deg. F.","6-Mar","15 - 20 Deg. F. / 3 - 6","15 - 20 / semi-humid","CO.3","#698b69","semi-humid, warm","#FFFF85","F"
"ARFR-WY050-151-FREMONT-16","black",9,192,36,27,NA,1941,NA,4.4,1,NA,NA,4.9,1,NA,2,1,NA,2,1,NA,2,12,1,NA,2,1,NA,2,1,NA,2,1,2,1,NA,2,1,NA,NA,NA,NA,NA,NA,NA,NA,NA,"Y",NA,"N",NA,"ARFR4-SOS-WY050-151-FREMONT-16","#3288BD",-108.1704472,42.47886111,"10 - 15 Deg. F. / 6 - 12","","10 - 15 Deg. F.","12-Jun","10 - 15 Deg. F. / 6 - 12","10 - 15 / semi-arid","WY.2","#cd8500","semi-arid, cool","#3288BD","J"
"ARFR-WY040-71-10","black",9,193,36,28,NA,1942,NA,4,1,NA,NA,4.5,1,NA,2,1,NA,2,1,NA,2,12.4,1,NA,2,1,NA,2,1,NA,2,1,2,1,NA,2,1,NA,NA,NA,NA,NA,NA,NA,NA,NA,"Y",NA,"N",NA,"ARFR4-SOS-WY040-71-10","#66C2A5",-109.2433156,41.13271889,"5 - 10 Deg. F. / 3 - 6","","5 - 10 Deg. F.","6-Mar","5 - 10 Deg. F. / 3 - 6","5 - 10 / semi-humid","WY.1","#a5c2f1","semi-humid, cold","#66C2A5","I"
"ARFR-CO932-314-JEFFERSON-12","black",9,194,36,29,NA,1943,NA,3.9,1,NA,NA,9.1,1,NA,2,1,NA,2,1,NA,2,29,1,NA,2,1,NA,3,1,NA,3,1,3,1,NA,3,1,NA,NA,"Yes",NA,94.85,"L",62.872,35.87,28.91,"Y",NA,"N",NA,"ARFR4-SOS-CO932-314-JEFFERSON-12","#FEE08B",-105.3553333,39.40902778,"10 - 15 Deg. F. / 3 - 6","","10 - 15 Deg. F.","6-Mar","10 - 15 Deg. F. / 3 - 6","10 - 15 / semi-humid","CO.2","#66e566","semi-humid, cool","#FEE08B","E"
"ARFR-CO932-316-JEFFERSON-12","black",9,195,36,30,351,1944,NA,4.6,1,NA,NA,10.1,1,NA,2,1,NA,2,1,NA,2,32.5,1,NA,2,1,NA,3,1,NA,3,1,3,1,NA,3,1,NA,NA,NA,NA,NA,NA,NA,NA,NA,"Y",NA,"N",NA,"ARFR4-SOS-CO932-316-JEFFERSON-12","#FFFF85",-105.358,39.66325,"15 - 20 Deg. F. / 3 - 6","","15 - 20 Deg. F.","6-Mar","15 - 20 Deg. F. / 3 - 6","15 - 20 / semi-humid","CO.3","#698b69","semi-humid, warm","#FFFF85","F"
"ARFR-WY050-49-FREMONT-12","black",9,196,36,31,NA,1945,NA,3.6,1,NA,NA,6.9,1,NA,2,1,NA,2,1,NA,2,20.2,1,NA,2,1,NA,3,1,NA,3,1,3,1,NA,3,1,NA,NA,NA,NA,NA,NA,NA,NA,NA,"Y",NA,"N",NA,"ARFR4-SOS-WY050-49-FREMONT-12","#5E4FA2",-109.34775,43.42663611,"5 - 10 Deg. F. / 6 - 12","","5 - 10 Deg. F.","12-Jun","5 - 10 Deg. F. / 6 - 12","5 - 10 / semi-arid","WY.3","#ffb90f","semi-arid, cold","#5E4FA2","K"
"ARFR-UT080-109-UINTAH-12","black",9,197,36,32,NA,1946,NA,6.5,1,NA,NA,18.6,1,NA,2,1,NA,2,1,NA,2,59.1,1,NA,2,1,NA,3,1,NA,3,1,3,1,NA,3,1,NA,NA,NA,NA,NA,NA,NA,NA,NA,"Y",NA,"N",NA,"ARFR4-SOS-UT080-109-UINTAH-12","#aabe7f",-109.1426444,39.70802222,"10 - 15 Deg. F. / 3 - 6","","10 - 15 Deg. F.","6-Mar","10 - 15 Deg. F. / 3 - 6","10 - 15 / semi-humid","UT.1","#66e566","semi-humid, cool","#aabe7f","G"
"ARFR-WY050-151-FREMONT-16","black",9,198,36,33,NA,1947,NA,3.7,1,NA,NA,3.8,1,NA,2,1,NA,2,1,NA,2,7.5,1,NA,2,1,NA,2,1,NA,2,1,2,1,NA,2,1,NA,NA,NA,NA,NA,NA,NA,NA,NA,"Y",NA,"N",NA,"ARFR4-SOS-WY050-151-FREMONT-16","#3288BD",-108.1704472,42.47886111,"10 - 15 Deg. F. / 6 - 12","","10 - 15 Deg. F.","12-Jun","10 - 15 Deg. F. / 6 - 12","10 - 15 / semi-arid","WY.2","#cd8500","semi-arid, cool","#3288BD","J"
"ARFR-AZ930-422-NAVAJO-18","black",9,199,36,34,NA,1948,NA,3.9,1,NA,NA,13.4,1,NA,2,1,NA,2,1,NA,2,58.4,1,NA,2,1,NA,3,1,NA,3,1,3,1,NA,3,1,NA,NA,NA,NA,NA,NA,NA,NA,NA,"Y",NA,"N",NA,"ARFR4-SOS-AZ930-422-NAVAJO-18","#D53E4F",-110.431,36.56805,"15 - 20 Deg. F. / 6 - 12","Lats corrected 20230127","15 - 20 Deg. F.","12-Jun","15 - 20 Deg. F. / 6 - 12","15 - 20 / semi-arid","AZ.2","#ee5c42","semi-arid, warm","#D53E4F","B"
"ARFR-CO932-314-JEFFERSON-12","black",9,200,36,35,352,1949,NA,3.9,1,NA,NA,8.3,1,NA,2,1,NA,2,1,NA,2,35,1,NA,2,1,NA,3,1,NA,3,1,3,1,NA,3,1,NA,NA,NA,NA,NA,NA,NA,NA,NA,"Y",NA,"N",NA,"ARFR4-SOS-CO932-314-JEFFERSON-12","#FEE08B",-105.3553333,39.40902778,"10 - 15 Deg. F. / 3 - 6","","10 - 15 Deg. F.","6-Mar","10 - 15 Deg. F. / 3 - 6","10 - 15 / semi-humid","CO.2","#66e566","semi-humid, cool","#FEE08B","E"
"ARFR-WY050-49-FREMONT-12","black",9,201,36,36,NA,1950,NA,3.5,1,NA,NA,5.5,1,NA,2,1,NA,2,1,NA,2,10.2,1,NA,2,1,NA,2,1,NA,2,1,2,1,NA,2,1,NA,NA,"Yes",NA,27.68,"S",20.72,7.543,0.061,"Y","weighed infs w/o bag","N",NA,"ARFR4-SOS-WY050-49-FREMONT-12","#5E4FA2",-109.34775,43.42663611,"5 - 10 Deg. F. / 6 - 12","","5 - 10 Deg. F.","12-Jun","5 - 10 Deg. F. / 6 - 12","5 - 10 / semi-arid","WY.3","#ffb90f","semi-arid, cold","#5E4FA2","K"
"ARFR-WY050-49-FREMONT-12","black",9,202,36,37,NA,1951,NA,3,1,NA,NA,2.6,1,NA,2,1,NA,2,1,NA,2,5.8,1,NA,2,1,NA,2,1,NA,2,1,2,1,NA,2,1,NA,NA,NA,NA,NA,NA,NA,NA,NA,"N",NA,"N",NA,"ARFR4-SOS-WY050-49-FREMONT-12","#5E4FA2",-109.34775,43.42663611,"5 - 10 Deg. F. / 6 - 12","","5 - 10 Deg. F.","12-Jun","5 - 10 Deg. F. / 6 - 12","5 - 10 / semi-arid","WY.3","#ffb90f","semi-arid, cold","#5E4FA2","K"
"ARFR-AZ930-422-NAVAJO-18","black",9,203,36,38,NA,1952,NA,3.1,1,NA,NA,12.7,1,NA,2,1,NA,2,1,NA,2,53.9,1,NA,3,1,NA,3,1,NA,3,1,3,1,NA,3,1,NA,NA,NA,NA,NA,NA,NA,NA,NA,"Y",NA,"N",NA,"ARFR4-SOS-AZ930-422-NAVAJO-18","#D53E4F",-110.431,36.56805,"15 - 20 Deg. F. / 6 - 12","Lats corrected 20230127","15 - 20 Deg. F.","12-Jun","15 - 20 Deg. F. / 6 - 12","15 - 20 / semi-arid","AZ.2","#ee5c42","semi-arid, warm","#D53E4F","B"
"ARFR-WY050-49-FREMONT-12","black",9,204,36,39,NA,1953,NA,5.6,1,NA,NA,8.9,1,NA,2,1,NA,2,1,NA,2,37,1,NA,2,1,NA,3,1,NA,3,1,3,1,NA,3,1,NA,NA,NA,NA,NA,NA,NA,NA,NA,"Y",NA,"N",NA,"ARFR4-SOS-WY050-49-FREMONT-12","#5E4FA2",-109.34775,43.42663611,"5 - 10 Deg. F. / 6 - 12","","5 - 10 Deg. F.","12-Jun","5 - 10 Deg. F. / 6 - 12","5 - 10 / semi-arid","WY.3","#ffb90f","semi-arid, cold","#5E4FA2","K"
"ARFR-WY050-49-FREMONT-12","black",9,205,36,40,353,1954,NA,3.7,1,NA,NA,6.3,1,NA,2,1,NA,2,1,NA,2,11.5,1,NA,2,1,NA,2,1,NA,2,1,2,1,NA,2,1,NA,NA,NA,NA,NA,NA,NA,NA,NA,"Y",NA,"N",NA,"ARFR4-SOS-WY050-49-FREMONT-12","#5E4FA2",-109.34775,43.42663611,"5 - 10 Deg. F. / 6 - 12","","5 - 10 Deg. F.","12-Jun","5 - 10 Deg. F. / 6 - 12","5 - 10 / semi-arid","WY.3","#ffb90f","semi-arid, cold","#5E4FA2","K"
"ARFR-CO932-316-JEFFERSON-12","black",9,206,36,41,NA,1955,NA,3.9,1,NA,NA,8.9,1,NA,2,1,NA,2,1,NA,2,38.5,1,NA,2,1,NA,3,1,NA,3,1,3,1,NA,3,1,NA,NA,NA,NA,NA,NA,NA,NA,NA,"Y",NA,"N",NA,"ARFR4-SOS-CO932-316-JEFFERSON-12","#FFFF85",-105.358,39.66325,"15 - 20 Deg. F. / 3 - 6","","15 - 20 Deg. F.","6-Mar","15 - 20 Deg. F. / 3 - 6","15 - 20 / semi-humid","CO.3","#698b69","semi-humid, warm","#FFFF85","F"
"ARFR-WY930-44-LASANIMAS-13","black",9,207,36,42,NA,1956,NA,3.4,1,NA,NA,9.9,1,NA,2,1,NA,2,1,NA,2,38.1,1,NA,2,1,NA,3,1,NA,3,1,3,1,NA,3,1,NA,NA,NA,NA,NA,NA,NA,NA,NA,"Y",NA,"N",NA,"ARFR4-SOS-WY930-44-LASANIMAS-13","#FDAE61",-104.6423889,37.16547222,"15 - 20 Deg. F. / 3 - 6","","15 - 20 Deg. F.","6-Mar","15 - 20 Deg. F. / 3 - 6","15 - 20 / semi-humid","CO.1","#698b69","semi-humid, warm","#FDAE61","D"
"ARFR-WY930-44-LASANIMAS-13","black",9,208,36,43,NA,1957,NA,3.5,1,NA,NA,9.1,1,NA,2,1,NA,2,1,NA,2,30.8,1,NA,2,1,NA,3,1,NA,3,1,3,1,NA,3,1,NA,NA,NA,NA,NA,NA,NA,NA,NA,"Y",NA,"N",NA,"ARFR4-SOS-WY930-44-LASANIMAS-13","#FDAE61",-104.6423889,37.16547222,"15 - 20 Deg. F. / 3 - 6","","15 - 20 Deg. F.","6-Mar","15 - 20 Deg. F. / 3 - 6","15 - 20 / semi-humid","CO.1","#698b69","semi-humid, warm","#FDAE61","D"
"ARFR-WY050-151-FREMONT-16","black",9,209,36,44,NA,1958,NA,6.9,1,NA,NA,8.6,1,NA,2,1,NA,2,1,NA,2,19.5,1,NA,2,1,NA,3,1,NA,3,1,3,1,NA,3,1,NA,NA,NA,NA,NA,NA,NA,NA,NA,"Y",NA,"Y",NA,"ARFR4-SOS-WY050-151-FREMONT-16","#3288BD",-108.1704472,42.47886111,"10 - 15 Deg. F. / 6 - 12","","10 - 15 Deg. F.","12-Jun","10 - 15 Deg. F. / 6 - 12","10 - 15 / semi-arid","WY.2","#cd8500","semi-arid, cool","#3288BD","J"
"ARFR-CO932-294-11","black",9,210,36,45,354,1959,NA,4.2,1,NA,NA,7.2,1,NA,2,1,NA,2,1,NA,2,35.7,1,NA,2,1,NA,3,1,NA,3,1,3,1,NA,3,1,NA,NA,NA,NA,NA,NA,NA,NA,NA,"Y",NA,"N",NA,"ARFR4-SOS-CO932-294-11","#ABDDA4",-105.2030833,39.78458333,"15 - 20 Deg. F. / 3 - 6","","15 - 20 Deg. F.","6-Mar","15 - 20 Deg. F. / 3 - 6","15 - 20 / semi-humid","CO.4","#698b69","semi-humid, warm","#ABDDA4","H"
"ARFR-CO932-316-JEFFERSON-12","black",9,211,36,46,NA,1960,NA,4.4,1,NA,NA,8.4,1,NA,2,1,NA,2,1,NA,2,33.5,1,NA,2,1,NA,3,1,NA,3,1,3,1,NA,3,1,NA,NA,NA,NA,NA,NA,NA,NA,NA,"Y",NA,"N",NA,"ARFR4-SOS-CO932-316-JEFFERSON-12","#FFFF85",-105.358,39.66325,"15 - 20 Deg. F. / 3 - 6","","15 - 20 Deg. F.","6-Mar","15 - 20 Deg. F. / 3 - 6","15 - 20 / semi-humid","CO.3","#698b69","semi-humid, warm","#FFFF85","F"
"ARFR-NM930N-66-11","black",9,212,36,47,NA,1961,NA,4.5,1,NA,NA,12.3,1,NA,2,1,NA,2,1,NA,2,35.7,1,NA,2,1,NA,3,1,NA,3,1,3,1,NA,3,1,NA,NA,NA,NA,NA,NA,NA,NA,NA,"Y",NA,"N",NA,"ARFR4-SOS-NM930N-66-11","#F46D43",-107.2045028,36.76818611,"10 - 15 Deg. F. / 3 - 6","","10 - 15 Deg. F.","6-Mar","10 - 15 Deg. F. / 3 - 6","10 - 15 / semi-humid","NM.1","#66e566","semi-humid, cool","#F46D43","C"
"ARFR-WY930-44-LASANIMAS-13","black",9,213,36,48,NA,1962,NA,5.4,1,NA,NA,10,1,NA,2,1,NA,2,1,NA,2,21.4,1,NA,2,1,NA,3,1,NA,3,1,3,1,NA,3,1,NA,NA,NA,NA,NA,NA,NA,NA,NA,"Y",NA,"N",NA,"ARFR4-SOS-WY930-44-LASANIMAS-13","#FDAE61",-104.6423889,37.16547222,"15 - 20 Deg. F. / 3 - 6","","15 - 20 Deg. F.","6-Mar","15 - 20 Deg. F. / 3 - 6","15 - 20 / semi-humid","CO.1","#698b69","semi-humid, warm","#FDAE61","D"
"ARFR-CO932-294-11","black",9,214,36,49,NA,1963,NA,4.5,1,NA,NA,6.7,1,NA,2,1,NA,2,1,NA,2,15.7,1,NA,2,1,NA,2,1,NA,2,1,3,1,NA,3,1,NA,NA,NA,NA,NA,NA,NA,NA,NA,"Y",NA,"N",NA,"ARFR4-SOS-CO932-294-11","#ABDDA4",-105.2030833,39.78458333,"15 - 20 Deg. F. / 3 - 6","","15 - 20 Deg. F.","6-Mar","15 - 20 Deg. F. / 3 - 6","15 - 20 / semi-humid","CO.4","#698b69","semi-humid, warm","#ABDDA4","H"
"ARFR-WY050-151-FREMONT-16","black",9,215,36,50,355,1964,"5/11/2022",NA,0,"Y","Fremont 16",4,1,"no plant 5/27",2,1,NA,2,1,NA,2,8.4,1,NA,2,1,NA,2,1,NA,2,1,2,1,NA,2,1,NA,NA,NA,NA,NA,NA,NA,NA,NA,"N",NA,"N",NA,"ARFR4-SOS-WY050-151-FREMONT-16","#3288BD",-108.1704472,42.47886111,"10 - 15 Deg. F. / 6 - 12","","10 - 15 Deg. F.","12-Jun","10 - 15 Deg. F. / 6 - 12","10 - 15 / semi-arid","WY.2","#cd8500","semi-arid, cool","#3288BD","J"
"ARFR-AZ930-423-NAVAJO-18","black",9,216,36,51,NA,1965,NA,4.9,1,NA,NA,11.9,1,NA,2,1,NA,2,1,NA,2,48.8,1,NA,3,1,NA,3,1,NA,3,1,3,1,NA,3,1,NA,NA,NA,NA,NA,NA,NA,NA,NA,"Y",NA,"N",NA,"ARFR4-SOS-AZ930-423-NAVAJO-18","#9E0142",-110.431,36.45877,"15 - 20 Deg. F. / 6 - 12","SdZones downloaded 20230823","15 - 20 Deg. F.","12-Jun","15 - 20 Deg. F. / 6 - 12","15 - 20 / semi-arid","AZ.1","#ee5c42","semi-arid, warm","#9E0142","A"
"ARFR-CO932-314-JEFFERSON-12","black",9,217,36,52,NA,1966,NA,5.3,1,NA,NA,8.5,1,NA,2,1,NA,2,1,NA,2,31.2,1,NA,2,1,NA,3,1,NA,3,1,3,1,NA,3,1,NA,NA,NA,NA,NA,NA,NA,NA,NA,"Y",NA,"Y",NA,"ARFR4-SOS-CO932-314-JEFFERSON-12","#FEE08B",-105.3553333,39.40902778,"10 - 15 Deg. F. / 3 - 6","","10 - 15 Deg. F.","6-Mar","10 - 15 Deg. F. / 3 - 6","10 - 15 / semi-humid","CO.2","#66e566","semi-humid, cool","#FEE08B","E"
"ARFR-AZ930-422-NAVAJO-18","black",9,218,36,53,NA,1967,NA,2.2,1,NA,NA,9.2,1,NA,2,1,NA,2,1,NA,2,51.7,1,NA,2,1,NA,3,1,NA,3,1,3,1,NA,3,1,NA,NA,NA,NA,NA,NA,NA,NA,NA,"Y",NA,"N",NA,"ARFR4-SOS-AZ930-422-NAVAJO-18","#D53E4F",-110.431,36.56805,"15 - 20 Deg. F. / 6 - 12","Lats corrected 20230127","15 - 20 Deg. F.","12-Jun","15 - 20 Deg. F. / 6 - 12","15 - 20 / semi-arid","AZ.2","#ee5c42","semi-arid, warm","#D53E4F","B"
"ARFR-UT080-109-UINTAH-12","white",10,1,37,1,357,1968,NA,7.7,1,NA,NA,10.4,1,"measured 6/24",2,1,NA,2,1,NA,2,14.2,1,NA,2,1,NA,2,1,NA,2,1,2,1,NA,2,1,NA,NA,NA,NA,NA,NA,NA,NA,NA,"N",NA,"N",NA,"ARFR4-SOS-UT080-109-UINTAH-12","#aabe7f",-109.1426444,39.70802222,"10 - 15 Deg. F. / 3 - 6","","10 - 15 Deg. F.","6-Mar","10 - 15 Deg. F. / 3 - 6","10 - 15 / semi-humid","UT.1","#66e566","semi-humid, cool","#aabe7f","G"
"ARFR-NM930N-66-11","white",10,2,37,2,NA,1969,NA,8.1,1,NA,NA,12.7,1,NA,2,1,NA,2,1,NA,2,44.9,1,NA,2,1,NA,3,1,NA,3,1,3,1,NA,3,1,NA,NA,NA,NA,NA,NA,NA,NA,NA,"Y",NA,"N",NA,"ARFR4-SOS-NM930N-66-11","#F46D43",-107.2045028,36.76818611,"10 - 15 Deg. F. / 3 - 6","","10 - 15 Deg. F.","6-Mar","10 - 15 Deg. F. / 3 - 6","10 - 15 / semi-humid","NM.1","#66e566","semi-humid, cool","#F46D43","C"
"ARFR-WY050-49-FREMONT-12","white",10,3,37,3,NA,1970,NA,2.9,1,NA,NA,5.8,1,NA,2,1,NA,2,1,NA,2,8.7,1,NA,2,1,NA,2,1,NA,2,1,2,1,NA,2,1,NA,NA,NA,NA,NA,NA,NA,NA,NA,"Y",NA,"N",NA,"ARFR4-SOS-WY050-49-FREMONT-12","#5E4FA2",-109.34775,43.42663611,"5 - 10 Deg. F. / 6 - 12","","5 - 10 Deg. F.","12-Jun","5 - 10 Deg. F. / 6 - 12","5 - 10 / semi-arid","WY.3","#ffb90f","semi-arid, cold","#5E4FA2","K"
"ARFR-CO932-314-JEFFERSON-12","white",10,4,37,4,NA,1971,NA,5.4,1,NA,NA,9.8,1,NA,2,1,NA,2,1,NA,2,22.9,1,NA,2,1,NA,3,1,NA,3,1,3,1,NA,3,1,NA,NA,NA,NA,NA,NA,NA,NA,NA,"Y",NA,"N",NA,"ARFR4-SOS-CO932-314-JEFFERSON-12","#FEE08B",-105.3553333,39.40902778,"10 - 15 Deg. F. / 3 - 6","","10 - 15 Deg. F.","6-Mar","10 - 15 Deg. F. / 3 - 6","10 - 15 / semi-humid","CO.2","#66e566","semi-humid, cool","#FEE08B","E"
"ARFR-CO932-294-11","white",10,5,37,5,358,1972,NA,5.8,1,NA,NA,7,1,NA,2,1,NA,2,1,NA,2,22.1,1,NA,2,1,NA,3,1,NA,3,1,3,1,NA,3,1,NA,NA,NA,NA,NA,NA,NA,NA,NA,"Y",NA,"N",NA,"ARFR4-SOS-CO932-294-11","#ABDDA4",-105.2030833,39.78458333,"15 - 20 Deg. F. / 3 - 6","","15 - 20 Deg. F.","6-Mar","15 - 20 Deg. F. / 3 - 6","15 - 20 / semi-humid","CO.4","#698b69","semi-humid, warm","#ABDDA4","H"
"ARFR-WY930-44-LASANIMAS-13","white",10,6,37,6,NA,1973,NA,2.3,1,NA,NA,3.5,1,NA,2,1,NA,2,1,NA,2,6.6,1,NA,2,1,NA,2,1,NA,2,1,2,1,NA,2,1,NA,NA,"Yes",NA,12.43,"S",5.47,NA,NA,"Y",NA,"N",NA,"ARFR4-SOS-WY930-44-LASANIMAS-13","#FDAE61",-104.6423889,37.16547222,"15 - 20 Deg. F. / 3 - 6","","15 - 20 Deg. F.","6-Mar","15 - 20 Deg. F. / 3 - 6","15 - 20 / semi-humid","CO.1","#698b69","semi-humid, warm","#FDAE61","D"
"ARFR-CO932-316-JEFFERSON-12","white",10,7,37,7,NA,1974,NA,5.5,1,NA,NA,10.2,1,NA,2,1,NA,2,1,NA,2,37.8,1,NA,3,1,NA,3,1,NA,3,1,3,1,NA,3,1,NA,NA,NA,NA,NA,NA,NA,NA,NA,"Y",NA,"N",NA,"ARFR4-SOS-CO932-316-JEFFERSON-12","#FFFF85",-105.358,39.66325,"15 - 20 Deg. F. / 3 - 6","","15 - 20 Deg. F.","6-Mar","15 - 20 Deg. F. / 3 - 6","15 - 20 / semi-humid","CO.3","#698b69","semi-humid, warm","#FFFF85","F"
"ARFR-UT080-109-UINTAH-12","white",10,8,37,8,NA,1975,NA,7.5,1,NA,NA,12,1,NA,2,1,NA,2,1,NA,2,46.1,1,NA,2,1,NA,3,1,NA,3,1,3,1,NA,3,1,NA,NA,NA,NA,NA,NA,NA,NA,NA,"Y",NA,"N",NA,"ARFR4-SOS-UT080-109-UINTAH-12","#aabe7f",-109.1426444,39.70802222,"10 - 15 Deg. F. / 3 - 6","","10 - 15 Deg. F.","6-Mar","10 - 15 Deg. F. / 3 - 6","10 - 15 / semi-humid","UT.1","#66e566","semi-humid, cool","#aabe7f","G"
"ARFR-WY040-71-10","white",10,9,37,9,NA,1976,NA,2.6,1,NA,NA,4.3,1,NA,2,1,NA,2,1,NA,2,11,1,NA,2,1,NA,2,1,NA,2,1,2,1,NA,2,1,NA,NA,NA,NA,NA,NA,NA,NA,NA,"Y",NA,"N",NA,"ARFR4-SOS-WY040-71-10","#66C2A5",-109.2433156,41.13271889,"5 - 10 Deg. F. / 3 - 6","","5 - 10 Deg. F.","6-Mar","5 - 10 Deg. F. / 3 - 6","5 - 10 / semi-humid","WY.1","#a5c2f1","semi-humid, cold","#66C2A5","I"
"ARFR-AZ930-422-NAVAJO-18","white",10,10,37,10,359,1977,NA,3.6,1,NA,NA,9.8,1,NA,2,1,"dying",NA,0,NA,NA,NA,0,NA,NA,0,NA,NA,0,NA,NA,0,NA,0,NA,NA,0,NA,NA,NA,NA,NA,NA,NA,NA,NA,"Y",NA,"N",NA,"ARFR4-SOS-AZ930-422-NAVAJO-18","#D53E4F",-110.431,36.56805,"15 - 20 Deg. F. / 6 - 12","Lats corrected 20230127","15 - 20 Deg. F.","12-Jun","15 - 20 Deg. F. / 6 - 12","15 - 20 / semi-arid","AZ.2","#ee5c42","semi-arid, warm","#D53E4F","B"
"ARFR-AZ930-423-NAVAJO-18","white",10,11,37,11,NA,1978,NA,5.3,1,NA,NA,7.1,1,NA,2,1,NA,2,1,NA,2,35.5,1,NA,2,1,NA,3,1,NA,3,1,3,1,NA,3,1,NA,NA,NA,NA,NA,NA,NA,NA,NA,"Y",NA,"Y",NA,"ARFR4-SOS-AZ930-423-NAVAJO-18","#9E0142",-110.431,36.45877,"15 - 20 Deg. F. / 6 - 12","SdZones downloaded 20230823","15 - 20 Deg. F.","12-Jun","15 - 20 Deg. F. / 6 - 12","15 - 20 / semi-arid","AZ.1","#ee5c42","semi-arid, warm","#9E0142","A"
"ARFR-CO932-316-JEFFERSON-12","white",10,12,37,12,NA,1979,NA,5.2,1,NA,NA,13,1,NA,2,1,NA,2,1,NA,2,46.1,1,NA,3,1,NA,3,1,NA,3,1,3,1,NA,3,1,NA,NA,NA,NA,NA,NA,NA,NA,NA,"Y",NA,"N",NA,"ARFR4-SOS-CO932-316-JEFFERSON-12","#FFFF85",-105.358,39.66325,"15 - 20 Deg. F. / 3 - 6","","15 - 20 Deg. F.","6-Mar","15 - 20 Deg. F. / 3 - 6","15 - 20 / semi-humid","CO.3","#698b69","semi-humid, warm","#FFFF85","F"
"ARFR-AZ930-422-NAVAJO-18","white",10,13,37,13,NA,1980,NA,4.8,1,NA,NA,10.8,1,NA,2,1,NA,2,1,NA,2,35.7,1,NA,2,1,NA,3,1,NA,3,1,3,1,NA,3,1,NA,NA,NA,NA,NA,NA,NA,NA,NA,"Y",NA,"N",NA,"ARFR4-SOS-AZ930-422-NAVAJO-18","#D53E4F",-110.431,36.56805,"15 - 20 Deg. F. / 6 - 12","Lats corrected 20230127","15 - 20 Deg. F.","12-Jun","15 - 20 Deg. F. / 6 - 12","15 - 20 / semi-arid","AZ.2","#ee5c42","semi-arid, warm","#D53E4F","B"
"ARFR-WY040-71-10","white",10,14,37,14,NA,1981,NA,4.8,1,NA,NA,5.9,1,NA,2,1,NA,2,1,NA,2,3,1,NA,2,1,NA,2,1,NA,2,1,2,1,NA,2,1,NA,NA,NA,NA,NA,NA,NA,NA,NA,"N",NA,"N",NA,"ARFR4-SOS-WY040-71-10","#66C2A5",-109.2433156,41.13271889,"5 - 10 Deg. F. / 3 - 6","","5 - 10 Deg. F.","6-Mar","5 - 10 Deg. F. / 3 - 6","5 - 10 / semi-humid","WY.1","#a5c2f1","semi-humid, cold","#66C2A5","I"
"ARFR-NM930N-66-11","white",10,15,37,15,360,1982,NA,8.7,1,NA,NA,11.7,1,NA,2,1,NA,2,1,NA,2,53.9,1,NA,2,1,NA,3,1,NA,3,1,3,1,NA,3,1,NA,NA,NA,NA,NA,NA,NA,NA,NA,"Y",NA,"N",NA,"ARFR4-SOS-NM930N-66-11","#F46D43",-107.2045028,36.76818611,"10 - 15 Deg. F. / 3 - 6","","10 - 15 Deg. F.","6-Mar","10 - 15 Deg. F. / 3 - 6","10 - 15 / semi-humid","NM.1","#66e566","semi-humid, cool","#F46D43","C"
"ARFR-NM930N-66-11","white",10,16,37,16,NA,1983,NA,8,1,NA,NA,14.4,1,NA,2,1,NA,2,1,NA,2,52.3,1,NA,2,1,NA,3,1,NA,3,1,3,1,NA,3,1,NA,NA,NA,NA,NA,NA,NA,NA,NA,"Y",NA,"N",NA,"ARFR4-SOS-NM930N-66-11","#F46D43",-107.2045028,36.76818611,"10 - 15 Deg. F. / 3 - 6","","10 - 15 Deg. F.","6-Mar","10 - 15 Deg. F. / 3 - 6","10 - 15 / semi-humid","NM.1","#66e566","semi-humid, cool","#F46D43","C"
"ARFR-UT080-109-UINTAH-12","white",10,17,37,17,NA,1984,NA,7.5,1,NA,NA,12.2,1,NA,2,1,NA,2,1,NA,2,26.5,1,NA,2,1,NA,3,1,NA,3,1,3,1,NA,3,1,NA,NA,NA,NA,NA,NA,NA,NA,NA,"Y",NA,"N",NA,"ARFR4-SOS-UT080-109-UINTAH-12","#aabe7f",-109.1426444,39.70802222,"10 - 15 Deg. F. / 3 - 6","","10 - 15 Deg. F.","6-Mar","10 - 15 Deg. F. / 3 - 6","10 - 15 / semi-humid","UT.1","#66e566","semi-humid, cool","#aabe7f","G"
"ARFR-CO932-314-JEFFERSON-12","white",10,18,37,18,NA,1985,NA,5.6,1,NA,NA,11,1,NA,2,1,NA,2,1,NA,2,22.5,1,NA,2,1,NA,2,1,NA,2,1,2,1,NA,2,1,NA,NA,NA,NA,NA,NA,NA,NA,NA,"Y",NA,"N",NA,"ARFR4-SOS-CO932-314-JEFFERSON-12","#FEE08B",-105.3553333,39.40902778,"10 - 15 Deg. F. / 3 - 6","","10 - 15 Deg. F.","6-Mar","10 - 15 Deg. F. / 3 - 6","10 - 15 / semi-humid","CO.2","#66e566","semi-humid, cool","#FEE08B","E"
"ARFR-CO932-316-JEFFERSON-12","white",10,19,37,19,NA,1986,NA,4,1,NA,NA,7.7,1,NA,2,1,NA,2,1,NA,2,29.9,1,NA,2,1,NA,3,1,NA,3,1,3,1,NA,3,1,NA,NA,NA,NA,NA,NA,NA,NA,NA,"Y",NA,"N",NA,"ARFR4-SOS-CO932-316-JEFFERSON-12","#FFFF85",-105.358,39.66325,"15 - 20 Deg. F. / 3 - 6","","15 - 20 Deg. F.","6-Mar","15 - 20 Deg. F. / 3 - 6","15 - 20 / semi-humid","CO.3","#698b69","semi-humid, warm","#FFFF85","F"
"ARFR-CO932-294-11","white",10,20,37,20,361,1987,NA,2.6,1,NA,NA,8.3,1,NA,2,1,NA,2,1,NA,2,30.2,1,NA,2,1,NA,3,1,NA,3,1,3,1,NA,3,1,NA,NA,NA,NA,NA,NA,NA,NA,NA,"Y",NA,"N",NA,"ARFR4-SOS-CO932-294-11","#ABDDA4",-105.2030833,39.78458333,"15 - 20 Deg. F. / 3 - 6","","15 - 20 Deg. F.","6-Mar","15 - 20 Deg. F. / 3 - 6","15 - 20 / semi-humid","CO.4","#698b69","semi-humid, warm","#ABDDA4","H"
"ARFR-WY050-49-FREMONT-12","white",10,21,37,21,NA,1988,NA,5.4,1,NA,NA,7.3,1,NA,2,1,NA,2,1,NA,2,15,1,NA,2,1,NA,3,1,NA,3,1,3,1,NA,3,1,NA,NA,NA,NA,NA,NA,NA,NA,NA,"Y",NA,"N",NA,"ARFR4-SOS-WY050-49-FREMONT-12","#5E4FA2",-109.34775,43.42663611,"5 - 10 Deg. F. / 6 - 12","","5 - 10 Deg. F.","12-Jun","5 - 10 Deg. F. / 6 - 12","5 - 10 / semi-arid","WY.3","#ffb90f","semi-arid, cold","#5E4FA2","K"
"ARFR-AZ930-422-NAVAJO-18","white",10,22,37,22,NA,1989,NA,5.1,1,NA,NA,11.5,1,NA,2,1,NA,2,1,NA,2,52.8,1,NA,3,1,NA,3,1,NA,3,1,3,1,NA,3,1,NA,NA,NA,NA,NA,NA,NA,NA,NA,"Y",NA,"N",NA,"ARFR4-SOS-AZ930-422-NAVAJO-18","#D53E4F",-110.431,36.56805,"15 - 20 Deg. F. / 6 - 12","Lats corrected 20230127","15 - 20 Deg. F.","12-Jun","15 - 20 Deg. F. / 6 - 12","15 - 20 / semi-arid","AZ.2","#ee5c42","semi-arid, warm","#D53E4F","B"
"ARFR-CO932-314-JEFFERSON-12","white",10,23,37,23,NA,1990,NA,4.6,1,NA,NA,5.2,1,NA,2,1,NA,2,1,NA,2,33.5,1,NA,2,1,NA,3,1,NA,3,1,3,1,NA,3,1,NA,NA,"Yes",NA,99.93,"L",67.952,42.42,35.46,"Y",NA,"N",NA,"ARFR4-SOS-CO932-314-JEFFERSON-12","#FEE08B",-105.3553333,39.40902778,"10 - 15 Deg. F. / 3 - 6","","10 - 15 Deg. F.","6-Mar","10 - 15 Deg. F. / 3 - 6","10 - 15 / semi-humid","CO.2","#66e566","semi-humid, cool","#FEE08B","E"
"ARFR-CO932-316-JEFFERSON-12","white",10,24,37,24,NA,1991,NA,4,1,NA,NA,8.6,1,NA,2,1,NA,2,1,NA,2,31.1,1,NA,2,1,NA,3,1,NA,3,1,3,1,NA,3,1,NA,NA,NA,NA,NA,NA,NA,NA,NA,"Y",NA,"Y",NA,"ARFR4-SOS-CO932-316-JEFFERSON-12","#FFFF85",-105.358,39.66325,"15 - 20 Deg. F. / 3 - 6","","15 - 20 Deg. F.","6-Mar","15 - 20 Deg. F. / 3 - 6","15 - 20 / semi-humid","CO.3","#698b69","semi-humid, warm","#FFFF85","F"
"ARFR-CO932-314-JEFFERSON-12","white",10,25,37,25,362,1992,NA,4.2,1,NA,NA,10.1,1,NA,2,1,NA,2,1,NA,2,16.6,1,NA,2,1,NA,2,1,NA,2,1,2,1,NA,2,1,NA,NA,NA,NA,NA,NA,NA,NA,NA,"Y",NA,"N",NA,"ARFR4-SOS-CO932-314-JEFFERSON-12","#FEE08B",-105.3553333,39.40902778,"10 - 15 Deg. F. / 3 - 6","","10 - 15 Deg. F.","6-Mar","10 - 15 Deg. F. / 3 - 6","10 - 15 / semi-humid","CO.2","#66e566","semi-humid, cool","#FEE08B","E"
"ARFR-AZ930-422-NAVAJO-18","white",10,26,37,26,NA,1993,NA,4.4,1,NA,NA,11.7,1,NA,2,1,NA,2,1,NA,2,48.5,1,NA,2,1,NA,3,1,NA,3,1,3,1,NA,3,1,NA,NA,NA,NA,NA,NA,NA,NA,NA,"Y",NA,"N",NA,"ARFR4-SOS-AZ930-422-NAVAJO-18","#D53E4F",-110.431,36.56805,"15 - 20 Deg. F. / 6 - 12","Lats corrected 20230127","15 - 20 Deg. F.","12-Jun","15 - 20 Deg. F. / 6 - 12","15 - 20 / semi-arid","AZ.2","#ee5c42","semi-arid, warm","#D53E4F","B"
"ARFR-CO932-316-JEFFERSON-12","white",10,27,37,27,NA,1994,NA,4,1,NA,NA,7.3,1,NA,2,1,NA,2,1,NA,2,23.1,1,NA,2,1,NA,3,1,NA,3,1,3,1,NA,3,1,NA,NA,NA,NA,NA,NA,NA,NA,NA,"Y",NA,"N",NA,"ARFR4-SOS-CO932-316-JEFFERSON-12","#FFFF85",-105.358,39.66325,"15 - 20 Deg. F. / 3 - 6","","15 - 20 Deg. F.","6-Mar","15 - 20 Deg. F. / 3 - 6","15 - 20 / semi-humid","CO.3","#698b69","semi-humid, warm","#FFFF85","F"
"ARFR-CO932-314-JEFFERSON-12","white",10,28,37,28,NA,1995,NA,4.5,1,NA,NA,7.3,1,NA,2,1,NA,2,1,NA,2,26.9,1,NA,2,1,NA,3,1,NA,3,1,3,1,NA,3,1,NA,NA,NA,NA,NA,NA,NA,NA,NA,"Y",NA,"Y",NA,"ARFR4-SOS-CO932-314-JEFFERSON-12","#FEE08B",-105.3553333,39.40902778,"10 - 15 Deg. F. / 3 - 6","","10 - 15 Deg. F.","6-Mar","10 - 15 Deg. F. / 3 - 6","10 - 15 / semi-humid","CO.2","#66e566","semi-humid, cool","#FEE08B","E"
"ARFR-UT080-109-UINTAH-12","white",10,29,37,29,NA,1996,NA,10.6,1,NA,NA,16.2,1,NA,2,1,NA,2,1,NA,2,51.4,1,NA,3,1,NA,3,1,NA,3,1,3,1,NA,3,1,NA,NA,NA,NA,NA,NA,NA,NA,NA,"Y",NA,"N",NA,"ARFR4-SOS-UT080-109-UINTAH-12","#aabe7f",-109.1426444,39.70802222,"10 - 15 Deg. F. / 3 - 6","","10 - 15 Deg. F.","6-Mar","10 - 15 Deg. F. / 3 - 6","10 - 15 / semi-humid","UT.1","#66e566","semi-humid, cool","#aabe7f","G"
"ARFR-WY930-44-LASANIMAS-13","white",10,30,37,30,363,1997,NA,3.7,1,NA,NA,8,1,NA,2,1,NA,2,1,NA,2,27.1,1,NA,2,1,NA,3,1,NA,3,1,3,1,NA,3,1,NA,NA,NA,NA,NA,NA,NA,NA,NA,"Y",NA,"N",NA,"ARFR4-SOS-WY930-44-LASANIMAS-13","#FDAE61",-104.6423889,37.16547222,"15 - 20 Deg. F. / 3 - 6","","15 - 20 Deg. F.","6-Mar","15 - 20 Deg. F. / 3 - 6","15 - 20 / semi-humid","CO.1","#698b69","semi-humid, warm","#FDAE61","D"
"ARFR-UT080-109-UINTAH-12","white",10,31,37,31,NA,1998,NA,5.2,1,NA,NA,9.2,1,NA,2,1,NA,2,1,NA,2,31.7,1,NA,2,1,NA,3,1,NA,3,1,3,1,NA,3,1,NA,NA,NA,NA,NA,NA,NA,NA,NA,"Y",NA,"N",NA,"ARFR4-SOS-UT080-109-UINTAH-12","#aabe7f",-109.1426444,39.70802222,"10 - 15 Deg. F. / 3 - 6","","10 - 15 Deg. F.","6-Mar","10 - 15 Deg. F. / 3 - 6","10 - 15 / semi-humid","UT.1","#66e566","semi-humid, cool","#aabe7f","G"
"ARFR-CO932-294-11","white",10,32,37,32,NA,1999,NA,4.4,1,NA,NA,8.8,1,NA,2,1,NA,2,1,NA,2,35,1,NA,2,1,NA,3,1,NA,3,1,3,1,NA,3,1,NA,NA,NA,NA,NA,NA,NA,NA,NA,"Y",NA,"N",NA,"ARFR4-SOS-CO932-294-11","#ABDDA4",-105.2030833,39.78458333,"15 - 20 Deg. F. / 3 - 6","","15 - 20 Deg. F.","6-Mar","15 - 20 Deg. F. / 3 - 6","15 - 20 / semi-humid","CO.4","#698b69","semi-humid, warm","#ABDDA4","H"
"ARFR-WY050-49-FREMONT-12","white",10,33,37,33,NA,2000,NA,3.6,1,NA,NA,6,1,NA,2,1,NA,2,1,NA,2,31.2,1,NA,2,1,NA,3,1,NA,3,1,3,1,NA,3,1,NA,NA,NA,NA,NA,NA,NA,NA,NA,"Y",NA,"N",NA,"ARFR4-SOS-WY050-49-FREMONT-12","#5E4FA2",-109.34775,43.42663611,"5 - 10 Deg. F. / 6 - 12","","5 - 10 Deg. F.","12-Jun","5 - 10 Deg. F. / 6 - 12","5 - 10 / semi-arid","WY.3","#ffb90f","semi-arid, cold","#5E4FA2","K"
"ARFR-WY050-49-FREMONT-12","white",10,34,37,34,NA,2001,NA,4,1,NA,NA,6.4,1,NA,2,1,NA,2,1,NA,2,17.4,1,NA,2,1,NA,2,1,NA,2,1,2,1,NA,2,1,NA,NA,NA,NA,NA,NA,NA,NA,NA,"Y",NA,"N",NA,"ARFR4-SOS-WY050-49-FREMONT-12","#5E4FA2",-109.34775,43.42663611,"5 - 10 Deg. F. / 6 - 12","","5 - 10 Deg. F.","12-Jun","5 - 10 Deg. F. / 6 - 12","5 - 10 / semi-arid","WY.3","#ffb90f","semi-arid, cold","#5E4FA2","K"
"ARFR-CO932-294-11","white",10,35,37,35,364,2002,NA,6.5,1,NA,NA,8.1,1,NA,2,1,NA,2,1,NA,2,35.9,1,NA,2,1,NA,3,1,NA,3,1,3,1,NA,3,1,NA,NA,NA,NA,NA,NA,NA,NA,NA,"Y",NA,"N",NA,"ARFR4-SOS-CO932-294-11","#ABDDA4",-105.2030833,39.78458333,"15 - 20 Deg. F. / 3 - 6","","15 - 20 Deg. F.","6-Mar","15 - 20 Deg. F. / 3 - 6","15 - 20 / semi-humid","CO.4","#698b69","semi-humid, warm","#ABDDA4","H"
"ARFR-NM930N-66-11","white",10,36,37,36,NA,2003,NA,6,1,NA,NA,10.5,1,NA,2,1,NA,2,1,NA,2,46.4,1,NA,2,1,NA,3,1,NA,3,1,3,1,NA,3,1,NA,NA,NA,NA,NA,NA,NA,NA,NA,"Y",NA,"N",NA,"ARFR4-SOS-NM930N-66-11","#F46D43",-107.2045028,36.76818611,"10 - 15 Deg. F. / 3 - 6","","10 - 15 Deg. F.","6-Mar","10 - 15 Deg. F. / 3 - 6","10 - 15 / semi-humid","NM.1","#66e566","semi-humid, cool","#F46D43","C"
"ARFR-CO932-314-JEFFERSON-12","white",10,37,37,37,NA,2004,NA,NA,0,"Y","314 Jefferson",4.2,1,NA,2,1,NA,2,1,NA,2,15.6,1,NA,2,1,NA,2,1,NA,2,1,3,1,NA,3,1,NA,NA,NA,NA,NA,NA,NA,NA,NA,"N",NA,"N",NA,"ARFR4-SOS-CO932-314-JEFFERSON-12","#FEE08B",-105.3553333,39.40902778,"10 - 15 Deg. F. / 3 - 6","","10 - 15 Deg. F.","6-Mar","10 - 15 Deg. F. / 3 - 6","10 - 15 / semi-humid","CO.2","#66e566","semi-humid, cool","#FEE08B","E"
"ARFR-UT080-109-UINTAH-12","white",10,38,37,38,NA,2005,NA,7.5,1,NA,NA,11.4,1,NA,2,1,NA,2,1,NA,2,43,1,NA,2,1,NA,3,1,NA,3,1,3,1,NA,3,1,NA,NA,NA,NA,NA,NA,NA,NA,NA,"Y",NA,"N",NA,"ARFR4-SOS-UT080-109-UINTAH-12","#aabe7f",-109.1426444,39.70802222,"10 - 15 Deg. F. / 3 - 6","","10 - 15 Deg. F.","6-Mar","10 - 15 Deg. F. / 3 - 6","10 - 15 / semi-humid","UT.1","#66e566","semi-humid, cool","#aabe7f","G"
"ARFR-NM930N-66-11","white",10,39,37,39,NA,2006,NA,6.5,1,NA,NA,11.5,1,NA,2,1,NA,2,1,NA,2,40.1,1,NA,2,1,NA,3,1,NA,3,1,3,1,NA,3,1,NA,NA,NA,NA,NA,NA,NA,NA,NA,"Y",NA,"N",NA,"ARFR4-SOS-NM930N-66-11","#F46D43",-107.2045028,36.76818611,"10 - 15 Deg. F. / 3 - 6","","10 - 15 Deg. F.","6-Mar","10 - 15 Deg. F. / 3 - 6","10 - 15 / semi-humid","NM.1","#66e566","semi-humid, cool","#F46D43","C"
"ARFR-CO932-294-11","white",10,40,37,40,365,2007,NA,5,1,NA,NA,8.3,1,NA,2,1,NA,2,1,NA,2,29.5,1,NA,2,1,NA,3,1,NA,3,1,3,1,NA,3,1,NA,NA,NA,NA,NA,NA,NA,NA,NA,"Y",NA,"N",NA,"ARFR4-SOS-CO932-294-11","#ABDDA4",-105.2030833,39.78458333,"15 - 20 Deg. F. / 3 - 6","","15 - 20 Deg. F.","6-Mar","15 - 20 Deg. F. / 3 - 6","15 - 20 / semi-humid","CO.4","#698b69","semi-humid, warm","#ABDDA4","H"
"ARFR-AZ930-423-NAVAJO-18","white",10,41,37,41,NA,2008,NA,5.2,1,NA,NA,9.5,1,NA,2,1,NA,2,1,NA,2,43,1,NA,2,1,NA,3,1,NA,3,1,3,1,NA,3,1,NA,NA,NA,NA,NA,NA,NA,NA,NA,"Y",NA,"N",NA,"ARFR4-SOS-AZ930-423-NAVAJO-18","#9E0142",-110.431,36.45877,"15 - 20 Deg. F. / 6 - 12","SdZones downloaded 20230823","15 - 20 Deg. F.","12-Jun","15 - 20 Deg. F. / 6 - 12","15 - 20 / semi-arid","AZ.1","#ee5c42","semi-arid, warm","#9E0142","A"
"ARFR-WY050-49-FREMONT-12","white",10,42,37,42,NA,2009,NA,2.9,1,NA,NA,3.4,1,NA,2,1,NA,2,1,NA,2,11.5,1,NA,2,1,NA,3,1,NA,3,1,3,1,NA,3,1,NA,NA,NA,NA,NA,NA,NA,NA,NA,"Y",NA,"Y",NA,"ARFR4-SOS-WY050-49-FREMONT-12","#5E4FA2",-109.34775,43.42663611,"5 - 10 Deg. F. / 6 - 12","","5 - 10 Deg. F.","12-Jun","5 - 10 Deg. F. / 6 - 12","5 - 10 / semi-arid","WY.3","#ffb90f","semi-arid, cold","#5E4FA2","K"
"ARFR-AZ930-422-NAVAJO-18","white",10,43,37,43,NA,2010,NA,4.8,1,NA,NA,9,1,NA,2,1,NA,2,1,NA,2,41.3,1,NA,2,1,NA,3,1,NA,3,1,3,1,NA,3,1,NA,NA,NA,NA,NA,NA,NA,NA,NA,"Y",NA,"N",NA,"ARFR4-SOS-AZ930-422-NAVAJO-18","#D53E4F",-110.431,36.56805,"15 - 20 Deg. F. / 6 - 12","Lats corrected 20230127","15 - 20 Deg. F.","12-Jun","15 - 20 Deg. F. / 6 - 12","15 - 20 / semi-arid","AZ.2","#ee5c42","semi-arid, warm","#D53E4F","B"
"ARFR-WY050-151-FREMONT-16","white",10,44,37,44,NA,2011,NA,5,1,NA,NA,6.1,1,NA,2,1,NA,2,1,NA,2,15.1,1,NA,2,1,NA,3,1,NA,3,1,3,1,NA,3,1,NA,NA,NA,NA,NA,NA,NA,NA,NA,"Y",NA,"N",NA,"ARFR4-SOS-WY050-151-FREMONT-16","#3288BD",-108.1704472,42.47886111,"10 - 15 Deg. F. / 6 - 12","","10 - 15 Deg. F.","12-Jun","10 - 15 Deg. F. / 6 - 12","10 - 15 / semi-arid","WY.2","#cd8500","semi-arid, cool","#3288BD","J"
"ARFR-NM930N-66-11","white",10,45,37,45,366,2012,NA,5.9,1,NA,NA,11.9,1,NA,2,1,NA,2,1,NA,2,42.6,1,NA,2,1,NA,3,1,NA,3,1,3,1,NA,3,1,NA,NA,NA,NA,NA,NA,NA,NA,NA,"Y",NA,"N",NA,"ARFR4-SOS-NM930N-66-11","#F46D43",-107.2045028,36.76818611,"10 - 15 Deg. F. / 3 - 6","","10 - 15 Deg. F.","6-Mar","10 - 15 Deg. F. / 3 - 6","10 - 15 / semi-humid","NM.1","#66e566","semi-humid, cool","#F46D43","C"
"ARFR-CO932-316-JEFFERSON-12","white",10,46,37,46,NA,2013,NA,3.5,1,NA,NA,6.4,1,NA,2,1,NA,2,1,NA,2,14.9,1,NA,2,1,NA,2,1,NA,2,1,2,1,NA,2,1,NA,NA,NA,NA,NA,NA,NA,NA,NA,"Y",NA,"N",NA,"ARFR4-SOS-CO932-316-JEFFERSON-12","#FFFF85",-105.358,39.66325,"15 - 20 Deg. F. / 3 - 6","","15 - 20 Deg. F.","6-Mar","15 - 20 Deg. F. / 3 - 6","15 - 20 / semi-humid","CO.3","#698b69","semi-humid, warm","#FFFF85","F"
"ARFR-WY930-44-LASANIMAS-13","white",10,47,37,47,NA,2014,NA,5.9,1,NA,NA,9.9,1,NA,2,1,NA,2,1,NA,2,33,1,NA,2,1,NA,3,1,NA,3,1,3,1,NA,3,1,NA,NA,NA,NA,NA,NA,NA,NA,NA,"Y",NA,"N",NA,"ARFR4-SOS-WY930-44-LASANIMAS-13","#FDAE61",-104.6423889,37.16547222,"15 - 20 Deg. F. / 3 - 6","","15 - 20 Deg. F.","6-Mar","15 - 20 Deg. F. / 3 - 6","15 - 20 / semi-humid","CO.1","#698b69","semi-humid, warm","#FDAE61","D"
"ARFR-CO932-316-JEFFERSON-12","white",10,48,37,48,NA,2015,NA,3.6,1,NA,NA,8.7,1,NA,2,1,NA,2,1,NA,2,38.7,1,NA,2,1,NA,3,1,NA,3,1,3,1,NA,3,1,NA,NA,NA,NA,NA,NA,NA,NA,NA,"Y",NA,"N",NA,"ARFR4-SOS-CO932-316-JEFFERSON-12","#FFFF85",-105.358,39.66325,"15 - 20 Deg. F. / 3 - 6","","15 - 20 Deg. F.","6-Mar","15 - 20 Deg. F. / 3 - 6","15 - 20 / semi-humid","CO.3","#698b69","semi-humid, warm","#FFFF85","F"
"ARFR-WY050-49-FREMONT-12","white",10,49,37,49,NA,2016,NA,4.2,1,NA,NA,4.7,1,NA,2,1,NA,2,1,NA,2,12.5,1,NA,2,1,NA,2,1,NA,2,1,2,1,NA,2,1,NA,NA,NA,NA,NA,NA,NA,NA,NA,"Y",NA,"N",NA,"ARFR4-SOS-WY050-49-FREMONT-12","#5E4FA2",-109.34775,43.42663611,"5 - 10 Deg. F. / 6 - 12","","5 - 10 Deg. F.","12-Jun","5 - 10 Deg. F. / 6 - 12","5 - 10 / semi-arid","WY.3","#ffb90f","semi-arid, cold","#5E4FA2","K"
"ARFR-WY040-71-10","white",10,50,37,50,367,2017,NA,4.3,1,NA,NA,6,1,NA,2,1,NA,2,1,NA,2,33.2,1,NA,3,1,NA,3,1,NA,3,1,3,1,NA,3,1,NA,NA,NA,NA,NA,NA,NA,NA,NA,"Y",NA,"N",NA,"ARFR4-SOS-WY040-71-10","#66C2A5",-109.2433156,41.13271889,"5 - 10 Deg. F. / 3 - 6","","5 - 10 Deg. F.","6-Mar","5 - 10 Deg. F. / 3 - 6","5 - 10 / semi-humid","WY.1","#a5c2f1","semi-humid, cold","#66C2A5","I"
"ARFR-CO932-294-11","white",10,51,37,51,NA,2018,NA,3.8,1,NA,NA,5.7,1,NA,2,1,NA,2,1,NA,2,12.8,1,NA,2,1,NA,2,1,NA,3,1,3,1,NA,3,1,NA,NA,NA,NA,NA,NA,NA,NA,NA,"Y",NA,"N",NA,"ARFR4-SOS-CO932-294-11","#ABDDA4",-105.2030833,39.78458333,"15 - 20 Deg. F. / 3 - 6","","15 - 20 Deg. F.","6-Mar","15 - 20 Deg. F. / 3 - 6","15 - 20 / semi-humid","CO.4","#698b69","semi-humid, warm","#ABDDA4","H"
"ARFR-UT080-109-UINTAH-12","white",10,52,37,52,NA,2019,NA,6.4,1,NA,NA,11.5,1,NA,2,1,NA,2,1,NA,2,41.4,1,NA,2,1,NA,3,1,NA,3,1,3,1,NA,3,1,NA,NA,NA,NA,NA,NA,NA,NA,NA,"Y",NA,"Y",NA,"ARFR4-SOS-UT080-109-UINTAH-12","#aabe7f",-109.1426444,39.70802222,"10 - 15 Deg. F. / 3 - 6","","10 - 15 Deg. F.","6-Mar","10 - 15 Deg. F. / 3 - 6","10 - 15 / semi-humid","UT.1","#66e566","semi-humid, cool","#aabe7f","G"
"ARFR-NM930N-66-11","white",10,53,37,53,NA,2020,NA,7.1,1,NA,NA,12.4,1,NA,2,1,"buds?",2,1,NA,2,51.1,1,NA,2,1,NA,3,1,NA,3,1,3,1,NA,3,1,NA,NA,NA,NA,NA,NA,NA,NA,NA,"Y",NA,"N",NA,"ARFR4-SOS-NM930N-66-11","#F46D43",-107.2045028,36.76818611,"10 - 15 Deg. F. / 3 - 6","","10 - 15 Deg. F.","6-Mar","10 - 15 Deg. F. / 3 - 6","10 - 15 / semi-humid","NM.1","#66e566","semi-humid, cool","#F46D43","C"
"ARFR-WY930-44-LASANIMAS-13","white",10,54,37,54,NA,2021,NA,4.4,1,NA,NA,7.6,1,NA,2,1,NA,2,1,NA,2,34.8,1,NA,2,1,NA,3,1,NA,3,1,3,1,NA,3,1,NA,NA,NA,NA,NA,NA,NA,NA,NA,"Y",NA,"N",NA,"ARFR4-SOS-WY930-44-LASANIMAS-13","#FDAE61",-104.6423889,37.16547222,"15 - 20 Deg. F. / 3 - 6","","15 - 20 Deg. F.","6-Mar","15 - 20 Deg. F. / 3 - 6","15 - 20 / semi-humid","CO.1","#698b69","semi-humid, warm","#FDAE61","D"
"ARFR-WY040-71-10","white",10,55,37,55,368,2022,NA,4.3,1,NA,NA,7.5,1,NA,2,1,NA,2,1,NA,2,14.6,1,NA,2,1,NA,2,1,NA,2,1,2,1,NA,2,1,NA,NA,NA,NA,NA,NA,NA,NA,NA,"Y",NA,"N",NA,"ARFR4-SOS-WY040-71-10","#66C2A5",-109.2433156,41.13271889,"5 - 10 Deg. F. / 3 - 6","","5 - 10 Deg. F.","6-Mar","5 - 10 Deg. F. / 3 - 6","5 - 10 / semi-humid","WY.1","#a5c2f1","semi-humid, cold","#66C2A5","I"
"ARFR-WY040-71-10","white",10,56,38,1,357,2023,NA,4.3,1,NA,NA,6.1,1,NA,2,1,NA,2,1,NA,2,8.1,1,NA,2,1,NA,2,1,NA,2,1,2,1,NA,2,1,NA,NA,NA,NA,NA,NA,NA,NA,NA,"Y",NA,"N",NA,"ARFR4-SOS-WY040-71-10","#66C2A5",-109.2433156,41.13271889,"5 - 10 Deg. F. / 3 - 6","","5 - 10 Deg. F.","6-Mar","5 - 10 Deg. F. / 3 - 6","5 - 10 / semi-humid","WY.1","#a5c2f1","semi-humid, cold","#66C2A5","I"
"ARFR-WY050-151-FREMONT-16","white",10,57,38,2,NA,2024,NA,3.7,1,NA,NA,4.9,1,NA,2,1,NA,2,1,NA,2,6,1,NA,2,1,NA,2,1,NA,2,1,2,1,NA,2,1,"No data recorded",NA,NA,NA,NA,NA,NA,NA,NA,NA,NA,"N",NA,"ARFR4-SOS-WY050-151-FREMONT-16","#3288BD",-108.1704472,42.47886111,"10 - 15 Deg. F. / 6 - 12","","10 - 15 Deg. F.","12-Jun","10 - 15 Deg. F. / 6 - 12","10 - 15 / semi-arid","WY.2","#cd8500","semi-arid, cool","#3288BD","J"
"ARFR-CO932-294-11","white",10,58,38,3,NA,2025,NA,3.8,1,NA,NA,8.6,1,NA,2,1,NA,2,1,NA,2,25,1,NA,2,1,NA,3,1,NA,3,1,3,1,NA,3,1,NA,NA,NA,NA,NA,NA,NA,NA,NA,"Y",NA,"N",NA,"ARFR4-SOS-CO932-294-11","#ABDDA4",-105.2030833,39.78458333,"15 - 20 Deg. F. / 3 - 6","","15 - 20 Deg. F.","6-Mar","15 - 20 Deg. F. / 3 - 6","15 - 20 / semi-humid","CO.4","#698b69","semi-humid, warm","#ABDDA4","H"
"ARFR-WY930-44-LASANIMAS-13","white",10,59,38,4,NA,2026,NA,4.9,1,NA,NA,10.6,1,NA,2,1,NA,2,1,NA,2,32.4,1,NA,2,1,NA,3,1,NA,3,1,3,1,NA,3,1,NA,NA,"Yes",NA,119.22,"L",87.242,44.58,37.62,"Y",NA,"N",NA,"ARFR4-SOS-WY930-44-LASANIMAS-13","#FDAE61",-104.6423889,37.16547222,"15 - 20 Deg. F. / 3 - 6","","15 - 20 Deg. F.","6-Mar","15 - 20 Deg. F. / 3 - 6","15 - 20 / semi-humid","CO.1","#698b69","semi-humid, warm","#FDAE61","D"
"ARFR-CO932-294-11","white",10,60,38,5,358,2027,NA,4,1,NA,NA,8,1,NA,2,1,NA,2,1,NA,2,29,1,NA,2,1,NA,3,1,NA,3,1,3,1,NA,3,1,NA,NA,NA,NA,NA,NA,NA,NA,NA,"Y",NA,"N",NA,"ARFR4-SOS-CO932-294-11","#ABDDA4",-105.2030833,39.78458333,"15 - 20 Deg. F. / 3 - 6","","15 - 20 Deg. F.","6-Mar","15 - 20 Deg. F. / 3 - 6","15 - 20 / semi-humid","CO.4","#698b69","semi-humid, warm","#ABDDA4","H"
"ARFR-WY040-71-10","white",10,61,38,6,NA,2028,NA,4.5,1,NA,NA,5.2,1,NA,2,1,NA,2,1,NA,2,38.2,1,NA,2,1,NA,3,1,NA,3,1,3,1,NA,3,1,NA,NA,NA,NA,NA,NA,NA,NA,NA,"Y",NA,"N",NA,"ARFR4-SOS-WY040-71-10","#66C2A5",-109.2433156,41.13271889,"5 - 10 Deg. F. / 3 - 6","","5 - 10 Deg. F.","6-Mar","5 - 10 Deg. F. / 3 - 6","5 - 10 / semi-humid","WY.1","#a5c2f1","semi-humid, cold","#66C2A5","I"
"ARFR-CO932-316-JEFFERSON-12","white",10,62,38,7,NA,2029,NA,2,1,NA,NA,5.7,1,NA,2,1,NA,2,1,NA,2,17.6,1,NA,2,1,NA,2,1,NA,2,1,2,1,NA,2,1,NA,NA,"Yes",NA,89.45,"L",57.472,NA,NA,"Y",NA,"N",NA,"ARFR4-SOS-CO932-316-JEFFERSON-12","#FFFF85",-105.358,39.66325,"15 - 20 Deg. F. / 3 - 6","","15 - 20 Deg. F.","6-Mar","15 - 20 Deg. F. / 3 - 6","15 - 20 / semi-humid","CO.3","#698b69","semi-humid, warm","#FFFF85","F"
"ARFR-NM930N-66-11","white",10,63,38,8,NA,2030,NA,5.6,1,NA,NA,13.4,1,NA,2,1,NA,2,1,NA,2,60.4,1,NA,2,1,NA,3,1,NA,3,1,3,1,NA,3,1,NA,NA,NA,NA,NA,NA,NA,NA,NA,"Y",NA,"N",NA,"ARFR4-SOS-NM930N-66-11","#F46D43",-107.2045028,36.76818611,"10 - 15 Deg. F. / 3 - 6","","10 - 15 Deg. F.","6-Mar","10 - 15 Deg. F. / 3 - 6","10 - 15 / semi-humid","NM.1","#66e566","semi-humid, cool","#F46D43","C"
"ARFR-AZ930-423-NAVAJO-18","white",10,64,38,9,NA,2031,NA,5.3,1,NA,NA,11.8,1,NA,2,1,"dying",NA,0,NA,NA,NA,0,NA,NA,0,NA,NA,0,NA,NA,0,NA,0,NA,NA,0,NA,NA,NA,NA,NA,NA,NA,NA,NA,"Y",NA,"N",NA,"ARFR4-SOS-AZ930-423-NAVAJO-18","#9E0142",-110.431,36.45877,"15 - 20 Deg. F. / 6 - 12","SdZones downloaded 20230823","15 - 20 Deg. F.","12-Jun","15 - 20 Deg. F. / 6 - 12","15 - 20 / semi-arid","AZ.1","#ee5c42","semi-arid, warm","#9E0142","A"
"ARFR-WY930-44-LASANIMAS-13","white",10,65,38,10,359,2032,NA,4.2,1,NA,NA,8,1,NA,2,1,NA,2,1,NA,2,26.1,1,NA,2,1,NA,3,1,NA,3,1,3,1,NA,3,1,NA,NA,NA,NA,NA,NA,NA,NA,NA,"Y",NA,"N",NA,"ARFR4-SOS-WY930-44-LASANIMAS-13","#FDAE61",-104.6423889,37.16547222,"15 - 20 Deg. F. / 3 - 6","","15 - 20 Deg. F.","6-Mar","15 - 20 Deg. F. / 3 - 6","15 - 20 / semi-humid","CO.1","#698b69","semi-humid, warm","#FDAE61","D"
"ARFR-NM930N-66-11","white",10,66,38,11,NA,2033,NA,6.4,1,NA,NA,14.8,1,NA,2,1,NA,2,1,NA,2,56.2,1,NA,2,1,NA,3,1,NA,3,1,3,1,NA,3,1,NA,NA,NA,NA,NA,NA,NA,NA,NA,"Y",NA,"N",NA,"ARFR4-SOS-NM930N-66-11","#F46D43",-107.2045028,36.76818611,"10 - 15 Deg. F. / 3 - 6","","10 - 15 Deg. F.","6-Mar","10 - 15 Deg. F. / 3 - 6","10 - 15 / semi-humid","NM.1","#66e566","semi-humid, cool","#F46D43","C"
"ARFR-CO932-316-JEFFERSON-12","white",10,67,38,12,NA,2034,NA,3.5,1,NA,NA,9.2,1,NA,2,1,NA,2,1,NA,2,33.2,1,NA,2,1,NA,3,1,NA,3,1,3,1,NA,3,1,NA,NA,NA,NA,NA,NA,NA,NA,NA,"Y",NA,"N",NA,"ARFR4-SOS-CO932-316-JEFFERSON-12","#FFFF85",-105.358,39.66325,"15 - 20 Deg. F. / 3 - 6","","15 - 20 Deg. F.","6-Mar","15 - 20 Deg. F. / 3 - 6","15 - 20 / semi-humid","CO.3","#698b69","semi-humid, warm","#FFFF85","F"
"ARFR-UT080-109-UINTAH-12","white",10,68,38,13,NA,2035,NA,5.4,1,NA,NA,12.1,1,NA,2,1,NA,2,1,NA,2,41.4,1,NA,2,1,NA,3,1,NA,3,1,3,1,NA,3,1,NA,NA,NA,NA,NA,NA,NA,NA,NA,"Y",NA,"N",NA,"ARFR4-SOS-UT080-109-UINTAH-12","#aabe7f",-109.1426444,39.70802222,"10 - 15 Deg. F. / 3 - 6","","10 - 15 Deg. F.","6-Mar","10 - 15 Deg. F. / 3 - 6","10 - 15 / semi-humid","UT.1","#66e566","semi-humid, cool","#aabe7f","G"
"ARFR-CO932-314-JEFFERSON-12","white",10,69,38,14,NA,2036,NA,4.8,1,NA,NA,8.4,1,NA,2,1,NA,2,1,NA,2,27.1,1,NA,2,1,NA,3,1,NA,3,1,3,1,NA,3,1,NA,NA,NA,NA,NA,NA,NA,NA,NA,"Y",NA,"N",NA,"ARFR4-SOS-CO932-314-JEFFERSON-12","#FEE08B",-105.3553333,39.40902778,"10 - 15 Deg. F. / 3 - 6","","10 - 15 Deg. F.","6-Mar","10 - 15 Deg. F. / 3 - 6","10 - 15 / semi-humid","CO.2","#66e566","semi-humid, cool","#FEE08B","E"
"ARFR-UT080-109-UINTAH-12","white",10,70,38,15,360,2037,NA,6.7,1,NA,NA,112,1,NA,2,1,NA,2,1,NA,2,46.2,1,NA,2,1,NA,3,1,NA,3,1,3,1,NA,3,1,NA,NA,NA,NA,NA,NA,NA,NA,NA,"Y",NA,"N",NA,"ARFR4-SOS-UT080-109-UINTAH-12","#aabe7f",-109.1426444,39.70802222,"10 - 15 Deg. F. / 3 - 6","","10 - 15 Deg. F.","6-Mar","10 - 15 Deg. F. / 3 - 6","10 - 15 / semi-humid","UT.1","#66e566","semi-humid, cool","#aabe7f","G"
"ARFR-CO932-294-11","white",10,71,38,16,NA,2038,NA,4.5,1,NA,NA,5.9,1,NA,2,1,NA,2,1,NA,2,15.9,1,NA,2,1,NA,2,1,NA,2,1,2,1,NA,3,1,NA,NA,NA,NA,NA,NA,NA,NA,NA,"Y",NA,"N",NA,"ARFR4-SOS-CO932-294-11","#ABDDA4",-105.2030833,39.78458333,"15 - 20 Deg. F. / 3 - 6","","15 - 20 Deg. F.","6-Mar","15 - 20 Deg. F. / 3 - 6","15 - 20 / semi-humid","CO.4","#698b69","semi-humid, warm","#ABDDA4","H"
"ARFR-CO932-316-JEFFERSON-12","white",10,72,38,17,NA,2039,NA,3,1,NA,NA,9,1,NA,2,1,NA,2,1,NA,2,20.6,1,NA,2,1,NA,3,1,NA,3,1,3,1,NA,3,1,NA,NA,NA,NA,NA,NA,NA,NA,NA,"Y",NA,"N",NA,"ARFR4-SOS-CO932-316-JEFFERSON-12","#FFFF85",-105.358,39.66325,"15 - 20 Deg. F. / 3 - 6","","15 - 20 Deg. F.","6-Mar","15 - 20 Deg. F. / 3 - 6","15 - 20 / semi-humid","CO.3","#698b69","semi-humid, warm","#FFFF85","F"
"ARFR-AZ930-423-NAVAJO-18","white",10,73,38,18,NA,2040,NA,5.5,1,NA,NA,7.9,1,NA,2,1,NA,2,1,NA,2,25.2,1,NA,2,1,NA,3,1,NA,3,1,3,1,NA,3,1,NA,NA,NA,NA,NA,NA,NA,NA,NA,"Y",NA,"N",NA,"ARFR4-SOS-AZ930-423-NAVAJO-18","#9E0142",-110.431,36.45877,"15 - 20 Deg. F. / 6 - 12","SdZones downloaded 20230823","15 - 20 Deg. F.","12-Jun","15 - 20 Deg. F. / 6 - 12","15 - 20 / semi-arid","AZ.1","#ee5c42","semi-arid, warm","#9E0142","A"
"ARFR-AZ930-423-NAVAJO-18","white",10,74,38,19,NA,2041,NA,4.8,1,NA,NA,8.7,1,NA,2,1,NA,2,1,NA,2,37,1,NA,2,1,NA,3,1,NA,3,1,3,1,NA,3,1,NA,NA,NA,NA,NA,NA,NA,NA,NA,"Y",NA,"N",NA,"ARFR4-SOS-AZ930-423-NAVAJO-18","#9E0142",-110.431,36.45877,"15 - 20 Deg. F. / 6 - 12","SdZones downloaded 20230823","15 - 20 Deg. F.","12-Jun","15 - 20 Deg. F. / 6 - 12","15 - 20 / semi-arid","AZ.1","#ee5c42","semi-arid, warm","#9E0142","A"
"ARFR-AZ930-422-NAVAJO-18","white",10,75,38,20,361,2042,NA,3.5,1,NA,NA,8.2,1,NA,2,1,NA,2,1,NA,2,38.1,1,NA,2,1,NA,3,1,NA,3,1,3,1,NA,3,1,NA,NA,NA,NA,NA,NA,NA,NA,NA,"Y",NA,"N",NA,"ARFR4-SOS-AZ930-422-NAVAJO-18","#D53E4F",-110.431,36.56805,"15 - 20 Deg. F. / 6 - 12","Lats corrected 20230127","15 - 20 Deg. F.","12-Jun","15 - 20 Deg. F. / 6 - 12","15 - 20 / semi-arid","AZ.2","#ee5c42","semi-arid, warm","#D53E4F","B"
"ARFR-AZ930-422-NAVAJO-18","white",10,76,38,21,NA,2043,NA,4.9,1,NA,NA,10.7,1,NA,2,1,NA,2,1,NA,2,40.3,1,NA,2,1,NA,3,1,NA,3,1,3,1,NA,3,1,NA,NA,NA,NA,NA,NA,NA,NA,NA,"Y",NA,"N",NA,"ARFR4-SOS-AZ930-422-NAVAJO-18","#D53E4F",-110.431,36.56805,"15 - 20 Deg. F. / 6 - 12","Lats corrected 20230127","15 - 20 Deg. F.","12-Jun","15 - 20 Deg. F. / 6 - 12","15 - 20 / semi-arid","AZ.2","#ee5c42","semi-arid, warm","#D53E4F","B"
"ARFR-UT080-109-UINTAH-12","white",10,77,38,22,NA,2044,NA,NA,0,"Y","Uintah",8.8,1,NA,2,1,NA,2,1,NA,2,23.6,1,NA,2,1,NA,3,1,NA,3,1,3,1,NA,3,1,NA,NA,NA,NA,NA,NA,NA,NA,NA,"N",NA,"N",NA,"ARFR4-SOS-UT080-109-UINTAH-12","#aabe7f",-109.1426444,39.70802222,"10 - 15 Deg. F. / 3 - 6","","10 - 15 Deg. F.","6-Mar","10 - 15 Deg. F. / 3 - 6","10 - 15 / semi-humid","UT.1","#66e566","semi-humid, cool","#aabe7f","G"
"ARFR-WY930-44-LASANIMAS-13","white",10,78,38,23,NA,2045,NA,4,1,NA,NA,9.6,1,NA,2,1,NA,2,1,NA,2,41.9,1,NA,2,1,NA,3,1,NA,3,1,3,1,NA,3,1,NA,NA,NA,NA,NA,NA,NA,NA,NA,"Y",NA,"N",NA,"ARFR4-SOS-WY930-44-LASANIMAS-13","#FDAE61",-104.6423889,37.16547222,"15 - 20 Deg. F. / 3 - 6","","15 - 20 Deg. F.","6-Mar","15 - 20 Deg. F. / 3 - 6","15 - 20 / semi-humid","CO.1","#698b69","semi-humid, warm","#FDAE61","D"
"ARFR-WY040-71-10","white",10,79,38,24,NA,2046,NA,4.4,1,NA,NA,7.8,1,NA,2,1,NA,2,1,NA,2,38,1,NA,3,1,NA,3,1,NA,3,1,3,1,NA,3,1,NA,NA,NA,NA,NA,NA,NA,NA,NA,"Y",NA,"N",NA,"ARFR4-SOS-WY040-71-10","#66C2A5",-109.2433156,41.13271889,"5 - 10 Deg. F. / 3 - 6","","5 - 10 Deg. F.","6-Mar","5 - 10 Deg. F. / 3 - 6","5 - 10 / semi-humid","WY.1","#a5c2f1","semi-humid, cold","#66C2A5","I"
"ARFR-CO932-316-JEFFERSON-12","white",10,80,38,25,362,2047,NA,3.8,1,NA,NA,7.2,1,NA,2,1,NA,2,1,NA,2,26.5,1,NA,2,1,NA,3,1,NA,3,1,3,1,NA,3,1,NA,NA,NA,NA,NA,NA,NA,NA,NA,"Y",NA,"N",NA,"ARFR4-SOS-CO932-316-JEFFERSON-12","#FFFF85",-105.358,39.66325,"15 - 20 Deg. F. / 3 - 6","","15 - 20 Deg. F.","6-Mar","15 - 20 Deg. F. / 3 - 6","15 - 20 / semi-humid","CO.3","#698b69","semi-humid, warm","#FFFF85","F"
"ARFR-WY050-49-FREMONT-12","white",10,81,38,26,NA,2048,NA,4.1,1,NA,NA,6.7,1,NA,2,1,NA,2,1,NA,2,18.7,1,NA,2,1,NA,2,1,NA,2,1,2,1,NA,2,1,NA,NA,NA,NA,NA,NA,NA,NA,NA,"Y",NA,"Y",NA,"ARFR4-SOS-WY050-49-FREMONT-12","#5E4FA2",-109.34775,43.42663611,"5 - 10 Deg. F. / 6 - 12","","5 - 10 Deg. F.","12-Jun","5 - 10 Deg. F. / 6 - 12","5 - 10 / semi-arid","WY.3","#ffb90f","semi-arid, cold","#5E4FA2","K"
"ARFR-UT080-109-UINTAH-12","white",10,82,38,27,NA,2049,NA,6.1,1,NA,NA,12.5,1,NA,2,1,NA,2,1,NA,2,49.4,1,NA,2,1,NA,3,1,NA,3,1,3,1,NA,3,1,NA,NA,NA,NA,NA,NA,NA,NA,NA,"Y",NA,"N",NA,"ARFR4-SOS-UT080-109-UINTAH-12","#aabe7f",-109.1426444,39.70802222,"10 - 15 Deg. F. / 3 - 6","","10 - 15 Deg. F.","6-Mar","10 - 15 Deg. F. / 3 - 6","10 - 15 / semi-humid","UT.1","#66e566","semi-humid, cool","#aabe7f","G"
"ARFR-WY050-151-FREMONT-16","white",10,83,38,28,NA,2050,NA,4.5,1,NA,NA,4,1,NA,2,1,NA,2,1,NA,2,9,1,NA,2,1,NA,2,1,NA,2,1,2,1,NA,2,1,NA,NA,NA,NA,NA,NA,NA,NA,NA,"Y",NA,"N",NA,"ARFR4-SOS-WY050-151-FREMONT-16","#3288BD",-108.1704472,42.47886111,"10 - 15 Deg. F. / 6 - 12","","10 - 15 Deg. F.","12-Jun","10 - 15 Deg. F. / 6 - 12","10 - 15 / semi-arid","WY.2","#cd8500","semi-arid, cool","#3288BD","J"
"ARFR-AZ930-423-NAVAJO-18","white",10,84,38,29,NA,2051,NA,5.1,1,NA,NA,9.7,1,NA,2,1,NA,2,1,NA,2,44.6,1,NA,2,1,NA,3,1,NA,3,1,3,1,NA,3,1,NA,NA,NA,NA,NA,NA,NA,NA,NA,"Y",NA,"N",NA,"ARFR4-SOS-AZ930-423-NAVAJO-18","#9E0142",-110.431,36.45877,"15 - 20 Deg. F. / 6 - 12","SdZones downloaded 20230823","15 - 20 Deg. F.","12-Jun","15 - 20 Deg. F. / 6 - 12","15 - 20 / semi-arid","AZ.1","#ee5c42","semi-arid, warm","#9E0142","A"
"ARFR-WY040-71-10","white",10,85,38,30,363,2052,NA,3,1,NA,NA,3.5,1,NA,2,1,NA,2,1,NA,2,13.2,1,NA,2,1,NA,2,1,NA,2,1,2,1,NA,2,1,NA,NA,NA,NA,NA,NA,NA,NA,NA,"Y",NA,"N",NA,"ARFR4-SOS-WY040-71-10","#66C2A5",-109.2433156,41.13271889,"5 - 10 Deg. F. / 3 - 6","","5 - 10 Deg. F.","6-Mar","5 - 10 Deg. F. / 3 - 6","5 - 10 / semi-humid","WY.1","#a5c2f1","semi-humid, cold","#66C2A5","I"
"ARFR-WY040-71-10","white",10,86,38,31,NA,2053,NA,5,1,NA,NA,8.3,1,NA,2,1,NA,2,1,NA,2,20.8,1,NA,2,1,NA,3,1,NA,3,1,3,1,NA,3,1,NA,NA,NA,NA,NA,NA,NA,NA,NA,"Y",NA,"N",NA,"ARFR4-SOS-WY040-71-10","#66C2A5",-109.2433156,41.13271889,"5 - 10 Deg. F. / 3 - 6","","5 - 10 Deg. F.","6-Mar","5 - 10 Deg. F. / 3 - 6","5 - 10 / semi-humid","WY.1","#a5c2f1","semi-humid, cold","#66C2A5","I"
"ARFR-WY050-151-FREMONT-16","white",10,87,38,32,NA,2054,NA,3.7,1,NA,NA,5.4,1,NA,2,1,NA,2,1,NA,2,19.4,1,NA,2,1,NA,3,1,NA,3,1,3,1,NA,3,1,NA,NA,NA,NA,NA,NA,NA,NA,NA,"Y",NA,"N",NA,"ARFR4-SOS-WY050-151-FREMONT-16","#3288BD",-108.1704472,42.47886111,"10 - 15 Deg. F. / 6 - 12","","10 - 15 Deg. F.","12-Jun","10 - 15 Deg. F. / 6 - 12","10 - 15 / semi-arid","WY.2","#cd8500","semi-arid, cool","#3288BD","J"
"ARFR-AZ930-423-NAVAJO-18","white",10,88,38,33,NA,2055,NA,NA,0,"N",NA,NA,0,"not replaced since no more of pop",NA,0,NA,NA,0,NA,NA,NA,0,NA,NA,0,NA,NA,0,NA,NA,0,NA,0,NA,NA,0,NA,NA,NA,NA,NA,NA,NA,NA,NA,"N",NA,"N","Y","ARFR4-SOS-AZ930-423-NAVAJO-18","#9E0142",-110.431,36.45877,"15 - 20 Deg. F. / 6 - 12","SdZones downloaded 20230823","15 - 20 Deg. F.","12-Jun","15 - 20 Deg. F. / 6 - 12","15 - 20 / semi-arid","AZ.1","#ee5c42","semi-arid, warm","#9E0142","A"
"ARFR-WY040-71-10","white",10,89,38,34,NA,2056,NA,4.1,1,NA,NA,5,1,NA,2,1,NA,2,1,NA,2,16.8,1,NA,2,1,NA,2,1,NA,3,1,3,1,NA,3,1,NA,NA,NA,NA,NA,NA,NA,NA,NA,"Y",NA,"N",NA,"ARFR4-SOS-WY040-71-10","#66C2A5",-109.2433156,41.13271889,"5 - 10 Deg. F. / 3 - 6","","5 - 10 Deg. F.","6-Mar","5 - 10 Deg. F. / 3 - 6","5 - 10 / semi-humid","WY.1","#a5c2f1","semi-humid, cold","#66C2A5","I"
"ARFR-CO932-316-JEFFERSON-12","white",10,90,38,35,364,2057,NA,4.5,1,NA,NA,8.9,1,NA,2,1,NA,2,1,NA,2,42.1,1,NA,2,1,NA,3,1,NA,3,1,3,1,NA,3,1,NA,NA,NA,NA,NA,NA,NA,NA,NA,"Y",NA,"N",NA,"ARFR4-SOS-CO932-316-JEFFERSON-12","#FFFF85",-105.358,39.66325,"15 - 20 Deg. F. / 3 - 6","","15 - 20 Deg. F.","6-Mar","15 - 20 Deg. F. / 3 - 6","15 - 20 / semi-humid","CO.3","#698b69","semi-humid, warm","#FFFF85","F"
"ARFR-WY040-71-10","white",10,91,38,36,NA,2058,NA,5.3,1,NA,NA,11.2,1,NA,2,1,NA,2,1,NA,2,37,1,NA,2,1,NA,3,1,NA,3,1,3,1,NA,3,1,NA,NA,NA,NA,NA,NA,NA,NA,NA,"Y",NA,"Y",NA,"ARFR4-SOS-WY040-71-10","#66C2A5",-109.2433156,41.13271889,"5 - 10 Deg. F. / 3 - 6","","5 - 10 Deg. F.","6-Mar","5 - 10 Deg. F. / 3 - 6","5 - 10 / semi-humid","WY.1","#a5c2f1","semi-humid, cold","#66C2A5","I"
"ARFR-WY050-151-FREMONT-16","white",10,92,38,37,NA,2059,NA,1.5,1,NA,NA,4.6,1,NA,2,1,NA,2,1,NA,2,8.6,1,NA,2,1,NA,2,1,NA,2,1,2,1,NA,2,1,NA,NA,NA,NA,NA,NA,NA,NA,NA,"Y",NA,"N",NA,"ARFR4-SOS-WY050-151-FREMONT-16","#3288BD",-108.1704472,42.47886111,"10 - 15 Deg. F. / 6 - 12","","10 - 15 Deg. F.","12-Jun","10 - 15 Deg. F. / 6 - 12","10 - 15 / semi-arid","WY.2","#cd8500","semi-arid, cool","#3288BD","J"
"ARFR-UT080-109-UINTAH-12","white",10,93,38,38,NA,2060,NA,1.3,1,NA,NA,7.5,1,NA,2,1,NA,2,1,NA,2,47.4,1,NA,2,1,NA,3,1,NA,3,1,3,1,NA,3,1,NA,NA,NA,NA,NA,NA,NA,NA,NA,"Y",NA,"N",NA,"ARFR4-SOS-UT080-109-UINTAH-12","#aabe7f",-109.1426444,39.70802222,"10 - 15 Deg. F. / 3 - 6","","10 - 15 Deg. F.","6-Mar","10 - 15 Deg. F. / 3 - 6","10 - 15 / semi-humid","UT.1","#66e566","semi-humid, cool","#aabe7f","G"
"ARFR-NM930N-66-11","white",10,94,38,39,NA,2061,NA,10.2,1,NA,NA,20.2,1,NA,2,1,NA,2,1,NA,2,66.1,1,NA,2,1,NA,3,1,NA,3,1,3,1,NA,3,1,NA,NA,NA,NA,NA,NA,NA,NA,NA,"Y",NA,"N",NA,"ARFR4-SOS-NM930N-66-11","#F46D43",-107.2045028,36.76818611,"10 - 15 Deg. F. / 3 - 6","","10 - 15 Deg. F.","6-Mar","10 - 15 Deg. F. / 3 - 6","10 - 15 / semi-humid","NM.1","#66e566","semi-humid, cool","#F46D43","C"
"ARFR-WY040-71-10","white",10,95,38,40,365,2062,NA,3.4,1,NA,NA,4.9,1,NA,2,1,NA,2,1,NA,2,15.7,1,NA,2,1,NA,3,1,NA,3,1,3,1,NA,3,1,NA,NA,NA,NA,NA,NA,NA,NA,NA,"Y",NA,"N",NA,"ARFR4-SOS-WY040-71-10","#66C2A5",-109.2433156,41.13271889,"5 - 10 Deg. F. / 3 - 6","","5 - 10 Deg. F.","6-Mar","5 - 10 Deg. F. / 3 - 6","5 - 10 / semi-humid","WY.1","#a5c2f1","semi-humid, cold","#66C2A5","I"
"ARFR-CO932-316-JEFFERSON-12","white",10,96,38,41,NA,2063,NA,4.5,1,NA,NA,9.1,1,NA,2,1,NA,2,1,NA,2,41.7,1,NA,2,1,NA,3,1,NA,3,1,3,1,NA,3,1,NA,NA,NA,NA,NA,NA,NA,NA,NA,"Y",NA,"N",NA,"ARFR4-SOS-CO932-316-JEFFERSON-12","#FFFF85",-105.358,39.66325,"15 - 20 Deg. F. / 3 - 6","","15 - 20 Deg. F.","6-Mar","15 - 20 Deg. F. / 3 - 6","15 - 20 / semi-humid","CO.3","#698b69","semi-humid, warm","#FFFF85","F"
"ARFR-WY050-49-FREMONT-12","white",10,97,38,42,NA,2064,NA,4.5,1,NA,NA,6.9,1,NA,2,1,NA,2,1,NA,2,26.2,1,NA,2,1,NA,3,1,NA,3,1,3,1,NA,3,1,NA,NA,NA,NA,NA,NA,NA,NA,NA,"Y",NA,"N",NA,"ARFR4-SOS-WY050-49-FREMONT-12","#5E4FA2",-109.34775,43.42663611,"5 - 10 Deg. F. / 6 - 12","","5 - 10 Deg. F.","12-Jun","5 - 10 Deg. F. / 6 - 12","5 - 10 / semi-arid","WY.3","#ffb90f","semi-arid, cold","#5E4FA2","K"
"ARFR-CO932-294-11","white",10,98,38,43,NA,2065,NA,3.9,1,NA,NA,6.9,1,NA,2,1,NA,2,1,NA,2,23.9,1,NA,2,1,NA,3,1,NA,3,1,3,1,NA,3,1,NA,NA,NA,NA,NA,NA,NA,NA,NA,"Y",NA,"N",NA,"ARFR4-SOS-CO932-294-11","#ABDDA4",-105.2030833,39.78458333,"15 - 20 Deg. F. / 3 - 6","","15 - 20 Deg. F.","6-Mar","15 - 20 Deg. F. / 3 - 6","15 - 20 / semi-humid","CO.4","#698b69","semi-humid, warm","#ABDDA4","H"
"ARFR-WY050-49-FREMONT-12","white",10,99,38,44,NA,2066,NA,4,1,NA,NA,4.8,1,NA,2,1,NA,2,1,NA,2,7.6,1,NA,2,1,NA,2,1,NA,2,1,2,1,NA,2,1,NA,NA,NA,NA,NA,NA,NA,NA,NA,"Y",NA,"N",NA,"ARFR4-SOS-WY050-49-FREMONT-12","#5E4FA2",-109.34775,43.42663611,"5 - 10 Deg. F. / 6 - 12","","5 - 10 Deg. F.","12-Jun","5 - 10 Deg. F. / 6 - 12","5 - 10 / semi-arid","WY.3","#ffb90f","semi-arid, cold","#5E4FA2","K"
"ARFR-WY050-151-FREMONT-16","white",10,100,38,45,366,2067,NA,5.1,1,NA,NA,5,1,NA,2,1,NA,2,1,NA,2,10.8,1,NA,2,1,NA,2,1,NA,2,1,2,1,NA,2,1,NA,NA,NA,NA,NA,NA,NA,NA,NA,"Y",NA,"N",NA,"ARFR4-SOS-WY050-151-FREMONT-16","#3288BD",-108.1704472,42.47886111,"10 - 15 Deg. F. / 6 - 12","","10 - 15 Deg. F.","12-Jun","10 - 15 Deg. F. / 6 - 12","10 - 15 / semi-arid","WY.2","#cd8500","semi-arid, cool","#3288BD","J"
"ARFR-AZ930-423-NAVAJO-18","white",10,101,38,46,NA,2068,NA,5.4,1,NA,NA,8.4,1,NA,2,1,NA,2,1,NA,2,30,1,NA,2,1,NA,3,1,NA,3,1,3,1,NA,3,1,NA,NA,NA,NA,NA,NA,NA,NA,NA,"Y",NA,"N",NA,"ARFR4-SOS-AZ930-423-NAVAJO-18","#9E0142",-110.431,36.45877,"15 - 20 Deg. F. / 6 - 12","SdZones downloaded 20230823","15 - 20 Deg. F.","12-Jun","15 - 20 Deg. F. / 6 - 12","15 - 20 / semi-arid","AZ.1","#ee5c42","semi-arid, warm","#9E0142","A"
"ARFR-WY930-44-LASANIMAS-13","white",10,102,38,47,NA,2069,NA,1.5,1,NA,NA,7.2,1,NA,2,1,NA,2,1,NA,2,32.7,1,NA,2,1,NA,3,1,NA,3,1,3,1,NA,3,1,NA,NA,NA,NA,NA,NA,NA,NA,NA,"Y",NA,"N",NA,"ARFR4-SOS-WY930-44-LASANIMAS-13","#FDAE61",-104.6423889,37.16547222,"15 - 20 Deg. F. / 3 - 6","","15 - 20 Deg. F.","6-Mar","15 - 20 Deg. F. / 3 - 6","15 - 20 / semi-humid","CO.1","#698b69","semi-humid, warm","#FDAE61","D"
"ARFR-WY040-71-10","white",10,103,38,48,NA,2070,NA,4,1,NA,NA,5.2,1,NA,2,1,NA,2,1,NA,2,10.5,1,NA,2,1,NA,2,1,NA,2,1,2,1,NA,2,1,NA,NA,NA,NA,NA,NA,NA,NA,NA,"Y",NA,"Y",NA,"ARFR4-SOS-WY040-71-10","#66C2A5",-109.2433156,41.13271889,"5 - 10 Deg. F. / 3 - 6","","5 - 10 Deg. F.","6-Mar","5 - 10 Deg. F. / 3 - 6","5 - 10 / semi-humid","WY.1","#a5c2f1","semi-humid, cold","#66C2A5","I"
"ARFR-AZ930-422-NAVAJO-18","white",10,104,38,49,NA,2071,NA,NA,0,"Y","422 Navajo",10.2,1,NA,2,1,NA,2,1,NA,2,46,1,NA,2,1,NA,3,1,NA,3,1,3,1,NA,3,1,NA,NA,NA,NA,NA,NA,NA,NA,NA,"Y",NA,"N",NA,"ARFR4-SOS-AZ930-422-NAVAJO-18","#D53E4F",-110.431,36.56805,"15 - 20 Deg. F. / 6 - 12","Lats corrected 20230127","15 - 20 Deg. F.","12-Jun","15 - 20 Deg. F. / 6 - 12","15 - 20 / semi-arid","AZ.2","#ee5c42","semi-arid, warm","#D53E4F","B"
"ARFR-WY050-151-FREMONT-16","white",10,105,38,50,367,2072,NA,5.4,1,NA,NA,4.6,1,NA,2,1,NA,2,1,NA,2,5.1,1,NA,2,1,NA,2,1,NA,2,1,2,1,NA,2,1,NA,NA,NA,NA,NA,NA,NA,NA,NA,"Y",NA,"N",NA,"ARFR4-SOS-WY050-151-FREMONT-16","#3288BD",-108.1704472,42.47886111,"10 - 15 Deg. F. / 6 - 12","","10 - 15 Deg. F.","12-Jun","10 - 15 Deg. F. / 6 - 12","10 - 15 / semi-arid","WY.2","#cd8500","semi-arid, cool","#3288BD","J"
"ARFR-WY050-151-FREMONT-16","white",10,106,38,51,NA,2073,NA,5.5,1,NA,NA,6.6,1,NA,2,1,NA,2,1,NA,2,11,1,NA,2,1,NA,2,1,NA,2,1,2,1,NA,2,1,NA,NA,NA,NA,NA,NA,NA,NA,NA,"Y",NA,"N",NA,"ARFR4-SOS-WY050-151-FREMONT-16","#3288BD",-108.1704472,42.47886111,"10 - 15 Deg. F. / 6 - 12","","10 - 15 Deg. F.","12-Jun","10 - 15 Deg. F. / 6 - 12","10 - 15 / semi-arid","WY.2","#cd8500","semi-arid, cool","#3288BD","J"
"ARFR-WY050-151-FREMONT-16","white",10,107,38,52,NA,2074,NA,2.8,1,NA,NA,3.8,1,NA,2,1,NA,2,1,NA,2,23.3,1,NA,2,1,NA,3,1,NA,3,1,3,1,NA,3,1,NA,NA,NA,NA,NA,NA,NA,NA,NA,"Y",NA,"N",NA,"ARFR4-SOS-WY050-151-FREMONT-16","#3288BD",-108.1704472,42.47886111,"10 - 15 Deg. F. / 6 - 12","","10 - 15 Deg. F.","12-Jun","10 - 15 Deg. F. / 6 - 12","10 - 15 / semi-arid","WY.2","#cd8500","semi-arid, cool","#3288BD","J"
"ARFR-AZ930-423-NAVAJO-18","white",10,108,38,53,NA,2075,NA,3.4,1,NA,NA,10,1,NA,2,1,NA,2,1,NA,2,35.5,1,NA,2,1,NA,3,1,NA,3,1,3,1,NA,3,1,NA,NA,NA,NA,NA,NA,NA,NA,NA,"Y",NA,"N",NA,"ARFR4-SOS-AZ930-423-NAVAJO-18","#9E0142",-110.431,36.45877,"15 - 20 Deg. F. / 6 - 12","SdZones downloaded 20230823","15 - 20 Deg. F.","12-Jun","15 - 20 Deg. F. / 6 - 12","15 - 20 / semi-arid","AZ.1","#ee5c42","semi-arid, warm","#9E0142","A"
"ARFR-NM930N-66-11","white",10,109,38,54,NA,2076,NA,7,1,NA,NA,NA,0,NA,NA,0,NA,NA,0,NA,NA,NA,0,NA,NA,0,NA,NA,0,NA,NA,0,NA,0,NA,NA,0,NA,NA,NA,NA,NA,NA,NA,NA,NA,"N",NA,"N",NA,"ARFR4-SOS-NM930N-66-11","#F46D43",-107.2045028,36.76818611,"10 - 15 Deg. F. / 3 - 6","","10 - 15 Deg. F.","6-Mar","10 - 15 Deg. F. / 3 - 6","10 - 15 / semi-humid","NM.1","#66e566","semi-humid, cool","#F46D43","C"
"ARFR-CO932-314-JEFFERSON-12","white",10,110,38,55,368,2077,NA,2.5,1,NA,NA,7.5,1,NA,2,1,NA,2,1,NA,2,40.9,1,NA,2,1,NA,3,1,NA,3,1,3,1,NA,3,1,NA,NA,NA,NA,NA,NA,NA,NA,NA,"Y",NA,"N",NA,"ARFR4-SOS-CO932-314-JEFFERSON-12","#FEE08B",-105.3553333,39.40902778,"10 - 15 Deg. F. / 3 - 6","","10 - 15 Deg. F.","6-Mar","10 - 15 Deg. F. / 3 - 6","10 - 15 / semi-humid","CO.2","#66e566","semi-humid, cool","#FEE08B","E"
"ARFR-NM930N-66-11","white",10,111,39,1,369,2078,NA,8.6,1,NA,NA,12.4,1,NA,2,1,NA,2,1,NA,2,19.9,1,NA,2,1,NA,2,1,NA,2,1,2,1,NA,2,1,NA,NA,NA,NA,NA,NA,NA,NA,NA,"Y",NA,"N",NA,"ARFR4-SOS-NM930N-66-11","#F46D43",-107.2045028,36.76818611,"10 - 15 Deg. F. / 3 - 6","","10 - 15 Deg. F.","6-Mar","10 - 15 Deg. F. / 3 - 6","10 - 15 / semi-humid","NM.1","#66e566","semi-humid, cool","#F46D43","C"
"ARFR-AZ930-423-NAVAJO-18","white",10,112,39,2,NA,2079,NA,4.6,1,NA,NA,8.6,1,NA,2,1,NA,2,1,NA,2,15.9,1,NA,2,1,NA,3,1,NA,3,1,3,1,NA,3,1,NA,NA,NA,NA,NA,NA,NA,NA,NA,"Y",NA,"N",NA,"ARFR4-SOS-AZ930-423-NAVAJO-18","#9E0142",-110.431,36.45877,"15 - 20 Deg. F. / 6 - 12","SdZones downloaded 20230823","15 - 20 Deg. F.","12-Jun","15 - 20 Deg. F. / 6 - 12","15 - 20 / semi-arid","AZ.1","#ee5c42","semi-arid, warm","#9E0142","A"
"ARFR-WY930-44-LASANIMAS-13","white",10,113,39,3,NA,2080,NA,4.4,1,NA,NA,5.9,1,NA,2,1,NA,2,1,NA,2,14.5,1,NA,2,1,NA,2,1,NA,2,1,2,1,NA,2,1,NA,NA,NA,NA,NA,NA,NA,NA,NA,"Y",NA,"N",NA,"ARFR4-SOS-WY930-44-LASANIMAS-13","#FDAE61",-104.6423889,37.16547222,"15 - 20 Deg. F. / 3 - 6","","15 - 20 Deg. F.","6-Mar","15 - 20 Deg. F. / 3 - 6","15 - 20 / semi-humid","CO.1","#698b69","semi-humid, warm","#FDAE61","D"
"ARFR-CO932-314-JEFFERSON-12","white",10,114,39,4,NA,2081,NA,3.2,1,NA,NA,6.3,1,NA,2,1,NA,2,1,NA,2,16.4,1,NA,2,1,NA,3,1,NA,3,1,3,1,NA,3,1,NA,NA,NA,NA,NA,NA,NA,NA,NA,"Y",NA,"N",NA,"ARFR4-SOS-CO932-314-JEFFERSON-12","#FEE08B",-105.3553333,39.40902778,"10 - 15 Deg. F. / 3 - 6","","10 - 15 Deg. F.","6-Mar","10 - 15 Deg. F. / 3 - 6","10 - 15 / semi-humid","CO.2","#66e566","semi-humid, cool","#FEE08B","E"
"ARFR-AZ930-422-NAVAJO-18","white",10,115,39,5,370,2082,NA,3.6,1,NA,NA,11.9,1,NA,2,1,NA,2,1,NA,2,51.2,1,NA,2,1,NA,3,1,NA,3,1,3,1,NA,3,1,NA,NA,NA,NA,NA,NA,NA,NA,NA,"Y",NA,"N",NA,"ARFR4-SOS-AZ930-422-NAVAJO-18","#D53E4F",-110.431,36.56805,"15 - 20 Deg. F. / 6 - 12","Lats corrected 20230127","15 - 20 Deg. F.","12-Jun","15 - 20 Deg. F. / 6 - 12","15 - 20 / semi-arid","AZ.2","#ee5c42","semi-arid, warm","#D53E4F","B"
"ARFR-CO932-314-JEFFERSON-12","white",10,116,39,6,NA,2083,NA,5.6,1,NA,NA,7.9,1,NA,2,1,NA,2,1,NA,2,32.9,1,NA,2,1,NA,3,1,NA,3,1,3,1,NA,3,1,NA,NA,NA,NA,NA,NA,NA,NA,NA,"Y",NA,"N",NA,"ARFR4-SOS-CO932-314-JEFFERSON-12","#FEE08B",-105.3553333,39.40902778,"10 - 15 Deg. F. / 3 - 6","","10 - 15 Deg. F.","6-Mar","10 - 15 Deg. F. / 3 - 6","10 - 15 / semi-humid","CO.2","#66e566","semi-humid, cool","#FEE08B","E"
"ARFR-CO932-314-JEFFERSON-12","white",10,117,39,7,NA,2084,NA,5.4,1,NA,NA,12.4,1,NA,2,1,NA,2,1,NA,2,50,1,NA,3,1,NA,3,1,NA,3,1,3,1,NA,3,1,NA,NA,NA,NA,NA,NA,NA,NA,NA,"Y",NA,"N",NA,"ARFR4-SOS-CO932-314-JEFFERSON-12","#FEE08B",-105.3553333,39.40902778,"10 - 15 Deg. F. / 3 - 6","","10 - 15 Deg. F.","6-Mar","10 - 15 Deg. F. / 3 - 6","10 - 15 / semi-humid","CO.2","#66e566","semi-humid, cool","#FEE08B","E"
"ARFR-WY930-44-LASANIMAS-13","white",10,118,39,8,NA,2085,NA,5.8,1,NA,NA,9.1,1,NA,2,1,NA,2,1,NA,2,31.2,1,NA,2,1,NA,3,1,NA,3,1,3,1,NA,3,1,NA,NA,"Yes",NA,132.32,"L",100.342,41.72,34.76,"Y",NA,"N",NA,"ARFR4-SOS-WY930-44-LASANIMAS-13","#FDAE61",-104.6423889,37.16547222,"15 - 20 Deg. F. / 3 - 6","","15 - 20 Deg. F.","6-Mar","15 - 20 Deg. F. / 3 - 6","15 - 20 / semi-humid","CO.1","#698b69","semi-humid, warm","#FDAE61","D"
"ARFR-WY050-151-FREMONT-16","white",10,119,39,9,NA,2086,NA,3.9,1,NA,NA,5.1,1,NA,2,1,NA,2,1,NA,2,10.3,1,NA,2,1,NA,2,1,NA,2,1,2,1,NA,2,1,NA,NA,NA,NA,NA,NA,NA,NA,NA,"Y",NA,"N",NA,"ARFR4-SOS-WY050-151-FREMONT-16","#3288BD",-108.1704472,42.47886111,"10 - 15 Deg. F. / 6 - 12","","10 - 15 Deg. F.","12-Jun","10 - 15 Deg. F. / 6 - 12","10 - 15 / semi-arid","WY.2","#cd8500","semi-arid, cool","#3288BD","J"
"ARFR-CO932-294-11","white",10,120,39,10,371,2087,NA,5.9,1,NA,NA,7,1,NA,2,1,NA,2,1,NA,2,26,1,NA,2,1,NA,3,1,NA,3,1,3,1,NA,3,1,NA,NA,NA,NA,NA,NA,NA,NA,NA,"Y",NA,"N",NA,"ARFR4-SOS-CO932-294-11","#ABDDA4",-105.2030833,39.78458333,"15 - 20 Deg. F. / 3 - 6","","15 - 20 Deg. F.","6-Mar","15 - 20 Deg. F. / 3 - 6","15 - 20 / semi-humid","CO.4","#698b69","semi-humid, warm","#ABDDA4","H"
"ARFR-NM930N-66-11","white",10,121,39,11,NA,2088,NA,6.2,1,NA,NA,11.3,1,NA,2,1,NA,2,1,NA,2,49.1,1,NA,2,1,NA,3,1,NA,3,1,3,1,NA,3,1,NA,NA,NA,NA,NA,NA,NA,NA,NA,"Y",NA,"N",NA,"ARFR4-SOS-NM930N-66-11","#F46D43",-107.2045028,36.76818611,"10 - 15 Deg. F. / 3 - 6","","10 - 15 Deg. F.","6-Mar","10 - 15 Deg. F. / 3 - 6","10 - 15 / semi-humid","NM.1","#66e566","semi-humid, cool","#F46D43","C"
"ARFR-UT080-109-UINTAH-12","white",10,122,39,12,NA,2089,NA,7.6,1,NA,NA,12.4,1,NA,2,1,NA,2,1,NA,2,57.6,1,NA,2,1,NA,3,1,NA,3,1,3,1,NA,3,1,NA,NA,NA,NA,NA,NA,NA,NA,NA,"Y",NA,"N",NA,"ARFR4-SOS-UT080-109-UINTAH-12","#aabe7f",-109.1426444,39.70802222,"10 - 15 Deg. F. / 3 - 6","","10 - 15 Deg. F.","6-Mar","10 - 15 Deg. F. / 3 - 6","10 - 15 / semi-humid","UT.1","#66e566","semi-humid, cool","#aabe7f","G"
"ARFR-AZ930-422-NAVAJO-18","white",10,123,39,13,NA,2090,NA,4.5,1,NA,NA,3.7,1,"dying? 5/27",2,1,"dying",2,1,NA,2,2.9,1,NA,2,1,NA,2,1,NA,NA,0,NA,0,NA,NA,0,NA,NA,NA,NA,NA,NA,NA,NA,NA,"N",NA,"N",NA,"ARFR4-SOS-AZ930-422-NAVAJO-18","#D53E4F",-110.431,36.56805,"15 - 20 Deg. F. / 6 - 12","Lats corrected 20230127","15 - 20 Deg. F.","12-Jun","15 - 20 Deg. F. / 6 - 12","15 - 20 / semi-arid","AZ.2","#ee5c42","semi-arid, warm","#D53E4F","B"
"ARFR-AZ930-422-NAVAJO-18","white",10,124,39,14,NA,2091,NA,6,1,NA,NA,10.7,1,NA,2,1,NA,2,1,NA,2,53.1,1,NA,2,1,NA,3,1,NA,3,1,3,1,NA,3,1,NA,NA,NA,NA,NA,NA,NA,NA,NA,"Y",NA,"N",NA,"ARFR4-SOS-AZ930-422-NAVAJO-18","#D53E4F",-110.431,36.56805,"15 - 20 Deg. F. / 6 - 12","Lats corrected 20230127","15 - 20 Deg. F.","12-Jun","15 - 20 Deg. F. / 6 - 12","15 - 20 / semi-arid","AZ.2","#ee5c42","semi-arid, warm","#D53E4F","B"
"ARFR-WY050-49-FREMONT-12","white",10,125,39,15,372,2092,NA,5.6,1,NA,NA,6,1,NA,2,1,NA,2,1,NA,2,27.3,1,NA,2,1,NA,3,1,NA,3,1,3,1,NA,3,1,NA,NA,NA,NA,NA,NA,NA,NA,NA,"Y",NA,"N",NA,"ARFR4-SOS-WY050-49-FREMONT-12","#5E4FA2",-109.34775,43.42663611,"5 - 10 Deg. F. / 6 - 12","","5 - 10 Deg. F.","12-Jun","5 - 10 Deg. F. / 6 - 12","5 - 10 / semi-arid","WY.3","#ffb90f","semi-arid, cold","#5E4FA2","K"
"ARFR-AZ930-422-NAVAJO-18","white",10,126,39,16,NA,2093,NA,4.4,1,NA,NA,10,1,NA,2,1,NA,2,1,NA,2,51,1,NA,2,1,NA,3,1,NA,3,1,3,1,NA,3,1,NA,NA,NA,NA,NA,NA,NA,NA,NA,"Y",NA,"N",NA,"ARFR4-SOS-AZ930-422-NAVAJO-18","#D53E4F",-110.431,36.56805,"15 - 20 Deg. F. / 6 - 12","Lats corrected 20230127","15 - 20 Deg. F.","12-Jun","15 - 20 Deg. F. / 6 - 12","15 - 20 / semi-arid","AZ.2","#ee5c42","semi-arid, warm","#D53E4F","B"
"ARFR-WY050-151-FREMONT-16","white",10,127,39,17,NA,2094,NA,4.5,1,NA,NA,4.4,1,NA,2,1,NA,2,1,NA,2,10.4,1,NA,2,1,NA,2,1,NA,2,1,2,1,NA,2,1,NA,NA,NA,NA,NA,NA,NA,NA,NA,"Y",NA,"N",NA,"ARFR4-SOS-WY050-151-FREMONT-16","#3288BD",-108.1704472,42.47886111,"10 - 15 Deg. F. / 6 - 12","","10 - 15 Deg. F.","12-Jun","10 - 15 Deg. F. / 6 - 12","10 - 15 / semi-arid","WY.2","#cd8500","semi-arid, cool","#3288BD","J"
"ARFR-WY050-49-FREMONT-12","white",10,128,39,18,NA,2095,NA,3.5,1,NA,NA,4.3,1,NA,2,1,NA,2,1,NA,2,12.8,1,NA,2,1,NA,2,1,NA,2,1,2,1,NA,2,1,NA,NA,NA,NA,NA,NA,NA,NA,NA,"Y",NA,"N",NA,"ARFR4-SOS-WY050-49-FREMONT-12","#5E4FA2",-109.34775,43.42663611,"5 - 10 Deg. F. / 6 - 12","","5 - 10 Deg. F.","12-Jun","5 - 10 Deg. F. / 6 - 12","5 - 10 / semi-arid","WY.3","#ffb90f","semi-arid, cold","#5E4FA2","K"
"ARFR-AZ930-423-NAVAJO-18","white",10,129,39,19,NA,2096,NA,3.4,1,NA,NA,7.6,1,NA,2,1,NA,2,1,NA,2,41.1,1,NA,2,1,NA,3,1,NA,3,1,3,1,NA,3,1,NA,NA,NA,NA,NA,NA,NA,NA,NA,"Y",NA,"N",NA,"ARFR4-SOS-AZ930-423-NAVAJO-18","#9E0142",-110.431,36.45877,"15 - 20 Deg. F. / 6 - 12","SdZones downloaded 20230823","15 - 20 Deg. F.","12-Jun","15 - 20 Deg. F. / 6 - 12","15 - 20 / semi-arid","AZ.1","#ee5c42","semi-arid, warm","#9E0142","A"
"ARFR-CO932-294-11","white",10,130,39,20,373,2097,NA,4.6,1,NA,NA,7.8,1,NA,2,1,NA,2,1,NA,2,34.3,1,NA,2,1,NA,3,1,NA,3,1,3,1,NA,3,1,NA,NA,NA,NA,NA,NA,NA,NA,NA,"Y",NA,"N",NA,"ARFR4-SOS-CO932-294-11","#ABDDA4",-105.2030833,39.78458333,"15 - 20 Deg. F. / 3 - 6","","15 - 20 Deg. F.","6-Mar","15 - 20 Deg. F. / 3 - 6","15 - 20 / semi-humid","CO.4","#698b69","semi-humid, warm","#ABDDA4","H"
"ARFR-WY050-49-FREMONT-12","white",10,131,39,21,NA,2098,NA,5.3,1,NA,NA,5.6,1,NA,2,1,NA,2,1,NA,2,26,1,NA,2,1,NA,3,1,NA,3,1,3,1,NA,3,1,NA,NA,NA,NA,NA,NA,NA,NA,NA,"Y",NA,"N",NA,"ARFR4-SOS-WY050-49-FREMONT-12","#5E4FA2",-109.34775,43.42663611,"5 - 10 Deg. F. / 6 - 12","","5 - 10 Deg. F.","12-Jun","5 - 10 Deg. F. / 6 - 12","5 - 10 / semi-arid","WY.3","#ffb90f","semi-arid, cold","#5E4FA2","K"
"ARFR-WY050-49-FREMONT-12","white",10,132,39,22,NA,2099,NA,4.9,1,NA,NA,6.9,1,NA,2,1,NA,2,1,NA,2,25.4,1,NA,2,1,NA,3,1,NA,3,1,3,1,NA,3,1,NA,NA,NA,NA,NA,NA,NA,NA,NA,"Y",NA,"N",NA,"ARFR4-SOS-WY050-49-FREMONT-12","#5E4FA2",-109.34775,43.42663611,"5 - 10 Deg. F. / 6 - 12","","5 - 10 Deg. F.","12-Jun","5 - 10 Deg. F. / 6 - 12","5 - 10 / semi-arid","WY.3","#ffb90f","semi-arid, cold","#5E4FA2","K"
"ARFR-NM930N-66-11","white",10,133,39,23,NA,2100,NA,7.6,1,NA,NA,13,1,NA,2,1,NA,2,1,NA,2,47.9,1,NA,2,1,NA,3,1,NA,3,1,3,1,NA,3,1,NA,NA,NA,NA,NA,NA,NA,NA,NA,"Y",NA,"N",NA,"ARFR4-SOS-NM930N-66-11","#F46D43",-107.2045028,36.76818611,"10 - 15 Deg. F. / 3 - 6","","10 - 15 Deg. F.","6-Mar","10 - 15 Deg. F. / 3 - 6","10 - 15 / semi-humid","NM.1","#66e566","semi-humid, cool","#F46D43","C"
"ARFR-CO932-294-11","white",10,134,39,24,NA,2101,NA,5,1,NA,NA,9.9,1,NA,2,1,NA,2,1,NA,2,40.5,1,NA,2,1,NA,3,1,NA,3,1,3,1,NA,3,1,NA,NA,"Yes",NA,90.19,"L",58.212,14.48,7.52,"Y",NA,"N",NA,"ARFR4-SOS-CO932-294-11","#ABDDA4",-105.2030833,39.78458333,"15 - 20 Deg. F. / 3 - 6","","15 - 20 Deg. F.","6-Mar","15 - 20 Deg. F. / 3 - 6","15 - 20 / semi-humid","CO.4","#698b69","semi-humid, warm","#ABDDA4","H"
"ARFR-WY050-49-FREMONT-12","white",10,135,39,25,374,2102,NA,5.6,1,NA,NA,6.3,1,NA,2,1,NA,2,1,NA,2,14.4,1,NA,2,1,NA,2,1,NA,2,1,2,1,NA,2,1,NA,NA,NA,NA,NA,NA,NA,NA,NA,"Y",NA,"N",NA,"ARFR4-SOS-WY050-49-FREMONT-12","#5E4FA2",-109.34775,43.42663611,"5 - 10 Deg. F. / 6 - 12","","5 - 10 Deg. F.","12-Jun","5 - 10 Deg. F. / 6 - 12","5 - 10 / semi-arid","WY.3","#ffb90f","semi-arid, cold","#5E4FA2","K"
"ARFR-AZ930-423-NAVAJO-18","white",10,136,39,26,NA,2103,NA,7.2,1,NA,NA,11.1,1,NA,2,1,NA,2,1,NA,2,49,1,NA,2,1,NA,3,1,NA,3,1,3,1,NA,3,1,NA,NA,NA,NA,NA,NA,NA,NA,NA,"Y",NA,"N",NA,"ARFR4-SOS-AZ930-423-NAVAJO-18","#9E0142",-110.431,36.45877,"15 - 20 Deg. F. / 6 - 12","SdZones downloaded 20230823","15 - 20 Deg. F.","12-Jun","15 - 20 Deg. F. / 6 - 12","15 - 20 / semi-arid","AZ.1","#ee5c42","semi-arid, warm","#9E0142","A"
"ARFR-NM930N-66-11","white",10,137,39,27,NA,2104,NA,7.6,1,NA,NA,11.2,1,NA,2,1,NA,2,1,NA,2,41.3,1,NA,2,1,NA,3,1,NA,3,1,3,1,NA,3,1,NA,NA,NA,NA,NA,NA,NA,NA,NA,"Y",NA,"N",NA,"ARFR4-SOS-NM930N-66-11","#F46D43",-107.2045028,36.76818611,"10 - 15 Deg. F. / 3 - 6","","10 - 15 Deg. F.","6-Mar","10 - 15 Deg. F. / 3 - 6","10 - 15 / semi-humid","NM.1","#66e566","semi-humid, cool","#F46D43","C"
"ARFR-CO932-314-JEFFERSON-12","white",10,138,39,28,NA,2105,NA,6.4,1,NA,NA,9.4,1,NA,2,1,NA,2,1,NA,2,32.1,1,NA,2,1,NA,3,1,NA,3,1,3,1,NA,3,1,NA,NA,NA,NA,NA,NA,NA,NA,NA,"Y",NA,"N",NA,"ARFR4-SOS-CO932-314-JEFFERSON-12","#FEE08B",-105.3553333,39.40902778,"10 - 15 Deg. F. / 3 - 6","","10 - 15 Deg. F.","6-Mar","10 - 15 Deg. F. / 3 - 6","10 - 15 / semi-humid","CO.2","#66e566","semi-humid, cool","#FEE08B","E"
"ARFR-WY930-44-LASANIMAS-13","white",10,139,39,29,NA,2106,NA,6,1,NA,NA,8.3,1,NA,2,1,NA,2,1,NA,2,24.8,1,NA,2,1,NA,2,1,NA,3,1,3,1,NA,3,1,NA,NA,NA,NA,NA,NA,NA,NA,NA,"Y",NA,"N",NA,"ARFR4-SOS-WY930-44-LASANIMAS-13","#FDAE61",-104.6423889,37.16547222,"15 - 20 Deg. F. / 3 - 6","","15 - 20 Deg. F.","6-Mar","15 - 20 Deg. F. / 3 - 6","15 - 20 / semi-humid","CO.1","#698b69","semi-humid, warm","#FDAE61","D"
"ARFR-CO932-314-JEFFERSON-12","white",10,140,39,30,375,2107,NA,3,1,NA,NA,5.1,1,NA,2,1,NA,2,1,NA,2,17,1,NA,2,1,NA,2,1,NA,3,1,3,1,NA,3,1,NA,NA,NA,NA,NA,NA,NA,NA,NA,"Y",NA,"N",NA,"ARFR4-SOS-CO932-314-JEFFERSON-12","#FEE08B",-105.3553333,39.40902778,"10 - 15 Deg. F. / 3 - 6","","10 - 15 Deg. F.","6-Mar","10 - 15 Deg. F. / 3 - 6","10 - 15 / semi-humid","CO.2","#66e566","semi-humid, cool","#FEE08B","E"
"ARFR-UT080-109-UINTAH-12","white",10,141,39,31,NA,2108,NA,5.4,1,NA,NA,10,1,NA,2,1,NA,2,1,NA,2,41.9,1,NA,2,1,NA,3,1,NA,3,1,3,1,NA,3,1,NA,NA,NA,NA,NA,NA,NA,NA,NA,"Y",NA,"N",NA,"ARFR4-SOS-UT080-109-UINTAH-12","#aabe7f",-109.1426444,39.70802222,"10 - 15 Deg. F. / 3 - 6","","10 - 15 Deg. F.","6-Mar","10 - 15 Deg. F. / 3 - 6","10 - 15 / semi-humid","UT.1","#66e566","semi-humid, cool","#aabe7f","G"
"ARFR-CO932-314-JEFFERSON-12","white",10,142,39,32,NA,2109,NA,4.2,1,NA,NA,5.8,1,NA,2,1,NA,2,1,NA,2,27.5,1,NA,2,1,NA,3,1,NA,3,1,3,1,NA,3,1,NA,NA,NA,NA,NA,NA,NA,NA,NA,"Y",NA,"N",NA,"ARFR4-SOS-CO932-314-JEFFERSON-12","#FEE08B",-105.3553333,39.40902778,"10 - 15 Deg. F. / 3 - 6","","10 - 15 Deg. F.","6-Mar","10 - 15 Deg. F. / 3 - 6","10 - 15 / semi-humid","CO.2","#66e566","semi-humid, cool","#FEE08B","E"
"ARFR-WY930-44-LASANIMAS-13","white",10,143,39,33,NA,2110,NA,3.5,1,NA,NA,5.4,1,NA,2,1,NA,2,1,NA,2,23.3,1,NA,2,1,NA,3,1,NA,3,1,3,1,NA,3,1,NA,NA,NA,NA,NA,NA,NA,NA,NA,"Y",NA,"N",NA,"ARFR4-SOS-WY930-44-LASANIMAS-13","#FDAE61",-104.6423889,37.16547222,"15 - 20 Deg. F. / 3 - 6","","15 - 20 Deg. F.","6-Mar","15 - 20 Deg. F. / 3 - 6","15 - 20 / semi-humid","CO.1","#698b69","semi-humid, warm","#FDAE61","D"
"ARFR-CO932-294-11","white",10,144,39,34,NA,2111,NA,4.4,1,NA,NA,6.3,1,NA,2,1,NA,2,1,NA,2,22.8,1,NA,2,1,NA,3,1,NA,3,1,3,1,NA,3,1,NA,NA,NA,NA,NA,NA,NA,NA,NA,"Y",NA,"N",NA,"ARFR4-SOS-CO932-294-11","#ABDDA4",-105.2030833,39.78458333,"15 - 20 Deg. F. / 3 - 6","","15 - 20 Deg. F.","6-Mar","15 - 20 Deg. F. / 3 - 6","15 - 20 / semi-humid","CO.4","#698b69","semi-humid, warm","#ABDDA4","H"
"ARFR-AZ930-423-NAVAJO-18","white",10,145,39,35,376,2112,NA,3,1,NA,NA,4.2,1,NA,2,1,NA,2,1,NA,2,6.9,1,NA,2,1,NA,2,1,NA,2,1,2,1,NA,2,1,NA,NA,NA,NA,NA,NA,NA,NA,NA,"N",NA,"N",NA,"ARFR4-SOS-AZ930-423-NAVAJO-18","#9E0142",-110.431,36.45877,"15 - 20 Deg. F. / 6 - 12","SdZones downloaded 20230823","15 - 20 Deg. F.","12-Jun","15 - 20 Deg. F. / 6 - 12","15 - 20 / semi-arid","AZ.1","#ee5c42","semi-arid, warm","#9E0142","A"
"ARFR-UT080-109-UINTAH-12","white",10,146,39,36,NA,2113,NA,7,1,NA,NA,13.5,1,NA,2,1,NA,2,1,NA,2,37.9,1,NA,2,1,NA,3,1,NA,3,1,3,1,NA,3,1,NA,NA,NA,NA,NA,NA,NA,NA,NA,"Y",NA,"Y",NA,"ARFR4-SOS-UT080-109-UINTAH-12","#aabe7f",-109.1426444,39.70802222,"10 - 15 Deg. F. / 3 - 6","","10 - 15 Deg. F.","6-Mar","10 - 15 Deg. F. / 3 - 6","10 - 15 / semi-humid","UT.1","#66e566","semi-humid, cool","#aabe7f","G"
"ARFR-AZ930-423-NAVAJO-18","white",10,147,39,37,NA,2114,NA,2.8,1,NA,NA,10.1,1,NA,2,1,NA,2,1,NA,2,42.5,1,NA,2,1,NA,3,1,NA,3,1,3,1,NA,3,1,NA,NA,NA,NA,NA,NA,NA,NA,NA,"Y",NA,"N",NA,"ARFR4-SOS-AZ930-423-NAVAJO-18","#9E0142",-110.431,36.45877,"15 - 20 Deg. F. / 6 - 12","SdZones downloaded 20230823","15 - 20 Deg. F.","12-Jun","15 - 20 Deg. F. / 6 - 12","15 - 20 / semi-arid","AZ.1","#ee5c42","semi-arid, warm","#9E0142","A"
"ARFR-CO932-316-JEFFERSON-12","white",10,148,39,38,NA,2115,NA,3.2,1,NA,NA,7.9,1,NA,2,1,NA,2,1,NA,2,41.6,1,NA,2,1,NA,3,1,NA,3,1,3,1,NA,3,1,NA,NA,NA,NA,NA,NA,NA,NA,NA,"Y",NA,"N",NA,"ARFR4-SOS-CO932-316-JEFFERSON-12","#FFFF85",-105.358,39.66325,"15 - 20 Deg. F. / 3 - 6","","15 - 20 Deg. F.","6-Mar","15 - 20 Deg. F. / 3 - 6","15 - 20 / semi-humid","CO.3","#698b69","semi-humid, warm","#FFFF85","F"
"ARFR-CO932-314-JEFFERSON-12","white",10,149,39,39,NA,2116,NA,5.8,1,NA,NA,10,1,NA,2,1,NA,2,1,NA,2,31.2,1,NA,2,1,NA,3,1,NA,3,1,3,1,NA,3,1,NA,NA,NA,NA,NA,NA,NA,NA,NA,"Y",NA,"N",NA,"ARFR4-SOS-CO932-314-JEFFERSON-12","#FEE08B",-105.3553333,39.40902778,"10 - 15 Deg. F. / 3 - 6","","10 - 15 Deg. F.","6-Mar","10 - 15 Deg. F. / 3 - 6","10 - 15 / semi-humid","CO.2","#66e566","semi-humid, cool","#FEE08B","E"
"ARFR-WY050-151-FREMONT-16","white",10,150,39,40,377,2117,NA,5.5,1,NA,NA,6.9,1,NA,2,1,NA,2,1,NA,2,18,1,NA,2,1,NA,3,1,NA,3,1,3,1,NA,3,1,NA,NA,"Yes",NA,72.52,"L",40.542,NA,NA,"Y",NA,"N",NA,"ARFR4-SOS-WY050-151-FREMONT-16","#3288BD",-108.1704472,42.47886111,"10 - 15 Deg. F. / 6 - 12","","10 - 15 Deg. F.","12-Jun","10 - 15 Deg. F. / 6 - 12","10 - 15 / semi-arid","WY.2","#cd8500","semi-arid, cool","#3288BD","J"
"ARFR-WY050-151-FREMONT-16","white",10,151,39,41,NA,2118,NA,3.5,1,NA,NA,3.7,1,NA,2,1,NA,2,1,NA,2,8.7,1,NA,2,1,NA,2,1,NA,2,1,2,1,NA,2,1,NA,NA,NA,NA,NA,NA,NA,NA,NA,"Y",NA,"N",NA,"ARFR4-SOS-WY050-151-FREMONT-16","#3288BD",-108.1704472,42.47886111,"10 - 15 Deg. F. / 6 - 12","","10 - 15 Deg. F.","12-Jun","10 - 15 Deg. F. / 6 - 12","10 - 15 / semi-arid","WY.2","#cd8500","semi-arid, cool","#3288BD","J"
"ARFR-WY050-151-FREMONT-16","white",10,152,39,42,NA,2119,NA,4,1,NA,NA,6.1,1,NA,2,1,NA,2,1,NA,2,19.9,1,NA,2,1,NA,3,1,NA,3,1,3,1,NA,3,1,NA,NA,NA,NA,NA,NA,NA,NA,NA,"Y",NA,"N",NA,"ARFR4-SOS-WY050-151-FREMONT-16","#3288BD",-108.1704472,42.47886111,"10 - 15 Deg. F. / 6 - 12","","10 - 15 Deg. F.","12-Jun","10 - 15 Deg. F. / 6 - 12","10 - 15 / semi-arid","WY.2","#cd8500","semi-arid, cool","#3288BD","J"
"ARFR-WY050-151-FREMONT-16","white",10,153,39,43,NA,2120,NA,5.1,1,NA,NA,5.1,1,NA,2,1,NA,2,1,NA,2,13.4,1,NA,2,1,NA,2,1,NA,2,1,2,1,NA,2,1,NA,NA,NA,NA,NA,NA,NA,NA,NA,"Y",NA,"N",NA,"ARFR4-SOS-WY050-151-FREMONT-16","#3288BD",-108.1704472,42.47886111,"10 - 15 Deg. F. / 6 - 12","","10 - 15 Deg. F.","12-Jun","10 - 15 Deg. F. / 6 - 12","10 - 15 / semi-arid","WY.2","#cd8500","semi-arid, cool","#3288BD","J"
"ARFR-WY930-44-LASANIMAS-13","white",10,154,39,44,NA,2121,NA,5,1,NA,NA,6.9,1,NA,2,1,NA,2,1,NA,2,22.2,1,NA,2,1,NA,3,1,NA,3,1,3,1,NA,3,1,NA,NA,NA,NA,NA,NA,NA,NA,NA,"Y",NA,"N",NA,"ARFR4-SOS-WY930-44-LASANIMAS-13","#FDAE61",-104.6423889,37.16547222,"15 - 20 Deg. F. / 3 - 6","","15 - 20 Deg. F.","6-Mar","15 - 20 Deg. F. / 3 - 6","15 - 20 / semi-humid","CO.1","#698b69","semi-humid, warm","#FDAE61","D"
"ARFR-CO932-316-JEFFERSON-12","white",10,155,39,45,378,2122,NA,3.2,1,NA,NA,8.5,1,NA,2,1,NA,2,1,NA,2,24.5,1,NA,2,1,NA,3,1,NA,3,1,3,1,NA,3,1,NA,NA,NA,NA,NA,NA,NA,NA,NA,"Y",NA,"N",NA,"ARFR4-SOS-CO932-316-JEFFERSON-12","#FFFF85",-105.358,39.66325,"15 - 20 Deg. F. / 3 - 6","","15 - 20 Deg. F.","6-Mar","15 - 20 Deg. F. / 3 - 6","15 - 20 / semi-humid","CO.3","#698b69","semi-humid, warm","#FFFF85","F"
"ARFR-WY930-44-LASANIMAS-13","white",10,156,39,46,NA,2123,NA,6.8,1,NA,NA,9.2,1,NA,2,1,NA,2,1,NA,2,36.8,1,NA,2,1,NA,3,1,NA,3,1,3,1,NA,3,1,NA,NA,NA,NA,NA,NA,NA,NA,NA,"Y",NA,"N",NA,"ARFR4-SOS-WY930-44-LASANIMAS-13","#FDAE61",-104.6423889,37.16547222,"15 - 20 Deg. F. / 3 - 6","","15 - 20 Deg. F.","6-Mar","15 - 20 Deg. F. / 3 - 6","15 - 20 / semi-humid","CO.1","#698b69","semi-humid, warm","#FDAE61","D"
"ARFR-CO932-294-11","white",10,157,39,47,NA,2124,NA,3.2,1,NA,NA,7.4,1,NA,2,1,"buds?",2,1,NA,2,41.4,1,NA,2,1,NA,3,1,NA,3,1,3,1,NA,3,1,NA,NA,NA,NA,NA,NA,NA,NA,NA,"Y",NA,"N",NA,"ARFR4-SOS-CO932-294-11","#ABDDA4",-105.2030833,39.78458333,"15 - 20 Deg. F. / 3 - 6","","15 - 20 Deg. F.","6-Mar","15 - 20 Deg. F. / 3 - 6","15 - 20 / semi-humid","CO.4","#698b69","semi-humid, warm","#ABDDA4","H"
"ARFR-CO932-314-JEFFERSON-12","white",10,158,39,48,NA,2125,NA,3,1,NA,NA,7.5,1,NA,2,1,NA,2,1,NA,2,42.5,1,NA,3,1,NA,3,1,NA,3,1,3,1,NA,3,1,NA,NA,NA,NA,NA,NA,NA,NA,NA,"Y",NA,"N",NA,"ARFR4-SOS-CO932-314-JEFFERSON-12","#FEE08B",-105.3553333,39.40902778,"10 - 15 Deg. F. / 3 - 6","","10 - 15 Deg. F.","6-Mar","10 - 15 Deg. F. / 3 - 6","10 - 15 / semi-humid","CO.2","#66e566","semi-humid, cool","#FEE08B","E"
"ARFR-NM930N-66-11","white",10,159,39,49,NA,2126,NA,5.9,1,NA,NA,11.8,1,NA,2,1,NA,2,1,NA,2,58,1,NA,2,1,NA,3,1,NA,3,1,3,1,NA,3,1,NA,NA,NA,NA,NA,NA,NA,NA,NA,"Y",NA,"N",NA,"ARFR4-SOS-NM930N-66-11","#F46D43",-107.2045028,36.76818611,"10 - 15 Deg. F. / 3 - 6","","10 - 15 Deg. F.","6-Mar","10 - 15 Deg. F. / 3 - 6","10 - 15 / semi-humid","NM.1","#66e566","semi-humid, cool","#F46D43","C"
"ARFR-WY040-71-10","white",10,160,39,50,379,2127,NA,4.5,1,NA,NA,5.2,1,NA,2,1,NA,2,1,NA,2,10.9,1,NA,2,1,NA,2,1,NA,2,1,2,1,NA,2,1,NA,NA,NA,NA,NA,NA,NA,NA,NA,"Y",NA,"N",NA,"ARFR4-SOS-WY040-71-10","#66C2A5",-109.2433156,41.13271889,"5 - 10 Deg. F. / 3 - 6","","5 - 10 Deg. F.","6-Mar","5 - 10 Deg. F. / 3 - 6","5 - 10 / semi-humid","WY.1","#a5c2f1","semi-humid, cold","#66C2A5","I"
"ARFR-WY050-151-FREMONT-16","white",10,161,39,51,NA,2128,NA,5,1,NA,NA,6.3,1,NA,2,1,NA,2,1,NA,2,15.1,1,NA,2,1,NA,3,1,NA,3,1,3,1,NA,3,1,NA,NA,NA,NA,NA,NA,NA,NA,NA,"Y",NA,"N",NA,"ARFR4-SOS-WY050-151-FREMONT-16","#3288BD",-108.1704472,42.47886111,"10 - 15 Deg. F. / 6 - 12","","10 - 15 Deg. F.","12-Jun","10 - 15 Deg. F. / 6 - 12","10 - 15 / semi-arid","WY.2","#cd8500","semi-arid, cool","#3288BD","J"
"ARFR-WY050-49-FREMONT-12","white",10,162,39,52,NA,2129,NA,5.7,1,NA,NA,6.8,1,NA,2,1,NA,2,1,NA,2,28.2,1,NA,2,1,NA,2,1,"dying",NA,0,NA,0,NA,NA,0,NA,NA,NA,NA,NA,NA,NA,NA,NA,"Y",NA,"N",NA,"ARFR4-SOS-WY050-49-FREMONT-12","#5E4FA2",-109.34775,43.42663611,"5 - 10 Deg. F. / 6 - 12","","5 - 10 Deg. F.","12-Jun","5 - 10 Deg. F. / 6 - 12","5 - 10 / semi-arid","WY.3","#ffb90f","semi-arid, cold","#5E4FA2","K"
"ARFR-WY050-49-FREMONT-12","white",10,163,39,53,NA,2130,NA,5.4,1,NA,NA,7.2,1,NA,2,1,NA,2,1,NA,2,28.7,1,NA,2,1,NA,3,1,NA,3,1,3,1,NA,3,1,NA,NA,NA,NA,NA,NA,NA,NA,NA,"Y",NA,"N",NA,"ARFR4-SOS-WY050-49-FREMONT-12","#5E4FA2",-109.34775,43.42663611,"5 - 10 Deg. F. / 6 - 12","","5 - 10 Deg. F.","12-Jun","5 - 10 Deg. F. / 6 - 12","5 - 10 / semi-arid","WY.3","#ffb90f","semi-arid, cold","#5E4FA2","K"
"ARFR-CO932-294-11","white",10,164,39,54,NA,2131,NA,4.6,1,NA,NA,7,1,NA,2,1,NA,2,1,NA,2,22.8,1,NA,2,1,NA,3,1,NA,3,1,3,1,NA,3,1,NA,NA,NA,NA,NA,NA,NA,NA,NA,"Y",NA,"N",NA,"ARFR4-SOS-CO932-294-11","#ABDDA4",-105.2030833,39.78458333,"15 - 20 Deg. F. / 3 - 6","","15 - 20 Deg. F.","6-Mar","15 - 20 Deg. F. / 3 - 6","15 - 20 / semi-humid","CO.4","#698b69","semi-humid, warm","#ABDDA4","H"
"ARFR-AZ930-423-NAVAJO-18","white",10,165,39,55,380,2132,NA,4.3,1,NA,NA,10.3,1,NA,2,1,"buds?",2,1,NA,2,35.2,1,NA,2,1,NA,3,1,NA,3,1,3,1,NA,3,1,NA,NA,NA,NA,NA,NA,NA,NA,NA,"Y",NA,"N",NA,"ARFR4-SOS-AZ930-423-NAVAJO-18","#9E0142",-110.431,36.45877,"15 - 20 Deg. F. / 6 - 12","SdZones downloaded 20230823","15 - 20 Deg. F.","12-Jun","15 - 20 Deg. F. / 6 - 12","15 - 20 / semi-arid","AZ.1","#ee5c42","semi-arid, warm","#9E0142","A"
"ARFR-WY040-71-10","white",10,166,40,1,369,2133,NA,4.2,1,NA,NA,7.4,1,NA,2,1,NA,2,1,NA,2,9.5,1,NA,2,1,NA,2,1,NA,2,1,2,1,NA,2,1,NA,NA,NA,NA,NA,NA,NA,NA,NA,"Y",NA,"N",NA,"ARFR4-SOS-WY040-71-10","#66C2A5",-109.2433156,41.13271889,"5 - 10 Deg. F. / 3 - 6","","5 - 10 Deg. F.","6-Mar","5 - 10 Deg. F. / 3 - 6","5 - 10 / semi-humid","WY.1","#a5c2f1","semi-humid, cold","#66C2A5","I"
"ARFR-NM930N-66-11","white",10,167,40,2,NA,2134,NA,6.7,1,NA,NA,12.6,1,NA,2,1,NA,2,1,NA,2,34.2,1,NA,2,1,NA,3,1,NA,3,1,3,1,NA,3,1,NA,NA,NA,NA,NA,NA,NA,NA,NA,"Y",NA,"N",NA,"ARFR4-SOS-NM930N-66-11","#F46D43",-107.2045028,36.76818611,"10 - 15 Deg. F. / 3 - 6","","10 - 15 Deg. F.","6-Mar","10 - 15 Deg. F. / 3 - 6","10 - 15 / semi-humid","NM.1","#66e566","semi-humid, cool","#F46D43","C"
"ARFR-UT080-109-UINTAH-12","white",10,168,40,3,NA,2135,NA,4.1,1,NA,NA,11.6,1,NA,2,1,NA,2,1,NA,2,22.6,1,NA,2,1,NA,3,1,NA,3,1,3,1,NA,3,1,NA,NA,NA,NA,NA,NA,NA,NA,NA,"Y",NA,"N",NA,"ARFR4-SOS-UT080-109-UINTAH-12","#aabe7f",-109.1426444,39.70802222,"10 - 15 Deg. F. / 3 - 6","","10 - 15 Deg. F.","6-Mar","10 - 15 Deg. F. / 3 - 6","10 - 15 / semi-humid","UT.1","#66e566","semi-humid, cool","#aabe7f","G"
"ARFR-AZ930-422-NAVAJO-18","white",10,169,40,4,NA,2136,NA,3.4,1,NA,NA,11.4,1,NA,2,1,NA,2,1,NA,2,43.1,1,NA,2,1,NA,3,1,NA,3,1,3,1,NA,3,1,NA,NA,NA,NA,NA,NA,NA,NA,NA,"Y",NA,"N",NA,"ARFR4-SOS-AZ930-422-NAVAJO-18","#D53E4F",-110.431,36.56805,"15 - 20 Deg. F. / 6 - 12","Lats corrected 20230127","15 - 20 Deg. F.","12-Jun","15 - 20 Deg. F. / 6 - 12","15 - 20 / semi-arid","AZ.2","#ee5c42","semi-arid, warm","#D53E4F","B"
"ARFR-WY930-44-LASANIMAS-13","white",10,170,40,5,370,2137,NA,2.5,1,NA,NA,6.3,1,NA,2,1,NA,2,1,NA,2,25.2,1,NA,2,1,NA,3,1,NA,3,1,3,1,NA,3,1,NA,NA,NA,NA,NA,NA,NA,NA,NA,"Y",NA,"N",NA,"ARFR4-SOS-WY930-44-LASANIMAS-13","#FDAE61",-104.6423889,37.16547222,"15 - 20 Deg. F. / 3 - 6","","15 - 20 Deg. F.","6-Mar","15 - 20 Deg. F. / 3 - 6","15 - 20 / semi-humid","CO.1","#698b69","semi-humid, warm","#FDAE61","D"
"ARFR-WY050-151-FREMONT-16","white",10,171,40,6,NA,2138,NA,7.3,1,NA,NA,8.7,1,NA,2,1,NA,2,1,NA,2,15.5,1,NA,2,1,NA,2,1,NA,3,1,3,1,NA,3,1,NA,NA,NA,NA,NA,NA,NA,NA,NA,"Y",NA,"Y",NA,"ARFR4-SOS-WY050-151-FREMONT-16","#3288BD",-108.1704472,42.47886111,"10 - 15 Deg. F. / 6 - 12","","10 - 15 Deg. F.","12-Jun","10 - 15 Deg. F. / 6 - 12","10 - 15 / semi-arid","WY.2","#cd8500","semi-arid, cool","#3288BD","J"
"ARFR-CO932-314-JEFFERSON-12","white",10,172,40,7,NA,2139,NA,4.5,1,NA,NA,8.1,1,NA,2,1,NA,2,1,NA,2,31.1,1,NA,2,1,NA,3,1,NA,3,1,3,1,NA,3,1,NA,NA,NA,NA,NA,NA,NA,NA,NA,"Y",NA,"N",NA,"ARFR4-SOS-CO932-314-JEFFERSON-12","#FEE08B",-105.3553333,39.40902778,"10 - 15 Deg. F. / 3 - 6","","10 - 15 Deg. F.","6-Mar","10 - 15 Deg. F. / 3 - 6","10 - 15 / semi-humid","CO.2","#66e566","semi-humid, cool","#FEE08B","E"
"ARFR-AZ930-423-NAVAJO-18","white",10,173,40,8,NA,2140,NA,5.4,1,NA,NA,11,1,NA,2,1,NA,2,1,NA,2,46.5,1,NA,2,1,NA,3,1,NA,3,1,3,1,NA,3,1,NA,NA,NA,NA,NA,NA,NA,NA,NA,"Y",NA,"N",NA,"ARFR4-SOS-AZ930-423-NAVAJO-18","#9E0142",-110.431,36.45877,"15 - 20 Deg. F. / 6 - 12","SdZones downloaded 20230823","15 - 20 Deg. F.","12-Jun","15 - 20 Deg. F. / 6 - 12","15 - 20 / semi-arid","AZ.1","#ee5c42","semi-arid, warm","#9E0142","A"
"ARFR-WY040-71-10","white",10,174,40,9,NA,2141,NA,2.7,1,NA,NA,3.6,1,NA,2,1,NA,2,1,NA,2,8.8,1,NA,2,1,NA,2,1,NA,2,1,2,1,NA,2,1,NA,NA,"Yes",NA,16.9,"S",9.94,7.35,0.39,"N",NA,"N",NA,"ARFR4-SOS-WY040-71-10","#66C2A5",-109.2433156,41.13271889,"5 - 10 Deg. F. / 3 - 6","","5 - 10 Deg. F.","6-Mar","5 - 10 Deg. F. / 3 - 6","5 - 10 / semi-humid","WY.1","#a5c2f1","semi-humid, cold","#66C2A5","I"
"ARFR-CO932-294-11","white",10,175,40,10,371,2142,NA,6,1,NA,NA,6.6,1,NA,2,1,NA,2,1,NA,2,25,1,NA,2,1,NA,3,1,NA,3,1,3,1,NA,3,1,NA,NA,NA,NA,NA,NA,NA,NA,NA,"Y",NA,"N",NA,"ARFR4-SOS-CO932-294-11","#ABDDA4",-105.2030833,39.78458333,"15 - 20 Deg. F. / 3 - 6","","15 - 20 Deg. F.","6-Mar","15 - 20 Deg. F. / 3 - 6","15 - 20 / semi-humid","CO.4","#698b69","semi-humid, warm","#ABDDA4","H"
"ARFR-WY050-151-FREMONT-16","white",10,176,40,11,NA,2143,NA,3.2,1,NA,NA,4.5,1,NA,2,1,NA,2,1,NA,2,12.1,1,NA,2,1,NA,2,1,NA,2,1,2,1,NA,2,1,NA,NA,NA,NA,NA,NA,NA,NA,NA,"Y",NA,"N",NA,"ARFR4-SOS-WY050-151-FREMONT-16","#3288BD",-108.1704472,42.47886111,"10 - 15 Deg. F. / 6 - 12","","10 - 15 Deg. F.","12-Jun","10 - 15 Deg. F. / 6 - 12","10 - 15 / semi-arid","WY.2","#cd8500","semi-arid, cool","#3288BD","J"
"ARFR-CO932-314-JEFFERSON-12","white",10,177,40,12,NA,2144,NA,2.6,1,NA,NA,6.4,1,NA,2,1,NA,2,1,NA,2,38.4,1,NA,2,1,NA,3,1,NA,3,1,3,1,NA,3,1,NA,NA,NA,NA,NA,NA,NA,NA,NA,"Y",NA,"N",NA,"ARFR4-SOS-CO932-314-JEFFERSON-12","#FEE08B",-105.3553333,39.40902778,"10 - 15 Deg. F. / 3 - 6","","10 - 15 Deg. F.","6-Mar","10 - 15 Deg. F. / 3 - 6","10 - 15 / semi-humid","CO.2","#66e566","semi-humid, cool","#FEE08B","E"
"ARFR-CO932-316-JEFFERSON-12","white",10,178,40,13,NA,2145,NA,2,1,NA,NA,6,1,NA,2,1,NA,2,1,NA,2,29.2,1,NA,2,1,NA,3,1,NA,3,1,3,1,NA,3,1,NA,NA,NA,NA,NA,NA,NA,NA,NA,"Y",NA,"N",NA,"ARFR4-SOS-CO932-316-JEFFERSON-12","#FFFF85",-105.358,39.66325,"15 - 20 Deg. F. / 3 - 6","","15 - 20 Deg. F.","6-Mar","15 - 20 Deg. F. / 3 - 6","15 - 20 / semi-humid","CO.3","#698b69","semi-humid, warm","#FFFF85","F"
"ARFR-WY040-71-10","white",10,179,40,14,NA,2146,NA,4.7,1,NA,NA,7.9,1,NA,2,1,NA,2,1,NA,2,24.5,1,NA,2,1,NA,3,1,NA,3,1,3,1,NA,3,1,NA,NA,NA,NA,NA,NA,NA,NA,NA,"Y",NA,"Y",NA,"ARFR4-SOS-WY040-71-10","#66C2A5",-109.2433156,41.13271889,"5 - 10 Deg. F. / 3 - 6","","5 - 10 Deg. F.","6-Mar","5 - 10 Deg. F. / 3 - 6","5 - 10 / semi-humid","WY.1","#a5c2f1","semi-humid, cold","#66C2A5","I"
"ARFR-UT080-109-UINTAH-12","white",10,180,40,15,372,2147,NA,4,1,NA,NA,8.7,1,NA,2,1,NA,2,1,NA,2,22.4,1,NA,2,1,NA,3,1,NA,3,1,3,1,NA,3,1,NA,NA,NA,NA,NA,NA,NA,NA,NA,"Y",NA,"N",NA,"ARFR4-SOS-UT080-109-UINTAH-12","#aabe7f",-109.1426444,39.70802222,"10 - 15 Deg. F. / 3 - 6","","10 - 15 Deg. F.","6-Mar","10 - 15 Deg. F. / 3 - 6","10 - 15 / semi-humid","UT.1","#66e566","semi-humid, cool","#aabe7f","G"
"ARFR-AZ930-422-NAVAJO-18","white",10,181,40,16,NA,2148,NA,2.2,1,NA,NA,10.5,1,NA,2,1,NA,2,1,NA,2,46.6,1,NA,3,1,NA,3,1,NA,3,1,3,1,NA,3,1,NA,NA,NA,NA,NA,NA,NA,NA,NA,"Y",NA,"N",NA,"ARFR4-SOS-AZ930-422-NAVAJO-18","#D53E4F",-110.431,36.56805,"15 - 20 Deg. F. / 6 - 12","Lats corrected 20230127","15 - 20 Deg. F.","12-Jun","15 - 20 Deg. F. / 6 - 12","15 - 20 / semi-arid","AZ.2","#ee5c42","semi-arid, warm","#D53E4F","B"
"ARFR-AZ930-422-NAVAJO-18","white",10,182,40,17,NA,2149,NA,4.3,1,NA,NA,NA,0,"yellowing 5/27",NA,0,NA,NA,0,NA,NA,NA,0,NA,NA,0,NA,NA,0,NA,NA,0,NA,0,NA,NA,0,NA,NA,NA,NA,NA,NA,NA,NA,NA,"N",NA,"N",NA,"ARFR4-SOS-AZ930-422-NAVAJO-18","#D53E4F",-110.431,36.56805,"15 - 20 Deg. F. / 6 - 12","Lats corrected 20230127","15 - 20 Deg. F.","12-Jun","15 - 20 Deg. F. / 6 - 12","15 - 20 / semi-arid","AZ.2","#ee5c42","semi-arid, warm","#D53E4F","B"
"ARFR-WY930-44-LASANIMAS-13","white",10,183,40,18,NA,2150,NA,3.4,1,NA,NA,7.6,1,NA,2,1,NA,2,1,NA,2,27.6,1,NA,2,1,NA,3,1,NA,3,1,3,1,NA,3,1,NA,NA,NA,NA,NA,NA,NA,NA,NA,"Y",NA,"N",NA,"ARFR4-SOS-WY930-44-LASANIMAS-13","#FDAE61",-104.6423889,37.16547222,"15 - 20 Deg. F. / 3 - 6","","15 - 20 Deg. F.","6-Mar","15 - 20 Deg. F. / 3 - 6","15 - 20 / semi-humid","CO.1","#698b69","semi-humid, warm","#FDAE61","D"
"ARFR-NM930N-66-11","white",10,184,40,19,NA,2151,NA,3.5,1,NA,NA,6.8,1,"ARFR-WY050-49-FREMONT-12_140 initially assigned",2,1,NA,2,1,NA,2,35.8,1,NA,2,1,NA,3,1,NA,3,1,3,1,NA,3,1,NA,NA,NA,NA,NA,NA,NA,NA,NA,"Y",NA,"N",NA,"ARFR4-SOS-NM930N-66-11","#F46D43",-107.2045028,36.76818611,"10 - 15 Deg. F. / 3 - 6","","10 - 15 Deg. F.","6-Mar","10 - 15 Deg. F. / 3 - 6","10 - 15 / semi-humid","NM.1","#66e566","semi-humid, cool","#F46D43","C"
"ARFR-WY050-49-FREMONT-12","white",10,185,40,20,373,2152,NA,2.6,1,NA,NA,5.4,1,"ARFR-WY930-44-LASANIMAS-13_070 initially assigned",2,1,NA,2,1,NA,2,15.8,1,NA,2,1,NA,3,1,NA,3,1,3,1,NA,3,1,NA,NA,NA,NA,NA,NA,NA,NA,NA,"Y",NA,"N",NA,"ARFR4-SOS-WY050-49-FREMONT-12","#5E4FA2",-109.34775,43.42663611,"5 - 10 Deg. F. / 6 - 12","","5 - 10 Deg. F.","12-Jun","5 - 10 Deg. F. / 6 - 12","5 - 10 / semi-arid","WY.3","#ffb90f","semi-arid, cold","#5E4FA2","K"
"ARFR-UT080-109-UINTAH-12","white",10,186,40,21,NA,2153,NA,6.6,1,NA,NA,12.4,1,NA,2,1,NA,2,1,NA,2,54,1,NA,2,1,NA,3,1,NA,3,1,3,1,NA,3,1,NA,NA,NA,NA,NA,NA,NA,NA,NA,"Y",NA,"N",NA,"ARFR4-SOS-UT080-109-UINTAH-12","#aabe7f",-109.1426444,39.70802222,"10 - 15 Deg. F. / 3 - 6","","10 - 15 Deg. F.","6-Mar","10 - 15 Deg. F. / 3 - 6","10 - 15 / semi-humid","UT.1","#66e566","semi-humid, cool","#aabe7f","G"
"ARFR-UT080-109-UINTAH-12","white",10,187,40,22,NA,2154,NA,4,1,NA,NA,15.1,1,NA,2,1,NA,2,1,NA,2,57.2,1,NA,3,1,NA,3,1,NA,3,1,3,1,NA,3,1,NA,NA,NA,NA,NA,NA,NA,NA,NA,"Y",NA,"N",NA,"ARFR4-SOS-UT080-109-UINTAH-12","#aabe7f",-109.1426444,39.70802222,"10 - 15 Deg. F. / 3 - 6","","10 - 15 Deg. F.","6-Mar","10 - 15 Deg. F. / 3 - 6","10 - 15 / semi-humid","UT.1","#66e566","semi-humid, cool","#aabe7f","G"
"ARFR-WY040-71-10","white",10,188,40,23,NA,2155,NA,4.5,1,NA,NA,8.1,1,NA,2,1,NA,2,1,NA,2,38.8,1,NA,3,1,NA,3,1,NA,3,1,3,1,NA,3,1,NA,NA,NA,NA,NA,NA,NA,NA,NA,"Y",NA,"N",NA,"ARFR4-SOS-WY040-71-10","#66C2A5",-109.2433156,41.13271889,"5 - 10 Deg. F. / 3 - 6","","5 - 10 Deg. F.","6-Mar","5 - 10 Deg. F. / 3 - 6","5 - 10 / semi-humid","WY.1","#a5c2f1","semi-humid, cold","#66C2A5","I"
"ARFR-NM930N-66-11","white",10,189,40,24,NA,2156,NA,4.6,1,NA,NA,8.9,1,NA,2,1,NA,2,1,NA,2,41.8,1,NA,2,1,NA,3,1,NA,3,1,3,1,NA,3,1,NA,NA,NA,NA,NA,NA,NA,NA,NA,"Y",NA,"N",NA,"ARFR4-SOS-NM930N-66-11","#F46D43",-107.2045028,36.76818611,"10 - 15 Deg. F. / 3 - 6","","10 - 15 Deg. F.","6-Mar","10 - 15 Deg. F. / 3 - 6","10 - 15 / semi-humid","NM.1","#66e566","semi-humid, cool","#F46D43","C"
"ARFR-AZ930-422-NAVAJO-18","white",10,190,40,25,374,2157,NA,3.5,1,NA,NA,8.7,1,"ARFR-CO932-316-JEFFERSON-12_110 initially assigned",2,1,NA,2,1,NA,2,50.1,1,NA,2,1,NA,3,1,NA,3,1,3,1,NA,3,1,NA,NA,NA,NA,NA,NA,NA,NA,NA,"Y",NA,"N",NA,"ARFR4-SOS-AZ930-422-NAVAJO-18","#D53E4F",-110.431,36.56805,"15 - 20 Deg. F. / 6 - 12","Lats corrected 20230127","15 - 20 Deg. F.","12-Jun","15 - 20 Deg. F. / 6 - 12","15 - 20 / semi-arid","AZ.2","#ee5c42","semi-arid, warm","#D53E4F","B"
"ARFR-AZ930-422-NAVAJO-18","white",10,191,40,26,NA,2158,NA,3.4,1,NA,NA,7,1,"ARFR-AZ930-422-NAVAJO-18_120 initially assigned",2,1,NA,2,1,NA,2,34,1,NA,2,1,NA,3,1,NA,3,1,3,1,NA,3,1,NA,NA,NA,NA,NA,NA,NA,NA,NA,"Y",NA,"N",NA,"ARFR4-SOS-AZ930-422-NAVAJO-18","#D53E4F",-110.431,36.56805,"15 - 20 Deg. F. / 6 - 12","Lats corrected 20230127","15 - 20 Deg. F.","12-Jun","15 - 20 Deg. F. / 6 - 12","15 - 20 / semi-arid","AZ.2","#ee5c42","semi-arid, warm","#D53E4F","B"
"ARFR-NM930N-66-11","white",10,192,40,27,NA,2159,NA,7.6,1,NA,NA,11.7,1,NA,2,1,NA,2,1,NA,2,46.6,1,NA,2,1,NA,3,1,NA,3,1,3,1,NA,3,1,NA,NA,NA,NA,NA,NA,NA,NA,NA,"Y",NA,"N",NA,"ARFR4-SOS-NM930N-66-11","#F46D43",-107.2045028,36.76818611,"10 - 15 Deg. F. / 3 - 6","","10 - 15 Deg. F.","6-Mar","10 - 15 Deg. F. / 3 - 6","10 - 15 / semi-humid","NM.1","#66e566","semi-humid, cool","#F46D43","C"
"ARFR-WY930-44-LASANIMAS-13","white",10,193,40,28,NA,2160,NA,4.3,1,NA,NA,6.3,1,NA,2,1,NA,2,1,NA,2,19.6,1,NA,2,1,NA,2,1,NA,3,1,3,1,NA,3,1,NA,NA,NA,NA,NA,NA,NA,NA,NA,"Y",NA,"N",NA,"ARFR4-SOS-WY930-44-LASANIMAS-13","#FDAE61",-104.6423889,37.16547222,"15 - 20 Deg. F. / 3 - 6","","15 - 20 Deg. F.","6-Mar","15 - 20 Deg. F. / 3 - 6","15 - 20 / semi-humid","CO.1","#698b69","semi-humid, warm","#FDAE61","D"
"ARFR-WY050-49-FREMONT-12","white",10,194,40,29,NA,2161,NA,3.4,1,NA,NA,5.4,1,NA,2,1,NA,2,1,NA,2,13.6,1,NA,2,1,NA,2,1,NA,2,1,2,1,NA,2,1,NA,NA,NA,NA,NA,NA,NA,NA,NA,"Y",NA,"N",NA,"ARFR4-SOS-WY050-49-FREMONT-12","#5E4FA2",-109.34775,43.42663611,"5 - 10 Deg. F. / 6 - 12","","5 - 10 Deg. F.","12-Jun","5 - 10 Deg. F. / 6 - 12","5 - 10 / semi-arid","WY.3","#ffb90f","semi-arid, cold","#5E4FA2","K"
"ARFR-AZ930-422-NAVAJO-18","white",10,195,40,30,375,2162,NA,6.2,1,NA,NA,10.5,1,NA,2,1,NA,2,1,NA,2,42.5,1,NA,2,1,NA,3,1,NA,3,1,3,1,NA,3,1,NA,NA,NA,NA,NA,NA,NA,NA,NA,"Y",NA,"N",NA,"ARFR4-SOS-AZ930-422-NAVAJO-18","#D53E4F",-110.431,36.56805,"15 - 20 Deg. F. / 6 - 12","Lats corrected 20230127","15 - 20 Deg. F.","12-Jun","15 - 20 Deg. F. / 6 - 12","15 - 20 / semi-arid","AZ.2","#ee5c42","semi-arid, warm","#D53E4F","B"
"ARFR-AZ930-422-NAVAJO-18","white",10,196,40,31,NA,2163,NA,NA,0,"Y","422 Navajo",7.5,1,NA,2,1,NA,2,1,NA,2,32.4,1,NA,2,1,NA,3,1,NA,3,1,3,1,NA,3,1,NA,NA,"Yes",NA,117.79,"L",85.812,42.4,35.44,"Y",NA,"N",NA,"ARFR4-SOS-AZ930-422-NAVAJO-18","#D53E4F",-110.431,36.56805,"15 - 20 Deg. F. / 6 - 12","Lats corrected 20230127","15 - 20 Deg. F.","12-Jun","15 - 20 Deg. F. / 6 - 12","15 - 20 / semi-arid","AZ.2","#ee5c42","semi-arid, warm","#D53E4F","B"
"ARFR-CO932-316-JEFFERSON-12","white",10,197,40,32,NA,2164,NA,3.9,1,NA,NA,5,1,"ARFR-CO932-316-JEFFERSON-12_170 initially assigned",2,1,NA,2,1,NA,2,14.5,1,NA,2,1,NA,2,1,NA,2,1,2,1,NA,2,1,NA,NA,NA,NA,NA,NA,NA,NA,NA,"Y",NA,"N",NA,"ARFR4-SOS-CO932-316-JEFFERSON-12","#FFFF85",-105.358,39.66325,"15 - 20 Deg. F. / 3 - 6","","15 - 20 Deg. F.","6-Mar","15 - 20 Deg. F. / 3 - 6","15 - 20 / semi-humid","CO.3","#698b69","semi-humid, warm","#FFFF85","F"
"ARFR-WY040-71-10","white",10,198,40,33,NA,2165,NA,3,1,NA,NA,6.4,1,NA,2,1,NA,2,1,NA,2,11.9,1,NA,2,1,NA,2,1,NA,2,1,2,1,NA,2,1,NA,NA,NA,NA,NA,NA,NA,NA,NA,"Y",NA,"N",NA,"ARFR4-SOS-WY040-71-10","#66C2A5",-109.2433156,41.13271889,"5 - 10 Deg. F. / 3 - 6","","5 - 10 Deg. F.","6-Mar","5 - 10 Deg. F. / 3 - 6","5 - 10 / semi-humid","WY.1","#a5c2f1","semi-humid, cold","#66C2A5","I"
"ARFR-WY930-44-LASANIMAS-13","white",10,199,40,34,NA,2166,NA,2,1,NA,NA,8.3,1,NA,2,1,NA,2,1,NA,2,39,1,NA,2,1,NA,3,1,NA,3,1,3,1,NA,3,1,NA,NA,NA,NA,NA,NA,NA,NA,NA,"Y",NA,"N",NA,"ARFR4-SOS-WY930-44-LASANIMAS-13","#FDAE61",-104.6423889,37.16547222,"15 - 20 Deg. F. / 3 - 6","","15 - 20 Deg. F.","6-Mar","15 - 20 Deg. F. / 3 - 6","15 - 20 / semi-humid","CO.1","#698b69","semi-humid, warm","#FDAE61","D"
"ARFR-CO932-316-JEFFERSON-12","white",10,200,40,35,376,2167,NA,5.1,1,NA,NA,7.9,1,NA,2,1,NA,2,1,NA,2,33.1,1,NA,2,1,NA,3,1,NA,3,1,3,1,NA,3,1,NA,NA,NA,NA,NA,NA,NA,NA,NA,"Y",NA,"N",NA,"ARFR4-SOS-CO932-316-JEFFERSON-12","#FFFF85",-105.358,39.66325,"15 - 20 Deg. F. / 3 - 6","","15 - 20 Deg. F.","6-Mar","15 - 20 Deg. F. / 3 - 6","15 - 20 / semi-humid","CO.3","#698b69","semi-humid, warm","#FFFF85","F"
"ARFR-AZ930-422-NAVAJO-18","white",10,201,40,36,NA,2168,NA,3.5,1,NA,NA,7.8,1,NA,2,1,NA,2,1,NA,2,35.8,1,NA,2,1,NA,3,1,NA,3,1,3,1,NA,3,1,NA,NA,NA,NA,NA,NA,NA,NA,NA,"Y",NA,"N",NA,"ARFR4-SOS-AZ930-422-NAVAJO-18","#D53E4F",-110.431,36.56805,"15 - 20 Deg. F. / 6 - 12","Lats corrected 20230127","15 - 20 Deg. F.","12-Jun","15 - 20 Deg. F. / 6 - 12","15 - 20 / semi-arid","AZ.2","#ee5c42","semi-arid, warm","#D53E4F","B"
"ARFR-WY050-151-FREMONT-16","white",10,202,40,37,NA,2169,NA,5.3,1,NA,NA,6,1,NA,2,1,NA,2,1,NA,2,7.5,1,NA,2,1,NA,2,1,NA,2,1,2,1,NA,2,1,NA,NA,NA,NA,NA,NA,NA,NA,NA,"Y",NA,"N",NA,"ARFR4-SOS-WY050-151-FREMONT-16","#3288BD",-108.1704472,42.47886111,"10 - 15 Deg. F. / 6 - 12","","10 - 15 Deg. F.","12-Jun","10 - 15 Deg. F. / 6 - 12","10 - 15 / semi-arid","WY.2","#cd8500","semi-arid, cool","#3288BD","J"
"ARFR-UT080-109-UINTAH-12","white",10,203,40,38,NA,2170,NA,4.6,1,NA,NA,NA,0,"ARFR-CO932-314-JEFFERSON-12_120 initially assigned; dying? 5/31",NA,0,NA,NA,0,NA,NA,NA,0,NA,NA,0,NA,NA,0,NA,NA,0,NA,0,NA,NA,0,NA,NA,NA,NA,NA,NA,NA,NA,NA,"N",NA,"N",NA,"ARFR4-SOS-UT080-109-UINTAH-12","#aabe7f",-109.1426444,39.70802222,"10 - 15 Deg. F. / 3 - 6","","10 - 15 Deg. F.","6-Mar","10 - 15 Deg. F. / 3 - 6","10 - 15 / semi-humid","UT.1","#66e566","semi-humid, cool","#aabe7f","G"
"ARFR-CO932-294-11","white",10,204,40,39,NA,2171,NA,5.4,1,NA,NA,9.6,1,"buds? 6/24",2,1,NA,2,1,NA,2,25.5,1,NA,2,1,NA,3,1,NA,3,1,3,1,NA,3,1,NA,NA,NA,NA,NA,NA,NA,NA,NA,"Y",NA,"N",NA,"ARFR4-SOS-CO932-294-11","#ABDDA4",-105.2030833,39.78458333,"15 - 20 Deg. F. / 3 - 6","","15 - 20 Deg. F.","6-Mar","15 - 20 Deg. F. / 3 - 6","15 - 20 / semi-humid","CO.4","#698b69","semi-humid, warm","#ABDDA4","H"
"ARFR-WY050-49-FREMONT-12","white",10,205,40,40,377,2172,NA,4.4,1,NA,NA,5.2,1,NA,2,1,NA,2,1,NA,2,19.5,1,NA,2,1,NA,3,1,NA,3,1,3,1,NA,3,1,NA,NA,NA,NA,NA,NA,NA,NA,NA,"Y",NA,"N",NA,"ARFR4-SOS-WY050-49-FREMONT-12","#5E4FA2",-109.34775,43.42663611,"5 - 10 Deg. F. / 6 - 12","","5 - 10 Deg. F.","12-Jun","5 - 10 Deg. F. / 6 - 12","5 - 10 / semi-arid","WY.3","#ffb90f","semi-arid, cold","#5E4FA2","K"
"ARFR-CO932-314-JEFFERSON-12","white",10,206,40,41,NA,2173,NA,3.1,1,NA,NA,6.4,1,NA,2,1,NA,2,1,NA,2,27,1,NA,2,1,NA,3,1,NA,3,1,3,1,NA,3,1,NA,NA,"Yes",NA,82.2,"L",50.222,32.67,25.71,"Y",NA,"N",NA,"ARFR4-SOS-CO932-314-JEFFERSON-12","#FEE08B",-105.3553333,39.40902778,"10 - 15 Deg. F. / 3 - 6","","10 - 15 Deg. F.","6-Mar","10 - 15 Deg. F. / 3 - 6","10 - 15 / semi-humid","CO.2","#66e566","semi-humid, cool","#FEE08B","E"
"ARFR-WY050-49-FREMONT-12","white",10,207,40,42,NA,2174,NA,1.5,1,NA,NA,3.5,1,NA,2,1,NA,2,1,NA,2,4.8,1,NA,2,1,NA,2,1,NA,2,1,2,1,NA,2,1,NA,NA,NA,NA,NA,NA,NA,NA,NA,"Y",NA,"N",NA,"ARFR4-SOS-WY050-49-FREMONT-12","#5E4FA2",-109.34775,43.42663611,"5 - 10 Deg. F. / 6 - 12","","5 - 10 Deg. F.","12-Jun","5 - 10 Deg. F. / 6 - 12","5 - 10 / semi-arid","WY.3","#ffb90f","semi-arid, cold","#5E4FA2","K"
"ARFR-CO932-316-JEFFERSON-12","white",10,208,40,43,NA,2175,NA,1.6,1,NA,NA,5.3,1,NA,2,1,NA,2,1,NA,2,15.2,1,NA,2,1,NA,2,1,NA,3,1,3,1,NA,3,1,NA,NA,NA,NA,NA,NA,NA,NA,NA,"Y",NA,"N",NA,"ARFR4-SOS-CO932-316-JEFFERSON-12","#FFFF85",-105.358,39.66325,"15 - 20 Deg. F. / 3 - 6","","15 - 20 Deg. F.","6-Mar","15 - 20 Deg. F. / 3 - 6","15 - 20 / semi-humid","CO.3","#698b69","semi-humid, warm","#FFFF85","F"
"ARFR-CO932-294-11","white",10,209,40,44,NA,2176,NA,5.5,1,NA,NA,7.2,1,NA,2,1,NA,2,1,NA,2,28.7,1,NA,2,1,NA,3,1,NA,3,1,3,1,NA,3,1,NA,NA,NA,NA,NA,NA,NA,11.24,NA,"Y","Where did this inf weight come from? ","N",NA,"ARFR4-SOS-CO932-294-11","#ABDDA4",-105.2030833,39.78458333,"15 - 20 Deg. F. / 3 - 6","","15 - 20 Deg. F.","6-Mar","15 - 20 Deg. F. / 3 - 6","15 - 20 / semi-humid","CO.4","#698b69","semi-humid, warm","#ABDDA4","H"
"ARFR-CO932-294-11","white",10,210,40,45,378,2177,NA,4,1,NA,NA,7.9,1,NA,2,1,NA,2,1,NA,2,15.5,1,NA,2,1,NA,2,1,NA,3,1,3,1,NA,3,1,NA,NA,NA,NA,NA,NA,NA,NA,NA,"Y",NA,"N",NA,"ARFR4-SOS-CO932-294-11","#ABDDA4",-105.2030833,39.78458333,"15 - 20 Deg. F. / 3 - 6","","15 - 20 Deg. F.","6-Mar","15 - 20 Deg. F. / 3 - 6","15 - 20 / semi-humid","CO.4","#698b69","semi-humid, warm","#ABDDA4","H"
"ARFR-WY930-44-LASANIMAS-13","white",10,211,40,46,NA,2178,NA,3.7,1,NA,NA,7.6,1,NA,2,1,NA,2,1,NA,2,30.3,1,NA,2,1,NA,3,1,NA,3,1,3,1,NA,3,1,NA,NA,NA,NA,NA,NA,NA,NA,NA,"Y",NA,"N",NA,"ARFR4-SOS-WY930-44-LASANIMAS-13","#FDAE61",-104.6423889,37.16547222,"15 - 20 Deg. F. / 3 - 6","","15 - 20 Deg. F.","6-Mar","15 - 20 Deg. F. / 3 - 6","15 - 20 / semi-humid","CO.1","#698b69","semi-humid, warm","#FDAE61","D"
"ARFR-WY040-71-10","white",10,212,40,47,NA,2179,NA,2.8,1,NA,NA,4.4,1,NA,2,1,NA,2,1,NA,2,11.1,1,NA,2,1,NA,2,1,NA,2,1,2,1,NA,2,1,NA,NA,NA,NA,NA,NA,NA,NA,NA,"Y",NA,"N",NA,"ARFR4-SOS-WY040-71-10","#66C2A5",-109.2433156,41.13271889,"5 - 10 Deg. F. / 3 - 6","","5 - 10 Deg. F.","6-Mar","5 - 10 Deg. F. / 3 - 6","5 - 10 / semi-humid","WY.1","#a5c2f1","semi-humid, cold","#66C2A5","I"
"ARFR-CO932-316-JEFFERSON-12","white",10,213,40,48,NA,2180,NA,3.2,1,NA,NA,7.2,1,NA,2,1,NA,2,1,NA,2,30,1,NA,2,1,NA,3,1,NA,3,1,3,1,NA,3,1,NA,NA,NA,NA,NA,NA,NA,NA,NA,"Y",NA,"N",NA,"ARFR4-SOS-CO932-316-JEFFERSON-12","#FFFF85",-105.358,39.66325,"15 - 20 Deg. F. / 3 - 6","","15 - 20 Deg. F.","6-Mar","15 - 20 Deg. F. / 3 - 6","15 - 20 / semi-humid","CO.3","#698b69","semi-humid, warm","#FFFF85","F"
"ARFR-WY930-44-LASANIMAS-13","white",10,214,40,49,NA,2181,NA,3.4,1,NA,NA,10,1,NA,2,1,NA,2,1,NA,2,37.5,1,NA,2,1,NA,3,1,NA,3,1,3,1,NA,3,1,NA,NA,NA,NA,NA,NA,NA,NA,NA,"Y",NA,"N",NA,"ARFR4-SOS-WY930-44-LASANIMAS-13","#FDAE61",-104.6423889,37.16547222,"15 - 20 Deg. F. / 3 - 6","","15 - 20 Deg. F.","6-Mar","15 - 20 Deg. F. / 3 - 6","15 - 20 / semi-humid","CO.1","#698b69","semi-humid, warm","#FDAE61","D"
"ARFR-CO932-314-JEFFERSON-12","white",10,215,40,50,379,2182,NA,3.1,1,NA,NA,9.7,1,NA,2,1,NA,2,1,NA,2,23.6,1,NA,2,1,NA,3,1,NA,3,1,3,1,NA,3,1,NA,NA,NA,NA,NA,NA,NA,NA,NA,"Y",NA,"N",NA,"ARFR4-SOS-CO932-314-JEFFERSON-12","#FEE08B",-105.3553333,39.40902778,"10 - 15 Deg. F. / 3 - 6","","10 - 15 Deg. F.","6-Mar","10 - 15 Deg. F. / 3 - 6","10 - 15 / semi-humid","CO.2","#66e566","semi-humid, cool","#FEE08B","E"
"ARFR-WY050-151-FREMONT-16","white",10,216,40,51,NA,2183,NA,6.5,1,NA,NA,7.5,1,NA,2,1,NA,2,1,NA,2,25.4,1,NA,2,1,NA,3,1,NA,3,1,3,1,NA,3,1,NA,NA,NA,NA,NA,NA,NA,NA,NA,"Y",NA,"N",NA,"ARFR4-SOS-WY050-151-FREMONT-16","#3288BD",-108.1704472,42.47886111,"10 - 15 Deg. F. / 6 - 12","","10 - 15 Deg. F.","12-Jun","10 - 15 Deg. F. / 6 - 12","10 - 15 / semi-arid","WY.2","#cd8500","semi-arid, cool","#3288BD","J"
