Source,Treatment,Block,Row,PosInRow,Tag,ID,Surv_2022,Survival_20230615,Flowering_20230615,Notes_20230615,Survival_20230620,Flowering_20230620,Notes_20230620,Survival_20230629,Flowering_20230629,Notes_20230629,Survival_20230705,Flowering_20230705,Notes_20230705,Survival_20230728,Flowering_20230728,SentForSequencing_20230803,Survival_20230801,Flowering_20230801,Notes_20230801,Survival_20230927,Flowering_20230927,Height_20230927,Notes_20230927,ExcludePhenoDueToInconsistData,ExcludeSurvDueToInconsistData,ExcludeSzDueToUncertainty,Notes.x,SOURCE_CODE,HexCode_Indv,Long,Lat,SdZone,Notes.y,Tmin_Class,AHM_class,seed_zone,New_label,PopAbbrev,SdZnCol,SdZnAbbrev,PopCol,PopOrder,ARFR22$ExcludeBcNotReplaced,ARFR24$ExcludeBcHarvest
ARFR-CO932-294-11,black,1,1,1,141,1,1,1,0,NA,1,0,NA,1,0,NA,1,1,NA,1,1,N,1,0,NA,1,1,60.9,NA,Y,NA,NA,NA,ARFR4-SOS-CO932-294-11,#ABDDA4,-105.2030833,39.78458333,15 - 20 Deg. F. / 3 - 6,,15 - 20 Deg. F.,6-Mar,15 - 20 Deg. F. / 3 - 6,15 - 20 / semi-humid,CO.4,#698b69,"semi-humid, warm",#ABDDA4,H,NA,NA
ARFR-WY050-49-FREMONT-12,black,1,1,2,NA,2,1,1,0,NA,1,0,NA,1,0,NA,1,1,NA,1,1,N,1,1,NA,1,1,46.8,NA,NA,NA,NA,NA,ARFR4-SOS-WY050-49-FREMONT-12,#5E4FA2,-109.34775,43.42663611,5 - 10 Deg. F. / 6 - 12,,5 - 10 Deg. F.,12-Jun,5 - 10 Deg. F. / 6 - 12,5 - 10 / semi-arid,WY.3,#ffb90f,"semi-arid, cold",#5E4FA2,K,NA,NA
ARFR-WY930-44-LASANIMAS-13,black,1,1,3,NA,3,1,1,0,NA,1,0,NA,1,0,NA,1,1,NA,1,1,N,1,1,NA,1,1,40.5,NA,NA,NA,NA,NA,ARFR4-SOS-WY930-44-LASANIMAS-13,#FDAE61,-104.6423889,37.16547222,15 - 20 Deg. F. / 3 - 6,,15 - 20 Deg. F.,6-Mar,15 - 20 Deg. F. / 3 - 6,15 - 20 / semi-humid,CO.1,#698b69,"semi-humid, warm",#FDAE61,D,NA,NA
ARFR-CO932-314-JEFFERSON-12,black,1,1,4,NA,4,1,1,0,NA,1,0,NA,1,1,NA,1,1,NA,1,1,N,1,1,NA,1,1,58.8,NA,NA,NA,NA,NA,ARFR4-SOS-CO932-314-JEFFERSON-12,#FEE08B,-105.3553333,39.40902778,10 - 15 Deg. F. / 3 - 6,,10 - 15 Deg. F.,6-Mar,10 - 15 Deg. F. / 3 - 6,10 - 15 / semi-humid,CO.2,#66e566,"semi-humid, cool",#FEE08B,E,NA,NA
ARFR-CO932-316-JEFFERSON-12,black,1,1,5,142,5,1,1,0,NA,1,0,NA,1,1,NA,1,1,NA,1,1,N,1,1,dying,1,1,53,NA,NA,NA,NA,NA,ARFR4-SOS-CO932-316-JEFFERSON-12,#FFFF85,-105.358,39.66325,15 - 20 Deg. F. / 3 - 6,,15 - 20 Deg. F.,6-Mar,15 - 20 Deg. F. / 3 - 6,15 - 20 / semi-humid,CO.3,#698b69,"semi-humid, warm",#FFFF85,F,NA,NA
ARFR-CO932-314-JEFFERSON-12,black,1,1,6,NA,6,1,1,0,NA,1,0,NA,1,1,NA,1,1,NA,1,1,N,1,1,NA,1,1,52.4,NA,NA,NA,NA,NA,ARFR4-SOS-CO932-314-JEFFERSON-12,#FEE08B,-105.3553333,39.40902778,10 - 15 Deg. F. / 3 - 6,,10 - 15 Deg. F.,6-Mar,10 - 15 Deg. F. / 3 - 6,10 - 15 / semi-humid,CO.2,#66e566,"semi-humid, cool",#FEE08B,E,NA,NA
ARFR-CO932-316-JEFFERSON-12,black,1,1,7,NA,7,1,1,0,NA,1,0,NA,1,1,NA,1,1,NA,1,1,N,1,1,NA,1,1,58.2,NA,NA,NA,NA,NA,ARFR4-SOS-CO932-316-JEFFERSON-12,#FFFF85,-105.358,39.66325,15 - 20 Deg. F. / 3 - 6,,15 - 20 Deg. F.,6-Mar,15 - 20 Deg. F. / 3 - 6,15 - 20 / semi-humid,CO.3,#698b69,"semi-humid, warm",#FFFF85,F,NA,NA
ARFR-CO932-314-JEFFERSON-12,black,1,1,8,NA,8,1,1,0,NA,1,0,NA,1,0,NA,1,1,NA,1,1,N,1,1,NA,1,1,57.4,NA,NA,NA,NA,NA,ARFR4-SOS-CO932-314-JEFFERSON-12,#FEE08B,-105.3553333,39.40902778,10 - 15 Deg. F. / 3 - 6,,10 - 15 Deg. F.,6-Mar,10 - 15 Deg. F. / 3 - 6,10 - 15 / semi-humid,CO.2,#66e566,"semi-humid, cool",#FEE08B,E,NA,NA
ARFR-WY050-151-FREMONT-16,black,1,1,9,NA,9,1,1,0,NA,1,0,NA,1,0,NA,1,1,NA,1,1,N,1,1,NA,1,1,NA,indistinguishable from neighbor plants,NA,NA,NA,NA,ARFR4-SOS-WY050-151-FREMONT-16,#3288BD,-108.1704472,42.47886111,10 - 15 Deg. F. / 6 - 12,,10 - 15 Deg. F.,12-Jun,10 - 15 Deg. F. / 6 - 12,10 - 15 / semi-arid,WY.2,#cd8500,"semi-arid, cool",#3288BD,J,NA,NA
ARFR-WY050-151-FREMONT-16,black,1,1,10,143,10,1,1,0,NA,1,0,NA,1,0,NA,1,1,NA,1,1,N,1,1,NA,1,1,NA,indistinguishable from neighbor plants,NA,NA,NA,NA,ARFR4-SOS-WY050-151-FREMONT-16,#3288BD,-108.1704472,42.47886111,10 - 15 Deg. F. / 6 - 12,,10 - 15 Deg. F.,12-Jun,10 - 15 Deg. F. / 6 - 12,10 - 15 / semi-arid,WY.2,#cd8500,"semi-arid, cool",#3288BD,J,NA,NA
ARFR-CO932-294-11,black,1,1,11,NA,11,1,1,0,NA,1,0,NA,1,0,NA,1,1,NA,1,1,N,1,1,NA,1,1,53.6,NA,NA,NA,NA,NA,ARFR4-SOS-CO932-294-11,#ABDDA4,-105.2030833,39.78458333,15 - 20 Deg. F. / 3 - 6,,15 - 20 Deg. F.,6-Mar,15 - 20 Deg. F. / 3 - 6,15 - 20 / semi-humid,CO.4,#698b69,"semi-humid, warm",#ABDDA4,H,NA,NA
ARFR-NM930N-66-11,black,1,1,12,NA,12,1,1,0,NA,1,0,NA,1,1,NA,1,1,NA,1,1,N,1,1,NA,1,1,56.5,NA,NA,NA,NA,NA,ARFR4-SOS-NM930N-66-11,#F46D43,-107.2045028,36.76818611,10 - 15 Deg. F. / 3 - 6,,10 - 15 Deg. F.,6-Mar,10 - 15 Deg. F. / 3 - 6,10 - 15 / semi-humid,NM.1,#66e566,"semi-humid, cool",#F46D43,C,NA,NA
ARFR-WY050-49-FREMONT-12,black,1,1,13,NA,13,1,1,0,NA,1,0,NA,1,0,NA,1,1,NA,1,1,N,1,1,NA,1,1,47,NA,NA,NA,NA,NA,ARFR4-SOS-WY050-49-FREMONT-12,#5E4FA2,-109.34775,43.42663611,5 - 10 Deg. F. / 6 - 12,,5 - 10 Deg. F.,12-Jun,5 - 10 Deg. F. / 6 - 12,5 - 10 / semi-arid,WY.3,#ffb90f,"semi-arid, cold",#5E4FA2,K,NA,NA
ARFR-AZ930-423-NAVAJO-18,black,1,1,14,NA,14,1,1,0,NA,1,0,NA,1,0,NA,1,1,NA,1,1,N,1,1,NA,1,1,62.9,NA,NA,NA,NA,NA,ARFR4-SOS-AZ930-423-NAVAJO-18,#9E0142,-110.431,36.45877,15 - 20 Deg. F. / 6 - 12,SdZones downloaded 20230823,15 - 20 Deg. F.,12-Jun,15 - 20 Deg. F. / 6 - 12,15 - 20 / semi-arid,AZ.1,#ee5c42,"semi-arid, warm",#9E0142,A,NA,NA
ARFR-WY050-151-FREMONT-16,black,1,1,15,144,15,1,1,1,NA,1,1,NA,1,1,NA,1,1,NA,1,1,N,1,1,NA,1,1,37,NA,NA,NA,NA,NA,ARFR4-SOS-WY050-151-FREMONT-16,#3288BD,-108.1704472,42.47886111,10 - 15 Deg. F. / 6 - 12,,10 - 15 Deg. F.,12-Jun,10 - 15 Deg. F. / 6 - 12,10 - 15 / semi-arid,WY.2,#cd8500,"semi-arid, cool",#3288BD,J,NA,NA
ARFR-WY040-71-10,black,1,1,16,NA,16,1,1,0,NA,1,0,NA,1,1,NA,1,1,NA,1,1,N,1,1,NA,1,1,47.7,NA,NA,NA,NA,NA,ARFR4-SOS-WY040-71-10,#66C2A5,-109.2433156,41.13271889,5 - 10 Deg. F. / 3 - 6,,5 - 10 Deg. F.,6-Mar,5 - 10 Deg. F. / 3 - 6,5 - 10 / semi-humid,WY.1,#a5c2f1,"semi-humid, cold",#66C2A5,I,NA,NA
ARFR-CO932-294-11,black,1,1,17,NA,17,1,1,0,NA,1,0,NA,1,0,NA,1,1,NA,1,1,N,1,1,NA,1,1,39,NA,NA,NA,NA,NA,ARFR4-SOS-CO932-294-11,#ABDDA4,-105.2030833,39.78458333,15 - 20 Deg. F. / 3 - 6,,15 - 20 Deg. F.,6-Mar,15 - 20 Deg. F. / 3 - 6,15 - 20 / semi-humid,CO.4,#698b69,"semi-humid, warm",#ABDDA4,H,NA,NA
ARFR-WY050-49-FREMONT-12,black,1,1,18,NA,18,1,1,0,NA,1,0,NA,1,1,NA,1,1,NA,1,1,N,1,1,NA,1,1,51.5,NA,NA,NA,NA,NA,ARFR4-SOS-WY050-49-FREMONT-12,#5E4FA2,-109.34775,43.42663611,5 - 10 Deg. F. / 6 - 12,,5 - 10 Deg. F.,12-Jun,5 - 10 Deg. F. / 6 - 12,5 - 10 / semi-arid,WY.3,#ffb90f,"semi-arid, cold",#5E4FA2,K,NA,NA
ARFR-CO932-314-JEFFERSON-12,black,1,1,19,NA,19,1,1,0,NA,1,0,NA,1,1,NA,1,1,NA,1,1,N,1,1,NA,1,1,59,NA,NA,NA,NA,NA,ARFR4-SOS-CO932-314-JEFFERSON-12,#FEE08B,-105.3553333,39.40902778,10 - 15 Deg. F. / 3 - 6,,10 - 15 Deg. F.,6-Mar,10 - 15 Deg. F. / 3 - 6,10 - 15 / semi-humid,CO.2,#66e566,"semi-humid, cool",#FEE08B,E,NA,NA
ARFR-CO932-314-JEFFERSON-12,black,1,1,20,145,20,1,1,0,NA,1,1,NA,1,1,NA,1,1,NA,1,1,N,1,1,NA,1,1,57.4,NA,NA,NA,NA,NA,ARFR4-SOS-CO932-314-JEFFERSON-12,#FEE08B,-105.3553333,39.40902778,10 - 15 Deg. F. / 3 - 6,,10 - 15 Deg. F.,6-Mar,10 - 15 Deg. F. / 3 - 6,10 - 15 / semi-humid,CO.2,#66e566,"semi-humid, cool",#FEE08B,E,NA,NA
ARFR-WY050-151-FREMONT-16,black,1,1,21,NA,21,1,1,0,NA,1,1,NA,1,1,NA,1,1,NA,1,1,N,1,1,NA,1,1,55.6,NA,NA,NA,NA,NA,ARFR4-SOS-WY050-151-FREMONT-16,#3288BD,-108.1704472,42.47886111,10 - 15 Deg. F. / 6 - 12,,10 - 15 Deg. F.,12-Jun,10 - 15 Deg. F. / 6 - 12,10 - 15 / semi-arid,WY.2,#cd8500,"semi-arid, cool",#3288BD,J,NA,NA
ARFR-WY040-71-10,black,1,1,22,NA,22,1,1,0,NA,1,1,NA,1,1,NA,1,1,NA,1,1,N,1,1,NA,1,1,NA,NA,NA,NA,NA,NA,ARFR4-SOS-WY040-71-10,#66C2A5,-109.2433156,41.13271889,5 - 10 Deg. F. / 3 - 6,,5 - 10 Deg. F.,6-Mar,5 - 10 Deg. F. / 3 - 6,5 - 10 / semi-humid,WY.1,#a5c2f1,"semi-humid, cold",#66C2A5,I,NA,NA
ARFR-CO932-316-JEFFERSON-12,black,1,1,23,NA,23,1,1,0,NA,1,1,NA,1,1,NA,1,1,NA,1,1,N,1,1,NA,1,1,60.4,NA,NA,NA,NA,NA,ARFR4-SOS-CO932-316-JEFFERSON-12,#FFFF85,-105.358,39.66325,15 - 20 Deg. F. / 3 - 6,,15 - 20 Deg. F.,6-Mar,15 - 20 Deg. F. / 3 - 6,15 - 20 / semi-humid,CO.3,#698b69,"semi-humid, warm",#FFFF85,F,NA,NA
ARFR-AZ930-422-NAVAJO-18,black,1,1,24,NA,24,1,1,0,NA,1,1,NA,1,1,NA,1,1,NA,1,1,N,1,1,NA,1,1,76.5,NA,NA,NA,NA,NA,ARFR4-SOS-AZ930-422-NAVAJO-18,#D53E4F,-110.431,36.56805,15 - 20 Deg. F. / 6 - 12,Lats corrected 20230127,15 - 20 Deg. F.,12-Jun,15 - 20 Deg. F. / 6 - 12,15 - 20 / semi-arid,AZ.2,#ee5c42,"semi-arid, warm",#D53E4F,B,NA,NA
ARFR-AZ930-423-NAVAJO-18,black,1,1,25,146,25,1,1,0,NA,1,0,NA,1,1,NA,1,1,NA,1,1,Y,1,1,NA,1,1,68,NA,NA,NA,NA,NA,ARFR4-SOS-AZ930-423-NAVAJO-18,#9E0142,-110.431,36.45877,15 - 20 Deg. F. / 6 - 12,SdZones downloaded 20230823,15 - 20 Deg. F.,12-Jun,15 - 20 Deg. F. / 6 - 12,15 - 20 / semi-arid,AZ.1,#ee5c42,"semi-arid, warm",#9E0142,A,NA,NA
ARFR-AZ930-422-NAVAJO-18,black,1,1,26,NA,26,1,1,0,NA,1,0,NA,1,1,NA,1,1,NA,1,1,N,1,1,NA,1,1,57,NA,NA,NA,NA,NA,ARFR4-SOS-AZ930-422-NAVAJO-18,#D53E4F,-110.431,36.56805,15 - 20 Deg. F. / 6 - 12,Lats corrected 20230127,15 - 20 Deg. F.,12-Jun,15 - 20 Deg. F. / 6 - 12,15 - 20 / semi-arid,AZ.2,#ee5c42,"semi-arid, warm",#D53E4F,B,NA,NA
ARFR-NM930N-66-11,black,1,1,27,NA,27,1,1,1,NA,1,1,NA,1,1,NA,1,1,NA,1,1,N,1,1,NA,1,1,70,NA,NA,NA,NA,NA,ARFR4-SOS-NM930N-66-11,#F46D43,-107.2045028,36.76818611,10 - 15 Deg. F. / 3 - 6,,10 - 15 Deg. F.,6-Mar,10 - 15 Deg. F. / 3 - 6,10 - 15 / semi-humid,NM.1,#66e566,"semi-humid, cool",#F46D43,C,NA,NA
ARFR-WY040-71-10,black,1,1,28,NA,28,1,1,0,NA,1,1,NA,1,1,NA,1,1,NA,1,1,N,1,1,NA,1,1,44,NA,NA,NA,NA,NA,ARFR4-SOS-WY040-71-10,#66C2A5,-109.2433156,41.13271889,5 - 10 Deg. F. / 3 - 6,,5 - 10 Deg. F.,6-Mar,5 - 10 Deg. F. / 3 - 6,5 - 10 / semi-humid,WY.1,#a5c2f1,"semi-humid, cold",#66C2A5,I,NA,NA
ARFR-WY040-71-10,black,1,1,29,NA,29,1,1,0,NA,1,1,NA,1,1,NA,1,1,NA,1,1,N,1,1,NA,1,1,59,NA,NA,NA,NA,NA,ARFR4-SOS-WY040-71-10,#66C2A5,-109.2433156,41.13271889,5 - 10 Deg. F. / 3 - 6,,5 - 10 Deg. F.,6-Mar,5 - 10 Deg. F. / 3 - 6,5 - 10 / semi-humid,WY.1,#a5c2f1,"semi-humid, cold",#66C2A5,I,NA,NA
ARFR-NM930N-66-11,black,1,1,30,147,30,1,1,0,NA,1,0,NA,1,1,NA,1,1,NA,1,1,N,1,1,NA,1,1,61.6,NA,NA,NA,NA,NA,ARFR4-SOS-NM930N-66-11,#F46D43,-107.2045028,36.76818611,10 - 15 Deg. F. / 3 - 6,,10 - 15 Deg. F.,6-Mar,10 - 15 Deg. F. / 3 - 6,10 - 15 / semi-humid,NM.1,#66e566,"semi-humid, cool",#F46D43,C,NA,NA
ARFR-CO932-294-11,black,1,1,31,NA,31,1,1,0,NA,1,0,NA,1,1,NA,1,1,NA,1,1,Y,1,1,NA,1,1,60.6,NA,NA,NA,NA,NA,ARFR4-SOS-CO932-294-11,#ABDDA4,-105.2030833,39.78458333,15 - 20 Deg. F. / 3 - 6,,15 - 20 Deg. F.,6-Mar,15 - 20 Deg. F. / 3 - 6,15 - 20 / semi-humid,CO.4,#698b69,"semi-humid, warm",#ABDDA4,H,NA,NA
ARFR-WY050-49-FREMONT-12,black,1,1,32,NA,32,1,1,1,NA,1,0,NA,1,1,NA,1,1,NA,1,1,N,1,1,NA,1,1,52.9,NA,NA,NA,NA,NA,ARFR4-SOS-WY050-49-FREMONT-12,#5E4FA2,-109.34775,43.42663611,5 - 10 Deg. F. / 6 - 12,,5 - 10 Deg. F.,12-Jun,5 - 10 Deg. F. / 6 - 12,5 - 10 / semi-arid,WY.3,#ffb90f,"semi-arid, cold",#5E4FA2,K,NA,NA
ARFR-WY040-71-10,black,1,1,33,NA,33,1,1,0,NA,1,1,NA,1,1,NA,1,1,NA,1,1,N,1,1,NA,1,1,53.9,dry,NA,NA,NA,NA,ARFR4-SOS-WY040-71-10,#66C2A5,-109.2433156,41.13271889,5 - 10 Deg. F. / 3 - 6,,5 - 10 Deg. F.,6-Mar,5 - 10 Deg. F. / 3 - 6,5 - 10 / semi-humid,WY.1,#a5c2f1,"semi-humid, cold",#66C2A5,I,NA,NA
ARFR-AZ930-422-NAVAJO-18,black,1,1,34,NA,34,1,1,0,NA,1,1,NA,1,1,NA,1,1,NA,1,1,N,1,1,NA,1,1,69.5,NA,NA,NA,NA,NA,ARFR4-SOS-AZ930-422-NAVAJO-18,#D53E4F,-110.431,36.56805,15 - 20 Deg. F. / 6 - 12,Lats corrected 20230127,15 - 20 Deg. F.,12-Jun,15 - 20 Deg. F. / 6 - 12,15 - 20 / semi-arid,AZ.2,#ee5c42,"semi-arid, warm",#D53E4F,B,NA,NA
ARFR-UT080-109-UINTAH-12,black,1,1,35,148,35,1,1,0,NA,1,0,NA,1,1,NA,1,1,NA,1,1,N,1,1,NA,1,1,62.5,NA,NA,NA,NA,NA,ARFR4-SOS-UT080-109-UINTAH-12,#aabe7f,-109.1426444,39.70802222,10 - 15 Deg. F. / 3 - 6,,10 - 15 Deg. F.,6-Mar,10 - 15 Deg. F. / 3 - 6,10 - 15 / semi-humid,UT.1,#66e566,"semi-humid, cool",#aabe7f,G,NA,NA
ARFR-WY050-49-FREMONT-12,black,1,1,36,NA,36,1,1,1,NA,1,1,NA,1,1,NA,1,1,NA,1,1,N,1,1,NA,1,1,50.2,NA,NA,NA,NA,NA,ARFR4-SOS-WY050-49-FREMONT-12,#5E4FA2,-109.34775,43.42663611,5 - 10 Deg. F. / 6 - 12,,5 - 10 Deg. F.,12-Jun,5 - 10 Deg. F. / 6 - 12,5 - 10 / semi-arid,WY.3,#ffb90f,"semi-arid, cold",#5E4FA2,K,NA,NA
ARFR-WY040-71-10,black,1,1,37,NA,37,1,1,0,NA,1,1,NA,1,1,NA,1,1,NA,1,1,N,1,1,NA,1,1,53,NA,NA,NA,NA,NA,ARFR4-SOS-WY040-71-10,#66C2A5,-109.2433156,41.13271889,5 - 10 Deg. F. / 3 - 6,,5 - 10 Deg. F.,6-Mar,5 - 10 Deg. F. / 3 - 6,5 - 10 / semi-humid,WY.1,#a5c2f1,"semi-humid, cold",#66C2A5,I,NA,NA
ARFR-AZ930-423-NAVAJO-18,black,1,1,38,NA,38,1,1,0,NA,1,1,NA,1,1,NA,1,1,NA,1,1,N,1,1,NA,1,1,57.1,NA,NA,NA,NA,NA,ARFR4-SOS-AZ930-423-NAVAJO-18,#9E0142,-110.431,36.45877,15 - 20 Deg. F. / 6 - 12,SdZones downloaded 20230823,15 - 20 Deg. F.,12-Jun,15 - 20 Deg. F. / 6 - 12,15 - 20 / semi-arid,AZ.1,#ee5c42,"semi-arid, warm",#9E0142,A,NA,NA
ARFR-WY930-44-LASANIMAS-13,black,1,1,39,NA,39,1,1,0,NA,1,0,NA,1,1,NA,1,1,NA,1,1,N,1,1,NA,1,1,57.3,NA,NA,NA,NA,NA,ARFR4-SOS-WY930-44-LASANIMAS-13,#FDAE61,-104.6423889,37.16547222,15 - 20 Deg. F. / 3 - 6,,15 - 20 Deg. F.,6-Mar,15 - 20 Deg. F. / 3 - 6,15 - 20 / semi-humid,CO.1,#698b69,"semi-humid, warm",#FDAE61,D,NA,NA
ARFR-AZ930-422-NAVAJO-18,black,1,1,40,149,40,1,1,0,NA,1,0,NA,1,1,NA,1,1,NA,1,0,N,1,0,small,1,1,29.8,very small,Y,NA,NA,NA,ARFR4-SOS-AZ930-422-NAVAJO-18,#D53E4F,-110.431,36.56805,15 - 20 Deg. F. / 6 - 12,Lats corrected 20230127,15 - 20 Deg. F.,12-Jun,15 - 20 Deg. F. / 6 - 12,15 - 20 / semi-arid,AZ.2,#ee5c42,"semi-arid, warm",#D53E4F,B,NA,NA
ARFR-AZ930-422-NAVAJO-18,black,1,1,41,NA,41,1,1,0,NA,1,0,NA,1,1,NA,1,1,NA,1,1,N,1,1,NA,1,1,63.3,NA,NA,NA,NA,NA,ARFR4-SOS-AZ930-422-NAVAJO-18,#D53E4F,-110.431,36.56805,15 - 20 Deg. F. / 6 - 12,Lats corrected 20230127,15 - 20 Deg. F.,12-Jun,15 - 20 Deg. F. / 6 - 12,15 - 20 / semi-arid,AZ.2,#ee5c42,"semi-arid, warm",#D53E4F,B,NA,NA
ARFR-CO932-294-11,black,1,1,42,NA,42,1,1,0,NA,1,1,NA,1,1,NA,1,1,NA,1,1,Y,1,1,NA,1,1,58.6,NA,NA,NA,NA,NA,ARFR4-SOS-CO932-294-11,#ABDDA4,-105.2030833,39.78458333,15 - 20 Deg. F. / 3 - 6,,15 - 20 Deg. F.,6-Mar,15 - 20 Deg. F. / 3 - 6,15 - 20 / semi-humid,CO.4,#698b69,"semi-humid, warm",#ABDDA4,H,NA,NA
ARFR-AZ930-422-NAVAJO-18,black,1,1,43,NA,43,1,1,0,NA,1,1,NA,1,1,NA,1,1,NA,1,1,N,1,1,NA,1,1,49.5,NA,NA,NA,NA,NA,ARFR4-SOS-AZ930-422-NAVAJO-18,#D53E4F,-110.431,36.56805,15 - 20 Deg. F. / 6 - 12,Lats corrected 20230127,15 - 20 Deg. F.,12-Jun,15 - 20 Deg. F. / 6 - 12,15 - 20 / semi-arid,AZ.2,#ee5c42,"semi-arid, warm",#D53E4F,B,NA,NA
ARFR-AZ930-422-NAVAJO-18,black,1,1,44,NA,44,1,1,0,NA,1,0,NA,1,1,NA,1,1,NA,1,1,N,1,1,NA,1,1,51,NA,NA,NA,NA,NA,ARFR4-SOS-AZ930-422-NAVAJO-18,#D53E4F,-110.431,36.56805,15 - 20 Deg. F. / 6 - 12,Lats corrected 20230127,15 - 20 Deg. F.,12-Jun,15 - 20 Deg. F. / 6 - 12,15 - 20 / semi-arid,AZ.2,#ee5c42,"semi-arid, warm",#D53E4F,B,NA,NA
ARFR-CO932-314-JEFFERSON-12,black,1,1,45,150,45,1,1,0,NA,1,0,NA,1,0,NA,1,1,NA,1,1,N,1,1,NA,1,1,NA,NA,NA,NA,NA,NA,ARFR4-SOS-CO932-314-JEFFERSON-12,#FEE08B,-105.3553333,39.40902778,10 - 15 Deg. F. / 3 - 6,,10 - 15 Deg. F.,6-Mar,10 - 15 Deg. F. / 3 - 6,10 - 15 / semi-humid,CO.2,#66e566,"semi-humid, cool",#FEE08B,E,NA,NA
ARFR-WY050-49-FREMONT-12,black,1,1,46,NA,46,1,1,0,NA,1,0,NA,1,1,NA,1,1,NA,1,1,N,1,1,NA,1,1,58.5,NA,NA,NA,NA,NA,ARFR4-SOS-WY050-49-FREMONT-12,#5E4FA2,-109.34775,43.42663611,5 - 10 Deg. F. / 6 - 12,,5 - 10 Deg. F.,12-Jun,5 - 10 Deg. F. / 6 - 12,5 - 10 / semi-arid,WY.3,#ffb90f,"semi-arid, cold",#5E4FA2,K,NA,NA
ARFR-WY040-71-10,black,1,1,47,NA,47,1,1,1,NA,1,1,NA,1,1,NA,1,1,NA,1,1,N,1,1,NA,1,1,46,NA,NA,NA,NA,NA,ARFR4-SOS-WY040-71-10,#66C2A5,-109.2433156,41.13271889,5 - 10 Deg. F. / 3 - 6,,5 - 10 Deg. F.,6-Mar,5 - 10 Deg. F. / 3 - 6,5 - 10 / semi-humid,WY.1,#a5c2f1,"semi-humid, cold",#66C2A5,I,NA,NA
ARFR-AZ930-423-NAVAJO-18,black,1,1,48,NA,48,1,1,0,NA,1,0,NA,1,0,NA,1,1,NA,1,1,N,1,1,NA,1,1,50.4,NA,NA,NA,NA,NA,ARFR4-SOS-AZ930-423-NAVAJO-18,#9E0142,-110.431,36.45877,15 - 20 Deg. F. / 6 - 12,SdZones downloaded 20230823,15 - 20 Deg. F.,12-Jun,15 - 20 Deg. F. / 6 - 12,15 - 20 / semi-arid,AZ.1,#ee5c42,"semi-arid, warm",#9E0142,A,NA,NA
ARFR-WY040-71-10,black,1,1,49,NA,49,1,1,1,NA,1,1,NA,1,1,NA,1,1,NA,1,1,N,1,1,NA,1,1,49.4,dry,NA,NA,NA,NA,ARFR4-SOS-WY040-71-10,#66C2A5,-109.2433156,41.13271889,5 - 10 Deg. F. / 3 - 6,,5 - 10 Deg. F.,6-Mar,5 - 10 Deg. F. / 3 - 6,5 - 10 / semi-humid,WY.1,#a5c2f1,"semi-humid, cold",#66C2A5,I,NA,NA
ARFR-CO932-294-11,black,1,1,50,151,50,1,1,0,NA,1,0,NA,1,1,NA,1,1,NA,1,1,N,1,1,NA,1,1,49.9,NA,NA,NA,NA,NA,ARFR4-SOS-CO932-294-11,#ABDDA4,-105.2030833,39.78458333,15 - 20 Deg. F. / 3 - 6,,15 - 20 Deg. F.,6-Mar,15 - 20 Deg. F. / 3 - 6,15 - 20 / semi-humid,CO.4,#698b69,"semi-humid, warm",#ABDDA4,H,NA,NA
ARFR-WY040-71-10,black,1,1,51,NA,51,1,1,0,NA,1,1,NA,1,0,NA,1,1,NA,1,1,N,1,1,NA,1,1,54.6,NA,NA,NA,NA,NA,ARFR4-SOS-WY040-71-10,#66C2A5,-109.2433156,41.13271889,5 - 10 Deg. F. / 3 - 6,,5 - 10 Deg. F.,6-Mar,5 - 10 Deg. F. / 3 - 6,5 - 10 / semi-humid,WY.1,#a5c2f1,"semi-humid, cold",#66C2A5,I,NA,NA
ARFR-WY050-151-FREMONT-16,black,1,1,52,NA,52,1,1,0,NA,1,0,NA,1,1,NA,1,1,NA,1,1,Y,1,1,NA,1,1,45.4,NA,NA,NA,NA,NA,ARFR4-SOS-WY050-151-FREMONT-16,#3288BD,-108.1704472,42.47886111,10 - 15 Deg. F. / 6 - 12,,10 - 15 Deg. F.,12-Jun,10 - 15 Deg. F. / 6 - 12,10 - 15 / semi-arid,WY.2,#cd8500,"semi-arid, cool",#3288BD,J,NA,NA
ARFR-WY050-151-FREMONT-16,black,1,1,53,NA,53,1,1,0,NA,1,0,NA,1,1,NA,1,1,NA,1,1,N,1,1,NA,1,1,37.4,NA,NA,NA,NA,NA,ARFR4-SOS-WY050-151-FREMONT-16,#3288BD,-108.1704472,42.47886111,10 - 15 Deg. F. / 6 - 12,,10 - 15 Deg. F.,12-Jun,10 - 15 Deg. F. / 6 - 12,10 - 15 / semi-arid,WY.2,#cd8500,"semi-arid, cool",#3288BD,J,NA,NA
ARFR-WY930-44-LASANIMAS-13,black,1,1,54,NA,54,1,1,0,NA,1,0,NA,1,0,NA,1,1,NA,1,1,N,1,1,NA,1,1,51.2,NA,NA,NA,NA,NA,ARFR4-SOS-WY930-44-LASANIMAS-13,#FDAE61,-104.6423889,37.16547222,15 - 20 Deg. F. / 3 - 6,,15 - 20 Deg. F.,6-Mar,15 - 20 Deg. F. / 3 - 6,15 - 20 / semi-humid,CO.1,#698b69,"semi-humid, warm",#FDAE61,D,NA,NA
ARFR-WY050-151-FREMONT-16,black,1,1,55,152,55,1,1,0,NA,1,0,NA,1,1,NA,1,1,NA,1,1,N,1,1,NA,1,1,42,NA,NA,NA,NA,NA,ARFR4-SOS-WY050-151-FREMONT-16,#3288BD,-108.1704472,42.47886111,10 - 15 Deg. F. / 6 - 12,,10 - 15 Deg. F.,12-Jun,10 - 15 Deg. F. / 6 - 12,10 - 15 / semi-arid,WY.2,#cd8500,"semi-arid, cool",#3288BD,J,NA,NA
ARFR-AZ930-422-NAVAJO-18,black,1,2,1,141,56,1,1,0,NA,1,1,NA,1,1,NA,1,1,NA,1,1,N,1,1,NA,1,1,64.5,NA,NA,NA,NA,NA,ARFR4-SOS-AZ930-422-NAVAJO-18,#D53E4F,-110.431,36.56805,15 - 20 Deg. F. / 6 - 12,Lats corrected 20230127,15 - 20 Deg. F.,12-Jun,15 - 20 Deg. F. / 6 - 12,15 - 20 / semi-arid,AZ.2,#ee5c42,"semi-arid, warm",#D53E4F,B,NA,NA
ARFR-CO932-294-11,black,1,2,2,NA,57,1,1,0,NA,1,0,NA,1,0,NA,1,0,NA,1,1,Y,1,1,NA,1,1,52.1,NA,NA,NA,NA,NA,ARFR4-SOS-CO932-294-11,#ABDDA4,-105.2030833,39.78458333,15 - 20 Deg. F. / 3 - 6,,15 - 20 Deg. F.,6-Mar,15 - 20 Deg. F. / 3 - 6,15 - 20 / semi-humid,CO.4,#698b69,"semi-humid, warm",#ABDDA4,H,NA,NA
ARFR-NM930N-66-11,black,1,2,3,NA,58,1,1,0,NA,1,0,NA,1,1,NA,1,1,NA,1,1,N,1,1,NA,1,1,70.6,NA,NA,NA,NA,NA,ARFR4-SOS-NM930N-66-11,#F46D43,-107.2045028,36.76818611,10 - 15 Deg. F. / 3 - 6,,10 - 15 Deg. F.,6-Mar,10 - 15 Deg. F. / 3 - 6,10 - 15 / semi-humid,NM.1,#66e566,"semi-humid, cool",#F46D43,C,NA,NA
ARFR-NM930N-66-11,black,1,2,4,NA,59,1,1,0,NA,1,0,NA,1,1,NA,1,1,NA,1,1,N,1,1,NA,1,1,74.2,NA,NA,NA,NA,NA,ARFR4-SOS-NM930N-66-11,#F46D43,-107.2045028,36.76818611,10 - 15 Deg. F. / 3 - 6,,10 - 15 Deg. F.,6-Mar,10 - 15 Deg. F. / 3 - 6,10 - 15 / semi-humid,NM.1,#66e566,"semi-humid, cool",#F46D43,C,NA,NA
ARFR-NM930N-66-11,black,1,2,5,142,60,1,1,0,NA,1,0,NA,1,1,NA,1,1,NA,1,1,N,1,1,NA,1,1,66.5,NA,NA,NA,NA,NA,ARFR4-SOS-NM930N-66-11,#F46D43,-107.2045028,36.76818611,10 - 15 Deg. F. / 3 - 6,,10 - 15 Deg. F.,6-Mar,10 - 15 Deg. F. / 3 - 6,10 - 15 / semi-humid,NM.1,#66e566,"semi-humid, cool",#F46D43,C,NA,NA
ARFR-WY050-151-FREMONT-16,black,1,2,6,NA,61,1,1,0,NA,1,0,NA,1,1,NA,1,1,NA,1,1,N,1,1,NA,1,1,51,NA,NA,NA,NA,NA,ARFR4-SOS-WY050-151-FREMONT-16,#3288BD,-108.1704472,42.47886111,10 - 15 Deg. F. / 6 - 12,,10 - 15 Deg. F.,12-Jun,10 - 15 Deg. F. / 6 - 12,10 - 15 / semi-arid,WY.2,#cd8500,"semi-arid, cool",#3288BD,J,NA,NA
ARFR-WY930-44-LASANIMAS-13,black,1,2,7,NA,62,1,1,0,NA,1,0,NA,1,0,NA,1,0,NA,1,0,N,1,0,NA,1,1,60,NA,NA,NA,NA,NA,ARFR4-SOS-WY930-44-LASANIMAS-13,#FDAE61,-104.6423889,37.16547222,15 - 20 Deg. F. / 3 - 6,,15 - 20 Deg. F.,6-Mar,15 - 20 Deg. F. / 3 - 6,15 - 20 / semi-humid,CO.1,#698b69,"semi-humid, warm",#FDAE61,D,NA,NA
ARFR-CO932-294-11,black,1,2,8,NA,63,1,1,0,NA,1,0,NA,1,0,NA,1,1,NA,1,1,N,1,1,NA,1,1,62.9,NA,NA,NA,NA,NA,ARFR4-SOS-CO932-294-11,#ABDDA4,-105.2030833,39.78458333,15 - 20 Deg. F. / 3 - 6,,15 - 20 Deg. F.,6-Mar,15 - 20 Deg. F. / 3 - 6,15 - 20 / semi-humid,CO.4,#698b69,"semi-humid, warm",#ABDDA4,H,NA,NA
ARFR-WY040-71-10,black,1,2,9,NA,64,1,1,1,NA,1,1,NA,1,1,NA,1,1,NA,1,1,Y,1,1,NA,1,1,55,NA,NA,NA,NA,NA,ARFR4-SOS-WY040-71-10,#66C2A5,-109.2433156,41.13271889,5 - 10 Deg. F. / 3 - 6,,5 - 10 Deg. F.,6-Mar,5 - 10 Deg. F. / 3 - 6,5 - 10 / semi-humid,WY.1,#a5c2f1,"semi-humid, cold",#66C2A5,I,NA,NA
ARFR-AZ930-422-NAVAJO-18,black,1,2,10,143,65,1,1,0,NA,1,0,NA,1,0,NA,1,1,NA,1,1,N,1,1,NA,1,1,69.6,NA,NA,NA,NA,NA,ARFR4-SOS-AZ930-422-NAVAJO-18,#D53E4F,-110.431,36.56805,15 - 20 Deg. F. / 6 - 12,Lats corrected 20230127,15 - 20 Deg. F.,12-Jun,15 - 20 Deg. F. / 6 - 12,15 - 20 / semi-arid,AZ.2,#ee5c42,"semi-arid, warm",#D53E4F,B,NA,NA
ARFR-WY050-49-FREMONT-12,black,1,2,11,NA,66,1,1,0,NA,1,0,NA,1,1,NA,1,1,NA,1,1,Y,1,1,NA,1,1,64.7,NA,NA,NA,NA,NA,ARFR4-SOS-WY050-49-FREMONT-12,#5E4FA2,-109.34775,43.42663611,5 - 10 Deg. F. / 6 - 12,,5 - 10 Deg. F.,12-Jun,5 - 10 Deg. F. / 6 - 12,5 - 10 / semi-arid,WY.3,#ffb90f,"semi-arid, cold",#5E4FA2,K,NA,NA
ARFR-UT080-109-UINTAH-12,black,1,2,12,NA,67,1,1,0,NA,1,0,NA,1,1,NA,1,1,NA,1,1,N,1,1,NA,1,1,57,NA,NA,NA,NA,NA,ARFR4-SOS-UT080-109-UINTAH-12,#aabe7f,-109.1426444,39.70802222,10 - 15 Deg. F. / 3 - 6,,10 - 15 Deg. F.,6-Mar,10 - 15 Deg. F. / 3 - 6,10 - 15 / semi-humid,UT.1,#66e566,"semi-humid, cool",#aabe7f,G,NA,NA
ARFR-WY930-44-LASANIMAS-13,black,1,2,13,NA,68,1,1,0,NA,1,0,NA,1,0,NA,1,1,NA,1,1,Y,1,1,NA,1,1,54.1,NA,NA,NA,NA,NA,ARFR4-SOS-WY930-44-LASANIMAS-13,#FDAE61,-104.6423889,37.16547222,15 - 20 Deg. F. / 3 - 6,,15 - 20 Deg. F.,6-Mar,15 - 20 Deg. F. / 3 - 6,15 - 20 / semi-humid,CO.1,#698b69,"semi-humid, warm",#FDAE61,D,NA,NA
ARFR-AZ930-423-NAVAJO-18,black,1,2,14,NA,69,1,1,0,NA,1,1,NA,1,1,NA,1,1,NA,1,1,N,1,1,NA,1,1,71.7,NA,NA,NA,NA,NA,ARFR4-SOS-AZ930-423-NAVAJO-18,#9E0142,-110.431,36.45877,15 - 20 Deg. F. / 6 - 12,SdZones downloaded 20230823,15 - 20 Deg. F.,12-Jun,15 - 20 Deg. F. / 6 - 12,15 - 20 / semi-arid,AZ.1,#ee5c42,"semi-arid, warm",#9E0142,A,NA,NA
ARFR-WY050-151-FREMONT-16,black,1,2,15,144,70,1,1,0,NA,1,0,NA,1,1,NA,1,1,NA,1,1,N,1,1,NA,1,1,55.1,NA,NA,NA,NA,NA,ARFR4-SOS-WY050-151-FREMONT-16,#3288BD,-108.1704472,42.47886111,10 - 15 Deg. F. / 6 - 12,,10 - 15 Deg. F.,12-Jun,10 - 15 Deg. F. / 6 - 12,10 - 15 / semi-arid,WY.2,#cd8500,"semi-arid, cool",#3288BD,J,NA,NA
ARFR-WY050-151-FREMONT-16,black,1,2,16,NA,71,1,1,0,NA,1,0,NA,1,1,NA,1,1,NA,1,1,N,1,1,NA,1,1,43.8,NA,NA,NA,NA,NA,ARFR4-SOS-WY050-151-FREMONT-16,#3288BD,-108.1704472,42.47886111,10 - 15 Deg. F. / 6 - 12,,10 - 15 Deg. F.,12-Jun,10 - 15 Deg. F. / 6 - 12,10 - 15 / semi-arid,WY.2,#cd8500,"semi-arid, cool",#3288BD,J,NA,NA
ARFR-CO932-314-JEFFERSON-12,black,1,2,17,NA,72,1,1,0,NA,1,0,NA,1,1,NA,1,1,NA,1,1,N,1,1,NA,1,1,59.4,NA,NA,NA,NA,NA,ARFR4-SOS-CO932-314-JEFFERSON-12,#FEE08B,-105.3553333,39.40902778,10 - 15 Deg. F. / 3 - 6,,10 - 15 Deg. F.,6-Mar,10 - 15 Deg. F. / 3 - 6,10 - 15 / semi-humid,CO.2,#66e566,"semi-humid, cool",#FEE08B,E,NA,NA
ARFR-UT080-109-UINTAH-12,black,1,2,18,NA,73,1,1,0,NA,1,0,NA,1,0,NA,1,0,NA,1,1,N,1,1,NA,1,1,NA,NA,NA,NA,NA,NA,ARFR4-SOS-UT080-109-UINTAH-12,#aabe7f,-109.1426444,39.70802222,10 - 15 Deg. F. / 3 - 6,,10 - 15 Deg. F.,6-Mar,10 - 15 Deg. F. / 3 - 6,10 - 15 / semi-humid,UT.1,#66e566,"semi-humid, cool",#aabe7f,G,NA,NA
ARFR-CO932-316-JEFFERSON-12,black,1,2,19,NA,74,1,1,0,NA,1,0,NA,1,1,NA,1,1,NA,1,1,N,1,1,NA,1,1,60.5,NA,NA,NA,NA,NA,ARFR4-SOS-CO932-316-JEFFERSON-12,#FFFF85,-105.358,39.66325,15 - 20 Deg. F. / 3 - 6,,15 - 20 Deg. F.,6-Mar,15 - 20 Deg. F. / 3 - 6,15 - 20 / semi-humid,CO.3,#698b69,"semi-humid, warm",#FFFF85,F,NA,NA
ARFR-CO932-316-JEFFERSON-12,black,1,2,20,145,75,1,1,0,NA,1,0,NA,1,1,NA,1,1,NA,1,1,N,1,1,NA,1,1,52.4,NA,NA,NA,NA,NA,ARFR4-SOS-CO932-316-JEFFERSON-12,#FFFF85,-105.358,39.66325,15 - 20 Deg. F. / 3 - 6,,15 - 20 Deg. F.,6-Mar,15 - 20 Deg. F. / 3 - 6,15 - 20 / semi-humid,CO.3,#698b69,"semi-humid, warm",#FFFF85,F,NA,NA
ARFR-UT080-109-UINTAH-12,black,1,2,21,NA,76,1,1,0,NA,1,0,NA,1,0,NA,1,0,NA,1,1,N,1,1,NA,1,1,75.4,NA,NA,NA,NA,NA,ARFR4-SOS-UT080-109-UINTAH-12,#aabe7f,-109.1426444,39.70802222,10 - 15 Deg. F. / 3 - 6,,10 - 15 Deg. F.,6-Mar,10 - 15 Deg. F. / 3 - 6,10 - 15 / semi-humid,UT.1,#66e566,"semi-humid, cool",#aabe7f,G,NA,Y
ARFR-WY050-49-FREMONT-12,black,1,2,22,NA,77,1,1,0,NA,1,1,NA,1,1,NA,1,1,NA,1,1,N,1,1,NA,1,1,NA,NA,NA,NA,NA,NA,ARFR4-SOS-WY050-49-FREMONT-12,#5E4FA2,-109.34775,43.42663611,5 - 10 Deg. F. / 6 - 12,,5 - 10 Deg. F.,12-Jun,5 - 10 Deg. F. / 6 - 12,5 - 10 / semi-arid,WY.3,#ffb90f,"semi-arid, cold",#5E4FA2,K,NA,NA
ARFR-AZ930-423-NAVAJO-18,black,1,2,23,NA,78,1,1,0,NA,1,1,NA,1,1,NA,1,1,NA,1,1,N,1,1,NA,1,1,60.9,NA,NA,NA,NA,NA,ARFR4-SOS-AZ930-423-NAVAJO-18,#9E0142,-110.431,36.45877,15 - 20 Deg. F. / 6 - 12,SdZones downloaded 20230823,15 - 20 Deg. F.,12-Jun,15 - 20 Deg. F. / 6 - 12,15 - 20 / semi-arid,AZ.1,#ee5c42,"semi-arid, warm",#9E0142,A,NA,NA
ARFR-WY050-151-FREMONT-16,black,1,2,24,NA,79,1,1,0,NA,1,1,NA,1,1,NA,1,1,NA,1,1,N,1,1,NA,1,1,15.5,"very small, original?",Y,NA,NA,NA,ARFR4-SOS-WY050-151-FREMONT-16,#3288BD,-108.1704472,42.47886111,10 - 15 Deg. F. / 6 - 12,,10 - 15 Deg. F.,12-Jun,10 - 15 Deg. F. / 6 - 12,10 - 15 / semi-arid,WY.2,#cd8500,"semi-arid, cool",#3288BD,J,NA,NA
ARFR-CO932-314-JEFFERSON-12,black,1,2,25,146,80,1,1,0,NA,1,0,NA,1,1,NA,1,1,NA,1,1,N,1,1,NA,1,1,53,NA,NA,NA,NA,NA,ARFR4-SOS-CO932-314-JEFFERSON-12,#FEE08B,-105.3553333,39.40902778,10 - 15 Deg. F. / 3 - 6,,10 - 15 Deg. F.,6-Mar,10 - 15 Deg. F. / 3 - 6,10 - 15 / semi-humid,CO.2,#66e566,"semi-humid, cool",#FEE08B,E,NA,NA
ARFR-WY050-49-FREMONT-12,black,1,2,26,NA,81,0,0,NA,NA,0,NA,NA,0,NA,NA,0,NA,NA,0,NA,N,0,NA,NA,0,NA,NA,NA,NA,NA,NA,NA,ARFR4-SOS-WY050-49-FREMONT-12,#5E4FA2,-109.34775,43.42663611,5 - 10 Deg. F. / 6 - 12,,5 - 10 Deg. F.,12-Jun,5 - 10 Deg. F. / 6 - 12,5 - 10 / semi-arid,WY.3,#ffb90f,"semi-arid, cold",#5E4FA2,K,NA,NA
ARFR-WY930-44-LASANIMAS-13,black,1,2,27,NA,82,1,1,0,NA,1,0,NA,1,0,NA,1,0,NA,1,1,N,1,1,NA,1,1,54,NA,NA,NA,NA,NA,ARFR4-SOS-WY930-44-LASANIMAS-13,#FDAE61,-104.6423889,37.16547222,15 - 20 Deg. F. / 3 - 6,,15 - 20 Deg. F.,6-Mar,15 - 20 Deg. F. / 3 - 6,15 - 20 / semi-humid,CO.1,#698b69,"semi-humid, warm",#FDAE61,D,NA,NA
ARFR-WY050-49-FREMONT-12,black,1,2,28,NA,83,1,1,0,NA,1,0,NA,1,0,NA,1,1,NA,1,1,N,1,1,NA,1,1,48,NA,NA,NA,NA,NA,ARFR4-SOS-WY050-49-FREMONT-12,#5E4FA2,-109.34775,43.42663611,5 - 10 Deg. F. / 6 - 12,,5 - 10 Deg. F.,12-Jun,5 - 10 Deg. F. / 6 - 12,5 - 10 / semi-arid,WY.3,#ffb90f,"semi-arid, cold",#5E4FA2,K,NA,NA
ARFR-WY050-151-FREMONT-16,black,1,2,29,NA,84,1,1,0,NA,1,0,NA,1,1,NA,1,1,NA,1,1,N,1,1,NA,1,1,51,NA,NA,NA,NA,NA,ARFR4-SOS-WY050-151-FREMONT-16,#3288BD,-108.1704472,42.47886111,10 - 15 Deg. F. / 6 - 12,,10 - 15 Deg. F.,12-Jun,10 - 15 Deg. F. / 6 - 12,10 - 15 / semi-arid,WY.2,#cd8500,"semi-arid, cool",#3288BD,J,NA,NA
ARFR-CO932-316-JEFFERSON-12,black,1,2,30,147,85,1,1,0,NA,1,0,NA,1,1,NA,1,1,NA,1,1,N,1,1,NA,1,1,61.5,NA,NA,NA,NA,NA,ARFR4-SOS-CO932-316-JEFFERSON-12,#FFFF85,-105.358,39.66325,15 - 20 Deg. F. / 3 - 6,,15 - 20 Deg. F.,6-Mar,15 - 20 Deg. F. / 3 - 6,15 - 20 / semi-humid,CO.3,#698b69,"semi-humid, warm",#FFFF85,F,NA,NA
ARFR-WY930-44-LASANIMAS-13,black,1,2,31,NA,86,1,1,0,NA,1,0,NA,1,0,NA,1,1,NA,1,1,N,1,1,NA,1,1,41,NA,NA,NA,NA,NA,ARFR4-SOS-WY930-44-LASANIMAS-13,#FDAE61,-104.6423889,37.16547222,15 - 20 Deg. F. / 3 - 6,,15 - 20 Deg. F.,6-Mar,15 - 20 Deg. F. / 3 - 6,15 - 20 / semi-humid,CO.1,#698b69,"semi-humid, warm",#FDAE61,D,NA,NA
ARFR-WY930-44-LASANIMAS-13,black,1,2,32,NA,87,1,1,1,NA,1,1,NA,1,0,NA,1,0,NA,1,1,N,1,1,NA,1,1,37,NA,NA,NA,NA,NA,ARFR4-SOS-WY930-44-LASANIMAS-13,#FDAE61,-104.6423889,37.16547222,15 - 20 Deg. F. / 3 - 6,,15 - 20 Deg. F.,6-Mar,15 - 20 Deg. F. / 3 - 6,15 - 20 / semi-humid,CO.1,#698b69,"semi-humid, warm",#FDAE61,D,NA,NA
ARFR-CO932-314-JEFFERSON-12,black,1,2,33,NA,88,1,1,0,NA,1,0,NA,1,1,NA,1,1,NA,1,1,N,1,1,NA,1,1,45.5,NA,NA,NA,NA,NA,ARFR4-SOS-CO932-314-JEFFERSON-12,#FEE08B,-105.3553333,39.40902778,10 - 15 Deg. F. / 3 - 6,,10 - 15 Deg. F.,6-Mar,10 - 15 Deg. F. / 3 - 6,10 - 15 / semi-humid,CO.2,#66e566,"semi-humid, cool",#FEE08B,E,NA,NA
ARFR-UT080-109-UINTAH-12,black,1,2,34,NA,89,0,0,NA,NA,0,NA,NA,0,NA,NA,0,NA,NA,0,NA,N,0,NA,NA,0,NA,NA,NA,NA,NA,NA,NA,ARFR4-SOS-UT080-109-UINTAH-12,#aabe7f,-109.1426444,39.70802222,10 - 15 Deg. F. / 3 - 6,,10 - 15 Deg. F.,6-Mar,10 - 15 Deg. F. / 3 - 6,10 - 15 / semi-humid,UT.1,#66e566,"semi-humid, cool",#aabe7f,G,NA,NA
ARFR-WY050-49-FREMONT-12,black,1,2,35,148,90,1,1,0,NA,1,0,NA,1,1,NA,1,1,NA,1,1,N,1,1,NA,1,1,49.5,NA,NA,NA,NA,NA,ARFR4-SOS-WY050-49-FREMONT-12,#5E4FA2,-109.34775,43.42663611,5 - 10 Deg. F. / 6 - 12,,5 - 10 Deg. F.,12-Jun,5 - 10 Deg. F. / 6 - 12,5 - 10 / semi-arid,WY.3,#ffb90f,"semi-arid, cold",#5E4FA2,K,NA,NA
ARFR-CO932-314-JEFFERSON-12,black,1,2,36,NA,91,0,0,NA,NA,0,NA,NA,0,NA,NA,0,NA,NA,0,NA,N,0,NA,NA,0,NA,NA,NA,NA,NA,NA,NA,ARFR4-SOS-CO932-314-JEFFERSON-12,#FEE08B,-105.3553333,39.40902778,10 - 15 Deg. F. / 3 - 6,,10 - 15 Deg. F.,6-Mar,10 - 15 Deg. F. / 3 - 6,10 - 15 / semi-humid,CO.2,#66e566,"semi-humid, cool",#FEE08B,E,NA,NA
ARFR-CO932-314-JEFFERSON-12,black,1,2,37,NA,92,1,1,0,NA,1,0,NA,1,0,NA,1,1,NA,1,1,Y,1,1,NA,0,NA,NA,NA,NA,Y,NA,NA,ARFR4-SOS-CO932-314-JEFFERSON-12,#FEE08B,-105.3553333,39.40902778,10 - 15 Deg. F. / 3 - 6,,10 - 15 Deg. F.,6-Mar,10 - 15 Deg. F. / 3 - 6,10 - 15 / semi-humid,CO.2,#66e566,"semi-humid, cool",#FEE08B,E,NA,NA
ARFR-WY930-44-LASANIMAS-13,black,1,2,38,NA,93,1,1,0,NA,1,0,NA,1,0,NA,1,1,NA,1,1,N,1,1,NA,1,1,61,NA,NA,NA,NA,NA,ARFR4-SOS-WY930-44-LASANIMAS-13,#FDAE61,-104.6423889,37.16547222,15 - 20 Deg. F. / 3 - 6,,15 - 20 Deg. F.,6-Mar,15 - 20 Deg. F. / 3 - 6,15 - 20 / semi-humid,CO.1,#698b69,"semi-humid, warm",#FDAE61,D,NA,NA
ARFR-NM930N-66-11,black,1,2,39,NA,94,1,1,NA,NA,1,NA,NA,1,0,NA,1,1,NA,1,1,N,1,1,NA,1,1,70.5,NA,NA,NA,NA,NA,ARFR4-SOS-NM930N-66-11,#F46D43,-107.2045028,36.76818611,10 - 15 Deg. F. / 3 - 6,,10 - 15 Deg. F.,6-Mar,10 - 15 Deg. F. / 3 - 6,10 - 15 / semi-humid,NM.1,#66e566,"semi-humid, cool",#F46D43,C,NA,NA
ARFR-WY050-49-FREMONT-12,black,1,2,40,149,95,1,1,0,NA,1,0,NA,1,1,NA,1,1,NA,1,1,Y,1,1,NA,1,1,47.3,NA,NA,NA,NA,NA,ARFR4-SOS-WY050-49-FREMONT-12,#5E4FA2,-109.34775,43.42663611,5 - 10 Deg. F. / 6 - 12,,5 - 10 Deg. F.,12-Jun,5 - 10 Deg. F. / 6 - 12,5 - 10 / semi-arid,WY.3,#ffb90f,"semi-arid, cold",#5E4FA2,K,NA,NA
ARFR-CO932-314-JEFFERSON-12,black,1,2,41,NA,96,0,0,NA,NA,0,NA,NA,0,NA,NA,0,NA,NA,0,NA,N,0,NA,NA,0,NA,NA,NA,NA,NA,NA,NA,ARFR4-SOS-CO932-314-JEFFERSON-12,#FEE08B,-105.3553333,39.40902778,10 - 15 Deg. F. / 3 - 6,,10 - 15 Deg. F.,6-Mar,10 - 15 Deg. F. / 3 - 6,10 - 15 / semi-humid,CO.2,#66e566,"semi-humid, cool",#FEE08B,E,NA,NA
ARFR-UT080-109-UINTAH-12,black,1,2,42,NA,97,1,1,0,NA,1,0,NA,1,1,NA,1,1,NA,1,1,N,1,1,NA,1,1,61.3,NA,NA,NA,NA,NA,ARFR4-SOS-UT080-109-UINTAH-12,#aabe7f,-109.1426444,39.70802222,10 - 15 Deg. F. / 3 - 6,,10 - 15 Deg. F.,6-Mar,10 - 15 Deg. F. / 3 - 6,10 - 15 / semi-humid,UT.1,#66e566,"semi-humid, cool",#aabe7f,G,NA,NA
ARFR-CO932-314-JEFFERSON-12,black,1,2,43,NA,98,1,1,0,NA,1,0,NA,1,0,NA,1,1,NA,1,1,N,1,1,NA,1,1,48.1,NA,NA,NA,NA,NA,ARFR4-SOS-CO932-314-JEFFERSON-12,#FEE08B,-105.3553333,39.40902778,10 - 15 Deg. F. / 3 - 6,,10 - 15 Deg. F.,6-Mar,10 - 15 Deg. F. / 3 - 6,10 - 15 / semi-humid,CO.2,#66e566,"semi-humid, cool",#FEE08B,E,NA,NA
ARFR-AZ930-422-NAVAJO-18,black,1,2,44,NA,99,1,1,0,NA,1,0,NA,1,1,NA,1,1,NA,1,1,N,1,1,NA,1,1,52.5,NA,NA,NA,NA,NA,ARFR4-SOS-AZ930-422-NAVAJO-18,#D53E4F,-110.431,36.56805,15 - 20 Deg. F. / 6 - 12,Lats corrected 20230127,15 - 20 Deg. F.,12-Jun,15 - 20 Deg. F. / 6 - 12,15 - 20 / semi-arid,AZ.2,#ee5c42,"semi-arid, warm",#D53E4F,B,NA,NA
ARFR-CO932-316-JEFFERSON-12,black,1,2,45,150,100,1,1,0,NA,1,0,NA,1,1,NA,1,1,NA,1,1,N,1,1,NA,1,1,57,NA,NA,NA,NA,NA,ARFR4-SOS-CO932-316-JEFFERSON-12,#FFFF85,-105.358,39.66325,15 - 20 Deg. F. / 3 - 6,,15 - 20 Deg. F.,6-Mar,15 - 20 Deg. F. / 3 - 6,15 - 20 / semi-humid,CO.3,#698b69,"semi-humid, warm",#FFFF85,F,NA,NA
ARFR-CO932-314-JEFFERSON-12,black,1,2,46,NA,101,1,1,0,NA,1,0,NA,1,1,NA,1,1,NA,1,1,N,1,1,NA,1,1,52.1,NA,NA,NA,NA,NA,ARFR4-SOS-CO932-314-JEFFERSON-12,#FEE08B,-105.3553333,39.40902778,10 - 15 Deg. F. / 3 - 6,,10 - 15 Deg. F.,6-Mar,10 - 15 Deg. F. / 3 - 6,10 - 15 / semi-humid,CO.2,#66e566,"semi-humid, cool",#FEE08B,E,NA,NA
ARFR-UT080-109-UINTAH-12,black,1,2,47,NA,102,1,1,0,NA,1,0,NA,1,1,NA,1,1,NA,1,1,N,1,1,NA,1,1,55,NA,NA,NA,NA,NA,ARFR4-SOS-UT080-109-UINTAH-12,#aabe7f,-109.1426444,39.70802222,10 - 15 Deg. F. / 3 - 6,,10 - 15 Deg. F.,6-Mar,10 - 15 Deg. F. / 3 - 6,10 - 15 / semi-humid,UT.1,#66e566,"semi-humid, cool",#aabe7f,G,NA,NA
ARFR-AZ930-423-NAVAJO-18,black,1,2,48,NA,103,1,1,0,NA,1,0,NA,1,1,NA,1,1,NA,1,1,N,1,1,NA,1,1,57.7,NA,NA,NA,NA,NA,ARFR4-SOS-AZ930-423-NAVAJO-18,#9E0142,-110.431,36.45877,15 - 20 Deg. F. / 6 - 12,SdZones downloaded 20230823,15 - 20 Deg. F.,12-Jun,15 - 20 Deg. F. / 6 - 12,15 - 20 / semi-arid,AZ.1,#ee5c42,"semi-arid, warm",#9E0142,A,NA,NA
ARFR-WY050-49-FREMONT-12,black,1,2,49,NA,104,1,1,0,NA,1,0,NA,1,1,NA,1,1,NA,1,1,N,1,1,NA,1,1,46.5,NA,NA,NA,NA,NA,ARFR4-SOS-WY050-49-FREMONT-12,#5E4FA2,-109.34775,43.42663611,5 - 10 Deg. F. / 6 - 12,,5 - 10 Deg. F.,12-Jun,5 - 10 Deg. F. / 6 - 12,5 - 10 / semi-arid,WY.3,#ffb90f,"semi-arid, cold",#5E4FA2,K,NA,NA
ARFR-WY050-49-FREMONT-12,black,1,2,50,151,105,1,1,0,NA,1,0,NA,1,1,NA,1,1,NA,1,1,N,1,1,NA,1,1,50.3,NA,NA,NA,NA,NA,ARFR4-SOS-WY050-49-FREMONT-12,#5E4FA2,-109.34775,43.42663611,5 - 10 Deg. F. / 6 - 12,,5 - 10 Deg. F.,12-Jun,5 - 10 Deg. F. / 6 - 12,5 - 10 / semi-arid,WY.3,#ffb90f,"semi-arid, cold",#5E4FA2,K,NA,NA
ARFR-AZ930-422-NAVAJO-18,black,1,2,51,NA,106,1,1,0,NA,1,0,NA,1,1,NA,1,1,NA,1,1,N,1,1,NA,1,1,54.6,dry,NA,NA,NA,NA,ARFR4-SOS-AZ930-422-NAVAJO-18,#D53E4F,-110.431,36.56805,15 - 20 Deg. F. / 6 - 12,Lats corrected 20230127,15 - 20 Deg. F.,12-Jun,15 - 20 Deg. F. / 6 - 12,15 - 20 / semi-arid,AZ.2,#ee5c42,"semi-arid, warm",#D53E4F,B,NA,NA
ARFR-WY050-151-FREMONT-16,black,1,2,52,NA,107,1,1,0,NA,1,0,NA,1,1,NA,1,1,NA,1,1,N,1,1,NA,1,1,35,small,NA,NA,NA,NA,ARFR4-SOS-WY050-151-FREMONT-16,#3288BD,-108.1704472,42.47886111,10 - 15 Deg. F. / 6 - 12,,10 - 15 Deg. F.,12-Jun,10 - 15 Deg. F. / 6 - 12,10 - 15 / semi-arid,WY.2,#cd8500,"semi-arid, cool",#3288BD,J,NA,NA
ARFR-WY050-49-FREMONT-12,black,1,2,53,NA,108,1,1,0,NA,1,0,NA,1,1,NA,1,1,NA,1,1,N,1,1,NA,1,1,41,NA,NA,NA,NA,NA,ARFR4-SOS-WY050-49-FREMONT-12,#5E4FA2,-109.34775,43.42663611,5 - 10 Deg. F. / 6 - 12,,5 - 10 Deg. F.,12-Jun,5 - 10 Deg. F. / 6 - 12,5 - 10 / semi-arid,WY.3,#ffb90f,"semi-arid, cold",#5E4FA2,K,NA,NA
ARFR-WY040-71-10,black,1,2,54,NA,109,1,1,0,NA,1,0,NA,1,1,NA,1,1,NA,1,1,N,1,1,NA,1,1,42.9,NA,NA,NA,NA,NA,ARFR4-SOS-WY040-71-10,#66C2A5,-109.2433156,41.13271889,5 - 10 Deg. F. / 3 - 6,,5 - 10 Deg. F.,6-Mar,5 - 10 Deg. F. / 3 - 6,5 - 10 / semi-humid,WY.1,#a5c2f1,"semi-humid, cold",#66C2A5,I,NA,NA
ARFR-UT080-109-UINTAH-12,black,1,2,55,152,110,1,1,0,NA,1,0,NA,1,0,NA,1,1,NA,1,1,N,1,1,NA,1,1,33.9,very dry,NA,NA,NA,NA,ARFR4-SOS-UT080-109-UINTAH-12,#aabe7f,-109.1426444,39.70802222,10 - 15 Deg. F. / 3 - 6,,10 - 15 Deg. F.,6-Mar,10 - 15 Deg. F. / 3 - 6,10 - 15 / semi-humid,UT.1,#66e566,"semi-humid, cool",#aabe7f,G,NA,NA
ARFR-CO932-316-JEFFERSON-12,black,1,3,1,153,111,1,1,0,NA,1,0,NA,1,1,NA,1,1,NA,1,1,N,1,1,NA,1,1,55.7,NA,NA,NA,NA,NA,ARFR4-SOS-CO932-316-JEFFERSON-12,#FFFF85,-105.358,39.66325,15 - 20 Deg. F. / 3 - 6,,15 - 20 Deg. F.,6-Mar,15 - 20 Deg. F. / 3 - 6,15 - 20 / semi-humid,CO.3,#698b69,"semi-humid, warm",#FFFF85,F,NA,Y
ARFR-AZ930-423-NAVAJO-18,black,1,3,2,NA,112,1,1,0,NA,1,0,NA,1,1,NA,1,1,NA,1,1,N,1,1,NA,1,1,65,NA,NA,NA,NA,NA,ARFR4-SOS-AZ930-423-NAVAJO-18,#9E0142,-110.431,36.45877,15 - 20 Deg. F. / 6 - 12,SdZones downloaded 20230823,15 - 20 Deg. F.,12-Jun,15 - 20 Deg. F. / 6 - 12,15 - 20 / semi-arid,AZ.1,#ee5c42,"semi-arid, warm",#9E0142,A,NA,NA
ARFR-CO932-294-11,black,1,3,3,NA,113,1,1,0,NA,1,0,NA,1,1,NA,1,1,NA,1,0,N,1,0,NA,1,1,71,NA,Y,NA,NA,NA,ARFR4-SOS-CO932-294-11,#ABDDA4,-105.2030833,39.78458333,15 - 20 Deg. F. / 3 - 6,,15 - 20 Deg. F.,6-Mar,15 - 20 Deg. F. / 3 - 6,15 - 20 / semi-humid,CO.4,#698b69,"semi-humid, warm",#ABDDA4,H,NA,NA
ARFR-CO932-294-11,black,1,3,4,NA,114,1,1,0,NA,1,0,NA,1,0,NA,1,1,NA,1,0,N,1,0,NA,NA,NA,4.4,"very small, 4.4cm, new seedling?",Y,Y,Y,NA,ARFR4-SOS-CO932-294-11,#ABDDA4,-105.2030833,39.78458333,15 - 20 Deg. F. / 3 - 6,,15 - 20 Deg. F.,6-Mar,15 - 20 Deg. F. / 3 - 6,15 - 20 / semi-humid,CO.4,#698b69,"semi-humid, warm",#ABDDA4,H,NA,NA
ARFR-WY050-49-FREMONT-12,black,1,3,5,154,115,1,1,0,NA,1,0,NA,1,1,NA,1,1,NA,1,1,N,1,1,NA,1,1,54,NA,NA,NA,NA,NA,ARFR4-SOS-WY050-49-FREMONT-12,#5E4FA2,-109.34775,43.42663611,5 - 10 Deg. F. / 6 - 12,,5 - 10 Deg. F.,12-Jun,5 - 10 Deg. F. / 6 - 12,5 - 10 / semi-arid,WY.3,#ffb90f,"semi-arid, cold",#5E4FA2,K,NA,NA
ARFR-WY040-71-10,black,1,3,6,NA,116,1,1,1,NA,1,1,NA,1,1,NA,1,1,NA,1,1,N,1,1,NA,1,1,43.5,NA,NA,NA,NA,NA,ARFR4-SOS-WY040-71-10,#66C2A5,-109.2433156,41.13271889,5 - 10 Deg. F. / 3 - 6,,5 - 10 Deg. F.,6-Mar,5 - 10 Deg. F. / 3 - 6,5 - 10 / semi-humid,WY.1,#a5c2f1,"semi-humid, cold",#66C2A5,I,NA,NA
ARFR-CO932-316-JEFFERSON-12,black,1,3,7,NA,117,1,1,0,NA,1,0,NA,1,0,NA,1,1,NA,1,1,N,1,1,NA,1,1,67.5,NA,NA,NA,NA,NA,ARFR4-SOS-CO932-316-JEFFERSON-12,#FFFF85,-105.358,39.66325,15 - 20 Deg. F. / 3 - 6,,15 - 20 Deg. F.,6-Mar,15 - 20 Deg. F. / 3 - 6,15 - 20 / semi-humid,CO.3,#698b69,"semi-humid, warm",#FFFF85,F,NA,NA
ARFR-WY050-49-FREMONT-12,black,1,3,8,NA,118,1,1,0,NA,1,0,NA,1,0,NA,1,1,NA,1,1,N,1,1,NA,1,1,57.2,NA,NA,NA,NA,NA,ARFR4-SOS-WY050-49-FREMONT-12,#5E4FA2,-109.34775,43.42663611,5 - 10 Deg. F. / 6 - 12,,5 - 10 Deg. F.,12-Jun,5 - 10 Deg. F. / 6 - 12,5 - 10 / semi-arid,WY.3,#ffb90f,"semi-arid, cold",#5E4FA2,K,NA,NA
ARFR-CO932-314-JEFFERSON-12,black,1,3,9,NA,119,1,1,0,NA,1,0,NA,1,0,NA,1,1,NA,1,1,N,1,1,NA,1,1,55.1,NA,NA,NA,NA,NA,ARFR4-SOS-CO932-314-JEFFERSON-12,#FEE08B,-105.3553333,39.40902778,10 - 15 Deg. F. / 3 - 6,,10 - 15 Deg. F.,6-Mar,10 - 15 Deg. F. / 3 - 6,10 - 15 / semi-humid,CO.2,#66e566,"semi-humid, cool",#FEE08B,E,NA,NA
ARFR-CO932-316-JEFFERSON-12,black,1,3,10,155,120,1,1,0,NA,1,0,NA,1,0,NA,1,1,NA,1,1,N,1,1,NA,1,1,54.9,NA,NA,NA,NA,NA,ARFR4-SOS-CO932-316-JEFFERSON-12,#FFFF85,-105.358,39.66325,15 - 20 Deg. F. / 3 - 6,,15 - 20 Deg. F.,6-Mar,15 - 20 Deg. F. / 3 - 6,15 - 20 / semi-humid,CO.3,#698b69,"semi-humid, warm",#FFFF85,F,NA,NA
ARFR-WY050-151-FREMONT-16,black,1,3,11,NA,121,1,1,0,NA,1,0,NA,1,1,NA,1,1,NA,1,1,N,1,1,NA,1,1,51.1,NA,NA,NA,NA,NA,ARFR4-SOS-WY050-151-FREMONT-16,#3288BD,-108.1704472,42.47886111,10 - 15 Deg. F. / 6 - 12,,10 - 15 Deg. F.,12-Jun,10 - 15 Deg. F. / 6 - 12,10 - 15 / semi-arid,WY.2,#cd8500,"semi-arid, cool",#3288BD,J,NA,NA
ARFR-WY050-49-FREMONT-12,black,1,3,12,NA,122,1,1,0,NA,1,0,NA,1,1,NA,1,1,NA,1,1,N,1,1,NA,1,1,56.5,NA,NA,NA,NA,NA,ARFR4-SOS-WY050-49-FREMONT-12,#5E4FA2,-109.34775,43.42663611,5 - 10 Deg. F. / 6 - 12,,5 - 10 Deg. F.,12-Jun,5 - 10 Deg. F. / 6 - 12,5 - 10 / semi-arid,WY.3,#ffb90f,"semi-arid, cold",#5E4FA2,K,NA,NA
ARFR-CO932-314-JEFFERSON-12,black,1,3,13,NA,123,1,1,0,NA,1,1,NA,1,1,NA,1,1,NA,1,1,N,1,1,NA,1,1,60.5,NA,NA,NA,NA,NA,ARFR4-SOS-CO932-314-JEFFERSON-12,#FEE08B,-105.3553333,39.40902778,10 - 15 Deg. F. / 3 - 6,,10 - 15 Deg. F.,6-Mar,10 - 15 Deg. F. / 3 - 6,10 - 15 / semi-humid,CO.2,#66e566,"semi-humid, cool",#FEE08B,E,NA,NA
ARFR-WY050-151-FREMONT-16,black,1,3,14,NA,124,1,1,0,NA,1,0,NA,1,1,NA,1,1,NA,1,1,N,1,1,NA,1,1,40.2,NA,NA,NA,NA,NA,ARFR4-SOS-WY050-151-FREMONT-16,#3288BD,-108.1704472,42.47886111,10 - 15 Deg. F. / 6 - 12,,10 - 15 Deg. F.,12-Jun,10 - 15 Deg. F. / 6 - 12,10 - 15 / semi-arid,WY.2,#cd8500,"semi-arid, cool",#3288BD,J,NA,NA
ARFR-WY040-71-10,black,1,3,15,156,125,1,1,1,NA,1,1,NA,1,1,NA,1,1,NA,1,1,N,1,1,NA,1,1,46,NA,NA,NA,NA,NA,ARFR4-SOS-WY040-71-10,#66C2A5,-109.2433156,41.13271889,5 - 10 Deg. F. / 3 - 6,,5 - 10 Deg. F.,6-Mar,5 - 10 Deg. F. / 3 - 6,5 - 10 / semi-humid,WY.1,#a5c2f1,"semi-humid, cold",#66C2A5,I,NA,NA
ARFR-CO932-294-11,black,1,3,16,NA,126,1,1,0,NA,1,0,NA,1,0,NA,1,1,NA,1,0,N,1,0,NA,1,1,63.2,NA,NA,NA,NA,NA,ARFR4-SOS-CO932-294-11,#ABDDA4,-105.2030833,39.78458333,15 - 20 Deg. F. / 3 - 6,,15 - 20 Deg. F.,6-Mar,15 - 20 Deg. F. / 3 - 6,15 - 20 / semi-humid,CO.4,#698b69,"semi-humid, warm",#ABDDA4,H,NA,NA
ARFR-NM930N-66-11,black,1,3,17,NA,127,1,1,1,NA,1,1,NA,1,1,NA,1,1,NA,1,1,N,1,1,NA,1,1,76.5,NA,NA,NA,NA,NA,ARFR4-SOS-NM930N-66-11,#F46D43,-107.2045028,36.76818611,10 - 15 Deg. F. / 3 - 6,,10 - 15 Deg. F.,6-Mar,10 - 15 Deg. F. / 3 - 6,10 - 15 / semi-humid,NM.1,#66e566,"semi-humid, cool",#F46D43,C,NA,NA
ARFR-CO932-294-11,black,1,3,18,NA,128,1,1,0,NA,1,0,NA,1,0,NA,1,1,NA,1,1,N,1,1,NA,1,1,50.9,NA,NA,NA,NA,NA,ARFR4-SOS-CO932-294-11,#ABDDA4,-105.2030833,39.78458333,15 - 20 Deg. F. / 3 - 6,,15 - 20 Deg. F.,6-Mar,15 - 20 Deg. F. / 3 - 6,15 - 20 / semi-humid,CO.4,#698b69,"semi-humid, warm",#ABDDA4,H,NA,NA
ARFR-WY930-44-LASANIMAS-13,black,1,3,19,NA,129,1,1,0,NA,1,0,NA,1,0,NA,1,1,NA,1,0,Y,1,1,NA,1,1,50.4,NA,NA,NA,NA,NA,ARFR4-SOS-WY930-44-LASANIMAS-13,#FDAE61,-104.6423889,37.16547222,15 - 20 Deg. F. / 3 - 6,,15 - 20 Deg. F.,6-Mar,15 - 20 Deg. F. / 3 - 6,15 - 20 / semi-humid,CO.1,#698b69,"semi-humid, warm",#FDAE61,D,NA,NA
ARFR-NM930N-66-11,black,1,3,20,157,130,1,1,0,NA,1,0,NA,1,0,NA,1,1,NA,1,1,N,1,1,NA,1,1,55.9,NA,NA,NA,NA,NA,ARFR4-SOS-NM930N-66-11,#F46D43,-107.2045028,36.76818611,10 - 15 Deg. F. / 3 - 6,,10 - 15 Deg. F.,6-Mar,10 - 15 Deg. F. / 3 - 6,10 - 15 / semi-humid,NM.1,#66e566,"semi-humid, cool",#F46D43,C,NA,NA
ARFR-WY930-44-LASANIMAS-13,black,1,3,21,NA,131,1,1,0,NA,1,0,NA,1,0,NA,1,0,NA,1,1,N,1,1,NA,1,1,43,NA,NA,NA,NA,NA,ARFR4-SOS-WY930-44-LASANIMAS-13,#FDAE61,-104.6423889,37.16547222,15 - 20 Deg. F. / 3 - 6,,15 - 20 Deg. F.,6-Mar,15 - 20 Deg. F. / 3 - 6,15 - 20 / semi-humid,CO.1,#698b69,"semi-humid, warm",#FDAE61,D,NA,NA
ARFR-AZ930-423-NAVAJO-18,black,1,3,22,NA,132,1,1,0,NA,1,0,NA,1,0,NA,1,0,NA,1,1,N,1,1,NA,1,1,62.5,NA,NA,NA,NA,NA,ARFR4-SOS-AZ930-423-NAVAJO-18,#9E0142,-110.431,36.45877,15 - 20 Deg. F. / 6 - 12,SdZones downloaded 20230823,15 - 20 Deg. F.,12-Jun,15 - 20 Deg. F. / 6 - 12,15 - 20 / semi-arid,AZ.1,#ee5c42,"semi-arid, warm",#9E0142,A,NA,NA
ARFR-WY930-44-LASANIMAS-13,black,1,3,23,NA,133,1,1,0,NA,1,0,NA,1,0,NA,1,0,NA,1,0,Y,1,0,NA,1,1,48.4,NA,NA,NA,NA,NA,ARFR4-SOS-WY930-44-LASANIMAS-13,#FDAE61,-104.6423889,37.16547222,15 - 20 Deg. F. / 3 - 6,,15 - 20 Deg. F.,6-Mar,15 - 20 Deg. F. / 3 - 6,15 - 20 / semi-humid,CO.1,#698b69,"semi-humid, warm",#FDAE61,D,NA,NA
ARFR-WY040-71-10,black,1,3,24,NA,134,1,1,0,NA,1,0,NA,1,1,NA,1,1,NA,1,1,N,1,1,NA,1,1,42.5,NA,NA,NA,NA,NA,ARFR4-SOS-WY040-71-10,#66C2A5,-109.2433156,41.13271889,5 - 10 Deg. F. / 3 - 6,,5 - 10 Deg. F.,6-Mar,5 - 10 Deg. F. / 3 - 6,5 - 10 / semi-humid,WY.1,#a5c2f1,"semi-humid, cold",#66C2A5,I,NA,NA
ARFR-NM930N-66-11,black,1,3,25,158,135,1,1,0,NA,1,1,NA,1,1,NA,1,1,NA,1,1,N,1,1,NA,1,1,66,NA,NA,NA,NA,NA,ARFR4-SOS-NM930N-66-11,#F46D43,-107.2045028,36.76818611,10 - 15 Deg. F. / 3 - 6,,10 - 15 Deg. F.,6-Mar,10 - 15 Deg. F. / 3 - 6,10 - 15 / semi-humid,NM.1,#66e566,"semi-humid, cool",#F46D43,C,NA,NA
ARFR-AZ930-422-NAVAJO-18,black,1,3,26,NA,136,1,1,0,NA,1,0,NA,1,1,NA,1,1,NA,1,1,N,1,1,NA,1,1,57.2,dry,NA,NA,NA,NA,ARFR4-SOS-AZ930-422-NAVAJO-18,#D53E4F,-110.431,36.56805,15 - 20 Deg. F. / 6 - 12,Lats corrected 20230127,15 - 20 Deg. F.,12-Jun,15 - 20 Deg. F. / 6 - 12,15 - 20 / semi-arid,AZ.2,#ee5c42,"semi-arid, warm",#D53E4F,B,NA,NA
ARFR-UT080-109-UINTAH-12,black,1,3,27,NA,137,1,1,0,NA,1,0,NA,1,0,NA,1,0,NA,1,1,Y,1,1,dying?,1,1,38.4,small/dry,NA,NA,NA,NA,ARFR4-SOS-UT080-109-UINTAH-12,#aabe7f,-109.1426444,39.70802222,10 - 15 Deg. F. / 3 - 6,,10 - 15 Deg. F.,6-Mar,10 - 15 Deg. F. / 3 - 6,10 - 15 / semi-humid,UT.1,#66e566,"semi-humid, cool",#aabe7f,G,NA,NA
ARFR-CO932-316-JEFFERSON-12,black,1,3,28,NA,138,1,1,0,NA,1,0,NA,1,1,NA,1,1,NA,1,1,N,1,1,NA,1,1,46.6,NA,NA,NA,NA,NA,ARFR4-SOS-CO932-316-JEFFERSON-12,#FFFF85,-105.358,39.66325,15 - 20 Deg. F. / 3 - 6,,15 - 20 Deg. F.,6-Mar,15 - 20 Deg. F. / 3 - 6,15 - 20 / semi-humid,CO.3,#698b69,"semi-humid, warm",#FFFF85,F,NA,NA
ARFR-AZ930-423-NAVAJO-18,black,1,3,29,NA,139,1,1,0,NA,1,0,NA,1,1,NA,1,1,NA,1,1,N,1,1,NA,1,1,49.1,NA,NA,NA,NA,NA,ARFR4-SOS-AZ930-423-NAVAJO-18,#9E0142,-110.431,36.45877,15 - 20 Deg. F. / 6 - 12,SdZones downloaded 20230823,15 - 20 Deg. F.,12-Jun,15 - 20 Deg. F. / 6 - 12,15 - 20 / semi-arid,AZ.1,#ee5c42,"semi-arid, warm",#9E0142,A,NA,NA
ARFR-WY930-44-LASANIMAS-13,black,1,3,30,159,140,1,1,0,NA,1,0,NA,1,0,NA,1,0,NA,1,1,N,1,1,NA,1,1,63.3,NA,NA,NA,NA,NA,ARFR4-SOS-WY930-44-LASANIMAS-13,#FDAE61,-104.6423889,37.16547222,15 - 20 Deg. F. / 3 - 6,,15 - 20 Deg. F.,6-Mar,15 - 20 Deg. F. / 3 - 6,15 - 20 / semi-humid,CO.1,#698b69,"semi-humid, warm",#FDAE61,D,NA,NA
ARFR-CO932-294-11,black,1,3,31,NA,141,1,1,0,NA,1,0,NA,1,0,NA,1,0,NA,1,1,N,1,1,NA,1,1,52.2,NA,NA,NA,NA,NA,ARFR4-SOS-CO932-294-11,#ABDDA4,-105.2030833,39.78458333,15 - 20 Deg. F. / 3 - 6,,15 - 20 Deg. F.,6-Mar,15 - 20 Deg. F. / 3 - 6,15 - 20 / semi-humid,CO.4,#698b69,"semi-humid, warm",#ABDDA4,H,NA,NA
ARFR-AZ930-422-NAVAJO-18,black,1,3,32,NA,142,1,1,0,NA,1,0,NA,1,1,NA,1,1,NA,1,1,N,1,1,NA,1,1,53.5,NA,NA,NA,NA,NA,ARFR4-SOS-AZ930-422-NAVAJO-18,#D53E4F,-110.431,36.56805,15 - 20 Deg. F. / 6 - 12,Lats corrected 20230127,15 - 20 Deg. F.,12-Jun,15 - 20 Deg. F. / 6 - 12,15 - 20 / semi-arid,AZ.2,#ee5c42,"semi-arid, warm",#D53E4F,B,NA,NA
ARFR-CO932-294-11,black,1,3,33,NA,143,1,1,1,NA,1,1,NA,1,0,NA,1,1,NA,1,1,N,1,1,NA,1,1,50.5,NA,NA,NA,NA,NA,ARFR4-SOS-CO932-294-11,#ABDDA4,-105.2030833,39.78458333,15 - 20 Deg. F. / 3 - 6,,15 - 20 Deg. F.,6-Mar,15 - 20 Deg. F. / 3 - 6,15 - 20 / semi-humid,CO.4,#698b69,"semi-humid, warm",#ABDDA4,H,NA,NA
ARFR-AZ930-423-NAVAJO-18,black,1,3,34,NA,144,1,1,0,NA,1,0,NA,1,0,NA,1,1,NA,1,1,N,1,1,NA,1,1,48.4,NA,NA,NA,NA,NA,ARFR4-SOS-AZ930-423-NAVAJO-18,#9E0142,-110.431,36.45877,15 - 20 Deg. F. / 6 - 12,SdZones downloaded 20230823,15 - 20 Deg. F.,12-Jun,15 - 20 Deg. F. / 6 - 12,15 - 20 / semi-arid,AZ.1,#ee5c42,"semi-arid, warm",#9E0142,A,NA,NA
ARFR-CO932-314-JEFFERSON-12,black,1,3,35,160,145,1,1,0,NA,1,0,NA,1,0,NA,1,1,NA,1,1,N,1,1,NA,1,1,47.4,NA,NA,NA,NA,NA,ARFR4-SOS-CO932-314-JEFFERSON-12,#FEE08B,-105.3553333,39.40902778,10 - 15 Deg. F. / 3 - 6,,10 - 15 Deg. F.,6-Mar,10 - 15 Deg. F. / 3 - 6,10 - 15 / semi-humid,CO.2,#66e566,"semi-humid, cool",#FEE08B,E,NA,NA
ARFR-WY930-44-LASANIMAS-13,black,1,3,36,NA,146,1,1,0,NA,1,1,NA,1,1,NA,1,1,NA,1,1,N,1,1,NA,1,1,62.6,NA,NA,NA,NA,NA,ARFR4-SOS-WY930-44-LASANIMAS-13,#FDAE61,-104.6423889,37.16547222,15 - 20 Deg. F. / 3 - 6,,15 - 20 Deg. F.,6-Mar,15 - 20 Deg. F. / 3 - 6,15 - 20 / semi-humid,CO.1,#698b69,"semi-humid, warm",#FDAE61,D,NA,NA
ARFR-WY040-71-10,black,1,3,37,NA,147,1,1,0,NA,1,1,NA,1,1,NA,1,1,NA,1,1,N,1,1,NA,1,1,37.1,dry,NA,NA,NA,NA,ARFR4-SOS-WY040-71-10,#66C2A5,-109.2433156,41.13271889,5 - 10 Deg. F. / 3 - 6,,5 - 10 Deg. F.,6-Mar,5 - 10 Deg. F. / 3 - 6,5 - 10 / semi-humid,WY.1,#a5c2f1,"semi-humid, cold",#66C2A5,I,NA,NA
ARFR-WY040-71-10,black,1,3,38,NA,148,1,1,0,NA,1,1,NA,1,1,NA,1,1,NA,1,1,N,1,1,NA,1,1,41.5,NA,NA,NA,NA,NA,ARFR4-SOS-WY040-71-10,#66C2A5,-109.2433156,41.13271889,5 - 10 Deg. F. / 3 - 6,,5 - 10 Deg. F.,6-Mar,5 - 10 Deg. F. / 3 - 6,5 - 10 / semi-humid,WY.1,#a5c2f1,"semi-humid, cold",#66C2A5,I,NA,NA
ARFR-NM930N-66-11,black,1,3,39,NA,149,1,1,0,NA,1,0,NA,1,1,NA,1,1,NA,1,1,N,1,1,NA,1,1,66.7,dry,NA,NA,NA,NA,ARFR4-SOS-NM930N-66-11,#F46D43,-107.2045028,36.76818611,10 - 15 Deg. F. / 3 - 6,,10 - 15 Deg. F.,6-Mar,10 - 15 Deg. F. / 3 - 6,10 - 15 / semi-humid,NM.1,#66e566,"semi-humid, cool",#F46D43,C,NA,NA
ARFR-UT080-109-UINTAH-12,black,1,3,40,161,150,1,1,0,NA,1,0,NA,1,0,NA,1,1,NA,1,1,Y,1,1,NA,1,1,58.5,NA,NA,NA,NA,NA,ARFR4-SOS-UT080-109-UINTAH-12,#aabe7f,-109.1426444,39.70802222,10 - 15 Deg. F. / 3 - 6,,10 - 15 Deg. F.,6-Mar,10 - 15 Deg. F. / 3 - 6,10 - 15 / semi-humid,UT.1,#66e566,"semi-humid, cool",#aabe7f,G,NA,NA
ARFR-CO932-316-JEFFERSON-12,black,1,3,41,NA,151,1,1,0,NA,1,0,NA,1,0,NA,1,1,NA,1,1,N,1,1,NA,1,1,61.2,NA,NA,NA,NA,NA,ARFR4-SOS-CO932-316-JEFFERSON-12,#FFFF85,-105.358,39.66325,15 - 20 Deg. F. / 3 - 6,,15 - 20 Deg. F.,6-Mar,15 - 20 Deg. F. / 3 - 6,15 - 20 / semi-humid,CO.3,#698b69,"semi-humid, warm",#FFFF85,F,NA,NA
ARFR-CO932-294-11,black,1,3,42,NA,152,1,1,0,NA,1,0,NA,1,0,NA,1,1,NA,1,1,N,1,1,NA,1,1,38.8,NA,NA,NA,NA,NA,ARFR4-SOS-CO932-294-11,#ABDDA4,-105.2030833,39.78458333,15 - 20 Deg. F. / 3 - 6,,15 - 20 Deg. F.,6-Mar,15 - 20 Deg. F. / 3 - 6,15 - 20 / semi-humid,CO.4,#698b69,"semi-humid, warm",#ABDDA4,H,NA,NA
ARFR-AZ930-422-NAVAJO-18,black,1,3,43,NA,153,1,1,0,NA,1,0,NA,1,0,NA,1,1,NA,1,1,N,1,1,NA,1,1,52.9,NA,NA,NA,NA,NA,ARFR4-SOS-AZ930-422-NAVAJO-18,#D53E4F,-110.431,36.56805,15 - 20 Deg. F. / 6 - 12,Lats corrected 20230127,15 - 20 Deg. F.,12-Jun,15 - 20 Deg. F. / 6 - 12,15 - 20 / semi-arid,AZ.2,#ee5c42,"semi-arid, warm",#D53E4F,B,NA,NA
ARFR-AZ930-422-NAVAJO-18,black,1,3,44,NA,154,1,1,0,NA,1,0,NA,1,0,NA,1,1,NA,1,1,N,1,1,NA,1,1,54.8,dry,NA,NA,NA,NA,ARFR4-SOS-AZ930-422-NAVAJO-18,#D53E4F,-110.431,36.56805,15 - 20 Deg. F. / 6 - 12,Lats corrected 20230127,15 - 20 Deg. F.,12-Jun,15 - 20 Deg. F. / 6 - 12,15 - 20 / semi-arid,AZ.2,#ee5c42,"semi-arid, warm",#D53E4F,B,NA,NA
ARFR-WY930-44-LASANIMAS-13,black,1,3,45,162,155,1,1,0,NA,1,0,NA,1,0,NA,1,1,NA,1,1,N,1,1,NA,1,0,16.2,NA,Y,NA,Y,NA,ARFR4-SOS-WY930-44-LASANIMAS-13,#FDAE61,-104.6423889,37.16547222,15 - 20 Deg. F. / 3 - 6,,15 - 20 Deg. F.,6-Mar,15 - 20 Deg. F. / 3 - 6,15 - 20 / semi-humid,CO.1,#698b69,"semi-humid, warm",#FDAE61,D,NA,NA
ARFR-WY040-71-10,black,1,3,46,NA,156,1,1,1,NA,1,1,NA,1,1,NA,1,1,NA,1,1,N,1,1,NA,1,1,37.4,NA,NA,NA,NA,NA,ARFR4-SOS-WY040-71-10,#66C2A5,-109.2433156,41.13271889,5 - 10 Deg. F. / 3 - 6,,5 - 10 Deg. F.,6-Mar,5 - 10 Deg. F. / 3 - 6,5 - 10 / semi-humid,WY.1,#a5c2f1,"semi-humid, cold",#66C2A5,I,NA,NA
ARFR-UT080-109-UINTAH-12,black,1,3,47,NA,157,1,1,0,NA,1,0,NA,1,0,NA,1,1,NA,1,1,N,1,1,NA,1,1,49.9,dry,NA,NA,NA,NA,ARFR4-SOS-UT080-109-UINTAH-12,#aabe7f,-109.1426444,39.70802222,10 - 15 Deg. F. / 3 - 6,,10 - 15 Deg. F.,6-Mar,10 - 15 Deg. F. / 3 - 6,10 - 15 / semi-humid,UT.1,#66e566,"semi-humid, cool",#aabe7f,G,NA,NA
ARFR-AZ930-423-NAVAJO-18,black,1,3,48,NA,158,1,1,0,NA,1,0,NA,1,0,NA,1,1,NA,1,1,N,1,1,NA,1,1,40.4,NA,NA,NA,NA,NA,ARFR4-SOS-AZ930-423-NAVAJO-18,#9E0142,-110.431,36.45877,15 - 20 Deg. F. / 6 - 12,SdZones downloaded 20230823,15 - 20 Deg. F.,12-Jun,15 - 20 Deg. F. / 6 - 12,15 - 20 / semi-arid,AZ.1,#ee5c42,"semi-arid, warm",#9E0142,A,NA,NA
ARFR-WY050-151-FREMONT-16,black,1,3,49,NA,159,1,1,0,NA,1,0,NA,1,0,NA,1,1,NA,1,1,N,1,1,NA,1,1,36.9,NA,NA,NA,NA,NA,ARFR4-SOS-WY050-151-FREMONT-16,#3288BD,-108.1704472,42.47886111,10 - 15 Deg. F. / 6 - 12,,10 - 15 Deg. F.,12-Jun,10 - 15 Deg. F. / 6 - 12,10 - 15 / semi-arid,WY.2,#cd8500,"semi-arid, cool",#3288BD,J,NA,NA
ARFR-CO932-314-JEFFERSON-12,black,1,3,50,163,160,1,1,0,NA,1,0,NA,1,0,NA,1,1,NA,1,1,N,1,1,NA,1,1,36.3,NA,NA,NA,NA,NA,ARFR4-SOS-CO932-314-JEFFERSON-12,#FEE08B,-105.3553333,39.40902778,10 - 15 Deg. F. / 3 - 6,,10 - 15 Deg. F.,6-Mar,10 - 15 Deg. F. / 3 - 6,10 - 15 / semi-humid,CO.2,#66e566,"semi-humid, cool",#FEE08B,E,NA,Y
ARFR-AZ930-423-NAVAJO-18,black,1,3,51,NA,161,1,1,0,NA,1,0,NA,1,0,NA,1,1,NA,1,1,N,1,1,NA,1,1,60.9,NA,NA,NA,NA,NA,ARFR4-SOS-AZ930-423-NAVAJO-18,#9E0142,-110.431,36.45877,15 - 20 Deg. F. / 6 - 12,SdZones downloaded 20230823,15 - 20 Deg. F.,12-Jun,15 - 20 Deg. F. / 6 - 12,15 - 20 / semi-arid,AZ.1,#ee5c42,"semi-arid, warm",#9E0142,A,NA,Y
ARFR-WY050-151-FREMONT-16,black,1,3,52,NA,162,1,1,0,NA,1,0,NA,1,0,NA,1,1,NA,1,1,N,1,1,NA,1,1,42,NA,NA,NA,NA,NA,ARFR4-SOS-WY050-151-FREMONT-16,#3288BD,-108.1704472,42.47886111,10 - 15 Deg. F. / 6 - 12,,10 - 15 Deg. F.,12-Jun,10 - 15 Deg. F. / 6 - 12,10 - 15 / semi-arid,WY.2,#cd8500,"semi-arid, cool",#3288BD,J,NA,NA
ARFR-AZ930-422-NAVAJO-18,black,1,3,53,NA,163,1,1,0,NA,1,0,NA,1,0,NA,1,1,NA,1,1,N,1,1,NA,1,1,55.4,NA,NA,NA,NA,NA,ARFR4-SOS-AZ930-422-NAVAJO-18,#D53E4F,-110.431,36.56805,15 - 20 Deg. F. / 6 - 12,Lats corrected 20230127,15 - 20 Deg. F.,12-Jun,15 - 20 Deg. F. / 6 - 12,15 - 20 / semi-arid,AZ.2,#ee5c42,"semi-arid, warm",#D53E4F,B,NA,NA
ARFR-CO932-316-JEFFERSON-12,black,1,3,54,NA,164,1,1,0,NA,1,0,NA,1,0,dying,1,1,NA,1,1,N,1,1,NA,1,1,56,NA,NA,NA,NA,NA,ARFR4-SOS-CO932-316-JEFFERSON-12,#FFFF85,-105.358,39.66325,15 - 20 Deg. F. / 3 - 6,,15 - 20 Deg. F.,6-Mar,15 - 20 Deg. F. / 3 - 6,15 - 20 / semi-humid,CO.3,#698b69,"semi-humid, warm",#FFFF85,F,NA,NA
ARFR-AZ930-422-NAVAJO-18,black,1,3,55,164,165,1,1,0,NA,1,0,NA,1,0,NA,1,1,NA,1,1,N,1,1,NA,1,1,56.6,NA,NA,NA,NA,NA,ARFR4-SOS-AZ930-422-NAVAJO-18,#D53E4F,-110.431,36.56805,15 - 20 Deg. F. / 6 - 12,Lats corrected 20230127,15 - 20 Deg. F.,12-Jun,15 - 20 Deg. F. / 6 - 12,15 - 20 / semi-arid,AZ.2,#ee5c42,"semi-arid, warm",#D53E4F,B,NA,NA
ARFR-WY930-44-LASANIMAS-13,black,1,4,1,153,166,1,1,0,NA,1,0,NA,1,0,NA,1,1,NA,1,1,N,1,1,NA,1,1,55.3,NA,NA,NA,NA,NA,ARFR4-SOS-WY930-44-LASANIMAS-13,#FDAE61,-104.6423889,37.16547222,15 - 20 Deg. F. / 3 - 6,,15 - 20 Deg. F.,6-Mar,15 - 20 Deg. F. / 3 - 6,15 - 20 / semi-humid,CO.1,#698b69,"semi-humid, warm",#FDAE61,D,NA,NA
ARFR-CO932-294-11,black,1,4,2,NA,167,1,1,0,NA,1,0,NA,1,0,NA,1,1,NA,1,1,N,1,1,NA,1,1,65.6,NA,NA,NA,NA,NA,ARFR4-SOS-CO932-294-11,#ABDDA4,-105.2030833,39.78458333,15 - 20 Deg. F. / 3 - 6,,15 - 20 Deg. F.,6-Mar,15 - 20 Deg. F. / 3 - 6,15 - 20 / semi-humid,CO.4,#698b69,"semi-humid, warm",#ABDDA4,H,NA,NA
ARFR-NM930N-66-11,black,1,4,3,NA,168,1,1,0,NA,1,1,NA,1,1,NA,1,1,NA,1,1,N,1,1,NA,1,1,65.4,NA,NA,NA,NA,NA,ARFR4-SOS-NM930N-66-11,#F46D43,-107.2045028,36.76818611,10 - 15 Deg. F. / 3 - 6,,10 - 15 Deg. F.,6-Mar,10 - 15 Deg. F. / 3 - 6,10 - 15 / semi-humid,NM.1,#66e566,"semi-humid, cool",#F46D43,C,NA,NA
ARFR-CO932-314-JEFFERSON-12,black,1,4,4,NA,169,1,1,0,NA,1,0,NA,1,0,NA,1,1,NA,1,1,N,1,1,NA,1,1,51.5,NA,NA,NA,NA,NA,ARFR4-SOS-CO932-314-JEFFERSON-12,#FEE08B,-105.3553333,39.40902778,10 - 15 Deg. F. / 3 - 6,,10 - 15 Deg. F.,6-Mar,10 - 15 Deg. F. / 3 - 6,10 - 15 / semi-humid,CO.2,#66e566,"semi-humid, cool",#FEE08B,E,NA,NA
ARFR-AZ930-422-NAVAJO-18,black,1,4,5,154,170,1,1,0,NA,1,1,NA,1,0,NA,1,1,NA,1,1,N,1,1,NA,1,1,60.1,NA,NA,NA,NA,NA,ARFR4-SOS-AZ930-422-NAVAJO-18,#D53E4F,-110.431,36.56805,15 - 20 Deg. F. / 6 - 12,Lats corrected 20230127,15 - 20 Deg. F.,12-Jun,15 - 20 Deg. F. / 6 - 12,15 - 20 / semi-arid,AZ.2,#ee5c42,"semi-arid, warm",#D53E4F,B,NA,NA
ARFR-CO932-294-11,black,1,4,6,NA,171,1,1,0,NA,1,1,NA,1,0,NA,1,0,NA,1,0,N,1,0,NA,1,1,45.3,NA,NA,NA,NA,NA,ARFR4-SOS-CO932-294-11,#ABDDA4,-105.2030833,39.78458333,15 - 20 Deg. F. / 3 - 6,,15 - 20 Deg. F.,6-Mar,15 - 20 Deg. F. / 3 - 6,15 - 20 / semi-humid,CO.4,#698b69,"semi-humid, warm",#ABDDA4,H,NA,NA
ARFR-WY050-151-FREMONT-16,black,1,4,7,NA,172,1,1,0,NA,1,0,NA,1,1,NA,1,1,NA,1,1,N,1,1,NA,1,1,37.4,NA,NA,NA,NA,NA,ARFR4-SOS-WY050-151-FREMONT-16,#3288BD,-108.1704472,42.47886111,10 - 15 Deg. F. / 6 - 12,,10 - 15 Deg. F.,12-Jun,10 - 15 Deg. F. / 6 - 12,10 - 15 / semi-arid,WY.2,#cd8500,"semi-arid, cool",#3288BD,J,NA,NA
ARFR-CO932-294-11,black,1,4,8,NA,173,1,1,0,NA,1,0,NA,1,0,NA,1,1,NA,1,1,N,1,1,NA,1,1,55.1,NA,NA,NA,NA,NA,ARFR4-SOS-CO932-294-11,#ABDDA4,-105.2030833,39.78458333,15 - 20 Deg. F. / 3 - 6,,15 - 20 Deg. F.,6-Mar,15 - 20 Deg. F. / 3 - 6,15 - 20 / semi-humid,CO.4,#698b69,"semi-humid, warm",#ABDDA4,H,NA,Y
ARFR-WY930-44-LASANIMAS-13,black,1,4,9,NA,174,1,1,0,NA,1,0,NA,1,0,NA,1,0,NA,1,1,N,1,1,NA,1,1,47,NA,NA,NA,NA,NA,ARFR4-SOS-WY930-44-LASANIMAS-13,#FDAE61,-104.6423889,37.16547222,15 - 20 Deg. F. / 3 - 6,,15 - 20 Deg. F.,6-Mar,15 - 20 Deg. F. / 3 - 6,15 - 20 / semi-humid,CO.1,#698b69,"semi-humid, warm",#FDAE61,D,NA,NA
ARFR-UT080-109-UINTAH-12,black,1,4,10,155,175,1,1,0,NA,1,0,NA,1,0,NA,1,1,NA,1,1,N,1,1,NA,1,1,63.5,dry,NA,NA,NA,NA,ARFR4-SOS-UT080-109-UINTAH-12,#aabe7f,-109.1426444,39.70802222,10 - 15 Deg. F. / 3 - 6,,10 - 15 Deg. F.,6-Mar,10 - 15 Deg. F. / 3 - 6,10 - 15 / semi-humid,UT.1,#66e566,"semi-humid, cool",#aabe7f,G,NA,NA
ARFR-NM930N-66-11,black,1,4,11,NA,176,1,1,0,NA,1,1,NA,1,1,NA,1,1,NA,1,1,N,1,1,NA,1,1,54.2,NA,NA,NA,NA,NA,ARFR4-SOS-NM930N-66-11,#F46D43,-107.2045028,36.76818611,10 - 15 Deg. F. / 3 - 6,,10 - 15 Deg. F.,6-Mar,10 - 15 Deg. F. / 3 - 6,10 - 15 / semi-humid,NM.1,#66e566,"semi-humid, cool",#F46D43,C,NA,NA
ARFR-NM930N-66-11,black,1,4,12,NA,177,1,1,0,NA,1,1,NA,1,1,NA,1,1,NA,1,1,N,1,1,NA,1,1,62.4,NA,NA,NA,NA,NA,ARFR4-SOS-NM930N-66-11,#F46D43,-107.2045028,36.76818611,10 - 15 Deg. F. / 3 - 6,,10 - 15 Deg. F.,6-Mar,10 - 15 Deg. F. / 3 - 6,10 - 15 / semi-humid,NM.1,#66e566,"semi-humid, cool",#F46D43,C,NA,NA
ARFR-AZ930-423-NAVAJO-18,black,1,4,13,NA,178,1,1,0,NA,1,0,NA,1,0,NA,1,1,NA,1,1,Y,1,1,NA,1,1,65.3,NA,NA,NA,NA,NA,ARFR4-SOS-AZ930-423-NAVAJO-18,#9E0142,-110.431,36.45877,15 - 20 Deg. F. / 6 - 12,SdZones downloaded 20230823,15 - 20 Deg. F.,12-Jun,15 - 20 Deg. F. / 6 - 12,15 - 20 / semi-arid,AZ.1,#ee5c42,"semi-arid, warm",#9E0142,A,NA,NA
ARFR-UT080-109-UINTAH-12,black,1,4,14,NA,179,1,1,0,NA,1,0,NA,1,1,NA,1,1,NA,1,1,N,1,1,NA,1,1,57.7,NA,NA,NA,NA,NA,ARFR4-SOS-UT080-109-UINTAH-12,#aabe7f,-109.1426444,39.70802222,10 - 15 Deg. F. / 3 - 6,,10 - 15 Deg. F.,6-Mar,10 - 15 Deg. F. / 3 - 6,10 - 15 / semi-humid,UT.1,#66e566,"semi-humid, cool",#aabe7f,G,NA,NA
ARFR-WY050-151-FREMONT-16,black,1,4,15,156,180,1,1,0,NA,1,0,NA,1,0,NA,1,1,NA,1,1,N,1,1,NA,1,1,47.6,NA,NA,NA,NA,NA,ARFR4-SOS-WY050-151-FREMONT-16,#3288BD,-108.1704472,42.47886111,10 - 15 Deg. F. / 6 - 12,,10 - 15 Deg. F.,12-Jun,10 - 15 Deg. F. / 6 - 12,10 - 15 / semi-arid,WY.2,#cd8500,"semi-arid, cool",#3288BD,J,NA,NA
ARFR-AZ930-422-NAVAJO-18,black,1,4,16,NA,181,1,1,0,NA,1,0,NA,1,0,NA,1,1,NA,1,1,N,1,1,NA,1,1,61.3,NA,NA,NA,NA,NA,ARFR4-SOS-AZ930-422-NAVAJO-18,#D53E4F,-110.431,36.56805,15 - 20 Deg. F. / 6 - 12,Lats corrected 20230127,15 - 20 Deg. F.,12-Jun,15 - 20 Deg. F. / 6 - 12,15 - 20 / semi-arid,AZ.2,#ee5c42,"semi-arid, warm",#D53E4F,B,NA,Y
ARFR-CO932-316-JEFFERSON-12,black,1,4,17,NA,182,1,1,0,NA,1,0,NA,1,0,NA,1,1,NA,1,1,N,1,1,NA,1,1,53.4,NA,NA,NA,NA,NA,ARFR4-SOS-CO932-316-JEFFERSON-12,#FFFF85,-105.358,39.66325,15 - 20 Deg. F. / 3 - 6,,15 - 20 Deg. F.,6-Mar,15 - 20 Deg. F. / 3 - 6,15 - 20 / semi-humid,CO.3,#698b69,"semi-humid, warm",#FFFF85,F,NA,NA
ARFR-UT080-109-UINTAH-12,black,1,4,18,NA,183,1,1,0,NA,1,0,NA,1,1,NA,1,1,NA,1,1,N,1,1,NA,1,1,54.5,dry,NA,NA,NA,NA,ARFR4-SOS-UT080-109-UINTAH-12,#aabe7f,-109.1426444,39.70802222,10 - 15 Deg. F. / 3 - 6,,10 - 15 Deg. F.,6-Mar,10 - 15 Deg. F. / 3 - 6,10 - 15 / semi-humid,UT.1,#66e566,"semi-humid, cool",#aabe7f,G,NA,NA
ARFR-CO932-316-JEFFERSON-12,black,1,4,19,NA,184,1,1,0,NA,1,0,NA,1,1,NA,1,1,NA,1,1,N,1,1,NA,1,1,40.2,NA,NA,NA,NA,NA,ARFR4-SOS-CO932-316-JEFFERSON-12,#FFFF85,-105.358,39.66325,15 - 20 Deg. F. / 3 - 6,,15 - 20 Deg. F.,6-Mar,15 - 20 Deg. F. / 3 - 6,15 - 20 / semi-humid,CO.3,#698b69,"semi-humid, warm",#FFFF85,F,NA,NA
ARFR-WY930-44-LASANIMAS-13,black,1,4,20,157,185,1,1,0,NA,1,0,NA,1,0,NA,1,0,NA,1,0,N,1,0,NA,1,1,49.6,NA,NA,NA,NA,NA,ARFR4-SOS-WY930-44-LASANIMAS-13,#FDAE61,-104.6423889,37.16547222,15 - 20 Deg. F. / 3 - 6,,15 - 20 Deg. F.,6-Mar,15 - 20 Deg. F. / 3 - 6,15 - 20 / semi-humid,CO.1,#698b69,"semi-humid, warm",#FDAE61,D,NA,NA
ARFR-WY040-71-10,black,1,4,21,NA,186,1,1,1,NA,1,1,NA,1,1,NA,1,1,NA,1,1,N,1,1,NA,1,1,NA,NA,NA,NA,NA,NA,ARFR4-SOS-WY040-71-10,#66C2A5,-109.2433156,41.13271889,5 - 10 Deg. F. / 3 - 6,,5 - 10 Deg. F.,6-Mar,5 - 10 Deg. F. / 3 - 6,5 - 10 / semi-humid,WY.1,#a5c2f1,"semi-humid, cold",#66C2A5,I,NA,NA
ARFR-WY040-71-10,black,1,4,22,NA,187,1,1,1,NA,1,1,NA,1,1,NA,1,1,NA,1,1,Y,1,1,NA,1,1,43.7,NA,NA,NA,NA,NA,ARFR4-SOS-WY040-71-10,#66C2A5,-109.2433156,41.13271889,5 - 10 Deg. F. / 3 - 6,,5 - 10 Deg. F.,6-Mar,5 - 10 Deg. F. / 3 - 6,5 - 10 / semi-humid,WY.1,#a5c2f1,"semi-humid, cold",#66C2A5,I,NA,NA
ARFR-WY050-49-FREMONT-12,black,1,4,23,NA,188,1,1,0,NA,1,1,NA,1,1,NA,1,1,NA,1,1,N,1,1,NA,1,1,NA,NA,NA,NA,NA,NA,ARFR4-SOS-WY050-49-FREMONT-12,#5E4FA2,-109.34775,43.42663611,5 - 10 Deg. F. / 6 - 12,,5 - 10 Deg. F.,12-Jun,5 - 10 Deg. F. / 6 - 12,5 - 10 / semi-arid,WY.3,#ffb90f,"semi-arid, cold",#5E4FA2,K,NA,NA
ARFR-CO932-316-JEFFERSON-12,black,1,4,24,NA,189,1,1,0,NA,1,0,NA,1,1,NA,1,1,NA,1,1,N,1,1,NA,1,1,45.4,NA,NA,NA,NA,NA,ARFR4-SOS-CO932-316-JEFFERSON-12,#FFFF85,-105.358,39.66325,15 - 20 Deg. F. / 3 - 6,,15 - 20 Deg. F.,6-Mar,15 - 20 Deg. F. / 3 - 6,15 - 20 / semi-humid,CO.3,#698b69,"semi-humid, warm",#FFFF85,F,NA,NA
ARFR-UT080-109-UINTAH-12,black,1,4,25,158,190,1,1,0,NA,1,0,NA,1,0,NA,1,1,NA,1,1,N,1,1,drying up,1,1,46.7,NA,NA,NA,NA,NA,ARFR4-SOS-UT080-109-UINTAH-12,#aabe7f,-109.1426444,39.70802222,10 - 15 Deg. F. / 3 - 6,,10 - 15 Deg. F.,6-Mar,10 - 15 Deg. F. / 3 - 6,10 - 15 / semi-humid,UT.1,#66e566,"semi-humid, cool",#aabe7f,G,NA,NA
ARFR-UT080-109-UINTAH-12,black,1,4,26,NA,191,1,1,0,NA,1,0,NA,1,1,NA,1,1,NA,1,1,N,1,1,NA,1,1,62.3,NA,NA,NA,NA,NA,ARFR4-SOS-UT080-109-UINTAH-12,#aabe7f,-109.1426444,39.70802222,10 - 15 Deg. F. / 3 - 6,,10 - 15 Deg. F.,6-Mar,10 - 15 Deg. F. / 3 - 6,10 - 15 / semi-humid,UT.1,#66e566,"semi-humid, cool",#aabe7f,G,NA,NA
ARFR-NM930N-66-11,black,1,4,27,NA,192,1,1,0,NA,1,0,NA,1,0,NA,1,1,NA,1,1,N,1,1,NA,1,1,57.4,NA,NA,NA,NA,NA,ARFR4-SOS-NM930N-66-11,#F46D43,-107.2045028,36.76818611,10 - 15 Deg. F. / 3 - 6,,10 - 15 Deg. F.,6-Mar,10 - 15 Deg. F. / 3 - 6,10 - 15 / semi-humid,NM.1,#66e566,"semi-humid, cool",#F46D43,C,NA,NA
ARFR-WY050-49-FREMONT-12,black,1,4,28,NA,193,1,1,0,NA,1,0,NA,1,1,NA,1,1,NA,1,1,N,1,1,NA,1,1,39.6,NA,NA,NA,NA,NA,ARFR4-SOS-WY050-49-FREMONT-12,#5E4FA2,-109.34775,43.42663611,5 - 10 Deg. F. / 6 - 12,,5 - 10 Deg. F.,12-Jun,5 - 10 Deg. F. / 6 - 12,5 - 10 / semi-arid,WY.3,#ffb90f,"semi-arid, cold",#5E4FA2,K,NA,NA
ARFR-NM930N-66-11,black,1,4,29,NA,194,1,1,0,NA,1,0,NA,1,0,NA,1,1,NA,1,1,N,1,1,NA,1,1,51,NA,NA,NA,NA,NA,ARFR4-SOS-NM930N-66-11,#F46D43,-107.2045028,36.76818611,10 - 15 Deg. F. / 3 - 6,,10 - 15 Deg. F.,6-Mar,10 - 15 Deg. F. / 3 - 6,10 - 15 / semi-humid,NM.1,#66e566,"semi-humid, cool",#F46D43,C,NA,NA
ARFR-AZ930-422-NAVAJO-18,black,1,4,30,159,195,1,1,0,NA,1,0,NA,1,1,NA,1,1,NA,1,1,N,1,1,NA,1,1,39.5,NA,NA,NA,NA,NA,ARFR4-SOS-AZ930-422-NAVAJO-18,#D53E4F,-110.431,36.56805,15 - 20 Deg. F. / 6 - 12,Lats corrected 20230127,15 - 20 Deg. F.,12-Jun,15 - 20 Deg. F. / 6 - 12,15 - 20 / semi-arid,AZ.2,#ee5c42,"semi-arid, warm",#D53E4F,B,NA,NA
ARFR-UT080-109-UINTAH-12,black,1,4,31,NA,196,1,1,0,NA,1,0,NA,1,0,NA,1,1,NA,1,1,N,1,1,NA,1,1,70.1,NA,NA,NA,NA,NA,ARFR4-SOS-UT080-109-UINTAH-12,#aabe7f,-109.1426444,39.70802222,10 - 15 Deg. F. / 3 - 6,,10 - 15 Deg. F.,6-Mar,10 - 15 Deg. F. / 3 - 6,10 - 15 / semi-humid,UT.1,#66e566,"semi-humid, cool",#aabe7f,G,NA,NA
ARFR-WY930-44-LASANIMAS-13,black,1,4,32,NA,197,1,1,0,NA,1,0,NA,1,0,NA,1,0,NA,1,1,N,1,1,NA,1,1,56.4,NA,NA,NA,NA,NA,ARFR4-SOS-WY930-44-LASANIMAS-13,#FDAE61,-104.6423889,37.16547222,15 - 20 Deg. F. / 3 - 6,,15 - 20 Deg. F.,6-Mar,15 - 20 Deg. F. / 3 - 6,15 - 20 / semi-humid,CO.1,#698b69,"semi-humid, warm",#FDAE61,D,NA,NA
ARFR-CO932-316-JEFFERSON-12,black,1,4,33,NA,198,1,0,NA,NA,0,NA,NA,0,NA,NA,0,NA,NA,0,NA,N,0,NA,NA,0,NA,NA,NA,NA,NA,NA,NA,ARFR4-SOS-CO932-316-JEFFERSON-12,#FFFF85,-105.358,39.66325,15 - 20 Deg. F. / 3 - 6,,15 - 20 Deg. F.,6-Mar,15 - 20 Deg. F. / 3 - 6,15 - 20 / semi-humid,CO.3,#698b69,"semi-humid, warm",#FFFF85,F,NA,NA
ARFR-CO932-316-JEFFERSON-12,black,1,4,34,NA,199,1,1,0,NA,1,0,NA,1,0,NA,1,0,NA,1,1,N,1,1,NA,1,1,46.1,NA,NA,NA,NA,NA,ARFR4-SOS-CO932-316-JEFFERSON-12,#FFFF85,-105.358,39.66325,15 - 20 Deg. F. / 3 - 6,,15 - 20 Deg. F.,6-Mar,15 - 20 Deg. F. / 3 - 6,15 - 20 / semi-humid,CO.3,#698b69,"semi-humid, warm",#FFFF85,F,NA,NA
ARFR-NM930N-66-11,black,1,4,35,160,200,1,1,0,NA,1,0,NA,1,1,NA,1,1,NA,1,1,N,1,1,NA,1,1,68.5,NA,NA,NA,NA,NA,ARFR4-SOS-NM930N-66-11,#F46D43,-107.2045028,36.76818611,10 - 15 Deg. F. / 3 - 6,,10 - 15 Deg. F.,6-Mar,10 - 15 Deg. F. / 3 - 6,10 - 15 / semi-humid,NM.1,#66e566,"semi-humid, cool",#F46D43,C,NA,NA
ARFR-CO932-294-11,black,1,4,36,NA,201,1,1,0,NA,1,0,NA,1,0,NA,1,1,NA,1,0,N,1,0,NA,1,1,63.1,NA,Y,NA,NA,NA,ARFR4-SOS-CO932-294-11,#ABDDA4,-105.2030833,39.78458333,15 - 20 Deg. F. / 3 - 6,,15 - 20 Deg. F.,6-Mar,15 - 20 Deg. F. / 3 - 6,15 - 20 / semi-humid,CO.4,#698b69,"semi-humid, warm",#ABDDA4,H,NA,NA
ARFR-NM930N-66-11,black,1,4,37,NA,202,1,1,0,NA,1,0,NA,1,1,NA,1,1,NA,1,1,N,1,1,NA,1,1,39,dry,NA,NA,NA,NA,ARFR4-SOS-NM930N-66-11,#F46D43,-107.2045028,36.76818611,10 - 15 Deg. F. / 3 - 6,,10 - 15 Deg. F.,6-Mar,10 - 15 Deg. F. / 3 - 6,10 - 15 / semi-humid,NM.1,#66e566,"semi-humid, cool",#F46D43,C,NA,NA
ARFR-CO932-294-11,black,1,4,38,NA,203,1,1,0,NA,1,0,NA,1,0,NA,1,0,NA,1,1,N,1,1,NA,1,1,36.1,NA,NA,NA,NA,NA,ARFR4-SOS-CO932-294-11,#ABDDA4,-105.2030833,39.78458333,15 - 20 Deg. F. / 3 - 6,,15 - 20 Deg. F.,6-Mar,15 - 20 Deg. F. / 3 - 6,15 - 20 / semi-humid,CO.4,#698b69,"semi-humid, warm",#ABDDA4,H,NA,NA
ARFR-WY050-151-FREMONT-16,black,1,4,39,NA,204,1,1,0,NA,1,0,NA,1,1,NA,1,1,NA,1,1,N,1,1,NA,1,1,30.5,dry,NA,NA,NA,NA,ARFR4-SOS-WY050-151-FREMONT-16,#3288BD,-108.1704472,42.47886111,10 - 15 Deg. F. / 6 - 12,,10 - 15 Deg. F.,12-Jun,10 - 15 Deg. F. / 6 - 12,10 - 15 / semi-arid,WY.2,#cd8500,"semi-arid, cool",#3288BD,J,NA,NA
ARFR-NM930N-66-11,black,1,4,40,161,205,1,1,0,NA,1,0,NA,1,0,NA,1,1,NA,1,1,N,1,1,NA,1,1,70.2,NA,NA,NA,NA,NA,ARFR4-SOS-NM930N-66-11,#F46D43,-107.2045028,36.76818611,10 - 15 Deg. F. / 3 - 6,,10 - 15 Deg. F.,6-Mar,10 - 15 Deg. F. / 3 - 6,10 - 15 / semi-humid,NM.1,#66e566,"semi-humid, cool",#F46D43,C,NA,NA
ARFR-AZ930-423-NAVAJO-18,black,1,4,41,NA,206,1,1,0,NA,1,1,NA,1,1,NA,1,1,NA,1,1,N,1,1,NA,1,1,57.8,NA,NA,NA,NA,NA,ARFR4-SOS-AZ930-423-NAVAJO-18,#9E0142,-110.431,36.45877,15 - 20 Deg. F. / 6 - 12,SdZones downloaded 20230823,15 - 20 Deg. F.,12-Jun,15 - 20 Deg. F. / 6 - 12,15 - 20 / semi-arid,AZ.1,#ee5c42,"semi-arid, warm",#9E0142,A,NA,NA
ARFR-AZ930-423-NAVAJO-18,black,1,4,42,NA,207,0,0,NA,NA,0,NA,NA,0,NA,NA,0,NA,NA,0,NA,N,0,NA,NA,0,NA,NA,NA,NA,NA,NA,NA,ARFR4-SOS-AZ930-423-NAVAJO-18,#9E0142,-110.431,36.45877,15 - 20 Deg. F. / 6 - 12,SdZones downloaded 20230823,15 - 20 Deg. F.,12-Jun,15 - 20 Deg. F. / 6 - 12,15 - 20 / semi-arid,AZ.1,#ee5c42,"semi-arid, warm",#9E0142,A,Y,NA
ARFR-UT080-109-UINTAH-12,black,1,4,43,NA,208,1,1,0,NA,1,0,NA,1,0,NA,1,1,NA,1,1,N,1,1,NA,1,1,36,dry,NA,NA,NA,NA,ARFR4-SOS-UT080-109-UINTAH-12,#aabe7f,-109.1426444,39.70802222,10 - 15 Deg. F. / 3 - 6,,10 - 15 Deg. F.,6-Mar,10 - 15 Deg. F. / 3 - 6,10 - 15 / semi-humid,UT.1,#66e566,"semi-humid, cool",#aabe7f,G,NA,NA
ARFR-UT080-109-UINTAH-12,black,1,4,44,NA,209,1,1,0,NA,1,0,NA,1,0,NA,1,1,NA,1,1,Y,1,1,NA,1,1,42.6,NA,NA,NA,NA,NA,ARFR4-SOS-UT080-109-UINTAH-12,#aabe7f,-109.1426444,39.70802222,10 - 15 Deg. F. / 3 - 6,,10 - 15 Deg. F.,6-Mar,10 - 15 Deg. F. / 3 - 6,10 - 15 / semi-humid,UT.1,#66e566,"semi-humid, cool",#aabe7f,G,NA,NA
ARFR-WY930-44-LASANIMAS-13,black,1,4,45,162,210,1,1,0,NA,1,0,NA,1,0,NA,1,1,NA,1,0,N,1,0,NA,1,1,57.3,NA,Y,NA,NA,NA,ARFR4-SOS-WY930-44-LASANIMAS-13,#FDAE61,-104.6423889,37.16547222,15 - 20 Deg. F. / 3 - 6,,15 - 20 Deg. F.,6-Mar,15 - 20 Deg. F. / 3 - 6,15 - 20 / semi-humid,CO.1,#698b69,"semi-humid, warm",#FDAE61,D,NA,NA
ARFR-UT080-109-UINTAH-12,black,1,4,46,NA,211,1,1,0,NA,1,0,NA,1,1,NA,1,1,NA,1,1,N,1,1,NA,1,1,56.5,dry,NA,NA,NA,NA,ARFR4-SOS-UT080-109-UINTAH-12,#aabe7f,-109.1426444,39.70802222,10 - 15 Deg. F. / 3 - 6,,10 - 15 Deg. F.,6-Mar,10 - 15 Deg. F. / 3 - 6,10 - 15 / semi-humid,UT.1,#66e566,"semi-humid, cool",#aabe7f,G,NA,NA
ARFR-AZ930-423-NAVAJO-18,black,1,4,47,NA,212,1,1,0,NA,1,0,NA,1,0,NA,1,1,NA,1,1,N,1,1,NA,1,1,66.8,NA,NA,NA,NA,NA,ARFR4-SOS-AZ930-423-NAVAJO-18,#9E0142,-110.431,36.45877,15 - 20 Deg. F. / 6 - 12,SdZones downloaded 20230823,15 - 20 Deg. F.,12-Jun,15 - 20 Deg. F. / 6 - 12,15 - 20 / semi-arid,AZ.1,#ee5c42,"semi-arid, warm",#9E0142,A,NA,NA
ARFR-AZ930-423-NAVAJO-18,black,1,4,48,NA,213,1,1,0,NA,1,0,NA,1,1,NA,1,1,NA,1,1,N,1,1,NA,1,1,52.7,NA,NA,NA,NA,NA,ARFR4-SOS-AZ930-423-NAVAJO-18,#9E0142,-110.431,36.45877,15 - 20 Deg. F. / 6 - 12,SdZones downloaded 20230823,15 - 20 Deg. F.,12-Jun,15 - 20 Deg. F. / 6 - 12,15 - 20 / semi-arid,AZ.1,#ee5c42,"semi-arid, warm",#9E0142,A,NA,NA
ARFR-CO932-316-JEFFERSON-12,black,1,4,49,NA,214,1,1,1,NA,1,1,NA,1,1,NA,1,1,NA,1,1,N,1,1,NA,1,1,50.4,NA,NA,NA,NA,NA,ARFR4-SOS-CO932-316-JEFFERSON-12,#FFFF85,-105.358,39.66325,15 - 20 Deg. F. / 3 - 6,,15 - 20 Deg. F.,6-Mar,15 - 20 Deg. F. / 3 - 6,15 - 20 / semi-humid,CO.3,#698b69,"semi-humid, warm",#FFFF85,F,NA,NA
ARFR-WY040-71-10,black,1,4,50,163,215,1,1,0,NA,1,1,NA,1,1,NA,1,1,NA,1,1,N,1,1,NA,1,1,41,NA,NA,NA,NA,NA,ARFR4-SOS-WY040-71-10,#66C2A5,-109.2433156,41.13271889,5 - 10 Deg. F. / 3 - 6,,5 - 10 Deg. F.,6-Mar,5 - 10 Deg. F. / 3 - 6,5 - 10 / semi-humid,WY.1,#a5c2f1,"semi-humid, cold",#66C2A5,I,NA,NA
ARFR-CO932-314-JEFFERSON-12,black,1,4,51,NA,216,1,1,0,NA,1,0,NA,1,0,NA,1,1,NA,1,1,N,1,1,NA,1,1,43.2,NA,NA,NA,NA,NA,ARFR4-SOS-CO932-314-JEFFERSON-12,#FEE08B,-105.3553333,39.40902778,10 - 15 Deg. F. / 3 - 6,,10 - 15 Deg. F.,6-Mar,10 - 15 Deg. F. / 3 - 6,10 - 15 / semi-humid,CO.2,#66e566,"semi-humid, cool",#FEE08B,E,NA,NA
ARFR-AZ930-423-NAVAJO-18,black,1,4,52,NA,217,1,1,0,NA,1,0,NA,1,0,NA,1,1,NA,1,1,N,1,1,NA,1,1,55.8,NA,NA,NA,NA,NA,ARFR4-SOS-AZ930-423-NAVAJO-18,#9E0142,-110.431,36.45877,15 - 20 Deg. F. / 6 - 12,SdZones downloaded 20230823,15 - 20 Deg. F.,12-Jun,15 - 20 Deg. F. / 6 - 12,15 - 20 / semi-arid,AZ.1,#ee5c42,"semi-arid, warm",#9E0142,A,NA,NA
ARFR-CO932-316-JEFFERSON-12,black,1,4,53,NA,218,1,1,0,NA,1,0,NA,1,1,NA,1,1,NA,1,1,N,1,1,NA,1,1,46.5,NA,NA,NA,NA,NA,ARFR4-SOS-CO932-316-JEFFERSON-12,#FFFF85,-105.358,39.66325,15 - 20 Deg. F. / 3 - 6,,15 - 20 Deg. F.,6-Mar,15 - 20 Deg. F. / 3 - 6,15 - 20 / semi-humid,CO.3,#698b69,"semi-humid, warm",#FFFF85,F,NA,NA
ARFR-NM930N-66-11,black,1,4,54,NA,219,1,0,NA,NA,0,NA,NA,0,NA,NA,0,NA,NA,1,1,N,1,1,NA,1,1,68.7,NA,NA,Y,Y,NA,ARFR4-SOS-NM930N-66-11,#F46D43,-107.2045028,36.76818611,10 - 15 Deg. F. / 3 - 6,,10 - 15 Deg. F.,6-Mar,10 - 15 Deg. F. / 3 - 6,10 - 15 / semi-humid,NM.1,#66e566,"semi-humid, cool",#F46D43,C,NA,NA
ARFR-CO932-294-11,white,2,5,1,165,220,1,1,0,NA,1,0,NA,1,0,NA,1,0,NA,1,1,N,1,1,NA,1,1,57.2,NA,NA,NA,NA,NA,ARFR4-SOS-CO932-294-11,#ABDDA4,-105.2030833,39.78458333,15 - 20 Deg. F. / 3 - 6,,15 - 20 Deg. F.,6-Mar,15 - 20 Deg. F. / 3 - 6,15 - 20 / semi-humid,CO.4,#698b69,"semi-humid, warm",#ABDDA4,H,NA,NA
ARFR-CO932-316-JEFFERSON-12,white,2,5,2,NA,221,1,1,0,NA,1,0,NA,1,1,NA,1,1,NA,1,1,N,1,1,NA,1,1,64,NA,NA,NA,NA,NA,ARFR4-SOS-CO932-316-JEFFERSON-12,#FFFF85,-105.358,39.66325,15 - 20 Deg. F. / 3 - 6,,15 - 20 Deg. F.,6-Mar,15 - 20 Deg. F. / 3 - 6,15 - 20 / semi-humid,CO.3,#698b69,"semi-humid, warm",#FFFF85,F,NA,NA
ARFR-CO932-314-JEFFERSON-12,white,2,5,3,NA,222,1,1,1,NA,1,1,NA,1,1,NA,1,1,NA,1,1,N,1,1,NA,1,1,60,NA,NA,NA,NA,NA,ARFR4-SOS-CO932-314-JEFFERSON-12,#FEE08B,-105.3553333,39.40902778,10 - 15 Deg. F. / 3 - 6,,10 - 15 Deg. F.,6-Mar,10 - 15 Deg. F. / 3 - 6,10 - 15 / semi-humid,CO.2,#66e566,"semi-humid, cool",#FEE08B,E,NA,NA
ARFR-AZ930-423-NAVAJO-18,white,2,5,4,NA,223,1,1,0,NA,1,0,NA,1,0,NA,1,0,NA,1,1,N,1,1,NA,1,1,54.1,NA,NA,NA,NA,NA,ARFR4-SOS-AZ930-423-NAVAJO-18,#9E0142,-110.431,36.45877,15 - 20 Deg. F. / 6 - 12,SdZones downloaded 20230823,15 - 20 Deg. F.,12-Jun,15 - 20 Deg. F. / 6 - 12,15 - 20 / semi-arid,AZ.1,#ee5c42,"semi-arid, warm",#9E0142,A,NA,Y
ARFR-WY930-44-LASANIMAS-13,white,2,5,5,166,224,1,1,0,NA,1,0,NA,1,0,NA,1,0,NA,1,1,Y,1,1,NA,1,1,48.5,NA,NA,NA,NA,NA,ARFR4-SOS-WY930-44-LASANIMAS-13,#FDAE61,-104.6423889,37.16547222,15 - 20 Deg. F. / 3 - 6,,15 - 20 Deg. F.,6-Mar,15 - 20 Deg. F. / 3 - 6,15 - 20 / semi-humid,CO.1,#698b69,"semi-humid, warm",#FDAE61,D,NA,NA
ARFR-AZ930-422-NAVAJO-18,white,2,5,6,NA,225,1,1,0,NA,1,0,NA,1,0,NA,1,0,NA,1,1,N,1,1,NA,1,1,64.5,NA,NA,NA,NA,NA,ARFR4-SOS-AZ930-422-NAVAJO-18,#D53E4F,-110.431,36.56805,15 - 20 Deg. F. / 6 - 12,Lats corrected 20230127,15 - 20 Deg. F.,12-Jun,15 - 20 Deg. F. / 6 - 12,15 - 20 / semi-arid,AZ.2,#ee5c42,"semi-arid, warm",#D53E4F,B,NA,NA
ARFR-CO932-294-11,white,2,5,7,NA,226,1,1,0,NA,1,0,NA,1,0,NA,1,0,NA,1,1,Y,1,1,NA,1,1,59,NA,NA,NA,NA,NA,ARFR4-SOS-CO932-294-11,#ABDDA4,-105.2030833,39.78458333,15 - 20 Deg. F. / 3 - 6,,15 - 20 Deg. F.,6-Mar,15 - 20 Deg. F. / 3 - 6,15 - 20 / semi-humid,CO.4,#698b69,"semi-humid, warm",#ABDDA4,H,NA,NA
ARFR-CO932-316-JEFFERSON-12,white,2,5,8,NA,227,1,1,0,NA,1,0,NA,1,1,NA,1,1,NA,1,1,N,1,1,NA,1,1,59.4,NA,NA,NA,NA,NA,ARFR4-SOS-CO932-316-JEFFERSON-12,#FFFF85,-105.358,39.66325,15 - 20 Deg. F. / 3 - 6,,15 - 20 Deg. F.,6-Mar,15 - 20 Deg. F. / 3 - 6,15 - 20 / semi-humid,CO.3,#698b69,"semi-humid, warm",#FFFF85,F,NA,NA
ARFR-NM930N-66-11,white,2,5,9,NA,228,1,1,0,NA,1,1,NA,1,0,NA,1,1,NA,1,1,N,1,1,NA,1,1,89.9,NA,NA,NA,NA,NA,ARFR4-SOS-NM930N-66-11,#F46D43,-107.2045028,36.76818611,10 - 15 Deg. F. / 3 - 6,,10 - 15 Deg. F.,6-Mar,10 - 15 Deg. F. / 3 - 6,10 - 15 / semi-humid,NM.1,#66e566,"semi-humid, cool",#F46D43,C,NA,NA
ARFR-CO932-294-11,white,2,5,10,167,229,1,1,0,NA,1,0,NA,1,0,NA,1,0,NA,1,1,N,1,1,NA,1,1,57.8,NA,NA,NA,NA,NA,ARFR4-SOS-CO932-294-11,#ABDDA4,-105.2030833,39.78458333,15 - 20 Deg. F. / 3 - 6,,15 - 20 Deg. F.,6-Mar,15 - 20 Deg. F. / 3 - 6,15 - 20 / semi-humid,CO.4,#698b69,"semi-humid, warm",#ABDDA4,H,NA,NA
ARFR-WY050-151-FREMONT-16,white,2,5,11,NA,230,1,1,0,NA,1,0,NA,1,1,NA,1,1,NA,1,1,N,1,1,NA,1,1,36.7,NA,NA,NA,NA,NA,ARFR4-SOS-WY050-151-FREMONT-16,#3288BD,-108.1704472,42.47886111,10 - 15 Deg. F. / 6 - 12,,10 - 15 Deg. F.,12-Jun,10 - 15 Deg. F. / 6 - 12,10 - 15 / semi-arid,WY.2,#cd8500,"semi-arid, cool",#3288BD,J,NA,NA
ARFR-NM930N-66-11,white,2,5,12,NA,231,1,1,1,NA,1,1,NA,1,1,NA,1,1,NA,1,1,N,1,1,NA,1,1,62.1,NA,NA,NA,NA,NA,ARFR4-SOS-NM930N-66-11,#F46D43,-107.2045028,36.76818611,10 - 15 Deg. F. / 3 - 6,,10 - 15 Deg. F.,6-Mar,10 - 15 Deg. F. / 3 - 6,10 - 15 / semi-humid,NM.1,#66e566,"semi-humid, cool",#F46D43,C,NA,NA
ARFR-AZ930-422-NAVAJO-18,white,2,5,13,NA,232,1,1,0,NA,1,0,NA,1,0,NA,1,1,NA,1,1,N,1,1,NA,1,1,69.5,NA,NA,NA,NA,NA,ARFR4-SOS-AZ930-422-NAVAJO-18,#D53E4F,-110.431,36.56805,15 - 20 Deg. F. / 6 - 12,Lats corrected 20230127,15 - 20 Deg. F.,12-Jun,15 - 20 Deg. F. / 6 - 12,15 - 20 / semi-arid,AZ.2,#ee5c42,"semi-arid, warm",#D53E4F,B,NA,NA
ARFR-UT080-109-UINTAH-12,white,2,5,14,NA,233,1,1,0,NA,1,0,NA,1,1,NA,1,1,NA,1,1,N,1,1,NA,1,1,75.4,NA,NA,NA,NA,NA,ARFR4-SOS-UT080-109-UINTAH-12,#aabe7f,-109.1426444,39.70802222,10 - 15 Deg. F. / 3 - 6,,10 - 15 Deg. F.,6-Mar,10 - 15 Deg. F. / 3 - 6,10 - 15 / semi-humid,UT.1,#66e566,"semi-humid, cool",#aabe7f,G,NA,NA
ARFR-WY050-151-FREMONT-16,white,2,5,15,168,234,1,1,0,NA,1,1,NA,1,1,NA,1,1,NA,1,1,N,1,1,NA,1,1,NA,NA,NA,NA,NA,NA,ARFR4-SOS-WY050-151-FREMONT-16,#3288BD,-108.1704472,42.47886111,10 - 15 Deg. F. / 6 - 12,,10 - 15 Deg. F.,12-Jun,10 - 15 Deg. F. / 6 - 12,10 - 15 / semi-arid,WY.2,#cd8500,"semi-arid, cool",#3288BD,J,NA,NA
ARFR-CO932-316-JEFFERSON-12,white,2,5,16,NA,235,1,1,0,NA,1,0,NA,1,0,NA,1,1,NA,1,1,N,1,1,NA,1,1,47.5,NA,NA,NA,NA,NA,ARFR4-SOS-CO932-316-JEFFERSON-12,#FFFF85,-105.358,39.66325,15 - 20 Deg. F. / 3 - 6,,15 - 20 Deg. F.,6-Mar,15 - 20 Deg. F. / 3 - 6,15 - 20 / semi-humid,CO.3,#698b69,"semi-humid, warm",#FFFF85,F,NA,NA
ARFR-UT080-109-UINTAH-12,white,2,5,17,NA,236,1,1,0,NA,1,0,NA,1,0,NA,1,1,NA,1,0,N,1,0,NA,1,1,57.2,NA,NA,NA,NA,NA,ARFR4-SOS-UT080-109-UINTAH-12,#aabe7f,-109.1426444,39.70802222,10 - 15 Deg. F. / 3 - 6,,10 - 15 Deg. F.,6-Mar,10 - 15 Deg. F. / 3 - 6,10 - 15 / semi-humid,UT.1,#66e566,"semi-humid, cool",#aabe7f,G,NA,NA
ARFR-CO932-294-11,white,2,5,18,NA,237,1,1,0,NA,1,0,NA,1,0,NA,1,1,NA,1,1,N,1,1,NA,1,1,59.8,NA,NA,NA,NA,NA,ARFR4-SOS-CO932-294-11,#ABDDA4,-105.2030833,39.78458333,15 - 20 Deg. F. / 3 - 6,,15 - 20 Deg. F.,6-Mar,15 - 20 Deg. F. / 3 - 6,15 - 20 / semi-humid,CO.4,#698b69,"semi-humid, warm",#ABDDA4,H,NA,NA
ARFR-WY040-71-10,white,2,5,19,NA,238,1,1,1,NA,1,1,NA,1,1,NA,1,1,NA,1,1,N,1,1,NA,1,1,45.9,NA,NA,NA,NA,NA,ARFR4-SOS-WY040-71-10,#66C2A5,-109.2433156,41.13271889,5 - 10 Deg. F. / 3 - 6,,5 - 10 Deg. F.,6-Mar,5 - 10 Deg. F. / 3 - 6,5 - 10 / semi-humid,WY.1,#a5c2f1,"semi-humid, cold",#66C2A5,I,NA,NA
ARFR-WY050-49-FREMONT-12,white,2,5,20,169,239,1,1,0,NA,1,0,NA,1,0,NA,1,0,NA,1,NA,N,1,NA,NA,1,NA,43.4,NA,Y,NA,NA,NA,ARFR4-SOS-WY050-49-FREMONT-12,#5E4FA2,-109.34775,43.42663611,5 - 10 Deg. F. / 6 - 12,,5 - 10 Deg. F.,12-Jun,5 - 10 Deg. F. / 6 - 12,5 - 10 / semi-arid,WY.3,#ffb90f,"semi-arid, cold",#5E4FA2,K,NA,NA
ARFR-WY930-44-LASANIMAS-13,white,2,5,21,NA,240,1,1,0,NA,1,0,NA,1,0,NA,1,0,NA,1,0,N,1,0,NA,1,1,48,NA,NA,NA,NA,NA,ARFR4-SOS-WY930-44-LASANIMAS-13,#FDAE61,-104.6423889,37.16547222,15 - 20 Deg. F. / 3 - 6,,15 - 20 Deg. F.,6-Mar,15 - 20 Deg. F. / 3 - 6,15 - 20 / semi-humid,CO.1,#698b69,"semi-humid, warm",#FDAE61,D,NA,NA
ARFR-WY930-44-LASANIMAS-13,white,2,5,22,NA,241,1,1,0,NA,1,0,NA,1,0,NA,1,0,NA,1,0,N,1,0,NA,1,1,66.8,NA,NA,NA,NA,NA,ARFR4-SOS-WY930-44-LASANIMAS-13,#FDAE61,-104.6423889,37.16547222,15 - 20 Deg. F. / 3 - 6,,15 - 20 Deg. F.,6-Mar,15 - 20 Deg. F. / 3 - 6,15 - 20 / semi-humid,CO.1,#698b69,"semi-humid, warm",#FDAE61,D,NA,NA
ARFR-NM930N-66-11,white,2,5,23,NA,242,1,1,0,NA,1,0,NA,1,0,NA,1,0,NA,1,1,N,1,1,NA,1,1,67.3,NA,NA,NA,NA,NA,ARFR4-SOS-NM930N-66-11,#F46D43,-107.2045028,36.76818611,10 - 15 Deg. F. / 3 - 6,,10 - 15 Deg. F.,6-Mar,10 - 15 Deg. F. / 3 - 6,10 - 15 / semi-humid,NM.1,#66e566,"semi-humid, cool",#F46D43,C,NA,NA
ARFR-UT080-109-UINTAH-12,white,2,5,24,NA,243,1,1,0,NA,1,0,NA,1,0,NA,1,0,NA,1,1,N,1,1,NA,1,1,65.8,NA,NA,NA,NA,NA,ARFR4-SOS-UT080-109-UINTAH-12,#aabe7f,-109.1426444,39.70802222,10 - 15 Deg. F. / 3 - 6,,10 - 15 Deg. F.,6-Mar,10 - 15 Deg. F. / 3 - 6,10 - 15 / semi-humid,UT.1,#66e566,"semi-humid, cool",#aabe7f,G,NA,NA
ARFR-CO932-314-JEFFERSON-12,white,2,5,25,170,244,1,1,0,NA,1,0,NA,1,0,NA,1,1,NA,1,1,N,1,1,NA,1,1,54.4,NA,NA,NA,NA,NA,ARFR4-SOS-CO932-314-JEFFERSON-12,#FEE08B,-105.3553333,39.40902778,10 - 15 Deg. F. / 3 - 6,,10 - 15 Deg. F.,6-Mar,10 - 15 Deg. F. / 3 - 6,10 - 15 / semi-humid,CO.2,#66e566,"semi-humid, cool",#FEE08B,E,NA,NA
ARFR-AZ930-422-NAVAJO-18,white,2,5,26,NA,245,1,1,0,NA,1,0,NA,1,0,NA,1,0,NA,1,1,N,1,1,NA,1,1,53.5,NA,NA,NA,NA,NA,ARFR4-SOS-AZ930-422-NAVAJO-18,#D53E4F,-110.431,36.56805,15 - 20 Deg. F. / 6 - 12,Lats corrected 20230127,15 - 20 Deg. F.,12-Jun,15 - 20 Deg. F. / 6 - 12,15 - 20 / semi-arid,AZ.2,#ee5c42,"semi-arid, warm",#D53E4F,B,NA,NA
ARFR-CO932-316-JEFFERSON-12,white,2,5,27,NA,246,1,1,0,NA,1,0,NA,1,0,NA,1,0,NA,1,1,N,1,1,NA,1,1,61.5,NA,NA,NA,NA,NA,ARFR4-SOS-CO932-316-JEFFERSON-12,#FFFF85,-105.358,39.66325,15 - 20 Deg. F. / 3 - 6,,15 - 20 Deg. F.,6-Mar,15 - 20 Deg. F. / 3 - 6,15 - 20 / semi-humid,CO.3,#698b69,"semi-humid, warm",#FFFF85,F,NA,NA
ARFR-UT080-109-UINTAH-12,white,2,5,28,NA,247,1,1,0,NA,1,0,NA,1,1,NA,1,1,NA,1,1,N,1,1,NA,1,1,55.4,NA,NA,NA,NA,NA,ARFR4-SOS-UT080-109-UINTAH-12,#aabe7f,-109.1426444,39.70802222,10 - 15 Deg. F. / 3 - 6,,10 - 15 Deg. F.,6-Mar,10 - 15 Deg. F. / 3 - 6,10 - 15 / semi-humid,UT.1,#66e566,"semi-humid, cool",#aabe7f,G,NA,NA
ARFR-AZ930-423-NAVAJO-18,white,2,5,29,NA,248,1,1,0,NA,1,0,NA,1,1,NA,1,1,NA,1,1,Y,1,1,NA,1,1,51.9,NA,NA,NA,NA,NA,ARFR4-SOS-AZ930-423-NAVAJO-18,#9E0142,-110.431,36.45877,15 - 20 Deg. F. / 6 - 12,SdZones downloaded 20230823,15 - 20 Deg. F.,12-Jun,15 - 20 Deg. F. / 6 - 12,15 - 20 / semi-arid,AZ.1,#ee5c42,"semi-arid, warm",#9E0142,A,NA,NA
ARFR-WY050-49-FREMONT-12,white,2,5,30,171,249,1,1,0,NA,1,0,NA,1,0,NA,1,0,NA,1,1,N,1,1,NA,1,1,44.1,NA,NA,NA,NA,NA,ARFR4-SOS-WY050-49-FREMONT-12,#5E4FA2,-109.34775,43.42663611,5 - 10 Deg. F. / 6 - 12,,5 - 10 Deg. F.,12-Jun,5 - 10 Deg. F. / 6 - 12,5 - 10 / semi-arid,WY.3,#ffb90f,"semi-arid, cold",#5E4FA2,K,NA,NA
ARFR-CO932-314-JEFFERSON-12,white,2,5,31,NA,250,1,1,0,NA,1,0,NA,1,0,NA,1,0,NA,1,1,N,1,1,NA,1,1,39.5,NA,NA,NA,NA,NA,ARFR4-SOS-CO932-314-JEFFERSON-12,#FEE08B,-105.3553333,39.40902778,10 - 15 Deg. F. / 3 - 6,,10 - 15 Deg. F.,6-Mar,10 - 15 Deg. F. / 3 - 6,10 - 15 / semi-humid,CO.2,#66e566,"semi-humid, cool",#FEE08B,E,NA,NA
ARFR-AZ930-423-NAVAJO-18,white,2,5,32,NA,251,1,1,0,NA,1,0,NA,1,0,NA,1,0,NA,1,1,N,1,1,NA,1,1,41,very dry,NA,NA,NA,NA,ARFR4-SOS-AZ930-423-NAVAJO-18,#9E0142,-110.431,36.45877,15 - 20 Deg. F. / 6 - 12,SdZones downloaded 20230823,15 - 20 Deg. F.,12-Jun,15 - 20 Deg. F. / 6 - 12,15 - 20 / semi-arid,AZ.1,#ee5c42,"semi-arid, warm",#9E0142,A,NA,NA
ARFR-NM930N-66-11,white,2,5,33,NA,252,1,1,0,NA,1,0,NA,1,0,NA,1,1,NA,1,1,N,1,1,NA,1,1,68,NA,NA,NA,NA,NA,ARFR4-SOS-NM930N-66-11,#F46D43,-107.2045028,36.76818611,10 - 15 Deg. F. / 3 - 6,,10 - 15 Deg. F.,6-Mar,10 - 15 Deg. F. / 3 - 6,10 - 15 / semi-humid,NM.1,#66e566,"semi-humid, cool",#F46D43,C,NA,NA
ARFR-CO932-294-11,white,2,5,34,NA,253,1,1,0,NA,1,0,NA,1,0,NA,1,0,NA,1,1,N,1,1,NA,1,1,39.1,NA,NA,NA,NA,NA,ARFR4-SOS-CO932-294-11,#ABDDA4,-105.2030833,39.78458333,15 - 20 Deg. F. / 3 - 6,,15 - 20 Deg. F.,6-Mar,15 - 20 Deg. F. / 3 - 6,15 - 20 / semi-humid,CO.4,#698b69,"semi-humid, warm",#ABDDA4,H,NA,NA
ARFR-WY930-44-LASANIMAS-13,white,2,5,35,172,254,1,1,0,NA,1,1,NA,1,0,NA,1,1,NA,1,1,N,1,1,NA,1,1,46.9,NA,NA,NA,NA,NA,ARFR4-SOS-WY930-44-LASANIMAS-13,#FDAE61,-104.6423889,37.16547222,15 - 20 Deg. F. / 3 - 6,,15 - 20 Deg. F.,6-Mar,15 - 20 Deg. F. / 3 - 6,15 - 20 / semi-humid,CO.1,#698b69,"semi-humid, warm",#FDAE61,D,NA,NA
ARFR-AZ930-423-NAVAJO-18,white,2,5,36,NA,255,1,1,1,NA,1,1,NA,1,0,NA,1,1,NA,1,1,N,1,1,NA,1,1,43.6,NA,NA,NA,NA,NA,ARFR4-SOS-AZ930-423-NAVAJO-18,#9E0142,-110.431,36.45877,15 - 20 Deg. F. / 6 - 12,SdZones downloaded 20230823,15 - 20 Deg. F.,12-Jun,15 - 20 Deg. F. / 6 - 12,15 - 20 / semi-arid,AZ.1,#ee5c42,"semi-arid, warm",#9E0142,A,NA,NA
ARFR-WY050-49-FREMONT-12,white,2,5,37,NA,256,1,1,0,NA,1,0,NA,1,0,NA,1,1,NA,1,1,N,1,1,NA,1,1,52.7,NA,NA,NA,NA,NA,ARFR4-SOS-WY050-49-FREMONT-12,#5E4FA2,-109.34775,43.42663611,5 - 10 Deg. F. / 6 - 12,,5 - 10 Deg. F.,12-Jun,5 - 10 Deg. F. / 6 - 12,5 - 10 / semi-arid,WY.3,#ffb90f,"semi-arid, cold",#5E4FA2,K,NA,Y
ARFR-CO932-294-11,white,2,5,38,NA,257,1,1,0,NA,1,0,NA,1,0,NA,1,1,NA,1,1,N,1,1,NA,1,1,62.4,NA,NA,NA,NA,NA,ARFR4-SOS-CO932-294-11,#ABDDA4,-105.2030833,39.78458333,15 - 20 Deg. F. / 3 - 6,,15 - 20 Deg. F.,6-Mar,15 - 20 Deg. F. / 3 - 6,15 - 20 / semi-humid,CO.4,#698b69,"semi-humid, warm",#ABDDA4,H,NA,NA
ARFR-CO932-294-11,white,2,5,39,NA,258,1,1,0,NA,1,0,NA,1,0,NA,1,0,NA,1,1,N,1,1,NA,1,1,45.4,NA,NA,NA,NA,NA,ARFR4-SOS-CO932-294-11,#ABDDA4,-105.2030833,39.78458333,15 - 20 Deg. F. / 3 - 6,,15 - 20 Deg. F.,6-Mar,15 - 20 Deg. F. / 3 - 6,15 - 20 / semi-humid,CO.4,#698b69,"semi-humid, warm",#ABDDA4,H,NA,NA
ARFR-UT080-109-UINTAH-12,white,2,5,40,173,259,0,0,NA,NA,0,NA,NA,0,NA,NA,0,NA,NA,0,NA,N,0,NA,NA,0,NA,NA,NA,NA,NA,NA,NA,ARFR4-SOS-UT080-109-UINTAH-12,#aabe7f,-109.1426444,39.70802222,10 - 15 Deg. F. / 3 - 6,,10 - 15 Deg. F.,6-Mar,10 - 15 Deg. F. / 3 - 6,10 - 15 / semi-humid,UT.1,#66e566,"semi-humid, cool",#aabe7f,G,NA,NA
ARFR-CO932-316-JEFFERSON-12,white,2,5,41,NA,260,1,1,0,NA,1,0,NA,1,0,NA,1,1,NA,1,1,Y,1,1,NA,1,1,46,NA,NA,NA,NA,NA,ARFR4-SOS-CO932-316-JEFFERSON-12,#FFFF85,-105.358,39.66325,15 - 20 Deg. F. / 3 - 6,,15 - 20 Deg. F.,6-Mar,15 - 20 Deg. F. / 3 - 6,15 - 20 / semi-humid,CO.3,#698b69,"semi-humid, warm",#FFFF85,F,NA,NA
ARFR-CO932-314-JEFFERSON-12,white,2,5,42,NA,261,1,1,0,NA,1,0,NA,1,0,NA,1,1,NA,1,1,N,1,1,NA,1,1,52.7,NA,NA,NA,NA,NA,ARFR4-SOS-CO932-314-JEFFERSON-12,#FEE08B,-105.3553333,39.40902778,10 - 15 Deg. F. / 3 - 6,,10 - 15 Deg. F.,6-Mar,10 - 15 Deg. F. / 3 - 6,10 - 15 / semi-humid,CO.2,#66e566,"semi-humid, cool",#FEE08B,E,NA,NA
ARFR-CO932-314-JEFFERSON-12,white,2,5,43,NA,262,1,1,0,NA,1,0,NA,1,0,NA,1,1,NA,1,1,N,1,1,NA,1,1,59.2,NA,NA,NA,NA,NA,ARFR4-SOS-CO932-314-JEFFERSON-12,#FEE08B,-105.3553333,39.40902778,10 - 15 Deg. F. / 3 - 6,,10 - 15 Deg. F.,6-Mar,10 - 15 Deg. F. / 3 - 6,10 - 15 / semi-humid,CO.2,#66e566,"semi-humid, cool",#FEE08B,E,NA,NA
ARFR-UT080-109-UINTAH-12,white,2,5,44,NA,263,1,1,0,NA,1,1,NA,1,0,NA,1,1,NA,1,1,N,1,1,NA,1,1,42.5,dry,NA,NA,NA,NA,ARFR4-SOS-UT080-109-UINTAH-12,#aabe7f,-109.1426444,39.70802222,10 - 15 Deg. F. / 3 - 6,,10 - 15 Deg. F.,6-Mar,10 - 15 Deg. F. / 3 - 6,10 - 15 / semi-humid,UT.1,#66e566,"semi-humid, cool",#aabe7f,G,NA,NA
ARFR-UT080-109-UINTAH-12,white,2,5,45,174,264,1,1,0,NA,1,0,NA,1,0,NA,1,0,NA,1,1,N,1,1,NA,1,1,33,small,NA,NA,NA,NA,ARFR4-SOS-UT080-109-UINTAH-12,#aabe7f,-109.1426444,39.70802222,10 - 15 Deg. F. / 3 - 6,,10 - 15 Deg. F.,6-Mar,10 - 15 Deg. F. / 3 - 6,10 - 15 / semi-humid,UT.1,#66e566,"semi-humid, cool",#aabe7f,G,NA,NA
ARFR-NM930N-66-11,white,2,5,46,NA,265,1,1,0,NA,1,1,NA,1,1,NA,1,1,NA,1,1,N,1,1,NA,1,1,59.6,NA,NA,NA,NA,NA,ARFR4-SOS-NM930N-66-11,#F46D43,-107.2045028,36.76818611,10 - 15 Deg. F. / 3 - 6,,10 - 15 Deg. F.,6-Mar,10 - 15 Deg. F. / 3 - 6,10 - 15 / semi-humid,NM.1,#66e566,"semi-humid, cool",#F46D43,C,NA,NA
ARFR-WY930-44-LASANIMAS-13,white,2,5,47,NA,266,1,1,0,NA,1,0,NA,1,1,NA,1,1,NA,1,1,N,1,1,NA,1,1,57,NA,NA,NA,NA,NA,ARFR4-SOS-WY930-44-LASANIMAS-13,#FDAE61,-104.6423889,37.16547222,15 - 20 Deg. F. / 3 - 6,,15 - 20 Deg. F.,6-Mar,15 - 20 Deg. F. / 3 - 6,15 - 20 / semi-humid,CO.1,#698b69,"semi-humid, warm",#FDAE61,D,NA,NA
ARFR-AZ930-423-NAVAJO-18,white,2,5,48,NA,267,0,0,NA,NA,0,NA,NA,0,NA,NA,0,NA,NA,0,NA,N,0,NA,NA,0,NA,NA,NA,NA,NA,NA,NA,ARFR4-SOS-AZ930-423-NAVAJO-18,#9E0142,-110.431,36.45877,15 - 20 Deg. F. / 6 - 12,SdZones downloaded 20230823,15 - 20 Deg. F.,12-Jun,15 - 20 Deg. F. / 6 - 12,15 - 20 / semi-arid,AZ.1,#ee5c42,"semi-arid, warm",#9E0142,A,Y,NA
ARFR-AZ930-423-NAVAJO-18,white,2,5,49,NA,268,1,1,0,NA,1,0,NA,1,0,NA,1,0,NA,1,1,N,1,1,NA,1,1,39.2,NA,NA,NA,NA,NA,ARFR4-SOS-AZ930-423-NAVAJO-18,#9E0142,-110.431,36.45877,15 - 20 Deg. F. / 6 - 12,SdZones downloaded 20230823,15 - 20 Deg. F.,12-Jun,15 - 20 Deg. F. / 6 - 12,15 - 20 / semi-arid,AZ.1,#ee5c42,"semi-arid, warm",#9E0142,A,NA,NA
ARFR-AZ930-422-NAVAJO-18,white,2,5,50,175,269,1,1,0,NA,1,0,NA,1,1,NA,1,1,NA,1,1,N,1,1,NA,1,1,38.5,NA,NA,NA,NA,NA,ARFR4-SOS-AZ930-422-NAVAJO-18,#D53E4F,-110.431,36.56805,15 - 20 Deg. F. / 6 - 12,Lats corrected 20230127,15 - 20 Deg. F.,12-Jun,15 - 20 Deg. F. / 6 - 12,15 - 20 / semi-arid,AZ.2,#ee5c42,"semi-arid, warm",#D53E4F,B,NA,NA
ARFR-AZ930-423-NAVAJO-18,white,2,5,51,NA,270,1,1,0,NA,1,0,NA,1,0,NA,1,0,NA,1,1,N,1,1,NA,1,1,23,NA,NA,NA,NA,NA,ARFR4-SOS-AZ930-423-NAVAJO-18,#9E0142,-110.431,36.45877,15 - 20 Deg. F. / 6 - 12,SdZones downloaded 20230823,15 - 20 Deg. F.,12-Jun,15 - 20 Deg. F. / 6 - 12,15 - 20 / semi-arid,AZ.1,#ee5c42,"semi-arid, warm",#9E0142,A,NA,Y
ARFR-NM930N-66-11,white,2,5,52,NA,271,1,1,0,NA,1,0,NA,1,1,NA,1,1,NA,1,1,N,1,1,NA,1,1,60.9,NA,NA,NA,NA,NA,ARFR4-SOS-NM930N-66-11,#F46D43,-107.2045028,36.76818611,10 - 15 Deg. F. / 3 - 6,,10 - 15 Deg. F.,6-Mar,10 - 15 Deg. F. / 3 - 6,10 - 15 / semi-humid,NM.1,#66e566,"semi-humid, cool",#F46D43,C,NA,NA
ARFR-AZ930-423-NAVAJO-18,white,2,5,53,NA,272,1,1,0,NA,1,0,NA,1,0,NA,1,1,NA,1,1,N,1,1,NA,1,1,56,NA,NA,NA,NA,NA,ARFR4-SOS-AZ930-423-NAVAJO-18,#9E0142,-110.431,36.45877,15 - 20 Deg. F. / 6 - 12,SdZones downloaded 20230823,15 - 20 Deg. F.,12-Jun,15 - 20 Deg. F. / 6 - 12,15 - 20 / semi-arid,AZ.1,#ee5c42,"semi-arid, warm",#9E0142,A,NA,NA
ARFR-WY050-49-FREMONT-12,white,2,5,54,NA,273,1,1,0,NA,1,0,NA,1,1,NA,1,1,NA,1,1,N,1,1,NA,1,1,47.1,NA,NA,NA,NA,NA,ARFR4-SOS-WY050-49-FREMONT-12,#5E4FA2,-109.34775,43.42663611,5 - 10 Deg. F. / 6 - 12,,5 - 10 Deg. F.,12-Jun,5 - 10 Deg. F. / 6 - 12,5 - 10 / semi-arid,WY.3,#ffb90f,"semi-arid, cold",#5E4FA2,K,NA,NA
ARFR-UT080-109-UINTAH-12,white,2,5,55,176,274,1,1,0,NA,1,0,NA,1,0,NA,1,1,NA,1,1,N,1,1,NA,1,1,NA,dry,NA,NA,NA,NA,ARFR4-SOS-UT080-109-UINTAH-12,#aabe7f,-109.1426444,39.70802222,10 - 15 Deg. F. / 3 - 6,,10 - 15 Deg. F.,6-Mar,10 - 15 Deg. F. / 3 - 6,10 - 15 / semi-humid,UT.1,#66e566,"semi-humid, cool",#aabe7f,G,NA,NA
ARFR-WY930-44-LASANIMAS-13,white,2,6,1,165,275,1,1,0,NA,1,0,NA,1,0,NA,1,0,NA,1,1,Y,1,1,NA,1,1,56.3,NA,NA,NA,NA,NA,ARFR4-SOS-WY930-44-LASANIMAS-13,#FDAE61,-104.6423889,37.16547222,15 - 20 Deg. F. / 3 - 6,,15 - 20 Deg. F.,6-Mar,15 - 20 Deg. F. / 3 - 6,15 - 20 / semi-humid,CO.1,#698b69,"semi-humid, warm",#FDAE61,D,NA,NA
ARFR-NM930N-66-11,white,2,6,2,NA,276,1,1,0,NA,1,0,NA,1,0,NA,1,1,NA,1,1,N,1,1,NA,1,1,71.4,NA,NA,NA,NA,NA,ARFR4-SOS-NM930N-66-11,#F46D43,-107.2045028,36.76818611,10 - 15 Deg. F. / 3 - 6,,10 - 15 Deg. F.,6-Mar,10 - 15 Deg. F. / 3 - 6,10 - 15 / semi-humid,NM.1,#66e566,"semi-humid, cool",#F46D43,C,NA,NA
ARFR-WY040-71-10,white,2,6,3,NA,277,1,1,1,NA,1,1,NA,1,1,NA,1,1,NA,1,1,N,1,1,NA,1,1,45.1,NA,NA,NA,NA,NA,ARFR4-SOS-WY040-71-10,#66C2A5,-109.2433156,41.13271889,5 - 10 Deg. F. / 3 - 6,,5 - 10 Deg. F.,6-Mar,5 - 10 Deg. F. / 3 - 6,5 - 10 / semi-humid,WY.1,#a5c2f1,"semi-humid, cold",#66C2A5,I,NA,NA
ARFR-AZ930-423-NAVAJO-18,white,2,6,4,NA,278,1,1,0,NA,1,1,NA,1,0,NA,1,0,NA,1,1,N,1,1,NA,1,1,75.2,NA,NA,NA,NA,NA,ARFR4-SOS-AZ930-423-NAVAJO-18,#9E0142,-110.431,36.45877,15 - 20 Deg. F. / 6 - 12,SdZones downloaded 20230823,15 - 20 Deg. F.,12-Jun,15 - 20 Deg. F. / 6 - 12,15 - 20 / semi-arid,AZ.1,#ee5c42,"semi-arid, warm",#9E0142,A,NA,NA
ARFR-UT080-109-UINTAH-12,white,2,6,5,166,279,1,1,0,NA,1,0,NA,1,1,NA,1,1,NA,1,1,N,1,1,NA,1,1,88.5,NA,NA,NA,NA,NA,ARFR4-SOS-UT080-109-UINTAH-12,#aabe7f,-109.1426444,39.70802222,10 - 15 Deg. F. / 3 - 6,,10 - 15 Deg. F.,6-Mar,10 - 15 Deg. F. / 3 - 6,10 - 15 / semi-humid,UT.1,#66e566,"semi-humid, cool",#aabe7f,G,NA,NA
ARFR-WY930-44-LASANIMAS-13,white,2,6,6,NA,280,1,1,0,NA,1,0,NA,1,0,NA,1,0,NA,1,1,N,1,1,NA,1,1,47.2,NA,NA,NA,NA,NA,ARFR4-SOS-WY930-44-LASANIMAS-13,#FDAE61,-104.6423889,37.16547222,15 - 20 Deg. F. / 3 - 6,,15 - 20 Deg. F.,6-Mar,15 - 20 Deg. F. / 3 - 6,15 - 20 / semi-humid,CO.1,#698b69,"semi-humid, warm",#FDAE61,D,NA,NA
ARFR-CO932-314-JEFFERSON-12,white,2,6,7,NA,281,1,1,0,NA,1,0,NA,1,0,NA,1,0,NA,1,1,N,1,1,NA,1,1,63.5,NA,NA,NA,NA,NA,ARFR4-SOS-CO932-314-JEFFERSON-12,#FEE08B,-105.3553333,39.40902778,10 - 15 Deg. F. / 3 - 6,,10 - 15 Deg. F.,6-Mar,10 - 15 Deg. F. / 3 - 6,10 - 15 / semi-humid,CO.2,#66e566,"semi-humid, cool",#FEE08B,E,NA,NA
ARFR-AZ930-422-NAVAJO-18,white,2,6,8,NA,282,1,1,0,NA,1,0,NA,1,0,NA,1,1,NA,1,1,N,1,1,NA,1,1,58.8,small/dry,NA,NA,NA,NA,ARFR4-SOS-AZ930-422-NAVAJO-18,#D53E4F,-110.431,36.56805,15 - 20 Deg. F. / 6 - 12,Lats corrected 20230127,15 - 20 Deg. F.,12-Jun,15 - 20 Deg. F. / 6 - 12,15 - 20 / semi-arid,AZ.2,#ee5c42,"semi-arid, warm",#D53E4F,B,NA,NA
ARFR-WY050-151-FREMONT-16,white,2,6,9,NA,283,1,1,0,NA,1,0,NA,1,1,NA,1,1,NA,1,1,N,1,1,NA,1,1,41,NA,NA,NA,NA,NA,ARFR4-SOS-WY050-151-FREMONT-16,#3288BD,-108.1704472,42.47886111,10 - 15 Deg. F. / 6 - 12,,10 - 15 Deg. F.,12-Jun,10 - 15 Deg. F. / 6 - 12,10 - 15 / semi-arid,WY.2,#cd8500,"semi-arid, cool",#3288BD,J,NA,NA
ARFR-WY040-71-10,white,2,6,10,167,284,1,1,1,NA,1,1,NA,1,1,NA,1,0,NA,1,1,N,1,1,NA,1,1,33,NA,Y,NA,NA,NA,ARFR4-SOS-WY040-71-10,#66C2A5,-109.2433156,41.13271889,5 - 10 Deg. F. / 3 - 6,,5 - 10 Deg. F.,6-Mar,5 - 10 Deg. F. / 3 - 6,5 - 10 / semi-humid,WY.1,#a5c2f1,"semi-humid, cold",#66C2A5,I,NA,NA
ARFR-CO932-294-11,white,2,6,11,NA,285,1,1,0,NA,1,0,NA,1,0,NA,1,1,NA,1,0,N,1,0,NA,1,1,48.1,NA,NA,NA,NA,NA,ARFR4-SOS-CO932-294-11,#ABDDA4,-105.2030833,39.78458333,15 - 20 Deg. F. / 3 - 6,,15 - 20 Deg. F.,6-Mar,15 - 20 Deg. F. / 3 - 6,15 - 20 / semi-humid,CO.4,#698b69,"semi-humid, warm",#ABDDA4,H,NA,NA
ARFR-WY040-71-10,white,2,6,12,NA,286,1,1,0,NA,1,0,NA,1,1,NA,1,1,NA,1,1,N,1,1,NA,1,1,47.2,NA,NA,NA,NA,NA,ARFR4-SOS-WY040-71-10,#66C2A5,-109.2433156,41.13271889,5 - 10 Deg. F. / 3 - 6,,5 - 10 Deg. F.,6-Mar,5 - 10 Deg. F. / 3 - 6,5 - 10 / semi-humid,WY.1,#a5c2f1,"semi-humid, cold",#66C2A5,I,NA,NA
ARFR-CO932-316-JEFFERSON-12,white,2,6,13,NA,287,1,1,0,NA,1,0,NA,1,0,NA,1,1,NA,1,1,N,1,1,NA,1,1,53.3,NA,NA,NA,NA,NA,ARFR4-SOS-CO932-316-JEFFERSON-12,#FFFF85,-105.358,39.66325,15 - 20 Deg. F. / 3 - 6,,15 - 20 Deg. F.,6-Mar,15 - 20 Deg. F. / 3 - 6,15 - 20 / semi-humid,CO.3,#698b69,"semi-humid, warm",#FFFF85,F,NA,NA
ARFR-WY050-49-FREMONT-12,white,2,6,14,NA,288,1,1,0,NA,1,0,NA,1,0,NA,1,1,NA,1,1,N,1,1,NA,1,1,NA,NA,NA,NA,NA,NA,ARFR4-SOS-WY050-49-FREMONT-12,#5E4FA2,-109.34775,43.42663611,5 - 10 Deg. F. / 6 - 12,,5 - 10 Deg. F.,12-Jun,5 - 10 Deg. F. / 6 - 12,5 - 10 / semi-arid,WY.3,#ffb90f,"semi-arid, cold",#5E4FA2,K,NA,NA
ARFR-CO932-316-JEFFERSON-12,white,2,6,15,168,289,1,1,0,NA,1,0,NA,1,1,NA,1,1,NA,1,1,N,1,1,NA,1,1,43.1,NA,NA,NA,NA,NA,ARFR4-SOS-CO932-316-JEFFERSON-12,#FFFF85,-105.358,39.66325,15 - 20 Deg. F. / 3 - 6,,15 - 20 Deg. F.,6-Mar,15 - 20 Deg. F. / 3 - 6,15 - 20 / semi-humid,CO.3,#698b69,"semi-humid, warm",#FFFF85,F,NA,NA
ARFR-WY050-151-FREMONT-16,white,2,6,16,NA,290,1,1,0,NA,1,1,NA,1,1,NA,1,1,NA,1,1,N,1,1,NA,1,1,32.5,NA,NA,NA,NA,NA,ARFR4-SOS-WY050-151-FREMONT-16,#3288BD,-108.1704472,42.47886111,10 - 15 Deg. F. / 6 - 12,,10 - 15 Deg. F.,12-Jun,10 - 15 Deg. F. / 6 - 12,10 - 15 / semi-arid,WY.2,#cd8500,"semi-arid, cool",#3288BD,J,NA,NA
ARFR-CO932-316-JEFFERSON-12,white,2,6,17,NA,291,1,1,0,NA,1,0,NA,1,1,NA,1,1,NA,1,1,N,1,1,NA,1,1,54.9,NA,NA,NA,NA,NA,ARFR4-SOS-CO932-316-JEFFERSON-12,#FFFF85,-105.358,39.66325,15 - 20 Deg. F. / 3 - 6,,15 - 20 Deg. F.,6-Mar,15 - 20 Deg. F. / 3 - 6,15 - 20 / semi-humid,CO.3,#698b69,"semi-humid, warm",#FFFF85,F,NA,NA
ARFR-AZ930-422-NAVAJO-18,white,2,6,18,NA,292,1,1,0,NA,1,0,NA,1,0,NA,1,1,NA,1,1,Y,1,1,NA,1,1,54.2,NA,NA,NA,NA,NA,ARFR4-SOS-AZ930-422-NAVAJO-18,#D53E4F,-110.431,36.56805,15 - 20 Deg. F. / 6 - 12,Lats corrected 20230127,15 - 20 Deg. F.,12-Jun,15 - 20 Deg. F. / 6 - 12,15 - 20 / semi-arid,AZ.2,#ee5c42,"semi-arid, warm",#D53E4F,B,NA,NA
ARFR-WY930-44-LASANIMAS-13,white,2,6,19,NA,293,1,1,0,NA,1,0,NA,1,0,NA,1,1,NA,1,1,N,1,1,NA,1,1,39.8,NA,NA,NA,NA,NA,ARFR4-SOS-WY930-44-LASANIMAS-13,#FDAE61,-104.6423889,37.16547222,15 - 20 Deg. F. / 3 - 6,,15 - 20 Deg. F.,6-Mar,15 - 20 Deg. F. / 3 - 6,15 - 20 / semi-humid,CO.1,#698b69,"semi-humid, warm",#FDAE61,D,NA,NA
ARFR-WY050-151-FREMONT-16,white,2,6,20,169,294,1,1,0,NA,1,1,NA,1,1,NA,1,1,NA,1,1,N,1,1,NA,1,1,37.7,NA,NA,NA,NA,NA,ARFR4-SOS-WY050-151-FREMONT-16,#3288BD,-108.1704472,42.47886111,10 - 15 Deg. F. / 6 - 12,,10 - 15 Deg. F.,12-Jun,10 - 15 Deg. F. / 6 - 12,10 - 15 / semi-arid,WY.2,#cd8500,"semi-arid, cool",#3288BD,J,NA,NA
ARFR-AZ930-423-NAVAJO-18,white,2,6,21,NA,295,1,1,0,NA,1,0,NA,1,1,NA,1,1,NA,1,1,N,1,1,NA,1,1,56,dry,NA,NA,NA,NA,ARFR4-SOS-AZ930-423-NAVAJO-18,#9E0142,-110.431,36.45877,15 - 20 Deg. F. / 6 - 12,SdZones downloaded 20230823,15 - 20 Deg. F.,12-Jun,15 - 20 Deg. F. / 6 - 12,15 - 20 / semi-arid,AZ.1,#ee5c42,"semi-arid, warm",#9E0142,A,NA,NA
ARFR-WY050-49-FREMONT-12,white,2,6,22,NA,296,1,1,0,NA,1,0,NA,1,0,NA,1,0,NA,1,1,N,1,1,NA,1,1,56.6,NA,NA,NA,NA,NA,ARFR4-SOS-WY050-49-FREMONT-12,#5E4FA2,-109.34775,43.42663611,5 - 10 Deg. F. / 6 - 12,,5 - 10 Deg. F.,12-Jun,5 - 10 Deg. F. / 6 - 12,5 - 10 / semi-arid,WY.3,#ffb90f,"semi-arid, cold",#5E4FA2,K,NA,Y
ARFR-NM930N-66-11,white,2,6,23,NA,297,1,1,0,NA,1,0,NA,1,0,NA,1,0,NA,1,1,Y,1,1,NA,1,1,70,NA,NA,NA,NA,NA,ARFR4-SOS-NM930N-66-11,#F46D43,-107.2045028,36.76818611,10 - 15 Deg. F. / 3 - 6,,10 - 15 Deg. F.,6-Mar,10 - 15 Deg. F. / 3 - 6,10 - 15 / semi-humid,NM.1,#66e566,"semi-humid, cool",#F46D43,C,NA,NA
ARFR-NM930N-66-11,white,2,6,24,NA,298,1,1,0,NA,1,0,NA,1,0,NA,1,0,NA,1,1,N,1,1,NA,1,1,52.9,NA,NA,NA,NA,NA,ARFR4-SOS-NM930N-66-11,#F46D43,-107.2045028,36.76818611,10 - 15 Deg. F. / 3 - 6,,10 - 15 Deg. F.,6-Mar,10 - 15 Deg. F. / 3 - 6,10 - 15 / semi-humid,NM.1,#66e566,"semi-humid, cool",#F46D43,C,NA,NA
ARFR-WY050-49-FREMONT-12,white,2,6,25,170,299,1,1,0,NA,1,0,NA,1,0,NA,1,0,NA,1,1,N,1,1,NA,1,1,59.6,NA,NA,NA,NA,NA,ARFR4-SOS-WY050-49-FREMONT-12,#5E4FA2,-109.34775,43.42663611,5 - 10 Deg. F. / 6 - 12,,5 - 10 Deg. F.,12-Jun,5 - 10 Deg. F. / 6 - 12,5 - 10 / semi-arid,WY.3,#ffb90f,"semi-arid, cold",#5E4FA2,K,NA,NA
ARFR-AZ930-423-NAVAJO-18,white,2,6,26,NA,300,1,1,0,NA,1,0,NA,1,0,NA,1,0,NA,1,1,N,1,1,NA,1,1,49.8,NA,NA,NA,NA,NA,ARFR4-SOS-AZ930-423-NAVAJO-18,#9E0142,-110.431,36.45877,15 - 20 Deg. F. / 6 - 12,SdZones downloaded 20230823,15 - 20 Deg. F.,12-Jun,15 - 20 Deg. F. / 6 - 12,15 - 20 / semi-arid,AZ.1,#ee5c42,"semi-arid, warm",#9E0142,A,NA,NA
ARFR-UT080-109-UINTAH-12,white,2,6,27,NA,301,1,1,1,NA,1,1,NA,1,1,NA,1,1,NA,1,1,N,1,1,NA,1,1,60,NA,NA,NA,NA,NA,ARFR4-SOS-UT080-109-UINTAH-12,#aabe7f,-109.1426444,39.70802222,10 - 15 Deg. F. / 3 - 6,,10 - 15 Deg. F.,6-Mar,10 - 15 Deg. F. / 3 - 6,10 - 15 / semi-humid,UT.1,#66e566,"semi-humid, cool",#aabe7f,G,NA,NA
ARFR-CO932-316-JEFFERSON-12,white,2,6,28,NA,302,1,1,0,NA,1,0,NA,1,1,NA,1,1,NA,1,1,N,1,1,NA,1,1,50.2,NA,NA,NA,NA,NA,ARFR4-SOS-CO932-316-JEFFERSON-12,#FFFF85,-105.358,39.66325,15 - 20 Deg. F. / 3 - 6,,15 - 20 Deg. F.,6-Mar,15 - 20 Deg. F. / 3 - 6,15 - 20 / semi-humid,CO.3,#698b69,"semi-humid, warm",#FFFF85,F,NA,NA
ARFR-CO932-314-JEFFERSON-12,white,2,6,29,NA,303,1,1,0,NA,1,0,NA,1,0,NA,1,0,NA,1,1,N,1,1,NA,1,1,44.8,NA,NA,NA,NA,NA,ARFR4-SOS-CO932-314-JEFFERSON-12,#FEE08B,-105.3553333,39.40902778,10 - 15 Deg. F. / 3 - 6,,10 - 15 Deg. F.,6-Mar,10 - 15 Deg. F. / 3 - 6,10 - 15 / semi-humid,CO.2,#66e566,"semi-humid, cool",#FEE08B,E,NA,NA
ARFR-WY050-151-FREMONT-16,white,2,6,30,171,304,1,1,0,NA,1,0,NA,1,0,NA,1,0,NA,1,1,N,1,1,NA,1,1,36,NA,NA,NA,NA,NA,ARFR4-SOS-WY050-151-FREMONT-16,#3288BD,-108.1704472,42.47886111,10 - 15 Deg. F. / 6 - 12,,10 - 15 Deg. F.,12-Jun,10 - 15 Deg. F. / 6 - 12,10 - 15 / semi-arid,WY.2,#cd8500,"semi-arid, cool",#3288BD,J,NA,NA
ARFR-CO932-294-11,white,2,6,31,NA,305,1,1,0,NA,1,0,NA,1,1,NA,1,1,NA,1,1,N,1,1,NA,1,1,41.5,NA,NA,NA,NA,NA,ARFR4-SOS-CO932-294-11,#ABDDA4,-105.2030833,39.78458333,15 - 20 Deg. F. / 3 - 6,,15 - 20 Deg. F.,6-Mar,15 - 20 Deg. F. / 3 - 6,15 - 20 / semi-humid,CO.4,#698b69,"semi-humid, warm",#ABDDA4,H,NA,NA
ARFR-WY930-44-LASANIMAS-13,white,2,6,32,NA,306,1,1,0,NA,1,0,NA,1,0,NA,1,0,NA,1,1,N,1,1,NA,1,1,40.5,NA,NA,NA,NA,NA,ARFR4-SOS-WY930-44-LASANIMAS-13,#FDAE61,-104.6423889,37.16547222,15 - 20 Deg. F. / 3 - 6,,15 - 20 Deg. F.,6-Mar,15 - 20 Deg. F. / 3 - 6,15 - 20 / semi-humid,CO.1,#698b69,"semi-humid, warm",#FDAE61,D,NA,NA
ARFR-CO932-314-JEFFERSON-12,white,2,6,33,NA,307,1,1,0,NA,1,0,NA,1,0,NA,1,0,NA,1,1,N,1,1,NA,1,1,NA,NA,NA,NA,NA,NA,ARFR4-SOS-CO932-314-JEFFERSON-12,#FEE08B,-105.3553333,39.40902778,10 - 15 Deg. F. / 3 - 6,,10 - 15 Deg. F.,6-Mar,10 - 15 Deg. F. / 3 - 6,10 - 15 / semi-humid,CO.2,#66e566,"semi-humid, cool",#FEE08B,E,NA,NA
ARFR-CO932-294-11,white,2,6,34,NA,308,1,1,0,NA,1,0,NA,1,0,NA,1,0,NA,1,1,N,1,1,NA,1,1,44.2,NA,NA,NA,NA,NA,ARFR4-SOS-CO932-294-11,#ABDDA4,-105.2030833,39.78458333,15 - 20 Deg. F. / 3 - 6,,15 - 20 Deg. F.,6-Mar,15 - 20 Deg. F. / 3 - 6,15 - 20 / semi-humid,CO.4,#698b69,"semi-humid, warm",#ABDDA4,H,NA,NA
ARFR-NM930N-66-11,white,2,6,35,172,309,1,1,0,NA,1,1,NA,1,1,NA,1,1,NA,1,1,N,1,1,NA,1,1,61.6,NA,NA,NA,NA,NA,ARFR4-SOS-NM930N-66-11,#F46D43,-107.2045028,36.76818611,10 - 15 Deg. F. / 3 - 6,,10 - 15 Deg. F.,6-Mar,10 - 15 Deg. F. / 3 - 6,10 - 15 / semi-humid,NM.1,#66e566,"semi-humid, cool",#F46D43,C,NA,NA
ARFR-AZ930-422-NAVAJO-18,white,2,6,36,NA,310,1,1,0,NA,1,0,NA,1,0,NA,1,0,NA,1,1,N,1,1,NA,1,1,52.5,NA,NA,NA,NA,NA,ARFR4-SOS-AZ930-422-NAVAJO-18,#D53E4F,-110.431,36.56805,15 - 20 Deg. F. / 6 - 12,Lats corrected 20230127,15 - 20 Deg. F.,12-Jun,15 - 20 Deg. F. / 6 - 12,15 - 20 / semi-arid,AZ.2,#ee5c42,"semi-arid, warm",#D53E4F,B,NA,NA
ARFR-NM930N-66-11,white,2,6,37,NA,311,1,1,0,NA,1,0,NA,1,1,NA,1,1,NA,1,1,N,1,1,NA,1,1,59.5,NA,NA,NA,NA,NA,ARFR4-SOS-NM930N-66-11,#F46D43,-107.2045028,36.76818611,10 - 15 Deg. F. / 3 - 6,,10 - 15 Deg. F.,6-Mar,10 - 15 Deg. F. / 3 - 6,10 - 15 / semi-humid,NM.1,#66e566,"semi-humid, cool",#F46D43,C,NA,Y
ARFR-UT080-109-UINTAH-12,white,2,6,38,NA,312,1,1,1,NA,1,0,NA,1,0,NA,1,0,NA,1,1,N,1,1,NA,1,1,50.8,NA,NA,NA,NA,NA,ARFR4-SOS-UT080-109-UINTAH-12,#aabe7f,-109.1426444,39.70802222,10 - 15 Deg. F. / 3 - 6,,10 - 15 Deg. F.,6-Mar,10 - 15 Deg. F. / 3 - 6,10 - 15 / semi-humid,UT.1,#66e566,"semi-humid, cool",#aabe7f,G,NA,NA
ARFR-WY040-71-10,white,2,6,39,NA,313,1,1,1,NA,1,1,NA,1,1,NA,1,1,NA,1,1,N,1,1,NA,1,1,30,NA,NA,NA,NA,NA,ARFR4-SOS-WY040-71-10,#66C2A5,-109.2433156,41.13271889,5 - 10 Deg. F. / 3 - 6,,5 - 10 Deg. F.,6-Mar,5 - 10 Deg. F. / 3 - 6,5 - 10 / semi-humid,WY.1,#a5c2f1,"semi-humid, cold",#66C2A5,I,NA,NA
ARFR-AZ930-422-NAVAJO-18,white,2,6,40,173,314,1,1,0,NA,1,1,NA,1,1,NA,1,1,NA,1,1,N,1,1,NA,1,1,36.3,NA,NA,NA,NA,NA,ARFR4-SOS-AZ930-422-NAVAJO-18,#D53E4F,-110.431,36.56805,15 - 20 Deg. F. / 6 - 12,Lats corrected 20230127,15 - 20 Deg. F.,12-Jun,15 - 20 Deg. F. / 6 - 12,15 - 20 / semi-arid,AZ.2,#ee5c42,"semi-arid, warm",#D53E4F,B,NA,NA
ARFR-WY050-151-FREMONT-16,white,2,6,41,NA,315,1,1,0,NA,1,0,NA,1,1,NA,1,1,NA,1,1,N,1,1,NA,1,1,38.2,NA,NA,NA,NA,NA,ARFR4-SOS-WY050-151-FREMONT-16,#3288BD,-108.1704472,42.47886111,10 - 15 Deg. F. / 6 - 12,,10 - 15 Deg. F.,12-Jun,10 - 15 Deg. F. / 6 - 12,10 - 15 / semi-arid,WY.2,#cd8500,"semi-arid, cool",#3288BD,J,NA,NA
ARFR-CO932-316-JEFFERSON-12,white,2,6,42,NA,316,1,1,0,NA,1,0,NA,1,1,NA,1,1,NA,1,1,N,1,1,NA,1,1,46.3,NA,NA,NA,NA,NA,ARFR4-SOS-CO932-316-JEFFERSON-12,#FFFF85,-105.358,39.66325,15 - 20 Deg. F. / 3 - 6,,15 - 20 Deg. F.,6-Mar,15 - 20 Deg. F. / 3 - 6,15 - 20 / semi-humid,CO.3,#698b69,"semi-humid, warm",#FFFF85,F,NA,NA
ARFR-WY050-151-FREMONT-16,white,2,6,43,NA,317,1,1,0,NA,1,0,NA,1,1,NA,1,1,NA,1,1,N,1,1,NA,1,1,45,NA,NA,NA,NA,NA,ARFR4-SOS-WY050-151-FREMONT-16,#3288BD,-108.1704472,42.47886111,10 - 15 Deg. F. / 6 - 12,,10 - 15 Deg. F.,12-Jun,10 - 15 Deg. F. / 6 - 12,10 - 15 / semi-arid,WY.2,#cd8500,"semi-arid, cool",#3288BD,J,NA,NA
ARFR-WY040-71-10,white,2,6,44,NA,318,1,1,0,NA,1,1,NA,1,1,NA,1,1,NA,1,1,N,1,1,NA,1,1,40.6,NA,NA,NA,NA,NA,ARFR4-SOS-WY040-71-10,#66C2A5,-109.2433156,41.13271889,5 - 10 Deg. F. / 3 - 6,,5 - 10 Deg. F.,6-Mar,5 - 10 Deg. F. / 3 - 6,5 - 10 / semi-humid,WY.1,#a5c2f1,"semi-humid, cold",#66C2A5,I,NA,Y
ARFR-WY930-44-LASANIMAS-13,white,2,6,45,174,319,1,1,0,NA,1,0,NA,1,0,NA,1,0,NA,1,1,N,1,1,NA,1,1,43.7,NA,NA,NA,NA,NA,ARFR4-SOS-WY930-44-LASANIMAS-13,#FDAE61,-104.6423889,37.16547222,15 - 20 Deg. F. / 3 - 6,,15 - 20 Deg. F.,6-Mar,15 - 20 Deg. F. / 3 - 6,15 - 20 / semi-humid,CO.1,#698b69,"semi-humid, warm",#FDAE61,D,NA,NA
ARFR-WY930-44-LASANIMAS-13,white,2,6,46,NA,320,1,1,0,NA,1,0,NA,1,0,NA,1,0,NA,1,1,N,1,1,NA,1,1,55.6,NA,NA,NA,NA,NA,ARFR4-SOS-WY930-44-LASANIMAS-13,#FDAE61,-104.6423889,37.16547222,15 - 20 Deg. F. / 3 - 6,,15 - 20 Deg. F.,6-Mar,15 - 20 Deg. F. / 3 - 6,15 - 20 / semi-humid,CO.1,#698b69,"semi-humid, warm",#FDAE61,D,NA,NA
ARFR-AZ930-423-NAVAJO-18,white,2,6,47,NA,321,1,1,0,NA,1,0,NA,1,1,NA,1,1,NA,1,1,N,1,1,NA,1,1,64.5,NA,NA,NA,NA,NA,ARFR4-SOS-AZ930-423-NAVAJO-18,#9E0142,-110.431,36.45877,15 - 20 Deg. F. / 6 - 12,SdZones downloaded 20230823,15 - 20 Deg. F.,12-Jun,15 - 20 Deg. F. / 6 - 12,15 - 20 / semi-arid,AZ.1,#ee5c42,"semi-arid, warm",#9E0142,A,NA,NA
ARFR-WY040-71-10,white,2,6,48,NA,322,1,1,1,NA,1,1,NA,1,1,NA,1,1,NA,1,1,N,1,1,NA,1,1,NA,dry,NA,NA,NA,NA,ARFR4-SOS-WY040-71-10,#66C2A5,-109.2433156,41.13271889,5 - 10 Deg. F. / 3 - 6,,5 - 10 Deg. F.,6-Mar,5 - 10 Deg. F. / 3 - 6,5 - 10 / semi-humid,WY.1,#a5c2f1,"semi-humid, cold",#66C2A5,I,NA,NA
ARFR-WY040-71-10,white,2,6,49,NA,323,1,0,NA,NA,0,NA,NA,0,NA,NA,0,NA,NA,0,NA,N,0,NA,NA,0,NA,NA,NA,NA,NA,NA,NA,ARFR4-SOS-WY040-71-10,#66C2A5,-109.2433156,41.13271889,5 - 10 Deg. F. / 3 - 6,,5 - 10 Deg. F.,6-Mar,5 - 10 Deg. F. / 3 - 6,5 - 10 / semi-humid,WY.1,#a5c2f1,"semi-humid, cold",#66C2A5,I,NA,NA
ARFR-WY040-71-10,white,2,6,50,175,324,1,1,1,NA,1,1,NA,1,1,NA,1,1,NA,1,1,N,1,1,NA,1,1,23.4,very dry,NA,NA,NA,NA,ARFR4-SOS-WY040-71-10,#66C2A5,-109.2433156,41.13271889,5 - 10 Deg. F. / 3 - 6,,5 - 10 Deg. F.,6-Mar,5 - 10 Deg. F. / 3 - 6,5 - 10 / semi-humid,WY.1,#a5c2f1,"semi-humid, cold",#66C2A5,I,NA,NA
ARFR-CO932-294-11,white,2,6,51,NA,325,1,1,0,NA,1,0,NA,1,0,NA,1,1,NA,1,1,N,1,1,NA,1,1,42,NA,NA,NA,NA,NA,ARFR4-SOS-CO932-294-11,#ABDDA4,-105.2030833,39.78458333,15 - 20 Deg. F. / 3 - 6,,15 - 20 Deg. F.,6-Mar,15 - 20 Deg. F. / 3 - 6,15 - 20 / semi-humid,CO.4,#698b69,"semi-humid, warm",#ABDDA4,H,NA,NA
ARFR-UT080-109-UINTAH-12,white,2,6,52,NA,326,0,0,NA,NA,0,NA,NA,0,NA,NA,0,NA,NA,0,NA,N,0,NA,NA,0,NA,NA,NA,NA,NA,NA,NA,ARFR4-SOS-UT080-109-UINTAH-12,#aabe7f,-109.1426444,39.70802222,10 - 15 Deg. F. / 3 - 6,,10 - 15 Deg. F.,6-Mar,10 - 15 Deg. F. / 3 - 6,10 - 15 / semi-humid,UT.1,#66e566,"semi-humid, cool",#aabe7f,G,NA,NA
ARFR-CO932-294-11,white,2,6,53,NA,327,1,1,0,NA,1,0,NA,1,0,NA,1,0,NA,1,1,N,1,1,NA,1,1,53,NA,NA,NA,NA,NA,ARFR4-SOS-CO932-294-11,#ABDDA4,-105.2030833,39.78458333,15 - 20 Deg. F. / 3 - 6,,15 - 20 Deg. F.,6-Mar,15 - 20 Deg. F. / 3 - 6,15 - 20 / semi-humid,CO.4,#698b69,"semi-humid, warm",#ABDDA4,H,NA,NA
ARFR-WY930-44-LASANIMAS-13,white,2,6,54,NA,328,1,1,0,NA,1,0,NA,1,0,NA,1,0,NA,1,1,N,1,1,NA,1,1,44.3,20231006,NA,NA,NA,NA,ARFR4-SOS-WY930-44-LASANIMAS-13,#FDAE61,-104.6423889,37.16547222,15 - 20 Deg. F. / 3 - 6,,15 - 20 Deg. F.,6-Mar,15 - 20 Deg. F. / 3 - 6,15 - 20 / semi-humid,CO.1,#698b69,"semi-humid, warm",#FDAE61,D,NA,NA
ARFR-AZ930-423-NAVAJO-18,white,2,6,55,176,329,1,1,0,NA,1,0,NA,1,0,NA,1,1,NA,1,1,N,1,1,NA,1,1,61.4,20231006,NA,NA,NA,NA,ARFR4-SOS-AZ930-423-NAVAJO-18,#9E0142,-110.431,36.45877,15 - 20 Deg. F. / 6 - 12,SdZones downloaded 20230823,15 - 20 Deg. F.,12-Jun,15 - 20 Deg. F. / 6 - 12,15 - 20 / semi-arid,AZ.1,#ee5c42,"semi-arid, warm",#9E0142,A,NA,NA
ARFR-WY050-151-FREMONT-16,white,2,7,1,177,330,1,1,0,NA,1,0,NA,1,1,NA,1,1,NA,1,1,N,1,1,NA,1,1,43.6,20231006,NA,NA,NA,NA,ARFR4-SOS-WY050-151-FREMONT-16,#3288BD,-108.1704472,42.47886111,10 - 15 Deg. F. / 6 - 12,,10 - 15 Deg. F.,12-Jun,10 - 15 Deg. F. / 6 - 12,10 - 15 / semi-arid,WY.2,#cd8500,"semi-arid, cool",#3288BD,J,NA,NA
ARFR-UT080-109-UINTAH-12,white,2,7,2,NA,331,1,1,0,NA,1,0,NA,1,1,NA,1,1,NA,1,1,N,1,1,NA,1,1,71.2,20231006,NA,NA,NA,NA,ARFR4-SOS-UT080-109-UINTAH-12,#aabe7f,-109.1426444,39.70802222,10 - 15 Deg. F. / 3 - 6,,10 - 15 Deg. F.,6-Mar,10 - 15 Deg. F. / 3 - 6,10 - 15 / semi-humid,UT.1,#66e566,"semi-humid, cool",#aabe7f,G,NA,NA
ARFR-CO932-294-11,white,2,7,3,NA,332,1,1,0,NA,1,0,NA,1,0,NA,1,0,NA,1,0,Y,1,0,NA,1,1,59,20231006,NA,NA,NA,NA,ARFR4-SOS-CO932-294-11,#ABDDA4,-105.2030833,39.78458333,15 - 20 Deg. F. / 3 - 6,,15 - 20 Deg. F.,6-Mar,15 - 20 Deg. F. / 3 - 6,15 - 20 / semi-humid,CO.4,#698b69,"semi-humid, warm",#ABDDA4,H,NA,NA
ARFR-CO932-314-JEFFERSON-12,white,2,7,4,NA,333,1,1,0,NA,1,1,NA,1,1,NA,1,1,NA,1,1,N,1,1,NA,1,1,45.5,20231006,NA,NA,NA,NA,ARFR4-SOS-CO932-314-JEFFERSON-12,#FEE08B,-105.3553333,39.40902778,10 - 15 Deg. F. / 3 - 6,,10 - 15 Deg. F.,6-Mar,10 - 15 Deg. F. / 3 - 6,10 - 15 / semi-humid,CO.2,#66e566,"semi-humid, cool",#FEE08B,E,NA,NA
ARFR-CO932-316-JEFFERSON-12,white,2,7,5,178,334,1,1,0,NA,1,0,NA,1,0,NA,1,0,NA,1,1,N,1,1,NA,1,1,58.2,20231006,NA,NA,NA,NA,ARFR4-SOS-CO932-316-JEFFERSON-12,#FFFF85,-105.358,39.66325,15 - 20 Deg. F. / 3 - 6,,15 - 20 Deg. F.,6-Mar,15 - 20 Deg. F. / 3 - 6,15 - 20 / semi-humid,CO.3,#698b69,"semi-humid, warm",#FFFF85,F,NA,NA
ARFR-WY050-49-FREMONT-12,white,2,7,6,NA,335,1,1,0,NA,1,1,NA,1,0,NA,1,1,NA,1,1,N,1,1,NA,1,1,57.4,20231006,NA,NA,NA,NA,ARFR4-SOS-WY050-49-FREMONT-12,#5E4FA2,-109.34775,43.42663611,5 - 10 Deg. F. / 6 - 12,,5 - 10 Deg. F.,12-Jun,5 - 10 Deg. F. / 6 - 12,5 - 10 / semi-arid,WY.3,#ffb90f,"semi-arid, cold",#5E4FA2,K,NA,NA
ARFR-WY930-44-LASANIMAS-13,white,2,7,7,NA,336,1,1,0,NA,1,0,NA,1,0,NA,1,0,NA,1,0,N,1,0,NA,1,1,63.9,20231006,NA,NA,NA,NA,ARFR4-SOS-WY930-44-LASANIMAS-13,#FDAE61,-104.6423889,37.16547222,15 - 20 Deg. F. / 3 - 6,,15 - 20 Deg. F.,6-Mar,15 - 20 Deg. F. / 3 - 6,15 - 20 / semi-humid,CO.1,#698b69,"semi-humid, warm",#FDAE61,D,NA,NA
ARFR-NM930N-66-11,white,2,7,8,NA,337,1,1,0,NA,1,1,NA,1,1,NA,1,1,NA,1,1,N,1,1,NA,1,1,67.6,20231006,NA,NA,NA,NA,ARFR4-SOS-NM930N-66-11,#F46D43,-107.2045028,36.76818611,10 - 15 Deg. F. / 3 - 6,,10 - 15 Deg. F.,6-Mar,10 - 15 Deg. F. / 3 - 6,10 - 15 / semi-humid,NM.1,#66e566,"semi-humid, cool",#F46D43,C,NA,NA
ARFR-WY050-49-FREMONT-12,white,2,7,9,NA,338,1,1,0,NA,1,0,NA,1,0,NA,1,1,NA,1,1,N,1,1,NA,1,1,57.9,20231006,NA,NA,NA,NA,ARFR4-SOS-WY050-49-FREMONT-12,#5E4FA2,-109.34775,43.42663611,5 - 10 Deg. F. / 6 - 12,,5 - 10 Deg. F.,12-Jun,5 - 10 Deg. F. / 6 - 12,5 - 10 / semi-arid,WY.3,#ffb90f,"semi-arid, cold",#5E4FA2,K,NA,NA
ARFR-WY050-49-FREMONT-12,white,2,7,10,179,339,1,1,0,NA,1,0,NA,1,1,NA,1,1,NA,1,1,N,1,1,NA,1,1,62,20231006,NA,NA,NA,NA,ARFR4-SOS-WY050-49-FREMONT-12,#5E4FA2,-109.34775,43.42663611,5 - 10 Deg. F. / 6 - 12,,5 - 10 Deg. F.,12-Jun,5 - 10 Deg. F. / 6 - 12,5 - 10 / semi-arid,WY.3,#ffb90f,"semi-arid, cold",#5E4FA2,K,NA,NA
ARFR-CO932-294-11,white,2,7,11,NA,340,1,1,0,NA,1,0,NA,1,0,NA,1,0,NA,1,1,N,1,1,NA,1,1,56.1,20231006,NA,NA,NA,NA,ARFR4-SOS-CO932-294-11,#ABDDA4,-105.2030833,39.78458333,15 - 20 Deg. F. / 3 - 6,,15 - 20 Deg. F.,6-Mar,15 - 20 Deg. F. / 3 - 6,15 - 20 / semi-humid,CO.4,#698b69,"semi-humid, warm",#ABDDA4,H,NA,NA
ARFR-UT080-109-UINTAH-12,white,2,7,12,NA,341,1,1,0,NA,1,0,NA,1,0,NA,1,0,NA,1,1,N,1,1,NA,1,1,67.4,20231006,NA,NA,NA,NA,ARFR4-SOS-UT080-109-UINTAH-12,#aabe7f,-109.1426444,39.70802222,10 - 15 Deg. F. / 3 - 6,,10 - 15 Deg. F.,6-Mar,10 - 15 Deg. F. / 3 - 6,10 - 15 / semi-humid,UT.1,#66e566,"semi-humid, cool",#aabe7f,G,NA,NA
ARFR-WY930-44-LASANIMAS-13,white,2,7,13,NA,342,1,1,0,NA,1,0,NA,1,0,NA,1,0,NA,1,1,N,1,1,NA,1,1,42.7,20231006,NA,NA,NA,NA,ARFR4-SOS-WY930-44-LASANIMAS-13,#FDAE61,-104.6423889,37.16547222,15 - 20 Deg. F. / 3 - 6,,15 - 20 Deg. F.,6-Mar,15 - 20 Deg. F. / 3 - 6,15 - 20 / semi-humid,CO.1,#698b69,"semi-humid, warm",#FDAE61,D,NA,NA
ARFR-AZ930-423-NAVAJO-18,white,2,7,14,NA,343,1,1,0,NA,1,0,NA,1,0,NA,1,0,NA,1,1,N,1,1,NA,1,1,57.9,20231006,NA,NA,NA,NA,ARFR4-SOS-AZ930-423-NAVAJO-18,#9E0142,-110.431,36.45877,15 - 20 Deg. F. / 6 - 12,SdZones downloaded 20230823,15 - 20 Deg. F.,12-Jun,15 - 20 Deg. F. / 6 - 12,15 - 20 / semi-arid,AZ.1,#ee5c42,"semi-arid, warm",#9E0142,A,NA,NA
ARFR-CO932-314-JEFFERSON-12,white,2,7,15,180,344,1,1,0,NA,1,0,NA,1,0,NA,1,0,NA,1,1,N,1,1,NA,1,1,54,20231006,NA,NA,NA,NA,ARFR4-SOS-CO932-314-JEFFERSON-12,#FEE08B,-105.3553333,39.40902778,10 - 15 Deg. F. / 3 - 6,,10 - 15 Deg. F.,6-Mar,10 - 15 Deg. F. / 3 - 6,10 - 15 / semi-humid,CO.2,#66e566,"semi-humid, cool",#FEE08B,E,NA,NA
ARFR-WY050-151-FREMONT-16,white,2,7,16,NA,345,1,1,0,NA,1,0,NA,1,1,NA,1,1,NA,1,1,N,1,1,NA,1,1,36.3,dry,NA,NA,NA,NA,ARFR4-SOS-WY050-151-FREMONT-16,#3288BD,-108.1704472,42.47886111,10 - 15 Deg. F. / 6 - 12,,10 - 15 Deg. F.,12-Jun,10 - 15 Deg. F. / 6 - 12,10 - 15 / semi-arid,WY.2,#cd8500,"semi-arid, cool",#3288BD,J,NA,NA
ARFR-WY930-44-LASANIMAS-13,white,2,7,17,NA,346,1,1,0,NA,1,0,NA,1,0,NA,1,0,NA,1,0,N,1,0,NA,1,1,35.8,20231006,NA,NA,NA,NA,ARFR4-SOS-WY930-44-LASANIMAS-13,#FDAE61,-104.6423889,37.16547222,15 - 20 Deg. F. / 3 - 6,,15 - 20 Deg. F.,6-Mar,15 - 20 Deg. F. / 3 - 6,15 - 20 / semi-humid,CO.1,#698b69,"semi-humid, warm",#FDAE61,D,NA,Y
ARFR-WY050-151-FREMONT-16,white,2,7,18,NA,347,1,1,0,NA,1,0,NA,1,0,NA,1,0,NA,1,1,N,1,1,NA,1,1,49.5,20231006,NA,NA,NA,NA,ARFR4-SOS-WY050-151-FREMONT-16,#3288BD,-108.1704472,42.47886111,10 - 15 Deg. F. / 6 - 12,,10 - 15 Deg. F.,12-Jun,10 - 15 Deg. F. / 6 - 12,10 - 15 / semi-arid,WY.2,#cd8500,"semi-arid, cool",#3288BD,J,NA,NA
ARFR-WY930-44-LASANIMAS-13,white,2,7,19,NA,348,1,1,0,NA,1,0,NA,1,0,NA,1,0,NA,1,1,N,1,1,NA,1,1,37.5,20231006,NA,NA,NA,NA,ARFR4-SOS-WY930-44-LASANIMAS-13,#FDAE61,-104.6423889,37.16547222,15 - 20 Deg. F. / 3 - 6,,15 - 20 Deg. F.,6-Mar,15 - 20 Deg. F. / 3 - 6,15 - 20 / semi-humid,CO.1,#698b69,"semi-humid, warm",#FDAE61,D,NA,NA
ARFR-CO932-314-JEFFERSON-12,white,2,7,20,181,349,1,1,0,NA,1,0,NA,1,0,NA,1,0,dying,1,0,N,1,0,dying,1,1,44,dry,NA,NA,NA,NA,ARFR4-SOS-CO932-314-JEFFERSON-12,#FEE08B,-105.3553333,39.40902778,10 - 15 Deg. F. / 3 - 6,,10 - 15 Deg. F.,6-Mar,10 - 15 Deg. F. / 3 - 6,10 - 15 / semi-humid,CO.2,#66e566,"semi-humid, cool",#FEE08B,E,NA,NA
ARFR-WY040-71-10,white,2,7,21,NA,350,1,0,NA,NA,0,NA,NA,0,NA,NA,0,NA,NA,1,1,N,1,1,NA,1,1,27.4,same plant? lots of dieback,Y,Y,Y,Harvested,ARFR4-SOS-WY040-71-10,#66C2A5,-109.2433156,41.13271889,5 - 10 Deg. F. / 3 - 6,,5 - 10 Deg. F.,6-Mar,5 - 10 Deg. F. / 3 - 6,5 - 10 / semi-humid,WY.1,#a5c2f1,"semi-humid, cold",#66C2A5,I,NA,Y
ARFR-WY050-49-FREMONT-12,white,2,7,22,NA,351,1,1,0,NA,1,1,NA,1,1,NA,1,1,NA,1,1,N,1,1,NA,1,1,46.6,20231006,NA,NA,NA,NA,ARFR4-SOS-WY050-49-FREMONT-12,#5E4FA2,-109.34775,43.42663611,5 - 10 Deg. F. / 6 - 12,,5 - 10 Deg. F.,12-Jun,5 - 10 Deg. F. / 6 - 12,5 - 10 / semi-arid,WY.3,#ffb90f,"semi-arid, cold",#5E4FA2,K,NA,NA
ARFR-AZ930-423-NAVAJO-18,white,2,7,23,NA,352,1,1,0,NA,1,0,NA,1,0,NA,1,0,NA,1,1,N,1,1,NA,1,1,56.4,20231006,NA,NA,NA,NA,ARFR4-SOS-AZ930-423-NAVAJO-18,#9E0142,-110.431,36.45877,15 - 20 Deg. F. / 6 - 12,SdZones downloaded 20230823,15 - 20 Deg. F.,12-Jun,15 - 20 Deg. F. / 6 - 12,15 - 20 / semi-arid,AZ.1,#ee5c42,"semi-arid, warm",#9E0142,A,NA,NA
ARFR-WY930-44-LASANIMAS-13,white,2,7,24,NA,353,1,1,0,NA,1,0,NA,1,0,NA,1,0,NA,1,1,N,1,1,NA,1,1,44.6,20231006,NA,NA,NA,NA,ARFR4-SOS-WY930-44-LASANIMAS-13,#FDAE61,-104.6423889,37.16547222,15 - 20 Deg. F. / 3 - 6,,15 - 20 Deg. F.,6-Mar,15 - 20 Deg. F. / 3 - 6,15 - 20 / semi-humid,CO.1,#698b69,"semi-humid, warm",#FDAE61,D,NA,NA
ARFR-WY040-71-10,white,2,7,25,182,354,1,1,1,NA,1,1,NA,1,1,NA,1,1,NA,1,1,N,1,1,NA,1,1,37.5,dry,NA,NA,NA,NA,ARFR4-SOS-WY040-71-10,#66C2A5,-109.2433156,41.13271889,5 - 10 Deg. F. / 3 - 6,,5 - 10 Deg. F.,6-Mar,5 - 10 Deg. F. / 3 - 6,5 - 10 / semi-humid,WY.1,#a5c2f1,"semi-humid, cold",#66C2A5,I,NA,NA
ARFR-WY050-151-FREMONT-16,white,2,7,26,NA,355,1,1,0,NA,1,0,NA,1,0,NA,1,0,NA,1,1,N,1,1,NA,1,1,30.2,20231006,NA,NA,NA,NA,ARFR4-SOS-WY050-151-FREMONT-16,#3288BD,-108.1704472,42.47886111,10 - 15 Deg. F. / 6 - 12,,10 - 15 Deg. F.,12-Jun,10 - 15 Deg. F. / 6 - 12,10 - 15 / semi-arid,WY.2,#cd8500,"semi-arid, cool",#3288BD,J,NA,NA
ARFR-UT080-109-UINTAH-12,white,2,7,27,NA,356,1,1,0,NA,1,0,NA,1,0,NA,1,1,NA,1,1,N,1,1,NA,1,1,59.5,20231006,NA,NA,NA,NA,ARFR4-SOS-UT080-109-UINTAH-12,#aabe7f,-109.1426444,39.70802222,10 - 15 Deg. F. / 3 - 6,,10 - 15 Deg. F.,6-Mar,10 - 15 Deg. F. / 3 - 6,10 - 15 / semi-humid,UT.1,#66e566,"semi-humid, cool",#aabe7f,G,NA,NA
ARFR-CO932-314-JEFFERSON-12,white,2,7,28,NA,357,1,1,0,NA,1,0,NA,1,0,NA,1,1,NA,1,1,N,1,1,NA,1,1,48.6,20231006,NA,NA,NA,NA,ARFR4-SOS-CO932-314-JEFFERSON-12,#FEE08B,-105.3553333,39.40902778,10 - 15 Deg. F. / 3 - 6,,10 - 15 Deg. F.,6-Mar,10 - 15 Deg. F. / 3 - 6,10 - 15 / semi-humid,CO.2,#66e566,"semi-humid, cool",#FEE08B,E,NA,NA
ARFR-WY050-151-FREMONT-16,white,2,7,29,NA,358,1,1,0,NA,1,0,NA,1,1,NA,1,1,NA,1,1,N,1,1,NA,1,1,48.4,20231006,NA,NA,NA,NA,ARFR4-SOS-WY050-151-FREMONT-16,#3288BD,-108.1704472,42.47886111,10 - 15 Deg. F. / 6 - 12,,10 - 15 Deg. F.,12-Jun,10 - 15 Deg. F. / 6 - 12,10 - 15 / semi-arid,WY.2,#cd8500,"semi-arid, cool",#3288BD,J,NA,NA
ARFR-CO932-314-JEFFERSON-12,white,2,7,30,183,359,0,0,NA,NA,0,NA,NA,0,NA,NA,0,NA,NA,0,NA,N,0,NA,NA,0,NA,NA,NA,NA,NA,NA,NA,ARFR4-SOS-CO932-314-JEFFERSON-12,#FEE08B,-105.3553333,39.40902778,10 - 15 Deg. F. / 3 - 6,,10 - 15 Deg. F.,6-Mar,10 - 15 Deg. F. / 3 - 6,10 - 15 / semi-humid,CO.2,#66e566,"semi-humid, cool",#FEE08B,E,NA,NA
ARFR-AZ930-422-NAVAJO-18,white,2,7,31,NA,360,1,1,0,NA,1,0,NA,1,0,NA,1,0,NA,1,1,N,1,1,NA,1,1,49.5,20231006,NA,NA,NA,NA,ARFR4-SOS-AZ930-422-NAVAJO-18,#D53E4F,-110.431,36.56805,15 - 20 Deg. F. / 6 - 12,Lats corrected 20230127,15 - 20 Deg. F.,12-Jun,15 - 20 Deg. F. / 6 - 12,15 - 20 / semi-arid,AZ.2,#ee5c42,"semi-arid, warm",#D53E4F,B,NA,NA
ARFR-CO932-316-JEFFERSON-12,white,2,7,32,NA,361,1,1,0,NA,1,1,NA,1,1,NA,1,1,NA,1,1,N,1,1,NA,1,1,43.5,20231006,NA,NA,NA,NA,ARFR4-SOS-CO932-316-JEFFERSON-12,#FFFF85,-105.358,39.66325,15 - 20 Deg. F. / 3 - 6,,15 - 20 Deg. F.,6-Mar,15 - 20 Deg. F. / 3 - 6,15 - 20 / semi-humid,CO.3,#698b69,"semi-humid, warm",#FFFF85,F,NA,NA
ARFR-CO932-314-JEFFERSON-12,white,2,7,33,NA,362,1,1,0,NA,1,1,NA,1,1,NA,1,1,NA,1,1,N,1,1,NA,1,1,49.9,20231006,NA,NA,NA,NA,ARFR4-SOS-CO932-314-JEFFERSON-12,#FEE08B,-105.3553333,39.40902778,10 - 15 Deg. F. / 3 - 6,,10 - 15 Deg. F.,6-Mar,10 - 15 Deg. F. / 3 - 6,10 - 15 / semi-humid,CO.2,#66e566,"semi-humid, cool",#FEE08B,E,NA,NA
ARFR-WY040-71-10,white,2,7,34,NA,363,1,1,1,NA,1,1,NA,1,1,NA,1,1,NA,1,1,N,1,1,NA,1,1,46.6,20231006,NA,NA,NA,NA,ARFR4-SOS-WY040-71-10,#66C2A5,-109.2433156,41.13271889,5 - 10 Deg. F. / 3 - 6,,5 - 10 Deg. F.,6-Mar,5 - 10 Deg. F. / 3 - 6,5 - 10 / semi-humid,WY.1,#a5c2f1,"semi-humid, cold",#66C2A5,I,NA,NA
ARFR-AZ930-422-NAVAJO-18,white,2,7,35,184,364,1,1,0,NA,1,0,NA,1,0,NA,1,0,NA,1,1,N,1,1,NA,1,1,28.5,20231006,NA,NA,NA,NA,ARFR4-SOS-AZ930-422-NAVAJO-18,#D53E4F,-110.431,36.56805,15 - 20 Deg. F. / 6 - 12,Lats corrected 20230127,15 - 20 Deg. F.,12-Jun,15 - 20 Deg. F. / 6 - 12,15 - 20 / semi-arid,AZ.2,#ee5c42,"semi-arid, warm",#D53E4F,B,NA,NA
ARFR-CO932-316-JEFFERSON-12,white,2,7,36,NA,365,1,1,0,NA,1,0,NA,1,0,NA,1,0,NA,1,0,N,1,0,NA,1,1,41.4,20231006,NA,NA,NA,NA,ARFR4-SOS-CO932-316-JEFFERSON-12,#FFFF85,-105.358,39.66325,15 - 20 Deg. F. / 3 - 6,,15 - 20 Deg. F.,6-Mar,15 - 20 Deg. F. / 3 - 6,15 - 20 / semi-humid,CO.3,#698b69,"semi-humid, warm",#FFFF85,F,NA,NA
ARFR-CO932-294-11,white,2,7,37,NA,366,1,1,0,NA,1,0,NA,1,0,NA,1,1,NA,1,1,N,1,1,NA,1,1,46.7,20231006,NA,NA,NA,NA,ARFR4-SOS-CO932-294-11,#ABDDA4,-105.2030833,39.78458333,15 - 20 Deg. F. / 3 - 6,,15 - 20 Deg. F.,6-Mar,15 - 20 Deg. F. / 3 - 6,15 - 20 / semi-humid,CO.4,#698b69,"semi-humid, warm",#ABDDA4,H,NA,NA
ARFR-NM930N-66-11,white,2,7,38,NA,367,1,1,0,NA,1,1,NA,1,1,NA,1,1,NA,1,1,N,1,1,NA,1,1,62.6,20231006,NA,NA,NA,NA,ARFR4-SOS-NM930N-66-11,#F46D43,-107.2045028,36.76818611,10 - 15 Deg. F. / 3 - 6,,10 - 15 Deg. F.,6-Mar,10 - 15 Deg. F. / 3 - 6,10 - 15 / semi-humid,NM.1,#66e566,"semi-humid, cool",#F46D43,C,NA,NA
ARFR-WY040-71-10,white,2,7,39,NA,368,1,1,0,NA,1,1,NA,1,1,NA,1,1,NA,1,1,N,1,1,NA,1,1,47.4,small ros,NA,NA,NA,NA,ARFR4-SOS-WY040-71-10,#66C2A5,-109.2433156,41.13271889,5 - 10 Deg. F. / 3 - 6,,5 - 10 Deg. F.,6-Mar,5 - 10 Deg. F. / 3 - 6,5 - 10 / semi-humid,WY.1,#a5c2f1,"semi-humid, cold",#66C2A5,I,NA,NA
ARFR-WY050-49-FREMONT-12,white,2,7,40,185,369,1,1,1,NA,1,1,NA,1,0,NA,1,0,NA,1,1,N,1,1,NA,1,1,50.3,20231006,NA,NA,NA,NA,ARFR4-SOS-WY050-49-FREMONT-12,#5E4FA2,-109.34775,43.42663611,5 - 10 Deg. F. / 6 - 12,,5 - 10 Deg. F.,12-Jun,5 - 10 Deg. F. / 6 - 12,5 - 10 / semi-arid,WY.3,#ffb90f,"semi-arid, cold",#5E4FA2,K,NA,NA
ARFR-WY050-49-FREMONT-12,white,2,7,41,NA,370,1,1,0,NA,1,0,NA,1,0,NA,1,0,NA,1,1,N,1,1,NA,1,1,55,20231006,NA,NA,NA,NA,ARFR4-SOS-WY050-49-FREMONT-12,#5E4FA2,-109.34775,43.42663611,5 - 10 Deg. F. / 6 - 12,,5 - 10 Deg. F.,12-Jun,5 - 10 Deg. F. / 6 - 12,5 - 10 / semi-arid,WY.3,#ffb90f,"semi-arid, cold",#5E4FA2,K,NA,NA
ARFR-CO932-314-JEFFERSON-12,white,2,7,42,NA,371,1,1,0,NA,1,0,NA,1,0,NA,1,1,NA,1,1,N,1,1,NA,1,1,54,20231006,NA,NA,NA,NA,ARFR4-SOS-CO932-314-JEFFERSON-12,#FEE08B,-105.3553333,39.40902778,10 - 15 Deg. F. / 3 - 6,,10 - 15 Deg. F.,6-Mar,10 - 15 Deg. F. / 3 - 6,10 - 15 / semi-humid,CO.2,#66e566,"semi-humid, cool",#FEE08B,E,NA,NA
ARFR-WY050-151-FREMONT-16,white,2,7,43,NA,372,1,1,0,NA,0,NA,NA,0,NA,NA,0,NA,NA,0,NA,N,0,NA,NA,0,NA,NA,20231006,NA,NA,NA,NA,ARFR4-SOS-WY050-151-FREMONT-16,#3288BD,-108.1704472,42.47886111,10 - 15 Deg. F. / 6 - 12,,10 - 15 Deg. F.,12-Jun,10 - 15 Deg. F. / 6 - 12,10 - 15 / semi-arid,WY.2,#cd8500,"semi-arid, cool",#3288BD,J,NA,NA
ARFR-NM930N-66-11,white,2,7,44,NA,373,1,1,0,NA,1,1,NA,1,1,NA,1,1,NA,1,1,N,1,1,NA,1,1,61.9,20231006,NA,NA,NA,NA,ARFR4-SOS-NM930N-66-11,#F46D43,-107.2045028,36.76818611,10 - 15 Deg. F. / 3 - 6,,10 - 15 Deg. F.,6-Mar,10 - 15 Deg. F. / 3 - 6,10 - 15 / semi-humid,NM.1,#66e566,"semi-humid, cool",#F46D43,C,NA,NA
ARFR-AZ930-422-NAVAJO-18,white,2,7,45,186,374,1,1,0,NA,1,0,NA,1,0,NA,1,1,NA,1,1,N,1,1,NA,1,1,34.2,20231006,NA,NA,NA,NA,ARFR4-SOS-AZ930-422-NAVAJO-18,#D53E4F,-110.431,36.56805,15 - 20 Deg. F. / 6 - 12,Lats corrected 20230127,15 - 20 Deg. F.,12-Jun,15 - 20 Deg. F. / 6 - 12,15 - 20 / semi-arid,AZ.2,#ee5c42,"semi-arid, warm",#D53E4F,B,NA,NA
ARFR-WY040-71-10,white,2,7,46,NA,375,1,1,0,NA,1,1,NA,1,1,NA,1,1,NA,1,1,N,1,1,NA,1,1,49.4,20231006,NA,NA,NA,NA,ARFR4-SOS-WY040-71-10,#66C2A5,-109.2433156,41.13271889,5 - 10 Deg. F. / 3 - 6,,5 - 10 Deg. F.,6-Mar,5 - 10 Deg. F. / 3 - 6,5 - 10 / semi-humid,WY.1,#a5c2f1,"semi-humid, cold",#66C2A5,I,NA,NA
ARFR-AZ930-422-NAVAJO-18,white,2,7,47,NA,376,1,1,0,NA,1,0,NA,1,0,NA,1,0,NA,1,1,N,1,1,NA,1,1,62.5,20231006,NA,NA,NA,NA,ARFR4-SOS-AZ930-422-NAVAJO-18,#D53E4F,-110.431,36.56805,15 - 20 Deg. F. / 6 - 12,Lats corrected 20230127,15 - 20 Deg. F.,12-Jun,15 - 20 Deg. F. / 6 - 12,15 - 20 / semi-arid,AZ.2,#ee5c42,"semi-arid, warm",#D53E4F,B,NA,NA
ARFR-WY040-71-10,white,2,7,48,NA,377,1,1,0,NA,1,1,NA,1,1,NA,1,1,NA,1,1,Y,1,1,NA,1,1,43.5,dry,NA,NA,NA,NA,ARFR4-SOS-WY040-71-10,#66C2A5,-109.2433156,41.13271889,5 - 10 Deg. F. / 3 - 6,,5 - 10 Deg. F.,6-Mar,5 - 10 Deg. F. / 3 - 6,5 - 10 / semi-humid,WY.1,#a5c2f1,"semi-humid, cold",#66C2A5,I,NA,NA
ARFR-AZ930-422-NAVAJO-18,white,2,7,49,NA,378,1,1,0,NA,1,0,NA,1,0,NA,1,1,NA,1,1,N,1,1,NA,1,1,66.5,20231006,NA,NA,NA,NA,ARFR4-SOS-AZ930-422-NAVAJO-18,#D53E4F,-110.431,36.56805,15 - 20 Deg. F. / 6 - 12,Lats corrected 20230127,15 - 20 Deg. F.,12-Jun,15 - 20 Deg. F. / 6 - 12,15 - 20 / semi-arid,AZ.2,#ee5c42,"semi-arid, warm",#D53E4F,B,NA,Y
ARFR-WY040-71-10,white,2,7,50,187,379,1,1,0,NA,1,1,NA,1,1,NA,1,1,NA,1,1,Y,1,1,NA,1,1,48,20231006,NA,NA,NA,NA,ARFR4-SOS-WY040-71-10,#66C2A5,-109.2433156,41.13271889,5 - 10 Deg. F. / 3 - 6,,5 - 10 Deg. F.,6-Mar,5 - 10 Deg. F. / 3 - 6,5 - 10 / semi-humid,WY.1,#a5c2f1,"semi-humid, cold",#66C2A5,I,NA,NA
ARFR-CO932-314-JEFFERSON-12,white,2,7,51,NA,380,1,1,0,NA,1,0,NA,1,0,NA,1,0,NA,1,1,N,1,1,NA,1,1,54.8,20231006,NA,NA,NA,NA,ARFR4-SOS-CO932-314-JEFFERSON-12,#FEE08B,-105.3553333,39.40902778,10 - 15 Deg. F. / 3 - 6,,10 - 15 Deg. F.,6-Mar,10 - 15 Deg. F. / 3 - 6,10 - 15 / semi-humid,CO.2,#66e566,"semi-humid, cool",#FEE08B,E,NA,NA
ARFR-CO932-316-JEFFERSON-12,white,2,7,52,NA,381,1,1,0,NA,1,0,NA,1,0,NA,1,0,NA,1,1,Y,1,1,NA,1,1,48.5,20231006,NA,NA,NA,NA,ARFR4-SOS-CO932-316-JEFFERSON-12,#FFFF85,-105.358,39.66325,15 - 20 Deg. F. / 3 - 6,,15 - 20 Deg. F.,6-Mar,15 - 20 Deg. F. / 3 - 6,15 - 20 / semi-humid,CO.3,#698b69,"semi-humid, warm",#FFFF85,F,NA,NA
ARFR-NM930N-66-11,white,2,7,53,NA,382,1,1,0,NA,1,0,NA,1,0,NA,1,1,NA,1,1,N,1,1,NA,1,1,61.7,20231006,NA,NA,NA,NA,ARFR4-SOS-NM930N-66-11,#F46D43,-107.2045028,36.76818611,10 - 15 Deg. F. / 3 - 6,,10 - 15 Deg. F.,6-Mar,10 - 15 Deg. F. / 3 - 6,10 - 15 / semi-humid,NM.1,#66e566,"semi-humid, cool",#F46D43,C,NA,NA
ARFR-WY040-71-10,white,2,7,54,NA,383,1,1,1,NA,1,1,NA,1,1,NA,1,1,NA,1,1,N,1,1,NA,1,1,51.5,20231006,NA,NA,NA,NA,ARFR4-SOS-WY040-71-10,#66C2A5,-109.2433156,41.13271889,5 - 10 Deg. F. / 3 - 6,,5 - 10 Deg. F.,6-Mar,5 - 10 Deg. F. / 3 - 6,5 - 10 / semi-humid,WY.1,#a5c2f1,"semi-humid, cold",#66C2A5,I,NA,NA
ARFR-WY040-71-10,white,2,7,55,188,384,1,1,1,NA,1,1,NA,1,1,NA,1,1,NA,1,1,N,1,1,NA,1,1,32,20231006,NA,NA,NA,NA,ARFR4-SOS-WY040-71-10,#66C2A5,-109.2433156,41.13271889,5 - 10 Deg. F. / 3 - 6,,5 - 10 Deg. F.,6-Mar,5 - 10 Deg. F. / 3 - 6,5 - 10 / semi-humid,WY.1,#a5c2f1,"semi-humid, cold",#66C2A5,I,NA,NA
ARFR-WY050-151-FREMONT-16,white,2,8,1,177,385,0,0,NA,NA,0,NA,NA,0,NA,NA,0,NA,NA,0,NA,N,0,NA,NA,0,NA,NA,20231006,NA,NA,NA,NA,ARFR4-SOS-WY050-151-FREMONT-16,#3288BD,-108.1704472,42.47886111,10 - 15 Deg. F. / 6 - 12,,10 - 15 Deg. F.,12-Jun,10 - 15 Deg. F. / 6 - 12,10 - 15 / semi-arid,WY.2,#cd8500,"semi-arid, cool",#3288BD,J,NA,NA
ARFR-CO932-316-JEFFERSON-12,white,2,8,2,NA,386,1,1,0,NA,1,1,NA,1,1,NA,1,1,NA,1,1,N,1,1,NA,1,1,57.5,20231006,NA,NA,NA,NA,ARFR4-SOS-CO932-316-JEFFERSON-12,#FFFF85,-105.358,39.66325,15 - 20 Deg. F. / 3 - 6,,15 - 20 Deg. F.,6-Mar,15 - 20 Deg. F. / 3 - 6,15 - 20 / semi-humid,CO.3,#698b69,"semi-humid, warm",#FFFF85,F,NA,NA
ARFR-WY050-151-FREMONT-16,white,2,8,3,NA,387,0,0,NA,NA,0,NA,NA,0,NA,NA,0,NA,NA,0,NA,N,0,NA,NA,0,NA,NA,20231006,NA,NA,NA,NA,ARFR4-SOS-WY050-151-FREMONT-16,#3288BD,-108.1704472,42.47886111,10 - 15 Deg. F. / 6 - 12,,10 - 15 Deg. F.,12-Jun,10 - 15 Deg. F. / 6 - 12,10 - 15 / semi-arid,WY.2,#cd8500,"semi-arid, cool",#3288BD,J,NA,NA
ARFR-NM930N-66-11,white,2,8,4,NA,388,1,1,0,NA,1,1,NA,1,1,NA,1,1,NA,1,1,N,1,1,NA,1,1,66,20231006,NA,NA,NA,NA,ARFR4-SOS-NM930N-66-11,#F46D43,-107.2045028,36.76818611,10 - 15 Deg. F. / 3 - 6,,10 - 15 Deg. F.,6-Mar,10 - 15 Deg. F. / 3 - 6,10 - 15 / semi-humid,NM.1,#66e566,"semi-humid, cool",#F46D43,C,NA,NA
ARFR-CO932-316-JEFFERSON-12,white,2,8,5,178,389,1,1,0,NA,1,0,NA,1,1,NA,1,1,NA,1,1,N,1,1,NA,1,1,49,20231006,NA,NA,NA,NA,ARFR4-SOS-CO932-316-JEFFERSON-12,#FFFF85,-105.358,39.66325,15 - 20 Deg. F. / 3 - 6,,15 - 20 Deg. F.,6-Mar,15 - 20 Deg. F. / 3 - 6,15 - 20 / semi-humid,CO.3,#698b69,"semi-humid, warm",#FFFF85,F,NA,NA
ARFR-CO932-314-JEFFERSON-12,white,2,8,6,NA,390,1,1,0,NA,1,0,NA,1,0,NA,1,1,NA,1,1,N,1,1,NA,1,1,54.5,20231006,NA,NA,NA,NA,ARFR4-SOS-CO932-314-JEFFERSON-12,#FEE08B,-105.3553333,39.40902778,10 - 15 Deg. F. / 3 - 6,,10 - 15 Deg. F.,6-Mar,10 - 15 Deg. F. / 3 - 6,10 - 15 / semi-humid,CO.2,#66e566,"semi-humid, cool",#FEE08B,E,NA,NA
ARFR-CO932-294-11,white,2,8,7,NA,391,1,1,0,NA,1,0,NA,1,0,NA,1,0,NA,1,1,N,1,1,NA,1,1,57,20231006,NA,NA,NA,NA,ARFR4-SOS-CO932-294-11,#ABDDA4,-105.2030833,39.78458333,15 - 20 Deg. F. / 3 - 6,,15 - 20 Deg. F.,6-Mar,15 - 20 Deg. F. / 3 - 6,15 - 20 / semi-humid,CO.4,#698b69,"semi-humid, warm",#ABDDA4,H,NA,NA
ARFR-NM930N-66-11,white,2,8,8,NA,392,1,1,0,NA,1,0,NA,1,0,NA,1,1,NA,1,1,N,1,1,NA,1,1,79,20231006,NA,NA,NA,NA,ARFR4-SOS-NM930N-66-11,#F46D43,-107.2045028,36.76818611,10 - 15 Deg. F. / 3 - 6,,10 - 15 Deg. F.,6-Mar,10 - 15 Deg. F. / 3 - 6,10 - 15 / semi-humid,NM.1,#66e566,"semi-humid, cool",#F46D43,C,NA,NA
ARFR-UT080-109-UINTAH-12,white,2,8,9,NA,393,1,1,0,NA,1,0,NA,1,1,NA,1,0,NA,1,1,N,1,1,NA,1,1,53.5,20231006,NA,NA,NA,NA,ARFR4-SOS-UT080-109-UINTAH-12,#aabe7f,-109.1426444,39.70802222,10 - 15 Deg. F. / 3 - 6,,10 - 15 Deg. F.,6-Mar,10 - 15 Deg. F. / 3 - 6,10 - 15 / semi-humid,UT.1,#66e566,"semi-humid, cool",#aabe7f,G,NA,NA
ARFR-WY050-49-FREMONT-12,white,2,8,10,179,394,1,1,0,NA,1,0,NA,1,0,NA,1,0,NA,1,1,N,1,1,NA,1,1,55,20231006,NA,NA,NA,NA,ARFR4-SOS-WY050-49-FREMONT-12,#5E4FA2,-109.34775,43.42663611,5 - 10 Deg. F. / 6 - 12,,5 - 10 Deg. F.,12-Jun,5 - 10 Deg. F. / 6 - 12,5 - 10 / semi-arid,WY.3,#ffb90f,"semi-arid, cold",#5E4FA2,K,NA,NA
ARFR-CO932-314-JEFFERSON-12,white,2,8,11,NA,395,1,1,0,NA,1,0,NA,1,1,NA,1,1,NA,1,1,N,1,1,NA,1,1,61,20231006,NA,NA,NA,NA,ARFR4-SOS-CO932-314-JEFFERSON-12,#FEE08B,-105.3553333,39.40902778,10 - 15 Deg. F. / 3 - 6,,10 - 15 Deg. F.,6-Mar,10 - 15 Deg. F. / 3 - 6,10 - 15 / semi-humid,CO.2,#66e566,"semi-humid, cool",#FEE08B,E,NA,NA
ARFR-WY050-49-FREMONT-12,white,2,8,12,NA,396,1,1,0,NA,1,0,NA,1,1,NA,1,1,NA,1,1,N,1,1,NA,1,1,46,20231006,NA,NA,NA,NA,ARFR4-SOS-WY050-49-FREMONT-12,#5E4FA2,-109.34775,43.42663611,5 - 10 Deg. F. / 6 - 12,,5 - 10 Deg. F.,12-Jun,5 - 10 Deg. F. / 6 - 12,5 - 10 / semi-arid,WY.3,#ffb90f,"semi-arid, cold",#5E4FA2,K,NA,NA
ARFR-WY050-49-FREMONT-12,white,2,8,13,NA,397,1,1,0,NA,1,0,NA,1,0,NA,1,0,NA,1,1,N,1,1,NA,1,1,54,dry,NA,NA,NA,NA,ARFR4-SOS-WY050-49-FREMONT-12,#5E4FA2,-109.34775,43.42663611,5 - 10 Deg. F. / 6 - 12,,5 - 10 Deg. F.,12-Jun,5 - 10 Deg. F. / 6 - 12,5 - 10 / semi-arid,WY.3,#ffb90f,"semi-arid, cold",#5E4FA2,K,NA,NA
ARFR-UT080-109-UINTAH-12,white,2,8,14,NA,398,1,1,0,NA,1,0,NA,1,0,NA,1,1,NA,1,1,N,1,1,NA,1,1,63,20231006,NA,NA,NA,NA,ARFR4-SOS-UT080-109-UINTAH-12,#aabe7f,-109.1426444,39.70802222,10 - 15 Deg. F. / 3 - 6,,10 - 15 Deg. F.,6-Mar,10 - 15 Deg. F. / 3 - 6,10 - 15 / semi-humid,UT.1,#66e566,"semi-humid, cool",#aabe7f,G,NA,NA
ARFR-AZ930-423-NAVAJO-18,white,2,8,15,180,399,1,1,0,NA,1,1,NA,1,1,NA,1,1,NA,1,1,N,1,1,NA,1,1,53.5,20231006,NA,NA,NA,NA,ARFR4-SOS-AZ930-423-NAVAJO-18,#9E0142,-110.431,36.45877,15 - 20 Deg. F. / 6 - 12,SdZones downloaded 20230823,15 - 20 Deg. F.,12-Jun,15 - 20 Deg. F. / 6 - 12,15 - 20 / semi-arid,AZ.1,#ee5c42,"semi-arid, warm",#9E0142,A,NA,NA
ARFR-WY040-71-10,white,2,8,16,NA,400,1,1,0,NA,1,1,NA,1,1,NA,1,1,NA,1,1,N,1,1,NA,1,1,48,20231006,NA,NA,NA,NA,ARFR4-SOS-WY040-71-10,#66C2A5,-109.2433156,41.13271889,5 - 10 Deg. F. / 3 - 6,,5 - 10 Deg. F.,6-Mar,5 - 10 Deg. F. / 3 - 6,5 - 10 / semi-humid,WY.1,#a5c2f1,"semi-humid, cold",#66C2A5,I,NA,NA
ARFR-CO932-294-11,white,2,8,17,NA,401,1,1,0,NA,1,0,NA,1,0,NA,1,0,NA,1,1,N,1,1,NA,1,1,46.6,20231006,NA,NA,NA,NA,ARFR4-SOS-CO932-294-11,#ABDDA4,-105.2030833,39.78458333,15 - 20 Deg. F. / 3 - 6,,15 - 20 Deg. F.,6-Mar,15 - 20 Deg. F. / 3 - 6,15 - 20 / semi-humid,CO.4,#698b69,"semi-humid, warm",#ABDDA4,H,NA,NA
ARFR-WY050-151-FREMONT-16,white,2,8,18,NA,402,1,1,0,NA,1,0,NA,1,1,NA,1,1,NA,1,1,N,1,1,NA,1,1,42.3,20231006,NA,NA,NA,NA,ARFR4-SOS-WY050-151-FREMONT-16,#3288BD,-108.1704472,42.47886111,10 - 15 Deg. F. / 6 - 12,,10 - 15 Deg. F.,12-Jun,10 - 15 Deg. F. / 6 - 12,10 - 15 / semi-arid,WY.2,#cd8500,"semi-arid, cool",#3288BD,J,NA,NA
ARFR-WY050-49-FREMONT-12,white,2,8,19,NA,403,1,1,0,NA,1,0,NA,1,1,NA,1,1,NA,1,1,N,1,1,NA,1,1,45,20231006,NA,NA,NA,NA,ARFR4-SOS-WY050-49-FREMONT-12,#5E4FA2,-109.34775,43.42663611,5 - 10 Deg. F. / 6 - 12,,5 - 10 Deg. F.,12-Jun,5 - 10 Deg. F. / 6 - 12,5 - 10 / semi-arid,WY.3,#ffb90f,"semi-arid, cold",#5E4FA2,K,NA,NA
ARFR-CO932-294-11,white,2,8,20,181,404,1,1,0,NA,1,0,NA,1,0,NA,1,0,NA,1,0,N,1,0,NA,1,1,64,20231006,NA,NA,NA,NA,ARFR4-SOS-CO932-294-11,#ABDDA4,-105.2030833,39.78458333,15 - 20 Deg. F. / 3 - 6,,15 - 20 Deg. F.,6-Mar,15 - 20 Deg. F. / 3 - 6,15 - 20 / semi-humid,CO.4,#698b69,"semi-humid, warm",#ABDDA4,H,NA,Y
ARFR-WY930-44-LASANIMAS-13,white,2,8,21,NA,405,1,1,0,NA,1,0,NA,1,0,NA,1,0,NA,1,1,N,1,1,NA,1,1,44.7,20231006,NA,NA,NA,NA,ARFR4-SOS-WY930-44-LASANIMAS-13,#FDAE61,-104.6423889,37.16547222,15 - 20 Deg. F. / 3 - 6,,15 - 20 Deg. F.,6-Mar,15 - 20 Deg. F. / 3 - 6,15 - 20 / semi-humid,CO.1,#698b69,"semi-humid, warm",#FDAE61,D,NA,NA
ARFR-UT080-109-UINTAH-12,white,2,8,22,NA,406,1,1,0,NA,1,0,NA,1,0,NA,1,1,NA,1,1,N,1,1,NA,1,1,67,20231006,NA,NA,NA,NA,ARFR4-SOS-UT080-109-UINTAH-12,#aabe7f,-109.1426444,39.70802222,10 - 15 Deg. F. / 3 - 6,,10 - 15 Deg. F.,6-Mar,10 - 15 Deg. F. / 3 - 6,10 - 15 / semi-humid,UT.1,#66e566,"semi-humid, cool",#aabe7f,G,NA,NA
ARFR-WY050-151-FREMONT-16,white,2,8,23,NA,407,1,1,0,NA,1,0,NA,1,0,NA,1,1,NA,1,1,N,1,1,NA,1,1,34.5,dry,NA,NA,NA,NA,ARFR4-SOS-WY050-151-FREMONT-16,#3288BD,-108.1704472,42.47886111,10 - 15 Deg. F. / 6 - 12,,10 - 15 Deg. F.,12-Jun,10 - 15 Deg. F. / 6 - 12,10 - 15 / semi-arid,WY.2,#cd8500,"semi-arid, cool",#3288BD,J,NA,NA
ARFR-CO932-314-JEFFERSON-12,white,2,8,24,NA,408,1,1,0,NA,1,0,NA,1,0,NA,1,1,NA,1,1,N,1,1,NA,1,1,49.5,20231006,NA,NA,NA,NA,ARFR4-SOS-CO932-314-JEFFERSON-12,#FEE08B,-105.3553333,39.40902778,10 - 15 Deg. F. / 3 - 6,,10 - 15 Deg. F.,6-Mar,10 - 15 Deg. F. / 3 - 6,10 - 15 / semi-humid,CO.2,#66e566,"semi-humid, cool",#FEE08B,E,NA,NA
ARFR-WY050-49-FREMONT-12,white,2,8,25,182,409,1,1,0,NA,1,0,NA,1,1,NA,1,1,NA,1,1,N,1,1,NA,1,1,40,20231006,NA,NA,NA,NA,ARFR4-SOS-WY050-49-FREMONT-12,#5E4FA2,-109.34775,43.42663611,5 - 10 Deg. F. / 6 - 12,,5 - 10 Deg. F.,12-Jun,5 - 10 Deg. F. / 6 - 12,5 - 10 / semi-arid,WY.3,#ffb90f,"semi-arid, cold",#5E4FA2,K,NA,NA
ARFR-AZ930-423-NAVAJO-18,white,2,8,26,NA,410,1,1,0,NA,1,0,NA,1,0,NA,1,1,NA,1,1,N,1,1,NA,1,1,74.5,20231006,NA,NA,NA,NA,ARFR4-SOS-AZ930-423-NAVAJO-18,#9E0142,-110.431,36.45877,15 - 20 Deg. F. / 6 - 12,SdZones downloaded 20230823,15 - 20 Deg. F.,12-Jun,15 - 20 Deg. F. / 6 - 12,15 - 20 / semi-arid,AZ.1,#ee5c42,"semi-arid, warm",#9E0142,A,NA,NA
ARFR-WY050-151-FREMONT-16,white,2,8,27,NA,411,1,1,0,NA,1,0,NA,0,NA,NA,0,NA,NA,0,NA,N,0,NA,NA,0,NA,NA,20231006,NA,NA,NA,NA,ARFR4-SOS-WY050-151-FREMONT-16,#3288BD,-108.1704472,42.47886111,10 - 15 Deg. F. / 6 - 12,,10 - 15 Deg. F.,12-Jun,10 - 15 Deg. F. / 6 - 12,10 - 15 / semi-arid,WY.2,#cd8500,"semi-arid, cool",#3288BD,J,NA,NA
ARFR-AZ930-422-NAVAJO-18,white,2,8,28,NA,412,1,1,0,NA,1,0,NA,1,1,NA,1,1,NA,1,1,N,1,1,NA,1,1,52.5,20231006,NA,NA,NA,NA,ARFR4-SOS-AZ930-422-NAVAJO-18,#D53E4F,-110.431,36.56805,15 - 20 Deg. F. / 6 - 12,Lats corrected 20230127,15 - 20 Deg. F.,12-Jun,15 - 20 Deg. F. / 6 - 12,15 - 20 / semi-arid,AZ.2,#ee5c42,"semi-arid, warm",#D53E4F,B,NA,NA
ARFR-CO932-316-JEFFERSON-12,white,2,8,29,NA,413,1,1,0,NA,1,0,NA,1,0,NA,1,0,NA,1,1,N,1,1,NA,1,1,62.1,20231006,NA,NA,NA,NA,ARFR4-SOS-CO932-316-JEFFERSON-12,#FFFF85,-105.358,39.66325,15 - 20 Deg. F. / 3 - 6,,15 - 20 Deg. F.,6-Mar,15 - 20 Deg. F. / 3 - 6,15 - 20 / semi-humid,CO.3,#698b69,"semi-humid, warm",#FFFF85,F,NA,NA
ARFR-AZ930-422-NAVAJO-18,white,2,8,30,183,414,1,1,0,NA,1,0,NA,1,0,NA,1,1,NA,1,1,N,1,1,NA,1,1,56,20231006,NA,NA,NA,NA,ARFR4-SOS-AZ930-422-NAVAJO-18,#D53E4F,-110.431,36.56805,15 - 20 Deg. F. / 6 - 12,Lats corrected 20230127,15 - 20 Deg. F.,12-Jun,15 - 20 Deg. F. / 6 - 12,15 - 20 / semi-arid,AZ.2,#ee5c42,"semi-arid, warm",#D53E4F,B,NA,NA
ARFR-CO932-316-JEFFERSON-12,white,2,8,31,NA,415,1,1,0,NA,1,0,NA,1,0,NA,1,0,NA,1,1,N,1,1,NA,1,1,38.5,dry,NA,NA,NA,NA,ARFR4-SOS-CO932-316-JEFFERSON-12,#FFFF85,-105.358,39.66325,15 - 20 Deg. F. / 3 - 6,,15 - 20 Deg. F.,6-Mar,15 - 20 Deg. F. / 3 - 6,15 - 20 / semi-humid,CO.3,#698b69,"semi-humid, warm",#FFFF85,F,NA,NA
ARFR-AZ930-423-NAVAJO-18,white,2,8,32,NA,416,0,0,NA,NA,0,NA,NA,0,NA,NA,0,NA,NA,0,NA,N,0,NA,NA,0,NA,NA,NA,NA,NA,NA,NA,ARFR4-SOS-AZ930-423-NAVAJO-18,#9E0142,-110.431,36.45877,15 - 20 Deg. F. / 6 - 12,SdZones downloaded 20230823,15 - 20 Deg. F.,12-Jun,15 - 20 Deg. F. / 6 - 12,15 - 20 / semi-arid,AZ.1,#ee5c42,"semi-arid, warm",#9E0142,A,Y,NA
ARFR-WY930-44-LASANIMAS-13,white,2,8,33,NA,417,1,0,NA,NA,0,NA,NA,0,NA,NA,0,NA,NA,0,NA,N,0,NA,NA,0,NA,NA,NA,NA,NA,NA,NA,ARFR4-SOS-WY930-44-LASANIMAS-13,#FDAE61,-104.6423889,37.16547222,15 - 20 Deg. F. / 3 - 6,,15 - 20 Deg. F.,6-Mar,15 - 20 Deg. F. / 3 - 6,15 - 20 / semi-humid,CO.1,#698b69,"semi-humid, warm",#FDAE61,D,NA,NA
ARFR-WY930-44-LASANIMAS-13,white,2,8,34,NA,418,1,1,0,NA,1,0,NA,1,0,NA,1,0,NA,1,1,N,1,1,NA,1,1,50.5,20231006,NA,NA,NA,NA,ARFR4-SOS-WY930-44-LASANIMAS-13,#FDAE61,-104.6423889,37.16547222,15 - 20 Deg. F. / 3 - 6,,15 - 20 Deg. F.,6-Mar,15 - 20 Deg. F. / 3 - 6,15 - 20 / semi-humid,CO.1,#698b69,"semi-humid, warm",#FDAE61,D,NA,NA
ARFR-WY050-151-FREMONT-16,white,2,8,35,184,419,1,1,0,NA,1,0,NA,1,1,NA,1,1,NA,1,1,N,1,1,NA,1,1,30,20231006,NA,NA,NA,NA,ARFR4-SOS-WY050-151-FREMONT-16,#3288BD,-108.1704472,42.47886111,10 - 15 Deg. F. / 6 - 12,,10 - 15 Deg. F.,12-Jun,10 - 15 Deg. F. / 6 - 12,10 - 15 / semi-arid,WY.2,#cd8500,"semi-arid, cool",#3288BD,J,NA,NA
ARFR-AZ930-422-NAVAJO-18,white,2,8,36,NA,420,1,1,0,NA,1,0,NA,1,1,NA,1,1,NA,1,1,N,1,1,NA,1,1,45.5,20231006,NA,NA,NA,NA,ARFR4-SOS-AZ930-422-NAVAJO-18,#D53E4F,-110.431,36.56805,15 - 20 Deg. F. / 6 - 12,Lats corrected 20230127,15 - 20 Deg. F.,12-Jun,15 - 20 Deg. F. / 6 - 12,15 - 20 / semi-arid,AZ.2,#ee5c42,"semi-arid, warm",#D53E4F,B,NA,NA
ARFR-UT080-109-UINTAH-12,white,2,8,37,NA,421,1,1,0,NA,1,0,NA,1,0,NA,1,1,NA,1,1,N,1,1,NA,1,1,55,20231006,NA,NA,NA,NA,ARFR4-SOS-UT080-109-UINTAH-12,#aabe7f,-109.1426444,39.70802222,10 - 15 Deg. F. / 3 - 6,,10 - 15 Deg. F.,6-Mar,10 - 15 Deg. F. / 3 - 6,10 - 15 / semi-humid,UT.1,#66e566,"semi-humid, cool",#aabe7f,G,NA,NA
ARFR-WY050-49-FREMONT-12,white,2,8,38,NA,422,1,1,0,NA,1,0,NA,1,0,NA,1,1,NA,1,1,N,1,1,NA,1,1,46,dry,NA,NA,NA,NA,ARFR4-SOS-WY050-49-FREMONT-12,#5E4FA2,-109.34775,43.42663611,5 - 10 Deg. F. / 6 - 12,,5 - 10 Deg. F.,12-Jun,5 - 10 Deg. F. / 6 - 12,5 - 10 / semi-arid,WY.3,#ffb90f,"semi-arid, cold",#5E4FA2,K,NA,NA
ARFR-CO932-316-JEFFERSON-12,white,2,8,39,NA,423,1,1,0,NA,1,0,NA,1,1,NA,1,1,NA,1,1,N,1,1,NA,1,1,54,20231006,NA,NA,NA,NA,ARFR4-SOS-CO932-316-JEFFERSON-12,#FFFF85,-105.358,39.66325,15 - 20 Deg. F. / 3 - 6,,15 - 20 Deg. F.,6-Mar,15 - 20 Deg. F. / 3 - 6,15 - 20 / semi-humid,CO.3,#698b69,"semi-humid, warm",#FFFF85,F,NA,NA
ARFR-UT080-109-UINTAH-12,white,2,8,40,185,424,1,1,0,NA,1,0,NA,1,1,NA,1,1,NA,1,1,N,1,1,NA,1,1,55.4,20231006,NA,NA,NA,NA,ARFR4-SOS-UT080-109-UINTAH-12,#aabe7f,-109.1426444,39.70802222,10 - 15 Deg. F. / 3 - 6,,10 - 15 Deg. F.,6-Mar,10 - 15 Deg. F. / 3 - 6,10 - 15 / semi-humid,UT.1,#66e566,"semi-humid, cool",#aabe7f,G,NA,NA
ARFR-AZ930-422-NAVAJO-18,white,2,8,41,NA,425,1,1,0,NA,1,0,NA,1,0,NA,1,1,NA,1,1,N,1,1,NA,1,1,58.2,20231006,NA,NA,NA,NA,ARFR4-SOS-AZ930-422-NAVAJO-18,#D53E4F,-110.431,36.56805,15 - 20 Deg. F. / 6 - 12,Lats corrected 20230127,15 - 20 Deg. F.,12-Jun,15 - 20 Deg. F. / 6 - 12,15 - 20 / semi-arid,AZ.2,#ee5c42,"semi-arid, warm",#D53E4F,B,NA,NA
ARFR-CO932-294-11,white,2,8,42,NA,426,1,1,0,NA,1,0,NA,1,0,NA,1,0,NA,1,0,N,1,0,NA,1,1,51.5,20231006,NA,NA,NA,NA,ARFR4-SOS-CO932-294-11,#ABDDA4,-105.2030833,39.78458333,15 - 20 Deg. F. / 3 - 6,,15 - 20 Deg. F.,6-Mar,15 - 20 Deg. F. / 3 - 6,15 - 20 / semi-humid,CO.4,#698b69,"semi-humid, warm",#ABDDA4,H,NA,NA
ARFR-AZ930-423-NAVAJO-18,white,2,8,43,NA,427,1,1,0,NA,1,0,NA,1,0,NA,1,0,NA,1,1,N,1,1,NA,1,1,44,20231006,NA,NA,NA,NA,ARFR4-SOS-AZ930-423-NAVAJO-18,#9E0142,-110.431,36.45877,15 - 20 Deg. F. / 6 - 12,SdZones downloaded 20230823,15 - 20 Deg. F.,12-Jun,15 - 20 Deg. F. / 6 - 12,15 - 20 / semi-arid,AZ.1,#ee5c42,"semi-arid, warm",#9E0142,A,NA,Y
ARFR-AZ930-422-NAVAJO-18,white,2,8,44,NA,428,1,1,0,NA,1,0,NA,1,0,NA,1,1,NA,1,1,N,1,1,NA,1,1,51,20231006,NA,NA,NA,NA,ARFR4-SOS-AZ930-422-NAVAJO-18,#D53E4F,-110.431,36.56805,15 - 20 Deg. F. / 6 - 12,Lats corrected 20230127,15 - 20 Deg. F.,12-Jun,15 - 20 Deg. F. / 6 - 12,15 - 20 / semi-arid,AZ.2,#ee5c42,"semi-arid, warm",#D53E4F,B,NA,NA
ARFR-WY040-71-10,white,2,8,45,186,429,1,1,1,NA,1,1,NA,1,1,NA,1,1,NA,1,1,N,1,1,NA,1,1,25,dry,NA,NA,NA,NA,ARFR4-SOS-WY040-71-10,#66C2A5,-109.2433156,41.13271889,5 - 10 Deg. F. / 3 - 6,,5 - 10 Deg. F.,6-Mar,5 - 10 Deg. F. / 3 - 6,5 - 10 / semi-humid,WY.1,#a5c2f1,"semi-humid, cold",#66C2A5,I,NA,NA
ARFR-AZ930-422-NAVAJO-18,white,2,8,46,NA,430,1,1,0,NA,1,1,NA,1,0,NA,1,1,NA,1,1,N,1,1,NA,1,1,51,20231006,NA,NA,NA,NA,ARFR4-SOS-AZ930-422-NAVAJO-18,#D53E4F,-110.431,36.56805,15 - 20 Deg. F. / 6 - 12,Lats corrected 20230127,15 - 20 Deg. F.,12-Jun,15 - 20 Deg. F. / 6 - 12,15 - 20 / semi-arid,AZ.2,#ee5c42,"semi-arid, warm",#D53E4F,B,NA,NA
ARFR-CO932-316-JEFFERSON-12,white,2,8,47,NA,431,1,1,0,NA,1,0,NA,1,0,NA,1,1,NA,1,1,N,1,1,NA,1,1,46,20231006,NA,NA,NA,NA,ARFR4-SOS-CO932-316-JEFFERSON-12,#FFFF85,-105.358,39.66325,15 - 20 Deg. F. / 3 - 6,,15 - 20 Deg. F.,6-Mar,15 - 20 Deg. F. / 3 - 6,15 - 20 / semi-humid,CO.3,#698b69,"semi-humid, warm",#FFFF85,F,NA,NA
ARFR-NM930N-66-11,white,2,8,48,NA,432,1,1,0,NA,1,0,NA,1,0,NA,1,0,NA,1,1,N,1,1,NA,1,1,53.5,20231006,NA,NA,NA,NA,ARFR4-SOS-NM930N-66-11,#F46D43,-107.2045028,36.76818611,10 - 15 Deg. F. / 3 - 6,,10 - 15 Deg. F.,6-Mar,10 - 15 Deg. F. / 3 - 6,10 - 15 / semi-humid,NM.1,#66e566,"semi-humid, cool",#F46D43,C,NA,NA
ARFR-CO932-314-JEFFERSON-12,white,2,8,49,NA,433,1,1,0,NA,1,0,NA,1,0,NA,1,1,NA,1,1,N,1,1,NA,1,1,60,20231006,NA,NA,NA,NA,ARFR4-SOS-CO932-314-JEFFERSON-12,#FEE08B,-105.3553333,39.40902778,10 - 15 Deg. F. / 3 - 6,,10 - 15 Deg. F.,6-Mar,10 - 15 Deg. F. / 3 - 6,10 - 15 / semi-humid,CO.2,#66e566,"semi-humid, cool",#FEE08B,E,NA,NA
ARFR-WY050-49-FREMONT-12,white,2,8,50,187,434,1,1,0,NA,1,1,NA,1,0,NA,1,1,NA,1,1,N,1,1,NA,1,1,41.5,20231006,NA,NA,NA,NA,ARFR4-SOS-WY050-49-FREMONT-12,#5E4FA2,-109.34775,43.42663611,5 - 10 Deg. F. / 6 - 12,,5 - 10 Deg. F.,12-Jun,5 - 10 Deg. F. / 6 - 12,5 - 10 / semi-arid,WY.3,#ffb90f,"semi-arid, cold",#5E4FA2,K,NA,NA
ARFR-NM930N-66-11,white,2,8,51,NA,435,1,1,0,NA,1,1,NA,1,1,NA,1,1,NA,1,1,N,1,1,NA,1,1,52.5,20231006,NA,NA,NA,NA,ARFR4-SOS-NM930N-66-11,#F46D43,-107.2045028,36.76818611,10 - 15 Deg. F. / 3 - 6,,10 - 15 Deg. F.,6-Mar,10 - 15 Deg. F. / 3 - 6,10 - 15 / semi-humid,NM.1,#66e566,"semi-humid, cool",#F46D43,C,NA,NA
ARFR-CO932-294-11,white,2,8,52,NA,436,1,1,0,NA,1,0,NA,1,0,NA,1,1,NA,1,1,Y,1,1,NA,1,1,55,20231006,NA,NA,NA,NA,ARFR4-SOS-CO932-294-11,#ABDDA4,-105.2030833,39.78458333,15 - 20 Deg. F. / 3 - 6,,15 - 20 Deg. F.,6-Mar,15 - 20 Deg. F. / 3 - 6,15 - 20 / semi-humid,CO.4,#698b69,"semi-humid, warm",#ABDDA4,H,NA,NA
ARFR-NM930N-66-11,white,2,8,53,NA,437,1,1,0,NA,1,0,NA,1,0,NA,1,1,NA,1,1,N,1,1,NA,1,1,71.5,20231006,NA,NA,NA,NA,ARFR4-SOS-NM930N-66-11,#F46D43,-107.2045028,36.76818611,10 - 15 Deg. F. / 3 - 6,,10 - 15 Deg. F.,6-Mar,10 - 15 Deg. F. / 3 - 6,10 - 15 / semi-humid,NM.1,#66e566,"semi-humid, cool",#F46D43,C,NA,NA
ARFR-AZ930-422-NAVAJO-18,white,2,8,54,NA,438,1,1,0,NA,1,0,NA,1,0,NA,1,1,NA,1,1,N,1,1,NA,1,1,43.5,dry; height measured 20231006,NA,NA,NA,NA,ARFR4-SOS-AZ930-422-NAVAJO-18,#D53E4F,-110.431,36.56805,15 - 20 Deg. F. / 6 - 12,Lats corrected 20230127,15 - 20 Deg. F.,12-Jun,15 - 20 Deg. F. / 6 - 12,15 - 20 / semi-arid,AZ.2,#ee5c42,"semi-arid, warm",#D53E4F,B,NA,NA
ARFR-AZ930-423-NAVAJO-18,black,3,9,1,189,439,1,1,1,NA,1,1,NA,1,1,NA,1,1,NA,1,1,Y,1,1,NA,NA,NA,NA,NA,NA,NA,NA,NA,ARFR4-SOS-AZ930-423-NAVAJO-18,#9E0142,-110.431,36.45877,15 - 20 Deg. F. / 6 - 12,SdZones downloaded 20230823,15 - 20 Deg. F.,12-Jun,15 - 20 Deg. F. / 6 - 12,15 - 20 / semi-arid,AZ.1,#ee5c42,"semi-arid, warm",#9E0142,A,NA,NA
ARFR-CO932-294-11,black,3,9,2,NA,440,1,1,0,NA,1,0,NA,1,0,NA,1,0,NA,1,1,N,1,1,NA,NA,NA,NA,NA,NA,NA,NA,NA,ARFR4-SOS-CO932-294-11,#ABDDA4,-105.2030833,39.78458333,15 - 20 Deg. F. / 3 - 6,,15 - 20 Deg. F.,6-Mar,15 - 20 Deg. F. / 3 - 6,15 - 20 / semi-humid,CO.4,#698b69,"semi-humid, warm",#ABDDA4,H,NA,NA
ARFR-UT080-109-UINTAH-12,black,3,9,3,NA,441,1,1,0,NA,1,0,NA,1,0,NA,1,1,NA,1,1,N,1,1,NA,NA,NA,NA,NA,NA,NA,NA,NA,ARFR4-SOS-UT080-109-UINTAH-12,#aabe7f,-109.1426444,39.70802222,10 - 15 Deg. F. / 3 - 6,,10 - 15 Deg. F.,6-Mar,10 - 15 Deg. F. / 3 - 6,10 - 15 / semi-humid,UT.1,#66e566,"semi-humid, cool",#aabe7f,G,NA,Y
ARFR-AZ930-422-NAVAJO-18,black,3,9,4,NA,442,1,1,0,NA,1,1,NA,1,1,NA,1,1,NA,1,1,N,1,1,NA,NA,NA,NA,NA,NA,NA,NA,NA,ARFR4-SOS-AZ930-422-NAVAJO-18,#D53E4F,-110.431,36.56805,15 - 20 Deg. F. / 6 - 12,Lats corrected 20230127,15 - 20 Deg. F.,12-Jun,15 - 20 Deg. F. / 6 - 12,15 - 20 / semi-arid,AZ.2,#ee5c42,"semi-arid, warm",#D53E4F,B,NA,NA
ARFR-UT080-109-UINTAH-12,black,3,9,5,190,443,1,1,0,NA,1,0,NA,1,0,NA,1,0,NA,1,1,N,1,1,NA,NA,NA,NA,NA,NA,NA,NA,NA,ARFR4-SOS-UT080-109-UINTAH-12,#aabe7f,-109.1426444,39.70802222,10 - 15 Deg. F. / 3 - 6,,10 - 15 Deg. F.,6-Mar,10 - 15 Deg. F. / 3 - 6,10 - 15 / semi-humid,UT.1,#66e566,"semi-humid, cool",#aabe7f,G,NA,NA
ARFR-AZ930-423-NAVAJO-18,black,3,9,6,NA,444,1,1,0,NA,1,0,NA,1,0,NA,1,1,NA,1,1,N,1,1,NA,NA,NA,NA,NA,NA,NA,NA,NA,ARFR4-SOS-AZ930-423-NAVAJO-18,#9E0142,-110.431,36.45877,15 - 20 Deg. F. / 6 - 12,SdZones downloaded 20230823,15 - 20 Deg. F.,12-Jun,15 - 20 Deg. F. / 6 - 12,15 - 20 / semi-arid,AZ.1,#ee5c42,"semi-arid, warm",#9E0142,A,NA,NA
ARFR-AZ930-422-NAVAJO-18,black,3,9,7,NA,445,1,1,0,NA,1,0,NA,1,0,NA,1,1,NA,1,1,N,1,1,NA,NA,NA,NA,NA,NA,NA,NA,NA,ARFR4-SOS-AZ930-422-NAVAJO-18,#D53E4F,-110.431,36.56805,15 - 20 Deg. F. / 6 - 12,Lats corrected 20230127,15 - 20 Deg. F.,12-Jun,15 - 20 Deg. F. / 6 - 12,15 - 20 / semi-arid,AZ.2,#ee5c42,"semi-arid, warm",#D53E4F,B,NA,NA
ARFR-WY040-71-10,black,3,9,8,NA,446,1,1,1,NA,1,1,NA,1,1,NA,1,1,NA,1,1,N,1,1,NA,NA,NA,NA,NA,NA,NA,NA,NA,ARFR4-SOS-WY040-71-10,#66C2A5,-109.2433156,41.13271889,5 - 10 Deg. F. / 3 - 6,,5 - 10 Deg. F.,6-Mar,5 - 10 Deg. F. / 3 - 6,5 - 10 / semi-humid,WY.1,#a5c2f1,"semi-humid, cold",#66C2A5,I,NA,NA
ARFR-AZ930-422-NAVAJO-18,black,3,9,9,NA,447,1,1,0,NA,1,1,NA,1,1,NA,1,1,NA,1,1,N,1,1,NA,NA,NA,NA,NA,NA,NA,NA,NA,ARFR4-SOS-AZ930-422-NAVAJO-18,#D53E4F,-110.431,36.56805,15 - 20 Deg. F. / 6 - 12,Lats corrected 20230127,15 - 20 Deg. F.,12-Jun,15 - 20 Deg. F. / 6 - 12,15 - 20 / semi-arid,AZ.2,#ee5c42,"semi-arid, warm",#D53E4F,B,NA,NA
ARFR-WY040-71-10,black,3,9,10,191,448,1,1,1,NA,1,1,NA,1,1,NA,1,1,NA,1,1,N,1,1,NA,NA,NA,NA,NA,NA,NA,NA,NA,ARFR4-SOS-WY040-71-10,#66C2A5,-109.2433156,41.13271889,5 - 10 Deg. F. / 3 - 6,,5 - 10 Deg. F.,6-Mar,5 - 10 Deg. F. / 3 - 6,5 - 10 / semi-humid,WY.1,#a5c2f1,"semi-humid, cold",#66C2A5,I,NA,NA
ARFR-UT080-109-UINTAH-12,black,3,9,11,NA,449,1,1,1,NA,1,1,NA,1,1,NA,1,1,NA,1,1,N,1,1,NA,NA,NA,NA,NA,NA,NA,NA,NA,ARFR4-SOS-UT080-109-UINTAH-12,#aabe7f,-109.1426444,39.70802222,10 - 15 Deg. F. / 3 - 6,,10 - 15 Deg. F.,6-Mar,10 - 15 Deg. F. / 3 - 6,10 - 15 / semi-humid,UT.1,#66e566,"semi-humid, cool",#aabe7f,G,NA,NA
ARFR-WY040-71-10,black,3,9,12,NA,450,1,1,1,NA,1,1,NA,1,1,NA,1,1,NA,1,1,N,1,1,NA,NA,NA,NA,NA,NA,NA,NA,NA,ARFR4-SOS-WY040-71-10,#66C2A5,-109.2433156,41.13271889,5 - 10 Deg. F. / 3 - 6,,5 - 10 Deg. F.,6-Mar,5 - 10 Deg. F. / 3 - 6,5 - 10 / semi-humid,WY.1,#a5c2f1,"semi-humid, cold",#66C2A5,I,NA,NA
ARFR-UT080-109-UINTAH-12,black,3,9,13,NA,451,1,1,1,NA,1,1,NA,1,0,NA,1,1,NA,1,1,N,1,1,NA,NA,NA,NA,NA,NA,NA,NA,NA,ARFR4-SOS-UT080-109-UINTAH-12,#aabe7f,-109.1426444,39.70802222,10 - 15 Deg. F. / 3 - 6,,10 - 15 Deg. F.,6-Mar,10 - 15 Deg. F. / 3 - 6,10 - 15 / semi-humid,UT.1,#66e566,"semi-humid, cool",#aabe7f,G,NA,Y
ARFR-AZ930-423-NAVAJO-18,black,3,9,14,NA,452,1,1,0,NA,1,0,NA,1,0,NA,1,0,NA,1,1,N,1,1,NA,NA,NA,NA,NA,NA,NA,NA,NA,ARFR4-SOS-AZ930-423-NAVAJO-18,#9E0142,-110.431,36.45877,15 - 20 Deg. F. / 6 - 12,SdZones downloaded 20230823,15 - 20 Deg. F.,12-Jun,15 - 20 Deg. F. / 6 - 12,15 - 20 / semi-arid,AZ.1,#ee5c42,"semi-arid, warm",#9E0142,A,NA,NA
ARFR-WY930-44-LASANIMAS-13,black,3,9,15,192,453,1,1,0,NA,1,0,NA,1,0,NA,1,1,NA,1,0,N,1,0,NA,NA,NA,NA,NA,Y,NA,NA,NA,ARFR4-SOS-WY930-44-LASANIMAS-13,#FDAE61,-104.6423889,37.16547222,15 - 20 Deg. F. / 3 - 6,,15 - 20 Deg. F.,6-Mar,15 - 20 Deg. F. / 3 - 6,15 - 20 / semi-humid,CO.1,#698b69,"semi-humid, warm",#FDAE61,D,NA,NA
ARFR-UT080-109-UINTAH-12,black,3,9,16,NA,454,1,1,0,NA,1,1,NA,1,1,NA,1,1,NA,1,1,N,1,1,NA,NA,NA,NA,NA,NA,NA,NA,NA,ARFR4-SOS-UT080-109-UINTAH-12,#aabe7f,-109.1426444,39.70802222,10 - 15 Deg. F. / 3 - 6,,10 - 15 Deg. F.,6-Mar,10 - 15 Deg. F. / 3 - 6,10 - 15 / semi-humid,UT.1,#66e566,"semi-humid, cool",#aabe7f,G,NA,NA
ARFR-WY040-71-10,black,3,9,17,NA,455,1,1,1,NA,1,1,NA,1,1,NA,1,1,NA,1,1,N,1,1,NA,NA,NA,NA,NA,NA,NA,NA,NA,ARFR4-SOS-WY040-71-10,#66C2A5,-109.2433156,41.13271889,5 - 10 Deg. F. / 3 - 6,,5 - 10 Deg. F.,6-Mar,5 - 10 Deg. F. / 3 - 6,5 - 10 / semi-humid,WY.1,#a5c2f1,"semi-humid, cold",#66C2A5,I,NA,NA
ARFR-CO932-294-11,black,3,9,18,NA,456,1,1,1,NA,1,1,NA,1,1,NA,1,1,NA,1,1,N,1,1,NA,NA,NA,NA,NA,NA,NA,NA,NA,ARFR4-SOS-CO932-294-11,#ABDDA4,-105.2030833,39.78458333,15 - 20 Deg. F. / 3 - 6,,15 - 20 Deg. F.,6-Mar,15 - 20 Deg. F. / 3 - 6,15 - 20 / semi-humid,CO.4,#698b69,"semi-humid, warm",#ABDDA4,H,NA,NA
ARFR-CO932-294-11,black,3,9,19,NA,457,1,1,0,NA,1,0,NA,1,0,NA,1,0,NA,1,1,N,1,1,NA,NA,NA,NA,NA,NA,NA,NA,NA,ARFR4-SOS-CO932-294-11,#ABDDA4,-105.2030833,39.78458333,15 - 20 Deg. F. / 3 - 6,,15 - 20 Deg. F.,6-Mar,15 - 20 Deg. F. / 3 - 6,15 - 20 / semi-humid,CO.4,#698b69,"semi-humid, warm",#ABDDA4,H,NA,NA
ARFR-UT080-109-UINTAH-12,black,3,9,20,193,458,1,1,0,NA,1,0,NA,1,0,NA,1,1,NA,1,1,N,1,1,NA,NA,NA,NA,NA,NA,NA,NA,NA,ARFR4-SOS-UT080-109-UINTAH-12,#aabe7f,-109.1426444,39.70802222,10 - 15 Deg. F. / 3 - 6,,10 - 15 Deg. F.,6-Mar,10 - 15 Deg. F. / 3 - 6,10 - 15 / semi-humid,UT.1,#66e566,"semi-humid, cool",#aabe7f,G,NA,NA
ARFR-CO932-316-JEFFERSON-12,black,3,9,21,NA,459,1,1,0,NA,1,0,NA,1,0,NA,1,1,NA,1,1,Y,1,1,NA,NA,NA,NA,NA,NA,NA,NA,NA,ARFR4-SOS-CO932-316-JEFFERSON-12,#FFFF85,-105.358,39.66325,15 - 20 Deg. F. / 3 - 6,,15 - 20 Deg. F.,6-Mar,15 - 20 Deg. F. / 3 - 6,15 - 20 / semi-humid,CO.3,#698b69,"semi-humid, warm",#FFFF85,F,NA,NA
ARFR-NM930N-66-11,black,3,9,22,NA,460,1,1,0,NA,1,0,NA,1,1,NA,1,1,NA,1,1,N,1,1,NA,NA,NA,NA,NA,NA,NA,NA,NA,ARFR4-SOS-NM930N-66-11,#F46D43,-107.2045028,36.76818611,10 - 15 Deg. F. / 3 - 6,,10 - 15 Deg. F.,6-Mar,10 - 15 Deg. F. / 3 - 6,10 - 15 / semi-humid,NM.1,#66e566,"semi-humid, cool",#F46D43,C,NA,NA
ARFR-AZ930-423-NAVAJO-18,black,3,9,23,NA,461,1,1,0,NA,1,0,NA,1,0,NA,1,1,NA,1,1,N,1,1,NA,NA,NA,NA,NA,NA,NA,NA,NA,ARFR4-SOS-AZ930-423-NAVAJO-18,#9E0142,-110.431,36.45877,15 - 20 Deg. F. / 6 - 12,SdZones downloaded 20230823,15 - 20 Deg. F.,12-Jun,15 - 20 Deg. F. / 6 - 12,15 - 20 / semi-arid,AZ.1,#ee5c42,"semi-arid, warm",#9E0142,A,NA,NA
ARFR-CO932-294-11,black,3,9,24,NA,462,1,1,0,NA,1,0,NA,1,0,NA,1,0,NA,1,0,N,1,0,NA,NA,NA,NA,NA,NA,NA,NA,NA,ARFR4-SOS-CO932-294-11,#ABDDA4,-105.2030833,39.78458333,15 - 20 Deg. F. / 3 - 6,,15 - 20 Deg. F.,6-Mar,15 - 20 Deg. F. / 3 - 6,15 - 20 / semi-humid,CO.4,#698b69,"semi-humid, warm",#ABDDA4,H,NA,Y
ARFR-AZ930-422-NAVAJO-18,black,3,9,25,194,463,1,1,0,NA,1,0,NA,1,0,NA,1,1,NA,1,1,N,1,1,NA,NA,NA,NA,NA,NA,NA,NA,NA,ARFR4-SOS-AZ930-422-NAVAJO-18,#D53E4F,-110.431,36.56805,15 - 20 Deg. F. / 6 - 12,Lats corrected 20230127,15 - 20 Deg. F.,12-Jun,15 - 20 Deg. F. / 6 - 12,15 - 20 / semi-arid,AZ.2,#ee5c42,"semi-arid, warm",#D53E4F,B,NA,NA
ARFR-WY930-44-LASANIMAS-13,black,3,9,26,NA,464,1,1,0,NA,1,0,NA,1,1,NA,1,1,NA,1,1,N,1,1,NA,NA,NA,NA,NA,NA,NA,NA,NA,ARFR4-SOS-WY930-44-LASANIMAS-13,#FDAE61,-104.6423889,37.16547222,15 - 20 Deg. F. / 3 - 6,,15 - 20 Deg. F.,6-Mar,15 - 20 Deg. F. / 3 - 6,15 - 20 / semi-humid,CO.1,#698b69,"semi-humid, warm",#FDAE61,D,NA,NA
ARFR-AZ930-422-NAVAJO-18,black,3,9,27,NA,465,1,1,0,NA,1,0,NA,1,0,NA,1,1,NA,1,1,N,1,1,NA,NA,NA,NA,NA,NA,NA,NA,NA,ARFR4-SOS-AZ930-422-NAVAJO-18,#D53E4F,-110.431,36.56805,15 - 20 Deg. F. / 6 - 12,Lats corrected 20230127,15 - 20 Deg. F.,12-Jun,15 - 20 Deg. F. / 6 - 12,15 - 20 / semi-arid,AZ.2,#ee5c42,"semi-arid, warm",#D53E4F,B,NA,NA
ARFR-WY050-151-FREMONT-16,black,3,9,28,NA,466,1,1,0,NA,1,0,NA,1,0,NA,1,1,NA,1,1,N,1,1,NA,NA,NA,NA,NA,NA,NA,NA,NA,ARFR4-SOS-WY050-151-FREMONT-16,#3288BD,-108.1704472,42.47886111,10 - 15 Deg. F. / 6 - 12,,10 - 15 Deg. F.,12-Jun,10 - 15 Deg. F. / 6 - 12,10 - 15 / semi-arid,WY.2,#cd8500,"semi-arid, cool",#3288BD,J,NA,Y
ARFR-WY930-44-LASANIMAS-13,black,3,9,29,NA,467,1,1,0,NA,1,0,NA,1,1,NA,1,0,NA,1,0,N,1,0,NA,NA,NA,NA,NA,Y,NA,NA,NA,ARFR4-SOS-WY930-44-LASANIMAS-13,#FDAE61,-104.6423889,37.16547222,15 - 20 Deg. F. / 3 - 6,,15 - 20 Deg. F.,6-Mar,15 - 20 Deg. F. / 3 - 6,15 - 20 / semi-humid,CO.1,#698b69,"semi-humid, warm",#FDAE61,D,NA,NA
ARFR-CO932-314-JEFFERSON-12,black,3,9,30,195,468,1,1,0,NA,1,0,NA,1,0,NA,1,1,NA,1,1,N,1,1,NA,NA,NA,NA,NA,NA,NA,NA,NA,ARFR4-SOS-CO932-314-JEFFERSON-12,#FEE08B,-105.3553333,39.40902778,10 - 15 Deg. F. / 3 - 6,,10 - 15 Deg. F.,6-Mar,10 - 15 Deg. F. / 3 - 6,10 - 15 / semi-humid,CO.2,#66e566,"semi-humid, cool",#FEE08B,E,NA,NA
ARFR-WY040-71-10,black,3,9,31,NA,469,1,1,1,NA,1,1,NA,1,1,NA,1,1,NA,1,1,N,1,1,dying,NA,NA,NA,NA,NA,NA,NA,NA,ARFR4-SOS-WY040-71-10,#66C2A5,-109.2433156,41.13271889,5 - 10 Deg. F. / 3 - 6,,5 - 10 Deg. F.,6-Mar,5 - 10 Deg. F. / 3 - 6,5 - 10 / semi-humid,WY.1,#a5c2f1,"semi-humid, cold",#66C2A5,I,NA,NA
ARFR-AZ930-423-NAVAJO-18,black,3,9,32,NA,470,1,1,0,NA,1,0,NA,1,0,NA,1,1,NA,1,1,N,1,1,NA,NA,NA,NA,NA,NA,NA,NA,NA,ARFR4-SOS-AZ930-423-NAVAJO-18,#9E0142,-110.431,36.45877,15 - 20 Deg. F. / 6 - 12,SdZones downloaded 20230823,15 - 20 Deg. F.,12-Jun,15 - 20 Deg. F. / 6 - 12,15 - 20 / semi-arid,AZ.1,#ee5c42,"semi-arid, warm",#9E0142,A,NA,Y
ARFR-AZ930-423-NAVAJO-18,black,3,9,33,NA,471,1,1,0,NA,1,0,NA,1,0,NA,1,1,NA,1,1,N,1,1,NA,NA,NA,NA,NA,NA,NA,NA,NA,ARFR4-SOS-AZ930-423-NAVAJO-18,#9E0142,-110.431,36.45877,15 - 20 Deg. F. / 6 - 12,SdZones downloaded 20230823,15 - 20 Deg. F.,12-Jun,15 - 20 Deg. F. / 6 - 12,15 - 20 / semi-arid,AZ.1,#ee5c42,"semi-arid, warm",#9E0142,A,NA,NA
ARFR-CO932-314-JEFFERSON-12,black,3,9,34,NA,472,1,1,0,NA,1,0,NA,1,0,NA,1,0,NA,1,1,N,1,1,NA,NA,NA,NA,NA,NA,NA,NA,NA,ARFR4-SOS-CO932-314-JEFFERSON-12,#FEE08B,-105.3553333,39.40902778,10 - 15 Deg. F. / 3 - 6,,10 - 15 Deg. F.,6-Mar,10 - 15 Deg. F. / 3 - 6,10 - 15 / semi-humid,CO.2,#66e566,"semi-humid, cool",#FEE08B,E,NA,NA
ARFR-WY930-44-LASANIMAS-13,black,3,9,35,196,473,1,1,0,NA,1,0,NA,1,0,NA,1,0,NA,1,0,N,1,0,NA,NA,NA,NA,NA,NA,NA,NA,NA,ARFR4-SOS-WY930-44-LASANIMAS-13,#FDAE61,-104.6423889,37.16547222,15 - 20 Deg. F. / 3 - 6,,15 - 20 Deg. F.,6-Mar,15 - 20 Deg. F. / 3 - 6,15 - 20 / semi-humid,CO.1,#698b69,"semi-humid, warm",#FDAE61,D,NA,Y
ARFR-NM930N-66-11,black,3,9,36,NA,474,1,1,0,NA,1,0,NA,1,0,NA,1,1,NA,1,1,N,1,1,NA,NA,NA,NA,NA,NA,NA,NA,NA,ARFR4-SOS-NM930N-66-11,#F46D43,-107.2045028,36.76818611,10 - 15 Deg. F. / 3 - 6,,10 - 15 Deg. F.,6-Mar,10 - 15 Deg. F. / 3 - 6,10 - 15 / semi-humid,NM.1,#66e566,"semi-humid, cool",#F46D43,C,NA,NA
ARFR-CO932-314-JEFFERSON-12,black,3,9,37,NA,475,1,1,0,NA,1,0,NA,1,0,NA,1,0,NA,1,1,N,1,1,NA,NA,NA,NA,NA,NA,NA,NA,NA,ARFR4-SOS-CO932-314-JEFFERSON-12,#FEE08B,-105.3553333,39.40902778,10 - 15 Deg. F. / 3 - 6,,10 - 15 Deg. F.,6-Mar,10 - 15 Deg. F. / 3 - 6,10 - 15 / semi-humid,CO.2,#66e566,"semi-humid, cool",#FEE08B,E,NA,NA
ARFR-NM930N-66-11,black,3,9,38,NA,476,1,1,0,NA,1,0,NA,1,1,NA,1,0,NA,1,1,N,1,1,NA,NA,NA,NA,NA,NA,NA,NA,NA,ARFR4-SOS-NM930N-66-11,#F46D43,-107.2045028,36.76818611,10 - 15 Deg. F. / 3 - 6,,10 - 15 Deg. F.,6-Mar,10 - 15 Deg. F. / 3 - 6,10 - 15 / semi-humid,NM.1,#66e566,"semi-humid, cool",#F46D43,C,NA,NA
ARFR-WY050-49-FREMONT-12,black,3,9,39,NA,477,1,1,0,NA,1,0,NA,1,0,NA,1,0,NA,1,1,N,1,1,NA,NA,NA,NA,NA,NA,NA,NA,NA,ARFR4-SOS-WY050-49-FREMONT-12,#5E4FA2,-109.34775,43.42663611,5 - 10 Deg. F. / 6 - 12,,5 - 10 Deg. F.,12-Jun,5 - 10 Deg. F. / 6 - 12,5 - 10 / semi-arid,WY.3,#ffb90f,"semi-arid, cold",#5E4FA2,K,NA,NA
ARFR-WY050-151-FREMONT-16,black,3,9,40,197,478,1,1,0,NA,1,0,NA,1,0,NA,1,0,NA,1,1,N,1,1,NA,NA,NA,NA,NA,NA,NA,NA,NA,ARFR4-SOS-WY050-151-FREMONT-16,#3288BD,-108.1704472,42.47886111,10 - 15 Deg. F. / 6 - 12,,10 - 15 Deg. F.,12-Jun,10 - 15 Deg. F. / 6 - 12,10 - 15 / semi-arid,WY.2,#cd8500,"semi-arid, cool",#3288BD,J,NA,NA
ARFR-CO932-316-JEFFERSON-12,black,3,9,41,NA,479,1,1,0,NA,1,0,NA,1,0,NA,1,0,NA,1,1,N,1,1,NA,NA,NA,NA,NA,NA,NA,NA,NA,ARFR4-SOS-CO932-316-JEFFERSON-12,#FFFF85,-105.358,39.66325,15 - 20 Deg. F. / 3 - 6,,15 - 20 Deg. F.,6-Mar,15 - 20 Deg. F. / 3 - 6,15 - 20 / semi-humid,CO.3,#698b69,"semi-humid, warm",#FFFF85,F,NA,NA
ARFR-CO932-294-11,black,3,9,42,NA,480,1,1,0,NA,1,0,NA,1,0,NA,1,0,NA,1,1,N,1,1,NA,NA,NA,NA,NA,NA,NA,NA,NA,ARFR4-SOS-CO932-294-11,#ABDDA4,-105.2030833,39.78458333,15 - 20 Deg. F. / 3 - 6,,15 - 20 Deg. F.,6-Mar,15 - 20 Deg. F. / 3 - 6,15 - 20 / semi-humid,CO.4,#698b69,"semi-humid, warm",#ABDDA4,H,NA,Y
ARFR-WY930-44-LASANIMAS-13,black,3,9,43,NA,481,1,1,0,NA,1,0,NA,1,0,NA,1,0,NA,1,1,N,1,1,NA,NA,NA,NA,NA,NA,NA,NA,NA,ARFR4-SOS-WY930-44-LASANIMAS-13,#FDAE61,-104.6423889,37.16547222,15 - 20 Deg. F. / 3 - 6,,15 - 20 Deg. F.,6-Mar,15 - 20 Deg. F. / 3 - 6,15 - 20 / semi-humid,CO.1,#698b69,"semi-humid, warm",#FDAE61,D,NA,NA
ARFR-AZ930-423-NAVAJO-18,black,3,9,44,NA,482,1,1,0,NA,1,0,NA,1,0,NA,1,0,NA,1,1,N,1,1,NA,NA,NA,NA,NA,NA,NA,NA,NA,ARFR4-SOS-AZ930-423-NAVAJO-18,#9E0142,-110.431,36.45877,15 - 20 Deg. F. / 6 - 12,SdZones downloaded 20230823,15 - 20 Deg. F.,12-Jun,15 - 20 Deg. F. / 6 - 12,15 - 20 / semi-arid,AZ.1,#ee5c42,"semi-arid, warm",#9E0142,A,NA,NA
ARFR-CO932-316-JEFFERSON-12,black,3,9,45,198,483,1,1,0,NA,1,0,NA,1,0,NA,1,1,NA,1,1,N,1,1,NA,NA,NA,NA,NA,NA,NA,NA,NA,ARFR4-SOS-CO932-316-JEFFERSON-12,#FFFF85,-105.358,39.66325,15 - 20 Deg. F. / 3 - 6,,15 - 20 Deg. F.,6-Mar,15 - 20 Deg. F. / 3 - 6,15 - 20 / semi-humid,CO.3,#698b69,"semi-humid, warm",#FFFF85,F,NA,NA
ARFR-UT080-109-UINTAH-12,black,3,9,46,NA,484,1,1,0,NA,1,0,NA,1,0,NA,1,0,NA,1,1,N,1,1,NA,NA,NA,NA,NA,NA,NA,NA,NA,ARFR4-SOS-UT080-109-UINTAH-12,#aabe7f,-109.1426444,39.70802222,10 - 15 Deg. F. / 3 - 6,,10 - 15 Deg. F.,6-Mar,10 - 15 Deg. F. / 3 - 6,10 - 15 / semi-humid,UT.1,#66e566,"semi-humid, cool",#aabe7f,G,NA,NA
ARFR-CO932-316-JEFFERSON-12,black,3,9,47,NA,485,1,1,1,NA,1,1,NA,1,0,NA,1,1,NA,1,1,N,1,1,NA,NA,NA,NA,NA,NA,NA,NA,NA,ARFR4-SOS-CO932-316-JEFFERSON-12,#FFFF85,-105.358,39.66325,15 - 20 Deg. F. / 3 - 6,,15 - 20 Deg. F.,6-Mar,15 - 20 Deg. F. / 3 - 6,15 - 20 / semi-humid,CO.3,#698b69,"semi-humid, warm",#FFFF85,F,NA,NA
ARFR-WY050-151-FREMONT-16,black,3,9,48,NA,486,1,1,0,NA,1,0,NA,1,0,NA,1,1,NA,1,1,N,1,1,NA,NA,NA,NA,NA,NA,NA,NA,NA,ARFR4-SOS-WY050-151-FREMONT-16,#3288BD,-108.1704472,42.47886111,10 - 15 Deg. F. / 6 - 12,,10 - 15 Deg. F.,12-Jun,10 - 15 Deg. F. / 6 - 12,10 - 15 / semi-arid,WY.2,#cd8500,"semi-arid, cool",#3288BD,J,NA,NA
ARFR-NM930N-66-11,black,3,9,49,NA,487,1,1,1,NA,1,1,NA,1,0,NA,1,1,NA,1,1,N,1,1,NA,NA,NA,NA,NA,Y,NA,NA,NA,ARFR4-SOS-NM930N-66-11,#F46D43,-107.2045028,36.76818611,10 - 15 Deg. F. / 3 - 6,,10 - 15 Deg. F.,6-Mar,10 - 15 Deg. F. / 3 - 6,10 - 15 / semi-humid,NM.1,#66e566,"semi-humid, cool",#F46D43,C,NA,NA
ARFR-WY930-44-LASANIMAS-13,black,3,9,50,199,488,1,1,0,NA,1,0,NA,1,0,NA,1,0,NA,1,1,N,1,1,NA,NA,NA,NA,NA,NA,NA,NA,NA,ARFR4-SOS-WY930-44-LASANIMAS-13,#FDAE61,-104.6423889,37.16547222,15 - 20 Deg. F. / 3 - 6,,15 - 20 Deg. F.,6-Mar,15 - 20 Deg. F. / 3 - 6,15 - 20 / semi-humid,CO.1,#698b69,"semi-humid, warm",#FDAE61,D,NA,Y
ARFR-AZ930-422-NAVAJO-18,black,3,9,51,NA,489,1,1,0,NA,1,0,NA,1,0,NA,1,1,NA,1,1,N,1,1,NA,NA,NA,NA,NA,NA,NA,NA,NA,ARFR4-SOS-AZ930-422-NAVAJO-18,#D53E4F,-110.431,36.56805,15 - 20 Deg. F. / 6 - 12,Lats corrected 20230127,15 - 20 Deg. F.,12-Jun,15 - 20 Deg. F. / 6 - 12,15 - 20 / semi-arid,AZ.2,#ee5c42,"semi-arid, warm",#D53E4F,B,NA,NA
ARFR-WY050-151-FREMONT-16,black,3,9,52,NA,490,1,1,0,NA,1,1,NA,1,1,NA,1,1,NA,1,1,N,1,1,NA,NA,NA,NA,NA,NA,NA,NA,NA,ARFR4-SOS-WY050-151-FREMONT-16,#3288BD,-108.1704472,42.47886111,10 - 15 Deg. F. / 6 - 12,,10 - 15 Deg. F.,12-Jun,10 - 15 Deg. F. / 6 - 12,10 - 15 / semi-arid,WY.2,#cd8500,"semi-arid, cool",#3288BD,J,NA,NA
ARFR-CO932-316-JEFFERSON-12,black,3,9,53,NA,491,1,1,0,NA,1,0,NA,1,1,NA,1,1,NA,1,1,N,1,1,NA,NA,NA,NA,NA,NA,NA,NA,NA,ARFR4-SOS-CO932-316-JEFFERSON-12,#FFFF85,-105.358,39.66325,15 - 20 Deg. F. / 3 - 6,,15 - 20 Deg. F.,6-Mar,15 - 20 Deg. F. / 3 - 6,15 - 20 / semi-humid,CO.3,#698b69,"semi-humid, warm",#FFFF85,F,NA,NA
ARFR-CO932-294-11,black,3,9,54,NA,492,1,1,0,NA,1,0,NA,1,0,NA,1,0,NA,1,1,N,1,1,NA,NA,NA,NA,NA,NA,NA,NA,NA,ARFR4-SOS-CO932-294-11,#ABDDA4,-105.2030833,39.78458333,15 - 20 Deg. F. / 3 - 6,,15 - 20 Deg. F.,6-Mar,15 - 20 Deg. F. / 3 - 6,15 - 20 / semi-humid,CO.4,#698b69,"semi-humid, warm",#ABDDA4,H,NA,NA
ARFR-AZ930-423-NAVAJO-18,black,3,9,55,200,493,1,1,0,NA,1,1,NA,1,1,NA,1,1,NA,1,1,N,1,1,NA,NA,NA,NA,NA,NA,NA,NA,NA,ARFR4-SOS-AZ930-423-NAVAJO-18,#9E0142,-110.431,36.45877,15 - 20 Deg. F. / 6 - 12,SdZones downloaded 20230823,15 - 20 Deg. F.,12-Jun,15 - 20 Deg. F. / 6 - 12,15 - 20 / semi-arid,AZ.1,#ee5c42,"semi-arid, warm",#9E0142,A,NA,NA
ARFR-CO932-316-JEFFERSON-12,black,3,10,1,189,494,1,1,0,NA,1,0,NA,1,0,NA,1,1,NA,1,1,N,1,1,NA,NA,NA,NA,NA,NA,NA,NA,NA,ARFR4-SOS-CO932-316-JEFFERSON-12,#FFFF85,-105.358,39.66325,15 - 20 Deg. F. / 3 - 6,,15 - 20 Deg. F.,6-Mar,15 - 20 Deg. F. / 3 - 6,15 - 20 / semi-humid,CO.3,#698b69,"semi-humid, warm",#FFFF85,F,NA,NA
ARFR-CO932-314-JEFFERSON-12,black,3,10,2,NA,495,1,1,0,NA,1,0,NA,1,0,NA,1,1,NA,1,1,N,1,1,NA,NA,NA,NA,NA,NA,NA,NA,NA,ARFR4-SOS-CO932-314-JEFFERSON-12,#FEE08B,-105.3553333,39.40902778,10 - 15 Deg. F. / 3 - 6,,10 - 15 Deg. F.,6-Mar,10 - 15 Deg. F. / 3 - 6,10 - 15 / semi-humid,CO.2,#66e566,"semi-humid, cool",#FEE08B,E,NA,NA
ARFR-WY050-49-FREMONT-12,black,3,10,3,NA,496,1,1,0,NA,1,1,NA,1,1,NA,1,1,NA,1,1,N,1,1,NA,NA,NA,NA,NA,NA,NA,NA,NA,ARFR4-SOS-WY050-49-FREMONT-12,#5E4FA2,-109.34775,43.42663611,5 - 10 Deg. F. / 6 - 12,,5 - 10 Deg. F.,12-Jun,5 - 10 Deg. F. / 6 - 12,5 - 10 / semi-arid,WY.3,#ffb90f,"semi-arid, cold",#5E4FA2,K,NA,NA
ARFR-AZ930-423-NAVAJO-18,black,3,10,4,NA,497,1,1,0,NA,1,1,NA,1,1,NA,1,1,NA,1,1,N,1,1,NA,NA,NA,NA,NA,NA,NA,NA,NA,ARFR4-SOS-AZ930-423-NAVAJO-18,#9E0142,-110.431,36.45877,15 - 20 Deg. F. / 6 - 12,SdZones downloaded 20230823,15 - 20 Deg. F.,12-Jun,15 - 20 Deg. F. / 6 - 12,15 - 20 / semi-arid,AZ.1,#ee5c42,"semi-arid, warm",#9E0142,A,NA,NA
ARFR-NM930N-66-11,black,3,10,5,190,498,1,0,NA,NA,0,NA,NA,0,NA,NA,0,NA,NA,1,1,N,1,1,NA,NA,NA,NA,NA,NA,Y,Y,Harvested,ARFR4-SOS-NM930N-66-11,#F46D43,-107.2045028,36.76818611,10 - 15 Deg. F. / 3 - 6,,10 - 15 Deg. F.,6-Mar,10 - 15 Deg. F. / 3 - 6,10 - 15 / semi-humid,NM.1,#66e566,"semi-humid, cool",#F46D43,C,NA,Y
ARFR-WY930-44-LASANIMAS-13,black,3,10,6,NA,499,1,1,0,NA,1,0,NA,1,0,NA,1,0,NA,1,1,N,1,1,NA,NA,NA,NA,NA,NA,NA,NA,NA,ARFR4-SOS-WY930-44-LASANIMAS-13,#FDAE61,-104.6423889,37.16547222,15 - 20 Deg. F. / 3 - 6,,15 - 20 Deg. F.,6-Mar,15 - 20 Deg. F. / 3 - 6,15 - 20 / semi-humid,CO.1,#698b69,"semi-humid, warm",#FDAE61,D,NA,NA
ARFR-WY040-71-10,black,3,10,7,NA,500,1,1,0,NA,1,1,NA,1,1,NA,1,1,NA,1,1,N,1,1,NA,NA,NA,NA,NA,NA,NA,NA,NA,ARFR4-SOS-WY040-71-10,#66C2A5,-109.2433156,41.13271889,5 - 10 Deg. F. / 3 - 6,,5 - 10 Deg. F.,6-Mar,5 - 10 Deg. F. / 3 - 6,5 - 10 / semi-humid,WY.1,#a5c2f1,"semi-humid, cold",#66C2A5,I,NA,NA
ARFR-WY050-151-FREMONT-16,black,3,10,8,NA,501,1,1,0,NA,1,1,NA,1,1,NA,1,1,NA,1,1,N,1,1,NA,NA,NA,NA,NA,NA,NA,NA,NA,ARFR4-SOS-WY050-151-FREMONT-16,#3288BD,-108.1704472,42.47886111,10 - 15 Deg. F. / 6 - 12,,10 - 15 Deg. F.,12-Jun,10 - 15 Deg. F. / 6 - 12,10 - 15 / semi-arid,WY.2,#cd8500,"semi-arid, cool",#3288BD,J,NA,NA
ARFR-CO932-294-11,black,3,10,9,NA,502,1,1,0,NA,1,1,NA,1,1,NA,1,1,NA,1,1,N,1,1,NA,NA,NA,NA,NA,NA,NA,NA,NA,ARFR4-SOS-CO932-294-11,#ABDDA4,-105.2030833,39.78458333,15 - 20 Deg. F. / 3 - 6,,15 - 20 Deg. F.,6-Mar,15 - 20 Deg. F. / 3 - 6,15 - 20 / semi-humid,CO.4,#698b69,"semi-humid, warm",#ABDDA4,H,NA,NA
ARFR-CO932-314-JEFFERSON-12,black,3,10,10,191,503,1,1,0,NA,1,0,NA,1,0,NA,1,0,NA,1,1,N,1,1,NA,NA,NA,NA,NA,NA,NA,NA,NA,ARFR4-SOS-CO932-314-JEFFERSON-12,#FEE08B,-105.3553333,39.40902778,10 - 15 Deg. F. / 3 - 6,,10 - 15 Deg. F.,6-Mar,10 - 15 Deg. F. / 3 - 6,10 - 15 / semi-humid,CO.2,#66e566,"semi-humid, cool",#FEE08B,E,NA,NA
ARFR-WY930-44-LASANIMAS-13,black,3,10,11,NA,504,1,1,0,NA,1,0,NA,1,0,NA,1,0,NA,1,1,N,1,1,NA,NA,NA,NA,NA,NA,NA,NA,NA,ARFR4-SOS-WY930-44-LASANIMAS-13,#FDAE61,-104.6423889,37.16547222,15 - 20 Deg. F. / 3 - 6,,15 - 20 Deg. F.,6-Mar,15 - 20 Deg. F. / 3 - 6,15 - 20 / semi-humid,CO.1,#698b69,"semi-humid, warm",#FDAE61,D,NA,NA
ARFR-WY050-49-FREMONT-12,black,3,10,12,NA,505,1,1,0,NA,1,1,NA,1,1,NA,1,1,NA,1,1,N,1,1,NA,NA,NA,NA,NA,NA,NA,NA,NA,ARFR4-SOS-WY050-49-FREMONT-12,#5E4FA2,-109.34775,43.42663611,5 - 10 Deg. F. / 6 - 12,,5 - 10 Deg. F.,12-Jun,5 - 10 Deg. F. / 6 - 12,5 - 10 / semi-arid,WY.3,#ffb90f,"semi-arid, cold",#5E4FA2,K,NA,NA
ARFR-WY040-71-10,black,3,10,13,NA,506,1,1,1,NA,1,1,NA,1,1,NA,1,1,NA,1,1,N,1,1,NA,NA,NA,NA,NA,NA,NA,NA,NA,ARFR4-SOS-WY040-71-10,#66C2A5,-109.2433156,41.13271889,5 - 10 Deg. F. / 3 - 6,,5 - 10 Deg. F.,6-Mar,5 - 10 Deg. F. / 3 - 6,5 - 10 / semi-humid,WY.1,#a5c2f1,"semi-humid, cold",#66C2A5,I,NA,NA
ARFR-WY930-44-LASANIMAS-13,black,3,10,14,NA,507,1,1,0,NA,1,0,NA,1,0,NA,1,0,NA,1,1,N,1,1,NA,NA,NA,NA,NA,NA,NA,NA,NA,ARFR4-SOS-WY930-44-LASANIMAS-13,#FDAE61,-104.6423889,37.16547222,15 - 20 Deg. F. / 3 - 6,,15 - 20 Deg. F.,6-Mar,15 - 20 Deg. F. / 3 - 6,15 - 20 / semi-humid,CO.1,#698b69,"semi-humid, warm",#FDAE61,D,NA,NA
ARFR-WY930-44-LASANIMAS-13,black,3,10,15,192,508,1,1,0,NA,1,0,NA,1,0,NA,1,0,NA,1,1,N,1,1,NA,NA,NA,NA,NA,NA,NA,NA,NA,ARFR4-SOS-WY930-44-LASANIMAS-13,#FDAE61,-104.6423889,37.16547222,15 - 20 Deg. F. / 3 - 6,,15 - 20 Deg. F.,6-Mar,15 - 20 Deg. F. / 3 - 6,15 - 20 / semi-humid,CO.1,#698b69,"semi-humid, warm",#FDAE61,D,NA,NA
ARFR-AZ930-423-NAVAJO-18,black,3,10,16,NA,509,1,1,0,NA,1,1,NA,1,1,NA,1,1,NA,1,1,N,1,1,NA,NA,NA,NA,NA,NA,NA,NA,NA,ARFR4-SOS-AZ930-423-NAVAJO-18,#9E0142,-110.431,36.45877,15 - 20 Deg. F. / 6 - 12,SdZones downloaded 20230823,15 - 20 Deg. F.,12-Jun,15 - 20 Deg. F. / 6 - 12,15 - 20 / semi-arid,AZ.1,#ee5c42,"semi-arid, warm",#9E0142,A,NA,NA
ARFR-WY050-151-FREMONT-16,black,3,10,17,NA,510,1,1,1,NA,1,1,NA,1,1,NA,1,1,NA,1,1,N,1,1,NA,NA,NA,NA,NA,NA,NA,NA,NA,ARFR4-SOS-WY050-151-FREMONT-16,#3288BD,-108.1704472,42.47886111,10 - 15 Deg. F. / 6 - 12,,10 - 15 Deg. F.,12-Jun,10 - 15 Deg. F. / 6 - 12,10 - 15 / semi-arid,WY.2,#cd8500,"semi-arid, cool",#3288BD,J,NA,NA
ARFR-CO932-314-JEFFERSON-12,black,3,10,18,NA,511,1,1,0,NA,1,0,NA,1,0,NA,1,0,NA,1,1,N,1,1,NA,NA,NA,NA,NA,NA,NA,NA,NA,ARFR4-SOS-CO932-314-JEFFERSON-12,#FEE08B,-105.3553333,39.40902778,10 - 15 Deg. F. / 3 - 6,,10 - 15 Deg. F.,6-Mar,10 - 15 Deg. F. / 3 - 6,10 - 15 / semi-humid,CO.2,#66e566,"semi-humid, cool",#FEE08B,E,NA,NA
ARFR-UT080-109-UINTAH-12,black,3,10,19,NA,512,1,1,0,NA,1,0,NA,1,0,NA,1,0,NA,1,1,N,1,1,NA,NA,NA,NA,NA,NA,NA,NA,NA,ARFR4-SOS-UT080-109-UINTAH-12,#aabe7f,-109.1426444,39.70802222,10 - 15 Deg. F. / 3 - 6,,10 - 15 Deg. F.,6-Mar,10 - 15 Deg. F. / 3 - 6,10 - 15 / semi-humid,UT.1,#66e566,"semi-humid, cool",#aabe7f,G,NA,NA
ARFR-UT080-109-UINTAH-12,black,3,10,20,193,513,1,1,0,NA,1,0,NA,1,0,NA,1,1,NA,1,1,N,1,1,NA,NA,NA,NA,NA,NA,NA,NA,NA,ARFR4-SOS-UT080-109-UINTAH-12,#aabe7f,-109.1426444,39.70802222,10 - 15 Deg. F. / 3 - 6,,10 - 15 Deg. F.,6-Mar,10 - 15 Deg. F. / 3 - 6,10 - 15 / semi-humid,UT.1,#66e566,"semi-humid, cool",#aabe7f,G,NA,NA
ARFR-AZ930-422-NAVAJO-18,black,3,10,21,NA,514,1,1,0,NA,1,1,NA,1,1,NA,1,1,NA,1,1,N,1,1,NA,NA,NA,NA,NA,NA,NA,NA,NA,ARFR4-SOS-AZ930-422-NAVAJO-18,#D53E4F,-110.431,36.56805,15 - 20 Deg. F. / 6 - 12,Lats corrected 20230127,15 - 20 Deg. F.,12-Jun,15 - 20 Deg. F. / 6 - 12,15 - 20 / semi-arid,AZ.2,#ee5c42,"semi-arid, warm",#D53E4F,B,NA,Y
ARFR-AZ930-422-NAVAJO-18,black,3,10,22,NA,515,1,1,0,NA,1,0,NA,1,1,NA,1,1,NA,1,1,N,1,1,NA,NA,NA,NA,NA,NA,NA,NA,NA,ARFR4-SOS-AZ930-422-NAVAJO-18,#D53E4F,-110.431,36.56805,15 - 20 Deg. F. / 6 - 12,Lats corrected 20230127,15 - 20 Deg. F.,12-Jun,15 - 20 Deg. F. / 6 - 12,15 - 20 / semi-arid,AZ.2,#ee5c42,"semi-arid, warm",#D53E4F,B,NA,NA
ARFR-NM930N-66-11,black,3,10,23,NA,516,1,1,0,NA,1,0,NA,1,0,NA,1,1,NA,1,1,N,1,1,NA,NA,NA,NA,NA,NA,NA,NA,NA,ARFR4-SOS-NM930N-66-11,#F46D43,-107.2045028,36.76818611,10 - 15 Deg. F. / 3 - 6,,10 - 15 Deg. F.,6-Mar,10 - 15 Deg. F. / 3 - 6,10 - 15 / semi-humid,NM.1,#66e566,"semi-humid, cool",#F46D43,C,NA,NA
ARFR-NM930N-66-11,black,3,10,24,NA,517,1,1,0,NA,1,0,NA,1,0,NA,1,1,NA,1,1,N,1,1,NA,NA,NA,NA,NA,NA,NA,NA,NA,ARFR4-SOS-NM930N-66-11,#F46D43,-107.2045028,36.76818611,10 - 15 Deg. F. / 3 - 6,,10 - 15 Deg. F.,6-Mar,10 - 15 Deg. F. / 3 - 6,10 - 15 / semi-humid,NM.1,#66e566,"semi-humid, cool",#F46D43,C,NA,NA
ARFR-AZ930-422-NAVAJO-18,black,3,10,25,194,518,1,1,0,NA,1,0,NA,1,1,NA,1,1,NA,1,1,N,1,1,NA,NA,NA,NA,NA,NA,NA,NA,NA,ARFR4-SOS-AZ930-422-NAVAJO-18,#D53E4F,-110.431,36.56805,15 - 20 Deg. F. / 6 - 12,Lats corrected 20230127,15 - 20 Deg. F.,12-Jun,15 - 20 Deg. F. / 6 - 12,15 - 20 / semi-arid,AZ.2,#ee5c42,"semi-arid, warm",#D53E4F,B,NA,NA
ARFR-NM930N-66-11,black,3,10,26,NA,519,1,0,NA,NA,0,NA,NA,0,0,NA,0,NA,NA,1,1,N,1,1,NA,NA,NA,NA,NA,NA,Y,Y,Harvested,ARFR4-SOS-NM930N-66-11,#F46D43,-107.2045028,36.76818611,10 - 15 Deg. F. / 3 - 6,,10 - 15 Deg. F.,6-Mar,10 - 15 Deg. F. / 3 - 6,10 - 15 / semi-humid,NM.1,#66e566,"semi-humid, cool",#F46D43,C,NA,Y
ARFR-CO932-314-JEFFERSON-12,black,3,10,27,NA,520,1,1,0,NA,1,0,NA,1,0,NA,1,1,NA,1,1,N,1,1,NA,NA,NA,NA,NA,NA,NA,NA,NA,ARFR4-SOS-CO932-314-JEFFERSON-12,#FEE08B,-105.3553333,39.40902778,10 - 15 Deg. F. / 3 - 6,,10 - 15 Deg. F.,6-Mar,10 - 15 Deg. F. / 3 - 6,10 - 15 / semi-humid,CO.2,#66e566,"semi-humid, cool",#FEE08B,E,NA,NA
ARFR-CO932-316-JEFFERSON-12,black,3,10,28,NA,521,1,1,0,NA,1,0,NA,1,1,NA,1,1,NA,1,1,N,1,1,NA,NA,NA,NA,NA,NA,NA,NA,NA,ARFR4-SOS-CO932-316-JEFFERSON-12,#FFFF85,-105.358,39.66325,15 - 20 Deg. F. / 3 - 6,,15 - 20 Deg. F.,6-Mar,15 - 20 Deg. F. / 3 - 6,15 - 20 / semi-humid,CO.3,#698b69,"semi-humid, warm",#FFFF85,F,NA,NA
ARFR-NM930N-66-11,black,3,10,29,NA,522,1,1,0,NA,1,1,NA,1,1,NA,1,1,NA,1,1,N,1,1,NA,NA,NA,NA,NA,NA,NA,NA,NA,ARFR4-SOS-NM930N-66-11,#F46D43,-107.2045028,36.76818611,10 - 15 Deg. F. / 3 - 6,,10 - 15 Deg. F.,6-Mar,10 - 15 Deg. F. / 3 - 6,10 - 15 / semi-humid,NM.1,#66e566,"semi-humid, cool",#F46D43,C,NA,NA
ARFR-AZ930-423-NAVAJO-18,black,3,10,30,195,523,1,1,0,NA,1,0,NA,1,0,NA,1,0,NA,1,1,N,1,1,NA,NA,NA,NA,NA,NA,NA,NA,NA,ARFR4-SOS-AZ930-423-NAVAJO-18,#9E0142,-110.431,36.45877,15 - 20 Deg. F. / 6 - 12,SdZones downloaded 20230823,15 - 20 Deg. F.,12-Jun,15 - 20 Deg. F. / 6 - 12,15 - 20 / semi-arid,AZ.1,#ee5c42,"semi-arid, warm",#9E0142,A,NA,NA
ARFR-UT080-109-UINTAH-12,black,3,10,31,NA,524,1,0,NA,NA,0,NA,NA,0,NA,NA,0,NA,NA,1,1,N,1,1,NA,NA,NA,NA,NA,NA,Y,Y,Harvested,ARFR4-SOS-UT080-109-UINTAH-12,#aabe7f,-109.1426444,39.70802222,10 - 15 Deg. F. / 3 - 6,,10 - 15 Deg. F.,6-Mar,10 - 15 Deg. F. / 3 - 6,10 - 15 / semi-humid,UT.1,#66e566,"semi-humid, cool",#aabe7f,G,NA,Y
ARFR-CO932-316-JEFFERSON-12,black,3,10,32,NA,525,1,1,0,NA,1,1,NA,1,1,NA,1,1,NA,1,1,N,1,1,NA,NA,NA,NA,NA,NA,NA,NA,NA,ARFR4-SOS-CO932-316-JEFFERSON-12,#FFFF85,-105.358,39.66325,15 - 20 Deg. F. / 3 - 6,,15 - 20 Deg. F.,6-Mar,15 - 20 Deg. F. / 3 - 6,15 - 20 / semi-humid,CO.3,#698b69,"semi-humid, warm",#FFFF85,F,NA,NA
ARFR-NM930N-66-11,black,3,10,33,NA,526,1,1,1,NA,1,1,NA,1,1,NA,1,1,NA,1,1,N,1,1,NA,NA,NA,NA,NA,NA,NA,NA,NA,ARFR4-SOS-NM930N-66-11,#F46D43,-107.2045028,36.76818611,10 - 15 Deg. F. / 3 - 6,,10 - 15 Deg. F.,6-Mar,10 - 15 Deg. F. / 3 - 6,10 - 15 / semi-humid,NM.1,#66e566,"semi-humid, cool",#F46D43,C,NA,NA
ARFR-AZ930-423-NAVAJO-18,black,3,10,34,NA,527,1,1,0,NA,1,1,NA,1,1,NA,1,1,NA,1,1,N,1,1,NA,NA,NA,NA,NA,NA,NA,NA,NA,ARFR4-SOS-AZ930-423-NAVAJO-18,#9E0142,-110.431,36.45877,15 - 20 Deg. F. / 6 - 12,SdZones downloaded 20230823,15 - 20 Deg. F.,12-Jun,15 - 20 Deg. F. / 6 - 12,15 - 20 / semi-arid,AZ.1,#ee5c42,"semi-arid, warm",#9E0142,A,NA,NA
ARFR-WY930-44-LASANIMAS-13,black,3,10,35,196,528,1,1,0,NA,1,0,NA,1,1,NA,1,1,NA,1,1,N,1,1,NA,NA,NA,NA,NA,NA,NA,NA,NA,ARFR4-SOS-WY930-44-LASANIMAS-13,#FDAE61,-104.6423889,37.16547222,15 - 20 Deg. F. / 3 - 6,,15 - 20 Deg. F.,6-Mar,15 - 20 Deg. F. / 3 - 6,15 - 20 / semi-humid,CO.1,#698b69,"semi-humid, warm",#FDAE61,D,NA,NA
ARFR-CO932-314-JEFFERSON-12,black,3,10,36,NA,529,1,1,0,NA,1,1,NA,1,1,NA,1,1,NA,1,1,N,1,1,NA,NA,NA,NA,NA,NA,NA,NA,NA,ARFR4-SOS-CO932-314-JEFFERSON-12,#FEE08B,-105.3553333,39.40902778,10 - 15 Deg. F. / 3 - 6,,10 - 15 Deg. F.,6-Mar,10 - 15 Deg. F. / 3 - 6,10 - 15 / semi-humid,CO.2,#66e566,"semi-humid, cool",#FEE08B,E,NA,NA
ARFR-WY930-44-LASANIMAS-13,black,3,10,37,NA,530,1,1,0,NA,0,NA,NA,0,NA,NA,0,NA,NA,1,1,N,1,1,NA,NA,NA,NA,NA,NA,Y,Y,Harvested,ARFR4-SOS-WY930-44-LASANIMAS-13,#FDAE61,-104.6423889,37.16547222,15 - 20 Deg. F. / 3 - 6,,15 - 20 Deg. F.,6-Mar,15 - 20 Deg. F. / 3 - 6,15 - 20 / semi-humid,CO.1,#698b69,"semi-humid, warm",#FDAE61,D,NA,Y
ARFR-WY930-44-LASANIMAS-13,black,3,10,38,NA,531,1,1,NA,NA,1,0,NA,1,0,NA,1,0,NA,1,1,N,1,1,NA,NA,NA,NA,NA,NA,NA,NA,NA,ARFR4-SOS-WY930-44-LASANIMAS-13,#FDAE61,-104.6423889,37.16547222,15 - 20 Deg. F. / 3 - 6,,15 - 20 Deg. F.,6-Mar,15 - 20 Deg. F. / 3 - 6,15 - 20 / semi-humid,CO.1,#698b69,"semi-humid, warm",#FDAE61,D,NA,NA
ARFR-CO932-294-11,black,3,10,39,NA,532,1,1,0,NA,1,0,NA,1,0,NA,1,0,NA,1,1,N,1,1,NA,NA,NA,NA,NA,NA,NA,NA,NA,ARFR4-SOS-CO932-294-11,#ABDDA4,-105.2030833,39.78458333,15 - 20 Deg. F. / 3 - 6,,15 - 20 Deg. F.,6-Mar,15 - 20 Deg. F. / 3 - 6,15 - 20 / semi-humid,CO.4,#698b69,"semi-humid, warm",#ABDDA4,H,NA,NA
ARFR-NM930N-66-11,black,3,10,40,197,533,1,1,1,NA,1,1,NA,1,1,NA,1,1,NA,1,1,N,1,1,NA,NA,NA,NA,NA,NA,NA,NA,NA,ARFR4-SOS-NM930N-66-11,#F46D43,-107.2045028,36.76818611,10 - 15 Deg. F. / 3 - 6,,10 - 15 Deg. F.,6-Mar,10 - 15 Deg. F. / 3 - 6,10 - 15 / semi-humid,NM.1,#66e566,"semi-humid, cool",#F46D43,C,NA,NA
ARFR-WY930-44-LASANIMAS-13,black,3,10,41,NA,534,1,1,0,NA,1,0,NA,1,0,NA,1,0,NA,1,0,N,1,0,NA,NA,NA,NA,NA,NA,NA,NA,NA,ARFR4-SOS-WY930-44-LASANIMAS-13,#FDAE61,-104.6423889,37.16547222,15 - 20 Deg. F. / 3 - 6,,15 - 20 Deg. F.,6-Mar,15 - 20 Deg. F. / 3 - 6,15 - 20 / semi-humid,CO.1,#698b69,"semi-humid, warm",#FDAE61,D,NA,NA
ARFR-CO932-294-11,black,3,10,42,NA,535,1,1,0,NA,1,0,NA,1,0,NA,1,0,NA,1,1,N,1,1,NA,NA,NA,NA,NA,NA,NA,NA,NA,ARFR4-SOS-CO932-294-11,#ABDDA4,-105.2030833,39.78458333,15 - 20 Deg. F. / 3 - 6,,15 - 20 Deg. F.,6-Mar,15 - 20 Deg. F. / 3 - 6,15 - 20 / semi-humid,CO.4,#698b69,"semi-humid, warm",#ABDDA4,H,NA,NA
ARFR-WY040-71-10,black,3,10,43,NA,536,1,1,1,NA,1,1,NA,1,1,NA,1,1,NA,1,1,N,1,1,NA,NA,NA,NA,NA,NA,NA,NA,NA,ARFR4-SOS-WY040-71-10,#66C2A5,-109.2433156,41.13271889,5 - 10 Deg. F. / 3 - 6,,5 - 10 Deg. F.,6-Mar,5 - 10 Deg. F. / 3 - 6,5 - 10 / semi-humid,WY.1,#a5c2f1,"semi-humid, cold",#66C2A5,I,NA,NA
ARFR-WY040-71-10,black,3,10,44,NA,537,1,1,0,NA,1,0,NA,1,0,NA,1,1,NA,1,1,N,1,1,NA,NA,NA,NA,NA,NA,NA,NA,NA,ARFR4-SOS-WY040-71-10,#66C2A5,-109.2433156,41.13271889,5 - 10 Deg. F. / 3 - 6,,5 - 10 Deg. F.,6-Mar,5 - 10 Deg. F. / 3 - 6,5 - 10 / semi-humid,WY.1,#a5c2f1,"semi-humid, cold",#66C2A5,I,NA,NA
ARFR-CO932-314-JEFFERSON-12,black,3,10,45,198,538,1,1,0,NA,1,1,NA,1,1,NA,1,1,NA,1,1,N,1,1,NA,NA,NA,NA,NA,NA,NA,NA,NA,ARFR4-SOS-CO932-314-JEFFERSON-12,#FEE08B,-105.3553333,39.40902778,10 - 15 Deg. F. / 3 - 6,,10 - 15 Deg. F.,6-Mar,10 - 15 Deg. F. / 3 - 6,10 - 15 / semi-humid,CO.2,#66e566,"semi-humid, cool",#FEE08B,E,NA,NA
ARFR-CO932-316-JEFFERSON-12,black,3,10,46,NA,539,1,1,0,NA,1,1,NA,1,1,NA,1,1,NA,1,1,N,1,1,NA,NA,NA,NA,NA,NA,NA,NA,NA,ARFR4-SOS-CO932-316-JEFFERSON-12,#FFFF85,-105.358,39.66325,15 - 20 Deg. F. / 3 - 6,,15 - 20 Deg. F.,6-Mar,15 - 20 Deg. F. / 3 - 6,15 - 20 / semi-humid,CO.3,#698b69,"semi-humid, warm",#FFFF85,F,NA,NA
ARFR-CO932-294-11,black,3,10,47,NA,540,1,1,0,NA,1,0,NA,1,0,NA,1,0,NA,1,1,N,1,1,NA,NA,NA,NA,NA,NA,NA,NA,NA,ARFR4-SOS-CO932-294-11,#ABDDA4,-105.2030833,39.78458333,15 - 20 Deg. F. / 3 - 6,,15 - 20 Deg. F.,6-Mar,15 - 20 Deg. F. / 3 - 6,15 - 20 / semi-humid,CO.4,#698b69,"semi-humid, warm",#ABDDA4,H,NA,NA
ARFR-WY050-151-FREMONT-16,black,3,10,48,NA,541,1,1,0,NA,1,1,NA,1,1,NA,1,1,NA,1,1,N,1,1,NA,NA,NA,NA,NA,NA,NA,NA,NA,ARFR4-SOS-WY050-151-FREMONT-16,#3288BD,-108.1704472,42.47886111,10 - 15 Deg. F. / 6 - 12,,10 - 15 Deg. F.,12-Jun,10 - 15 Deg. F. / 6 - 12,10 - 15 / semi-arid,WY.2,#cd8500,"semi-arid, cool",#3288BD,J,NA,NA
ARFR-WY050-49-FREMONT-12,black,3,10,49,NA,542,1,1,0,NA,1,0,NA,1,0,NA,1,0,NA,1,1,N,1,1,NA,NA,NA,NA,NA,NA,NA,NA,NA,ARFR4-SOS-WY050-49-FREMONT-12,#5E4FA2,-109.34775,43.42663611,5 - 10 Deg. F. / 6 - 12,,5 - 10 Deg. F.,12-Jun,5 - 10 Deg. F. / 6 - 12,5 - 10 / semi-arid,WY.3,#ffb90f,"semi-arid, cold",#5E4FA2,K,NA,NA
ARFR-AZ930-422-NAVAJO-18,black,3,10,50,199,543,1,1,0,NA,1,1,NA,1,1,NA,1,1,NA,1,1,N,1,1,NA,NA,NA,NA,NA,NA,NA,NA,NA,ARFR4-SOS-AZ930-422-NAVAJO-18,#D53E4F,-110.431,36.56805,15 - 20 Deg. F. / 6 - 12,Lats corrected 20230127,15 - 20 Deg. F.,12-Jun,15 - 20 Deg. F. / 6 - 12,15 - 20 / semi-arid,AZ.2,#ee5c42,"semi-arid, warm",#D53E4F,B,NA,NA
ARFR-WY040-71-10,black,3,10,51,NA,544,1,0,NA,NA,0,NA,NA,0,NA,NA,0,1,NA,1,1,N,1,1,NA,NA,NA,NA,NA,NA,Y,Y,Harvested,ARFR4-SOS-WY040-71-10,#66C2A5,-109.2433156,41.13271889,5 - 10 Deg. F. / 3 - 6,,5 - 10 Deg. F.,6-Mar,5 - 10 Deg. F. / 3 - 6,5 - 10 / semi-humid,WY.1,#a5c2f1,"semi-humid, cold",#66C2A5,I,NA,Y
ARFR-WY050-49-FREMONT-12,black,3,10,52,NA,545,1,1,0,NA,1,0,NA,1,0,NA,1,1,NA,1,1,N,1,1,NA,NA,NA,NA,NA,NA,NA,NA,NA,ARFR4-SOS-WY050-49-FREMONT-12,#5E4FA2,-109.34775,43.42663611,5 - 10 Deg. F. / 6 - 12,,5 - 10 Deg. F.,12-Jun,5 - 10 Deg. F. / 6 - 12,5 - 10 / semi-arid,WY.3,#ffb90f,"semi-arid, cold",#5E4FA2,K,NA,NA
ARFR-WY050-49-FREMONT-12,black,3,10,53,NA,546,1,1,0,NA,1,0,NA,1,0,NA,1,1,NA,1,1,N,1,1,NA,NA,NA,NA,NA,NA,NA,NA,NA,ARFR4-SOS-WY050-49-FREMONT-12,#5E4FA2,-109.34775,43.42663611,5 - 10 Deg. F. / 6 - 12,,5 - 10 Deg. F.,12-Jun,5 - 10 Deg. F. / 6 - 12,5 - 10 / semi-arid,WY.3,#ffb90f,"semi-arid, cold",#5E4FA2,K,NA,NA
ARFR-WY930-44-LASANIMAS-13,black,3,10,54,NA,547,1,1,0,NA,1,0,NA,1,0,NA,1,1,NA,1,1,N,1,1,NA,NA,NA,NA,NA,NA,NA,NA,NA,ARFR4-SOS-WY930-44-LASANIMAS-13,#FDAE61,-104.6423889,37.16547222,15 - 20 Deg. F. / 3 - 6,,15 - 20 Deg. F.,6-Mar,15 - 20 Deg. F. / 3 - 6,15 - 20 / semi-humid,CO.1,#698b69,"semi-humid, warm",#FDAE61,D,NA,NA
ARFR-UT080-109-UINTAH-12,black,3,10,55,200,548,1,1,0,NA,1,1,NA,1,1,NA,1,1,NA,1,1,N,1,1,NA,NA,NA,NA,NA,NA,NA,NA,NA,ARFR4-SOS-UT080-109-UINTAH-12,#aabe7f,-109.1426444,39.70802222,10 - 15 Deg. F. / 3 - 6,,10 - 15 Deg. F.,6-Mar,10 - 15 Deg. F. / 3 - 6,10 - 15 / semi-humid,UT.1,#66e566,"semi-humid, cool",#aabe7f,G,NA,NA
ARFR-WY050-49-FREMONT-12,black,3,11,1,201,549,1,1,0,NA,1,0,NA,1,1,NA,1,1,NA,1,1,N,1,1,NA,NA,NA,NA,NA,NA,NA,NA,NA,ARFR4-SOS-WY050-49-FREMONT-12,#5E4FA2,-109.34775,43.42663611,5 - 10 Deg. F. / 6 - 12,,5 - 10 Deg. F.,12-Jun,5 - 10 Deg. F. / 6 - 12,5 - 10 / semi-arid,WY.3,#ffb90f,"semi-arid, cold",#5E4FA2,K,NA,NA
ARFR-NM930N-66-11,black,3,11,2,NA,550,1,1,0,NA,1,1,NA,1,0,NA,1,0,NA,1,1,N,1,1,NA,NA,NA,NA,NA,NA,NA,NA,NA,ARFR4-SOS-NM930N-66-11,#F46D43,-107.2045028,36.76818611,10 - 15 Deg. F. / 3 - 6,,10 - 15 Deg. F.,6-Mar,10 - 15 Deg. F. / 3 - 6,10 - 15 / semi-humid,NM.1,#66e566,"semi-humid, cool",#F46D43,C,NA,NA
ARFR-CO932-294-11,black,3,11,3,NA,551,1,1,0,NA,1,1,NA,1,0,NA,1,0,NA,1,0,N,1,0,NA,NA,NA,NA,NA,Y,NA,NA,NA,ARFR4-SOS-CO932-294-11,#ABDDA4,-105.2030833,39.78458333,15 - 20 Deg. F. / 3 - 6,,15 - 20 Deg. F.,6-Mar,15 - 20 Deg. F. / 3 - 6,15 - 20 / semi-humid,CO.4,#698b69,"semi-humid, warm",#ABDDA4,H,NA,NA
ARFR-WY050-49-FREMONT-12,black,3,11,4,NA,552,1,1,0,NA,1,0,NA,1,0,NA,1,1,NA,1,1,N,1,1,NA,NA,NA,NA,NA,NA,NA,NA,NA,ARFR4-SOS-WY050-49-FREMONT-12,#5E4FA2,-109.34775,43.42663611,5 - 10 Deg. F. / 6 - 12,,5 - 10 Deg. F.,12-Jun,5 - 10 Deg. F. / 6 - 12,5 - 10 / semi-arid,WY.3,#ffb90f,"semi-arid, cold",#5E4FA2,K,NA,NA
ARFR-UT080-109-UINTAH-12,black,3,11,5,202,553,1,1,0,NA,1,0,NA,1,1,NA,1,1,NA,1,1,N,1,1,NA,NA,NA,NA,NA,NA,NA,NA,NA,ARFR4-SOS-UT080-109-UINTAH-12,#aabe7f,-109.1426444,39.70802222,10 - 15 Deg. F. / 3 - 6,,10 - 15 Deg. F.,6-Mar,10 - 15 Deg. F. / 3 - 6,10 - 15 / semi-humid,UT.1,#66e566,"semi-humid, cool",#aabe7f,G,NA,NA
ARFR-CO932-314-JEFFERSON-12,black,3,11,6,NA,554,1,1,0,NA,1,0,NA,1,0,NA,1,1,NA,1,1,N,1,1,NA,NA,NA,NA,NA,NA,NA,NA,NA,ARFR4-SOS-CO932-314-JEFFERSON-12,#FEE08B,-105.3553333,39.40902778,10 - 15 Deg. F. / 3 - 6,,10 - 15 Deg. F.,6-Mar,10 - 15 Deg. F. / 3 - 6,10 - 15 / semi-humid,CO.2,#66e566,"semi-humid, cool",#FEE08B,E,NA,NA
ARFR-CO932-314-JEFFERSON-12,black,3,11,7,NA,555,1,1,0,NA,1,0,NA,1,1,NA,1,1,NA,1,1,N,1,1,NA,NA,NA,NA,NA,NA,NA,NA,NA,ARFR4-SOS-CO932-314-JEFFERSON-12,#FEE08B,-105.3553333,39.40902778,10 - 15 Deg. F. / 3 - 6,,10 - 15 Deg. F.,6-Mar,10 - 15 Deg. F. / 3 - 6,10 - 15 / semi-humid,CO.2,#66e566,"semi-humid, cool",#FEE08B,E,NA,NA
ARFR-CO932-316-JEFFERSON-12,black,3,11,8,NA,556,1,1,0,NA,1,0,NA,1,1,NA,1,1,NA,1,1,N,1,1,NA,NA,NA,NA,NA,NA,NA,NA,NA,ARFR4-SOS-CO932-316-JEFFERSON-12,#FFFF85,-105.358,39.66325,15 - 20 Deg. F. / 3 - 6,,15 - 20 Deg. F.,6-Mar,15 - 20 Deg. F. / 3 - 6,15 - 20 / semi-humid,CO.3,#698b69,"semi-humid, warm",#FFFF85,F,NA,Y
ARFR-WY050-151-FREMONT-16,black,3,11,9,NA,557,1,1,0,NA,1,0,NA,1,0,NA,1,1,NA,1,1,N,1,1,NA,NA,NA,NA,NA,NA,NA,NA,NA,ARFR4-SOS-WY050-151-FREMONT-16,#3288BD,-108.1704472,42.47886111,10 - 15 Deg. F. / 6 - 12,,10 - 15 Deg. F.,12-Jun,10 - 15 Deg. F. / 6 - 12,10 - 15 / semi-arid,WY.2,#cd8500,"semi-arid, cool",#3288BD,J,NA,NA
ARFR-WY050-151-FREMONT-16,black,3,11,10,203,558,1,1,0,NA,1,0,NA,1,0,NA,1,1,NA,1,1,N,1,1,NA,NA,NA,NA,NA,NA,NA,NA,NA,ARFR4-SOS-WY050-151-FREMONT-16,#3288BD,-108.1704472,42.47886111,10 - 15 Deg. F. / 6 - 12,,10 - 15 Deg. F.,12-Jun,10 - 15 Deg. F. / 6 - 12,10 - 15 / semi-arid,WY.2,#cd8500,"semi-arid, cool",#3288BD,J,NA,NA
ARFR-WY050-49-FREMONT-12,black,3,11,11,NA,559,1,1,0,NA,1,0,NA,1,0,NA,1,1,NA,1,1,Y,1,1,NA,NA,NA,NA,NA,NA,NA,NA,NA,ARFR4-SOS-WY050-49-FREMONT-12,#5E4FA2,-109.34775,43.42663611,5 - 10 Deg. F. / 6 - 12,,5 - 10 Deg. F.,12-Jun,5 - 10 Deg. F. / 6 - 12,5 - 10 / semi-arid,WY.3,#ffb90f,"semi-arid, cold",#5E4FA2,K,NA,NA
ARFR-WY040-71-10,black,3,11,12,NA,560,1,1,1,NA,1,1,NA,1,1,NA,1,1,NA,1,1,N,1,1,NA,NA,NA,NA,NA,NA,NA,NA,NA,ARFR4-SOS-WY040-71-10,#66C2A5,-109.2433156,41.13271889,5 - 10 Deg. F. / 3 - 6,,5 - 10 Deg. F.,6-Mar,5 - 10 Deg. F. / 3 - 6,5 - 10 / semi-humid,WY.1,#a5c2f1,"semi-humid, cold",#66C2A5,I,NA,NA
ARFR-UT080-109-UINTAH-12,black,3,11,13,NA,561,1,1,0,NA,1,0,NA,1,0,NA,1,1,NA,1,1,N,1,1,NA,NA,NA,NA,NA,NA,NA,NA,NA,ARFR4-SOS-UT080-109-UINTAH-12,#aabe7f,-109.1426444,39.70802222,10 - 15 Deg. F. / 3 - 6,,10 - 15 Deg. F.,6-Mar,10 - 15 Deg. F. / 3 - 6,10 - 15 / semi-humid,UT.1,#66e566,"semi-humid, cool",#aabe7f,G,NA,NA
ARFR-WY050-151-FREMONT-16,black,3,11,14,NA,562,1,1,0,NA,1,0,NA,1,0,NA,1,0,NA,1,1,N,1,1,NA,NA,NA,NA,NA,NA,NA,NA,NA,ARFR4-SOS-WY050-151-FREMONT-16,#3288BD,-108.1704472,42.47886111,10 - 15 Deg. F. / 6 - 12,,10 - 15 Deg. F.,12-Jun,10 - 15 Deg. F. / 6 - 12,10 - 15 / semi-arid,WY.2,#cd8500,"semi-arid, cool",#3288BD,J,NA,NA
ARFR-WY930-44-LASANIMAS-13,black,3,11,15,204,563,1,1,0,NA,1,0,NA,1,0,NA,1,1,NA,1,1,N,1,1,NA,NA,NA,NA,NA,NA,NA,NA,NA,ARFR4-SOS-WY930-44-LASANIMAS-13,#FDAE61,-104.6423889,37.16547222,15 - 20 Deg. F. / 3 - 6,,15 - 20 Deg. F.,6-Mar,15 - 20 Deg. F. / 3 - 6,15 - 20 / semi-humid,CO.1,#698b69,"semi-humid, warm",#FDAE61,D,NA,NA
ARFR-CO932-316-JEFFERSON-12,black,3,11,16,NA,564,1,1,0,NA,1,0,NA,1,0,NA,1,1,NA,1,1,N,1,1,NA,NA,NA,NA,NA,NA,NA,NA,NA,ARFR4-SOS-CO932-316-JEFFERSON-12,#FFFF85,-105.358,39.66325,15 - 20 Deg. F. / 3 - 6,,15 - 20 Deg. F.,6-Mar,15 - 20 Deg. F. / 3 - 6,15 - 20 / semi-humid,CO.3,#698b69,"semi-humid, warm",#FFFF85,F,NA,NA
ARFR-CO932-316-JEFFERSON-12,black,3,11,17,NA,565,1,1,0,NA,1,0,NA,1,0,NA,1,1,NA,1,1,N,1,1,NA,NA,NA,NA,NA,NA,NA,NA,NA,ARFR4-SOS-CO932-316-JEFFERSON-12,#FFFF85,-105.358,39.66325,15 - 20 Deg. F. / 3 - 6,,15 - 20 Deg. F.,6-Mar,15 - 20 Deg. F. / 3 - 6,15 - 20 / semi-humid,CO.3,#698b69,"semi-humid, warm",#FFFF85,F,NA,NA
ARFR-WY050-49-FREMONT-12,black,3,11,18,NA,566,1,1,0,NA,1,0,NA,1,0,NA,1,1,NA,1,1,N,1,1,NA,NA,NA,NA,NA,NA,NA,NA,NA,ARFR4-SOS-WY050-49-FREMONT-12,#5E4FA2,-109.34775,43.42663611,5 - 10 Deg. F. / 6 - 12,,5 - 10 Deg. F.,12-Jun,5 - 10 Deg. F. / 6 - 12,5 - 10 / semi-arid,WY.3,#ffb90f,"semi-arid, cold",#5E4FA2,K,NA,NA
ARFR-AZ930-423-NAVAJO-18,black,3,11,19,NA,567,1,1,0,NA,1,0,NA,1,0,NA,1,1,NA,1,1,N,1,1,NA,NA,NA,NA,NA,NA,NA,NA,NA,ARFR4-SOS-AZ930-423-NAVAJO-18,#9E0142,-110.431,36.45877,15 - 20 Deg. F. / 6 - 12,SdZones downloaded 20230823,15 - 20 Deg. F.,12-Jun,15 - 20 Deg. F. / 6 - 12,15 - 20 / semi-arid,AZ.1,#ee5c42,"semi-arid, warm",#9E0142,A,NA,NA
ARFR-UT080-109-UINTAH-12,black,3,11,20,205,568,1,1,0,NA,1,1,NA,1,1,NA,1,1,NA,1,1,N,1,1,NA,NA,NA,NA,NA,NA,NA,NA,NA,ARFR4-SOS-UT080-109-UINTAH-12,#aabe7f,-109.1426444,39.70802222,10 - 15 Deg. F. / 3 - 6,,10 - 15 Deg. F.,6-Mar,10 - 15 Deg. F. / 3 - 6,10 - 15 / semi-humid,UT.1,#66e566,"semi-humid, cool",#aabe7f,G,NA,NA
ARFR-AZ930-423-NAVAJO-18,black,3,11,21,NA,569,1,1,0,NA,1,0,NA,1,0,NA,1,1,NA,1,1,N,1,1,NA,NA,NA,NA,NA,NA,NA,NA,NA,ARFR4-SOS-AZ930-423-NAVAJO-18,#9E0142,-110.431,36.45877,15 - 20 Deg. F. / 6 - 12,SdZones downloaded 20230823,15 - 20 Deg. F.,12-Jun,15 - 20 Deg. F. / 6 - 12,15 - 20 / semi-arid,AZ.1,#ee5c42,"semi-arid, warm",#9E0142,A,NA,NA
ARFR-NM930N-66-11,black,3,11,22,NA,570,1,1,0,NA,1,0,NA,1,0,NA,1,1,NA,1,1,N,1,1,NA,NA,NA,NA,NA,NA,NA,NA,NA,ARFR4-SOS-NM930N-66-11,#F46D43,-107.2045028,36.76818611,10 - 15 Deg. F. / 3 - 6,,10 - 15 Deg. F.,6-Mar,10 - 15 Deg. F. / 3 - 6,10 - 15 / semi-humid,NM.1,#66e566,"semi-humid, cool",#F46D43,C,NA,NA
ARFR-CO932-316-JEFFERSON-12,black,3,11,23,NA,571,1,1,0,NA,1,0,NA,1,1,NA,1,1,NA,1,1,N,1,1,NA,NA,NA,NA,NA,NA,NA,NA,NA,ARFR4-SOS-CO932-316-JEFFERSON-12,#FFFF85,-105.358,39.66325,15 - 20 Deg. F. / 3 - 6,,15 - 20 Deg. F.,6-Mar,15 - 20 Deg. F. / 3 - 6,15 - 20 / semi-humid,CO.3,#698b69,"semi-humid, warm",#FFFF85,F,NA,NA
ARFR-WY050-49-FREMONT-12,black,3,11,24,NA,572,1,1,0,NA,1,0,NA,1,0,NA,1,0,NA,1,1,Y,1,1,NA,NA,NA,NA,NA,NA,NA,NA,NA,ARFR4-SOS-WY050-49-FREMONT-12,#5E4FA2,-109.34775,43.42663611,5 - 10 Deg. F. / 6 - 12,,5 - 10 Deg. F.,12-Jun,5 - 10 Deg. F. / 6 - 12,5 - 10 / semi-arid,WY.3,#ffb90f,"semi-arid, cold",#5E4FA2,K,NA,NA
ARFR-WY930-44-LASANIMAS-13,black,3,11,25,206,573,1,1,0,NA,1,0,NA,1,1,NA,1,1,NA,1,1,N,1,1,NA,NA,NA,NA,NA,NA,NA,NA,NA,ARFR4-SOS-WY930-44-LASANIMAS-13,#FDAE61,-104.6423889,37.16547222,15 - 20 Deg. F. / 3 - 6,,15 - 20 Deg. F.,6-Mar,15 - 20 Deg. F. / 3 - 6,15 - 20 / semi-humid,CO.1,#698b69,"semi-humid, warm",#FDAE61,D,NA,NA
ARFR-WY050-49-FREMONT-12,black,3,11,26,NA,574,1,1,0,NA,1,1,NA,1,0,NA,1,1,NA,1,1,N,1,1,NA,NA,NA,NA,NA,NA,NA,NA,NA,ARFR4-SOS-WY050-49-FREMONT-12,#5E4FA2,-109.34775,43.42663611,5 - 10 Deg. F. / 6 - 12,,5 - 10 Deg. F.,12-Jun,5 - 10 Deg. F. / 6 - 12,5 - 10 / semi-arid,WY.3,#ffb90f,"semi-arid, cold",#5E4FA2,K,NA,NA
ARFR-WY040-71-10,black,3,11,27,NA,575,1,1,1,NA,1,1,NA,1,1,NA,1,1,NA,1,1,Y,1,1,NA,NA,NA,NA,NA,NA,NA,NA,NA,ARFR4-SOS-WY040-71-10,#66C2A5,-109.2433156,41.13271889,5 - 10 Deg. F. / 3 - 6,,5 - 10 Deg. F.,6-Mar,5 - 10 Deg. F. / 3 - 6,5 - 10 / semi-humid,WY.1,#a5c2f1,"semi-humid, cold",#66C2A5,I,NA,NA
ARFR-CO932-316-JEFFERSON-12,black,3,11,28,NA,576,1,1,0,NA,1,0,NA,1,0,NA,1,0,NA,1,1,N,1,1,NA,NA,NA,NA,NA,NA,NA,NA,NA,ARFR4-SOS-CO932-316-JEFFERSON-12,#FFFF85,-105.358,39.66325,15 - 20 Deg. F. / 3 - 6,,15 - 20 Deg. F.,6-Mar,15 - 20 Deg. F. / 3 - 6,15 - 20 / semi-humid,CO.3,#698b69,"semi-humid, warm",#FFFF85,F,NA,NA
ARFR-CO932-294-11,black,3,11,29,NA,577,1,1,0,NA,1,0,NA,1,0,NA,1,0,NA,1,1,N,1,1,NA,NA,NA,NA,NA,NA,NA,NA,NA,ARFR4-SOS-CO932-294-11,#ABDDA4,-105.2030833,39.78458333,15 - 20 Deg. F. / 3 - 6,,15 - 20 Deg. F.,6-Mar,15 - 20 Deg. F. / 3 - 6,15 - 20 / semi-humid,CO.4,#698b69,"semi-humid, warm",#ABDDA4,H,NA,NA
ARFR-CO932-314-JEFFERSON-12,black,3,11,30,207,578,1,1,0,NA,1,0,NA,1,0,NA,1,0,NA,1,1,N,1,1,NA,NA,NA,NA,NA,NA,NA,NA,NA,ARFR4-SOS-CO932-314-JEFFERSON-12,#FEE08B,-105.3553333,39.40902778,10 - 15 Deg. F. / 3 - 6,,10 - 15 Deg. F.,6-Mar,10 - 15 Deg. F. / 3 - 6,10 - 15 / semi-humid,CO.2,#66e566,"semi-humid, cool",#FEE08B,E,NA,NA
ARFR-AZ930-423-NAVAJO-18,black,3,11,31,NA,579,1,1,0,NA,1,0,NA,1,0,NA,1,0,NA,1,1,N,1,1,NA,NA,NA,NA,NA,NA,NA,NA,NA,ARFR4-SOS-AZ930-423-NAVAJO-18,#9E0142,-110.431,36.45877,15 - 20 Deg. F. / 6 - 12,SdZones downloaded 20230823,15 - 20 Deg. F.,12-Jun,15 - 20 Deg. F. / 6 - 12,15 - 20 / semi-arid,AZ.1,#ee5c42,"semi-arid, warm",#9E0142,A,NA,NA
ARFR-AZ930-422-NAVAJO-18,black,3,11,32,NA,580,1,1,0,NA,1,0,NA,1,0,NA,1,0,NA,1,1,N,1,1,NA,NA,NA,NA,NA,NA,NA,NA,NA,ARFR4-SOS-AZ930-422-NAVAJO-18,#D53E4F,-110.431,36.56805,15 - 20 Deg. F. / 6 - 12,Lats corrected 20230127,15 - 20 Deg. F.,12-Jun,15 - 20 Deg. F. / 6 - 12,15 - 20 / semi-arid,AZ.2,#ee5c42,"semi-arid, warm",#D53E4F,B,NA,NA
ARFR-UT080-109-UINTAH-12,black,3,11,33,NA,581,1,1,0,NA,1,0,NA,1,1,NA,1,1,NA,1,1,N,1,1,NA,NA,NA,NA,NA,NA,NA,NA,NA,ARFR4-SOS-UT080-109-UINTAH-12,#aabe7f,-109.1426444,39.70802222,10 - 15 Deg. F. / 3 - 6,,10 - 15 Deg. F.,6-Mar,10 - 15 Deg. F. / 3 - 6,10 - 15 / semi-humid,UT.1,#66e566,"semi-humid, cool",#aabe7f,G,NA,NA
ARFR-CO932-316-JEFFERSON-12,black,3,11,34,NA,582,1,1,0,NA,1,0,NA,1,0,NA,1,0,NA,1,1,N,1,1,NA,NA,NA,NA,NA,NA,NA,NA,NA,ARFR4-SOS-CO932-316-JEFFERSON-12,#FFFF85,-105.358,39.66325,15 - 20 Deg. F. / 3 - 6,,15 - 20 Deg. F.,6-Mar,15 - 20 Deg. F. / 3 - 6,15 - 20 / semi-humid,CO.3,#698b69,"semi-humid, warm",#FFFF85,F,NA,NA
ARFR-WY040-71-10,black,3,11,35,208,583,1,1,1,NA,1,1,NA,1,1,NA,1,1,NA,1,1,N,1,1,NA,NA,NA,NA,NA,NA,NA,NA,NA,ARFR4-SOS-WY040-71-10,#66C2A5,-109.2433156,41.13271889,5 - 10 Deg. F. / 3 - 6,,5 - 10 Deg. F.,6-Mar,5 - 10 Deg. F. / 3 - 6,5 - 10 / semi-humid,WY.1,#a5c2f1,"semi-humid, cold",#66C2A5,I,NA,NA
ARFR-CO932-316-JEFFERSON-12,black,3,11,36,NA,584,1,1,0,NA,1,0,NA,1,1,NA,1,1,NA,1,1,N,1,1,NA,NA,NA,NA,NA,NA,NA,NA,NA,ARFR4-SOS-CO932-316-JEFFERSON-12,#FFFF85,-105.358,39.66325,15 - 20 Deg. F. / 3 - 6,,15 - 20 Deg. F.,6-Mar,15 - 20 Deg. F. / 3 - 6,15 - 20 / semi-humid,CO.3,#698b69,"semi-humid, warm",#FFFF85,F,NA,NA
ARFR-UT080-109-UINTAH-12,black,3,11,37,NA,585,1,1,0,NA,1,0,NA,1,0,NA,1,0,NA,1,1,N,1,1,NA,NA,NA,NA,NA,NA,NA,NA,NA,ARFR4-SOS-UT080-109-UINTAH-12,#aabe7f,-109.1426444,39.70802222,10 - 15 Deg. F. / 3 - 6,,10 - 15 Deg. F.,6-Mar,10 - 15 Deg. F. / 3 - 6,10 - 15 / semi-humid,UT.1,#66e566,"semi-humid, cool",#aabe7f,G,NA,NA
ARFR-AZ930-423-NAVAJO-18,black,3,11,38,NA,586,1,1,0,NA,1,0,NA,1,0,NA,1,0,NA,1,1,N,1,1,NA,NA,NA,NA,NA,NA,NA,NA,NA,ARFR4-SOS-AZ930-423-NAVAJO-18,#9E0142,-110.431,36.45877,15 - 20 Deg. F. / 6 - 12,SdZones downloaded 20230823,15 - 20 Deg. F.,12-Jun,15 - 20 Deg. F. / 6 - 12,15 - 20 / semi-arid,AZ.1,#ee5c42,"semi-arid, warm",#9E0142,A,NA,NA
ARFR-CO932-314-JEFFERSON-12,black,3,11,39,NA,587,1,1,0,NA,1,0,NA,1,0,NA,1,1,NA,1,1,N,1,1,NA,NA,NA,NA,NA,NA,NA,NA,NA,ARFR4-SOS-CO932-314-JEFFERSON-12,#FEE08B,-105.3553333,39.40902778,10 - 15 Deg. F. / 3 - 6,,10 - 15 Deg. F.,6-Mar,10 - 15 Deg. F. / 3 - 6,10 - 15 / semi-humid,CO.2,#66e566,"semi-humid, cool",#FEE08B,E,NA,NA
ARFR-NM930N-66-11,black,3,11,40,209,588,1,1,0,NA,1,0,NA,1,0,NA,1,1,NA,1,1,N,1,1,NA,NA,NA,NA,NA,NA,NA,NA,NA,ARFR4-SOS-NM930N-66-11,#F46D43,-107.2045028,36.76818611,10 - 15 Deg. F. / 3 - 6,,10 - 15 Deg. F.,6-Mar,10 - 15 Deg. F. / 3 - 6,10 - 15 / semi-humid,NM.1,#66e566,"semi-humid, cool",#F46D43,C,NA,NA
ARFR-AZ930-422-NAVAJO-18,black,3,11,41,NA,589,1,1,0,NA,1,0,NA,1,0,NA,1,1,NA,1,1,N,1,1,NA,NA,NA,NA,NA,NA,NA,NA,NA,ARFR4-SOS-AZ930-422-NAVAJO-18,#D53E4F,-110.431,36.56805,15 - 20 Deg. F. / 6 - 12,Lats corrected 20230127,15 - 20 Deg. F.,12-Jun,15 - 20 Deg. F. / 6 - 12,15 - 20 / semi-arid,AZ.2,#ee5c42,"semi-arid, warm",#D53E4F,B,NA,NA
ARFR-AZ930-422-NAVAJO-18,black,3,11,42,NA,590,1,1,0,NA,1,0,NA,1,1,NA,1,1,NA,1,1,N,1,1,NA,NA,NA,NA,NA,NA,NA,NA,NA,ARFR4-SOS-AZ930-422-NAVAJO-18,#D53E4F,-110.431,36.56805,15 - 20 Deg. F. / 6 - 12,Lats corrected 20230127,15 - 20 Deg. F.,12-Jun,15 - 20 Deg. F. / 6 - 12,15 - 20 / semi-arid,AZ.2,#ee5c42,"semi-arid, warm",#D53E4F,B,NA,NA
ARFR-WY930-44-LASANIMAS-13,black,3,11,43,NA,591,1,1,0,NA,1,0,NA,1,0,NA,1,0,NA,1,0,N,1,0,NA,NA,NA,NA,NA,NA,NA,NA,NA,ARFR4-SOS-WY930-44-LASANIMAS-13,#FDAE61,-104.6423889,37.16547222,15 - 20 Deg. F. / 3 - 6,,15 - 20 Deg. F.,6-Mar,15 - 20 Deg. F. / 3 - 6,15 - 20 / semi-humid,CO.1,#698b69,"semi-humid, warm",#FDAE61,D,NA,NA
ARFR-NM930N-66-11,black,3,11,44,NA,592,1,1,0,NA,1,1,NA,1,1,NA,1,1,NA,1,1,Y,1,1,NA,NA,NA,NA,NA,NA,NA,NA,NA,ARFR4-SOS-NM930N-66-11,#F46D43,-107.2045028,36.76818611,10 - 15 Deg. F. / 3 - 6,,10 - 15 Deg. F.,6-Mar,10 - 15 Deg. F. / 3 - 6,10 - 15 / semi-humid,NM.1,#66e566,"semi-humid, cool",#F46D43,C,NA,NA
ARFR-CO932-314-JEFFERSON-12,black,3,11,45,210,593,1,1,0,NA,1,0,NA,1,0,NA,1,0,NA,1,1,N,1,1,NA,NA,NA,NA,NA,NA,NA,NA,NA,ARFR4-SOS-CO932-314-JEFFERSON-12,#FEE08B,-105.3553333,39.40902778,10 - 15 Deg. F. / 3 - 6,,10 - 15 Deg. F.,6-Mar,10 - 15 Deg. F. / 3 - 6,10 - 15 / semi-humid,CO.2,#66e566,"semi-humid, cool",#FEE08B,E,NA,NA
ARFR-CO932-294-11,black,3,11,46,NA,594,1,1,0,NA,1,0,NA,1,0,NA,1,0,NA,1,1,N,1,1,NA,NA,NA,NA,NA,NA,NA,NA,NA,ARFR4-SOS-CO932-294-11,#ABDDA4,-105.2030833,39.78458333,15 - 20 Deg. F. / 3 - 6,,15 - 20 Deg. F.,6-Mar,15 - 20 Deg. F. / 3 - 6,15 - 20 / semi-humid,CO.4,#698b69,"semi-humid, warm",#ABDDA4,H,NA,NA
ARFR-NM930N-66-11,black,3,11,47,NA,595,1,1,0,NA,1,1,NA,1,0,NA,1,1,NA,1,1,Y,1,1,NA,NA,NA,NA,NA,NA,NA,NA,NA,ARFR4-SOS-NM930N-66-11,#F46D43,-107.2045028,36.76818611,10 - 15 Deg. F. / 3 - 6,,10 - 15 Deg. F.,6-Mar,10 - 15 Deg. F. / 3 - 6,10 - 15 / semi-humid,NM.1,#66e566,"semi-humid, cool",#F46D43,C,NA,NA
ARFR-CO932-316-JEFFERSON-12,black,3,11,48,NA,596,1,1,0,NA,1,0,NA,1,0,NA,1,0,NA,1,1,N,1,1,NA,NA,NA,NA,NA,NA,NA,NA,NA,ARFR4-SOS-CO932-316-JEFFERSON-12,#FFFF85,-105.358,39.66325,15 - 20 Deg. F. / 3 - 6,,15 - 20 Deg. F.,6-Mar,15 - 20 Deg. F. / 3 - 6,15 - 20 / semi-humid,CO.3,#698b69,"semi-humid, warm",#FFFF85,F,NA,NA
ARFR-AZ930-422-NAVAJO-18,black,3,11,49,NA,597,1,1,0,NA,1,0,NA,1,1,NA,1,1,NA,1,1,N,1,1,NA,NA,NA,NA,NA,NA,NA,NA,NA,ARFR4-SOS-AZ930-422-NAVAJO-18,#D53E4F,-110.431,36.56805,15 - 20 Deg. F. / 6 - 12,Lats corrected 20230127,15 - 20 Deg. F.,12-Jun,15 - 20 Deg. F. / 6 - 12,15 - 20 / semi-arid,AZ.2,#ee5c42,"semi-arid, warm",#D53E4F,B,NA,NA
ARFR-CO932-294-11,black,3,11,50,211,598,1,1,0,NA,1,0,NA,1,0,NA,1,0,NA,1,1,N,1,1,NA,NA,NA,NA,NA,NA,NA,NA,NA,ARFR4-SOS-CO932-294-11,#ABDDA4,-105.2030833,39.78458333,15 - 20 Deg. F. / 3 - 6,,15 - 20 Deg. F.,6-Mar,15 - 20 Deg. F. / 3 - 6,15 - 20 / semi-humid,CO.4,#698b69,"semi-humid, warm",#ABDDA4,H,NA,NA
ARFR-NM930N-66-11,black,3,11,51,NA,599,1,1,1,NA,1,1,NA,1,1,NA,1,1,NA,1,1,N,1,1,NA,NA,NA,NA,NA,NA,NA,NA,NA,ARFR4-SOS-NM930N-66-11,#F46D43,-107.2045028,36.76818611,10 - 15 Deg. F. / 3 - 6,,10 - 15 Deg. F.,6-Mar,10 - 15 Deg. F. / 3 - 6,10 - 15 / semi-humid,NM.1,#66e566,"semi-humid, cool",#F46D43,C,NA,NA
ARFR-WY040-71-10,black,3,11,52,NA,600,1,1,1,NA,1,1,NA,1,1,NA,1,1,NA,1,1,N,1,1,NA,NA,NA,NA,NA,NA,NA,NA,NA,ARFR4-SOS-WY040-71-10,#66C2A5,-109.2433156,41.13271889,5 - 10 Deg. F. / 3 - 6,,5 - 10 Deg. F.,6-Mar,5 - 10 Deg. F. / 3 - 6,5 - 10 / semi-humid,WY.1,#a5c2f1,"semi-humid, cold",#66C2A5,I,NA,NA
ARFR-WY040-71-10,black,3,11,53,NA,601,1,1,1,NA,1,1,NA,1,1,NA,1,1,NA,1,1,N,1,1,NA,NA,NA,NA,NA,NA,NA,NA,NA,ARFR4-SOS-WY040-71-10,#66C2A5,-109.2433156,41.13271889,5 - 10 Deg. F. / 3 - 6,,5 - 10 Deg. F.,6-Mar,5 - 10 Deg. F. / 3 - 6,5 - 10 / semi-humid,WY.1,#a5c2f1,"semi-humid, cold",#66C2A5,I,NA,Y
ARFR-CO932-314-JEFFERSON-12,black,3,11,54,NA,602,1,1,NA,NA,1,NA,NA,1,NA,NA,1,NA,NA,1,1,N,1,1,NA,NA,NA,NA,NA,NA,NA,NA,NA,ARFR4-SOS-CO932-314-JEFFERSON-12,#FEE08B,-105.3553333,39.40902778,10 - 15 Deg. F. / 3 - 6,,10 - 15 Deg. F.,6-Mar,10 - 15 Deg. F. / 3 - 6,10 - 15 / semi-humid,CO.2,#66e566,"semi-humid, cool",#FEE08B,E,NA,NA
ARFR-CO932-294-11,black,3,11,55,212,603,0,1,0,NA,1,0,NA,1,0,NA,1,1,NA,0,0,N,0,NA,NA,NA,NA,NA,NA,Y,Y,NA,NA,ARFR4-SOS-CO932-294-11,#ABDDA4,-105.2030833,39.78458333,15 - 20 Deg. F. / 3 - 6,,15 - 20 Deg. F.,6-Mar,15 - 20 Deg. F. / 3 - 6,15 - 20 / semi-humid,CO.4,#698b69,"semi-humid, warm",#ABDDA4,H,NA,NA
ARFR-UT080-109-UINTAH-12,black,3,12,1,201,604,1,1,0,NA,1,0,NA,1,0,NA,1,1,NA,1,1,N,1,1,NA,NA,NA,NA,NA,NA,NA,NA,NA,ARFR4-SOS-UT080-109-UINTAH-12,#aabe7f,-109.1426444,39.70802222,10 - 15 Deg. F. / 3 - 6,,10 - 15 Deg. F.,6-Mar,10 - 15 Deg. F. / 3 - 6,10 - 15 / semi-humid,UT.1,#66e566,"semi-humid, cool",#aabe7f,G,NA,NA
ARFR-CO932-314-JEFFERSON-12,black,3,12,2,NA,605,1,1,0,NA,1,0,NA,1,0,NA,1,0,NA,1,1,N,1,1,NA,NA,NA,NA,NA,NA,NA,NA,NA,ARFR4-SOS-CO932-314-JEFFERSON-12,#FEE08B,-105.3553333,39.40902778,10 - 15 Deg. F. / 3 - 6,,10 - 15 Deg. F.,6-Mar,10 - 15 Deg. F. / 3 - 6,10 - 15 / semi-humid,CO.2,#66e566,"semi-humid, cool",#FEE08B,E,NA,NA
ARFR-CO932-314-JEFFERSON-12,black,3,12,3,NA,606,1,0,NA,NA,0,NA,NA,0,NA,NA,0,NA,NA,0,NA,N,0,NA,NA,NA,NA,NA,NA,NA,NA,NA,NA,ARFR4-SOS-CO932-314-JEFFERSON-12,#FEE08B,-105.3553333,39.40902778,10 - 15 Deg. F. / 3 - 6,,10 - 15 Deg. F.,6-Mar,10 - 15 Deg. F. / 3 - 6,10 - 15 / semi-humid,CO.2,#66e566,"semi-humid, cool",#FEE08B,E,NA,NA
ARFR-WY930-44-LASANIMAS-13,black,3,12,4,NA,607,1,1,0,NA,1,0,NA,1,1,NA,1,1,NA,1,1,N,1,1,NA,NA,NA,NA,NA,NA,NA,NA,NA,ARFR4-SOS-WY930-44-LASANIMAS-13,#FDAE61,-104.6423889,37.16547222,15 - 20 Deg. F. / 3 - 6,,15 - 20 Deg. F.,6-Mar,15 - 20 Deg. F. / 3 - 6,15 - 20 / semi-humid,CO.1,#698b69,"semi-humid, warm",#FDAE61,D,NA,NA
ARFR-WY050-49-FREMONT-12,black,3,12,5,202,608,1,1,0,NA,1,1,NA,1,1,NA,1,1,NA,1,1,N,1,1,NA,NA,NA,NA,NA,NA,NA,NA,NA,ARFR4-SOS-WY050-49-FREMONT-12,#5E4FA2,-109.34775,43.42663611,5 - 10 Deg. F. / 6 - 12,,5 - 10 Deg. F.,12-Jun,5 - 10 Deg. F. / 6 - 12,5 - 10 / semi-arid,WY.3,#ffb90f,"semi-arid, cold",#5E4FA2,K,NA,NA
ARFR-AZ930-422-NAVAJO-18,black,3,12,6,NA,609,1,1,0,NA,1,0,NA,1,0,NA,1,1,NA,1,1,Y,1,1,NA,NA,NA,NA,NA,NA,NA,NA,NA,ARFR4-SOS-AZ930-422-NAVAJO-18,#D53E4F,-110.431,36.56805,15 - 20 Deg. F. / 6 - 12,Lats corrected 20230127,15 - 20 Deg. F.,12-Jun,15 - 20 Deg. F. / 6 - 12,15 - 20 / semi-arid,AZ.2,#ee5c42,"semi-arid, warm",#D53E4F,B,NA,NA
ARFR-CO932-314-JEFFERSON-12,black,3,12,7,NA,610,1,1,0,NA,1,0,NA,1,0,NA,1,0,NA,1,1,N,1,1,NA,NA,NA,NA,NA,NA,NA,NA,NA,ARFR4-SOS-CO932-314-JEFFERSON-12,#FEE08B,-105.3553333,39.40902778,10 - 15 Deg. F. / 3 - 6,,10 - 15 Deg. F.,6-Mar,10 - 15 Deg. F. / 3 - 6,10 - 15 / semi-humid,CO.2,#66e566,"semi-humid, cool",#FEE08B,E,NA,NA
ARFR-WY050-49-FREMONT-12,black,3,12,8,NA,611,1,1,0,NA,1,0,NA,1,1,NA,1,1,NA,1,1,N,1,1,NA,NA,NA,NA,NA,NA,NA,NA,NA,ARFR4-SOS-WY050-49-FREMONT-12,#5E4FA2,-109.34775,43.42663611,5 - 10 Deg. F. / 6 - 12,,5 - 10 Deg. F.,12-Jun,5 - 10 Deg. F. / 6 - 12,5 - 10 / semi-arid,WY.3,#ffb90f,"semi-arid, cold",#5E4FA2,K,NA,NA
ARFR-NM930N-66-11,black,3,12,9,NA,612,1,1,0,NA,1,1,NA,1,1,NA,1,1,NA,1,1,N,1,1,NA,NA,NA,NA,NA,NA,NA,NA,NA,ARFR4-SOS-NM930N-66-11,#F46D43,-107.2045028,36.76818611,10 - 15 Deg. F. / 3 - 6,,10 - 15 Deg. F.,6-Mar,10 - 15 Deg. F. / 3 - 6,10 - 15 / semi-humid,NM.1,#66e566,"semi-humid, cool",#F46D43,C,NA,NA
ARFR-WY050-49-FREMONT-12,black,3,12,10,203,613,1,1,0,NA,1,0,NA,1,0,NA,1,1,NA,1,1,N,1,1,NA,NA,NA,NA,NA,NA,NA,NA,NA,ARFR4-SOS-WY050-49-FREMONT-12,#5E4FA2,-109.34775,43.42663611,5 - 10 Deg. F. / 6 - 12,,5 - 10 Deg. F.,12-Jun,5 - 10 Deg. F. / 6 - 12,5 - 10 / semi-arid,WY.3,#ffb90f,"semi-arid, cold",#5E4FA2,K,NA,NA
ARFR-WY050-151-FREMONT-16,black,3,12,11,NA,614,1,1,0,NA,1,0,NA,1,0,NA,1,1,NA,1,1,N,1,1,NA,NA,NA,NA,NA,NA,NA,NA,NA,ARFR4-SOS-WY050-151-FREMONT-16,#3288BD,-108.1704472,42.47886111,10 - 15 Deg. F. / 6 - 12,,10 - 15 Deg. F.,12-Jun,10 - 15 Deg. F. / 6 - 12,10 - 15 / semi-arid,WY.2,#cd8500,"semi-arid, cool",#3288BD,J,NA,NA
ARFR-WY040-71-10,black,3,12,12,NA,615,1,1,1,NA,1,1,NA,1,1,NA,1,1,NA,1,1,N,1,1,NA,NA,NA,NA,NA,NA,NA,NA,NA,ARFR4-SOS-WY040-71-10,#66C2A5,-109.2433156,41.13271889,5 - 10 Deg. F. / 3 - 6,,5 - 10 Deg. F.,6-Mar,5 - 10 Deg. F. / 3 - 6,5 - 10 / semi-humid,WY.1,#a5c2f1,"semi-humid, cold",#66C2A5,I,NA,NA
ARFR-WY050-49-FREMONT-12,black,3,12,13,NA,616,1,1,0,NA,1,0,NA,1,0,NA,1,1,NA,1,1,N,1,1,NA,NA,NA,NA,NA,NA,NA,NA,NA,ARFR4-SOS-WY050-49-FREMONT-12,#5E4FA2,-109.34775,43.42663611,5 - 10 Deg. F. / 6 - 12,,5 - 10 Deg. F.,12-Jun,5 - 10 Deg. F. / 6 - 12,5 - 10 / semi-arid,WY.3,#ffb90f,"semi-arid, cold",#5E4FA2,K,NA,Y
ARFR-WY050-151-FREMONT-16,black,3,12,14,NA,617,1,1,1,NA,1,1,NA,1,1,NA,1,1,NA,1,1,N,1,1,NA,NA,NA,NA,NA,NA,NA,NA,NA,ARFR4-SOS-WY050-151-FREMONT-16,#3288BD,-108.1704472,42.47886111,10 - 15 Deg. F. / 6 - 12,,10 - 15 Deg. F.,12-Jun,10 - 15 Deg. F. / 6 - 12,10 - 15 / semi-arid,WY.2,#cd8500,"semi-arid, cool",#3288BD,J,NA,NA
ARFR-WY040-71-10,black,3,12,15,204,618,1,1,0,NA,1,0,NA,1,1,NA,1,1,NA,1,1,N,1,1,NA,NA,NA,NA,NA,NA,NA,NA,NA,ARFR4-SOS-WY040-71-10,#66C2A5,-109.2433156,41.13271889,5 - 10 Deg. F. / 3 - 6,,5 - 10 Deg. F.,6-Mar,5 - 10 Deg. F. / 3 - 6,5 - 10 / semi-humid,WY.1,#a5c2f1,"semi-humid, cold",#66C2A5,I,NA,NA
ARFR-NM930N-66-11,black,3,12,16,NA,619,1,1,0,NA,1,0,NA,1,1,NA,1,1,NA,1,1,N,1,1,NA,NA,NA,NA,NA,NA,NA,NA,NA,ARFR4-SOS-NM930N-66-11,#F46D43,-107.2045028,36.76818611,10 - 15 Deg. F. / 3 - 6,,10 - 15 Deg. F.,6-Mar,10 - 15 Deg. F. / 3 - 6,10 - 15 / semi-humid,NM.1,#66e566,"semi-humid, cool",#F46D43,C,NA,NA
ARFR-AZ930-423-NAVAJO-18,black,3,12,17,NA,620,1,1,0,NA,1,1,NA,1,1,NA,1,1,NA,1,1,N,1,1,NA,NA,NA,NA,NA,NA,NA,NA,NA,ARFR4-SOS-AZ930-423-NAVAJO-18,#9E0142,-110.431,36.45877,15 - 20 Deg. F. / 6 - 12,SdZones downloaded 20230823,15 - 20 Deg. F.,12-Jun,15 - 20 Deg. F. / 6 - 12,15 - 20 / semi-arid,AZ.1,#ee5c42,"semi-arid, warm",#9E0142,A,NA,NA
ARFR-AZ930-423-NAVAJO-18,black,3,12,18,NA,621,1,1,0,NA,1,1,NA,1,0,NA,1,1,NA,1,1,N,1,1,NA,NA,NA,NA,NA,NA,NA,NA,NA,ARFR4-SOS-AZ930-423-NAVAJO-18,#9E0142,-110.431,36.45877,15 - 20 Deg. F. / 6 - 12,SdZones downloaded 20230823,15 - 20 Deg. F.,12-Jun,15 - 20 Deg. F. / 6 - 12,15 - 20 / semi-arid,AZ.1,#ee5c42,"semi-arid, warm",#9E0142,A,NA,NA
ARFR-WY050-151-FREMONT-16,black,3,12,19,NA,622,1,1,0,NA,1,0,NA,1,0,NA,1,0,NA,1,1,N,1,1,NA,NA,NA,NA,NA,NA,NA,NA,NA,ARFR4-SOS-WY050-151-FREMONT-16,#3288BD,-108.1704472,42.47886111,10 - 15 Deg. F. / 6 - 12,,10 - 15 Deg. F.,12-Jun,10 - 15 Deg. F. / 6 - 12,10 - 15 / semi-arid,WY.2,#cd8500,"semi-arid, cool",#3288BD,J,NA,NA
ARFR-AZ930-422-NAVAJO-18,black,3,12,20,205,623,1,1,0,NA,1,0,NA,1,0,NA,1,1,NA,1,1,N,1,1,NA,NA,NA,NA,NA,NA,NA,NA,NA,ARFR4-SOS-AZ930-422-NAVAJO-18,#D53E4F,-110.431,36.56805,15 - 20 Deg. F. / 6 - 12,Lats corrected 20230127,15 - 20 Deg. F.,12-Jun,15 - 20 Deg. F. / 6 - 12,15 - 20 / semi-arid,AZ.2,#ee5c42,"semi-arid, warm",#D53E4F,B,NA,NA
ARFR-CO932-294-11,black,3,12,21,NA,624,1,1,0,NA,1,0,NA,1,0,NA,1,0,NA,1,1,N,1,1,NA,NA,NA,NA,NA,NA,NA,NA,NA,ARFR4-SOS-CO932-294-11,#ABDDA4,-105.2030833,39.78458333,15 - 20 Deg. F. / 3 - 6,,15 - 20 Deg. F.,6-Mar,15 - 20 Deg. F. / 3 - 6,15 - 20 / semi-humid,CO.4,#698b69,"semi-humid, warm",#ABDDA4,H,NA,Y
ARFR-CO932-294-11,black,3,12,22,NA,625,1,1,0,NA,1,1,NA,1,1,NA,1,1,NA,1,1,N,1,1,NA,NA,NA,NA,NA,NA,NA,NA,NA,ARFR4-SOS-CO932-294-11,#ABDDA4,-105.2030833,39.78458333,15 - 20 Deg. F. / 3 - 6,,15 - 20 Deg. F.,6-Mar,15 - 20 Deg. F. / 3 - 6,15 - 20 / semi-humid,CO.4,#698b69,"semi-humid, warm",#ABDDA4,H,NA,NA
ARFR-CO932-314-JEFFERSON-12,black,3,12,23,NA,626,1,1,0,NA,1,1,NA,1,1,NA,1,1,NA,1,1,N,1,1,NA,NA,NA,NA,NA,NA,NA,NA,NA,ARFR4-SOS-CO932-314-JEFFERSON-12,#FEE08B,-105.3553333,39.40902778,10 - 15 Deg. F. / 3 - 6,,10 - 15 Deg. F.,6-Mar,10 - 15 Deg. F. / 3 - 6,10 - 15 / semi-humid,CO.2,#66e566,"semi-humid, cool",#FEE08B,E,NA,NA
ARFR-WY050-151-FREMONT-16,black,3,12,24,NA,627,1,1,0,NA,1,1,NA,1,1,NA,1,1,NA,1,1,N,1,1,NA,NA,NA,NA,NA,NA,NA,NA,NA,ARFR4-SOS-WY050-151-FREMONT-16,#3288BD,-108.1704472,42.47886111,10 - 15 Deg. F. / 6 - 12,,10 - 15 Deg. F.,12-Jun,10 - 15 Deg. F. / 6 - 12,10 - 15 / semi-arid,WY.2,#cd8500,"semi-arid, cool",#3288BD,J,NA,NA
ARFR-WY050-151-FREMONT-16,black,3,12,25,206,628,1,1,0,NA,1,1,NA,1,1,NA,1,1,NA,1,1,N,1,1,NA,NA,NA,NA,NA,NA,NA,NA,NA,ARFR4-SOS-WY050-151-FREMONT-16,#3288BD,-108.1704472,42.47886111,10 - 15 Deg. F. / 6 - 12,,10 - 15 Deg. F.,12-Jun,10 - 15 Deg. F. / 6 - 12,10 - 15 / semi-arid,WY.2,#cd8500,"semi-arid, cool",#3288BD,J,NA,NA
ARFR-WY050-49-FREMONT-12,black,3,12,26,NA,629,1,1,0,NA,1,1,NA,1,1,NA,1,1,NA,1,1,N,1,1,NA,NA,NA,NA,NA,NA,NA,NA,NA,ARFR4-SOS-WY050-49-FREMONT-12,#5E4FA2,-109.34775,43.42663611,5 - 10 Deg. F. / 6 - 12,,5 - 10 Deg. F.,12-Jun,5 - 10 Deg. F. / 6 - 12,5 - 10 / semi-arid,WY.3,#ffb90f,"semi-arid, cold",#5E4FA2,K,NA,NA
ARFR-NM930N-66-11,black,3,12,27,NA,630,1,1,0,NA,1,1,NA,1,1,NA,1,1,NA,1,1,N,1,1,NA,NA,NA,NA,NA,NA,NA,NA,NA,ARFR4-SOS-NM930N-66-11,#F46D43,-107.2045028,36.76818611,10 - 15 Deg. F. / 3 - 6,,10 - 15 Deg. F.,6-Mar,10 - 15 Deg. F. / 3 - 6,10 - 15 / semi-humid,NM.1,#66e566,"semi-humid, cool",#F46D43,C,NA,NA
ARFR-UT080-109-UINTAH-12,black,3,12,28,NA,631,1,1,0,NA,1,0,NA,1,0,NA,1,0,NA,1,1,N,1,1,NA,NA,NA,NA,NA,NA,NA,NA,NA,ARFR4-SOS-UT080-109-UINTAH-12,#aabe7f,-109.1426444,39.70802222,10 - 15 Deg. F. / 3 - 6,,10 - 15 Deg. F.,6-Mar,10 - 15 Deg. F. / 3 - 6,10 - 15 / semi-humid,UT.1,#66e566,"semi-humid, cool",#aabe7f,G,NA,NA
ARFR-CO932-316-JEFFERSON-12,black,3,12,29,NA,632,1,1,0,NA,1,0,NA,1,0,NA,1,0,NA,1,1,N,1,1,NA,NA,NA,NA,NA,NA,NA,NA,NA,ARFR4-SOS-CO932-316-JEFFERSON-12,#FFFF85,-105.358,39.66325,15 - 20 Deg. F. / 3 - 6,,15 - 20 Deg. F.,6-Mar,15 - 20 Deg. F. / 3 - 6,15 - 20 / semi-humid,CO.3,#698b69,"semi-humid, warm",#FFFF85,F,NA,NA
ARFR-CO932-294-11,black,3,12,30,207,633,1,1,0,NA,1,0,NA,1,0,NA,1,0,NA,1,0,N,1,0,NA,NA,NA,NA,NA,NA,NA,NA,NA,ARFR4-SOS-CO932-294-11,#ABDDA4,-105.2030833,39.78458333,15 - 20 Deg. F. / 3 - 6,,15 - 20 Deg. F.,6-Mar,15 - 20 Deg. F. / 3 - 6,15 - 20 / semi-humid,CO.4,#698b69,"semi-humid, warm",#ABDDA4,H,NA,NA
ARFR-WY050-151-FREMONT-16,black,3,12,31,NA,634,1,1,0,NA,1,1,NA,1,1,NA,1,1,NA,1,1,N,1,1,NA,NA,NA,NA,NA,NA,NA,NA,NA,ARFR4-SOS-WY050-151-FREMONT-16,#3288BD,-108.1704472,42.47886111,10 - 15 Deg. F. / 6 - 12,,10 - 15 Deg. F.,12-Jun,10 - 15 Deg. F. / 6 - 12,10 - 15 / semi-arid,WY.2,#cd8500,"semi-arid, cool",#3288BD,J,NA,NA
ARFR-CO932-316-JEFFERSON-12,black,3,12,32,NA,635,1,1,0,NA,1,1,NA,1,1,NA,1,1,NA,1,1,N,1,1,NA,NA,NA,NA,NA,NA,NA,NA,NA,ARFR4-SOS-CO932-316-JEFFERSON-12,#FFFF85,-105.358,39.66325,15 - 20 Deg. F. / 3 - 6,,15 - 20 Deg. F.,6-Mar,15 - 20 Deg. F. / 3 - 6,15 - 20 / semi-humid,CO.3,#698b69,"semi-humid, warm",#FFFF85,F,NA,NA
ARFR-WY050-49-FREMONT-12,black,3,12,33,NA,636,1,1,0,NA,1,0,NA,1,1,NA,1,1,NA,1,1,N,1,1,NA,NA,NA,NA,NA,NA,NA,NA,NA,ARFR4-SOS-WY050-49-FREMONT-12,#5E4FA2,-109.34775,43.42663611,5 - 10 Deg. F. / 6 - 12,,5 - 10 Deg. F.,12-Jun,5 - 10 Deg. F. / 6 - 12,5 - 10 / semi-arid,WY.3,#ffb90f,"semi-arid, cold",#5E4FA2,K,NA,NA
ARFR-WY050-49-FREMONT-12,black,3,12,34,NA,637,1,1,0,NA,1,1,NA,1,1,NA,1,1,NA,1,1,N,1,1,NA,NA,NA,NA,NA,NA,NA,NA,NA,ARFR4-SOS-WY050-49-FREMONT-12,#5E4FA2,-109.34775,43.42663611,5 - 10 Deg. F. / 6 - 12,,5 - 10 Deg. F.,12-Jun,5 - 10 Deg. F. / 6 - 12,5 - 10 / semi-arid,WY.3,#ffb90f,"semi-arid, cold",#5E4FA2,K,NA,NA
ARFR-WY050-49-FREMONT-12,black,3,12,35,208,638,1,1,0,NA,1,0,NA,1,1,NA,1,1,NA,1,1,N,1,1,NA,NA,NA,NA,NA,NA,NA,NA,NA,ARFR4-SOS-WY050-49-FREMONT-12,#5E4FA2,-109.34775,43.42663611,5 - 10 Deg. F. / 6 - 12,,5 - 10 Deg. F.,12-Jun,5 - 10 Deg. F. / 6 - 12,5 - 10 / semi-arid,WY.3,#ffb90f,"semi-arid, cold",#5E4FA2,K,NA,NA
ARFR-WY050-151-FREMONT-16,black,3,12,36,NA,639,1,1,0,NA,1,0,NA,1,0,NA,1,0,NA,1,1,N,1,1,NA,NA,NA,NA,NA,NA,NA,NA,NA,ARFR4-SOS-WY050-151-FREMONT-16,#3288BD,-108.1704472,42.47886111,10 - 15 Deg. F. / 6 - 12,,10 - 15 Deg. F.,12-Jun,10 - 15 Deg. F. / 6 - 12,10 - 15 / semi-arid,WY.2,#cd8500,"semi-arid, cool",#3288BD,J,NA,NA
ARFR-AZ930-422-NAVAJO-18,black,3,12,37,NA,640,1,1,0,NA,1,0,NA,1,0,NA,1,0,NA,1,1,N,1,1,NA,NA,NA,NA,NA,NA,NA,NA,NA,ARFR4-SOS-AZ930-422-NAVAJO-18,#D53E4F,-110.431,36.56805,15 - 20 Deg. F. / 6 - 12,Lats corrected 20230127,15 - 20 Deg. F.,12-Jun,15 - 20 Deg. F. / 6 - 12,15 - 20 / semi-arid,AZ.2,#ee5c42,"semi-arid, warm",#D53E4F,B,NA,NA
ARFR-WY050-151-FREMONT-16,black,3,12,38,NA,641,1,1,0,NA,1,0,NA,1,1,NA,1,1,NA,1,1,N,1,1,NA,NA,NA,NA,NA,NA,NA,NA,NA,ARFR4-SOS-WY050-151-FREMONT-16,#3288BD,-108.1704472,42.47886111,10 - 15 Deg. F. / 6 - 12,,10 - 15 Deg. F.,12-Jun,10 - 15 Deg. F. / 6 - 12,10 - 15 / semi-arid,WY.2,#cd8500,"semi-arid, cool",#3288BD,J,NA,NA
ARFR-WY050-151-FREMONT-16,black,3,12,39,NA,642,1,1,0,NA,1,0,NA,1,0,NA,1,0,NA,1,1,Y,1,1,NA,NA,NA,NA,NA,NA,NA,NA,NA,ARFR4-SOS-WY050-151-FREMONT-16,#3288BD,-108.1704472,42.47886111,10 - 15 Deg. F. / 6 - 12,,10 - 15 Deg. F.,12-Jun,10 - 15 Deg. F. / 6 - 12,10 - 15 / semi-arid,WY.2,#cd8500,"semi-arid, cool",#3288BD,J,NA,NA
ARFR-WY040-71-10,black,3,12,40,209,643,1,1,0,NA,1,1,NA,1,1,NA,1,1,NA,1,1,N,1,1,NA,NA,NA,NA,NA,NA,NA,NA,NA,ARFR4-SOS-WY040-71-10,#66C2A5,-109.2433156,41.13271889,5 - 10 Deg. F. / 3 - 6,,5 - 10 Deg. F.,6-Mar,5 - 10 Deg. F. / 3 - 6,5 - 10 / semi-humid,WY.1,#a5c2f1,"semi-humid, cold",#66C2A5,I,NA,NA
ARFR-UT080-109-UINTAH-12,black,3,12,41,NA,644,1,1,0,NA,1,0,NA,1,0,NA,1,0,NA,1,1,N,1,1,NA,NA,NA,NA,NA,NA,NA,NA,NA,ARFR4-SOS-UT080-109-UINTAH-12,#aabe7f,-109.1426444,39.70802222,10 - 15 Deg. F. / 3 - 6,,10 - 15 Deg. F.,6-Mar,10 - 15 Deg. F. / 3 - 6,10 - 15 / semi-humid,UT.1,#66e566,"semi-humid, cool",#aabe7f,G,NA,NA
ARFR-UT080-109-UINTAH-12,black,3,12,42,NA,645,1,1,0,NA,1,0,NA,1,0,NA,1,0,NA,1,1,N,1,1,NA,NA,NA,NA,NA,NA,NA,NA,NA,ARFR4-SOS-UT080-109-UINTAH-12,#aabe7f,-109.1426444,39.70802222,10 - 15 Deg. F. / 3 - 6,,10 - 15 Deg. F.,6-Mar,10 - 15 Deg. F. / 3 - 6,10 - 15 / semi-humid,UT.1,#66e566,"semi-humid, cool",#aabe7f,G,NA,NA
ARFR-AZ930-423-NAVAJO-18,black,3,12,43,NA,646,1,1,0,NA,1,1,NA,1,1,NA,1,1,NA,1,1,N,1,1,NA,NA,NA,NA,NA,NA,NA,NA,NA,ARFR4-SOS-AZ930-423-NAVAJO-18,#9E0142,-110.431,36.45877,15 - 20 Deg. F. / 6 - 12,SdZones downloaded 20230823,15 - 20 Deg. F.,12-Jun,15 - 20 Deg. F. / 6 - 12,15 - 20 / semi-arid,AZ.1,#ee5c42,"semi-arid, warm",#9E0142,A,NA,NA
ARFR-AZ930-423-NAVAJO-18,black,3,12,44,NA,647,1,1,0,NA,1,1,NA,1,1,NA,1,1,NA,1,1,N,1,1,NA,NA,NA,NA,NA,NA,NA,NA,NA,ARFR4-SOS-AZ930-423-NAVAJO-18,#9E0142,-110.431,36.45877,15 - 20 Deg. F. / 6 - 12,SdZones downloaded 20230823,15 - 20 Deg. F.,12-Jun,15 - 20 Deg. F. / 6 - 12,15 - 20 / semi-arid,AZ.1,#ee5c42,"semi-arid, warm",#9E0142,A,NA,NA
ARFR-WY040-71-10,black,3,12,45,210,648,1,1,1,NA,1,1,NA,1,0,NA,1,1,NA,1,1,N,1,1,NA,NA,NA,NA,NA,NA,NA,NA,NA,ARFR4-SOS-WY040-71-10,#66C2A5,-109.2433156,41.13271889,5 - 10 Deg. F. / 3 - 6,,5 - 10 Deg. F.,6-Mar,5 - 10 Deg. F. / 3 - 6,5 - 10 / semi-humid,WY.1,#a5c2f1,"semi-humid, cold",#66C2A5,I,NA,NA
ARFR-CO932-316-JEFFERSON-12,black,3,12,46,NA,649,1,1,0,NA,1,1,NA,1,1,NA,1,1,NA,1,1,N,1,1,NA,NA,NA,NA,NA,NA,NA,NA,NA,ARFR4-SOS-CO932-316-JEFFERSON-12,#FFFF85,-105.358,39.66325,15 - 20 Deg. F. / 3 - 6,,15 - 20 Deg. F.,6-Mar,15 - 20 Deg. F. / 3 - 6,15 - 20 / semi-humid,CO.3,#698b69,"semi-humid, warm",#FFFF85,F,NA,NA
ARFR-WY050-49-FREMONT-12,black,3,12,47,NA,650,1,1,0,NA,1,1,NA,1,1,NA,1,1,NA,1,1,N,1,1,NA,NA,NA,NA,NA,NA,NA,NA,NA,ARFR4-SOS-WY050-49-FREMONT-12,#5E4FA2,-109.34775,43.42663611,5 - 10 Deg. F. / 6 - 12,,5 - 10 Deg. F.,12-Jun,5 - 10 Deg. F. / 6 - 12,5 - 10 / semi-arid,WY.3,#ffb90f,"semi-arid, cold",#5E4FA2,K,NA,NA
ARFR-CO932-294-11,black,3,12,48,NA,651,1,1,0,NA,1,1,NA,1,0,NA,1,0,NA,1,1,N,1,1,NA,NA,NA,NA,NA,NA,NA,NA,NA,ARFR4-SOS-CO932-294-11,#ABDDA4,-105.2030833,39.78458333,15 - 20 Deg. F. / 3 - 6,,15 - 20 Deg. F.,6-Mar,15 - 20 Deg. F. / 3 - 6,15 - 20 / semi-humid,CO.4,#698b69,"semi-humid, warm",#ABDDA4,H,NA,NA
ARFR-AZ930-422-NAVAJO-18,black,3,12,49,NA,652,1,1,0,NA,1,1,NA,1,1,NA,1,1,NA,1,1,N,1,1,NA,NA,NA,NA,NA,NA,NA,NA,NA,ARFR4-SOS-AZ930-422-NAVAJO-18,#D53E4F,-110.431,36.56805,15 - 20 Deg. F. / 6 - 12,Lats corrected 20230127,15 - 20 Deg. F.,12-Jun,15 - 20 Deg. F. / 6 - 12,15 - 20 / semi-arid,AZ.2,#ee5c42,"semi-arid, warm",#D53E4F,B,NA,NA
ARFR-CO932-314-JEFFERSON-12,black,3,12,50,211,653,1,1,1,NA,1,1,NA,1,1,NA,1,1,NA,1,1,N,1,1,NA,NA,NA,NA,NA,NA,NA,NA,NA,ARFR4-SOS-CO932-314-JEFFERSON-12,#FEE08B,-105.3553333,39.40902778,10 - 15 Deg. F. / 3 - 6,,10 - 15 Deg. F.,6-Mar,10 - 15 Deg. F. / 3 - 6,10 - 15 / semi-humid,CO.2,#66e566,"semi-humid, cool",#FEE08B,E,NA,NA
ARFR-WY050-151-FREMONT-16,black,3,12,51,NA,654,1,1,0,NA,1,0,NA,1,1,NA,1,1,NA,1,1,N,1,1,NA,NA,NA,NA,NA,NA,NA,NA,NA,ARFR4-SOS-WY050-151-FREMONT-16,#3288BD,-108.1704472,42.47886111,10 - 15 Deg. F. / 6 - 12,,10 - 15 Deg. F.,12-Jun,10 - 15 Deg. F. / 6 - 12,10 - 15 / semi-arid,WY.2,#cd8500,"semi-arid, cool",#3288BD,J,NA,NA
ARFR-AZ930-422-NAVAJO-18,black,3,12,52,NA,655,1,1,1,NA,1,1,NA,1,1,NA,1,1,NA,1,1,N,1,1,NA,NA,NA,NA,NA,NA,NA,NA,NA,ARFR4-SOS-AZ930-422-NAVAJO-18,#D53E4F,-110.431,36.56805,15 - 20 Deg. F. / 6 - 12,Lats corrected 20230127,15 - 20 Deg. F.,12-Jun,15 - 20 Deg. F. / 6 - 12,15 - 20 / semi-arid,AZ.2,#ee5c42,"semi-arid, warm",#D53E4F,B,NA,NA
ARFR-WY930-44-LASANIMAS-13,black,3,12,53,NA,656,1,1,0,NA,1,1,NA,1,1,NA,1,1,NA,1,1,N,1,1,NA,NA,NA,NA,NA,NA,NA,NA,NA,ARFR4-SOS-WY930-44-LASANIMAS-13,#FDAE61,-104.6423889,37.16547222,15 - 20 Deg. F. / 3 - 6,,15 - 20 Deg. F.,6-Mar,15 - 20 Deg. F. / 3 - 6,15 - 20 / semi-humid,CO.1,#698b69,"semi-humid, warm",#FDAE61,D,NA,NA
ARFR-WY040-71-10,black,3,12,54,NA,657,1,1,0,NA,1,1,NA,1,1,NA,1,1,NA,1,1,N,1,1,NA,NA,NA,NA,NA,NA,NA,NA,NA,ARFR4-SOS-WY040-71-10,#66C2A5,-109.2433156,41.13271889,5 - 10 Deg. F. / 3 - 6,,5 - 10 Deg. F.,6-Mar,5 - 10 Deg. F. / 3 - 6,5 - 10 / semi-humid,WY.1,#a5c2f1,"semi-humid, cold",#66C2A5,I,NA,NA
ARFR-WY930-44-LASANIMAS-13,white,4,13,1,213,658,1,1,0,NA,1,1,NA,1,1,NA,1,1,NA,1,1,N,1,1,NA,NA,NA,NA,NA,NA,NA,NA,NA,ARFR4-SOS-WY930-44-LASANIMAS-13,#FDAE61,-104.6423889,37.16547222,15 - 20 Deg. F. / 3 - 6,,15 - 20 Deg. F.,6-Mar,15 - 20 Deg. F. / 3 - 6,15 - 20 / semi-humid,CO.1,#698b69,"semi-humid, warm",#FDAE61,D,NA,NA
ARFR-AZ930-422-NAVAJO-18,white,4,13,2,NA,659,1,1,0,NA,1,0,NA,1,1,NA,1,1,NA,1,1,N,1,1,NA,NA,NA,NA,NA,NA,NA,NA,NA,ARFR4-SOS-AZ930-422-NAVAJO-18,#D53E4F,-110.431,36.56805,15 - 20 Deg. F. / 6 - 12,Lats corrected 20230127,15 - 20 Deg. F.,12-Jun,15 - 20 Deg. F. / 6 - 12,15 - 20 / semi-arid,AZ.2,#ee5c42,"semi-arid, warm",#D53E4F,B,NA,NA
ARFR-AZ930-422-NAVAJO-18,white,4,13,3,NA,660,1,0,NA,NA,0,NA,NA,0,NA,NA,0,NA,NA,1,1,N,1,1,NA,NA,NA,NA,NA,NA,Y,Y,Harvested,ARFR4-SOS-AZ930-422-NAVAJO-18,#D53E4F,-110.431,36.56805,15 - 20 Deg. F. / 6 - 12,Lats corrected 20230127,15 - 20 Deg. F.,12-Jun,15 - 20 Deg. F. / 6 - 12,15 - 20 / semi-arid,AZ.2,#ee5c42,"semi-arid, warm",#D53E4F,B,NA,Y
ARFR-CO932-316-JEFFERSON-12,white,4,13,4,NA,661,1,1,0,NA,1,1,NA,1,1,NA,1,1,NA,1,1,N,1,1,NA,NA,NA,NA,NA,NA,NA,NA,NA,ARFR4-SOS-CO932-316-JEFFERSON-12,#FFFF85,-105.358,39.66325,15 - 20 Deg. F. / 3 - 6,,15 - 20 Deg. F.,6-Mar,15 - 20 Deg. F. / 3 - 6,15 - 20 / semi-humid,CO.3,#698b69,"semi-humid, warm",#FFFF85,F,NA,NA
ARFR-AZ930-423-NAVAJO-18,white,4,13,5,214,662,1,1,0,NA,1,0,NA,1,0,NA,1,1,NA,1,1,N,1,1,NA,NA,NA,NA,NA,NA,NA,NA,NA,ARFR4-SOS-AZ930-423-NAVAJO-18,#9E0142,-110.431,36.45877,15 - 20 Deg. F. / 6 - 12,SdZones downloaded 20230823,15 - 20 Deg. F.,12-Jun,15 - 20 Deg. F. / 6 - 12,15 - 20 / semi-arid,AZ.1,#ee5c42,"semi-arid, warm",#9E0142,A,NA,NA
ARFR-CO932-314-JEFFERSON-12,white,4,13,6,NA,663,1,1,0,NA,1,0,NA,1,0,NA,1,0,NA,1,1,N,1,1,NA,NA,NA,NA,NA,NA,NA,NA,NA,ARFR4-SOS-CO932-314-JEFFERSON-12,#FEE08B,-105.3553333,39.40902778,10 - 15 Deg. F. / 3 - 6,,10 - 15 Deg. F.,6-Mar,10 - 15 Deg. F. / 3 - 6,10 - 15 / semi-humid,CO.2,#66e566,"semi-humid, cool",#FEE08B,E,NA,NA
ARFR-AZ930-423-NAVAJO-18,white,4,13,7,NA,664,1,1,0,NA,1,0,NA,1,1,NA,1,1,NA,1,1,N,1,1,NA,NA,NA,NA,NA,NA,NA,NA,NA,ARFR4-SOS-AZ930-423-NAVAJO-18,#9E0142,-110.431,36.45877,15 - 20 Deg. F. / 6 - 12,SdZones downloaded 20230823,15 - 20 Deg. F.,12-Jun,15 - 20 Deg. F. / 6 - 12,15 - 20 / semi-arid,AZ.1,#ee5c42,"semi-arid, warm",#9E0142,A,NA,NA
ARFR-WY930-44-LASANIMAS-13,white,4,13,8,NA,665,1,1,0,NA,1,0,NA,1,0,NA,1,0,NA,1,0,N,1,0,NA,NA,NA,NA,NA,NA,NA,NA,NA,ARFR4-SOS-WY930-44-LASANIMAS-13,#FDAE61,-104.6423889,37.16547222,15 - 20 Deg. F. / 3 - 6,,15 - 20 Deg. F.,6-Mar,15 - 20 Deg. F. / 3 - 6,15 - 20 / semi-humid,CO.1,#698b69,"semi-humid, warm",#FDAE61,D,NA,NA
ARFR-WY050-49-FREMONT-12,white,4,13,9,NA,666,1,1,0,NA,1,0,NA,1,0,NA,1,0,NA,1,1,N,1,1,NA,NA,NA,NA,NA,NA,NA,NA,NA,ARFR4-SOS-WY050-49-FREMONT-12,#5E4FA2,-109.34775,43.42663611,5 - 10 Deg. F. / 6 - 12,,5 - 10 Deg. F.,12-Jun,5 - 10 Deg. F. / 6 - 12,5 - 10 / semi-arid,WY.3,#ffb90f,"semi-arid, cold",#5E4FA2,K,NA,NA
ARFR-CO932-294-11,white,4,13,10,215,667,1,1,0,NA,1,1,NA,1,1,NA,1,1,NA,1,1,N,1,1,NA,NA,NA,NA,NA,NA,NA,NA,NA,ARFR4-SOS-CO932-294-11,#ABDDA4,-105.2030833,39.78458333,15 - 20 Deg. F. / 3 - 6,,15 - 20 Deg. F.,6-Mar,15 - 20 Deg. F. / 3 - 6,15 - 20 / semi-humid,CO.4,#698b69,"semi-humid, warm",#ABDDA4,H,NA,NA
ARFR-NM930N-66-11,white,4,13,11,NA,668,1,1,0,NA,1,1,NA,1,0,NA,1,0,NA,1,1,N,1,1,NA,NA,NA,NA,NA,NA,NA,NA,NA,ARFR4-SOS-NM930N-66-11,#F46D43,-107.2045028,36.76818611,10 - 15 Deg. F. / 3 - 6,,10 - 15 Deg. F.,6-Mar,10 - 15 Deg. F. / 3 - 6,10 - 15 / semi-humid,NM.1,#66e566,"semi-humid, cool",#F46D43,C,NA,NA
ARFR-CO932-314-JEFFERSON-12,white,4,13,12,NA,669,1,1,0,NA,1,0,NA,1,1,NA,1,1,NA,1,1,N,1,1,NA,NA,NA,NA,NA,NA,NA,NA,NA,ARFR4-SOS-CO932-314-JEFFERSON-12,#FEE08B,-105.3553333,39.40902778,10 - 15 Deg. F. / 3 - 6,,10 - 15 Deg. F.,6-Mar,10 - 15 Deg. F. / 3 - 6,10 - 15 / semi-humid,CO.2,#66e566,"semi-humid, cool",#FEE08B,E,NA,NA
ARFR-AZ930-422-NAVAJO-18,white,4,13,13,NA,670,1,1,0,NA,1,0,NA,1,0,NA,1,1,NA,1,1,N,1,1,NA,NA,NA,NA,NA,NA,NA,NA,NA,ARFR4-SOS-AZ930-422-NAVAJO-18,#D53E4F,-110.431,36.56805,15 - 20 Deg. F. / 6 - 12,Lats corrected 20230127,15 - 20 Deg. F.,12-Jun,15 - 20 Deg. F. / 6 - 12,15 - 20 / semi-arid,AZ.2,#ee5c42,"semi-arid, warm",#D53E4F,B,NA,NA
ARFR-CO932-294-11,white,4,13,14,NA,671,1,1,0,NA,1,0,NA,1,0,NA,1,0,NA,1,1,N,1,1,NA,NA,NA,NA,NA,NA,NA,NA,NA,ARFR4-SOS-CO932-294-11,#ABDDA4,-105.2030833,39.78458333,15 - 20 Deg. F. / 3 - 6,,15 - 20 Deg. F.,6-Mar,15 - 20 Deg. F. / 3 - 6,15 - 20 / semi-humid,CO.4,#698b69,"semi-humid, warm",#ABDDA4,H,NA,NA
ARFR-WY930-44-LASANIMAS-13,white,4,13,15,216,672,1,1,0,NA,1,1,NA,1,1,NA,1,1,NA,1,1,N,1,1,NA,NA,NA,NA,NA,NA,NA,NA,NA,ARFR4-SOS-WY930-44-LASANIMAS-13,#FDAE61,-104.6423889,37.16547222,15 - 20 Deg. F. / 3 - 6,,15 - 20 Deg. F.,6-Mar,15 - 20 Deg. F. / 3 - 6,15 - 20 / semi-humid,CO.1,#698b69,"semi-humid, warm",#FDAE61,D,NA,NA
ARFR-WY050-49-FREMONT-12,white,4,13,16,NA,673,1,1,0,NA,1,1,NA,1,1,NA,1,1,NA,1,1,N,1,1,NA,NA,NA,NA,NA,NA,NA,NA,NA,ARFR4-SOS-WY050-49-FREMONT-12,#5E4FA2,-109.34775,43.42663611,5 - 10 Deg. F. / 6 - 12,,5 - 10 Deg. F.,12-Jun,5 - 10 Deg. F. / 6 - 12,5 - 10 / semi-arid,WY.3,#ffb90f,"semi-arid, cold",#5E4FA2,K,NA,NA
ARFR-WY040-71-10,white,4,13,17,NA,674,1,1,1,NA,1,1,NA,1,1,NA,1,1,NA,1,1,N,1,1,NA,NA,NA,NA,NA,NA,NA,NA,NA,ARFR4-SOS-WY040-71-10,#66C2A5,-109.2433156,41.13271889,5 - 10 Deg. F. / 3 - 6,,5 - 10 Deg. F.,6-Mar,5 - 10 Deg. F. / 3 - 6,5 - 10 / semi-humid,WY.1,#a5c2f1,"semi-humid, cold",#66C2A5,I,NA,NA
ARFR-WY040-71-10,white,4,13,18,NA,675,1,1,1,NA,1,1,NA,1,1,NA,1,1,NA,1,1,N,1,1,NA,NA,NA,NA,NA,NA,NA,NA,NA,ARFR4-SOS-WY040-71-10,#66C2A5,-109.2433156,41.13271889,5 - 10 Deg. F. / 3 - 6,,5 - 10 Deg. F.,6-Mar,5 - 10 Deg. F. / 3 - 6,5 - 10 / semi-humid,WY.1,#a5c2f1,"semi-humid, cold",#66C2A5,I,NA,NA
ARFR-WY040-71-10,white,4,13,19,NA,676,1,1,1,NA,1,1,NA,1,1,NA,1,1,NA,1,1,N,1,1,NA,NA,NA,NA,NA,NA,NA,NA,NA,ARFR4-SOS-WY040-71-10,#66C2A5,-109.2433156,41.13271889,5 - 10 Deg. F. / 3 - 6,,5 - 10 Deg. F.,6-Mar,5 - 10 Deg. F. / 3 - 6,5 - 10 / semi-humid,WY.1,#a5c2f1,"semi-humid, cold",#66C2A5,I,NA,NA
ARFR-WY050-151-FREMONT-16,white,4,13,20,217,677,1,1,0,NA,1,1,NA,1,0,NA,1,1,NA,1,1,N,1,1,NA,NA,NA,NA,NA,NA,NA,NA,NA,ARFR4-SOS-WY050-151-FREMONT-16,#3288BD,-108.1704472,42.47886111,10 - 15 Deg. F. / 6 - 12,,10 - 15 Deg. F.,12-Jun,10 - 15 Deg. F. / 6 - 12,10 - 15 / semi-arid,WY.2,#cd8500,"semi-arid, cool",#3288BD,J,NA,NA
ARFR-UT080-109-UINTAH-12,white,4,13,21,NA,678,1,1,0,NA,1,0,NA,1,0,NA,1,0,NA,1,1,N,1,1,NA,NA,NA,NA,NA,NA,NA,NA,NA,ARFR4-SOS-UT080-109-UINTAH-12,#aabe7f,-109.1426444,39.70802222,10 - 15 Deg. F. / 3 - 6,,10 - 15 Deg. F.,6-Mar,10 - 15 Deg. F. / 3 - 6,10 - 15 / semi-humid,UT.1,#66e566,"semi-humid, cool",#aabe7f,G,NA,NA
ARFR-CO932-294-11,white,4,13,22,NA,679,1,1,0,NA,1,0,NA,1,0,NA,1,0,NA,1,1,N,1,1,NA,NA,NA,NA,NA,NA,NA,NA,NA,ARFR4-SOS-CO932-294-11,#ABDDA4,-105.2030833,39.78458333,15 - 20 Deg. F. / 3 - 6,,15 - 20 Deg. F.,6-Mar,15 - 20 Deg. F. / 3 - 6,15 - 20 / semi-humid,CO.4,#698b69,"semi-humid, warm",#ABDDA4,H,NA,NA
ARFR-AZ930-423-NAVAJO-18,white,4,13,23,NA,680,1,1,0,NA,1,0,NA,1,0,NA,1,0,NA,1,1,N,1,1,NA,NA,NA,NA,NA,NA,NA,NA,NA,ARFR4-SOS-AZ930-423-NAVAJO-18,#9E0142,-110.431,36.45877,15 - 20 Deg. F. / 6 - 12,SdZones downloaded 20230823,15 - 20 Deg. F.,12-Jun,15 - 20 Deg. F. / 6 - 12,15 - 20 / semi-arid,AZ.1,#ee5c42,"semi-arid, warm",#9E0142,A,NA,NA
ARFR-UT080-109-UINTAH-12,white,4,13,24,NA,681,1,1,0,NA,1,1,NA,1,1,NA,1,1,NA,1,1,N,1,1,NA,NA,NA,NA,NA,NA,NA,NA,NA,ARFR4-SOS-UT080-109-UINTAH-12,#aabe7f,-109.1426444,39.70802222,10 - 15 Deg. F. / 3 - 6,,10 - 15 Deg. F.,6-Mar,10 - 15 Deg. F. / 3 - 6,10 - 15 / semi-humid,UT.1,#66e566,"semi-humid, cool",#aabe7f,G,NA,NA
ARFR-CO932-316-JEFFERSON-12,white,4,13,25,218,682,1,1,0,NA,1,0,NA,1,0,NA,1,0,NA,1,1,N,1,1,NA,NA,NA,NA,NA,NA,NA,NA,NA,ARFR4-SOS-CO932-316-JEFFERSON-12,#FFFF85,-105.358,39.66325,15 - 20 Deg. F. / 3 - 6,,15 - 20 Deg. F.,6-Mar,15 - 20 Deg. F. / 3 - 6,15 - 20 / semi-humid,CO.3,#698b69,"semi-humid, warm",#FFFF85,F,NA,NA
ARFR-CO932-316-JEFFERSON-12,white,4,13,26,NA,683,1,1,0,NA,1,1,NA,1,1,NA,1,1,NA,1,1,N,1,1,NA,NA,NA,NA,NA,NA,NA,NA,NA,ARFR4-SOS-CO932-316-JEFFERSON-12,#FFFF85,-105.358,39.66325,15 - 20 Deg. F. / 3 - 6,,15 - 20 Deg. F.,6-Mar,15 - 20 Deg. F. / 3 - 6,15 - 20 / semi-humid,CO.3,#698b69,"semi-humid, warm",#FFFF85,F,NA,NA
ARFR-AZ930-423-NAVAJO-18,white,4,13,27,NA,684,1,1,0,NA,1,1,NA,1,1,NA,1,1,NA,1,1,N,1,1,NA,NA,NA,NA,NA,NA,NA,NA,NA,ARFR4-SOS-AZ930-423-NAVAJO-18,#9E0142,-110.431,36.45877,15 - 20 Deg. F. / 6 - 12,SdZones downloaded 20230823,15 - 20 Deg. F.,12-Jun,15 - 20 Deg. F. / 6 - 12,15 - 20 / semi-arid,AZ.1,#ee5c42,"semi-arid, warm",#9E0142,A,NA,Y
ARFR-CO932-294-11,white,4,13,28,NA,685,1,1,0,NA,1,0,NA,1,0,NA,1,0,NA,1,1,N,1,1,NA,NA,NA,NA,NA,NA,NA,NA,NA,ARFR4-SOS-CO932-294-11,#ABDDA4,-105.2030833,39.78458333,15 - 20 Deg. F. / 3 - 6,,15 - 20 Deg. F.,6-Mar,15 - 20 Deg. F. / 3 - 6,15 - 20 / semi-humid,CO.4,#698b69,"semi-humid, warm",#ABDDA4,H,NA,NA
ARFR-AZ930-423-NAVAJO-18,white,4,13,29,NA,686,1,1,0,NA,1,0,NA,1,0,NA,1,0,NA,1,1,N,1,1,NA,NA,NA,NA,NA,NA,NA,NA,NA,ARFR4-SOS-AZ930-423-NAVAJO-18,#9E0142,-110.431,36.45877,15 - 20 Deg. F. / 6 - 12,SdZones downloaded 20230823,15 - 20 Deg. F.,12-Jun,15 - 20 Deg. F. / 6 - 12,15 - 20 / semi-arid,AZ.1,#ee5c42,"semi-arid, warm",#9E0142,A,NA,NA
ARFR-CO932-316-JEFFERSON-12,white,4,13,30,219,687,1,1,0,NA,1,1,NA,1,0,NA,1,1,NA,1,1,N,1,1,NA,NA,NA,NA,NA,NA,NA,NA,NA,ARFR4-SOS-CO932-316-JEFFERSON-12,#FFFF85,-105.358,39.66325,15 - 20 Deg. F. / 3 - 6,,15 - 20 Deg. F.,6-Mar,15 - 20 Deg. F. / 3 - 6,15 - 20 / semi-humid,CO.3,#698b69,"semi-humid, warm",#FFFF85,F,NA,NA
ARFR-WY930-44-LASANIMAS-13,white,4,13,31,NA,688,1,1,0,NA,1,0,NA,1,1,NA,1,1,NA,1,1,N,1,1,NA,NA,NA,NA,NA,NA,NA,NA,NA,ARFR4-SOS-WY930-44-LASANIMAS-13,#FDAE61,-104.6423889,37.16547222,15 - 20 Deg. F. / 3 - 6,,15 - 20 Deg. F.,6-Mar,15 - 20 Deg. F. / 3 - 6,15 - 20 / semi-humid,CO.1,#698b69,"semi-humid, warm",#FDAE61,D,NA,NA
ARFR-WY050-151-FREMONT-16,white,4,13,32,NA,689,1,1,0,NA,1,0,NA,1,0,NA,1,1,NA,1,1,N,1,1,NA,NA,NA,NA,NA,NA,NA,NA,NA,ARFR4-SOS-WY050-151-FREMONT-16,#3288BD,-108.1704472,42.47886111,10 - 15 Deg. F. / 6 - 12,,10 - 15 Deg. F.,12-Jun,10 - 15 Deg. F. / 6 - 12,10 - 15 / semi-arid,WY.2,#cd8500,"semi-arid, cool",#3288BD,J,NA,NA
ARFR-WY050-151-FREMONT-16,white,4,13,33,NA,690,1,1,0,NA,1,0,NA,1,0,NA,1,1,NA,1,1,N,1,1,NA,NA,NA,NA,NA,NA,NA,NA,NA,ARFR4-SOS-WY050-151-FREMONT-16,#3288BD,-108.1704472,42.47886111,10 - 15 Deg. F. / 6 - 12,,10 - 15 Deg. F.,12-Jun,10 - 15 Deg. F. / 6 - 12,10 - 15 / semi-arid,WY.2,#cd8500,"semi-arid, cool",#3288BD,J,NA,NA
ARFR-WY050-151-FREMONT-16,white,4,13,34,NA,691,1,1,0,NA,1,0,NA,1,1,NA,1,1,NA,1,1,N,1,1,NA,NA,NA,NA,NA,NA,NA,NA,NA,ARFR4-SOS-WY050-151-FREMONT-16,#3288BD,-108.1704472,42.47886111,10 - 15 Deg. F. / 6 - 12,,10 - 15 Deg. F.,12-Jun,10 - 15 Deg. F. / 6 - 12,10 - 15 / semi-arid,WY.2,#cd8500,"semi-arid, cool",#3288BD,J,NA,NA
ARFR-AZ930-422-NAVAJO-18,white,4,13,35,220,692,1,1,0,NA,1,0,NA,1,0,NA,1,1,NA,1,1,N,1,1,NA,NA,NA,NA,NA,NA,NA,NA,NA,ARFR4-SOS-AZ930-422-NAVAJO-18,#D53E4F,-110.431,36.56805,15 - 20 Deg. F. / 6 - 12,Lats corrected 20230127,15 - 20 Deg. F.,12-Jun,15 - 20 Deg. F. / 6 - 12,15 - 20 / semi-arid,AZ.2,#ee5c42,"semi-arid, warm",#D53E4F,B,NA,NA
ARFR-UT080-109-UINTAH-12,white,4,13,36,NA,693,1,0,NA,NA,0,NA,NA,0,NA,NA,0,NA,NA,0,NA,N,0,NA,NA,NA,NA,NA,NA,NA,NA,NA,NA,ARFR4-SOS-UT080-109-UINTAH-12,#aabe7f,-109.1426444,39.70802222,10 - 15 Deg. F. / 3 - 6,,10 - 15 Deg. F.,6-Mar,10 - 15 Deg. F. / 3 - 6,10 - 15 / semi-humid,UT.1,#66e566,"semi-humid, cool",#aabe7f,G,NA,NA
ARFR-CO932-314-JEFFERSON-12,white,4,13,37,NA,694,1,1,0,NA,1,0,NA,1,0,NA,1,0,NA,1,1,N,1,1,NA,NA,NA,NA,NA,NA,NA,NA,NA,ARFR4-SOS-CO932-314-JEFFERSON-12,#FEE08B,-105.3553333,39.40902778,10 - 15 Deg. F. / 3 - 6,,10 - 15 Deg. F.,6-Mar,10 - 15 Deg. F. / 3 - 6,10 - 15 / semi-humid,CO.2,#66e566,"semi-humid, cool",#FEE08B,E,NA,NA
ARFR-AZ930-423-NAVAJO-18,white,4,13,38,NA,695,1,1,0,NA,1,1,NA,1,1,NA,1,1,NA,1,1,N,1,1,NA,NA,NA,NA,NA,NA,NA,NA,NA,ARFR4-SOS-AZ930-423-NAVAJO-18,#9E0142,-110.431,36.45877,15 - 20 Deg. F. / 6 - 12,SdZones downloaded 20230823,15 - 20 Deg. F.,12-Jun,15 - 20 Deg. F. / 6 - 12,15 - 20 / semi-arid,AZ.1,#ee5c42,"semi-arid, warm",#9E0142,A,NA,NA
ARFR-WY930-44-LASANIMAS-13,white,4,13,39,NA,696,1,1,0,NA,1,0,NA,1,0,NA,1,0,NA,1,1,N,1,1,NA,NA,NA,NA,NA,NA,NA,NA,NA,ARFR4-SOS-WY930-44-LASANIMAS-13,#FDAE61,-104.6423889,37.16547222,15 - 20 Deg. F. / 3 - 6,,15 - 20 Deg. F.,6-Mar,15 - 20 Deg. F. / 3 - 6,15 - 20 / semi-humid,CO.1,#698b69,"semi-humid, warm",#FDAE61,D,NA,NA
ARFR-WY050-151-FREMONT-16,white,4,13,40,221,697,1,1,0,NA,1,0,NA,1,0,NA,1,0,NA,1,1,N,1,1,NA,NA,NA,NA,NA,NA,NA,NA,NA,ARFR4-SOS-WY050-151-FREMONT-16,#3288BD,-108.1704472,42.47886111,10 - 15 Deg. F. / 6 - 12,,10 - 15 Deg. F.,12-Jun,10 - 15 Deg. F. / 6 - 12,10 - 15 / semi-arid,WY.2,#cd8500,"semi-arid, cool",#3288BD,J,NA,NA
ARFR-AZ930-423-NAVAJO-18,white,4,13,41,NA,698,1,1,0,NA,1,1,NA,1,1,NA,1,1,NA,1,1,N,1,1,NA,NA,NA,NA,NA,NA,NA,NA,NA,ARFR4-SOS-AZ930-423-NAVAJO-18,#9E0142,-110.431,36.45877,15 - 20 Deg. F. / 6 - 12,SdZones downloaded 20230823,15 - 20 Deg. F.,12-Jun,15 - 20 Deg. F. / 6 - 12,15 - 20 / semi-arid,AZ.1,#ee5c42,"semi-arid, warm",#9E0142,A,NA,NA
ARFR-NM930N-66-11,white,4,13,42,NA,699,1,1,0,NA,1,1,NA,1,1,NA,1,1,NA,1,1,N,1,1,NA,NA,NA,NA,NA,NA,NA,NA,NA,ARFR4-SOS-NM930N-66-11,#F46D43,-107.2045028,36.76818611,10 - 15 Deg. F. / 3 - 6,,10 - 15 Deg. F.,6-Mar,10 - 15 Deg. F. / 3 - 6,10 - 15 / semi-humid,NM.1,#66e566,"semi-humid, cool",#F46D43,C,NA,NA
ARFR-WY050-49-FREMONT-12,white,4,13,43,NA,700,1,1,0,NA,1,0,NA,1,0,NA,1,0,NA,1,1,N,1,1,NA,NA,NA,NA,NA,NA,NA,NA,NA,ARFR4-SOS-WY050-49-FREMONT-12,#5E4FA2,-109.34775,43.42663611,5 - 10 Deg. F. / 6 - 12,,5 - 10 Deg. F.,12-Jun,5 - 10 Deg. F. / 6 - 12,5 - 10 / semi-arid,WY.3,#ffb90f,"semi-arid, cold",#5E4FA2,K,NA,NA
ARFR-WY930-44-LASANIMAS-13,white,4,13,44,NA,701,1,1,0,NA,1,0,NA,1,0,NA,1,0,NA,1,0,Y,1,0,NA,NA,NA,NA,NA,NA,NA,NA,NA,ARFR4-SOS-WY930-44-LASANIMAS-13,#FDAE61,-104.6423889,37.16547222,15 - 20 Deg. F. / 3 - 6,,15 - 20 Deg. F.,6-Mar,15 - 20 Deg. F. / 3 - 6,15 - 20 / semi-humid,CO.1,#698b69,"semi-humid, warm",#FDAE61,D,NA,NA
ARFR-NM930N-66-11,white,4,13,45,222,702,1,1,0,NA,1,0,NA,1,0,NA,1,0,NA,1,1,N,1,1,NA,NA,NA,NA,NA,NA,NA,NA,NA,ARFR4-SOS-NM930N-66-11,#F46D43,-107.2045028,36.76818611,10 - 15 Deg. F. / 3 - 6,,10 - 15 Deg. F.,6-Mar,10 - 15 Deg. F. / 3 - 6,10 - 15 / semi-humid,NM.1,#66e566,"semi-humid, cool",#F46D43,C,NA,Y
ARFR-WY040-71-10,white,4,13,46,NA,703,1,1,0,NA,1,0,NA,1,1,NA,1,1,NA,1,1,N,1,1,NA,NA,NA,NA,NA,NA,NA,NA,NA,ARFR4-SOS-WY040-71-10,#66C2A5,-109.2433156,41.13271889,5 - 10 Deg. F. / 3 - 6,,5 - 10 Deg. F.,6-Mar,5 - 10 Deg. F. / 3 - 6,5 - 10 / semi-humid,WY.1,#a5c2f1,"semi-humid, cold",#66C2A5,I,NA,NA
ARFR-UT080-109-UINTAH-12,white,4,13,47,NA,704,1,1,0,NA,1,0,NA,1,0,NA,1,0,NA,1,1,N,1,1,NA,NA,NA,NA,NA,NA,NA,NA,NA,ARFR4-SOS-UT080-109-UINTAH-12,#aabe7f,-109.1426444,39.70802222,10 - 15 Deg. F. / 3 - 6,,10 - 15 Deg. F.,6-Mar,10 - 15 Deg. F. / 3 - 6,10 - 15 / semi-humid,UT.1,#66e566,"semi-humid, cool",#aabe7f,G,NA,NA
ARFR-WY930-44-LASANIMAS-13,white,4,13,48,NA,705,1,1,0,NA,1,0,NA,1,0,NA,1,0,NA,1,0,N,1,0,NA,NA,NA,NA,NA,NA,NA,NA,NA,ARFR4-SOS-WY930-44-LASANIMAS-13,#FDAE61,-104.6423889,37.16547222,15 - 20 Deg. F. / 3 - 6,,15 - 20 Deg. F.,6-Mar,15 - 20 Deg. F. / 3 - 6,15 - 20 / semi-humid,CO.1,#698b69,"semi-humid, warm",#FDAE61,D,NA,NA
ARFR-NM930N-66-11,white,4,13,49,NA,706,1,1,0,NA,1,0,NA,1,0,NA,1,0,NA,1,1,N,1,1,NA,NA,NA,NA,NA,NA,NA,NA,NA,ARFR4-SOS-NM930N-66-11,#F46D43,-107.2045028,36.76818611,10 - 15 Deg. F. / 3 - 6,,10 - 15 Deg. F.,6-Mar,10 - 15 Deg. F. / 3 - 6,10 - 15 / semi-humid,NM.1,#66e566,"semi-humid, cool",#F46D43,C,NA,NA
ARFR-NM930N-66-11,white,4,13,50,223,707,1,1,0,NA,1,0,NA,1,1,NA,1,1,NA,1,1,N,1,1,NA,NA,NA,NA,NA,NA,NA,NA,NA,ARFR4-SOS-NM930N-66-11,#F46D43,-107.2045028,36.76818611,10 - 15 Deg. F. / 3 - 6,,10 - 15 Deg. F.,6-Mar,10 - 15 Deg. F. / 3 - 6,10 - 15 / semi-humid,NM.1,#66e566,"semi-humid, cool",#F46D43,C,NA,NA
ARFR-WY050-151-FREMONT-16,white,4,13,51,NA,708,1,1,0,NA,1,0,NA,1,1,NA,1,1,NA,1,1,N,1,1,NA,NA,NA,NA,NA,NA,NA,NA,NA,ARFR4-SOS-WY050-151-FREMONT-16,#3288BD,-108.1704472,42.47886111,10 - 15 Deg. F. / 6 - 12,,10 - 15 Deg. F.,12-Jun,10 - 15 Deg. F. / 6 - 12,10 - 15 / semi-arid,WY.2,#cd8500,"semi-arid, cool",#3288BD,J,NA,NA
ARFR-WY050-49-FREMONT-12,white,4,13,52,NA,709,1,1,0,NA,1,0,NA,1,1,NA,1,1,NA,1,1,N,1,1,NA,NA,NA,NA,NA,NA,NA,NA,NA,ARFR4-SOS-WY050-49-FREMONT-12,#5E4FA2,-109.34775,43.42663611,5 - 10 Deg. F. / 6 - 12,,5 - 10 Deg. F.,12-Jun,5 - 10 Deg. F. / 6 - 12,5 - 10 / semi-arid,WY.3,#ffb90f,"semi-arid, cold",#5E4FA2,K,NA,NA
ARFR-WY040-71-10,white,4,13,53,NA,710,0,0,NA,NA,0,NA,NA,0,NA,NA,0,NA,NA,0,NA,N,0,NA,NA,NA,NA,NA,NA,Y,NA,NA,NA,ARFR4-SOS-WY040-71-10,#66C2A5,-109.2433156,41.13271889,5 - 10 Deg. F. / 3 - 6,,5 - 10 Deg. F.,6-Mar,5 - 10 Deg. F. / 3 - 6,5 - 10 / semi-humid,WY.1,#a5c2f1,"semi-humid, cold",#66C2A5,I,NA,NA
ARFR-AZ930-422-NAVAJO-18,white,4,13,54,NA,711,1,1,1,NA,1,1,NA,1,1,NA,1,1,NA,1,1,N,1,1,NA,NA,NA,NA,NA,NA,NA,NA,NA,ARFR4-SOS-AZ930-422-NAVAJO-18,#D53E4F,-110.431,36.56805,15 - 20 Deg. F. / 6 - 12,Lats corrected 20230127,15 - 20 Deg. F.,12-Jun,15 - 20 Deg. F. / 6 - 12,15 - 20 / semi-arid,AZ.2,#ee5c42,"semi-arid, warm",#D53E4F,B,NA,NA
ARFR-WY040-71-10,white,4,13,55,224,712,1,1,1,NA,1,1,NA,1,1,NA,1,1,NA,1,1,N,1,1,NA,NA,NA,NA,NA,NA,NA,NA,NA,ARFR4-SOS-WY040-71-10,#66C2A5,-109.2433156,41.13271889,5 - 10 Deg. F. / 3 - 6,,5 - 10 Deg. F.,6-Mar,5 - 10 Deg. F. / 3 - 6,5 - 10 / semi-humid,WY.1,#a5c2f1,"semi-humid, cold",#66C2A5,I,NA,NA
ARFR-AZ930-423-NAVAJO-18,white,4,14,1,213,713,1,1,0,NA,1,1,NA,1,1,NA,1,1,NA,1,1,N,1,1,NA,NA,NA,NA,NA,NA,NA,NA,NA,ARFR4-SOS-AZ930-423-NAVAJO-18,#9E0142,-110.431,36.45877,15 - 20 Deg. F. / 6 - 12,SdZones downloaded 20230823,15 - 20 Deg. F.,12-Jun,15 - 20 Deg. F. / 6 - 12,15 - 20 / semi-arid,AZ.1,#ee5c42,"semi-arid, warm",#9E0142,A,NA,NA
ARFR-CO932-314-JEFFERSON-12,white,4,14,2,NA,714,1,1,0,NA,1,1,NA,1,1,NA,1,1,NA,1,1,N,1,1,NA,NA,NA,NA,NA,NA,NA,NA,NA,ARFR4-SOS-CO932-314-JEFFERSON-12,#FEE08B,-105.3553333,39.40902778,10 - 15 Deg. F. / 3 - 6,,10 - 15 Deg. F.,6-Mar,10 - 15 Deg. F. / 3 - 6,10 - 15 / semi-humid,CO.2,#66e566,"semi-humid, cool",#FEE08B,E,NA,NA
ARFR-NM930N-66-11,white,4,14,3,NA,715,1,1,0,NA,1,1,NA,1,1,NA,1,1,NA,1,1,N,1,1,NA,NA,NA,NA,NA,NA,NA,NA,NA,ARFR4-SOS-NM930N-66-11,#F46D43,-107.2045028,36.76818611,10 - 15 Deg. F. / 3 - 6,,10 - 15 Deg. F.,6-Mar,10 - 15 Deg. F. / 3 - 6,10 - 15 / semi-humid,NM.1,#66e566,"semi-humid, cool",#F46D43,C,NA,NA
ARFR-WY050-151-FREMONT-16,white,4,14,4,NA,716,1,1,1,NA,1,1,NA,1,1,NA,1,1,NA,1,1,N,1,1,NA,NA,NA,NA,NA,NA,NA,NA,NA,ARFR4-SOS-WY050-151-FREMONT-16,#3288BD,-108.1704472,42.47886111,10 - 15 Deg. F. / 6 - 12,,10 - 15 Deg. F.,12-Jun,10 - 15 Deg. F. / 6 - 12,10 - 15 / semi-arid,WY.2,#cd8500,"semi-arid, cool",#3288BD,J,NA,NA
ARFR-WY050-151-FREMONT-16,white,4,14,5,214,717,1,1,0,NA,1,1,NA,1,1,NA,1,1,NA,1,1,Y,1,1,NA,NA,NA,NA,NA,NA,NA,NA,NA,ARFR4-SOS-WY050-151-FREMONT-16,#3288BD,-108.1704472,42.47886111,10 - 15 Deg. F. / 6 - 12,,10 - 15 Deg. F.,12-Jun,10 - 15 Deg. F. / 6 - 12,10 - 15 / semi-arid,WY.2,#cd8500,"semi-arid, cool",#3288BD,J,NA,NA
ARFR-NM930N-66-11,white,4,14,6,NA,718,1,1,0,NA,1,1,NA,1,1,NA,1,1,NA,1,1,N,1,1,NA,NA,NA,NA,NA,NA,NA,NA,NA,ARFR4-SOS-NM930N-66-11,#F46D43,-107.2045028,36.76818611,10 - 15 Deg. F. / 3 - 6,,10 - 15 Deg. F.,6-Mar,10 - 15 Deg. F. / 3 - 6,10 - 15 / semi-humid,NM.1,#66e566,"semi-humid, cool",#F46D43,C,NA,NA
ARFR-WY050-151-FREMONT-16,white,4,14,7,NA,719,1,1,0,NA,1,1,NA,1,1,NA,1,1,NA,1,1,N,1,1,NA,NA,NA,NA,NA,NA,NA,NA,NA,ARFR4-SOS-WY050-151-FREMONT-16,#3288BD,-108.1704472,42.47886111,10 - 15 Deg. F. / 6 - 12,,10 - 15 Deg. F.,12-Jun,10 - 15 Deg. F. / 6 - 12,10 - 15 / semi-arid,WY.2,#cd8500,"semi-arid, cool",#3288BD,J,NA,NA
ARFR-WY040-71-10,white,4,14,8,NA,720,1,1,0,NA,1,1,NA,1,1,NA,1,1,NA,1,0,N,1,0,NA,NA,NA,NA,NA,Y,NA,NA,NA,ARFR4-SOS-WY040-71-10,#66C2A5,-109.2433156,41.13271889,5 - 10 Deg. F. / 3 - 6,,5 - 10 Deg. F.,6-Mar,5 - 10 Deg. F. / 3 - 6,5 - 10 / semi-humid,WY.1,#a5c2f1,"semi-humid, cold",#66C2A5,I,NA,NA
ARFR-UT080-109-UINTAH-12,white,4,14,9,NA,721,1,1,0,NA,1,1,NA,1,1,NA,1,1,NA,1,1,N,1,1,NA,NA,NA,NA,NA,NA,NA,NA,NA,ARFR4-SOS-UT080-109-UINTAH-12,#aabe7f,-109.1426444,39.70802222,10 - 15 Deg. F. / 3 - 6,,10 - 15 Deg. F.,6-Mar,10 - 15 Deg. F. / 3 - 6,10 - 15 / semi-humid,UT.1,#66e566,"semi-humid, cool",#aabe7f,G,NA,NA
ARFR-WY050-49-FREMONT-12,white,4,14,10,215,722,1,1,0,NA,1,0,NA,1,0,NA,1,0,NA,1,1,N,1,1,NA,NA,NA,NA,NA,NA,NA,NA,NA,ARFR4-SOS-WY050-49-FREMONT-12,#5E4FA2,-109.34775,43.42663611,5 - 10 Deg. F. / 6 - 12,,5 - 10 Deg. F.,12-Jun,5 - 10 Deg. F. / 6 - 12,5 - 10 / semi-arid,WY.3,#ffb90f,"semi-arid, cold",#5E4FA2,K,NA,NA
ARFR-AZ930-423-NAVAJO-18,white,4,14,11,NA,723,1,1,0,NA,1,1,NA,1,1,NA,1,1,NA,1,1,N,1,1,NA,NA,NA,NA,NA,NA,NA,NA,NA,ARFR4-SOS-AZ930-423-NAVAJO-18,#9E0142,-110.431,36.45877,15 - 20 Deg. F. / 6 - 12,SdZones downloaded 20230823,15 - 20 Deg. F.,12-Jun,15 - 20 Deg. F. / 6 - 12,15 - 20 / semi-arid,AZ.1,#ee5c42,"semi-arid, warm",#9E0142,A,NA,NA
ARFR-NM930N-66-11,white,4,14,12,NA,724,1,1,0,NA,1,1,NA,1,1,NA,1,1,NA,1,1,N,1,1,NA,NA,NA,NA,NA,NA,NA,NA,NA,ARFR4-SOS-NM930N-66-11,#F46D43,-107.2045028,36.76818611,10 - 15 Deg. F. / 3 - 6,,10 - 15 Deg. F.,6-Mar,10 - 15 Deg. F. / 3 - 6,10 - 15 / semi-humid,NM.1,#66e566,"semi-humid, cool",#F46D43,C,NA,NA
ARFR-CO932-314-JEFFERSON-12,white,4,14,13,NA,725,1,1,1,NA,1,1,NA,1,1,NA,1,1,NA,1,1,N,1,1,NA,NA,NA,NA,NA,NA,NA,NA,NA,ARFR4-SOS-CO932-314-JEFFERSON-12,#FEE08B,-105.3553333,39.40902778,10 - 15 Deg. F. / 3 - 6,,10 - 15 Deg. F.,6-Mar,10 - 15 Deg. F. / 3 - 6,10 - 15 / semi-humid,CO.2,#66e566,"semi-humid, cool",#FEE08B,E,NA,NA
ARFR-AZ930-423-NAVAJO-18,white,4,14,14,NA,726,1,1,0,NA,1,1,NA,1,1,NA,1,1,NA,1,1,N,1,1,NA,NA,NA,NA,NA,NA,NA,NA,NA,ARFR4-SOS-AZ930-423-NAVAJO-18,#9E0142,-110.431,36.45877,15 - 20 Deg. F. / 6 - 12,SdZones downloaded 20230823,15 - 20 Deg. F.,12-Jun,15 - 20 Deg. F. / 6 - 12,15 - 20 / semi-arid,AZ.1,#ee5c42,"semi-arid, warm",#9E0142,A,NA,NA
ARFR-CO932-316-JEFFERSON-12,white,4,14,15,216,727,1,1,0,NA,1,0,NA,1,0,NA,1,0,NA,1,1,N,1,1,NA,NA,NA,NA,NA,NA,NA,NA,NA,ARFR4-SOS-CO932-316-JEFFERSON-12,#FFFF85,-105.358,39.66325,15 - 20 Deg. F. / 3 - 6,,15 - 20 Deg. F.,6-Mar,15 - 20 Deg. F. / 3 - 6,15 - 20 / semi-humid,CO.3,#698b69,"semi-humid, warm",#FFFF85,F,NA,NA
ARFR-CO932-294-11,white,4,14,16,NA,728,1,1,0,NA,1,0,NA,1,0,NA,1,0,NA,1,1,N,1,1,NA,NA,NA,NA,NA,NA,NA,NA,NA,ARFR4-SOS-CO932-294-11,#ABDDA4,-105.2030833,39.78458333,15 - 20 Deg. F. / 3 - 6,,15 - 20 Deg. F.,6-Mar,15 - 20 Deg. F. / 3 - 6,15 - 20 / semi-humid,CO.4,#698b69,"semi-humid, warm",#ABDDA4,H,NA,Y
ARFR-CO932-294-11,white,4,14,17,NA,729,1,1,0,NA,1,0,NA,1,0,NA,1,1,NA,1,1,N,1,1,NA,NA,NA,NA,NA,NA,NA,NA,NA,ARFR4-SOS-CO932-294-11,#ABDDA4,-105.2030833,39.78458333,15 - 20 Deg. F. / 3 - 6,,15 - 20 Deg. F.,6-Mar,15 - 20 Deg. F. / 3 - 6,15 - 20 / semi-humid,CO.4,#698b69,"semi-humid, warm",#ABDDA4,H,NA,NA
ARFR-NM930N-66-11,white,4,14,18,NA,730,1,1,0,NA,1,1,NA,1,1,NA,1,1,NA,1,1,N,1,1,NA,NA,NA,NA,NA,NA,NA,NA,NA,ARFR4-SOS-NM930N-66-11,#F46D43,-107.2045028,36.76818611,10 - 15 Deg. F. / 3 - 6,,10 - 15 Deg. F.,6-Mar,10 - 15 Deg. F. / 3 - 6,10 - 15 / semi-humid,NM.1,#66e566,"semi-humid, cool",#F46D43,C,NA,NA
ARFR-WY050-49-FREMONT-12,white,4,14,19,NA,731,1,1,0,NA,1,1,NA,1,1,NA,1,1,NA,1,1,N,1,1,NA,NA,NA,NA,NA,NA,NA,NA,NA,ARFR4-SOS-WY050-49-FREMONT-12,#5E4FA2,-109.34775,43.42663611,5 - 10 Deg. F. / 6 - 12,,5 - 10 Deg. F.,12-Jun,5 - 10 Deg. F. / 6 - 12,5 - 10 / semi-arid,WY.3,#ffb90f,"semi-arid, cold",#5E4FA2,K,NA,NA
ARFR-WY050-49-FREMONT-12,white,4,14,20,217,732,1,1,0,NA,1,0,NA,1,0,NA,1,1,NA,1,1,N,1,1,NA,NA,NA,NA,NA,NA,NA,NA,NA,ARFR4-SOS-WY050-49-FREMONT-12,#5E4FA2,-109.34775,43.42663611,5 - 10 Deg. F. / 6 - 12,,5 - 10 Deg. F.,12-Jun,5 - 10 Deg. F. / 6 - 12,5 - 10 / semi-arid,WY.3,#ffb90f,"semi-arid, cold",#5E4FA2,K,NA,NA
ARFR-WY050-151-FREMONT-16,white,4,14,21,NA,733,1,1,0,NA,1,0,NA,1,0,NA,1,0,NA,1,1,N,1,1,NA,NA,NA,NA,NA,NA,NA,NA,NA,ARFR4-SOS-WY050-151-FREMONT-16,#3288BD,-108.1704472,42.47886111,10 - 15 Deg. F. / 6 - 12,,10 - 15 Deg. F.,12-Jun,10 - 15 Deg. F. / 6 - 12,10 - 15 / semi-arid,WY.2,#cd8500,"semi-arid, cool",#3288BD,J,NA,NA
ARFR-WY930-44-LASANIMAS-13,white,4,14,22,NA,734,1,1,0,NA,1,0,NA,1,0,NA,1,0,NA,1,1,N,1,1,NA,NA,NA,NA,NA,NA,NA,NA,NA,ARFR4-SOS-WY930-44-LASANIMAS-13,#FDAE61,-104.6423889,37.16547222,15 - 20 Deg. F. / 3 - 6,,15 - 20 Deg. F.,6-Mar,15 - 20 Deg. F. / 3 - 6,15 - 20 / semi-humid,CO.1,#698b69,"semi-humid, warm",#FDAE61,D,NA,NA
ARFR-CO932-294-11,white,4,14,23,NA,735,1,1,0,NA,1,0,NA,1,0,NA,1,0,NA,1,1,N,1,1,NA,NA,NA,NA,NA,NA,NA,NA,NA,ARFR4-SOS-CO932-294-11,#ABDDA4,-105.2030833,39.78458333,15 - 20 Deg. F. / 3 - 6,,15 - 20 Deg. F.,6-Mar,15 - 20 Deg. F. / 3 - 6,15 - 20 / semi-humid,CO.4,#698b69,"semi-humid, warm",#ABDDA4,H,NA,NA
ARFR-WY040-71-10,white,4,14,24,NA,736,1,1,0,NA,1,1,NA,1,1,NA,1,1,NA,1,1,N,1,1,NA,NA,NA,NA,NA,NA,NA,NA,NA,ARFR4-SOS-WY040-71-10,#66C2A5,-109.2433156,41.13271889,5 - 10 Deg. F. / 3 - 6,,5 - 10 Deg. F.,6-Mar,5 - 10 Deg. F. / 3 - 6,5 - 10 / semi-humid,WY.1,#a5c2f1,"semi-humid, cold",#66C2A5,I,NA,NA
ARFR-NM930N-66-11,white,4,14,25,218,737,1,1,0,NA,1,0,NA,1,1,NA,1,1,NA,1,1,N,1,1,NA,NA,NA,NA,NA,NA,NA,NA,NA,ARFR4-SOS-NM930N-66-11,#F46D43,-107.2045028,36.76818611,10 - 15 Deg. F. / 3 - 6,,10 - 15 Deg. F.,6-Mar,10 - 15 Deg. F. / 3 - 6,10 - 15 / semi-humid,NM.1,#66e566,"semi-humid, cool",#F46D43,C,NA,NA
ARFR-AZ930-422-NAVAJO-18,white,4,14,26,NA,738,1,0,NA,NA,0,NA,NA,0,NA,NA,0,NA,NA,0,NA,N,0,NA,NA,NA,NA,NA,NA,NA,Y,Y,Harvested,ARFR4-SOS-AZ930-422-NAVAJO-18,#D53E4F,-110.431,36.56805,15 - 20 Deg. F. / 6 - 12,Lats corrected 20230127,15 - 20 Deg. F.,12-Jun,15 - 20 Deg. F. / 6 - 12,15 - 20 / semi-arid,AZ.2,#ee5c42,"semi-arid, warm",#D53E4F,B,NA,Y
ARFR-UT080-109-UINTAH-12,white,4,14,27,NA,739,1,1,0,NA,1,1,NA,1,1,NA,1,1,NA,1,1,N,1,1,NA,NA,NA,NA,NA,NA,NA,NA,NA,ARFR4-SOS-UT080-109-UINTAH-12,#aabe7f,-109.1426444,39.70802222,10 - 15 Deg. F. / 3 - 6,,10 - 15 Deg. F.,6-Mar,10 - 15 Deg. F. / 3 - 6,10 - 15 / semi-humid,UT.1,#66e566,"semi-humid, cool",#aabe7f,G,NA,NA
ARFR-WY040-71-10,white,4,14,28,NA,740,1,1,1,NA,1,1,NA,1,1,NA,1,1,NA,1,1,N,1,1,NA,NA,NA,NA,NA,NA,NA,NA,NA,ARFR4-SOS-WY040-71-10,#66C2A5,-109.2433156,41.13271889,5 - 10 Deg. F. / 3 - 6,,5 - 10 Deg. F.,6-Mar,5 - 10 Deg. F. / 3 - 6,5 - 10 / semi-humid,WY.1,#a5c2f1,"semi-humid, cold",#66C2A5,I,NA,NA
ARFR-WY050-49-FREMONT-12,white,4,14,29,NA,741,1,1,0,NA,1,1,NA,1,1,NA,1,1,NA,1,1,N,1,1,NA,NA,NA,NA,NA,NA,NA,NA,NA,ARFR4-SOS-WY050-49-FREMONT-12,#5E4FA2,-109.34775,43.42663611,5 - 10 Deg. F. / 6 - 12,,5 - 10 Deg. F.,12-Jun,5 - 10 Deg. F. / 6 - 12,5 - 10 / semi-arid,WY.3,#ffb90f,"semi-arid, cold",#5E4FA2,K,NA,NA
ARFR-CO932-314-JEFFERSON-12,white,4,14,30,219,742,1,1,0,NA,1,1,NA,1,1,NA,1,1,NA,1,1,N,1,1,NA,NA,NA,NA,NA,NA,NA,NA,NA,ARFR4-SOS-CO932-314-JEFFERSON-12,#FEE08B,-105.3553333,39.40902778,10 - 15 Deg. F. / 3 - 6,,10 - 15 Deg. F.,6-Mar,10 - 15 Deg. F. / 3 - 6,10 - 15 / semi-humid,CO.2,#66e566,"semi-humid, cool",#FEE08B,E,NA,NA
ARFR-WY930-44-LASANIMAS-13,white,4,14,31,NA,743,1,1,0,NA,1,0,NA,1,0,NA,1,0,NA,1,1,N,1,1,NA,NA,NA,NA,NA,NA,NA,NA,NA,ARFR4-SOS-WY930-44-LASANIMAS-13,#FDAE61,-104.6423889,37.16547222,15 - 20 Deg. F. / 3 - 6,,15 - 20 Deg. F.,6-Mar,15 - 20 Deg. F. / 3 - 6,15 - 20 / semi-humid,CO.1,#698b69,"semi-humid, warm",#FDAE61,D,NA,NA
ARFR-WY050-151-FREMONT-16,white,4,14,32,NA,744,1,1,0,NA,1,1,NA,1,1,NA,1,1,NA,1,1,N,1,1,NA,NA,NA,NA,NA,NA,NA,NA,NA,ARFR4-SOS-WY050-151-FREMONT-16,#3288BD,-108.1704472,42.47886111,10 - 15 Deg. F. / 6 - 12,,10 - 15 Deg. F.,12-Jun,10 - 15 Deg. F. / 6 - 12,10 - 15 / semi-arid,WY.2,#cd8500,"semi-arid, cool",#3288BD,J,NA,NA
ARFR-WY050-49-FREMONT-12,white,4,14,33,NA,745,0,0,NA,NA,0,NA,NA,0,NA,NA,0,NA,NA,0,NA,N,0,NA,NA,NA,NA,NA,NA,NA,NA,NA,NA,ARFR4-SOS-WY050-49-FREMONT-12,#5E4FA2,-109.34775,43.42663611,5 - 10 Deg. F. / 6 - 12,,5 - 10 Deg. F.,12-Jun,5 - 10 Deg. F. / 6 - 12,5 - 10 / semi-arid,WY.3,#ffb90f,"semi-arid, cold",#5E4FA2,K,NA,NA
ARFR-WY930-44-LASANIMAS-13,white,4,14,34,NA,746,1,1,NA,NA,1,0,NA,1,0,NA,1,0,NA,1,0,N,1,0,NA,NA,NA,NA,NA,NA,NA,NA,NA,ARFR4-SOS-WY930-44-LASANIMAS-13,#FDAE61,-104.6423889,37.16547222,15 - 20 Deg. F. / 3 - 6,,15 - 20 Deg. F.,6-Mar,15 - 20 Deg. F. / 3 - 6,15 - 20 / semi-humid,CO.1,#698b69,"semi-humid, warm",#FDAE61,D,NA,NA
ARFR-CO932-314-JEFFERSON-12,white,4,14,35,220,747,1,0,NA,NA,0,NA,NA,0,NA,NA,0,0,NA,1,1,N,1,1,NA,NA,NA,NA,NA,NA,Y,NA,NA,ARFR4-SOS-CO932-314-JEFFERSON-12,#FEE08B,-105.3553333,39.40902778,10 - 15 Deg. F. / 3 - 6,,10 - 15 Deg. F.,6-Mar,10 - 15 Deg. F. / 3 - 6,10 - 15 / semi-humid,CO.2,#66e566,"semi-humid, cool",#FEE08B,E,NA,NA
ARFR-WY050-151-FREMONT-16,white,4,14,36,NA,748,1,1,1,NA,1,1,NA,1,1,NA,1,1,NA,1,1,N,1,1,NA,NA,NA,NA,NA,NA,NA,NA,NA,ARFR4-SOS-WY050-151-FREMONT-16,#3288BD,-108.1704472,42.47886111,10 - 15 Deg. F. / 6 - 12,,10 - 15 Deg. F.,12-Jun,10 - 15 Deg. F. / 6 - 12,10 - 15 / semi-arid,WY.2,#cd8500,"semi-arid, cool",#3288BD,J,NA,NA
ARFR-WY050-49-FREMONT-12,white,4,14,37,NA,749,1,1,NA,NA,1,0,sprouts,1,0,NA,1,NA,NA,1,1,N,1,1,NA,NA,NA,NA,NA,NA,Y,Y,Harvested,ARFR4-SOS-WY050-49-FREMONT-12,#5E4FA2,-109.34775,43.42663611,5 - 10 Deg. F. / 6 - 12,,5 - 10 Deg. F.,12-Jun,5 - 10 Deg. F. / 6 - 12,5 - 10 / semi-arid,WY.3,#ffb90f,"semi-arid, cold",#5E4FA2,K,NA,Y
ARFR-UT080-109-UINTAH-12,white,4,14,38,NA,750,1,1,0,NA,1,1,NA,1,1,NA,1,1,NA,1,1,N,1,1,NA,NA,NA,NA,NA,NA,NA,NA,NA,ARFR4-SOS-UT080-109-UINTAH-12,#aabe7f,-109.1426444,39.70802222,10 - 15 Deg. F. / 3 - 6,,10 - 15 Deg. F.,6-Mar,10 - 15 Deg. F. / 3 - 6,10 - 15 / semi-humid,UT.1,#66e566,"semi-humid, cool",#aabe7f,G,NA,NA
ARFR-WY050-49-FREMONT-12,white,4,14,39,NA,751,1,1,0,NA,1,1,NA,1,1,NA,1,1,NA,1,1,N,1,1,NA,NA,NA,NA,NA,NA,NA,NA,NA,ARFR4-SOS-WY050-49-FREMONT-12,#5E4FA2,-109.34775,43.42663611,5 - 10 Deg. F. / 6 - 12,,5 - 10 Deg. F.,12-Jun,5 - 10 Deg. F. / 6 - 12,5 - 10 / semi-arid,WY.3,#ffb90f,"semi-arid, cold",#5E4FA2,K,NA,NA
ARFR-UT080-109-UINTAH-12,white,4,14,40,221,752,1,1,0,NA,1,1,NA,1,1,NA,1,1,NA,1,1,N,1,1,NA,NA,NA,NA,NA,NA,NA,NA,NA,ARFR4-SOS-UT080-109-UINTAH-12,#aabe7f,-109.1426444,39.70802222,10 - 15 Deg. F. / 3 - 6,,10 - 15 Deg. F.,6-Mar,10 - 15 Deg. F. / 3 - 6,10 - 15 / semi-humid,UT.1,#66e566,"semi-humid, cool",#aabe7f,G,NA,NA
ARFR-AZ930-422-NAVAJO-18,white,4,14,41,NA,753,1,1,0,NA,1,1,NA,1,1,NA,1,1,NA,1,1,N,1,1,NA,NA,NA,NA,NA,NA,NA,NA,NA,ARFR4-SOS-AZ930-422-NAVAJO-18,#D53E4F,-110.431,36.56805,15 - 20 Deg. F. / 6 - 12,Lats corrected 20230127,15 - 20 Deg. F.,12-Jun,15 - 20 Deg. F. / 6 - 12,15 - 20 / semi-arid,AZ.2,#ee5c42,"semi-arid, warm",#D53E4F,B,NA,NA
ARFR-AZ930-423-NAVAJO-18,white,4,14,42,NA,754,1,1,0,NA,1,1,NA,1,1,NA,1,1,NA,1,1,N,1,1,NA,NA,NA,NA,NA,NA,NA,NA,NA,ARFR4-SOS-AZ930-423-NAVAJO-18,#9E0142,-110.431,36.45877,15 - 20 Deg. F. / 6 - 12,SdZones downloaded 20230823,15 - 20 Deg. F.,12-Jun,15 - 20 Deg. F. / 6 - 12,15 - 20 / semi-arid,AZ.1,#ee5c42,"semi-arid, warm",#9E0142,A,NA,NA
ARFR-WY050-151-FREMONT-16,white,4,14,43,NA,755,1,1,NA,NA,1,0,NA,1,0,NA,1,1,NA,1,1,N,1,1,NA,NA,NA,NA,NA,NA,NA,NA,NA,ARFR4-SOS-WY050-151-FREMONT-16,#3288BD,-108.1704472,42.47886111,10 - 15 Deg. F. / 6 - 12,,10 - 15 Deg. F.,12-Jun,10 - 15 Deg. F. / 6 - 12,10 - 15 / semi-arid,WY.2,#cd8500,"semi-arid, cool",#3288BD,J,NA,NA
ARFR-WY040-71-10,white,4,14,44,NA,756,1,1,1,NA,1,1,NA,1,1,NA,1,1,NA,1,1,N,1,1,NA,NA,NA,NA,NA,NA,NA,NA,NA,ARFR4-SOS-WY040-71-10,#66C2A5,-109.2433156,41.13271889,5 - 10 Deg. F. / 3 - 6,,5 - 10 Deg. F.,6-Mar,5 - 10 Deg. F. / 3 - 6,5 - 10 / semi-humid,WY.1,#a5c2f1,"semi-humid, cold",#66C2A5,I,NA,NA
ARFR-WY050-49-FREMONT-12,white,4,14,45,222,757,1,1,0,NA,1,1,NA,1,1,NA,1,1,NA,1,1,N,1,1,NA,NA,NA,NA,NA,NA,NA,NA,NA,ARFR4-SOS-WY050-49-FREMONT-12,#5E4FA2,-109.34775,43.42663611,5 - 10 Deg. F. / 6 - 12,,5 - 10 Deg. F.,12-Jun,5 - 10 Deg. F. / 6 - 12,5 - 10 / semi-arid,WY.3,#ffb90f,"semi-arid, cold",#5E4FA2,K,NA,NA
ARFR-WY050-49-FREMONT-12,white,4,14,46,NA,758,1,1,0,NA,1,1,NA,1,1,NA,1,1,NA,1,1,N,1,1,NA,NA,NA,NA,NA,NA,NA,NA,NA,ARFR4-SOS-WY050-49-FREMONT-12,#5E4FA2,-109.34775,43.42663611,5 - 10 Deg. F. / 6 - 12,,5 - 10 Deg. F.,12-Jun,5 - 10 Deg. F. / 6 - 12,5 - 10 / semi-arid,WY.3,#ffb90f,"semi-arid, cold",#5E4FA2,K,NA,NA
ARFR-WY930-44-LASANIMAS-13,white,4,14,47,NA,759,1,1,0,NA,1,1,NA,1,1,NA,1,1,NA,1,0,Y,1,0,NA,NA,NA,NA,NA,Y,NA,NA,NA,ARFR4-SOS-WY930-44-LASANIMAS-13,#FDAE61,-104.6423889,37.16547222,15 - 20 Deg. F. / 3 - 6,,15 - 20 Deg. F.,6-Mar,15 - 20 Deg. F. / 3 - 6,15 - 20 / semi-humid,CO.1,#698b69,"semi-humid, warm",#FDAE61,D,NA,NA
ARFR-WY050-151-FREMONT-16,white,4,14,48,NA,760,1,1,0,NA,1,1,NA,1,1,NA,1,1,NA,1,1,N,1,1,NA,NA,NA,NA,NA,NA,NA,NA,NA,ARFR4-SOS-WY050-151-FREMONT-16,#3288BD,-108.1704472,42.47886111,10 - 15 Deg. F. / 6 - 12,,10 - 15 Deg. F.,12-Jun,10 - 15 Deg. F. / 6 - 12,10 - 15 / semi-arid,WY.2,#cd8500,"semi-arid, cool",#3288BD,J,NA,NA
ARFR-NM930N-66-11,white,4,14,49,NA,761,1,1,0,NA,1,0,NA,1,0,NA,1,0,NA,1,1,N,1,1,NA,NA,NA,NA,NA,NA,NA,NA,NA,ARFR4-SOS-NM930N-66-11,#F46D43,-107.2045028,36.76818611,10 - 15 Deg. F. / 3 - 6,,10 - 15 Deg. F.,6-Mar,10 - 15 Deg. F. / 3 - 6,10 - 15 / semi-humid,NM.1,#66e566,"semi-humid, cool",#F46D43,C,NA,NA
ARFR-WY930-44-LASANIMAS-13,white,4,14,50,223,762,1,1,0,NA,1,0,NA,1,0,NA,1,0,NA,1,1,N,1,1,NA,NA,NA,NA,NA,NA,NA,NA,NA,ARFR4-SOS-WY930-44-LASANIMAS-13,#FDAE61,-104.6423889,37.16547222,15 - 20 Deg. F. / 3 - 6,,15 - 20 Deg. F.,6-Mar,15 - 20 Deg. F. / 3 - 6,15 - 20 / semi-humid,CO.1,#698b69,"semi-humid, warm",#FDAE61,D,NA,NA
ARFR-CO932-314-JEFFERSON-12,white,4,14,51,NA,763,1,1,0,NA,1,0,NA,1,0,NA,1,0,NA,1,1,N,1,1,NA,NA,NA,NA,NA,NA,NA,NA,NA,ARFR4-SOS-CO932-314-JEFFERSON-12,#FEE08B,-105.3553333,39.40902778,10 - 15 Deg. F. / 3 - 6,,10 - 15 Deg. F.,6-Mar,10 - 15 Deg. F. / 3 - 6,10 - 15 / semi-humid,CO.2,#66e566,"semi-humid, cool",#FEE08B,E,NA,NA
ARFR-CO932-294-11,white,4,14,52,NA,764,1,1,0,NA,1,0,NA,1,0,NA,1,0,NA,1,1,N,1,1,NA,NA,NA,NA,NA,NA,NA,NA,NA,ARFR4-SOS-CO932-294-11,#ABDDA4,-105.2030833,39.78458333,15 - 20 Deg. F. / 3 - 6,,15 - 20 Deg. F.,6-Mar,15 - 20 Deg. F. / 3 - 6,15 - 20 / semi-humid,CO.4,#698b69,"semi-humid, warm",#ABDDA4,H,NA,NA
ARFR-WY050-49-FREMONT-12,white,4,14,53,NA,765,1,1,0,NA,1,1,NA,1,1,NA,1,1,NA,1,1,N,1,1,NA,NA,NA,NA,NA,NA,NA,NA,NA,ARFR4-SOS-WY050-49-FREMONT-12,#5E4FA2,-109.34775,43.42663611,5 - 10 Deg. F. / 6 - 12,,5 - 10 Deg. F.,12-Jun,5 - 10 Deg. F. / 6 - 12,5 - 10 / semi-arid,WY.3,#ffb90f,"semi-arid, cold",#5E4FA2,K,NA,NA
ARFR-AZ930-422-NAVAJO-18,white,4,14,54,NA,766,1,1,0,NA,1,1,NA,1,1,NA,1,1,NA,1,1,N,1,1,NA,NA,NA,NA,NA,NA,NA,NA,NA,ARFR4-SOS-AZ930-422-NAVAJO-18,#D53E4F,-110.431,36.56805,15 - 20 Deg. F. / 6 - 12,Lats corrected 20230127,15 - 20 Deg. F.,12-Jun,15 - 20 Deg. F. / 6 - 12,15 - 20 / semi-arid,AZ.2,#ee5c42,"semi-arid, warm",#D53E4F,B,NA,NA
ARFR-AZ930-423-NAVAJO-18,white,4,14,55,224,767,1,1,0,NA,1,1,NA,1,1,NA,1,1,NA,1,1,N,1,1,NA,NA,NA,NA,NA,NA,NA,NA,NA,ARFR4-SOS-AZ930-423-NAVAJO-18,#9E0142,-110.431,36.45877,15 - 20 Deg. F. / 6 - 12,SdZones downloaded 20230823,15 - 20 Deg. F.,12-Jun,15 - 20 Deg. F. / 6 - 12,15 - 20 / semi-arid,AZ.1,#ee5c42,"semi-arid, warm",#9E0142,A,NA,NA
ARFR-CO932-314-JEFFERSON-12,white,4,15,1,225,768,1,1,0,NA,1,1,NA,1,1,NA,1,1,NA,1,1,N,1,1,NA,NA,NA,NA,NA,NA,NA,NA,NA,ARFR4-SOS-CO932-314-JEFFERSON-12,#FEE08B,-105.3553333,39.40902778,10 - 15 Deg. F. / 3 - 6,,10 - 15 Deg. F.,6-Mar,10 - 15 Deg. F. / 3 - 6,10 - 15 / semi-humid,CO.2,#66e566,"semi-humid, cool",#FEE08B,E,NA,NA
ARFR-UT080-109-UINTAH-12,white,4,15,2,NA,769,1,1,0,NA,1,1,NA,1,1,NA,1,1,NA,1,1,N,1,1,NA,NA,NA,NA,NA,NA,NA,NA,NA,ARFR4-SOS-UT080-109-UINTAH-12,#aabe7f,-109.1426444,39.70802222,10 - 15 Deg. F. / 3 - 6,,10 - 15 Deg. F.,6-Mar,10 - 15 Deg. F. / 3 - 6,10 - 15 / semi-humid,UT.1,#66e566,"semi-humid, cool",#aabe7f,G,NA,NA
ARFR-AZ930-423-NAVAJO-18,white,4,15,3,NA,770,1,1,0,NA,1,1,NA,1,1,NA,1,1,NA,1,1,N,1,1,NA,NA,NA,NA,NA,NA,NA,NA,NA,ARFR4-SOS-AZ930-423-NAVAJO-18,#9E0142,-110.431,36.45877,15 - 20 Deg. F. / 6 - 12,SdZones downloaded 20230823,15 - 20 Deg. F.,12-Jun,15 - 20 Deg. F. / 6 - 12,15 - 20 / semi-arid,AZ.1,#ee5c42,"semi-arid, warm",#9E0142,A,NA,NA
ARFR-WY050-151-FREMONT-16,white,4,15,4,NA,771,1,1,0,NA,1,1,NA,1,1,NA,1,1,NA,1,1,N,1,1,NA,NA,NA,NA,NA,NA,NA,NA,NA,ARFR4-SOS-WY050-151-FREMONT-16,#3288BD,-108.1704472,42.47886111,10 - 15 Deg. F. / 6 - 12,,10 - 15 Deg. F.,12-Jun,10 - 15 Deg. F. / 6 - 12,10 - 15 / semi-arid,WY.2,#cd8500,"semi-arid, cool",#3288BD,J,NA,NA
ARFR-AZ930-422-NAVAJO-18,white,4,15,5,226,772,1,1,0,NA,1,1,NA,1,1,NA,1,1,NA,1,1,N,1,1,NA,NA,NA,NA,NA,NA,NA,NA,NA,ARFR4-SOS-AZ930-422-NAVAJO-18,#D53E4F,-110.431,36.56805,15 - 20 Deg. F. / 6 - 12,Lats corrected 20230127,15 - 20 Deg. F.,12-Jun,15 - 20 Deg. F. / 6 - 12,15 - 20 / semi-arid,AZ.2,#ee5c42,"semi-arid, warm",#D53E4F,B,NA,NA
ARFR-WY050-49-FREMONT-12,white,4,15,6,NA,773,1,1,0,NA,1,1,NA,1,1,NA,1,1,NA,1,1,N,1,1,NA,NA,NA,NA,NA,NA,NA,NA,NA,ARFR4-SOS-WY050-49-FREMONT-12,#5E4FA2,-109.34775,43.42663611,5 - 10 Deg. F. / 6 - 12,,5 - 10 Deg. F.,12-Jun,5 - 10 Deg. F. / 6 - 12,5 - 10 / semi-arid,WY.3,#ffb90f,"semi-arid, cold",#5E4FA2,K,NA,NA
ARFR-CO932-294-11,white,4,15,7,NA,774,1,1,0,NA,1,0,NA,1,1,NA,1,0,NA,1,1,N,1,1,NA,NA,NA,NA,NA,NA,NA,NA,NA,ARFR4-SOS-CO932-294-11,#ABDDA4,-105.2030833,39.78458333,15 - 20 Deg. F. / 3 - 6,,15 - 20 Deg. F.,6-Mar,15 - 20 Deg. F. / 3 - 6,15 - 20 / semi-humid,CO.4,#698b69,"semi-humid, warm",#ABDDA4,H,NA,NA
ARFR-WY050-151-FREMONT-16,white,4,15,8,NA,775,1,1,0,NA,1,1,NA,1,1,NA,1,1,NA,1,1,N,1,1,NA,NA,NA,NA,NA,NA,NA,NA,NA,ARFR4-SOS-WY050-151-FREMONT-16,#3288BD,-108.1704472,42.47886111,10 - 15 Deg. F. / 6 - 12,,10 - 15 Deg. F.,12-Jun,10 - 15 Deg. F. / 6 - 12,10 - 15 / semi-arid,WY.2,#cd8500,"semi-arid, cool",#3288BD,J,NA,NA
ARFR-CO932-294-11,white,4,15,9,NA,776,1,1,0,NA,1,0,NA,1,0,NA,1,0,NA,1,0,N,1,0,NA,NA,NA,NA,NA,NA,NA,NA,NA,ARFR4-SOS-CO932-294-11,#ABDDA4,-105.2030833,39.78458333,15 - 20 Deg. F. / 3 - 6,,15 - 20 Deg. F.,6-Mar,15 - 20 Deg. F. / 3 - 6,15 - 20 / semi-humid,CO.4,#698b69,"semi-humid, warm",#ABDDA4,H,NA,NA
ARFR-AZ930-422-NAVAJO-18,white,4,15,10,227,777,1,1,0,NA,1,1,NA,1,1,NA,1,1,NA,1,1,N,1,1,NA,NA,NA,NA,NA,NA,NA,NA,NA,ARFR4-SOS-AZ930-422-NAVAJO-18,#D53E4F,-110.431,36.56805,15 - 20 Deg. F. / 6 - 12,Lats corrected 20230127,15 - 20 Deg. F.,12-Jun,15 - 20 Deg. F. / 6 - 12,15 - 20 / semi-arid,AZ.2,#ee5c42,"semi-arid, warm",#D53E4F,B,NA,NA
ARFR-UT080-109-UINTAH-12,white,4,15,11,NA,778,1,1,0,NA,1,1,NA,1,1,NA,1,1,NA,1,1,N,1,1,NA,NA,NA,NA,NA,NA,NA,NA,NA,ARFR4-SOS-UT080-109-UINTAH-12,#aabe7f,-109.1426444,39.70802222,10 - 15 Deg. F. / 3 - 6,,10 - 15 Deg. F.,6-Mar,10 - 15 Deg. F. / 3 - 6,10 - 15 / semi-humid,UT.1,#66e566,"semi-humid, cool",#aabe7f,G,NA,NA
ARFR-AZ930-422-NAVAJO-18,white,4,15,12,NA,779,1,1,0,NA,1,1,NA,1,1,NA,1,1,NA,1,1,N,1,1,NA,NA,NA,NA,NA,NA,NA,NA,NA,ARFR4-SOS-AZ930-422-NAVAJO-18,#D53E4F,-110.431,36.56805,15 - 20 Deg. F. / 6 - 12,Lats corrected 20230127,15 - 20 Deg. F.,12-Jun,15 - 20 Deg. F. / 6 - 12,15 - 20 / semi-arid,AZ.2,#ee5c42,"semi-arid, warm",#D53E4F,B,NA,NA
ARFR-NM930N-66-11,white,4,15,13,NA,780,1,1,0,NA,1,1,NA,1,1,NA,1,1,NA,1,1,N,1,1,NA,NA,NA,NA,NA,NA,NA,NA,NA,ARFR4-SOS-NM930N-66-11,#F46D43,-107.2045028,36.76818611,10 - 15 Deg. F. / 3 - 6,,10 - 15 Deg. F.,6-Mar,10 - 15 Deg. F. / 3 - 6,10 - 15 / semi-humid,NM.1,#66e566,"semi-humid, cool",#F46D43,C,NA,NA
ARFR-CO932-294-11,white,4,15,14,NA,781,1,1,0,NA,1,0,NA,1,0,NA,1,1,NA,1,0,N,1,0,NA,NA,NA,NA,NA,Y,NA,NA,NA,ARFR4-SOS-CO932-294-11,#ABDDA4,-105.2030833,39.78458333,15 - 20 Deg. F. / 3 - 6,,15 - 20 Deg. F.,6-Mar,15 - 20 Deg. F. / 3 - 6,15 - 20 / semi-humid,CO.4,#698b69,"semi-humid, warm",#ABDDA4,H,NA,NA
ARFR-AZ930-422-NAVAJO-18,white,4,15,15,228,782,1,1,0,NA,1,0,NA,1,0,NA,1,0,NA,1,1,N,1,1,NA,NA,NA,NA,NA,NA,NA,NA,NA,ARFR4-SOS-AZ930-422-NAVAJO-18,#D53E4F,-110.431,36.56805,15 - 20 Deg. F. / 6 - 12,Lats corrected 20230127,15 - 20 Deg. F.,12-Jun,15 - 20 Deg. F. / 6 - 12,15 - 20 / semi-arid,AZ.2,#ee5c42,"semi-arid, warm",#D53E4F,B,NA,NA
ARFR-CO932-294-11,white,4,15,16,NA,783,1,1,0,NA,1,0,NA,1,0,NA,1,0,NA,1,1,N,1,1,NA,NA,NA,NA,NA,NA,NA,NA,NA,ARFR4-SOS-CO932-294-11,#ABDDA4,-105.2030833,39.78458333,15 - 20 Deg. F. / 3 - 6,,15 - 20 Deg. F.,6-Mar,15 - 20 Deg. F. / 3 - 6,15 - 20 / semi-humid,CO.4,#698b69,"semi-humid, warm",#ABDDA4,H,NA,NA
ARFR-WY040-71-10,white,4,15,17,NA,784,1,1,1,NA,1,1,NA,1,1,NA,1,1,NA,1,1,N,1,1,NA,NA,NA,NA,NA,NA,NA,NA,NA,ARFR4-SOS-WY040-71-10,#66C2A5,-109.2433156,41.13271889,5 - 10 Deg. F. / 3 - 6,,5 - 10 Deg. F.,6-Mar,5 - 10 Deg. F. / 3 - 6,5 - 10 / semi-humid,WY.1,#a5c2f1,"semi-humid, cold",#66C2A5,I,NA,NA
ARFR-CO932-316-JEFFERSON-12,white,4,15,18,NA,785,1,1,0,NA,1,0,NA,1,0,NA,1,1,NA,1,1,N,1,1,NA,NA,NA,NA,NA,NA,NA,NA,NA,ARFR4-SOS-CO932-316-JEFFERSON-12,#FFFF85,-105.358,39.66325,15 - 20 Deg. F. / 3 - 6,,15 - 20 Deg. F.,6-Mar,15 - 20 Deg. F. / 3 - 6,15 - 20 / semi-humid,CO.3,#698b69,"semi-humid, warm",#FFFF85,F,NA,NA
ARFR-CO932-314-JEFFERSON-12,white,4,15,19,NA,786,1,1,0,NA,1,0,NA,1,0,NA,1,0,NA,1,1,N,1,1,NA,NA,NA,NA,NA,NA,NA,NA,NA,ARFR4-SOS-CO932-314-JEFFERSON-12,#FEE08B,-105.3553333,39.40902778,10 - 15 Deg. F. / 3 - 6,,10 - 15 Deg. F.,6-Mar,10 - 15 Deg. F. / 3 - 6,10 - 15 / semi-humid,CO.2,#66e566,"semi-humid, cool",#FEE08B,E,NA,NA
ARFR-NM930N-66-11,white,4,15,20,229,787,1,1,0,NA,1,0,NA,1,0,NA,1,1,NA,1,1,N,1,1,NA,NA,NA,NA,NA,NA,NA,NA,NA,ARFR4-SOS-NM930N-66-11,#F46D43,-107.2045028,36.76818611,10 - 15 Deg. F. / 3 - 6,,10 - 15 Deg. F.,6-Mar,10 - 15 Deg. F. / 3 - 6,10 - 15 / semi-humid,NM.1,#66e566,"semi-humid, cool",#F46D43,C,NA,NA
ARFR-CO932-294-11,white,4,15,21,NA,788,1,1,0,NA,1,0,NA,1,0,NA,1,0,NA,1,1,N,1,1,NA,NA,NA,NA,NA,NA,NA,NA,NA,ARFR4-SOS-CO932-294-11,#ABDDA4,-105.2030833,39.78458333,15 - 20 Deg. F. / 3 - 6,,15 - 20 Deg. F.,6-Mar,15 - 20 Deg. F. / 3 - 6,15 - 20 / semi-humid,CO.4,#698b69,"semi-humid, warm",#ABDDA4,H,NA,NA
ARFR-UT080-109-UINTAH-12,white,4,15,22,NA,789,1,1,0,NA,1,0,NA,1,0,NA,1,0,NA,1,1,N,1,1,NA,NA,NA,NA,NA,NA,NA,NA,NA,ARFR4-SOS-UT080-109-UINTAH-12,#aabe7f,-109.1426444,39.70802222,10 - 15 Deg. F. / 3 - 6,,10 - 15 Deg. F.,6-Mar,10 - 15 Deg. F. / 3 - 6,10 - 15 / semi-humid,UT.1,#66e566,"semi-humid, cool",#aabe7f,G,NA,NA
ARFR-CO932-294-11,white,4,15,23,NA,790,1,1,0,NA,1,0,NA,1,1,NA,1,1,NA,1,0,N,1,0,NA,NA,NA,NA,NA,Y,NA,NA,NA,ARFR4-SOS-CO932-294-11,#ABDDA4,-105.2030833,39.78458333,15 - 20 Deg. F. / 3 - 6,,15 - 20 Deg. F.,6-Mar,15 - 20 Deg. F. / 3 - 6,15 - 20 / semi-humid,CO.4,#698b69,"semi-humid, warm",#ABDDA4,H,NA,NA
ARFR-CO932-316-JEFFERSON-12,white,4,15,24,NA,791,1,1,0,NA,1,1,NA,1,1,NA,1,1,NA,1,1,Y,1,1,NA,NA,NA,NA,NA,NA,NA,NA,NA,ARFR4-SOS-CO932-316-JEFFERSON-12,#FFFF85,-105.358,39.66325,15 - 20 Deg. F. / 3 - 6,,15 - 20 Deg. F.,6-Mar,15 - 20 Deg. F. / 3 - 6,15 - 20 / semi-humid,CO.3,#698b69,"semi-humid, warm",#FFFF85,F,NA,NA
ARFR-AZ930-422-NAVAJO-18,white,4,15,25,230,792,1,1,0,NA,1,0,NA,1,1,NA,1,1,NA,1,1,N,1,1,NA,NA,NA,NA,NA,NA,NA,NA,NA,ARFR4-SOS-AZ930-422-NAVAJO-18,#D53E4F,-110.431,36.56805,15 - 20 Deg. F. / 6 - 12,Lats corrected 20230127,15 - 20 Deg. F.,12-Jun,15 - 20 Deg. F. / 6 - 12,15 - 20 / semi-arid,AZ.2,#ee5c42,"semi-arid, warm",#D53E4F,B,NA,NA
ARFR-CO932-316-JEFFERSON-12,white,4,15,26,NA,793,1,1,0,NA,1,0,NA,1,1,NA,1,1,NA,1,1,N,1,1,NA,NA,NA,NA,NA,NA,NA,NA,NA,ARFR4-SOS-CO932-316-JEFFERSON-12,#FFFF85,-105.358,39.66325,15 - 20 Deg. F. / 3 - 6,,15 - 20 Deg. F.,6-Mar,15 - 20 Deg. F. / 3 - 6,15 - 20 / semi-humid,CO.3,#698b69,"semi-humid, warm",#FFFF85,F,NA,NA
ARFR-AZ930-423-NAVAJO-18,white,4,15,27,NA,794,1,1,0,NA,1,0,NA,1,0,NA,1,1,NA,1,1,N,1,1,NA,NA,NA,NA,NA,NA,NA,NA,NA,ARFR4-SOS-AZ930-423-NAVAJO-18,#9E0142,-110.431,36.45877,15 - 20 Deg. F. / 6 - 12,SdZones downloaded 20230823,15 - 20 Deg. F.,12-Jun,15 - 20 Deg. F. / 6 - 12,15 - 20 / semi-arid,AZ.1,#ee5c42,"semi-arid, warm",#9E0142,A,NA,NA
ARFR-NM930N-66-11,white,4,15,28,NA,795,1,1,0,NA,1,0,NA,1,0,NA,1,1,NA,1,1,N,1,1,NA,NA,NA,NA,NA,NA,NA,NA,NA,ARFR4-SOS-NM930N-66-11,#F46D43,-107.2045028,36.76818611,10 - 15 Deg. F. / 3 - 6,,10 - 15 Deg. F.,6-Mar,10 - 15 Deg. F. / 3 - 6,10 - 15 / semi-humid,NM.1,#66e566,"semi-humid, cool",#F46D43,C,NA,NA
ARFR-WY040-71-10,white,4,15,29,NA,796,1,1,1,NA,1,1,NA,1,1,NA,1,1,NA,1,1,N,1,1,NA,NA,NA,NA,NA,NA,NA,NA,NA,ARFR4-SOS-WY040-71-10,#66C2A5,-109.2433156,41.13271889,5 - 10 Deg. F. / 3 - 6,,5 - 10 Deg. F.,6-Mar,5 - 10 Deg. F. / 3 - 6,5 - 10 / semi-humid,WY.1,#a5c2f1,"semi-humid, cold",#66C2A5,I,NA,NA
ARFR-UT080-109-UINTAH-12,white,4,15,30,231,797,1,1,0,NA,1,1,NA,1,1,NA,1,1,NA,1,1,N,1,1,NA,NA,NA,NA,NA,NA,NA,NA,NA,ARFR4-SOS-UT080-109-UINTAH-12,#aabe7f,-109.1426444,39.70802222,10 - 15 Deg. F. / 3 - 6,,10 - 15 Deg. F.,6-Mar,10 - 15 Deg. F. / 3 - 6,10 - 15 / semi-humid,UT.1,#66e566,"semi-humid, cool",#aabe7f,G,NA,NA
ARFR-CO932-316-JEFFERSON-12,white,4,15,31,NA,798,1,1,0,NA,1,0,NA,1,0,NA,1,1,NA,1,1,N,1,1,NA,NA,NA,NA,NA,NA,NA,NA,NA,ARFR4-SOS-CO932-316-JEFFERSON-12,#FFFF85,-105.358,39.66325,15 - 20 Deg. F. / 3 - 6,,15 - 20 Deg. F.,6-Mar,15 - 20 Deg. F. / 3 - 6,15 - 20 / semi-humid,CO.3,#698b69,"semi-humid, warm",#FFFF85,F,NA,NA
ARFR-WY930-44-LASANIMAS-13,white,4,15,32,NA,799,0,0,NA,NA,0,NA,NA,0,NA,NA,0,NA,NA,0,NA,N,0,NA,NA,NA,NA,NA,NA,NA,NA,NA,NA,ARFR4-SOS-WY930-44-LASANIMAS-13,#FDAE61,-104.6423889,37.16547222,15 - 20 Deg. F. / 3 - 6,,15 - 20 Deg. F.,6-Mar,15 - 20 Deg. F. / 3 - 6,15 - 20 / semi-humid,CO.1,#698b69,"semi-humid, warm",#FDAE61,D,NA,NA
ARFR-UT080-109-UINTAH-12,white,4,15,33,NA,800,1,1,0,NA,1,0,NA,1,0,NA,1,1,NA,1,1,N,1,1,NA,NA,NA,NA,NA,NA,NA,NA,NA,ARFR4-SOS-UT080-109-UINTAH-12,#aabe7f,-109.1426444,39.70802222,10 - 15 Deg. F. / 3 - 6,,10 - 15 Deg. F.,6-Mar,10 - 15 Deg. F. / 3 - 6,10 - 15 / semi-humid,UT.1,#66e566,"semi-humid, cool",#aabe7f,G,NA,NA
ARFR-CO932-316-JEFFERSON-12,white,4,15,34,NA,801,1,1,0,NA,1,0,NA,1,1,NA,1,1,NA,1,1,N,1,1,NA,NA,NA,NA,NA,NA,NA,NA,NA,ARFR4-SOS-CO932-316-JEFFERSON-12,#FFFF85,-105.358,39.66325,15 - 20 Deg. F. / 3 - 6,,15 - 20 Deg. F.,6-Mar,15 - 20 Deg. F. / 3 - 6,15 - 20 / semi-humid,CO.3,#698b69,"semi-humid, warm",#FFFF85,F,NA,NA
ARFR-UT080-109-UINTAH-12,white,4,15,35,232,802,1,1,0,NA,1,0,NA,1,1,NA,1,1,NA,1,1,N,1,1,NA,NA,NA,NA,NA,NA,NA,NA,NA,ARFR4-SOS-UT080-109-UINTAH-12,#aabe7f,-109.1426444,39.70802222,10 - 15 Deg. F. / 3 - 6,,10 - 15 Deg. F.,6-Mar,10 - 15 Deg. F. / 3 - 6,10 - 15 / semi-humid,UT.1,#66e566,"semi-humid, cool",#aabe7f,G,NA,NA
ARFR-WY040-71-10,white,4,15,36,NA,803,1,1,1,NA,1,1,NA,1,1,NA,1,1,NA,1,1,N,1,1,NA,NA,NA,NA,NA,NA,NA,NA,NA,ARFR4-SOS-WY040-71-10,#66C2A5,-109.2433156,41.13271889,5 - 10 Deg. F. / 3 - 6,,5 - 10 Deg. F.,6-Mar,5 - 10 Deg. F. / 3 - 6,5 - 10 / semi-humid,WY.1,#a5c2f1,"semi-humid, cold",#66C2A5,I,NA,NA
ARFR-WY050-151-FREMONT-16,white,4,15,37,NA,804,1,1,0,NA,1,1,NA,1,0,NA,1,0,NA,1,1,N,1,1,NA,NA,NA,NA,NA,NA,NA,NA,NA,ARFR4-SOS-WY050-151-FREMONT-16,#3288BD,-108.1704472,42.47886111,10 - 15 Deg. F. / 6 - 12,,10 - 15 Deg. F.,12-Jun,10 - 15 Deg. F. / 6 - 12,10 - 15 / semi-arid,WY.2,#cd8500,"semi-arid, cool",#3288BD,J,NA,NA
ARFR-UT080-109-UINTAH-12,white,4,15,38,NA,805,1,1,0,NA,1,1,NA,1,0,NA,1,1,NA,1,1,N,1,1,NA,NA,NA,NA,NA,NA,NA,NA,NA,ARFR4-SOS-UT080-109-UINTAH-12,#aabe7f,-109.1426444,39.70802222,10 - 15 Deg. F. / 3 - 6,,10 - 15 Deg. F.,6-Mar,10 - 15 Deg. F. / 3 - 6,10 - 15 / semi-humid,UT.1,#66e566,"semi-humid, cool",#aabe7f,G,NA,NA
ARFR-AZ930-422-NAVAJO-18,white,4,15,39,NA,806,1,1,0,NA,1,1,NA,1,1,NA,1,1,NA,1,1,N,1,1,NA,NA,NA,NA,NA,NA,NA,NA,NA,ARFR4-SOS-AZ930-422-NAVAJO-18,#D53E4F,-110.431,36.56805,15 - 20 Deg. F. / 6 - 12,Lats corrected 20230127,15 - 20 Deg. F.,12-Jun,15 - 20 Deg. F. / 6 - 12,15 - 20 / semi-arid,AZ.2,#ee5c42,"semi-arid, warm",#D53E4F,B,NA,NA
ARFR-WY050-151-FREMONT-16,white,4,15,40,233,807,1,1,0,NA,1,0,NA,1,1,NA,1,1,NA,1,1,N,1,1,NA,NA,NA,NA,NA,NA,NA,NA,NA,ARFR4-SOS-WY050-151-FREMONT-16,#3288BD,-108.1704472,42.47886111,10 - 15 Deg. F. / 6 - 12,,10 - 15 Deg. F.,12-Jun,10 - 15 Deg. F. / 6 - 12,10 - 15 / semi-arid,WY.2,#cd8500,"semi-arid, cool",#3288BD,J,NA,NA
ARFR-WY050-49-FREMONT-12,white,4,15,41,NA,808,1,1,0,NA,1,0,NA,1,0,NA,1,0,NA,1,1,N,1,1,NA,NA,NA,NA,NA,NA,NA,NA,NA,ARFR4-SOS-WY050-49-FREMONT-12,#5E4FA2,-109.34775,43.42663611,5 - 10 Deg. F. / 6 - 12,,5 - 10 Deg. F.,12-Jun,5 - 10 Deg. F. / 6 - 12,5 - 10 / semi-arid,WY.3,#ffb90f,"semi-arid, cold",#5E4FA2,K,NA,Y
ARFR-WY050-49-FREMONT-12,white,4,15,42,NA,809,1,1,0,NA,1,0,NA,1,0,NA,1,1,NA,1,1,N,1,1,NA,NA,NA,NA,NA,NA,NA,NA,NA,ARFR4-SOS-WY050-49-FREMONT-12,#5E4FA2,-109.34775,43.42663611,5 - 10 Deg. F. / 6 - 12,,5 - 10 Deg. F.,12-Jun,5 - 10 Deg. F. / 6 - 12,5 - 10 / semi-arid,WY.3,#ffb90f,"semi-arid, cold",#5E4FA2,K,NA,NA
ARFR-CO932-314-JEFFERSON-12,white,4,15,43,NA,810,1,1,0,NA,1,1,NA,1,1,NA,1,1,NA,1,1,N,1,1,NA,NA,NA,NA,NA,NA,NA,NA,NA,ARFR4-SOS-CO932-314-JEFFERSON-12,#FEE08B,-105.3553333,39.40902778,10 - 15 Deg. F. / 3 - 6,,10 - 15 Deg. F.,6-Mar,10 - 15 Deg. F. / 3 - 6,10 - 15 / semi-humid,CO.2,#66e566,"semi-humid, cool",#FEE08B,E,NA,NA
ARFR-WY930-44-LASANIMAS-13,white,4,15,44,NA,811,1,1,0,NA,1,1,NA,1,0,NA,1,0,NA,1,1,N,1,1,NA,NA,NA,NA,NA,NA,NA,NA,NA,ARFR4-SOS-WY930-44-LASANIMAS-13,#FDAE61,-104.6423889,37.16547222,15 - 20 Deg. F. / 3 - 6,,15 - 20 Deg. F.,6-Mar,15 - 20 Deg. F. / 3 - 6,15 - 20 / semi-humid,CO.1,#698b69,"semi-humid, warm",#FDAE61,D,NA,NA
ARFR-AZ930-423-NAVAJO-18,white,4,15,45,234,812,1,1,0,NA,1,0,NA,1,0,NA,1,0,NA,1,1,N,1,1,NA,NA,NA,NA,NA,NA,NA,NA,NA,ARFR4-SOS-AZ930-423-NAVAJO-18,#9E0142,-110.431,36.45877,15 - 20 Deg. F. / 6 - 12,SdZones downloaded 20230823,15 - 20 Deg. F.,12-Jun,15 - 20 Deg. F. / 6 - 12,15 - 20 / semi-arid,AZ.1,#ee5c42,"semi-arid, warm",#9E0142,A,NA,NA
ARFR-WY040-71-10,white,4,15,46,NA,813,1,1,1,NA,1,1,NA,1,1,NA,1,1,NA,1,1,N,1,1,dying,NA,NA,NA,NA,NA,NA,NA,NA,ARFR4-SOS-WY040-71-10,#66C2A5,-109.2433156,41.13271889,5 - 10 Deg. F. / 3 - 6,,5 - 10 Deg. F.,6-Mar,5 - 10 Deg. F. / 3 - 6,5 - 10 / semi-humid,WY.1,#a5c2f1,"semi-humid, cold",#66C2A5,I,NA,NA
ARFR-CO932-294-11,white,4,15,47,NA,814,1,1,0,NA,1,1,NA,1,0,NA,1,0,NA,1,1,N,1,1,NA,NA,NA,NA,NA,NA,NA,NA,NA,ARFR4-SOS-CO932-294-11,#ABDDA4,-105.2030833,39.78458333,15 - 20 Deg. F. / 3 - 6,,15 - 20 Deg. F.,6-Mar,15 - 20 Deg. F. / 3 - 6,15 - 20 / semi-humid,CO.4,#698b69,"semi-humid, warm",#ABDDA4,H,NA,NA
ARFR-AZ930-422-NAVAJO-18,white,4,15,48,NA,815,1,1,0,NA,1,0,NA,1,0,NA,1,0,NA,1,1,N,1,1,NA,NA,NA,NA,NA,NA,NA,NA,NA,ARFR4-SOS-AZ930-422-NAVAJO-18,#D53E4F,-110.431,36.56805,15 - 20 Deg. F. / 6 - 12,Lats corrected 20230127,15 - 20 Deg. F.,12-Jun,15 - 20 Deg. F. / 6 - 12,15 - 20 / semi-arid,AZ.2,#ee5c42,"semi-arid, warm",#D53E4F,B,NA,NA
ARFR-CO932-314-JEFFERSON-12,white,4,15,49,NA,816,1,1,0,NA,1,0,NA,1,0,NA,1,0,NA,1,1,N,1,1,NA,NA,NA,NA,NA,NA,NA,NA,NA,ARFR4-SOS-CO932-314-JEFFERSON-12,#FEE08B,-105.3553333,39.40902778,10 - 15 Deg. F. / 3 - 6,,10 - 15 Deg. F.,6-Mar,10 - 15 Deg. F. / 3 - 6,10 - 15 / semi-humid,CO.2,#66e566,"semi-humid, cool",#FEE08B,E,NA,NA
ARFR-WY040-71-10,white,4,15,50,235,817,1,1,0,NA,1,0,NA,1,1,NA,1,1,NA,1,1,N,1,1,NA,NA,NA,NA,NA,NA,NA,NA,NA,ARFR4-SOS-WY040-71-10,#66C2A5,-109.2433156,41.13271889,5 - 10 Deg. F. / 3 - 6,,5 - 10 Deg. F.,6-Mar,5 - 10 Deg. F. / 3 - 6,5 - 10 / semi-humid,WY.1,#a5c2f1,"semi-humid, cold",#66C2A5,I,NA,NA
ARFR-CO932-294-11,white,4,15,51,NA,818,1,1,0,NA,1,0,NA,1,0,NA,1,0,NA,1,1,N,1,1,NA,NA,NA,NA,NA,NA,NA,NA,NA,ARFR4-SOS-CO932-294-11,#ABDDA4,-105.2030833,39.78458333,15 - 20 Deg. F. / 3 - 6,,15 - 20 Deg. F.,6-Mar,15 - 20 Deg. F. / 3 - 6,15 - 20 / semi-humid,CO.4,#698b69,"semi-humid, warm",#ABDDA4,H,NA,NA
ARFR-WY930-44-LASANIMAS-13,white,4,15,52,NA,819,1,1,0,NA,1,1,NA,1,1,NA,1,1,NA,1,1,N,1,1,NA,NA,NA,NA,NA,NA,NA,NA,NA,ARFR4-SOS-WY930-44-LASANIMAS-13,#FDAE61,-104.6423889,37.16547222,15 - 20 Deg. F. / 3 - 6,,15 - 20 Deg. F.,6-Mar,15 - 20 Deg. F. / 3 - 6,15 - 20 / semi-humid,CO.1,#698b69,"semi-humid, warm",#FDAE61,D,NA,NA
ARFR-CO932-314-JEFFERSON-12,white,4,15,53,NA,820,1,1,0,NA,1,0,NA,1,0,NA,1,0,NA,1,1,Y,1,1,NA,NA,NA,NA,NA,NA,NA,NA,NA,ARFR4-SOS-CO932-314-JEFFERSON-12,#FEE08B,-105.3553333,39.40902778,10 - 15 Deg. F. / 3 - 6,,10 - 15 Deg. F.,6-Mar,10 - 15 Deg. F. / 3 - 6,10 - 15 / semi-humid,CO.2,#66e566,"semi-humid, cool",#FEE08B,E,NA,NA
ARFR-AZ930-422-NAVAJO-18,white,4,15,54,NA,821,1,1,0,NA,1,1,NA,1,1,NA,1,1,NA,1,1,N,1,1,NA,NA,NA,NA,NA,NA,NA,NA,NA,ARFR4-SOS-AZ930-422-NAVAJO-18,#D53E4F,-110.431,36.56805,15 - 20 Deg. F. / 6 - 12,Lats corrected 20230127,15 - 20 Deg. F.,12-Jun,15 - 20 Deg. F. / 6 - 12,15 - 20 / semi-arid,AZ.2,#ee5c42,"semi-arid, warm",#D53E4F,B,NA,NA
ARFR-AZ930-423-NAVAJO-18,white,4,15,55,236,822,0,0,NA,NA,0,NA,NA,0,NA,NA,0,NA,NA,0,NA,N,0,NA,NA,NA,NA,NA,NA,NA,NA,NA,NA,ARFR4-SOS-AZ930-423-NAVAJO-18,#9E0142,-110.431,36.45877,15 - 20 Deg. F. / 6 - 12,SdZones downloaded 20230823,15 - 20 Deg. F.,12-Jun,15 - 20 Deg. F. / 6 - 12,15 - 20 / semi-arid,AZ.1,#ee5c42,"semi-arid, warm",#9E0142,A,NA,NA
ARFR-CO932-316-JEFFERSON-12,white,4,16,1,225,823,1,1,0,NA,1,1,NA,1,1,NA,1,1,NA,1,1,N,1,1,NA,NA,NA,NA,NA,NA,NA,NA,NA,ARFR4-SOS-CO932-316-JEFFERSON-12,#FFFF85,-105.358,39.66325,15 - 20 Deg. F. / 3 - 6,,15 - 20 Deg. F.,6-Mar,15 - 20 Deg. F. / 3 - 6,15 - 20 / semi-humid,CO.3,#698b69,"semi-humid, warm",#FFFF85,F,NA,NA
ARFR-WY930-44-LASANIMAS-13,white,4,16,2,NA,824,1,1,0,NA,1,0,NA,1,0,NA,1,1,NA,1,1,N,1,1,NA,NA,NA,NA,NA,NA,NA,NA,NA,ARFR4-SOS-WY930-44-LASANIMAS-13,#FDAE61,-104.6423889,37.16547222,15 - 20 Deg. F. / 3 - 6,,15 - 20 Deg. F.,6-Mar,15 - 20 Deg. F. / 3 - 6,15 - 20 / semi-humid,CO.1,#698b69,"semi-humid, warm",#FDAE61,D,NA,NA
ARFR-WY050-49-FREMONT-12,white,4,16,3,NA,825,1,1,0,NA,1,0,NA,1,0,NA,1,1,NA,1,1,N,1,1,NA,NA,NA,NA,NA,NA,NA,NA,NA,ARFR4-SOS-WY050-49-FREMONT-12,#5E4FA2,-109.34775,43.42663611,5 - 10 Deg. F. / 6 - 12,,5 - 10 Deg. F.,12-Jun,5 - 10 Deg. F. / 6 - 12,5 - 10 / semi-arid,WY.3,#ffb90f,"semi-arid, cold",#5E4FA2,K,NA,NA
ARFR-CO932-316-JEFFERSON-12,white,4,16,4,NA,826,1,1,0,NA,1,1,NA,1,1,NA,1,1,NA,1,1,N,1,1,NA,NA,NA,NA,NA,NA,NA,NA,NA,ARFR4-SOS-CO932-316-JEFFERSON-12,#FFFF85,-105.358,39.66325,15 - 20 Deg. F. / 3 - 6,,15 - 20 Deg. F.,6-Mar,15 - 20 Deg. F. / 3 - 6,15 - 20 / semi-humid,CO.3,#698b69,"semi-humid, warm",#FFFF85,F,NA,NA
ARFR-WY930-44-LASANIMAS-13,white,4,16,5,226,827,1,1,0,NA,1,0,NA,1,0,NA,1,0,NA,1,1,N,1,1,NA,NA,NA,NA,NA,NA,NA,NA,NA,ARFR4-SOS-WY930-44-LASANIMAS-13,#FDAE61,-104.6423889,37.16547222,15 - 20 Deg. F. / 3 - 6,,15 - 20 Deg. F.,6-Mar,15 - 20 Deg. F. / 3 - 6,15 - 20 / semi-humid,CO.1,#698b69,"semi-humid, warm",#FDAE61,D,NA,NA
ARFR-WY040-71-10,white,4,16,6,NA,828,1,1,1,NA,1,1,NA,1,1,NA,1,1,NA,1,1,N,1,1,NA,NA,NA,NA,NA,NA,NA,NA,NA,ARFR4-SOS-WY040-71-10,#66C2A5,-109.2433156,41.13271889,5 - 10 Deg. F. / 3 - 6,,5 - 10 Deg. F.,6-Mar,5 - 10 Deg. F. / 3 - 6,5 - 10 / semi-humid,WY.1,#a5c2f1,"semi-humid, cold",#66C2A5,I,NA,NA
ARFR-CO932-294-11,white,4,16,7,NA,829,0,0,NA,NA,0,NA,NA,0,NA,NA,0,NA,NA,0,NA,N,0,NA,NA,NA,NA,NA,NA,NA,NA,NA,NA,ARFR4-SOS-CO932-294-11,#ABDDA4,-105.2030833,39.78458333,15 - 20 Deg. F. / 3 - 6,,15 - 20 Deg. F.,6-Mar,15 - 20 Deg. F. / 3 - 6,15 - 20 / semi-humid,CO.4,#698b69,"semi-humid, warm",#ABDDA4,H,NA,NA
ARFR-CO932-316-JEFFERSON-12,white,4,16,8,NA,830,1,1,0,NA,1,0,NA,1,0,NA,1,0,NA,1,1,N,1,1,NA,NA,NA,NA,NA,NA,NA,NA,NA,ARFR4-SOS-CO932-316-JEFFERSON-12,#FFFF85,-105.358,39.66325,15 - 20 Deg. F. / 3 - 6,,15 - 20 Deg. F.,6-Mar,15 - 20 Deg. F. / 3 - 6,15 - 20 / semi-humid,CO.3,#698b69,"semi-humid, warm",#FFFF85,F,NA,NA
ARFR-CO932-316-JEFFERSON-12,white,4,16,9,NA,831,1,1,0,NA,1,0,NA,1,0,NA,1,0,NA,1,1,N,1,1,NA,NA,NA,NA,NA,NA,NA,NA,NA,ARFR4-SOS-CO932-316-JEFFERSON-12,#FFFF85,-105.358,39.66325,15 - 20 Deg. F. / 3 - 6,,15 - 20 Deg. F.,6-Mar,15 - 20 Deg. F. / 3 - 6,15 - 20 / semi-humid,CO.3,#698b69,"semi-humid, warm",#FFFF85,F,NA,NA
ARFR-CO932-294-11,white,4,16,10,227,832,1,1,0,NA,1,0,NA,1,0,NA,1,0,NA,1,1,N,1,1,NA,NA,NA,NA,NA,NA,NA,NA,NA,ARFR4-SOS-CO932-294-11,#ABDDA4,-105.2030833,39.78458333,15 - 20 Deg. F. / 3 - 6,,15 - 20 Deg. F.,6-Mar,15 - 20 Deg. F. / 3 - 6,15 - 20 / semi-humid,CO.4,#698b69,"semi-humid, warm",#ABDDA4,H,NA,NA
ARFR-WY930-44-LASANIMAS-13,white,4,16,11,NA,833,1,1,0,NA,1,0,NA,1,0,NA,1,0,NA,1,1,N,1,1,NA,NA,NA,NA,NA,NA,NA,NA,NA,ARFR4-SOS-WY930-44-LASANIMAS-13,#FDAE61,-104.6423889,37.16547222,15 - 20 Deg. F. / 3 - 6,,15 - 20 Deg. F.,6-Mar,15 - 20 Deg. F. / 3 - 6,15 - 20 / semi-humid,CO.1,#698b69,"semi-humid, warm",#FDAE61,D,NA,NA
ARFR-WY930-44-LASANIMAS-13,white,4,16,12,NA,834,1,1,0,NA,1,0,NA,1,0,NA,1,0,NA,1,1,N,1,1,NA,NA,NA,NA,NA,NA,NA,NA,NA,ARFR4-SOS-WY930-44-LASANIMAS-13,#FDAE61,-104.6423889,37.16547222,15 - 20 Deg. F. / 3 - 6,,15 - 20 Deg. F.,6-Mar,15 - 20 Deg. F. / 3 - 6,15 - 20 / semi-humid,CO.1,#698b69,"semi-humid, warm",#FDAE61,D,NA,NA
ARFR-AZ930-422-NAVAJO-18,white,4,16,13,NA,835,1,1,0,NA,1,0,NA,1,0,NA,1,0,NA,1,0,N,1,0,NA,NA,NA,NA,NA,NA,NA,NA,NA,ARFR4-SOS-AZ930-422-NAVAJO-18,#D53E4F,-110.431,36.56805,15 - 20 Deg. F. / 6 - 12,Lats corrected 20230127,15 - 20 Deg. F.,12-Jun,15 - 20 Deg. F. / 6 - 12,15 - 20 / semi-arid,AZ.2,#ee5c42,"semi-arid, warm",#D53E4F,B,NA,NA
ARFR-UT080-109-UINTAH-12,white,4,16,14,NA,836,1,1,0,NA,1,1,NA,1,0,NA,1,0,NA,1,1,N,1,1,NA,NA,NA,NA,NA,NA,NA,NA,NA,ARFR4-SOS-UT080-109-UINTAH-12,#aabe7f,-109.1426444,39.70802222,10 - 15 Deg. F. / 3 - 6,,10 - 15 Deg. F.,6-Mar,10 - 15 Deg. F. / 3 - 6,10 - 15 / semi-humid,UT.1,#66e566,"semi-humid, cool",#aabe7f,G,NA,NA
ARFR-WY930-44-LASANIMAS-13,white,4,16,15,228,837,1,1,0,NA,1,0,NA,1,0,NA,1,1,NA,1,1,N,1,1,NA,NA,NA,NA,NA,NA,NA,NA,NA,ARFR4-SOS-WY930-44-LASANIMAS-13,#FDAE61,-104.6423889,37.16547222,15 - 20 Deg. F. / 3 - 6,,15 - 20 Deg. F.,6-Mar,15 - 20 Deg. F. / 3 - 6,15 - 20 / semi-humid,CO.1,#698b69,"semi-humid, warm",#FDAE61,D,NA,NA
ARFR-CO932-314-JEFFERSON-12,white,4,16,16,NA,838,1,1,0,NA,1,0,NA,1,0,NA,1,0,NA,1,1,Y,1,1,NA,NA,NA,NA,NA,NA,NA,NA,NA,ARFR4-SOS-CO932-314-JEFFERSON-12,#FEE08B,-105.3553333,39.40902778,10 - 15 Deg. F. / 3 - 6,,10 - 15 Deg. F.,6-Mar,10 - 15 Deg. F. / 3 - 6,10 - 15 / semi-humid,CO.2,#66e566,"semi-humid, cool",#FEE08B,E,NA,NA
ARFR-AZ930-423-NAVAJO-18,white,4,16,17,NA,839,1,1,0,NA,1,0,NA,1,0,NA,1,1,NA,1,1,N,1,1,NA,NA,NA,NA,NA,NA,NA,NA,NA,ARFR4-SOS-AZ930-423-NAVAJO-18,#9E0142,-110.431,36.45877,15 - 20 Deg. F. / 6 - 12,SdZones downloaded 20230823,15 - 20 Deg. F.,12-Jun,15 - 20 Deg. F. / 6 - 12,15 - 20 / semi-arid,AZ.1,#ee5c42,"semi-arid, warm",#9E0142,A,NA,NA
ARFR-UT080-109-UINTAH-12,white,4,16,18,NA,840,1,1,0,NA,1,1,NA,1,1,NA,1,1,NA,1,1,N,1,1,NA,NA,NA,NA,NA,NA,NA,NA,NA,ARFR4-SOS-UT080-109-UINTAH-12,#aabe7f,-109.1426444,39.70802222,10 - 15 Deg. F. / 3 - 6,,10 - 15 Deg. F.,6-Mar,10 - 15 Deg. F. / 3 - 6,10 - 15 / semi-humid,UT.1,#66e566,"semi-humid, cool",#aabe7f,G,NA,NA
ARFR-CO932-314-JEFFERSON-12,white,4,16,19,NA,841,1,1,0,NA,1,1,NA,1,1,NA,1,1,NA,1,1,N,1,1,NA,NA,NA,NA,NA,NA,NA,NA,NA,ARFR4-SOS-CO932-314-JEFFERSON-12,#FEE08B,-105.3553333,39.40902778,10 - 15 Deg. F. / 3 - 6,,10 - 15 Deg. F.,6-Mar,10 - 15 Deg. F. / 3 - 6,10 - 15 / semi-humid,CO.2,#66e566,"semi-humid, cool",#FEE08B,E,NA,NA
ARFR-WY050-49-FREMONT-12,white,4,16,20,229,842,1,1,0,NA,1,0,NA,1,0,NA,1,0,NA,1,1,N,1,1,NA,NA,NA,NA,NA,NA,NA,NA,NA,ARFR4-SOS-WY050-49-FREMONT-12,#5E4FA2,-109.34775,43.42663611,5 - 10 Deg. F. / 6 - 12,,5 - 10 Deg. F.,12-Jun,5 - 10 Deg. F. / 6 - 12,5 - 10 / semi-arid,WY.3,#ffb90f,"semi-arid, cold",#5E4FA2,K,NA,NA
ARFR-CO932-294-11,white,4,16,21,NA,843,1,1,0,NA,1,0,NA,1,0,NA,1,0,NA,1,1,N,1,1,NA,NA,NA,NA,NA,NA,NA,NA,NA,ARFR4-SOS-CO932-294-11,#ABDDA4,-105.2030833,39.78458333,15 - 20 Deg. F. / 3 - 6,,15 - 20 Deg. F.,6-Mar,15 - 20 Deg. F. / 3 - 6,15 - 20 / semi-humid,CO.4,#698b69,"semi-humid, warm",#ABDDA4,H,NA,NA
ARFR-WY040-71-10,white,4,16,22,NA,844,1,1,1,NA,1,1,NA,1,1,NA,1,1,NA,1,1,N,1,1,NA,NA,NA,NA,NA,NA,NA,NA,NA,ARFR4-SOS-WY040-71-10,#66C2A5,-109.2433156,41.13271889,5 - 10 Deg. F. / 3 - 6,,5 - 10 Deg. F.,6-Mar,5 - 10 Deg. F. / 3 - 6,5 - 10 / semi-humid,WY.1,#a5c2f1,"semi-humid, cold",#66C2A5,I,NA,NA
ARFR-UT080-109-UINTAH-12,white,4,16,23,NA,845,1,1,1,NA,1,1,NA,1,1,NA,1,1,NA,1,1,N,1,1,NA,NA,NA,NA,NA,NA,NA,NA,NA,ARFR4-SOS-UT080-109-UINTAH-12,#aabe7f,-109.1426444,39.70802222,10 - 15 Deg. F. / 3 - 6,,10 - 15 Deg. F.,6-Mar,10 - 15 Deg. F. / 3 - 6,10 - 15 / semi-humid,UT.1,#66e566,"semi-humid, cool",#aabe7f,G,NA,NA
ARFR-NM930N-66-11,white,4,16,24,NA,846,1,1,1,NA,1,1,NA,1,1,NA,1,1,NA,1,1,N,1,1,NA,NA,NA,NA,NA,NA,NA,NA,NA,ARFR4-SOS-NM930N-66-11,#F46D43,-107.2045028,36.76818611,10 - 15 Deg. F. / 3 - 6,,10 - 15 Deg. F.,6-Mar,10 - 15 Deg. F. / 3 - 6,10 - 15 / semi-humid,NM.1,#66e566,"semi-humid, cool",#F46D43,C,NA,NA
ARFR-AZ930-422-NAVAJO-18,white,4,16,25,230,847,1,1,0,NA,1,1,NA,1,0,NA,1,0,NA,1,1,N,1,1,NA,NA,NA,NA,NA,NA,NA,NA,NA,ARFR4-SOS-AZ930-422-NAVAJO-18,#D53E4F,-110.431,36.56805,15 - 20 Deg. F. / 6 - 12,Lats corrected 20230127,15 - 20 Deg. F.,12-Jun,15 - 20 Deg. F. / 6 - 12,15 - 20 / semi-arid,AZ.2,#ee5c42,"semi-arid, warm",#D53E4F,B,NA,NA
ARFR-CO932-316-JEFFERSON-12,white,4,16,26,NA,848,1,1,0,NA,1,1,NA,1,0,NA,1,0,NA,1,1,N,1,1,NA,NA,NA,NA,NA,NA,NA,NA,NA,ARFR4-SOS-CO932-316-JEFFERSON-12,#FFFF85,-105.358,39.66325,15 - 20 Deg. F. / 3 - 6,,15 - 20 Deg. F.,6-Mar,15 - 20 Deg. F. / 3 - 6,15 - 20 / semi-humid,CO.3,#698b69,"semi-humid, warm",#FFFF85,F,NA,NA
ARFR-UT080-109-UINTAH-12,white,4,16,27,NA,849,1,1,0,NA,1,1,NA,1,1,NA,1,1,NA,1,1,N,1,1,NA,NA,NA,NA,NA,NA,NA,NA,NA,ARFR4-SOS-UT080-109-UINTAH-12,#aabe7f,-109.1426444,39.70802222,10 - 15 Deg. F. / 3 - 6,,10 - 15 Deg. F.,6-Mar,10 - 15 Deg. F. / 3 - 6,10 - 15 / semi-humid,UT.1,#66e566,"semi-humid, cool",#aabe7f,G,NA,NA
ARFR-CO932-294-11,white,4,16,28,NA,850,1,1,0,NA,1,0,NA,1,1,NA,1,1,NA,1,1,N,1,1,NA,NA,NA,NA,NA,NA,NA,NA,NA,ARFR4-SOS-CO932-294-11,#ABDDA4,-105.2030833,39.78458333,15 - 20 Deg. F. / 3 - 6,,15 - 20 Deg. F.,6-Mar,15 - 20 Deg. F. / 3 - 6,15 - 20 / semi-humid,CO.4,#698b69,"semi-humid, warm",#ABDDA4,H,NA,NA
ARFR-CO932-314-JEFFERSON-12,white,4,16,29,NA,851,0,1,0,NA,1,0,NA,1,0,NA,0,NA,NA,0,NA,N,0,NA,NA,NA,NA,NA,NA,NA,NA,NA,NA,ARFR4-SOS-CO932-314-JEFFERSON-12,#FEE08B,-105.3553333,39.40902778,10 - 15 Deg. F. / 3 - 6,,10 - 15 Deg. F.,6-Mar,10 - 15 Deg. F. / 3 - 6,10 - 15 / semi-humid,CO.2,#66e566,"semi-humid, cool",#FEE08B,E,NA,NA
ARFR-CO932-316-JEFFERSON-12,white,4,16,30,231,852,1,1,0,NA,1,0,NA,1,1,NA,1,1,NA,1,1,N,1,1,NA,NA,NA,NA,NA,NA,NA,NA,NA,ARFR4-SOS-CO932-316-JEFFERSON-12,#FFFF85,-105.358,39.66325,15 - 20 Deg. F. / 3 - 6,,15 - 20 Deg. F.,6-Mar,15 - 20 Deg. F. / 3 - 6,15 - 20 / semi-humid,CO.3,#698b69,"semi-humid, warm",#FFFF85,F,NA,NA
ARFR-CO932-316-JEFFERSON-12,white,4,16,31,NA,853,1,1,0,NA,1,0,NA,1,0,NA,1,1,NA,1,1,N,1,1,NA,NA,NA,NA,NA,NA,NA,NA,NA,ARFR4-SOS-CO932-316-JEFFERSON-12,#FFFF85,-105.358,39.66325,15 - 20 Deg. F. / 3 - 6,,15 - 20 Deg. F.,6-Mar,15 - 20 Deg. F. / 3 - 6,15 - 20 / semi-humid,CO.3,#698b69,"semi-humid, warm",#FFFF85,F,NA,NA
ARFR-WY040-71-10,white,4,16,32,NA,854,1,1,1,NA,1,1,NA,1,1,NA,1,1,NA,1,1,N,1,1,NA,NA,NA,NA,NA,NA,NA,NA,NA,ARFR4-SOS-WY040-71-10,#66C2A5,-109.2433156,41.13271889,5 - 10 Deg. F. / 3 - 6,,5 - 10 Deg. F.,6-Mar,5 - 10 Deg. F. / 3 - 6,5 - 10 / semi-humid,WY.1,#a5c2f1,"semi-humid, cold",#66C2A5,I,NA,NA
ARFR-WY040-71-10,white,4,16,33,NA,855,1,1,1,NA,1,1,NA,1,1,NA,1,1,NA,1,1,N,1,1,NA,NA,NA,NA,NA,NA,NA,NA,NA,ARFR4-SOS-WY040-71-10,#66C2A5,-109.2433156,41.13271889,5 - 10 Deg. F. / 3 - 6,,5 - 10 Deg. F.,6-Mar,5 - 10 Deg. F. / 3 - 6,5 - 10 / semi-humid,WY.1,#a5c2f1,"semi-humid, cold",#66C2A5,I,NA,NA
ARFR-WY040-71-10,white,4,16,34,NA,856,1,1,1,NA,1,1,NA,1,1,NA,1,1,NA,1,1,N,1,1,NA,NA,NA,NA,NA,NA,NA,NA,NA,ARFR4-SOS-WY040-71-10,#66C2A5,-109.2433156,41.13271889,5 - 10 Deg. F. / 3 - 6,,5 - 10 Deg. F.,6-Mar,5 - 10 Deg. F. / 3 - 6,5 - 10 / semi-humid,WY.1,#a5c2f1,"semi-humid, cold",#66C2A5,I,NA,NA
ARFR-WY050-49-FREMONT-12,white,4,16,35,232,857,1,1,0,NA,1,0,NA,1,0,NA,1,0,NA,1,1,N,1,1,NA,NA,NA,NA,NA,NA,NA,NA,NA,ARFR4-SOS-WY050-49-FREMONT-12,#5E4FA2,-109.34775,43.42663611,5 - 10 Deg. F. / 6 - 12,,5 - 10 Deg. F.,12-Jun,5 - 10 Deg. F. / 6 - 12,5 - 10 / semi-arid,WY.3,#ffb90f,"semi-arid, cold",#5E4FA2,K,NA,NA
ARFR-CO932-316-JEFFERSON-12,white,4,16,36,NA,858,1,1,0,NA,1,1,NA,1,1,NA,1,1,NA,1,1,N,1,1,NA,NA,NA,NA,NA,NA,NA,NA,NA,ARFR4-SOS-CO932-316-JEFFERSON-12,#FFFF85,-105.358,39.66325,15 - 20 Deg. F. / 3 - 6,,15 - 20 Deg. F.,6-Mar,15 - 20 Deg. F. / 3 - 6,15 - 20 / semi-humid,CO.3,#698b69,"semi-humid, warm",#FFFF85,F,NA,NA
ARFR-UT080-109-UINTAH-12,white,4,16,37,NA,859,1,1,0,NA,1,0,NA,1,1,NA,1,1,NA,1,1,N,1,1,NA,NA,NA,NA,NA,NA,NA,NA,NA,ARFR4-SOS-UT080-109-UINTAH-12,#aabe7f,-109.1426444,39.70802222,10 - 15 Deg. F. / 3 - 6,,10 - 15 Deg. F.,6-Mar,10 - 15 Deg. F. / 3 - 6,10 - 15 / semi-humid,UT.1,#66e566,"semi-humid, cool",#aabe7f,G,NA,NA
ARFR-NM930N-66-11,white,4,16,38,NA,860,1,1,0,NA,1,0,NA,1,0,NA,1,1,NA,1,1,N,1,1,NA,NA,NA,NA,NA,NA,NA,NA,NA,ARFR4-SOS-NM930N-66-11,#F46D43,-107.2045028,36.76818611,10 - 15 Deg. F. / 3 - 6,,10 - 15 Deg. F.,6-Mar,10 - 15 Deg. F. / 3 - 6,10 - 15 / semi-humid,NM.1,#66e566,"semi-humid, cool",#F46D43,C,NA,NA
ARFR-NM930N-66-11,white,4,16,39,NA,861,0,0,NA,NA,0,NA,NA,0,NA,NA,0,NA,NA,0,NA,N,0,NA,NA,NA,NA,NA,NA,NA,NA,NA,NA,ARFR4-SOS-NM930N-66-11,#F46D43,-107.2045028,36.76818611,10 - 15 Deg. F. / 3 - 6,,10 - 15 Deg. F.,6-Mar,10 - 15 Deg. F. / 3 - 6,10 - 15 / semi-humid,NM.1,#66e566,"semi-humid, cool",#F46D43,C,NA,NA
ARFR-AZ930-423-NAVAJO-18,white,4,16,40,233,862,1,1,0,NA,1,1,NA,1,0,NA,1,1,NA,1,1,N,1,1,NA,NA,NA,NA,NA,NA,NA,NA,NA,ARFR4-SOS-AZ930-423-NAVAJO-18,#9E0142,-110.431,36.45877,15 - 20 Deg. F. / 6 - 12,SdZones downloaded 20230823,15 - 20 Deg. F.,12-Jun,15 - 20 Deg. F. / 6 - 12,15 - 20 / semi-arid,AZ.1,#ee5c42,"semi-arid, warm",#9E0142,A,NA,NA
ARFR-NM930N-66-11,white,4,16,41,NA,863,1,1,0,NA,1,1,NA,1,1,NA,1,1,NA,1,1,N,1,1,NA,NA,NA,NA,NA,NA,NA,NA,NA,ARFR4-SOS-NM930N-66-11,#F46D43,-107.2045028,36.76818611,10 - 15 Deg. F. / 3 - 6,,10 - 15 Deg. F.,6-Mar,10 - 15 Deg. F. / 3 - 6,10 - 15 / semi-humid,NM.1,#66e566,"semi-humid, cool",#F46D43,C,NA,NA
ARFR-NM930N-66-11,white,4,16,42,NA,864,1,1,0,NA,1,0,NA,1,1,NA,1,1,NA,1,1,N,1,1,NA,NA,NA,NA,NA,NA,NA,NA,NA,ARFR4-SOS-NM930N-66-11,#F46D43,-107.2045028,36.76818611,10 - 15 Deg. F. / 3 - 6,,10 - 15 Deg. F.,6-Mar,10 - 15 Deg. F. / 3 - 6,10 - 15 / semi-humid,NM.1,#66e566,"semi-humid, cool",#F46D43,C,NA,Y
ARFR-AZ930-423-NAVAJO-18,white,4,16,43,NA,865,1,1,0,NA,1,1,NA,1,1,NA,1,1,NA,1,1,N,1,1,NA,NA,NA,NA,NA,NA,NA,NA,NA,ARFR4-SOS-AZ930-423-NAVAJO-18,#9E0142,-110.431,36.45877,15 - 20 Deg. F. / 6 - 12,SdZones downloaded 20230823,15 - 20 Deg. F.,12-Jun,15 - 20 Deg. F. / 6 - 12,15 - 20 / semi-arid,AZ.1,#ee5c42,"semi-arid, warm",#9E0142,A,NA,NA
ARFR-WY050-49-FREMONT-12,white,4,16,44,NA,866,0,0,NA,NA,0,NA,NA,0,NA,NA,0,NA,NA,0,NA,N,0,NA,NA,NA,NA,NA,NA,NA,NA,NA,NA,ARFR4-SOS-WY050-49-FREMONT-12,#5E4FA2,-109.34775,43.42663611,5 - 10 Deg. F. / 6 - 12,,5 - 10 Deg. F.,12-Jun,5 - 10 Deg. F. / 6 - 12,5 - 10 / semi-arid,WY.3,#ffb90f,"semi-arid, cold",#5E4FA2,K,NA,NA
ARFR-AZ930-422-NAVAJO-18,white,4,16,45,234,867,0,0,NA,NA,0,NA,NA,0,NA,NA,0,NA,NA,0,NA,N,0,NA,NA,NA,NA,NA,NA,NA,NA,NA,NA,ARFR4-SOS-AZ930-422-NAVAJO-18,#D53E4F,-110.431,36.56805,15 - 20 Deg. F. / 6 - 12,Lats corrected 20230127,15 - 20 Deg. F.,12-Jun,15 - 20 Deg. F. / 6 - 12,15 - 20 / semi-arid,AZ.2,#ee5c42,"semi-arid, warm",#D53E4F,B,NA,NA
ARFR-CO932-314-JEFFERSON-12,white,4,16,46,NA,868,1,1,0,NA,1,0,NA,1,1,NA,1,1,NA,1,1,N,1,1,NA,NA,NA,NA,NA,NA,NA,NA,NA,ARFR4-SOS-CO932-314-JEFFERSON-12,#FEE08B,-105.3553333,39.40902778,10 - 15 Deg. F. / 3 - 6,,10 - 15 Deg. F.,6-Mar,10 - 15 Deg. F. / 3 - 6,10 - 15 / semi-humid,CO.2,#66e566,"semi-humid, cool",#FEE08B,E,NA,NA
ARFR-WY050-49-FREMONT-12,white,4,16,47,NA,869,1,1,0,NA,1,0,NA,1,1,NA,1,1,NA,1,1,N,1,1,NA,NA,NA,NA,NA,NA,NA,NA,NA,ARFR4-SOS-WY050-49-FREMONT-12,#5E4FA2,-109.34775,43.42663611,5 - 10 Deg. F. / 6 - 12,,5 - 10 Deg. F.,12-Jun,5 - 10 Deg. F. / 6 - 12,5 - 10 / semi-arid,WY.3,#ffb90f,"semi-arid, cold",#5E4FA2,K,NA,NA
ARFR-CO932-316-JEFFERSON-12,white,4,16,48,NA,870,1,1,0,NA,1,0,NA,1,0,NA,1,1,NA,1,1,N,1,1,NA,NA,NA,NA,NA,NA,NA,NA,NA,ARFR4-SOS-CO932-316-JEFFERSON-12,#FFFF85,-105.358,39.66325,15 - 20 Deg. F. / 3 - 6,,15 - 20 Deg. F.,6-Mar,15 - 20 Deg. F. / 3 - 6,15 - 20 / semi-humid,CO.3,#698b69,"semi-humid, warm",#FFFF85,F,NA,NA
ARFR-WY050-151-FREMONT-16,white,4,16,49,NA,871,1,1,0,NA,1,0,NA,1,0,NA,1,1,NA,1,1,N,1,1,NA,NA,NA,NA,NA,NA,NA,NA,NA,ARFR4-SOS-WY050-151-FREMONT-16,#3288BD,-108.1704472,42.47886111,10 - 15 Deg. F. / 6 - 12,,10 - 15 Deg. F.,12-Jun,10 - 15 Deg. F. / 6 - 12,10 - 15 / semi-arid,WY.2,#cd8500,"semi-arid, cool",#3288BD,J,NA,NA
ARFR-CO932-314-JEFFERSON-12,white,4,16,50,235,872,0,0,NA,NA,0,NA,NA,0,NA,NA,0,NA,NA,0,NA,N,0,NA,NA,NA,NA,NA,NA,NA,NA,NA,NA,ARFR4-SOS-CO932-314-JEFFERSON-12,#FEE08B,-105.3553333,39.40902778,10 - 15 Deg. F. / 3 - 6,,10 - 15 Deg. F.,6-Mar,10 - 15 Deg. F. / 3 - 6,10 - 15 / semi-humid,CO.2,#66e566,"semi-humid, cool",#FEE08B,E,NA,NA
ARFR-NM930N-66-11,white,4,16,51,NA,873,1,1,0,NA,1,1,NA,1,1,NA,1,1,NA,1,1,Y,1,1,NA,NA,NA,NA,NA,NA,NA,NA,NA,ARFR4-SOS-NM930N-66-11,#F46D43,-107.2045028,36.76818611,10 - 15 Deg. F. / 3 - 6,,10 - 15 Deg. F.,6-Mar,10 - 15 Deg. F. / 3 - 6,10 - 15 / semi-humid,NM.1,#66e566,"semi-humid, cool",#F46D43,C,NA,NA
ARFR-WY050-151-FREMONT-16,white,4,16,52,NA,874,1,1,0,NA,1,0,NA,1,0,NA,0,NA,NA,1,1,N,1,1,NA,NA,NA,NA,NA,NA,Y,NA,NA,ARFR4-SOS-WY050-151-FREMONT-16,#3288BD,-108.1704472,42.47886111,10 - 15 Deg. F. / 6 - 12,,10 - 15 Deg. F.,12-Jun,10 - 15 Deg. F. / 6 - 12,10 - 15 / semi-arid,WY.2,#cd8500,"semi-arid, cool",#3288BD,J,NA,NA
ARFR-CO932-316-JEFFERSON-12,white,4,16,53,NA,875,1,1,0,NA,1,1,NA,1,1,NA,1,1,NA,1,1,N,1,1,NA,NA,NA,NA,NA,NA,NA,NA,NA,ARFR4-SOS-CO932-316-JEFFERSON-12,#FFFF85,-105.358,39.66325,15 - 20 Deg. F. / 3 - 6,,15 - 20 Deg. F.,6-Mar,15 - 20 Deg. F. / 3 - 6,15 - 20 / semi-humid,CO.3,#698b69,"semi-humid, warm",#FFFF85,F,NA,NA
ARFR-AZ930-422-NAVAJO-18,white,4,16,54,NA,876,1,1,0,NA,1,1,NA,1,1,NA,1,1,NA,1,1,N,1,1,NA,NA,NA,NA,NA,NA,NA,NA,NA,ARFR4-SOS-AZ930-422-NAVAJO-18,#D53E4F,-110.431,36.56805,15 - 20 Deg. F. / 6 - 12,Lats corrected 20230127,15 - 20 Deg. F.,12-Jun,15 - 20 Deg. F. / 6 - 12,15 - 20 / semi-arid,AZ.2,#ee5c42,"semi-arid, warm",#D53E4F,B,NA,NA
ARFR-AZ930-423-NAVAJO-18,black,5,17,1,237,877,1,1,0,NA,1,1,NA,1,1,NA,1,1,NA,1,1,N,1,1,NA,NA,NA,NA,NA,NA,NA,NA,NA,ARFR4-SOS-AZ930-423-NAVAJO-18,#9E0142,-110.431,36.45877,15 - 20 Deg. F. / 6 - 12,SdZones downloaded 20230823,15 - 20 Deg. F.,12-Jun,15 - 20 Deg. F. / 6 - 12,15 - 20 / semi-arid,AZ.1,#ee5c42,"semi-arid, warm",#9E0142,A,NA,NA
ARFR-WY050-151-FREMONT-16,black,5,17,2,NA,878,1,1,0,NA,1,1,NA,1,1,NA,1,1,NA,1,1,Y,1,1,NA,NA,NA,NA,NA,NA,NA,NA,NA,ARFR4-SOS-WY050-151-FREMONT-16,#3288BD,-108.1704472,42.47886111,10 - 15 Deg. F. / 6 - 12,,10 - 15 Deg. F.,12-Jun,10 - 15 Deg. F. / 6 - 12,10 - 15 / semi-arid,WY.2,#cd8500,"semi-arid, cool",#3288BD,J,NA,NA
ARFR-CO932-294-11,black,5,17,3,NA,879,1,1,0,NA,1,1,NA,1,1,NA,1,1,NA,1,0,N,1,0,NA,NA,NA,NA,NA,Y,NA,NA,NA,ARFR4-SOS-CO932-294-11,#ABDDA4,-105.2030833,39.78458333,15 - 20 Deg. F. / 3 - 6,,15 - 20 Deg. F.,6-Mar,15 - 20 Deg. F. / 3 - 6,15 - 20 / semi-humid,CO.4,#698b69,"semi-humid, warm",#ABDDA4,H,NA,NA
ARFR-AZ930-422-NAVAJO-18,black,5,17,4,NA,880,1,1,0,NA,1,1,NA,1,1,NA,1,1,NA,1,1,N,1,1,NA,NA,NA,NA,NA,NA,NA,NA,NA,ARFR4-SOS-AZ930-422-NAVAJO-18,#D53E4F,-110.431,36.56805,15 - 20 Deg. F. / 6 - 12,Lats corrected 20230127,15 - 20 Deg. F.,12-Jun,15 - 20 Deg. F. / 6 - 12,15 - 20 / semi-arid,AZ.2,#ee5c42,"semi-arid, warm",#D53E4F,B,NA,NA
ARFR-AZ930-423-NAVAJO-18,black,5,17,5,238,881,1,1,1,NA,1,1,NA,1,1,NA,1,1,NA,1,1,N,1,1,NA,NA,NA,NA,NA,NA,NA,NA,NA,ARFR4-SOS-AZ930-423-NAVAJO-18,#9E0142,-110.431,36.45877,15 - 20 Deg. F. / 6 - 12,SdZones downloaded 20230823,15 - 20 Deg. F.,12-Jun,15 - 20 Deg. F. / 6 - 12,15 - 20 / semi-arid,AZ.1,#ee5c42,"semi-arid, warm",#9E0142,A,NA,NA
ARFR-NM930N-66-11,black,5,17,6,NA,882,1,1,1,NA,1,1,NA,1,1,NA,1,1,NA,1,1,N,1,1,NA,NA,NA,NA,NA,NA,NA,NA,NA,ARFR4-SOS-NM930N-66-11,#F46D43,-107.2045028,36.76818611,10 - 15 Deg. F. / 3 - 6,,10 - 15 Deg. F.,6-Mar,10 - 15 Deg. F. / 3 - 6,10 - 15 / semi-humid,NM.1,#66e566,"semi-humid, cool",#F46D43,C,NA,NA
ARFR-CO932-314-JEFFERSON-12,black,5,17,7,NA,883,1,1,0,NA,1,1,NA,1,1,NA,1,1,NA,1,1,N,1,1,NA,NA,NA,NA,NA,NA,NA,NA,NA,ARFR4-SOS-CO932-314-JEFFERSON-12,#FEE08B,-105.3553333,39.40902778,10 - 15 Deg. F. / 3 - 6,,10 - 15 Deg. F.,6-Mar,10 - 15 Deg. F. / 3 - 6,10 - 15 / semi-humid,CO.2,#66e566,"semi-humid, cool",#FEE08B,E,NA,NA
ARFR-NM930N-66-11,black,5,17,8,NA,884,1,1,1,NA,1,1,NA,1,1,NA,1,1,NA,1,1,N,1,1,NA,NA,NA,NA,NA,NA,NA,NA,NA,ARFR4-SOS-NM930N-66-11,#F46D43,-107.2045028,36.76818611,10 - 15 Deg. F. / 3 - 6,,10 - 15 Deg. F.,6-Mar,10 - 15 Deg. F. / 3 - 6,10 - 15 / semi-humid,NM.1,#66e566,"semi-humid, cool",#F46D43,C,NA,NA
ARFR-UT080-109-UINTAH-12,black,5,17,9,NA,885,1,1,1,NA,1,1,NA,1,1,NA,1,1,NA,1,1,N,1,1,NA,NA,NA,NA,NA,NA,NA,NA,NA,ARFR4-SOS-UT080-109-UINTAH-12,#aabe7f,-109.1426444,39.70802222,10 - 15 Deg. F. / 3 - 6,,10 - 15 Deg. F.,6-Mar,10 - 15 Deg. F. / 3 - 6,10 - 15 / semi-humid,UT.1,#66e566,"semi-humid, cool",#aabe7f,G,NA,Y
ARFR-WY040-71-10,black,5,17,10,239,886,1,1,1,NA,1,1,NA,1,1,NA,1,1,NA,1,1,N,1,1,NA,NA,NA,NA,NA,NA,NA,NA,NA,ARFR4-SOS-WY040-71-10,#66C2A5,-109.2433156,41.13271889,5 - 10 Deg. F. / 3 - 6,,5 - 10 Deg. F.,6-Mar,5 - 10 Deg. F. / 3 - 6,5 - 10 / semi-humid,WY.1,#a5c2f1,"semi-humid, cold",#66C2A5,I,NA,NA
ARFR-AZ930-422-NAVAJO-18,black,5,17,11,NA,887,1,1,0,NA,1,1,NA,1,1,NA,1,1,NA,1,1,Y,1,1,NA,NA,NA,NA,NA,NA,NA,NA,NA,ARFR4-SOS-AZ930-422-NAVAJO-18,#D53E4F,-110.431,36.56805,15 - 20 Deg. F. / 6 - 12,Lats corrected 20230127,15 - 20 Deg. F.,12-Jun,15 - 20 Deg. F. / 6 - 12,15 - 20 / semi-arid,AZ.2,#ee5c42,"semi-arid, warm",#D53E4F,B,NA,NA
ARFR-WY040-71-10,black,5,17,12,NA,888,1,1,0,NA,1,1,NA,1,1,NA,1,1,NA,1,1,N,1,1,NA,NA,NA,NA,NA,NA,NA,NA,NA,ARFR4-SOS-WY040-71-10,#66C2A5,-109.2433156,41.13271889,5 - 10 Deg. F. / 3 - 6,,5 - 10 Deg. F.,6-Mar,5 - 10 Deg. F. / 3 - 6,5 - 10 / semi-humid,WY.1,#a5c2f1,"semi-humid, cold",#66C2A5,I,NA,NA
ARFR-CO932-316-JEFFERSON-12,black,5,17,13,NA,889,1,1,0,NA,1,1,NA,1,0,NA,1,0,NA,1,1,Y,1,1,NA,NA,NA,NA,NA,NA,NA,NA,NA,ARFR4-SOS-CO932-316-JEFFERSON-12,#FFFF85,-105.358,39.66325,15 - 20 Deg. F. / 3 - 6,,15 - 20 Deg. F.,6-Mar,15 - 20 Deg. F. / 3 - 6,15 - 20 / semi-humid,CO.3,#698b69,"semi-humid, warm",#FFFF85,F,NA,NA
ARFR-AZ930-423-NAVAJO-18,black,5,17,14,NA,890,1,1,1,NA,1,1,NA,1,0,NA,1,0,NA,1,1,N,1,1,NA,NA,NA,NA,NA,NA,NA,NA,NA,ARFR4-SOS-AZ930-423-NAVAJO-18,#9E0142,-110.431,36.45877,15 - 20 Deg. F. / 6 - 12,SdZones downloaded 20230823,15 - 20 Deg. F.,12-Jun,15 - 20 Deg. F. / 6 - 12,15 - 20 / semi-arid,AZ.1,#ee5c42,"semi-arid, warm",#9E0142,A,NA,NA
ARFR-UT080-109-UINTAH-12,black,5,17,15,240,891,1,1,1,NA,1,0,NA,1,0,NA,1,1,remove phenology for this plant as seems inconsistent? ,1,1,N,1,1,NA,NA,NA,NA,NA,Y,NA,NA,NA,ARFR4-SOS-UT080-109-UINTAH-12,#aabe7f,-109.1426444,39.70802222,10 - 15 Deg. F. / 3 - 6,,10 - 15 Deg. F.,6-Mar,10 - 15 Deg. F. / 3 - 6,10 - 15 / semi-humid,UT.1,#66e566,"semi-humid, cool",#aabe7f,G,NA,NA
ARFR-CO932-314-JEFFERSON-12,black,5,17,16,NA,892,1,1,1,NA,1,0,NA,1,0,NA,1,1,NA,1,1,N,1,1,NA,NA,NA,NA,NA,NA,NA,NA,NA,ARFR4-SOS-CO932-314-JEFFERSON-12,#FEE08B,-105.3553333,39.40902778,10 - 15 Deg. F. / 3 - 6,,10 - 15 Deg. F.,6-Mar,10 - 15 Deg. F. / 3 - 6,10 - 15 / semi-humid,CO.2,#66e566,"semi-humid, cool",#FEE08B,E,NA,NA
ARFR-WY040-71-10,black,5,17,17,NA,893,1,1,1,NA,1,1,NA,1,1,NA,1,1,NA,1,1,N,1,1,NA,NA,NA,NA,NA,NA,NA,NA,NA,ARFR4-SOS-WY040-71-10,#66C2A5,-109.2433156,41.13271889,5 - 10 Deg. F. / 3 - 6,,5 - 10 Deg. F.,6-Mar,5 - 10 Deg. F. / 3 - 6,5 - 10 / semi-humid,WY.1,#a5c2f1,"semi-humid, cold",#66C2A5,I,NA,NA
ARFR-CO932-316-JEFFERSON-12,black,5,17,18,NA,894,1,1,1,NA,1,1,NA,1,0,NA,1,1,NA,1,1,N,1,1,NA,NA,NA,NA,NA,NA,NA,NA,NA,ARFR4-SOS-CO932-316-JEFFERSON-12,#FFFF85,-105.358,39.66325,15 - 20 Deg. F. / 3 - 6,,15 - 20 Deg. F.,6-Mar,15 - 20 Deg. F. / 3 - 6,15 - 20 / semi-humid,CO.3,#698b69,"semi-humid, warm",#FFFF85,F,NA,NA
ARFR-NM930N-66-11,black,5,17,19,NA,895,1,1,1,NA,1,1,NA,1,1,NA,1,1,NA,1,1,N,1,1,NA,NA,NA,NA,NA,NA,NA,NA,NA,ARFR4-SOS-NM930N-66-11,#F46D43,-107.2045028,36.76818611,10 - 15 Deg. F. / 3 - 6,,10 - 15 Deg. F.,6-Mar,10 - 15 Deg. F. / 3 - 6,10 - 15 / semi-humid,NM.1,#66e566,"semi-humid, cool",#F46D43,C,NA,NA
ARFR-WY050-49-FREMONT-12,black,5,17,20,241,896,1,1,1,NA,1,1,NA,1,1,NA,1,1,NA,1,1,N,1,1,NA,NA,NA,NA,NA,NA,NA,NA,NA,ARFR4-SOS-WY050-49-FREMONT-12,#5E4FA2,-109.34775,43.42663611,5 - 10 Deg. F. / 6 - 12,,5 - 10 Deg. F.,12-Jun,5 - 10 Deg. F. / 6 - 12,5 - 10 / semi-arid,WY.3,#ffb90f,"semi-arid, cold",#5E4FA2,K,NA,NA
ARFR-CO932-294-11,black,5,17,21,NA,897,1,1,0,NA,1,0,NA,1,0,NA,1,0,NA,1,1,N,1,1,NA,NA,NA,NA,NA,NA,NA,NA,NA,ARFR4-SOS-CO932-294-11,#ABDDA4,-105.2030833,39.78458333,15 - 20 Deg. F. / 3 - 6,,15 - 20 Deg. F.,6-Mar,15 - 20 Deg. F. / 3 - 6,15 - 20 / semi-humid,CO.4,#698b69,"semi-humid, warm",#ABDDA4,H,NA,NA
ARFR-WY050-151-FREMONT-16,black,5,17,22,NA,898,1,1,0,NA,1,0,NA,1,1,NA,1,1,NA,1,1,N,1,1,NA,NA,NA,NA,NA,NA,NA,NA,NA,ARFR4-SOS-WY050-151-FREMONT-16,#3288BD,-108.1704472,42.47886111,10 - 15 Deg. F. / 6 - 12,,10 - 15 Deg. F.,12-Jun,10 - 15 Deg. F. / 6 - 12,10 - 15 / semi-arid,WY.2,#cd8500,"semi-arid, cool",#3288BD,J,NA,NA
ARFR-WY050-151-FREMONT-16,black,5,17,23,NA,899,1,1,0,NA,1,0,NA,1,1,NA,1,1,NA,1,1,N,1,1,NA,NA,NA,NA,NA,NA,NA,NA,NA,ARFR4-SOS-WY050-151-FREMONT-16,#3288BD,-108.1704472,42.47886111,10 - 15 Deg. F. / 6 - 12,,10 - 15 Deg. F.,12-Jun,10 - 15 Deg. F. / 6 - 12,10 - 15 / semi-arid,WY.2,#cd8500,"semi-arid, cool",#3288BD,J,NA,NA
ARFR-WY050-151-FREMONT-16,black,5,17,24,NA,900,1,1,1,NA,1,1,NA,1,1,NA,1,1,NA,1,1,N,1,1,NA,NA,NA,NA,NA,NA,NA,NA,NA,ARFR4-SOS-WY050-151-FREMONT-16,#3288BD,-108.1704472,42.47886111,10 - 15 Deg. F. / 6 - 12,,10 - 15 Deg. F.,12-Jun,10 - 15 Deg. F. / 6 - 12,10 - 15 / semi-arid,WY.2,#cd8500,"semi-arid, cool",#3288BD,J,NA,NA
ARFR-CO932-316-JEFFERSON-12,black,5,17,25,242,901,1,1,0,NA,1,0,NA,1,0,NA,1,0,NA,1,1,N,1,1,NA,NA,NA,NA,NA,NA,NA,NA,NA,ARFR4-SOS-CO932-316-JEFFERSON-12,#FFFF85,-105.358,39.66325,15 - 20 Deg. F. / 3 - 6,,15 - 20 Deg. F.,6-Mar,15 - 20 Deg. F. / 3 - 6,15 - 20 / semi-humid,CO.3,#698b69,"semi-humid, warm",#FFFF85,F,NA,NA
ARFR-WY050-49-FREMONT-12,black,5,17,26,NA,902,1,1,1,NA,1,0,NA,1,0,NA,1,0,NA,1,1,N,1,1,NA,NA,NA,NA,NA,NA,NA,NA,NA,ARFR4-SOS-WY050-49-FREMONT-12,#5E4FA2,-109.34775,43.42663611,5 - 10 Deg. F. / 6 - 12,,5 - 10 Deg. F.,12-Jun,5 - 10 Deg. F. / 6 - 12,5 - 10 / semi-arid,WY.3,#ffb90f,"semi-arid, cold",#5E4FA2,K,NA,NA
ARFR-WY050-151-FREMONT-16,black,5,17,27,NA,903,1,1,1,NA,1,1,NA,1,1,NA,1,1,NA,1,1,N,1,1,NA,NA,NA,NA,NA,NA,NA,NA,NA,ARFR4-SOS-WY050-151-FREMONT-16,#3288BD,-108.1704472,42.47886111,10 - 15 Deg. F. / 6 - 12,,10 - 15 Deg. F.,12-Jun,10 - 15 Deg. F. / 6 - 12,10 - 15 / semi-arid,WY.2,#cd8500,"semi-arid, cool",#3288BD,J,NA,NA
ARFR-WY050-49-FREMONT-12,black,5,17,28,NA,904,1,1,1,NA,1,1,NA,1,1,NA,1,1,NA,1,1,N,1,1,NA,NA,NA,NA,NA,NA,NA,NA,NA,ARFR4-SOS-WY050-49-FREMONT-12,#5E4FA2,-109.34775,43.42663611,5 - 10 Deg. F. / 6 - 12,,5 - 10 Deg. F.,12-Jun,5 - 10 Deg. F. / 6 - 12,5 - 10 / semi-arid,WY.3,#ffb90f,"semi-arid, cold",#5E4FA2,K,NA,NA
ARFR-CO932-294-11,black,5,17,29,NA,905,1,1,1,NA,1,1,NA,1,0,NA,1,0,NA,1,0,N,1,0,NA,NA,NA,NA,NA,Y,NA,NA,NA,ARFR4-SOS-CO932-294-11,#ABDDA4,-105.2030833,39.78458333,15 - 20 Deg. F. / 3 - 6,,15 - 20 Deg. F.,6-Mar,15 - 20 Deg. F. / 3 - 6,15 - 20 / semi-humid,CO.4,#698b69,"semi-humid, warm",#ABDDA4,H,NA,NA
ARFR-UT080-109-UINTAH-12,black,5,17,30,243,906,1,1,1,NA,1,1,NA,1,1,NA,1,1,NA,1,1,N,1,1,NA,NA,NA,NA,NA,NA,NA,NA,NA,ARFR4-SOS-UT080-109-UINTAH-12,#aabe7f,-109.1426444,39.70802222,10 - 15 Deg. F. / 3 - 6,,10 - 15 Deg. F.,6-Mar,10 - 15 Deg. F. / 3 - 6,10 - 15 / semi-humid,UT.1,#66e566,"semi-humid, cool",#aabe7f,G,NA,NA
ARFR-AZ930-423-NAVAJO-18,black,5,17,31,NA,907,1,1,1,NA,1,1,NA,1,0,NA,1,1,NA,1,1,N,1,1,NA,NA,NA,NA,NA,NA,NA,NA,NA,ARFR4-SOS-AZ930-423-NAVAJO-18,#9E0142,-110.431,36.45877,15 - 20 Deg. F. / 6 - 12,SdZones downloaded 20230823,15 - 20 Deg. F.,12-Jun,15 - 20 Deg. F. / 6 - 12,15 - 20 / semi-arid,AZ.1,#ee5c42,"semi-arid, warm",#9E0142,A,NA,NA
ARFR-CO932-314-JEFFERSON-12,black,5,17,32,NA,908,1,1,1,NA,1,1,NA,1,0,NA,1,1,NA,1,1,N,1,1,NA,NA,NA,NA,NA,NA,NA,NA,NA,ARFR4-SOS-CO932-314-JEFFERSON-12,#FEE08B,-105.3553333,39.40902778,10 - 15 Deg. F. / 3 - 6,,10 - 15 Deg. F.,6-Mar,10 - 15 Deg. F. / 3 - 6,10 - 15 / semi-humid,CO.2,#66e566,"semi-humid, cool",#FEE08B,E,NA,Y
ARFR-UT080-109-UINTAH-12,black,5,17,33,NA,909,1,1,1,NA,1,1,NA,1,0,NA,1,1,NA,1,1,N,1,1,NA,NA,NA,NA,NA,NA,NA,NA,NA,ARFR4-SOS-UT080-109-UINTAH-12,#aabe7f,-109.1426444,39.70802222,10 - 15 Deg. F. / 3 - 6,,10 - 15 Deg. F.,6-Mar,10 - 15 Deg. F. / 3 - 6,10 - 15 / semi-humid,UT.1,#66e566,"semi-humid, cool",#aabe7f,G,NA,NA
ARFR-WY050-49-FREMONT-12,black,5,17,34,NA,910,1,1,1,NA,1,1,NA,1,0,NA,1,1,NA,1,1,N,1,1,NA,NA,NA,NA,NA,NA,NA,NA,NA,ARFR4-SOS-WY050-49-FREMONT-12,#5E4FA2,-109.34775,43.42663611,5 - 10 Deg. F. / 6 - 12,,5 - 10 Deg. F.,12-Jun,5 - 10 Deg. F. / 6 - 12,5 - 10 / semi-arid,WY.3,#ffb90f,"semi-arid, cold",#5E4FA2,K,NA,NA
ARFR-AZ930-423-NAVAJO-18,black,5,17,35,244,911,1,1,1,NA,1,1,NA,1,1,NA,1,1,NA,1,1,N,1,1,NA,NA,NA,NA,NA,NA,NA,NA,NA,ARFR4-SOS-AZ930-423-NAVAJO-18,#9E0142,-110.431,36.45877,15 - 20 Deg. F. / 6 - 12,SdZones downloaded 20230823,15 - 20 Deg. F.,12-Jun,15 - 20 Deg. F. / 6 - 12,15 - 20 / semi-arid,AZ.1,#ee5c42,"semi-arid, warm",#9E0142,A,NA,NA
ARFR-UT080-109-UINTAH-12,black,5,17,36,NA,912,0,0,NA,NA,0,NA,NA,0,NA,NA,0,NA,NA,0,NA,N,0,NA,NA,NA,NA,NA,NA,NA,NA,NA,NA,ARFR4-SOS-UT080-109-UINTAH-12,#aabe7f,-109.1426444,39.70802222,10 - 15 Deg. F. / 3 - 6,,10 - 15 Deg. F.,6-Mar,10 - 15 Deg. F. / 3 - 6,10 - 15 / semi-humid,UT.1,#66e566,"semi-humid, cool",#aabe7f,G,NA,NA
ARFR-WY050-49-FREMONT-12,black,5,17,37,NA,913,1,1,1,NA,1,1,NA,1,1,NA,1,1,NA,1,1,N,1,1,NA,NA,NA,NA,NA,NA,NA,NA,NA,ARFR4-SOS-WY050-49-FREMONT-12,#5E4FA2,-109.34775,43.42663611,5 - 10 Deg. F. / 6 - 12,,5 - 10 Deg. F.,12-Jun,5 - 10 Deg. F. / 6 - 12,5 - 10 / semi-arid,WY.3,#ffb90f,"semi-arid, cold",#5E4FA2,K,NA,NA
ARFR-WY930-44-LASANIMAS-13,black,5,17,38,NA,914,1,1,0,questionable,1,0,NA,1,0,NA,1,0,NA,1,1,N,1,1,NA,NA,NA,NA,NA,NA,NA,NA,NA,ARFR4-SOS-WY930-44-LASANIMAS-13,#FDAE61,-104.6423889,37.16547222,15 - 20 Deg. F. / 3 - 6,,15 - 20 Deg. F.,6-Mar,15 - 20 Deg. F. / 3 - 6,15 - 20 / semi-humid,CO.1,#698b69,"semi-humid, warm",#FDAE61,D,NA,NA
ARFR-WY050-151-FREMONT-16,black,5,17,39,NA,915,1,1,0,NA,1,0,NA,1,0,NA,1,0,NA,1,1,N,1,1,NA,NA,NA,NA,NA,NA,NA,NA,NA,ARFR4-SOS-WY050-151-FREMONT-16,#3288BD,-108.1704472,42.47886111,10 - 15 Deg. F. / 6 - 12,,10 - 15 Deg. F.,12-Jun,10 - 15 Deg. F. / 6 - 12,10 - 15 / semi-arid,WY.2,#cd8500,"semi-arid, cool",#3288BD,J,NA,NA
ARFR-CO932-314-JEFFERSON-12,black,5,17,40,245,916,1,1,1,NA,1,1,NA,1,1,NA,1,1,NA,1,1,N,1,1,NA,NA,NA,NA,NA,NA,NA,NA,NA,ARFR4-SOS-CO932-314-JEFFERSON-12,#FEE08B,-105.3553333,39.40902778,10 - 15 Deg. F. / 3 - 6,,10 - 15 Deg. F.,6-Mar,10 - 15 Deg. F. / 3 - 6,10 - 15 / semi-humid,CO.2,#66e566,"semi-humid, cool",#FEE08B,E,NA,NA
ARFR-WY050-151-FREMONT-16,black,5,17,41,NA,917,1,1,0,NA,1,0,NA,1,0,NA,1,0,NA,1,1,N,1,1,NA,NA,NA,NA,NA,NA,NA,NA,NA,ARFR4-SOS-WY050-151-FREMONT-16,#3288BD,-108.1704472,42.47886111,10 - 15 Deg. F. / 6 - 12,,10 - 15 Deg. F.,12-Jun,10 - 15 Deg. F. / 6 - 12,10 - 15 / semi-arid,WY.2,#cd8500,"semi-arid, cool",#3288BD,J,NA,Y
ARFR-WY930-44-LASANIMAS-13,black,5,17,42,NA,918,1,1,0,NA,1,0,NA,1,0,NA,1,0,NA,1,1,N,1,1,NA,NA,NA,NA,NA,NA,NA,NA,NA,ARFR4-SOS-WY930-44-LASANIMAS-13,#FDAE61,-104.6423889,37.16547222,15 - 20 Deg. F. / 3 - 6,,15 - 20 Deg. F.,6-Mar,15 - 20 Deg. F. / 3 - 6,15 - 20 / semi-humid,CO.1,#698b69,"semi-humid, warm",#FDAE61,D,NA,NA
ARFR-AZ930-422-NAVAJO-18,black,5,17,43,NA,919,1,1,0,NA,1,0,NA,1,0,NA,1,0,NA,1,1,N,1,1,NA,NA,NA,NA,NA,NA,NA,NA,NA,ARFR4-SOS-AZ930-422-NAVAJO-18,#D53E4F,-110.431,36.56805,15 - 20 Deg. F. / 6 - 12,Lats corrected 20230127,15 - 20 Deg. F.,12-Jun,15 - 20 Deg. F. / 6 - 12,15 - 20 / semi-arid,AZ.2,#ee5c42,"semi-arid, warm",#D53E4F,B,NA,NA
ARFR-CO932-314-JEFFERSON-12,black,5,17,44,NA,920,1,1,0,NA,1,1,NA,1,1,NA,1,1,NA,1,1,N,1,1,NA,NA,NA,NA,NA,NA,NA,NA,NA,ARFR4-SOS-CO932-314-JEFFERSON-12,#FEE08B,-105.3553333,39.40902778,10 - 15 Deg. F. / 3 - 6,,10 - 15 Deg. F.,6-Mar,10 - 15 Deg. F. / 3 - 6,10 - 15 / semi-humid,CO.2,#66e566,"semi-humid, cool",#FEE08B,E,NA,NA
ARFR-WY050-49-FREMONT-12,black,5,17,45,246,921,1,1,1,NA,1,1,NA,1,1,NA,1,1,NA,1,1,N,1,1,NA,NA,NA,NA,NA,NA,NA,NA,NA,ARFR4-SOS-WY050-49-FREMONT-12,#5E4FA2,-109.34775,43.42663611,5 - 10 Deg. F. / 6 - 12,,5 - 10 Deg. F.,12-Jun,5 - 10 Deg. F. / 6 - 12,5 - 10 / semi-arid,WY.3,#ffb90f,"semi-arid, cold",#5E4FA2,K,NA,NA
ARFR-AZ930-423-NAVAJO-18,black,5,17,46,NA,922,1,1,1,NA,1,1,NA,1,1,NA,1,1,NA,1,1,N,1,1,NA,NA,NA,NA,NA,NA,NA,NA,NA,ARFR4-SOS-AZ930-423-NAVAJO-18,#9E0142,-110.431,36.45877,15 - 20 Deg. F. / 6 - 12,SdZones downloaded 20230823,15 - 20 Deg. F.,12-Jun,15 - 20 Deg. F. / 6 - 12,15 - 20 / semi-arid,AZ.1,#ee5c42,"semi-arid, warm",#9E0142,A,NA,NA
ARFR-CO932-314-JEFFERSON-12,black,5,17,47,NA,923,1,1,1,NA,1,1,NA,1,1,NA,1,1,NA,1,1,N,1,1,NA,NA,NA,NA,NA,NA,NA,NA,NA,ARFR4-SOS-CO932-314-JEFFERSON-12,#FEE08B,-105.3553333,39.40902778,10 - 15 Deg. F. / 3 - 6,,10 - 15 Deg. F.,6-Mar,10 - 15 Deg. F. / 3 - 6,10 - 15 / semi-humid,CO.2,#66e566,"semi-humid, cool",#FEE08B,E,NA,NA
ARFR-WY050-151-FREMONT-16,black,5,17,48,NA,924,1,1,1,NA,1,1,NA,1,1,NA,1,1,NA,1,1,N,1,1,NA,NA,NA,NA,NA,NA,NA,NA,NA,ARFR4-SOS-WY050-151-FREMONT-16,#3288BD,-108.1704472,42.47886111,10 - 15 Deg. F. / 6 - 12,,10 - 15 Deg. F.,12-Jun,10 - 15 Deg. F. / 6 - 12,10 - 15 / semi-arid,WY.2,#cd8500,"semi-arid, cool",#3288BD,J,NA,NA
ARFR-WY040-71-10,black,5,17,49,NA,925,1,1,1,NA,1,1,NA,1,1,NA,1,1,NA,1,1,N,1,1,NA,NA,NA,NA,NA,NA,NA,NA,NA,ARFR4-SOS-WY040-71-10,#66C2A5,-109.2433156,41.13271889,5 - 10 Deg. F. / 3 - 6,,5 - 10 Deg. F.,6-Mar,5 - 10 Deg. F. / 3 - 6,5 - 10 / semi-humid,WY.1,#a5c2f1,"semi-humid, cold",#66C2A5,I,NA,NA
ARFR-CO932-294-11,black,5,17,50,247,926,1,1,0,NA,1,0,NA,1,1,NA,1,1,NA,1,1,N,1,1,NA,NA,NA,NA,NA,NA,NA,NA,NA,ARFR4-SOS-CO932-294-11,#ABDDA4,-105.2030833,39.78458333,15 - 20 Deg. F. / 3 - 6,,15 - 20 Deg. F.,6-Mar,15 - 20 Deg. F. / 3 - 6,15 - 20 / semi-humid,CO.4,#698b69,"semi-humid, warm",#ABDDA4,H,NA,NA
ARFR-CO932-316-JEFFERSON-12,black,5,17,51,NA,927,1,1,1,NA,1,0,NA,1,1,NA,1,1,NA,1,1,N,1,1,NA,NA,NA,NA,NA,NA,NA,NA,NA,ARFR4-SOS-CO932-316-JEFFERSON-12,#FFFF85,-105.358,39.66325,15 - 20 Deg. F. / 3 - 6,,15 - 20 Deg. F.,6-Mar,15 - 20 Deg. F. / 3 - 6,15 - 20 / semi-humid,CO.3,#698b69,"semi-humid, warm",#FFFF85,F,NA,NA
ARFR-CO932-316-JEFFERSON-12,black,5,17,52,NA,928,1,1,1,NA,1,0,NA,1,1,NA,1,1,NA,1,1,N,1,1,NA,NA,NA,NA,NA,NA,NA,NA,NA,ARFR4-SOS-CO932-316-JEFFERSON-12,#FFFF85,-105.358,39.66325,15 - 20 Deg. F. / 3 - 6,,15 - 20 Deg. F.,6-Mar,15 - 20 Deg. F. / 3 - 6,15 - 20 / semi-humid,CO.3,#698b69,"semi-humid, warm",#FFFF85,F,NA,NA
ARFR-AZ930-422-NAVAJO-18,black,5,17,53,NA,929,1,1,1,NA,1,1,NA,1,1,NA,1,1,NA,1,1,N,1,1,NA,NA,NA,NA,NA,NA,NA,NA,NA,ARFR4-SOS-AZ930-422-NAVAJO-18,#D53E4F,-110.431,36.56805,15 - 20 Deg. F. / 6 - 12,Lats corrected 20230127,15 - 20 Deg. F.,12-Jun,15 - 20 Deg. F. / 6 - 12,15 - 20 / semi-arid,AZ.2,#ee5c42,"semi-arid, warm",#D53E4F,B,NA,NA
ARFR-WY040-71-10,black,5,17,54,NA,930,1,1,1,NA,1,1,NA,1,1,NA,1,1,NA,1,1,N,1,1,NA,NA,NA,NA,NA,NA,NA,NA,NA,ARFR4-SOS-WY040-71-10,#66C2A5,-109.2433156,41.13271889,5 - 10 Deg. F. / 3 - 6,,5 - 10 Deg. F.,6-Mar,5 - 10 Deg. F. / 3 - 6,5 - 10 / semi-humid,WY.1,#a5c2f1,"semi-humid, cold",#66C2A5,I,NA,NA
ARFR-AZ930-423-NAVAJO-18,black,5,17,55,248,931,1,1,1,NA,1,1,NA,1,1,NA,1,1,NA,1,1,N,1,1,NA,NA,NA,NA,NA,NA,NA,NA,NA,ARFR4-SOS-AZ930-423-NAVAJO-18,#9E0142,-110.431,36.45877,15 - 20 Deg. F. / 6 - 12,SdZones downloaded 20230823,15 - 20 Deg. F.,12-Jun,15 - 20 Deg. F. / 6 - 12,15 - 20 / semi-arid,AZ.1,#ee5c42,"semi-arid, warm",#9E0142,A,NA,NA
ARFR-NM930N-66-11,black,5,18,1,237,932,1,1,0,NA,1,0,NA,1,0,NA,1,1,NA,1,1,N,1,1,NA,NA,NA,NA,NA,NA,NA,NA,NA,ARFR4-SOS-NM930N-66-11,#F46D43,-107.2045028,36.76818611,10 - 15 Deg. F. / 3 - 6,,10 - 15 Deg. F.,6-Mar,10 - 15 Deg. F. / 3 - 6,10 - 15 / semi-humid,NM.1,#66e566,"semi-humid, cool",#F46D43,C,NA,NA
ARFR-UT080-109-UINTAH-12,black,5,18,2,NA,933,1,1,1,NA,1,1,NA,1,1,NA,1,1,NA,1,1,N,1,1,NA,NA,NA,NA,NA,NA,NA,NA,NA,ARFR4-SOS-UT080-109-UINTAH-12,#aabe7f,-109.1426444,39.70802222,10 - 15 Deg. F. / 3 - 6,,10 - 15 Deg. F.,6-Mar,10 - 15 Deg. F. / 3 - 6,10 - 15 / semi-humid,UT.1,#66e566,"semi-humid, cool",#aabe7f,G,NA,NA
ARFR-CO932-314-JEFFERSON-12,black,5,18,3,NA,934,1,1,0,NA,1,1,NA,1,1,NA,1,1,NA,1,1,N,1,1,NA,NA,NA,NA,NA,NA,NA,NA,NA,ARFR4-SOS-CO932-314-JEFFERSON-12,#FEE08B,-105.3553333,39.40902778,10 - 15 Deg. F. / 3 - 6,,10 - 15 Deg. F.,6-Mar,10 - 15 Deg. F. / 3 - 6,10 - 15 / semi-humid,CO.2,#66e566,"semi-humid, cool",#FEE08B,E,NA,NA
ARFR-UT080-109-UINTAH-12,black,5,18,4,NA,935,1,1,0,NA,1,1,NA,1,1,NA,1,1,NA,1,1,N,1,1,NA,NA,NA,NA,NA,NA,NA,NA,NA,ARFR4-SOS-UT080-109-UINTAH-12,#aabe7f,-109.1426444,39.70802222,10 - 15 Deg. F. / 3 - 6,,10 - 15 Deg. F.,6-Mar,10 - 15 Deg. F. / 3 - 6,10 - 15 / semi-humid,UT.1,#66e566,"semi-humid, cool",#aabe7f,G,NA,NA
ARFR-AZ930-422-NAVAJO-18,black,5,18,5,238,936,1,1,0,NA,1,1,NA,1,1,NA,1,1,NA,1,1,N,1,1,NA,NA,NA,NA,NA,NA,NA,NA,NA,ARFR4-SOS-AZ930-422-NAVAJO-18,#D53E4F,-110.431,36.56805,15 - 20 Deg. F. / 6 - 12,Lats corrected 20230127,15 - 20 Deg. F.,12-Jun,15 - 20 Deg. F. / 6 - 12,15 - 20 / semi-arid,AZ.2,#ee5c42,"semi-arid, warm",#D53E4F,B,NA,NA
ARFR-NM930N-66-11,black,5,18,6,NA,937,1,1,1,NA,1,1,NA,1,1,NA,1,1,NA,1,1,N,1,1,NA,NA,NA,NA,NA,NA,NA,NA,NA,ARFR4-SOS-NM930N-66-11,#F46D43,-107.2045028,36.76818611,10 - 15 Deg. F. / 3 - 6,,10 - 15 Deg. F.,6-Mar,10 - 15 Deg. F. / 3 - 6,10 - 15 / semi-humid,NM.1,#66e566,"semi-humid, cool",#F46D43,C,NA,NA
ARFR-AZ930-423-NAVAJO-18,black,5,18,7,NA,938,1,1,1,NA,1,1,NA,1,1,NA,1,1,NA,1,1,N,1,1,NA,NA,NA,NA,NA,NA,NA,NA,NA,ARFR4-SOS-AZ930-423-NAVAJO-18,#9E0142,-110.431,36.45877,15 - 20 Deg. F. / 6 - 12,SdZones downloaded 20230823,15 - 20 Deg. F.,12-Jun,15 - 20 Deg. F. / 6 - 12,15 - 20 / semi-arid,AZ.1,#ee5c42,"semi-arid, warm",#9E0142,A,NA,NA
ARFR-CO932-294-11,black,5,18,8,NA,939,1,1,0,NA,1,1,NA,1,1,NA,1,1,NA,1,1,N,1,1,NA,NA,NA,NA,NA,NA,NA,NA,NA,ARFR4-SOS-CO932-294-11,#ABDDA4,-105.2030833,39.78458333,15 - 20 Deg. F. / 3 - 6,,15 - 20 Deg. F.,6-Mar,15 - 20 Deg. F. / 3 - 6,15 - 20 / semi-humid,CO.4,#698b69,"semi-humid, warm",#ABDDA4,H,NA,NA
ARFR-CO932-316-JEFFERSON-12,black,5,18,9,NA,940,1,1,1,NA,1,1,NA,1,1,NA,1,1,NA,1,1,N,1,1,NA,NA,NA,NA,NA,NA,NA,NA,NA,ARFR4-SOS-CO932-316-JEFFERSON-12,#FFFF85,-105.358,39.66325,15 - 20 Deg. F. / 3 - 6,,15 - 20 Deg. F.,6-Mar,15 - 20 Deg. F. / 3 - 6,15 - 20 / semi-humid,CO.3,#698b69,"semi-humid, warm",#FFFF85,F,NA,NA
ARFR-WY050-49-FREMONT-12,black,5,18,10,239,941,1,1,1,NA,1,1,NA,1,1,NA,1,1,NA,1,1,N,1,1,NA,NA,NA,NA,NA,NA,NA,NA,NA,ARFR4-SOS-WY050-49-FREMONT-12,#5E4FA2,-109.34775,43.42663611,5 - 10 Deg. F. / 6 - 12,,5 - 10 Deg. F.,12-Jun,5 - 10 Deg. F. / 6 - 12,5 - 10 / semi-arid,WY.3,#ffb90f,"semi-arid, cold",#5E4FA2,K,NA,NA
ARFR-AZ930-422-NAVAJO-18,black,5,18,11,NA,942,1,1,1,NA,1,1,NA,1,1,NA,1,1,NA,1,1,N,1,1,NA,NA,NA,NA,NA,NA,NA,NA,NA,ARFR4-SOS-AZ930-422-NAVAJO-18,#D53E4F,-110.431,36.56805,15 - 20 Deg. F. / 6 - 12,Lats corrected 20230127,15 - 20 Deg. F.,12-Jun,15 - 20 Deg. F. / 6 - 12,15 - 20 / semi-arid,AZ.2,#ee5c42,"semi-arid, warm",#D53E4F,B,NA,NA
ARFR-WY050-49-FREMONT-12,black,5,18,12,NA,943,1,1,0,NA,1,1,NA,1,1,NA,1,1,NA,1,1,N,1,1,NA,NA,NA,NA,NA,NA,NA,NA,NA,ARFR4-SOS-WY050-49-FREMONT-12,#5E4FA2,-109.34775,43.42663611,5 - 10 Deg. F. / 6 - 12,,5 - 10 Deg. F.,12-Jun,5 - 10 Deg. F. / 6 - 12,5 - 10 / semi-arid,WY.3,#ffb90f,"semi-arid, cold",#5E4FA2,K,NA,NA
ARFR-WY050-49-FREMONT-12,black,5,18,13,NA,944,1,1,1,NA,1,0,NA,1,1,NA,1,1,NA,1,1,N,1,1,NA,NA,NA,NA,NA,NA,NA,NA,NA,ARFR4-SOS-WY050-49-FREMONT-12,#5E4FA2,-109.34775,43.42663611,5 - 10 Deg. F. / 6 - 12,,5 - 10 Deg. F.,12-Jun,5 - 10 Deg. F. / 6 - 12,5 - 10 / semi-arid,WY.3,#ffb90f,"semi-arid, cold",#5E4FA2,K,NA,NA
ARFR-CO932-316-JEFFERSON-12,black,5,18,14,NA,945,1,1,0,NA,1,0,NA,1,0,NA,1,1,NA,1,1,N,1,1,NA,NA,NA,NA,NA,NA,NA,NA,NA,ARFR4-SOS-CO932-316-JEFFERSON-12,#FFFF85,-105.358,39.66325,15 - 20 Deg. F. / 3 - 6,,15 - 20 Deg. F.,6-Mar,15 - 20 Deg. F. / 3 - 6,15 - 20 / semi-humid,CO.3,#698b69,"semi-humid, warm",#FFFF85,F,NA,NA
ARFR-UT080-109-UINTAH-12,black,5,18,15,240,946,1,1,0,NA,1,0,NA,1,0,NA,1,1,NA,1,1,N,1,1,NA,NA,NA,NA,NA,NA,NA,NA,NA,ARFR4-SOS-UT080-109-UINTAH-12,#aabe7f,-109.1426444,39.70802222,10 - 15 Deg. F. / 3 - 6,,10 - 15 Deg. F.,6-Mar,10 - 15 Deg. F. / 3 - 6,10 - 15 / semi-humid,UT.1,#66e566,"semi-humid, cool",#aabe7f,G,NA,NA
ARFR-CO932-316-JEFFERSON-12,black,5,18,16,NA,947,1,1,0,NA,1,0,NA,1,0,NA,1,1,NA,1,1,N,1,1,NA,NA,NA,NA,NA,NA,NA,NA,NA,ARFR4-SOS-CO932-316-JEFFERSON-12,#FFFF85,-105.358,39.66325,15 - 20 Deg. F. / 3 - 6,,15 - 20 Deg. F.,6-Mar,15 - 20 Deg. F. / 3 - 6,15 - 20 / semi-humid,CO.3,#698b69,"semi-humid, warm",#FFFF85,F,NA,NA
ARFR-CO932-294-11,black,5,18,17,NA,948,1,1,0,NA,1,0,NA,1,0,NA,1,1,NA,1,1,N,1,1,NA,NA,NA,NA,NA,NA,NA,NA,NA,ARFR4-SOS-CO932-294-11,#ABDDA4,-105.2030833,39.78458333,15 - 20 Deg. F. / 3 - 6,,15 - 20 Deg. F.,6-Mar,15 - 20 Deg. F. / 3 - 6,15 - 20 / semi-humid,CO.4,#698b69,"semi-humid, warm",#ABDDA4,H,NA,NA
ARFR-CO932-294-11,black,5,18,18,NA,949,1,1,0,NA,1,0,NA,1,0,NA,1,1,NA,1,1,N,1,1,NA,NA,NA,NA,NA,NA,NA,NA,NA,ARFR4-SOS-CO932-294-11,#ABDDA4,-105.2030833,39.78458333,15 - 20 Deg. F. / 3 - 6,,15 - 20 Deg. F.,6-Mar,15 - 20 Deg. F. / 3 - 6,15 - 20 / semi-humid,CO.4,#698b69,"semi-humid, warm",#ABDDA4,H,NA,NA
ARFR-WY040-71-10,black,5,18,19,NA,950,1,1,1,NA,1,1,NA,1,1,NA,1,1,NA,1,1,N,1,1,NA,NA,NA,NA,NA,NA,NA,NA,NA,ARFR4-SOS-WY040-71-10,#66C2A5,-109.2433156,41.13271889,5 - 10 Deg. F. / 3 - 6,,5 - 10 Deg. F.,6-Mar,5 - 10 Deg. F. / 3 - 6,5 - 10 / semi-humid,WY.1,#a5c2f1,"semi-humid, cold",#66C2A5,I,NA,NA
ARFR-WY930-44-LASANIMAS-13,black,5,18,20,241,951,1,1,0,NA,1,0,NA,1,0,NA,1,0,NA,1,1,N,1,1,NA,NA,NA,NA,NA,NA,NA,NA,NA,ARFR4-SOS-WY930-44-LASANIMAS-13,#FDAE61,-104.6423889,37.16547222,15 - 20 Deg. F. / 3 - 6,,15 - 20 Deg. F.,6-Mar,15 - 20 Deg. F. / 3 - 6,15 - 20 / semi-humid,CO.1,#698b69,"semi-humid, warm",#FDAE61,D,NA,NA
ARFR-CO932-314-JEFFERSON-12,black,5,18,21,NA,952,1,1,1,NA,1,1,NA,1,1,NA,1,1,NA,1,1,N,1,1,NA,NA,NA,NA,NA,NA,NA,NA,NA,ARFR4-SOS-CO932-314-JEFFERSON-12,#FEE08B,-105.3553333,39.40902778,10 - 15 Deg. F. / 3 - 6,,10 - 15 Deg. F.,6-Mar,10 - 15 Deg. F. / 3 - 6,10 - 15 / semi-humid,CO.2,#66e566,"semi-humid, cool",#FEE08B,E,NA,NA
ARFR-CO932-316-JEFFERSON-12,black,5,18,22,NA,953,1,1,0,NA,1,1,NA,1,1,NA,1,1,NA,1,1,N,1,1,NA,NA,NA,NA,NA,NA,NA,NA,NA,ARFR4-SOS-CO932-316-JEFFERSON-12,#FFFF85,-105.358,39.66325,15 - 20 Deg. F. / 3 - 6,,15 - 20 Deg. F.,6-Mar,15 - 20 Deg. F. / 3 - 6,15 - 20 / semi-humid,CO.3,#698b69,"semi-humid, warm",#FFFF85,F,NA,NA
ARFR-CO932-316-JEFFERSON-12,black,5,18,23,NA,954,1,1,1,NA,1,1,NA,1,1,NA,1,1,NA,1,1,N,1,1,NA,NA,NA,NA,NA,NA,NA,NA,NA,ARFR4-SOS-CO932-316-JEFFERSON-12,#FFFF85,-105.358,39.66325,15 - 20 Deg. F. / 3 - 6,,15 - 20 Deg. F.,6-Mar,15 - 20 Deg. F. / 3 - 6,15 - 20 / semi-humid,CO.3,#698b69,"semi-humid, warm",#FFFF85,F,NA,NA
ARFR-WY050-151-FREMONT-16,black,5,18,24,NA,955,1,1,0,NA,1,0,NA,1,0,NA,1,1,NA,1,1,N,1,1,NA,NA,NA,NA,NA,NA,NA,NA,NA,ARFR4-SOS-WY050-151-FREMONT-16,#3288BD,-108.1704472,42.47886111,10 - 15 Deg. F. / 6 - 12,,10 - 15 Deg. F.,12-Jun,10 - 15 Deg. F. / 6 - 12,10 - 15 / semi-arid,WY.2,#cd8500,"semi-arid, cool",#3288BD,J,NA,NA
ARFR-WY040-71-10,black,5,18,25,242,956,1,1,1,NA,1,1,NA,1,1,NA,1,1,NA,1,1,N,1,1,NA,NA,NA,NA,NA,NA,NA,NA,NA,ARFR4-SOS-WY040-71-10,#66C2A5,-109.2433156,41.13271889,5 - 10 Deg. F. / 3 - 6,,5 - 10 Deg. F.,6-Mar,5 - 10 Deg. F. / 3 - 6,5 - 10 / semi-humid,WY.1,#a5c2f1,"semi-humid, cold",#66C2A5,I,NA,NA
ARFR-NM930N-66-11,black,5,18,26,NA,957,1,1,1,NA,1,1,NA,1,1,NA,1,1,NA,1,1,N,1,1,NA,NA,NA,NA,NA,NA,NA,NA,NA,ARFR4-SOS-NM930N-66-11,#F46D43,-107.2045028,36.76818611,10 - 15 Deg. F. / 3 - 6,,10 - 15 Deg. F.,6-Mar,10 - 15 Deg. F. / 3 - 6,10 - 15 / semi-humid,NM.1,#66e566,"semi-humid, cool",#F46D43,C,NA,NA
ARFR-AZ930-423-NAVAJO-18,black,5,18,27,NA,958,1,1,0,NA,1,0,NA,1,0,NA,1,1,NA,1,1,N,1,1,NA,NA,NA,NA,NA,NA,NA,NA,NA,ARFR4-SOS-AZ930-423-NAVAJO-18,#9E0142,-110.431,36.45877,15 - 20 Deg. F. / 6 - 12,SdZones downloaded 20230823,15 - 20 Deg. F.,12-Jun,15 - 20 Deg. F. / 6 - 12,15 - 20 / semi-arid,AZ.1,#ee5c42,"semi-arid, warm",#9E0142,A,NA,NA
ARFR-WY050-49-FREMONT-12,black,5,18,28,NA,959,1,1,0,NA,1,0,NA,1,0,NA,1,1,NA,1,1,N,1,1,NA,NA,NA,NA,NA,NA,NA,NA,NA,ARFR4-SOS-WY050-49-FREMONT-12,#5E4FA2,-109.34775,43.42663611,5 - 10 Deg. F. / 6 - 12,,5 - 10 Deg. F.,12-Jun,5 - 10 Deg. F. / 6 - 12,5 - 10 / semi-arid,WY.3,#ffb90f,"semi-arid, cold",#5E4FA2,K,NA,NA
ARFR-CO932-316-JEFFERSON-12,black,5,18,29,NA,960,1,1,0,NA,1,0,NA,1,0,NA,1,0,NA,1,1,N,1,1,NA,NA,NA,NA,NA,NA,NA,NA,NA,ARFR4-SOS-CO932-316-JEFFERSON-12,#FFFF85,-105.358,39.66325,15 - 20 Deg. F. / 3 - 6,,15 - 20 Deg. F.,6-Mar,15 - 20 Deg. F. / 3 - 6,15 - 20 / semi-humid,CO.3,#698b69,"semi-humid, warm",#FFFF85,F,NA,NA
ARFR-WY930-44-LASANIMAS-13,black,5,18,30,243,961,1,1,0,NA,1,0,NA,1,1,NA,1,1,NA,1,0,Y,1,0,NA,NA,NA,NA,NA,Y,NA,NA,NA,ARFR4-SOS-WY930-44-LASANIMAS-13,#FDAE61,-104.6423889,37.16547222,15 - 20 Deg. F. / 3 - 6,,15 - 20 Deg. F.,6-Mar,15 - 20 Deg. F. / 3 - 6,15 - 20 / semi-humid,CO.1,#698b69,"semi-humid, warm",#FDAE61,D,NA,NA
ARFR-AZ930-422-NAVAJO-18,black,5,18,31,NA,962,1,1,1,NA,1,1,NA,1,1,NA,1,1,NA,1,1,N,1,1,NA,NA,NA,NA,NA,NA,NA,NA,NA,ARFR4-SOS-AZ930-422-NAVAJO-18,#D53E4F,-110.431,36.56805,15 - 20 Deg. F. / 6 - 12,Lats corrected 20230127,15 - 20 Deg. F.,12-Jun,15 - 20 Deg. F. / 6 - 12,15 - 20 / semi-arid,AZ.2,#ee5c42,"semi-arid, warm",#D53E4F,B,NA,NA
ARFR-WY930-44-LASANIMAS-13,black,5,18,32,NA,963,1,1,0,NA,1,0,NA,1,0,NA,1,0,NA,1,1,N,1,1,NA,NA,NA,NA,NA,NA,NA,NA,NA,ARFR4-SOS-WY930-44-LASANIMAS-13,#FDAE61,-104.6423889,37.16547222,15 - 20 Deg. F. / 3 - 6,,15 - 20 Deg. F.,6-Mar,15 - 20 Deg. F. / 3 - 6,15 - 20 / semi-humid,CO.1,#698b69,"semi-humid, warm",#FDAE61,D,NA,NA
ARFR-WY050-49-FREMONT-12,black,5,18,33,NA,964,1,1,0,NA,1,0,NA,1,0,NA,1,0,NA,1,1,N,1,1,NA,NA,NA,NA,NA,NA,NA,NA,NA,ARFR4-SOS-WY050-49-FREMONT-12,#5E4FA2,-109.34775,43.42663611,5 - 10 Deg. F. / 6 - 12,,5 - 10 Deg. F.,12-Jun,5 - 10 Deg. F. / 6 - 12,5 - 10 / semi-arid,WY.3,#ffb90f,"semi-arid, cold",#5E4FA2,K,NA,NA
ARFR-UT080-109-UINTAH-12,black,5,18,34,NA,965,1,1,0,NA,1,0,NA,1,1,NA,1,1,NA,1,1,N,1,1,NA,NA,NA,NA,NA,NA,NA,NA,NA,ARFR4-SOS-UT080-109-UINTAH-12,#aabe7f,-109.1426444,39.70802222,10 - 15 Deg. F. / 3 - 6,,10 - 15 Deg. F.,6-Mar,10 - 15 Deg. F. / 3 - 6,10 - 15 / semi-humid,UT.1,#66e566,"semi-humid, cool",#aabe7f,G,NA,NA
ARFR-WY040-71-10,black,5,18,35,244,966,1,1,1,NA,1,0,NA,1,1,NA,1,1,NA,1,1,N,1,1,NA,NA,NA,NA,NA,NA,NA,NA,NA,ARFR4-SOS-WY040-71-10,#66C2A5,-109.2433156,41.13271889,5 - 10 Deg. F. / 3 - 6,,5 - 10 Deg. F.,6-Mar,5 - 10 Deg. F. / 3 - 6,5 - 10 / semi-humid,WY.1,#a5c2f1,"semi-humid, cold",#66C2A5,I,NA,NA
ARFR-NM930N-66-11,black,5,18,36,NA,967,1,1,0,NA,1,0,NA,1,0,NA,1,1,NA,1,1,N,1,1,NA,NA,NA,NA,NA,NA,NA,NA,NA,ARFR4-SOS-NM930N-66-11,#F46D43,-107.2045028,36.76818611,10 - 15 Deg. F. / 3 - 6,,10 - 15 Deg. F.,6-Mar,10 - 15 Deg. F. / 3 - 6,10 - 15 / semi-humid,NM.1,#66e566,"semi-humid, cool",#F46D43,C,NA,NA
ARFR-WY050-49-FREMONT-12,black,5,18,37,NA,968,1,1,0,NA,1,0,NA,1,1,NA,1,1,NA,1,1,N,1,1,NA,NA,NA,NA,NA,NA,NA,NA,NA,ARFR4-SOS-WY050-49-FREMONT-12,#5E4FA2,-109.34775,43.42663611,5 - 10 Deg. F. / 6 - 12,,5 - 10 Deg. F.,12-Jun,5 - 10 Deg. F. / 6 - 12,5 - 10 / semi-arid,WY.3,#ffb90f,"semi-arid, cold",#5E4FA2,K,NA,NA
ARFR-CO932-314-JEFFERSON-12,black,5,18,38,NA,969,1,1,0,NA,1,0,NA,1,0,NA,1,1,NA,1,1,N,1,1,NA,NA,NA,NA,NA,NA,NA,NA,NA,ARFR4-SOS-CO932-314-JEFFERSON-12,#FEE08B,-105.3553333,39.40902778,10 - 15 Deg. F. / 3 - 6,,10 - 15 Deg. F.,6-Mar,10 - 15 Deg. F. / 3 - 6,10 - 15 / semi-humid,CO.2,#66e566,"semi-humid, cool",#FEE08B,E,NA,NA
ARFR-WY930-44-LASANIMAS-13,black,5,18,39,NA,970,1,1,0,NA,1,0,NA,1,0,NA,1,0,NA,1,1,N,1,1,NA,NA,NA,NA,NA,NA,NA,NA,NA,ARFR4-SOS-WY930-44-LASANIMAS-13,#FDAE61,-104.6423889,37.16547222,15 - 20 Deg. F. / 3 - 6,,15 - 20 Deg. F.,6-Mar,15 - 20 Deg. F. / 3 - 6,15 - 20 / semi-humid,CO.1,#698b69,"semi-humid, warm",#FDAE61,D,NA,NA
ARFR-CO932-316-JEFFERSON-12,black,5,18,40,245,971,1,1,1,NA,1,0,NA,1,1,NA,1,1,NA,1,1,N,1,1,NA,NA,NA,NA,NA,NA,NA,NA,NA,ARFR4-SOS-CO932-316-JEFFERSON-12,#FFFF85,-105.358,39.66325,15 - 20 Deg. F. / 3 - 6,,15 - 20 Deg. F.,6-Mar,15 - 20 Deg. F. / 3 - 6,15 - 20 / semi-humid,CO.3,#698b69,"semi-humid, warm",#FFFF85,F,NA,NA
ARFR-WY050-151-FREMONT-16,black,5,18,41,NA,972,1,1,1,NA,1,0,NA,1,1,NA,1,1,NA,1,1,N,1,1,NA,NA,NA,NA,NA,NA,NA,NA,NA,ARFR4-SOS-WY050-151-FREMONT-16,#3288BD,-108.1704472,42.47886111,10 - 15 Deg. F. / 6 - 12,,10 - 15 Deg. F.,12-Jun,10 - 15 Deg. F. / 6 - 12,10 - 15 / semi-arid,WY.2,#cd8500,"semi-arid, cool",#3288BD,J,NA,NA
ARFR-WY050-151-FREMONT-16,black,5,18,42,NA,973,1,1,0,NA,1,0,NA,1,1,NA,1,1,NA,1,1,N,1,1,NA,NA,NA,NA,NA,NA,NA,NA,NA,ARFR4-SOS-WY050-151-FREMONT-16,#3288BD,-108.1704472,42.47886111,10 - 15 Deg. F. / 6 - 12,,10 - 15 Deg. F.,12-Jun,10 - 15 Deg. F. / 6 - 12,10 - 15 / semi-arid,WY.2,#cd8500,"semi-arid, cool",#3288BD,J,NA,NA
ARFR-WY050-49-FREMONT-12,black,5,18,43,NA,974,1,1,0,NA,1,0,NA,1,0,NA,1,1,NA,1,1,N,1,1,NA,NA,NA,NA,NA,NA,NA,NA,NA,ARFR4-SOS-WY050-49-FREMONT-12,#5E4FA2,-109.34775,43.42663611,5 - 10 Deg. F. / 6 - 12,,5 - 10 Deg. F.,12-Jun,5 - 10 Deg. F. / 6 - 12,5 - 10 / semi-arid,WY.3,#ffb90f,"semi-arid, cold",#5E4FA2,K,NA,NA
ARFR-WY050-151-FREMONT-16,black,5,18,44,NA,975,1,1,0,NA,1,0,NA,1,1,NA,1,1,NA,1,1,N,1,1,NA,NA,NA,NA,NA,NA,NA,NA,NA,ARFR4-SOS-WY050-151-FREMONT-16,#3288BD,-108.1704472,42.47886111,10 - 15 Deg. F. / 6 - 12,,10 - 15 Deg. F.,12-Jun,10 - 15 Deg. F. / 6 - 12,10 - 15 / semi-arid,WY.2,#cd8500,"semi-arid, cool",#3288BD,J,NA,NA
ARFR-AZ930-423-NAVAJO-18,black,5,18,45,246,976,1,1,0,NA,1,1,NA,1,1,NA,1,1,NA,1,1,N,1,1,NA,NA,NA,NA,NA,NA,NA,NA,NA,ARFR4-SOS-AZ930-423-NAVAJO-18,#9E0142,-110.431,36.45877,15 - 20 Deg. F. / 6 - 12,SdZones downloaded 20230823,15 - 20 Deg. F.,12-Jun,15 - 20 Deg. F. / 6 - 12,15 - 20 / semi-arid,AZ.1,#ee5c42,"semi-arid, warm",#9E0142,A,NA,NA
ARFR-CO932-314-JEFFERSON-12,black,5,18,46,NA,977,1,1,0,NA,1,1,NA,1,1,NA,1,1,NA,1,1,N,1,1,NA,NA,NA,NA,NA,NA,NA,NA,NA,ARFR4-SOS-CO932-314-JEFFERSON-12,#FEE08B,-105.3553333,39.40902778,10 - 15 Deg. F. / 3 - 6,,10 - 15 Deg. F.,6-Mar,10 - 15 Deg. F. / 3 - 6,10 - 15 / semi-humid,CO.2,#66e566,"semi-humid, cool",#FEE08B,E,NA,NA
ARFR-CO932-294-11,black,5,18,47,NA,978,1,1,0,NA,1,0,NA,1,0,NA,1,0,NA,1,1,N,1,1,NA,NA,NA,NA,NA,NA,NA,NA,NA,ARFR4-SOS-CO932-294-11,#ABDDA4,-105.2030833,39.78458333,15 - 20 Deg. F. / 3 - 6,,15 - 20 Deg. F.,6-Mar,15 - 20 Deg. F. / 3 - 6,15 - 20 / semi-humid,CO.4,#698b69,"semi-humid, warm",#ABDDA4,H,NA,NA
ARFR-AZ930-423-NAVAJO-18,black,5,18,48,NA,979,1,1,NA,NA,1,1,NA,1,1,NA,1,1,NA,1,1,N,1,1,NA,NA,NA,NA,NA,NA,Y,Y,Harvested,ARFR4-SOS-AZ930-423-NAVAJO-18,#9E0142,-110.431,36.45877,15 - 20 Deg. F. / 6 - 12,SdZones downloaded 20230823,15 - 20 Deg. F.,12-Jun,15 - 20 Deg. F. / 6 - 12,15 - 20 / semi-arid,AZ.1,#ee5c42,"semi-arid, warm",#9E0142,A,NA,Y
ARFR-WY050-151-FREMONT-16,black,5,18,49,NA,980,1,1,0,NA,1,1,NA,1,1,NA,1,1,NA,1,1,N,1,1,NA,NA,NA,NA,NA,NA,NA,NA,NA,ARFR4-SOS-WY050-151-FREMONT-16,#3288BD,-108.1704472,42.47886111,10 - 15 Deg. F. / 6 - 12,,10 - 15 Deg. F.,12-Jun,10 - 15 Deg. F. / 6 - 12,10 - 15 / semi-arid,WY.2,#cd8500,"semi-arid, cool",#3288BD,J,NA,NA
ARFR-WY930-44-LASANIMAS-13,black,5,18,50,247,981,1,1,0,NA,1,1,NA,1,0,NA,1,0,NA,1,1,N,1,1,NA,NA,NA,NA,NA,NA,NA,NA,NA,ARFR4-SOS-WY930-44-LASANIMAS-13,#FDAE61,-104.6423889,37.16547222,15 - 20 Deg. F. / 3 - 6,,15 - 20 Deg. F.,6-Mar,15 - 20 Deg. F. / 3 - 6,15 - 20 / semi-humid,CO.1,#698b69,"semi-humid, warm",#FDAE61,D,NA,NA
ARFR-WY040-71-10,black,5,18,51,NA,982,1,1,1,NA,1,1,NA,1,1,NA,1,1,NA,1,1,N,1,1,NA,NA,NA,NA,NA,NA,NA,NA,NA,ARFR4-SOS-WY040-71-10,#66C2A5,-109.2433156,41.13271889,5 - 10 Deg. F. / 3 - 6,,5 - 10 Deg. F.,6-Mar,5 - 10 Deg. F. / 3 - 6,5 - 10 / semi-humid,WY.1,#a5c2f1,"semi-humid, cold",#66C2A5,I,NA,NA
ARFR-AZ930-423-NAVAJO-18,black,5,18,52,NA,983,1,1,1,NA,1,1,NA,1,1,NA,1,1,NA,1,1,N,1,1,NA,NA,NA,NA,NA,NA,NA,NA,NA,ARFR4-SOS-AZ930-423-NAVAJO-18,#9E0142,-110.431,36.45877,15 - 20 Deg. F. / 6 - 12,SdZones downloaded 20230823,15 - 20 Deg. F.,12-Jun,15 - 20 Deg. F. / 6 - 12,15 - 20 / semi-arid,AZ.1,#ee5c42,"semi-arid, warm",#9E0142,A,NA,NA
ARFR-CO932-314-JEFFERSON-12,black,5,18,53,NA,984,1,1,1,NA,1,1,NA,1,1,NA,1,1,dying,1,1,N,1,1,NA,NA,NA,NA,NA,NA,NA,NA,NA,ARFR4-SOS-CO932-314-JEFFERSON-12,#FEE08B,-105.3553333,39.40902778,10 - 15 Deg. F. / 3 - 6,,10 - 15 Deg. F.,6-Mar,10 - 15 Deg. F. / 3 - 6,10 - 15 / semi-humid,CO.2,#66e566,"semi-humid, cool",#FEE08B,E,NA,NA
ARFR-UT080-109-UINTAH-12,black,5,18,54,NA,985,1,1,0,NA,1,1,NA,1,1,NA,1,1,NA,1,1,N,1,1,NA,NA,NA,NA,NA,NA,NA,NA,NA,ARFR4-SOS-UT080-109-UINTAH-12,#aabe7f,-109.1426444,39.70802222,10 - 15 Deg. F. / 3 - 6,,10 - 15 Deg. F.,6-Mar,10 - 15 Deg. F. / 3 - 6,10 - 15 / semi-humid,UT.1,#66e566,"semi-humid, cool",#aabe7f,G,NA,NA
ARFR-AZ930-422-NAVAJO-18,black,5,18,55,248,986,1,1,1,NA,1,1,NA,1,1,NA,1,1,NA,1,1,N,1,1,NA,NA,NA,NA,NA,NA,NA,NA,NA,ARFR4-SOS-AZ930-422-NAVAJO-18,#D53E4F,-110.431,36.56805,15 - 20 Deg. F. / 6 - 12,Lats corrected 20230127,15 - 20 Deg. F.,12-Jun,15 - 20 Deg. F. / 6 - 12,15 - 20 / semi-arid,AZ.2,#ee5c42,"semi-arid, warm",#D53E4F,B,NA,NA
ARFR-WY930-44-LASANIMAS-13,black,5,19,1,249,987,1,1,0,NA,1,0,NA,1,0,NA,1,0,NA,1,1,N,1,1,NA,NA,NA,NA,NA,NA,NA,NA,NA,ARFR4-SOS-WY930-44-LASANIMAS-13,#FDAE61,-104.6423889,37.16547222,15 - 20 Deg. F. / 3 - 6,,15 - 20 Deg. F.,6-Mar,15 - 20 Deg. F. / 3 - 6,15 - 20 / semi-humid,CO.1,#698b69,"semi-humid, warm",#FDAE61,D,NA,NA
ARFR-WY930-44-LASANIMAS-13,black,5,19,2,NA,988,1,1,0,NA,1,0,NA,1,0,NA,1,0,NA,1,0,N,1,0,NA,NA,NA,NA,NA,NA,NA,NA,NA,ARFR4-SOS-WY930-44-LASANIMAS-13,#FDAE61,-104.6423889,37.16547222,15 - 20 Deg. F. / 3 - 6,,15 - 20 Deg. F.,6-Mar,15 - 20 Deg. F. / 3 - 6,15 - 20 / semi-humid,CO.1,#698b69,"semi-humid, warm",#FDAE61,D,NA,NA
ARFR-CO932-294-11,black,5,19,3,NA,989,1,1,0,NA,1,0,NA,1,0,NA,1,0,NA,1,1,N,1,1,NA,NA,NA,NA,NA,NA,NA,NA,NA,ARFR4-SOS-CO932-294-11,#ABDDA4,-105.2030833,39.78458333,15 - 20 Deg. F. / 3 - 6,,15 - 20 Deg. F.,6-Mar,15 - 20 Deg. F. / 3 - 6,15 - 20 / semi-humid,CO.4,#698b69,"semi-humid, warm",#ABDDA4,H,NA,NA
ARFR-NM930N-66-11,black,5,19,4,NA,990,1,1,1,NA,1,0,NA,1,0,NA,1,1,NA,1,1,N,1,1,NA,NA,NA,NA,NA,NA,NA,NA,NA,ARFR4-SOS-NM930N-66-11,#F46D43,-107.2045028,36.76818611,10 - 15 Deg. F. / 3 - 6,,10 - 15 Deg. F.,6-Mar,10 - 15 Deg. F. / 3 - 6,10 - 15 / semi-humid,NM.1,#66e566,"semi-humid, cool",#F46D43,C,NA,NA
ARFR-WY040-71-10,black,5,19,5,250,991,1,1,1,NA,1,1,NA,1,1,NA,1,1,NA,1,1,N,1,1,NA,NA,NA,NA,NA,NA,NA,NA,NA,ARFR4-SOS-WY040-71-10,#66C2A5,-109.2433156,41.13271889,5 - 10 Deg. F. / 3 - 6,,5 - 10 Deg. F.,6-Mar,5 - 10 Deg. F. / 3 - 6,5 - 10 / semi-humid,WY.1,#a5c2f1,"semi-humid, cold",#66C2A5,I,NA,NA
ARFR-AZ930-422-NAVAJO-18,black,5,19,6,NA,992,1,1,1,NA,1,0,NA,1,1,NA,1,1,NA,1,1,N,1,1,NA,NA,NA,NA,NA,NA,NA,NA,NA,ARFR4-SOS-AZ930-422-NAVAJO-18,#D53E4F,-110.431,36.56805,15 - 20 Deg. F. / 6 - 12,Lats corrected 20230127,15 - 20 Deg. F.,12-Jun,15 - 20 Deg. F. / 6 - 12,15 - 20 / semi-arid,AZ.2,#ee5c42,"semi-arid, warm",#D53E4F,B,NA,NA
ARFR-CO932-316-JEFFERSON-12,black,5,19,7,NA,993,1,1,0,NA,1,0,NA,1,0,NA,1,0,NA,1,0,N,1,0,NA,NA,NA,NA,NA,NA,NA,NA,NA,ARFR4-SOS-CO932-316-JEFFERSON-12,#FFFF85,-105.358,39.66325,15 - 20 Deg. F. / 3 - 6,,15 - 20 Deg. F.,6-Mar,15 - 20 Deg. F. / 3 - 6,15 - 20 / semi-humid,CO.3,#698b69,"semi-humid, warm",#FFFF85,F,NA,NA
ARFR-UT080-109-UINTAH-12,black,5,19,8,NA,994,1,1,1,NA,1,1,NA,1,1,NA,1,1,NA,1,1,N,1,1,NA,NA,NA,NA,NA,NA,NA,NA,NA,ARFR4-SOS-UT080-109-UINTAH-12,#aabe7f,-109.1426444,39.70802222,10 - 15 Deg. F. / 3 - 6,,10 - 15 Deg. F.,6-Mar,10 - 15 Deg. F. / 3 - 6,10 - 15 / semi-humid,UT.1,#66e566,"semi-humid, cool",#aabe7f,G,NA,NA
ARFR-AZ930-422-NAVAJO-18,black,5,19,9,NA,995,1,1,1,NA,1,1,NA,1,1,NA,1,1,NA,1,1,N,1,1,NA,NA,NA,NA,NA,NA,NA,NA,NA,ARFR4-SOS-AZ930-422-NAVAJO-18,#D53E4F,-110.431,36.56805,15 - 20 Deg. F. / 6 - 12,Lats corrected 20230127,15 - 20 Deg. F.,12-Jun,15 - 20 Deg. F. / 6 - 12,15 - 20 / semi-arid,AZ.2,#ee5c42,"semi-arid, warm",#D53E4F,B,NA,NA
ARFR-WY050-151-FREMONT-16,black,5,19,10,251,996,1,1,1,NA,1,0,NA,1,1,NA,1,1,NA,1,1,N,1,1,NA,NA,NA,NA,NA,NA,NA,NA,NA,ARFR4-SOS-WY050-151-FREMONT-16,#3288BD,-108.1704472,42.47886111,10 - 15 Deg. F. / 6 - 12,,10 - 15 Deg. F.,12-Jun,10 - 15 Deg. F. / 6 - 12,10 - 15 / semi-arid,WY.2,#cd8500,"semi-arid, cool",#3288BD,J,NA,NA
ARFR-AZ930-422-NAVAJO-18,black,5,19,11,NA,997,1,1,1,NA,1,1,NA,1,1,NA,1,1,NA,1,1,N,1,1,NA,NA,NA,NA,NA,NA,NA,NA,NA,ARFR4-SOS-AZ930-422-NAVAJO-18,#D53E4F,-110.431,36.56805,15 - 20 Deg. F. / 6 - 12,Lats corrected 20230127,15 - 20 Deg. F.,12-Jun,15 - 20 Deg. F. / 6 - 12,15 - 20 / semi-arid,AZ.2,#ee5c42,"semi-arid, warm",#D53E4F,B,NA,NA
ARFR-WY050-151-FREMONT-16,black,5,19,12,NA,998,1,1,1,NA,1,1,NA,1,1,NA,1,1,NA,1,1,N,1,1,NA,NA,NA,NA,NA,NA,NA,NA,NA,ARFR4-SOS-WY050-151-FREMONT-16,#3288BD,-108.1704472,42.47886111,10 - 15 Deg. F. / 6 - 12,,10 - 15 Deg. F.,12-Jun,10 - 15 Deg. F. / 6 - 12,10 - 15 / semi-arid,WY.2,#cd8500,"semi-arid, cool",#3288BD,J,NA,NA
ARFR-CO932-314-JEFFERSON-12,black,5,19,13,NA,999,1,1,1,NA,1,1,NA,1,1,NA,1,1,NA,1,1,N,1,1,NA,NA,NA,NA,NA,NA,NA,NA,NA,ARFR4-SOS-CO932-314-JEFFERSON-12,#FEE08B,-105.3553333,39.40902778,10 - 15 Deg. F. / 3 - 6,,10 - 15 Deg. F.,6-Mar,10 - 15 Deg. F. / 3 - 6,10 - 15 / semi-humid,CO.2,#66e566,"semi-humid, cool",#FEE08B,E,NA,NA
ARFR-AZ930-423-NAVAJO-18,black,5,19,14,NA,1000,1,1,1,NA,1,0,NA,1,1,NA,1,1,NA,1,1,N,1,1,NA,NA,NA,NA,NA,NA,NA,NA,NA,ARFR4-SOS-AZ930-423-NAVAJO-18,#9E0142,-110.431,36.45877,15 - 20 Deg. F. / 6 - 12,SdZones downloaded 20230823,15 - 20 Deg. F.,12-Jun,15 - 20 Deg. F. / 6 - 12,15 - 20 / semi-arid,AZ.1,#ee5c42,"semi-arid, warm",#9E0142,A,NA,NA
ARFR-CO932-294-11,black,5,19,15,252,1001,1,1,1,NA,1,0,NA,1,1,NA,1,0,NA,1,0,N,1,0,NA,NA,NA,NA,NA,Y,NA,NA,NA,ARFR4-SOS-CO932-294-11,#ABDDA4,-105.2030833,39.78458333,15 - 20 Deg. F. / 3 - 6,,15 - 20 Deg. F.,6-Mar,15 - 20 Deg. F. / 3 - 6,15 - 20 / semi-humid,CO.4,#698b69,"semi-humid, warm",#ABDDA4,H,NA,NA
ARFR-NM930N-66-11,black,5,19,16,NA,1002,0,0,NA,NA,0,NA,NA,0,NA,NA,0,NA,NA,0,NA,N,0,NA,NA,NA,NA,NA,NA,NA,NA,NA,NA,ARFR4-SOS-NM930N-66-11,#F46D43,-107.2045028,36.76818611,10 - 15 Deg. F. / 3 - 6,,10 - 15 Deg. F.,6-Mar,10 - 15 Deg. F. / 3 - 6,10 - 15 / semi-humid,NM.1,#66e566,"semi-humid, cool",#F46D43,C,NA,NA
ARFR-CO932-314-JEFFERSON-12,black,5,19,17,NA,1003,1,1,1,NA,1,1,NA,1,1,NA,1,1,NA,1,1,N,1,1,NA,NA,NA,NA,NA,NA,NA,NA,NA,ARFR4-SOS-CO932-314-JEFFERSON-12,#FEE08B,-105.3553333,39.40902778,10 - 15 Deg. F. / 3 - 6,,10 - 15 Deg. F.,6-Mar,10 - 15 Deg. F. / 3 - 6,10 - 15 / semi-humid,CO.2,#66e566,"semi-humid, cool",#FEE08B,E,NA,NA
ARFR-CO932-316-JEFFERSON-12,black,5,19,18,NA,1004,1,1,1,NA,1,0,NA,1,1,NA,1,1,NA,1,1,N,1,1,NA,NA,NA,NA,NA,NA,NA,NA,NA,ARFR4-SOS-CO932-316-JEFFERSON-12,#FFFF85,-105.358,39.66325,15 - 20 Deg. F. / 3 - 6,,15 - 20 Deg. F.,6-Mar,15 - 20 Deg. F. / 3 - 6,15 - 20 / semi-humid,CO.3,#698b69,"semi-humid, warm",#FFFF85,F,NA,NA
ARFR-AZ930-423-NAVAJO-18,black,5,19,19,NA,1005,1,1,1,NA,1,1,NA,1,0,NA,1,1,NA,1,1,N,1,1,NA,NA,NA,NA,NA,NA,NA,NA,NA,ARFR4-SOS-AZ930-423-NAVAJO-18,#9E0142,-110.431,36.45877,15 - 20 Deg. F. / 6 - 12,SdZones downloaded 20230823,15 - 20 Deg. F.,12-Jun,15 - 20 Deg. F. / 6 - 12,15 - 20 / semi-arid,AZ.1,#ee5c42,"semi-arid, warm",#9E0142,A,NA,NA
ARFR-NM930N-66-11,black,5,19,20,253,1006,1,1,1,NA,1,1,NA,1,1,NA,1,1,NA,1,1,N,1,1,NA,NA,NA,NA,NA,NA,NA,NA,NA,ARFR4-SOS-NM930N-66-11,#F46D43,-107.2045028,36.76818611,10 - 15 Deg. F. / 3 - 6,,10 - 15 Deg. F.,6-Mar,10 - 15 Deg. F. / 3 - 6,10 - 15 / semi-humid,NM.1,#66e566,"semi-humid, cool",#F46D43,C,NA,NA
ARFR-WY930-44-LASANIMAS-13,black,5,19,21,NA,1007,1,1,1,NA,1,0,NA,1,1,NA,1,1,NA,1,0,N,1,0,NA,NA,NA,NA,NA,Y,NA,NA,NA,ARFR4-SOS-WY930-44-LASANIMAS-13,#FDAE61,-104.6423889,37.16547222,15 - 20 Deg. F. / 3 - 6,,15 - 20 Deg. F.,6-Mar,15 - 20 Deg. F. / 3 - 6,15 - 20 / semi-humid,CO.1,#698b69,"semi-humid, warm",#FDAE61,D,NA,NA
ARFR-WY040-71-10,black,5,19,22,NA,1008,1,1,1,NA,1,1,NA,1,1,NA,1,1,NA,1,1,N,1,1,NA,NA,NA,NA,NA,NA,NA,NA,NA,ARFR4-SOS-WY040-71-10,#66C2A5,-109.2433156,41.13271889,5 - 10 Deg. F. / 3 - 6,,5 - 10 Deg. F.,6-Mar,5 - 10 Deg. F. / 3 - 6,5 - 10 / semi-humid,WY.1,#a5c2f1,"semi-humid, cold",#66C2A5,I,NA,NA
ARFR-WY050-49-FREMONT-12,black,5,19,23,NA,1009,1,1,1,NA,1,1,NA,1,0,NA,1,0,NA,1,1,N,1,1,NA,NA,NA,NA,NA,NA,NA,NA,NA,ARFR4-SOS-WY050-49-FREMONT-12,#5E4FA2,-109.34775,43.42663611,5 - 10 Deg. F. / 6 - 12,,5 - 10 Deg. F.,12-Jun,5 - 10 Deg. F. / 6 - 12,5 - 10 / semi-arid,WY.3,#ffb90f,"semi-arid, cold",#5E4FA2,K,NA,NA
ARFR-AZ930-422-NAVAJO-18,black,5,19,24,NA,1010,1,1,1,NA,1,1,NA,1,1,NA,1,1,NA,1,1,N,1,1,NA,NA,NA,NA,NA,NA,NA,NA,NA,ARFR4-SOS-AZ930-422-NAVAJO-18,#D53E4F,-110.431,36.56805,15 - 20 Deg. F. / 6 - 12,Lats corrected 20230127,15 - 20 Deg. F.,12-Jun,15 - 20 Deg. F. / 6 - 12,15 - 20 / semi-arid,AZ.2,#ee5c42,"semi-arid, warm",#D53E4F,B,NA,NA
ARFR-AZ930-422-NAVAJO-18,black,5,19,25,254,1011,1,1,1,NA,1,1,NA,1,1,NA,1,1,NA,1,1,N,1,1,NA,NA,NA,NA,NA,NA,NA,NA,NA,ARFR4-SOS-AZ930-422-NAVAJO-18,#D53E4F,-110.431,36.56805,15 - 20 Deg. F. / 6 - 12,Lats corrected 20230127,15 - 20 Deg. F.,12-Jun,15 - 20 Deg. F. / 6 - 12,15 - 20 / semi-arid,AZ.2,#ee5c42,"semi-arid, warm",#D53E4F,B,NA,NA
ARFR-UT080-109-UINTAH-12,black,5,19,26,NA,1012,1,1,1,NA,1,1,NA,1,1,NA,1,1,NA,1,1,N,1,1,NA,NA,NA,NA,NA,NA,NA,NA,NA,ARFR4-SOS-UT080-109-UINTAH-12,#aabe7f,-109.1426444,39.70802222,10 - 15 Deg. F. / 3 - 6,,10 - 15 Deg. F.,6-Mar,10 - 15 Deg. F. / 3 - 6,10 - 15 / semi-humid,UT.1,#66e566,"semi-humid, cool",#aabe7f,G,NA,NA
ARFR-NM930N-66-11,black,5,19,27,NA,1013,1,1,1,NA,1,1,NA,1,1,NA,1,1,NA,1,1,N,1,1,NA,NA,NA,NA,NA,NA,NA,NA,NA,ARFR4-SOS-NM930N-66-11,#F46D43,-107.2045028,36.76818611,10 - 15 Deg. F. / 3 - 6,,10 - 15 Deg. F.,6-Mar,10 - 15 Deg. F. / 3 - 6,10 - 15 / semi-humid,NM.1,#66e566,"semi-humid, cool",#F46D43,C,NA,NA
ARFR-CO932-316-JEFFERSON-12,black,5,19,28,NA,1014,1,1,1,NA,1,1,NA,1,1,NA,1,1,NA,1,1,N,1,1,NA,NA,NA,NA,NA,NA,NA,NA,NA,ARFR4-SOS-CO932-316-JEFFERSON-12,#FFFF85,-105.358,39.66325,15 - 20 Deg. F. / 3 - 6,,15 - 20 Deg. F.,6-Mar,15 - 20 Deg. F. / 3 - 6,15 - 20 / semi-humid,CO.3,#698b69,"semi-humid, warm",#FFFF85,F,NA,NA
ARFR-AZ930-422-NAVAJO-18,black,5,19,29,NA,1015,1,1,1,NA,1,1,NA,1,1,NA,1,1,NA,1,1,N,1,1,NA,NA,NA,NA,NA,NA,NA,NA,NA,ARFR4-SOS-AZ930-422-NAVAJO-18,#D53E4F,-110.431,36.56805,15 - 20 Deg. F. / 6 - 12,Lats corrected 20230127,15 - 20 Deg. F.,12-Jun,15 - 20 Deg. F. / 6 - 12,15 - 20 / semi-arid,AZ.2,#ee5c42,"semi-arid, warm",#D53E4F,B,NA,NA
ARFR-WY040-71-10,black,5,19,30,255,1016,1,1,1,NA,1,1,NA,1,1,NA,1,1,NA,1,1,N,1,1,NA,NA,NA,NA,NA,NA,NA,NA,NA,ARFR4-SOS-WY040-71-10,#66C2A5,-109.2433156,41.13271889,5 - 10 Deg. F. / 3 - 6,,5 - 10 Deg. F.,6-Mar,5 - 10 Deg. F. / 3 - 6,5 - 10 / semi-humid,WY.1,#a5c2f1,"semi-humid, cold",#66C2A5,I,NA,NA
ARFR-NM930N-66-11,black,5,19,31,NA,1017,1,1,1,NA,1,1,NA,1,1,NA,1,1,NA,1,1,N,1,1,NA,NA,NA,NA,NA,NA,NA,NA,NA,ARFR4-SOS-NM930N-66-11,#F46D43,-107.2045028,36.76818611,10 - 15 Deg. F. / 3 - 6,,10 - 15 Deg. F.,6-Mar,10 - 15 Deg. F. / 3 - 6,10 - 15 / semi-humid,NM.1,#66e566,"semi-humid, cool",#F46D43,C,NA,NA
ARFR-NM930N-66-11,black,5,19,32,NA,1018,1,1,1,NA,1,1,NA,1,1,NA,1,1,NA,1,1,N,1,1,NA,NA,NA,NA,NA,NA,NA,NA,NA,ARFR4-SOS-NM930N-66-11,#F46D43,-107.2045028,36.76818611,10 - 15 Deg. F. / 3 - 6,,10 - 15 Deg. F.,6-Mar,10 - 15 Deg. F. / 3 - 6,10 - 15 / semi-humid,NM.1,#66e566,"semi-humid, cool",#F46D43,C,NA,NA
ARFR-AZ930-423-NAVAJO-18,black,5,19,33,NA,1019,1,1,1,NA,1,1,NA,1,1,NA,1,1,NA,1,1,Y,1,1,NA,NA,NA,NA,NA,NA,NA,NA,NA,ARFR4-SOS-AZ930-423-NAVAJO-18,#9E0142,-110.431,36.45877,15 - 20 Deg. F. / 6 - 12,SdZones downloaded 20230823,15 - 20 Deg. F.,12-Jun,15 - 20 Deg. F. / 6 - 12,15 - 20 / semi-arid,AZ.1,#ee5c42,"semi-arid, warm",#9E0142,A,NA,NA
ARFR-UT080-109-UINTAH-12,black,5,19,34,NA,1020,1,1,1,NA,1,1,NA,1,1,NA,1,1,NA,1,1,N,1,1,NA,NA,NA,NA,NA,NA,NA,NA,NA,ARFR4-SOS-UT080-109-UINTAH-12,#aabe7f,-109.1426444,39.70802222,10 - 15 Deg. F. / 3 - 6,,10 - 15 Deg. F.,6-Mar,10 - 15 Deg. F. / 3 - 6,10 - 15 / semi-humid,UT.1,#66e566,"semi-humid, cool",#aabe7f,G,NA,NA
ARFR-UT080-109-UINTAH-12,black,5,19,35,256,1021,1,1,1,NA,1,1,NA,1,0,NA,1,1,NA,1,1,N,1,1,NA,NA,NA,NA,NA,NA,NA,NA,NA,ARFR4-SOS-UT080-109-UINTAH-12,#aabe7f,-109.1426444,39.70802222,10 - 15 Deg. F. / 3 - 6,,10 - 15 Deg. F.,6-Mar,10 - 15 Deg. F. / 3 - 6,10 - 15 / semi-humid,UT.1,#66e566,"semi-humid, cool",#aabe7f,G,NA,NA
ARFR-CO932-316-JEFFERSON-12,black,5,19,36,NA,1022,1,1,1,NA,1,1,NA,1,1,NA,1,1,NA,1,1,N,1,1,NA,NA,NA,NA,NA,NA,NA,NA,NA,ARFR4-SOS-CO932-316-JEFFERSON-12,#FFFF85,-105.358,39.66325,15 - 20 Deg. F. / 3 - 6,,15 - 20 Deg. F.,6-Mar,15 - 20 Deg. F. / 3 - 6,15 - 20 / semi-humid,CO.3,#698b69,"semi-humid, warm",#FFFF85,F,NA,NA
ARFR-AZ930-422-NAVAJO-18,black,5,19,37,NA,1023,1,1,1,NA,1,1,NA,1,1,NA,1,1,NA,1,1,N,1,1,NA,NA,NA,NA,NA,NA,NA,NA,NA,ARFR4-SOS-AZ930-422-NAVAJO-18,#D53E4F,-110.431,36.56805,15 - 20 Deg. F. / 6 - 12,Lats corrected 20230127,15 - 20 Deg. F.,12-Jun,15 - 20 Deg. F. / 6 - 12,15 - 20 / semi-arid,AZ.2,#ee5c42,"semi-arid, warm",#D53E4F,B,NA,NA
ARFR-CO932-314-JEFFERSON-12,black,5,19,38,NA,1024,1,1,1,NA,1,1,NA,1,1,NA,1,1,NA,1,1,N,1,1,NA,NA,NA,NA,NA,NA,NA,NA,NA,ARFR4-SOS-CO932-314-JEFFERSON-12,#FEE08B,-105.3553333,39.40902778,10 - 15 Deg. F. / 3 - 6,,10 - 15 Deg. F.,6-Mar,10 - 15 Deg. F. / 3 - 6,10 - 15 / semi-humid,CO.2,#66e566,"semi-humid, cool",#FEE08B,E,NA,NA
ARFR-CO932-316-JEFFERSON-12,black,5,19,39,NA,1025,1,1,1,NA,1,1,NA,1,1,NA,1,1,NA,1,1,N,1,1,NA,NA,NA,NA,NA,NA,NA,NA,NA,ARFR4-SOS-CO932-316-JEFFERSON-12,#FFFF85,-105.358,39.66325,15 - 20 Deg. F. / 3 - 6,,15 - 20 Deg. F.,6-Mar,15 - 20 Deg. F. / 3 - 6,15 - 20 / semi-humid,CO.3,#698b69,"semi-humid, warm",#FFFF85,F,NA,NA
ARFR-CO932-316-JEFFERSON-12,black,5,19,40,257,1026,1,1,1,NA,1,1,NA,1,1,NA,1,1,NA,1,1,N,1,1,NA,NA,NA,NA,NA,NA,NA,NA,NA,ARFR4-SOS-CO932-316-JEFFERSON-12,#FFFF85,-105.358,39.66325,15 - 20 Deg. F. / 3 - 6,,15 - 20 Deg. F.,6-Mar,15 - 20 Deg. F. / 3 - 6,15 - 20 / semi-humid,CO.3,#698b69,"semi-humid, warm",#FFFF85,F,NA,NA
ARFR-WY050-49-FREMONT-12,black,5,19,41,NA,1027,1,1,1,NA,1,1,NA,1,1,NA,1,1,NA,1,1,N,1,1,NA,NA,NA,NA,NA,NA,NA,NA,NA,ARFR4-SOS-WY050-49-FREMONT-12,#5E4FA2,-109.34775,43.42663611,5 - 10 Deg. F. / 6 - 12,,5 - 10 Deg. F.,12-Jun,5 - 10 Deg. F. / 6 - 12,5 - 10 / semi-arid,WY.3,#ffb90f,"semi-arid, cold",#5E4FA2,K,NA,NA
ARFR-CO932-314-JEFFERSON-12,black,5,19,42,NA,1028,1,1,1,NA,1,0,NA,1,1,NA,1,1,NA,1,1,N,1,1,NA,NA,NA,NA,NA,NA,NA,NA,NA,ARFR4-SOS-CO932-314-JEFFERSON-12,#FEE08B,-105.3553333,39.40902778,10 - 15 Deg. F. / 3 - 6,,10 - 15 Deg. F.,6-Mar,10 - 15 Deg. F. / 3 - 6,10 - 15 / semi-humid,CO.2,#66e566,"semi-humid, cool",#FEE08B,E,NA,NA
ARFR-WY050-151-FREMONT-16,black,5,19,43,NA,1029,1,1,1,NA,1,1,NA,1,1,NA,1,1,NA,1,1,N,1,1,NA,NA,NA,NA,NA,NA,NA,NA,NA,ARFR4-SOS-WY050-151-FREMONT-16,#3288BD,-108.1704472,42.47886111,10 - 15 Deg. F. / 6 - 12,,10 - 15 Deg. F.,12-Jun,10 - 15 Deg. F. / 6 - 12,10 - 15 / semi-arid,WY.2,#cd8500,"semi-arid, cool",#3288BD,J,NA,NA
ARFR-WY050-151-FREMONT-16,black,5,19,44,NA,1030,1,1,1,NA,1,0,NA,1,1,NA,1,1,NA,1,1,N,1,1,NA,NA,NA,NA,NA,NA,NA,NA,NA,ARFR4-SOS-WY050-151-FREMONT-16,#3288BD,-108.1704472,42.47886111,10 - 15 Deg. F. / 6 - 12,,10 - 15 Deg. F.,12-Jun,10 - 15 Deg. F. / 6 - 12,10 - 15 / semi-arid,WY.2,#cd8500,"semi-arid, cool",#3288BD,J,NA,NA
ARFR-WY040-71-10,black,5,19,45,258,1031,1,1,1,NA,1,0,NA,1,1,NA,1,1,NA,1,1,N,1,1,NA,NA,NA,NA,NA,NA,NA,NA,NA,ARFR4-SOS-WY040-71-10,#66C2A5,-109.2433156,41.13271889,5 - 10 Deg. F. / 3 - 6,,5 - 10 Deg. F.,6-Mar,5 - 10 Deg. F. / 3 - 6,5 - 10 / semi-humid,WY.1,#a5c2f1,"semi-humid, cold",#66C2A5,I,NA,NA
ARFR-WY930-44-LASANIMAS-13,black,5,19,46,NA,1032,1,1,1,NA,1,0,NA,1,1,NA,1,1,NA,1,0,N,1,0,NA,NA,NA,NA,NA,Y,NA,NA,NA,ARFR4-SOS-WY930-44-LASANIMAS-13,#FDAE61,-104.6423889,37.16547222,15 - 20 Deg. F. / 3 - 6,,15 - 20 Deg. F.,6-Mar,15 - 20 Deg. F. / 3 - 6,15 - 20 / semi-humid,CO.1,#698b69,"semi-humid, warm",#FDAE61,D,NA,NA
ARFR-WY050-151-FREMONT-16,black,5,19,47,NA,1033,1,1,1,NA,1,0,NA,1,1,NA,1,0,NA,1,1,N,1,1,NA,NA,NA,NA,NA,NA,NA,NA,NA,ARFR4-SOS-WY050-151-FREMONT-16,#3288BD,-108.1704472,42.47886111,10 - 15 Deg. F. / 6 - 12,,10 - 15 Deg. F.,12-Jun,10 - 15 Deg. F. / 6 - 12,10 - 15 / semi-arid,WY.2,#cd8500,"semi-arid, cool",#3288BD,J,NA,NA
ARFR-WY040-71-10,black,5,19,48,NA,1034,1,1,1,NA,1,0,NA,1,1,NA,1,1,NA,1,1,N,1,1,NA,NA,NA,NA,NA,NA,NA,NA,NA,ARFR4-SOS-WY040-71-10,#66C2A5,-109.2433156,41.13271889,5 - 10 Deg. F. / 3 - 6,,5 - 10 Deg. F.,6-Mar,5 - 10 Deg. F. / 3 - 6,5 - 10 / semi-humid,WY.1,#a5c2f1,"semi-humid, cold",#66C2A5,I,NA,NA
ARFR-UT080-109-UINTAH-12,black,5,19,49,NA,1035,1,1,1,NA,1,0,NA,1,1,NA,1,1,NA,1,1,N,1,1,NA,NA,NA,NA,NA,NA,NA,NA,NA,ARFR4-SOS-UT080-109-UINTAH-12,#aabe7f,-109.1426444,39.70802222,10 - 15 Deg. F. / 3 - 6,,10 - 15 Deg. F.,6-Mar,10 - 15 Deg. F. / 3 - 6,10 - 15 / semi-humid,UT.1,#66e566,"semi-humid, cool",#aabe7f,G,NA,NA
ARFR-NM930N-66-11,black,5,19,50,259,1036,1,1,1,NA,1,0,NA,1,1,NA,1,1,NA,1,1,N,1,1,NA,NA,NA,NA,NA,NA,NA,NA,NA,ARFR4-SOS-NM930N-66-11,#F46D43,-107.2045028,36.76818611,10 - 15 Deg. F. / 3 - 6,,10 - 15 Deg. F.,6-Mar,10 - 15 Deg. F. / 3 - 6,10 - 15 / semi-humid,NM.1,#66e566,"semi-humid, cool",#F46D43,C,NA,NA
ARFR-CO932-294-11,black,5,19,51,NA,1037,1,1,1,NA,1,0,NA,1,1,NA,1,1,NA,1,1,N,1,1,NA,NA,NA,NA,NA,NA,NA,NA,NA,ARFR4-SOS-CO932-294-11,#ABDDA4,-105.2030833,39.78458333,15 - 20 Deg. F. / 3 - 6,,15 - 20 Deg. F.,6-Mar,15 - 20 Deg. F. / 3 - 6,15 - 20 / semi-humid,CO.4,#698b69,"semi-humid, warm",#ABDDA4,H,NA,NA
ARFR-CO932-294-11,black,5,19,52,NA,1038,1,1,1,NA,1,0,NA,1,1,NA,1,0,NA,1,0,N,1,0,NA,NA,NA,NA,NA,Y,NA,NA,NA,ARFR4-SOS-CO932-294-11,#ABDDA4,-105.2030833,39.78458333,15 - 20 Deg. F. / 3 - 6,,15 - 20 Deg. F.,6-Mar,15 - 20 Deg. F. / 3 - 6,15 - 20 / semi-humid,CO.4,#698b69,"semi-humid, warm",#ABDDA4,H,NA,NA
ARFR-CO932-294-11,black,5,19,53,NA,1039,1,1,1,NA,1,0,NA,1,0,NA,1,0,NA,1,1,N,1,1,NA,NA,NA,NA,NA,NA,NA,NA,NA,ARFR4-SOS-CO932-294-11,#ABDDA4,-105.2030833,39.78458333,15 - 20 Deg. F. / 3 - 6,,15 - 20 Deg. F.,6-Mar,15 - 20 Deg. F. / 3 - 6,15 - 20 / semi-humid,CO.4,#698b69,"semi-humid, warm",#ABDDA4,H,NA,NA
ARFR-AZ930-422-NAVAJO-18,black,5,19,54,NA,1040,1,1,1,NA,1,1,NA,1,1,NA,1,1,NA,1,1,N,1,1,NA,NA,NA,NA,NA,NA,NA,NA,NA,ARFR4-SOS-AZ930-422-NAVAJO-18,#D53E4F,-110.431,36.56805,15 - 20 Deg. F. / 6 - 12,Lats corrected 20230127,15 - 20 Deg. F.,12-Jun,15 - 20 Deg. F. / 6 - 12,15 - 20 / semi-arid,AZ.2,#ee5c42,"semi-arid, warm",#D53E4F,B,NA,NA
ARFR-AZ930-423-NAVAJO-18,black,5,19,55,260,1041,1,1,1,NA,1,1,NA,1,1,NA,1,1,NA,1,1,N,1,1,NA,NA,NA,NA,NA,NA,NA,NA,NA,ARFR4-SOS-AZ930-423-NAVAJO-18,#9E0142,-110.431,36.45877,15 - 20 Deg. F. / 6 - 12,SdZones downloaded 20230823,15 - 20 Deg. F.,12-Jun,15 - 20 Deg. F. / 6 - 12,15 - 20 / semi-arid,AZ.1,#ee5c42,"semi-arid, warm",#9E0142,A,NA,NA
ARFR-CO932-316-JEFFERSON-12,black,5,20,1,249,1042,1,1,1,NA,1,1,NA,1,1,NA,1,1,NA,1,1,Y,1,1,NA,NA,NA,NA,NA,NA,NA,NA,NA,ARFR4-SOS-CO932-316-JEFFERSON-12,#FFFF85,-105.358,39.66325,15 - 20 Deg. F. / 3 - 6,,15 - 20 Deg. F.,6-Mar,15 - 20 Deg. F. / 3 - 6,15 - 20 / semi-humid,CO.3,#698b69,"semi-humid, warm",#FFFF85,F,NA,NA
ARFR-CO932-314-JEFFERSON-12,black,5,20,2,NA,1043,1,1,1,NA,1,1,NA,1,1,NA,1,1,NA,1,1,N,1,1,NA,NA,NA,NA,NA,NA,NA,NA,NA,ARFR4-SOS-CO932-314-JEFFERSON-12,#FEE08B,-105.3553333,39.40902778,10 - 15 Deg. F. / 3 - 6,,10 - 15 Deg. F.,6-Mar,10 - 15 Deg. F. / 3 - 6,10 - 15 / semi-humid,CO.2,#66e566,"semi-humid, cool",#FEE08B,E,NA,NA
ARFR-CO932-294-11,black,5,20,3,NA,1044,1,1,0,NA,1,1,NA,1,1,NA,1,0,NA,1,1,N,1,1,NA,NA,NA,NA,NA,NA,NA,NA,NA,ARFR4-SOS-CO932-294-11,#ABDDA4,-105.2030833,39.78458333,15 - 20 Deg. F. / 3 - 6,,15 - 20 Deg. F.,6-Mar,15 - 20 Deg. F. / 3 - 6,15 - 20 / semi-humid,CO.4,#698b69,"semi-humid, warm",#ABDDA4,H,NA,NA
ARFR-WY930-44-LASANIMAS-13,black,5,20,4,NA,1045,1,1,0,NA,1,1,NA,1,0,NA,1,0,NA,1,1,N,1,1,NA,NA,NA,NA,NA,NA,NA,NA,NA,ARFR4-SOS-WY930-44-LASANIMAS-13,#FDAE61,-104.6423889,37.16547222,15 - 20 Deg. F. / 3 - 6,,15 - 20 Deg. F.,6-Mar,15 - 20 Deg. F. / 3 - 6,15 - 20 / semi-humid,CO.1,#698b69,"semi-humid, warm",#FDAE61,D,NA,NA
ARFR-CO932-316-JEFFERSON-12,black,5,20,5,250,1046,1,1,0,NA,1,0,NA,1,0,NA,1,0,NA,1,1,N,1,1,NA,NA,NA,NA,NA,NA,NA,NA,NA,ARFR4-SOS-CO932-316-JEFFERSON-12,#FFFF85,-105.358,39.66325,15 - 20 Deg. F. / 3 - 6,,15 - 20 Deg. F.,6-Mar,15 - 20 Deg. F. / 3 - 6,15 - 20 / semi-humid,CO.3,#698b69,"semi-humid, warm",#FFFF85,F,NA,Y
ARFR-UT080-109-UINTAH-12,black,5,20,6,NA,1047,1,1,0,NA,1,1,NA,1,0,NA,1,1,NA,1,1,N,1,1,NA,NA,NA,NA,NA,NA,NA,NA,NA,ARFR4-SOS-UT080-109-UINTAH-12,#aabe7f,-109.1426444,39.70802222,10 - 15 Deg. F. / 3 - 6,,10 - 15 Deg. F.,6-Mar,10 - 15 Deg. F. / 3 - 6,10 - 15 / semi-humid,UT.1,#66e566,"semi-humid, cool",#aabe7f,G,NA,NA
ARFR-CO932-294-11,black,5,20,7,NA,1048,1,1,0,NA,1,0,NA,1,1,NA,1,1,NA,1,1,N,1,1,NA,NA,NA,NA,NA,NA,NA,NA,NA,ARFR4-SOS-CO932-294-11,#ABDDA4,-105.2030833,39.78458333,15 - 20 Deg. F. / 3 - 6,,15 - 20 Deg. F.,6-Mar,15 - 20 Deg. F. / 3 - 6,15 - 20 / semi-humid,CO.4,#698b69,"semi-humid, warm",#ABDDA4,H,NA,NA
ARFR-WY050-49-FREMONT-12,black,5,20,8,NA,1049,1,1,1,NA,1,1,NA,1,1,NA,1,1,NA,1,1,N,1,1,NA,NA,NA,NA,NA,NA,NA,NA,NA,ARFR4-SOS-WY050-49-FREMONT-12,#5E4FA2,-109.34775,43.42663611,5 - 10 Deg. F. / 6 - 12,,5 - 10 Deg. F.,12-Jun,5 - 10 Deg. F. / 6 - 12,5 - 10 / semi-arid,WY.3,#ffb90f,"semi-arid, cold",#5E4FA2,K,NA,NA
ARFR-NM930N-66-11,black,5,20,9,NA,1050,1,1,0,NA,1,0,NA,1,1,NA,1,1,NA,1,1,N,1,1,NA,NA,NA,NA,NA,NA,NA,NA,NA,ARFR4-SOS-NM930N-66-11,#F46D43,-107.2045028,36.76818611,10 - 15 Deg. F. / 3 - 6,,10 - 15 Deg. F.,6-Mar,10 - 15 Deg. F. / 3 - 6,10 - 15 / semi-humid,NM.1,#66e566,"semi-humid, cool",#F46D43,C,NA,NA
ARFR-AZ930-423-NAVAJO-18,black,5,20,10,251,1051,1,0,NA,"harvested, seedlings present",0,NA,NA,0,NA,NA,0,NA,NA,0,NA,N,0,NA,NA,NA,NA,NA,NA,NA,Y,Y,Harvested,ARFR4-SOS-AZ930-423-NAVAJO-18,#9E0142,-110.431,36.45877,15 - 20 Deg. F. / 6 - 12,SdZones downloaded 20230823,15 - 20 Deg. F.,12-Jun,15 - 20 Deg. F. / 6 - 12,15 - 20 / semi-arid,AZ.1,#ee5c42,"semi-arid, warm",#9E0142,A,NA,Y
ARFR-WY930-44-LASANIMAS-13,black,5,20,11,NA,1052,1,1,0,NA,1,0,NA,1,0,NA,1,0,NA,1,1,N,1,1,NA,NA,NA,NA,NA,NA,NA,NA,NA,ARFR4-SOS-WY930-44-LASANIMAS-13,#FDAE61,-104.6423889,37.16547222,15 - 20 Deg. F. / 3 - 6,,15 - 20 Deg. F.,6-Mar,15 - 20 Deg. F. / 3 - 6,15 - 20 / semi-humid,CO.1,#698b69,"semi-humid, warm",#FDAE61,D,NA,NA
ARFR-AZ930-422-NAVAJO-18,black,5,20,12,NA,1053,1,1,0,NA,1,1,NA,1,1,NA,1,1,NA,1,1,N,1,1,NA,NA,NA,NA,NA,NA,NA,NA,NA,ARFR4-SOS-AZ930-422-NAVAJO-18,#D53E4F,-110.431,36.56805,15 - 20 Deg. F. / 6 - 12,Lats corrected 20230127,15 - 20 Deg. F.,12-Jun,15 - 20 Deg. F. / 6 - 12,15 - 20 / semi-arid,AZ.2,#ee5c42,"semi-arid, warm",#D53E4F,B,NA,NA
ARFR-AZ930-423-NAVAJO-18,black,5,20,13,NA,1054,1,1,0,NA,1,0,NA,1,1,NA,1,1,NA,1,1,N,1,1,NA,NA,NA,NA,NA,NA,NA,NA,NA,ARFR4-SOS-AZ930-423-NAVAJO-18,#9E0142,-110.431,36.45877,15 - 20 Deg. F. / 6 - 12,SdZones downloaded 20230823,15 - 20 Deg. F.,12-Jun,15 - 20 Deg. F. / 6 - 12,15 - 20 / semi-arid,AZ.1,#ee5c42,"semi-arid, warm",#9E0142,A,NA,NA
ARFR-WY930-44-LASANIMAS-13,black,5,20,14,NA,1055,1,1,0,NA,1,0,NA,1,0,NA,1,0,NA,1,0,N,1,0,NA,NA,NA,NA,NA,NA,NA,NA,NA,ARFR4-SOS-WY930-44-LASANIMAS-13,#FDAE61,-104.6423889,37.16547222,15 - 20 Deg. F. / 3 - 6,,15 - 20 Deg. F.,6-Mar,15 - 20 Deg. F. / 3 - 6,15 - 20 / semi-humid,CO.1,#698b69,"semi-humid, warm",#FDAE61,D,NA,NA
ARFR-CO932-314-JEFFERSON-12,black,5,20,15,252,1056,1,1,1,NA,1,1,NA,1,1,NA,1,1,NA,1,1,N,1,1,NA,NA,NA,NA,NA,NA,NA,NA,NA,ARFR4-SOS-CO932-314-JEFFERSON-12,#FEE08B,-105.3553333,39.40902778,10 - 15 Deg. F. / 3 - 6,,10 - 15 Deg. F.,6-Mar,10 - 15 Deg. F. / 3 - 6,10 - 15 / semi-humid,CO.2,#66e566,"semi-humid, cool",#FEE08B,E,NA,NA
ARFR-CO932-294-11,black,5,20,16,NA,1057,1,1,1,NA,1,1,NA,1,1,NA,1,1,NA,1,1,N,1,1,NA,NA,NA,NA,NA,NA,NA,NA,NA,ARFR4-SOS-CO932-294-11,#ABDDA4,-105.2030833,39.78458333,15 - 20 Deg. F. / 3 - 6,,15 - 20 Deg. F.,6-Mar,15 - 20 Deg. F. / 3 - 6,15 - 20 / semi-humid,CO.4,#698b69,"semi-humid, warm",#ABDDA4,H,NA,NA
ARFR-WY050-49-FREMONT-12,black,5,20,17,NA,1058,1,1,1,NA,1,1,NA,1,1,NA,1,1,NA,1,1,N,1,1,NA,NA,NA,NA,NA,NA,NA,NA,NA,ARFR4-SOS-WY050-49-FREMONT-12,#5E4FA2,-109.34775,43.42663611,5 - 10 Deg. F. / 6 - 12,,5 - 10 Deg. F.,12-Jun,5 - 10 Deg. F. / 6 - 12,5 - 10 / semi-arid,WY.3,#ffb90f,"semi-arid, cold",#5E4FA2,K,NA,NA
ARFR-WY930-44-LASANIMAS-13,black,5,20,18,NA,1059,1,1,0,NA,1,0,NA,1,0,NA,1,0,NA,1,1,N,1,1,NA,NA,NA,NA,NA,NA,NA,NA,NA,ARFR4-SOS-WY930-44-LASANIMAS-13,#FDAE61,-104.6423889,37.16547222,15 - 20 Deg. F. / 3 - 6,,15 - 20 Deg. F.,6-Mar,15 - 20 Deg. F. / 3 - 6,15 - 20 / semi-humid,CO.1,#698b69,"semi-humid, warm",#FDAE61,D,NA,NA
ARFR-CO932-294-11,black,5,20,19,NA,1060,1,1,1,NA,1,1,NA,1,1,NA,1,1,NA,1,1,N,1,1,NA,NA,NA,NA,NA,NA,NA,NA,NA,ARFR4-SOS-CO932-294-11,#ABDDA4,-105.2030833,39.78458333,15 - 20 Deg. F. / 3 - 6,,15 - 20 Deg. F.,6-Mar,15 - 20 Deg. F. / 3 - 6,15 - 20 / semi-humid,CO.4,#698b69,"semi-humid, warm",#ABDDA4,H,NA,NA
ARFR-CO932-314-JEFFERSON-12,black,5,20,20,253,1061,1,1,0,NA,1,0,NA,1,1,NA,1,1,NA,1,1,N,1,1,NA,NA,NA,NA,NA,NA,NA,NA,NA,ARFR4-SOS-CO932-314-JEFFERSON-12,#FEE08B,-105.3553333,39.40902778,10 - 15 Deg. F. / 3 - 6,,10 - 15 Deg. F.,6-Mar,10 - 15 Deg. F. / 3 - 6,10 - 15 / semi-humid,CO.2,#66e566,"semi-humid, cool",#FEE08B,E,NA,NA
ARFR-NM930N-66-11,black,5,20,21,NA,1062,1,0,NA,NA,0,NA,NA,0,NA,NA,0,NA,NA,0,NA,N,0,NA,NA,NA,NA,NA,NA,NA,NA,NA,NA,ARFR4-SOS-NM930N-66-11,#F46D43,-107.2045028,36.76818611,10 - 15 Deg. F. / 3 - 6,,10 - 15 Deg. F.,6-Mar,10 - 15 Deg. F. / 3 - 6,10 - 15 / semi-humid,NM.1,#66e566,"semi-humid, cool",#F46D43,C,NA,NA
ARFR-UT080-109-UINTAH-12,black,5,20,22,NA,1063,1,1,0,NA,1,0,NA,1,1,NA,1,1,NA,1,1,N,1,1,NA,NA,NA,NA,NA,NA,NA,NA,NA,ARFR4-SOS-UT080-109-UINTAH-12,#aabe7f,-109.1426444,39.70802222,10 - 15 Deg. F. / 3 - 6,,10 - 15 Deg. F.,6-Mar,10 - 15 Deg. F. / 3 - 6,10 - 15 / semi-humid,UT.1,#66e566,"semi-humid, cool",#aabe7f,G,NA,NA
ARFR-WY930-44-LASANIMAS-13,black,5,20,23,NA,1064,1,1,0,NA,1,0,NA,1,1,NA,1,1,NA,1,1,N,1,1,NA,NA,NA,NA,NA,NA,NA,NA,NA,ARFR4-SOS-WY930-44-LASANIMAS-13,#FDAE61,-104.6423889,37.16547222,15 - 20 Deg. F. / 3 - 6,,15 - 20 Deg. F.,6-Mar,15 - 20 Deg. F. / 3 - 6,15 - 20 / semi-humid,CO.1,#698b69,"semi-humid, warm",#FDAE61,D,NA,NA
ARFR-UT080-109-UINTAH-12,black,5,20,24,NA,1065,1,1,0,NA,1,0,NA,1,0,NA,1,0,NA,1,1,N,1,1,NA,NA,NA,NA,NA,NA,NA,NA,NA,ARFR4-SOS-UT080-109-UINTAH-12,#aabe7f,-109.1426444,39.70802222,10 - 15 Deg. F. / 3 - 6,,10 - 15 Deg. F.,6-Mar,10 - 15 Deg. F. / 3 - 6,10 - 15 / semi-humid,UT.1,#66e566,"semi-humid, cool",#aabe7f,G,NA,NA
ARFR-WY930-44-LASANIMAS-13,black,5,20,25,254,1066,1,1,1,NA,1,0,NA,1,1,NA,1,1,NA,1,1,N,1,1,NA,NA,NA,NA,NA,NA,NA,NA,NA,ARFR4-SOS-WY930-44-LASANIMAS-13,#FDAE61,-104.6423889,37.16547222,15 - 20 Deg. F. / 3 - 6,,15 - 20 Deg. F.,6-Mar,15 - 20 Deg. F. / 3 - 6,15 - 20 / semi-humid,CO.1,#698b69,"semi-humid, warm",#FDAE61,D,NA,NA
ARFR-UT080-109-UINTAH-12,black,5,20,26,NA,1067,1,1,0,NA,1,1,NA,1,1,NA,1,1,NA,1,1,N,1,1,NA,NA,NA,NA,NA,NA,NA,NA,NA,ARFR4-SOS-UT080-109-UINTAH-12,#aabe7f,-109.1426444,39.70802222,10 - 15 Deg. F. / 3 - 6,,10 - 15 Deg. F.,6-Mar,10 - 15 Deg. F. / 3 - 6,10 - 15 / semi-humid,UT.1,#66e566,"semi-humid, cool",#aabe7f,G,NA,NA
ARFR-AZ930-422-NAVAJO-18,black,5,20,27,NA,1068,1,1,1,NA,1,1,NA,1,1,NA,1,1,NA,1,1,N,1,1,NA,NA,NA,NA,NA,NA,NA,NA,NA,ARFR4-SOS-AZ930-422-NAVAJO-18,#D53E4F,-110.431,36.56805,15 - 20 Deg. F. / 6 - 12,Lats corrected 20230127,15 - 20 Deg. F.,12-Jun,15 - 20 Deg. F. / 6 - 12,15 - 20 / semi-arid,AZ.2,#ee5c42,"semi-arid, warm",#D53E4F,B,NA,NA
ARFR-WY050-49-FREMONT-12,black,5,20,28,NA,1069,1,1,1,NA,1,1,NA,1,1,NA,1,1,NA,1,1,N,1,1,NA,NA,NA,NA,NA,NA,NA,NA,NA,ARFR4-SOS-WY050-49-FREMONT-12,#5E4FA2,-109.34775,43.42663611,5 - 10 Deg. F. / 6 - 12,,5 - 10 Deg. F.,12-Jun,5 - 10 Deg. F. / 6 - 12,5 - 10 / semi-arid,WY.3,#ffb90f,"semi-arid, cold",#5E4FA2,K,NA,NA
ARFR-UT080-109-UINTAH-12,black,5,20,29,NA,1070,1,1,1,NA,1,1,NA,1,0,NA,1,0,NA,1,1,N,1,1,NA,NA,NA,NA,NA,NA,NA,NA,NA,ARFR4-SOS-UT080-109-UINTAH-12,#aabe7f,-109.1426444,39.70802222,10 - 15 Deg. F. / 3 - 6,,10 - 15 Deg. F.,6-Mar,10 - 15 Deg. F. / 3 - 6,10 - 15 / semi-humid,UT.1,#66e566,"semi-humid, cool",#aabe7f,G,NA,NA
ARFR-WY050-49-FREMONT-12,black,5,20,30,255,1071,1,1,0,NA,1,0,NA,1,1,NA,1,1,NA,1,1,N,1,1,NA,NA,NA,NA,NA,NA,NA,NA,NA,ARFR4-SOS-WY050-49-FREMONT-12,#5E4FA2,-109.34775,43.42663611,5 - 10 Deg. F. / 6 - 12,,5 - 10 Deg. F.,12-Jun,5 - 10 Deg. F. / 6 - 12,5 - 10 / semi-arid,WY.3,#ffb90f,"semi-arid, cold",#5E4FA2,K,NA,NA
ARFR-WY040-71-10,black,5,20,31,NA,1072,1,1,1,NA,1,1,NA,1,1,NA,1,1,NA,1,1,N,1,1,NA,NA,NA,NA,NA,NA,NA,NA,NA,ARFR4-SOS-WY040-71-10,#66C2A5,-109.2433156,41.13271889,5 - 10 Deg. F. / 3 - 6,,5 - 10 Deg. F.,6-Mar,5 - 10 Deg. F. / 3 - 6,5 - 10 / semi-humid,WY.1,#a5c2f1,"semi-humid, cold",#66C2A5,I,NA,NA
ARFR-WY040-71-10,black,5,20,32,NA,1073,1,1,1,NA,1,1,NA,1,1,NA,1,1,NA,1,1,N,1,1,NA,NA,NA,NA,NA,NA,NA,NA,NA,ARFR4-SOS-WY040-71-10,#66C2A5,-109.2433156,41.13271889,5 - 10 Deg. F. / 3 - 6,,5 - 10 Deg. F.,6-Mar,5 - 10 Deg. F. / 3 - 6,5 - 10 / semi-humid,WY.1,#a5c2f1,"semi-humid, cold",#66C2A5,I,NA,NA
ARFR-WY040-71-10,black,5,20,33,NA,1074,1,1,1,NA,1,1,NA,1,1,NA,1,1,NA,1,1,N,1,1,NA,NA,NA,NA,NA,NA,NA,NA,NA,ARFR4-SOS-WY040-71-10,#66C2A5,-109.2433156,41.13271889,5 - 10 Deg. F. / 3 - 6,,5 - 10 Deg. F.,6-Mar,5 - 10 Deg. F. / 3 - 6,5 - 10 / semi-humid,WY.1,#a5c2f1,"semi-humid, cold",#66C2A5,I,NA,NA
ARFR-AZ930-423-NAVAJO-18,black,5,20,34,NA,1075,1,1,1,NA,1,1,NA,1,1,NA,1,1,NA,1,1,N,1,1,NA,NA,NA,NA,NA,NA,NA,NA,NA,ARFR4-SOS-AZ930-423-NAVAJO-18,#9E0142,-110.431,36.45877,15 - 20 Deg. F. / 6 - 12,SdZones downloaded 20230823,15 - 20 Deg. F.,12-Jun,15 - 20 Deg. F. / 6 - 12,15 - 20 / semi-arid,AZ.1,#ee5c42,"semi-arid, warm",#9E0142,A,NA,NA
ARFR-WY040-71-10,black,5,20,35,256,1076,1,1,1,NA,1,1,NA,1,1,NA,1,1,NA,1,1,N,1,1,NA,NA,NA,NA,NA,NA,NA,NA,NA,ARFR4-SOS-WY040-71-10,#66C2A5,-109.2433156,41.13271889,5 - 10 Deg. F. / 3 - 6,,5 - 10 Deg. F.,6-Mar,5 - 10 Deg. F. / 3 - 6,5 - 10 / semi-humid,WY.1,#a5c2f1,"semi-humid, cold",#66C2A5,I,NA,NA
ARFR-CO932-316-JEFFERSON-12,black,5,20,36,NA,1077,1,1,1,NA,1,1,NA,1,1,NA,1,1,NA,1,1,N,1,1,NA,NA,NA,NA,NA,NA,NA,NA,NA,ARFR4-SOS-CO932-316-JEFFERSON-12,#FFFF85,-105.358,39.66325,15 - 20 Deg. F. / 3 - 6,,15 - 20 Deg. F.,6-Mar,15 - 20 Deg. F. / 3 - 6,15 - 20 / semi-humid,CO.3,#698b69,"semi-humid, warm",#FFFF85,F,NA,NA
ARFR-CO932-294-11,black,5,20,37,NA,1078,1,1,0,NA,1,0,NA,1,0,NA,1,0,NA,1,1,N,1,1,NA,NA,NA,NA,NA,NA,NA,NA,NA,ARFR4-SOS-CO932-294-11,#ABDDA4,-105.2030833,39.78458333,15 - 20 Deg. F. / 3 - 6,,15 - 20 Deg. F.,6-Mar,15 - 20 Deg. F. / 3 - 6,15 - 20 / semi-humid,CO.4,#698b69,"semi-humid, warm",#ABDDA4,H,NA,NA
ARFR-WY050-49-FREMONT-12,black,5,20,38,NA,1079,1,0,NA,NA,0,NA,NA,0,NA,NA,0,NA,NA,0,NA,N,0,NA,NA,NA,NA,NA,NA,NA,Y,Y,Harvested,ARFR4-SOS-WY050-49-FREMONT-12,#5E4FA2,-109.34775,43.42663611,5 - 10 Deg. F. / 6 - 12,,5 - 10 Deg. F.,12-Jun,5 - 10 Deg. F. / 6 - 12,5 - 10 / semi-arid,WY.3,#ffb90f,"semi-arid, cold",#5E4FA2,K,NA,Y
ARFR-NM930N-66-11,black,5,20,39,NA,1080,1,1,1,NA,1,1,NA,1,1,NA,1,1,NA,1,1,N,1,1,NA,NA,NA,NA,NA,NA,NA,NA,NA,ARFR4-SOS-NM930N-66-11,#F46D43,-107.2045028,36.76818611,10 - 15 Deg. F. / 3 - 6,,10 - 15 Deg. F.,6-Mar,10 - 15 Deg. F. / 3 - 6,10 - 15 / semi-humid,NM.1,#66e566,"semi-humid, cool",#F46D43,C,NA,NA
ARFR-WY040-71-10,black,5,20,40,257,1081,1,1,1,NA,1,1,NA,1,1,NA,1,1,NA,1,1,Y,1,1,NA,NA,NA,NA,NA,NA,NA,NA,NA,ARFR4-SOS-WY040-71-10,#66C2A5,-109.2433156,41.13271889,5 - 10 Deg. F. / 3 - 6,,5 - 10 Deg. F.,6-Mar,5 - 10 Deg. F. / 3 - 6,5 - 10 / semi-humid,WY.1,#a5c2f1,"semi-humid, cold",#66C2A5,I,NA,NA
ARFR-WY930-44-LASANIMAS-13,black,5,20,41,NA,1082,1,1,0,NA,1,0,NA,1,0,NA,1,0,NA,1,1,N,1,1,NA,NA,NA,NA,NA,NA,NA,NA,NA,ARFR4-SOS-WY930-44-LASANIMAS-13,#FDAE61,-104.6423889,37.16547222,15 - 20 Deg. F. / 3 - 6,,15 - 20 Deg. F.,6-Mar,15 - 20 Deg. F. / 3 - 6,15 - 20 / semi-humid,CO.1,#698b69,"semi-humid, warm",#FDAE61,D,NA,NA
ARFR-WY930-44-LASANIMAS-13,black,5,20,42,NA,1083,1,1,0,NA,1,0,NA,1,0,NA,1,0,NA,1,1,N,1,1,NA,NA,NA,NA,NA,NA,NA,NA,NA,ARFR4-SOS-WY930-44-LASANIMAS-13,#FDAE61,-104.6423889,37.16547222,15 - 20 Deg. F. / 3 - 6,,15 - 20 Deg. F.,6-Mar,15 - 20 Deg. F. / 3 - 6,15 - 20 / semi-humid,CO.1,#698b69,"semi-humid, warm",#FDAE61,D,NA,NA
ARFR-CO932-314-JEFFERSON-12,black,5,20,43,NA,1084,1,1,1,NA,1,1,NA,1,1,NA,1,0,NA,1,1,N,1,1,NA,NA,NA,NA,NA,NA,NA,NA,NA,ARFR4-SOS-CO932-314-JEFFERSON-12,#FEE08B,-105.3553333,39.40902778,10 - 15 Deg. F. / 3 - 6,,10 - 15 Deg. F.,6-Mar,10 - 15 Deg. F. / 3 - 6,10 - 15 / semi-humid,CO.2,#66e566,"semi-humid, cool",#FEE08B,E,NA,NA
ARFR-WY040-71-10,black,5,20,44,NA,1085,1,1,1,NA,1,1,NA,1,1,NA,1,1,NA,1,1,N,1,1,NA,NA,NA,NA,NA,NA,NA,NA,NA,ARFR4-SOS-WY040-71-10,#66C2A5,-109.2433156,41.13271889,5 - 10 Deg. F. / 3 - 6,,5 - 10 Deg. F.,6-Mar,5 - 10 Deg. F. / 3 - 6,5 - 10 / semi-humid,WY.1,#a5c2f1,"semi-humid, cold",#66C2A5,I,NA,NA
ARFR-WY050-151-FREMONT-16,black,5,20,45,258,1086,1,1,1,NA,1,1,NA,1,1,NA,1,1,NA,1,1,N,1,1,NA,NA,NA,NA,NA,NA,NA,NA,NA,ARFR4-SOS-WY050-151-FREMONT-16,#3288BD,-108.1704472,42.47886111,10 - 15 Deg. F. / 6 - 12,,10 - 15 Deg. F.,12-Jun,10 - 15 Deg. F. / 6 - 12,10 - 15 / semi-arid,WY.2,#cd8500,"semi-arid, cool",#3288BD,J,NA,NA
ARFR-NM930N-66-11,black,5,20,46,NA,1087,1,1,1,NA,1,1,NA,1,1,NA,1,1,NA,1,1,Y,1,1,NA,NA,NA,NA,NA,NA,NA,NA,NA,ARFR4-SOS-NM930N-66-11,#F46D43,-107.2045028,36.76818611,10 - 15 Deg. F. / 3 - 6,,10 - 15 Deg. F.,6-Mar,10 - 15 Deg. F. / 3 - 6,10 - 15 / semi-humid,NM.1,#66e566,"semi-humid, cool",#F46D43,C,NA,NA
ARFR-NM930N-66-11,black,5,20,47,NA,1088,1,1,0,NA,1,1,NA,1,1,NA,1,1,NA,1,1,N,1,1,NA,NA,NA,NA,NA,NA,NA,NA,NA,ARFR4-SOS-NM930N-66-11,#F46D43,-107.2045028,36.76818611,10 - 15 Deg. F. / 3 - 6,,10 - 15 Deg. F.,6-Mar,10 - 15 Deg. F. / 3 - 6,10 - 15 / semi-humid,NM.1,#66e566,"semi-humid, cool",#F46D43,C,NA,NA
ARFR-AZ930-422-NAVAJO-18,black,5,20,48,NA,1089,1,1,1,NA,1,1,NA,1,1,NA,1,1,NA,1,1,N,1,1,NA,NA,NA,NA,NA,NA,NA,NA,NA,ARFR4-SOS-AZ930-422-NAVAJO-18,#D53E4F,-110.431,36.56805,15 - 20 Deg. F. / 6 - 12,Lats corrected 20230127,15 - 20 Deg. F.,12-Jun,15 - 20 Deg. F. / 6 - 12,15 - 20 / semi-arid,AZ.2,#ee5c42,"semi-arid, warm",#D53E4F,B,NA,NA
ARFR-WY040-71-10,black,5,20,49,NA,1090,1,1,1,NA,1,1,NA,1,1,NA,1,1,NA,1,1,N,1,1,NA,NA,NA,NA,NA,NA,NA,NA,NA,ARFR4-SOS-WY040-71-10,#66C2A5,-109.2433156,41.13271889,5 - 10 Deg. F. / 3 - 6,,5 - 10 Deg. F.,6-Mar,5 - 10 Deg. F. / 3 - 6,5 - 10 / semi-humid,WY.1,#a5c2f1,"semi-humid, cold",#66C2A5,I,NA,NA
ARFR-CO932-316-JEFFERSON-12,black,5,20,50,259,1091,1,1,1,NA,1,0,NA,1,1,NA,1,1,NA,1,1,N,1,1,NA,NA,NA,NA,NA,NA,NA,NA,NA,ARFR4-SOS-CO932-316-JEFFERSON-12,#FFFF85,-105.358,39.66325,15 - 20 Deg. F. / 3 - 6,,15 - 20 Deg. F.,6-Mar,15 - 20 Deg. F. / 3 - 6,15 - 20 / semi-humid,CO.3,#698b69,"semi-humid, warm",#FFFF85,F,NA,Y
ARFR-AZ930-422-NAVAJO-18,black,5,20,51,NA,1092,1,1,1,NA,1,1,NA,1,1,NA,1,1,NA,1,1,N,1,1,NA,NA,NA,NA,NA,NA,NA,NA,NA,ARFR4-SOS-AZ930-422-NAVAJO-18,#D53E4F,-110.431,36.56805,15 - 20 Deg. F. / 6 - 12,Lats corrected 20230127,15 - 20 Deg. F.,12-Jun,15 - 20 Deg. F. / 6 - 12,15 - 20 / semi-arid,AZ.2,#ee5c42,"semi-arid, warm",#D53E4F,B,NA,NA
ARFR-NM930N-66-11,black,5,20,52,NA,1093,1,1,0,NA,1,1,NA,1,1,NA,1,1,NA,1,1,N,1,1,NA,NA,NA,NA,NA,NA,NA,NA,NA,ARFR4-SOS-NM930N-66-11,#F46D43,-107.2045028,36.76818611,10 - 15 Deg. F. / 3 - 6,,10 - 15 Deg. F.,6-Mar,10 - 15 Deg. F. / 3 - 6,10 - 15 / semi-humid,NM.1,#66e566,"semi-humid, cool",#F46D43,C,NA,NA
ARFR-WY050-151-FREMONT-16,black,5,20,53,NA,1094,1,1,1,NA,1,1,NA,1,1,NA,1,1,NA,1,1,N,1,1,NA,NA,NA,NA,NA,NA,NA,NA,NA,ARFR4-SOS-WY050-151-FREMONT-16,#3288BD,-108.1704472,42.47886111,10 - 15 Deg. F. / 6 - 12,,10 - 15 Deg. F.,12-Jun,10 - 15 Deg. F. / 6 - 12,10 - 15 / semi-arid,WY.2,#cd8500,"semi-arid, cool",#3288BD,J,NA,NA
ARFR-CO932-314-JEFFERSON-12,black,5,20,54,NA,1095,1,1,1,NA,1,1,NA,1,1,NA,1,1,NA,1,1,N,1,1,NA,NA,NA,NA,NA,NA,NA,NA,NA,ARFR4-SOS-CO932-314-JEFFERSON-12,#FEE08B,-105.3553333,39.40902778,10 - 15 Deg. F. / 3 - 6,,10 - 15 Deg. F.,6-Mar,10 - 15 Deg. F. / 3 - 6,10 - 15 / semi-humid,CO.2,#66e566,"semi-humid, cool",#FEE08B,E,NA,NA
ARFR-WY050-151-FREMONT-16,white,6,21,1,261,1096,1,1,1,NA,1,1,NA,1,1,NA,1,0,NA,1,0,N,1,0,NA,1,1,37,20231006,Y,NA,NA,NA,ARFR4-SOS-WY050-151-FREMONT-16,#3288BD,-108.1704472,42.47886111,10 - 15 Deg. F. / 6 - 12,,10 - 15 Deg. F.,12-Jun,10 - 15 Deg. F. / 6 - 12,10 - 15 / semi-arid,WY.2,#cd8500,"semi-arid, cool",#3288BD,J,NA,NA
ARFR-UT080-109-UINTAH-12,white,6,21,2,NA,1097,1,1,1,NA,1,1,NA,1,1,NA,1,1,NA,1,1,N,1,1,NA,1,1,64.9,20231006,NA,NA,NA,NA,ARFR4-SOS-UT080-109-UINTAH-12,#aabe7f,-109.1426444,39.70802222,10 - 15 Deg. F. / 3 - 6,,10 - 15 Deg. F.,6-Mar,10 - 15 Deg. F. / 3 - 6,10 - 15 / semi-humid,UT.1,#66e566,"semi-humid, cool",#aabe7f,G,NA,NA
ARFR-WY050-49-FREMONT-12,white,6,21,3,NA,1098,1,1,1,NA,1,1,NA,1,1,NA,1,1,NA,1,1,N,1,1,NA,1,1,59.2,20231006,NA,NA,NA,NA,ARFR4-SOS-WY050-49-FREMONT-12,#5E4FA2,-109.34775,43.42663611,5 - 10 Deg. F. / 6 - 12,,5 - 10 Deg. F.,12-Jun,5 - 10 Deg. F. / 6 - 12,5 - 10 / semi-arid,WY.3,#ffb90f,"semi-arid, cold",#5E4FA2,K,NA,NA
ARFR-CO932-294-11,white,6,21,4,NA,1099,1,1,1,NA,1,1,NA,1,1,NA,1,1,NA,1,0,N,1,0,NA,1,1,62.4,20231006,Y,NA,NA,NA,ARFR4-SOS-CO932-294-11,#ABDDA4,-105.2030833,39.78458333,15 - 20 Deg. F. / 3 - 6,,15 - 20 Deg. F.,6-Mar,15 - 20 Deg. F. / 3 - 6,15 - 20 / semi-humid,CO.4,#698b69,"semi-humid, warm",#ABDDA4,H,NA,NA
ARFR-WY040-71-10,white,6,21,5,262,1100,1,1,1,NA,1,1,NA,1,1,NA,1,1,NA,1,1,N,1,1,NA,1,1,51.5,20231006,NA,NA,NA,NA,ARFR4-SOS-WY040-71-10,#66C2A5,-109.2433156,41.13271889,5 - 10 Deg. F. / 3 - 6,,5 - 10 Deg. F.,6-Mar,5 - 10 Deg. F. / 3 - 6,5 - 10 / semi-humid,WY.1,#a5c2f1,"semi-humid, cold",#66C2A5,I,NA,NA
ARFR-AZ930-422-NAVAJO-18,white,6,21,6,NA,1101,1,1,1,NA,1,1,NA,1,1,NA,1,1,NA,1,1,N,1,1,NA,1,1,71.9,20231006,NA,NA,NA,NA,ARFR4-SOS-AZ930-422-NAVAJO-18,#D53E4F,-110.431,36.56805,15 - 20 Deg. F. / 6 - 12,Lats corrected 20230127,15 - 20 Deg. F.,12-Jun,15 - 20 Deg. F. / 6 - 12,15 - 20 / semi-arid,AZ.2,#ee5c42,"semi-arid, warm",#D53E4F,B,NA,NA
ARFR-WY050-151-FREMONT-16,white,6,21,7,NA,1102,1,1,1,NA,1,1,NA,1,1,NA,1,1,NA,1,1,N,1,1,NA,1,1,45.8,20231006,NA,NA,NA,NA,ARFR4-SOS-WY050-151-FREMONT-16,#3288BD,-108.1704472,42.47886111,10 - 15 Deg. F. / 6 - 12,,10 - 15 Deg. F.,12-Jun,10 - 15 Deg. F. / 6 - 12,10 - 15 / semi-arid,WY.2,#cd8500,"semi-arid, cool",#3288BD,J,NA,NA
ARFR-WY040-71-10,white,6,21,8,NA,1103,1,1,1,NA,1,1,NA,1,1,NA,1,1,NA,1,1,N,1,1,NA,1,1,43,20231006,NA,NA,NA,NA,ARFR4-SOS-WY040-71-10,#66C2A5,-109.2433156,41.13271889,5 - 10 Deg. F. / 3 - 6,,5 - 10 Deg. F.,6-Mar,5 - 10 Deg. F. / 3 - 6,5 - 10 / semi-humid,WY.1,#a5c2f1,"semi-humid, cold",#66C2A5,I,NA,NA
ARFR-WY050-151-FREMONT-16,white,6,21,9,NA,1104,1,1,1,NA,1,1,NA,1,0,NA,1,1,NA,1,1,N,1,1,NA,1,1,49.5,20231006,NA,NA,NA,NA,ARFR4-SOS-WY050-151-FREMONT-16,#3288BD,-108.1704472,42.47886111,10 - 15 Deg. F. / 6 - 12,,10 - 15 Deg. F.,12-Jun,10 - 15 Deg. F. / 6 - 12,10 - 15 / semi-arid,WY.2,#cd8500,"semi-arid, cool",#3288BD,J,NA,NA
ARFR-WY930-44-LASANIMAS-13,white,6,21,10,263,1105,1,1,1,NA,1,1,NA,1,0,NA,1,0,NA,1,1,N,1,1,NA,1,1,46,20231006,NA,NA,NA,NA,ARFR4-SOS-WY930-44-LASANIMAS-13,#FDAE61,-104.6423889,37.16547222,15 - 20 Deg. F. / 3 - 6,,15 - 20 Deg. F.,6-Mar,15 - 20 Deg. F. / 3 - 6,15 - 20 / semi-humid,CO.1,#698b69,"semi-humid, warm",#FDAE61,D,NA,NA
ARFR-NM930N-66-11,white,6,21,11,NA,1106,1,1,1,NA,1,1,NA,1,1,NA,1,1,NA,1,1,N,1,1,NA,1,1,79.4,20231006,NA,NA,NA,NA,ARFR4-SOS-NM930N-66-11,#F46D43,-107.2045028,36.76818611,10 - 15 Deg. F. / 3 - 6,,10 - 15 Deg. F.,6-Mar,10 - 15 Deg. F. / 3 - 6,10 - 15 / semi-humid,NM.1,#66e566,"semi-humid, cool",#F46D43,C,NA,NA
ARFR-NM930N-66-11,white,6,21,12,NA,1107,1,1,1,NA,1,1,NA,1,1,NA,1,1,NA,1,1,N,1,1,NA,1,1,68.5,20231006,NA,NA,NA,NA,ARFR4-SOS-NM930N-66-11,#F46D43,-107.2045028,36.76818611,10 - 15 Deg. F. / 3 - 6,,10 - 15 Deg. F.,6-Mar,10 - 15 Deg. F. / 3 - 6,10 - 15 / semi-humid,NM.1,#66e566,"semi-humid, cool",#F46D43,C,NA,NA
ARFR-NM930N-66-11,white,6,21,13,NA,1108,1,1,1,NA,1,1,NA,1,1,NA,1,1,NA,1,1,N,1,1,NA,1,1,74.1,20231006,NA,NA,NA,NA,ARFR4-SOS-NM930N-66-11,#F46D43,-107.2045028,36.76818611,10 - 15 Deg. F. / 3 - 6,,10 - 15 Deg. F.,6-Mar,10 - 15 Deg. F. / 3 - 6,10 - 15 / semi-humid,NM.1,#66e566,"semi-humid, cool",#F46D43,C,NA,NA
ARFR-WY050-151-FREMONT-16,white,6,21,14,NA,1109,1,1,1,NA,1,1,NA,1,1,NA,1,1,NA,1,1,N,1,1,NA,1,1,37.6,20231006,NA,NA,NA,NA,ARFR4-SOS-WY050-151-FREMONT-16,#3288BD,-108.1704472,42.47886111,10 - 15 Deg. F. / 6 - 12,,10 - 15 Deg. F.,12-Jun,10 - 15 Deg. F. / 6 - 12,10 - 15 / semi-arid,WY.2,#cd8500,"semi-arid, cool",#3288BD,J,NA,NA
ARFR-CO932-314-JEFFERSON-12,white,6,21,15,264,1110,1,1,1,NA,1,1,NA,1,1,NA,1,1,NA,1,1,N,1,1,NA,1,1,56.4,20231006,NA,NA,NA,NA,ARFR4-SOS-CO932-314-JEFFERSON-12,#FEE08B,-105.3553333,39.40902778,10 - 15 Deg. F. / 3 - 6,,10 - 15 Deg. F.,6-Mar,10 - 15 Deg. F. / 3 - 6,10 - 15 / semi-humid,CO.2,#66e566,"semi-humid, cool",#FEE08B,E,NA,NA
ARFR-CO932-316-JEFFERSON-12,white,6,21,16,NA,1111,1,1,1,NA,1,1,NA,1,1,NA,1,1,NA,1,1,N,1,1,NA,1,1,56.2,20231006,NA,NA,NA,NA,ARFR4-SOS-CO932-316-JEFFERSON-12,#FFFF85,-105.358,39.66325,15 - 20 Deg. F. / 3 - 6,,15 - 20 Deg. F.,6-Mar,15 - 20 Deg. F. / 3 - 6,15 - 20 / semi-humid,CO.3,#698b69,"semi-humid, warm",#FFFF85,F,NA,NA
ARFR-WY050-151-FREMONT-16,white,6,21,17,NA,1112,1,1,1,NA,1,1,NA,1,1,NA,1,1,NA,1,1,N,1,1,NA,1,1,43.4,20231006,NA,NA,NA,NA,ARFR4-SOS-WY050-151-FREMONT-16,#3288BD,-108.1704472,42.47886111,10 - 15 Deg. F. / 6 - 12,,10 - 15 Deg. F.,12-Jun,10 - 15 Deg. F. / 6 - 12,10 - 15 / semi-arid,WY.2,#cd8500,"semi-arid, cool",#3288BD,J,NA,NA
ARFR-WY040-71-10,white,6,21,18,NA,1113,1,1,1,NA,1,1,NA,1,1,NA,1,1,NA,1,1,N,1,1,NA,1,1,55,20231006,NA,NA,NA,NA,ARFR4-SOS-WY040-71-10,#66C2A5,-109.2433156,41.13271889,5 - 10 Deg. F. / 3 - 6,,5 - 10 Deg. F.,6-Mar,5 - 10 Deg. F. / 3 - 6,5 - 10 / semi-humid,WY.1,#a5c2f1,"semi-humid, cold",#66C2A5,I,NA,NA
ARFR-AZ930-423-NAVAJO-18,white,6,21,19,NA,1114,1,1,1,NA,1,1,NA,1,0,NA,1,0,NA,1,1,N,1,1,NA,1,1,60.4,20231006,NA,NA,NA,NA,ARFR4-SOS-AZ930-423-NAVAJO-18,#9E0142,-110.431,36.45877,15 - 20 Deg. F. / 6 - 12,SdZones downloaded 20230823,15 - 20 Deg. F.,12-Jun,15 - 20 Deg. F. / 6 - 12,15 - 20 / semi-arid,AZ.1,#ee5c42,"semi-arid, warm",#9E0142,A,NA,NA
ARFR-WY930-44-LASANIMAS-13,white,6,21,20,265,1115,1,1,1,NA,1,1,NA,1,1,NA,1,1,NA,1,1,N,1,1,NA,1,1,66,20231006,NA,NA,NA,NA,ARFR4-SOS-WY930-44-LASANIMAS-13,#FDAE61,-104.6423889,37.16547222,15 - 20 Deg. F. / 3 - 6,,15 - 20 Deg. F.,6-Mar,15 - 20 Deg. F. / 3 - 6,15 - 20 / semi-humid,CO.1,#698b69,"semi-humid, warm",#FDAE61,D,NA,NA
ARFR-UT080-109-UINTAH-12,white,6,21,21,NA,1116,1,1,1,NA,1,1,NA,1,1,NA,1,1,NA,1,1,N,1,1,NA,1,1,75.9,20231006,NA,NA,NA,NA,ARFR4-SOS-UT080-109-UINTAH-12,#aabe7f,-109.1426444,39.70802222,10 - 15 Deg. F. / 3 - 6,,10 - 15 Deg. F.,6-Mar,10 - 15 Deg. F. / 3 - 6,10 - 15 / semi-humid,UT.1,#66e566,"semi-humid, cool",#aabe7f,G,NA,NA
ARFR-NM930N-66-11,white,6,21,22,NA,1117,1,1,1,NA,1,1,NA,1,1,NA,1,1,NA,1,1,N,1,1,NA,1,1,66,20231006,NA,NA,NA,NA,ARFR4-SOS-NM930N-66-11,#F46D43,-107.2045028,36.76818611,10 - 15 Deg. F. / 3 - 6,,10 - 15 Deg. F.,6-Mar,10 - 15 Deg. F. / 3 - 6,10 - 15 / semi-humid,NM.1,#66e566,"semi-humid, cool",#F46D43,C,NA,NA
ARFR-UT080-109-UINTAH-12,white,6,21,23,NA,1118,1,1,1,NA,1,1,NA,1,1,NA,1,1,NA,1,1,N,1,1,NA,1,1,75.9,20231006,NA,NA,NA,NA,ARFR4-SOS-UT080-109-UINTAH-12,#aabe7f,-109.1426444,39.70802222,10 - 15 Deg. F. / 3 - 6,,10 - 15 Deg. F.,6-Mar,10 - 15 Deg. F. / 3 - 6,10 - 15 / semi-humid,UT.1,#66e566,"semi-humid, cool",#aabe7f,G,NA,NA
ARFR-WY040-71-10,white,6,21,24,NA,1119,1,1,1,NA,1,1,NA,1,1,NA,1,1,NA,1,1,N,1,1,NA,1,1,55.4,20231006,NA,NA,NA,NA,ARFR4-SOS-WY040-71-10,#66C2A5,-109.2433156,41.13271889,5 - 10 Deg. F. / 3 - 6,,5 - 10 Deg. F.,6-Mar,5 - 10 Deg. F. / 3 - 6,5 - 10 / semi-humid,WY.1,#a5c2f1,"semi-humid, cold",#66C2A5,I,NA,NA
ARFR-CO932-314-JEFFERSON-12,white,6,21,25,266,1120,1,1,1,NA,1,1,NA,1,1,NA,1,1,NA,1,1,N,1,1,NA,1,1,67.9,20231006,NA,NA,NA,NA,ARFR4-SOS-CO932-314-JEFFERSON-12,#FEE08B,-105.3553333,39.40902778,10 - 15 Deg. F. / 3 - 6,,10 - 15 Deg. F.,6-Mar,10 - 15 Deg. F. / 3 - 6,10 - 15 / semi-humid,CO.2,#66e566,"semi-humid, cool",#FEE08B,E,NA,NA
ARFR-UT080-109-UINTAH-12,white,6,21,26,NA,1121,1,1,1,NA,1,1,NA,1,1,NA,1,1,NA,1,1,N,1,1,NA,1,1,69.5,20231006,NA,NA,NA,NA,ARFR4-SOS-UT080-109-UINTAH-12,#aabe7f,-109.1426444,39.70802222,10 - 15 Deg. F. / 3 - 6,,10 - 15 Deg. F.,6-Mar,10 - 15 Deg. F. / 3 - 6,10 - 15 / semi-humid,UT.1,#66e566,"semi-humid, cool",#aabe7f,G,NA,NA
ARFR-WY050-49-FREMONT-12,white,6,21,27,NA,1122,1,1,1,NA,1,1,NA,1,1,NA,1,1,NA,1,1,N,1,1,NA,1,1,48,20231006,NA,NA,NA,NA,ARFR4-SOS-WY050-49-FREMONT-12,#5E4FA2,-109.34775,43.42663611,5 - 10 Deg. F. / 6 - 12,,5 - 10 Deg. F.,12-Jun,5 - 10 Deg. F. / 6 - 12,5 - 10 / semi-arid,WY.3,#ffb90f,"semi-arid, cold",#5E4FA2,K,NA,NA
ARFR-WY050-49-FREMONT-12,white,6,21,28,NA,1123,1,1,1,NA,1,1,NA,1,1,NA,1,1,NA,1,1,N,1,1,NA,1,1,49.1,20231006,NA,NA,NA,NA,ARFR4-SOS-WY050-49-FREMONT-12,#5E4FA2,-109.34775,43.42663611,5 - 10 Deg. F. / 6 - 12,,5 - 10 Deg. F.,12-Jun,5 - 10 Deg. F. / 6 - 12,5 - 10 / semi-arid,WY.3,#ffb90f,"semi-arid, cold",#5E4FA2,K,NA,NA
ARFR-NM930N-66-11,white,6,21,29,NA,1124,1,1,1,NA,1,1,NA,1,1,NA,1,1,NA,1,1,N,1,1,NA,1,1,59,20231006,NA,NA,NA,NA,ARFR4-SOS-NM930N-66-11,#F46D43,-107.2045028,36.76818611,10 - 15 Deg. F. / 3 - 6,,10 - 15 Deg. F.,6-Mar,10 - 15 Deg. F. / 3 - 6,10 - 15 / semi-humid,NM.1,#66e566,"semi-humid, cool",#F46D43,C,NA,NA
ARFR-AZ930-423-NAVAJO-18,white,6,21,30,267,1125,1,1,1,NA,1,1,NA,1,0,NA,1,0,remove phenology for this plant as seems inconsistent? ,1,1,N,1,1,NA,1,1,64,20231006,Y,NA,NA,NA,ARFR4-SOS-AZ930-423-NAVAJO-18,#9E0142,-110.431,36.45877,15 - 20 Deg. F. / 6 - 12,SdZones downloaded 20230823,15 - 20 Deg. F.,12-Jun,15 - 20 Deg. F. / 6 - 12,15 - 20 / semi-arid,AZ.1,#ee5c42,"semi-arid, warm",#9E0142,A,NA,NA
ARFR-CO932-316-JEFFERSON-12,white,6,21,31,NA,1126,1,1,1,NA,1,1,NA,1,0,NA,1,0,NA,1,1,N,1,1,NA,1,1,49.4,20231006,NA,NA,NA,NA,ARFR4-SOS-CO932-316-JEFFERSON-12,#FFFF85,-105.358,39.66325,15 - 20 Deg. F. / 3 - 6,,15 - 20 Deg. F.,6-Mar,15 - 20 Deg. F. / 3 - 6,15 - 20 / semi-humid,CO.3,#698b69,"semi-humid, warm",#FFFF85,F,NA,NA
ARFR-CO932-316-JEFFERSON-12,white,6,21,32,NA,1127,1,1,1,NA,1,1,NA,1,0,NA,1,0,NA,1,1,N,1,1,NA,1,1,53.5,20231006,NA,NA,NA,NA,ARFR4-SOS-CO932-316-JEFFERSON-12,#FFFF85,-105.358,39.66325,15 - 20 Deg. F. / 3 - 6,,15 - 20 Deg. F.,6-Mar,15 - 20 Deg. F. / 3 - 6,15 - 20 / semi-humid,CO.3,#698b69,"semi-humid, warm",#FFFF85,F,NA,NA
ARFR-AZ930-422-NAVAJO-18,white,6,21,33,NA,1128,1,1,1,NA,1,1,NA,1,0,NA,1,1,NA,1,1,N,1,1,NA,1,1,55,20231006,NA,NA,NA,NA,ARFR4-SOS-AZ930-422-NAVAJO-18,#D53E4F,-110.431,36.56805,15 - 20 Deg. F. / 6 - 12,Lats corrected 20230127,15 - 20 Deg. F.,12-Jun,15 - 20 Deg. F. / 6 - 12,15 - 20 / semi-arid,AZ.2,#ee5c42,"semi-arid, warm",#D53E4F,B,NA,NA
ARFR-AZ930-422-NAVAJO-18,white,6,21,34,NA,1129,1,1,1,NA,1,1,NA,1,0,NA,1,0,NA,1,1,N,1,1,NA,1,1,61.1,20231006,NA,NA,NA,NA,ARFR4-SOS-AZ930-422-NAVAJO-18,#D53E4F,-110.431,36.56805,15 - 20 Deg. F. / 6 - 12,Lats corrected 20230127,15 - 20 Deg. F.,12-Jun,15 - 20 Deg. F. / 6 - 12,15 - 20 / semi-arid,AZ.2,#ee5c42,"semi-arid, warm",#D53E4F,B,NA,Y
ARFR-AZ930-423-NAVAJO-18,white,6,21,35,268,1130,1,1,1,NA,1,1,NA,1,0,NA,1,1,NA,1,1,Y,1,1,NA,1,1,51.3,20231006,NA,NA,NA,NA,ARFR4-SOS-AZ930-423-NAVAJO-18,#9E0142,-110.431,36.45877,15 - 20 Deg. F. / 6 - 12,SdZones downloaded 20230823,15 - 20 Deg. F.,12-Jun,15 - 20 Deg. F. / 6 - 12,15 - 20 / semi-arid,AZ.1,#ee5c42,"semi-arid, warm",#9E0142,A,NA,NA
ARFR-WY050-151-FREMONT-16,white,6,21,36,NA,1131,1,1,1,NA,1,1,NA,1,0,NA,1,1,NA,1,1,N,1,1,NA,1,1,37,20231006,NA,NA,NA,NA,ARFR4-SOS-WY050-151-FREMONT-16,#3288BD,-108.1704472,42.47886111,10 - 15 Deg. F. / 6 - 12,,10 - 15 Deg. F.,12-Jun,10 - 15 Deg. F. / 6 - 12,10 - 15 / semi-arid,WY.2,#cd8500,"semi-arid, cool",#3288BD,J,NA,NA
ARFR-AZ930-422-NAVAJO-18,white,6,21,37,NA,1132,1,1,1,NA,1,1,NA,1,1,NA,1,1,NA,1,1,N,1,1,NA,1,1,64.8,20231006,NA,NA,NA,NA,ARFR4-SOS-AZ930-422-NAVAJO-18,#D53E4F,-110.431,36.56805,15 - 20 Deg. F. / 6 - 12,Lats corrected 20230127,15 - 20 Deg. F.,12-Jun,15 - 20 Deg. F. / 6 - 12,15 - 20 / semi-arid,AZ.2,#ee5c42,"semi-arid, warm",#D53E4F,B,NA,NA
ARFR-CO932-316-JEFFERSON-12,white,6,21,38,NA,1133,1,1,1,NA,1,1,NA,1,1,NA,1,1,NA,1,1,N,1,1,NA,1,1,62.1,20231006,NA,NA,NA,NA,ARFR4-SOS-CO932-316-JEFFERSON-12,#FFFF85,-105.358,39.66325,15 - 20 Deg. F. / 3 - 6,,15 - 20 Deg. F.,6-Mar,15 - 20 Deg. F. / 3 - 6,15 - 20 / semi-humid,CO.3,#698b69,"semi-humid, warm",#FFFF85,F,NA,Y
ARFR-NM930N-66-11,white,6,21,39,NA,1134,1,1,1,NA,1,1,NA,1,1,NA,1,1,NA,1,1,N,1,1,NA,1,1,71.5,20231006,NA,NA,NA,NA,ARFR4-SOS-NM930N-66-11,#F46D43,-107.2045028,36.76818611,10 - 15 Deg. F. / 3 - 6,,10 - 15 Deg. F.,6-Mar,10 - 15 Deg. F. / 3 - 6,10 - 15 / semi-humid,NM.1,#66e566,"semi-humid, cool",#F46D43,C,NA,NA
ARFR-WY930-44-LASANIMAS-13,white,6,21,40,269,1135,1,1,1,NA,1,1,NA,1,0,NA,1,0,NA,1,1,N,1,1,NA,1,1,53.2,20231006,NA,NA,NA,NA,ARFR4-SOS-WY930-44-LASANIMAS-13,#FDAE61,-104.6423889,37.16547222,15 - 20 Deg. F. / 3 - 6,,15 - 20 Deg. F.,6-Mar,15 - 20 Deg. F. / 3 - 6,15 - 20 / semi-humid,CO.1,#698b69,"semi-humid, warm",#FDAE61,D,NA,NA
ARFR-AZ930-423-NAVAJO-18,white,6,21,41,NA,1136,1,1,1,seedlings,1,1,NA,1,0,NA,1,0,remove phenology for this plant as seems inconsistent? ,1,1,N,1,1,NA,1,1,66.9,20231006,Y,NA,NA,NA,ARFR4-SOS-AZ930-423-NAVAJO-18,#9E0142,-110.431,36.45877,15 - 20 Deg. F. / 6 - 12,SdZones downloaded 20230823,15 - 20 Deg. F.,12-Jun,15 - 20 Deg. F. / 6 - 12,15 - 20 / semi-arid,AZ.1,#ee5c42,"semi-arid, warm",#9E0142,A,NA,NA
ARFR-WY050-49-FREMONT-12,white,6,21,42,NA,1137,0,0,NA,NA,0,NA,NA,0,NA,NA,0,NA,NA,0,NA,N,0,NA,NA,0,NA,NA,20231006,NA,NA,NA,NA,ARFR4-SOS-WY050-49-FREMONT-12,#5E4FA2,-109.34775,43.42663611,5 - 10 Deg. F. / 6 - 12,,5 - 10 Deg. F.,12-Jun,5 - 10 Deg. F. / 6 - 12,5 - 10 / semi-arid,WY.3,#ffb90f,"semi-arid, cold",#5E4FA2,K,NA,NA
ARFR-WY040-71-10,white,6,21,43,NA,1138,1,1,1,NA,1,1,NA,1,1,NA,1,NA,NA,1,1,N,1,1,NA,1,1,40.5,20231006,NA,NA,NA,NA,ARFR4-SOS-WY040-71-10,#66C2A5,-109.2433156,41.13271889,5 - 10 Deg. F. / 3 - 6,,5 - 10 Deg. F.,6-Mar,5 - 10 Deg. F. / 3 - 6,5 - 10 / semi-humid,WY.1,#a5c2f1,"semi-humid, cold",#66C2A5,I,NA,NA
ARFR-UT080-109-UINTAH-12,white,6,21,44,NA,1139,1,1,1,NA,1,1,NA,1,1,NA,1,1,NA,1,1,N,1,1,NA,1,1,74,20231006,NA,NA,NA,NA,ARFR4-SOS-UT080-109-UINTAH-12,#aabe7f,-109.1426444,39.70802222,10 - 15 Deg. F. / 3 - 6,,10 - 15 Deg. F.,6-Mar,10 - 15 Deg. F. / 3 - 6,10 - 15 / semi-humid,UT.1,#66e566,"semi-humid, cool",#aabe7f,G,NA,NA
ARFR-CO932-316-JEFFERSON-12,white,6,21,45,270,1140,1,1,1,NA,1,1,NA,1,0,NA,1,1,NA,1,1,N,1,1,NA,1,1,52.9,20231006,NA,NA,NA,NA,ARFR4-SOS-CO932-316-JEFFERSON-12,#FFFF85,-105.358,39.66325,15 - 20 Deg. F. / 3 - 6,,15 - 20 Deg. F.,6-Mar,15 - 20 Deg. F. / 3 - 6,15 - 20 / semi-humid,CO.3,#698b69,"semi-humid, warm",#FFFF85,F,NA,NA
ARFR-WY050-49-FREMONT-12,white,6,21,46,NA,1141,1,1,1,NA,1,1,NA,1,1,NA,1,1,NA,1,1,N,1,1,NA,1,1,52.5,20231006,NA,NA,NA,NA,ARFR4-SOS-WY050-49-FREMONT-12,#5E4FA2,-109.34775,43.42663611,5 - 10 Deg. F. / 6 - 12,,5 - 10 Deg. F.,12-Jun,5 - 10 Deg. F. / 6 - 12,5 - 10 / semi-arid,WY.3,#ffb90f,"semi-arid, cold",#5E4FA2,K,NA,NA
ARFR-AZ930-423-NAVAJO-18,white,6,21,47,NA,1142,1,1,1,NA,1,1,NA,1,0,NA,1,1,NA,1,1,N,1,1,NA,1,1,57,20231006,NA,NA,NA,NA,ARFR4-SOS-AZ930-423-NAVAJO-18,#9E0142,-110.431,36.45877,15 - 20 Deg. F. / 6 - 12,SdZones downloaded 20230823,15 - 20 Deg. F.,12-Jun,15 - 20 Deg. F. / 6 - 12,15 - 20 / semi-arid,AZ.1,#ee5c42,"semi-arid, warm",#9E0142,A,NA,NA
ARFR-AZ930-423-NAVAJO-18,white,6,21,48,NA,1143,0,0,NA,seedlings,0,NA,NA,0,NA,NA,0,NA,NA,0,NA,N,0,NA,NA,0,NA,NA,NA,NA,NA,NA,NA,ARFR4-SOS-AZ930-423-NAVAJO-18,#9E0142,-110.431,36.45877,15 - 20 Deg. F. / 6 - 12,SdZones downloaded 20230823,15 - 20 Deg. F.,12-Jun,15 - 20 Deg. F. / 6 - 12,15 - 20 / semi-arid,AZ.1,#ee5c42,"semi-arid, warm",#9E0142,A,NA,NA
ARFR-WY050-49-FREMONT-12,white,6,21,49,NA,1144,1,1,1,NA,1,1,NA,1,1,NA,1,1,NA,1,1,N,1,1,NA,1,1,52,20231006,NA,NA,NA,NA,ARFR4-SOS-WY050-49-FREMONT-12,#5E4FA2,-109.34775,43.42663611,5 - 10 Deg. F. / 6 - 12,,5 - 10 Deg. F.,12-Jun,5 - 10 Deg. F. / 6 - 12,5 - 10 / semi-arid,WY.3,#ffb90f,"semi-arid, cold",#5E4FA2,K,NA,NA
ARFR-WY050-151-FREMONT-16,white,6,21,50,271,1145,1,1,1,NA,1,1,NA,1,1,NA,1,1,NA,1,1,N,1,1,NA,1,1,52.5,20231006,NA,NA,NA,NA,ARFR4-SOS-WY050-151-FREMONT-16,#3288BD,-108.1704472,42.47886111,10 - 15 Deg. F. / 6 - 12,,10 - 15 Deg. F.,12-Jun,10 - 15 Deg. F. / 6 - 12,10 - 15 / semi-arid,WY.2,#cd8500,"semi-arid, cool",#3288BD,J,NA,NA
ARFR-NM930N-66-11,white,6,21,51,NA,1146,1,1,1,NA,1,1,NA,1,1,NA,1,1,NA,1,1,N,1,1,NA,1,1,53,20231006,NA,NA,NA,NA,ARFR4-SOS-NM930N-66-11,#F46D43,-107.2045028,36.76818611,10 - 15 Deg. F. / 3 - 6,,10 - 15 Deg. F.,6-Mar,10 - 15 Deg. F. / 3 - 6,10 - 15 / semi-humid,NM.1,#66e566,"semi-humid, cool",#F46D43,C,NA,NA
ARFR-WY930-44-LASANIMAS-13,white,6,21,52,NA,1147,1,1,1,NA,1,1,NA,1,0,NA,1,1,NA,1,1,N,1,1,NA,1,1,54.6,20231006,NA,NA,NA,NA,ARFR4-SOS-WY930-44-LASANIMAS-13,#FDAE61,-104.6423889,37.16547222,15 - 20 Deg. F. / 3 - 6,,15 - 20 Deg. F.,6-Mar,15 - 20 Deg. F. / 3 - 6,15 - 20 / semi-humid,CO.1,#698b69,"semi-humid, warm",#FDAE61,D,NA,NA
ARFR-WY040-71-10,white,6,21,53,NA,1148,1,1,1,NA,1,1,NA,1,0,NA,1,1,NA,1,1,N,1,1,NA,1,1,48,"small ros, height measured 20231006",NA,NA,NA,NA,ARFR4-SOS-WY040-71-10,#66C2A5,-109.2433156,41.13271889,5 - 10 Deg. F. / 3 - 6,,5 - 10 Deg. F.,6-Mar,5 - 10 Deg. F. / 3 - 6,5 - 10 / semi-humid,WY.1,#a5c2f1,"semi-humid, cold",#66C2A5,I,NA,NA
ARFR-CO932-294-11,white,6,21,54,NA,1149,1,1,1,NA,1,1,NA,1,0,NA,1,1,NA,1,1,Y,1,1,NA,1,1,49.2,20231006,NA,NA,NA,NA,ARFR4-SOS-CO932-294-11,#ABDDA4,-105.2030833,39.78458333,15 - 20 Deg. F. / 3 - 6,,15 - 20 Deg. F.,6-Mar,15 - 20 Deg. F. / 3 - 6,15 - 20 / semi-humid,CO.4,#698b69,"semi-humid, warm",#ABDDA4,H,NA,NA
ARFR-CO932-294-11,white,6,21,55,272,1150,1,1,1,NA,1,1,NA,1,0,NA,1,0,remove phenology for this plant as seems inconsistent? ,1,0,N,1,0,NA,1,1,59.7,20231006,Y,NA,NA,NA,ARFR4-SOS-CO932-294-11,#ABDDA4,-105.2030833,39.78458333,15 - 20 Deg. F. / 3 - 6,,15 - 20 Deg. F.,6-Mar,15 - 20 Deg. F. / 3 - 6,15 - 20 / semi-humid,CO.4,#698b69,"semi-humid, warm",#ABDDA4,H,NA,NA
ARFR-UT080-109-UINTAH-12,white,6,22,1,261,1151,1,1,0,NA,1,1,NA,1,1,NA,1,1,NA,1,1,N,1,1,NA,1,1,61,20231006,NA,NA,NA,NA,ARFR4-SOS-UT080-109-UINTAH-12,#aabe7f,-109.1426444,39.70802222,10 - 15 Deg. F. / 3 - 6,,10 - 15 Deg. F.,6-Mar,10 - 15 Deg. F. / 3 - 6,10 - 15 / semi-humid,UT.1,#66e566,"semi-humid, cool",#aabe7f,G,NA,NA
ARFR-NM930N-66-11,white,6,22,2,NA,1152,1,1,1,NA,1,1,NA,1,1,NA,1,1,NA,1,1,N,1,1,NA,1,1,78.8,20231006,NA,NA,NA,NA,ARFR4-SOS-NM930N-66-11,#F46D43,-107.2045028,36.76818611,10 - 15 Deg. F. / 3 - 6,,10 - 15 Deg. F.,6-Mar,10 - 15 Deg. F. / 3 - 6,10 - 15 / semi-humid,NM.1,#66e566,"semi-humid, cool",#F46D43,C,NA,NA
ARFR-CO932-294-11,white,6,22,3,NA,1153,1,1,0,NA,1,0,NA,1,0,NA,1,0,NA,1,1,Y,1,1,NA,1,1,64.5,20231006,NA,NA,NA,NA,ARFR4-SOS-CO932-294-11,#ABDDA4,-105.2030833,39.78458333,15 - 20 Deg. F. / 3 - 6,,15 - 20 Deg. F.,6-Mar,15 - 20 Deg. F. / 3 - 6,15 - 20 / semi-humid,CO.4,#698b69,"semi-humid, warm",#ABDDA4,H,NA,NA
ARFR-WY050-49-FREMONT-12,white,6,22,4,NA,1154,1,1,0,NA,1,1,NA,1,1,NA,1,1,NA,1,1,N,1,1,NA,1,1,52,20231006,NA,NA,NA,NA,ARFR4-SOS-WY050-49-FREMONT-12,#5E4FA2,-109.34775,43.42663611,5 - 10 Deg. F. / 6 - 12,,5 - 10 Deg. F.,12-Jun,5 - 10 Deg. F. / 6 - 12,5 - 10 / semi-arid,WY.3,#ffb90f,"semi-arid, cold",#5E4FA2,K,NA,NA
ARFR-NM930N-66-11,white,6,22,5,262,1155,1,1,1,NA,1,1,NA,1,1,NA,1,1,NA,1,1,N,1,1,NA,1,1,77,20231006,NA,NA,NA,NA,ARFR4-SOS-NM930N-66-11,#F46D43,-107.2045028,36.76818611,10 - 15 Deg. F. / 3 - 6,,10 - 15 Deg. F.,6-Mar,10 - 15 Deg. F. / 3 - 6,10 - 15 / semi-humid,NM.1,#66e566,"semi-humid, cool",#F46D43,C,NA,NA
ARFR-CO932-316-JEFFERSON-12,white,6,22,6,NA,1156,1,1,1,NA,1,1,NA,1,1,NA,1,1,NA,1,1,N,1,1,NA,1,1,57.2,20231006,NA,NA,NA,NA,ARFR4-SOS-CO932-316-JEFFERSON-12,#FFFF85,-105.358,39.66325,15 - 20 Deg. F. / 3 - 6,,15 - 20 Deg. F.,6-Mar,15 - 20 Deg. F. / 3 - 6,15 - 20 / semi-humid,CO.3,#698b69,"semi-humid, warm",#FFFF85,F,NA,NA
ARFR-AZ930-423-NAVAJO-18,white,6,22,7,NA,1157,1,1,1,NA,1,1,NA,1,1,NA,1,1,NA,1,1,N,1,1,NA,1,1,60.3,20231006,NA,NA,NA,NA,ARFR4-SOS-AZ930-423-NAVAJO-18,#9E0142,-110.431,36.45877,15 - 20 Deg. F. / 6 - 12,SdZones downloaded 20230823,15 - 20 Deg. F.,12-Jun,15 - 20 Deg. F. / 6 - 12,15 - 20 / semi-arid,AZ.1,#ee5c42,"semi-arid, warm",#9E0142,A,NA,NA
ARFR-CO932-316-JEFFERSON-12,white,6,22,8,NA,1158,1,1,1,NA,1,1,NA,1,1,NA,1,1,NA,1,1,N,1,1,NA,1,1,65.2,20231006,NA,NA,NA,NA,ARFR4-SOS-CO932-316-JEFFERSON-12,#FFFF85,-105.358,39.66325,15 - 20 Deg. F. / 3 - 6,,15 - 20 Deg. F.,6-Mar,15 - 20 Deg. F. / 3 - 6,15 - 20 / semi-humid,CO.3,#698b69,"semi-humid, warm",#FFFF85,F,NA,NA
ARFR-WY050-49-FREMONT-12,white,6,22,9,NA,1159,1,1,0,NA,1,0,NA,1,1,NA,1,1,NA,1,1,N,1,1,NA,1,1,56.4,20231006,NA,NA,NA,NA,ARFR4-SOS-WY050-49-FREMONT-12,#5E4FA2,-109.34775,43.42663611,5 - 10 Deg. F. / 6 - 12,,5 - 10 Deg. F.,12-Jun,5 - 10 Deg. F. / 6 - 12,5 - 10 / semi-arid,WY.3,#ffb90f,"semi-arid, cold",#5E4FA2,K,NA,NA
ARFR-AZ930-423-NAVAJO-18,white,6,22,10,263,1160,1,0,NA,seedlings,0,NA,NA,0,NA,NA,0,NA,NA,0,NA,N,0,NA,NA,0,NA,NA,harvested?,NA,Y,Y,NA,ARFR4-SOS-AZ930-423-NAVAJO-18,#9E0142,-110.431,36.45877,15 - 20 Deg. F. / 6 - 12,SdZones downloaded 20230823,15 - 20 Deg. F.,12-Jun,15 - 20 Deg. F. / 6 - 12,15 - 20 / semi-arid,AZ.1,#ee5c42,"semi-arid, warm",#9E0142,A,NA,Y
ARFR-CO932-294-11,white,6,22,11,NA,1161,1,0,NA,NA,0,NA,NA,0,NA,NA,NA,NA,NA,0,NA,N,0,NA,NA,0,NA,NA,harvested?,NA,Y,Y,NA,ARFR4-SOS-CO932-294-11,#ABDDA4,-105.2030833,39.78458333,15 - 20 Deg. F. / 3 - 6,,15 - 20 Deg. F.,6-Mar,15 - 20 Deg. F. / 3 - 6,15 - 20 / semi-humid,CO.4,#698b69,"semi-humid, warm",#ABDDA4,H,NA,Y
ARFR-WY040-71-10,white,6,22,12,NA,1162,1,1,1,NA,1,1,NA,1,1,NA,1,1,NA,1,1,N,1,1,NA,1,1,39,20231006,NA,NA,NA,NA,ARFR4-SOS-WY040-71-10,#66C2A5,-109.2433156,41.13271889,5 - 10 Deg. F. / 3 - 6,,5 - 10 Deg. F.,6-Mar,5 - 10 Deg. F. / 3 - 6,5 - 10 / semi-humid,WY.1,#a5c2f1,"semi-humid, cold",#66C2A5,I,NA,NA
ARFR-CO932-316-JEFFERSON-12,white,6,22,13,NA,1163,1,1,0,NA,1,1,NA,1,1,NA,1,1,NA,1,1,N,1,1,NA,1,1,66.9,20231006,NA,NA,NA,NA,ARFR4-SOS-CO932-316-JEFFERSON-12,#FFFF85,-105.358,39.66325,15 - 20 Deg. F. / 3 - 6,,15 - 20 Deg. F.,6-Mar,15 - 20 Deg. F. / 3 - 6,15 - 20 / semi-humid,CO.3,#698b69,"semi-humid, warm",#FFFF85,F,NA,NA
ARFR-AZ930-422-NAVAJO-18,white,6,22,14,NA,1164,1,1,1,NA,1,1,NA,1,1,NA,1,1,NA,1,1,N,1,1,NA,1,1,53.3,20231006,NA,NA,NA,NA,ARFR4-SOS-AZ930-422-NAVAJO-18,#D53E4F,-110.431,36.56805,15 - 20 Deg. F. / 6 - 12,Lats corrected 20230127,15 - 20 Deg. F.,12-Jun,15 - 20 Deg. F. / 6 - 12,15 - 20 / semi-arid,AZ.2,#ee5c42,"semi-arid, warm",#D53E4F,B,NA,NA
ARFR-WY050-151-FREMONT-16,white,6,22,15,264,1165,1,1,1,NA,1,1,NA,1,1,NA,1,1,NA,1,1,N,1,1,NA,1,1,46.4,20231006,NA,NA,NA,NA,ARFR4-SOS-WY050-151-FREMONT-16,#3288BD,-108.1704472,42.47886111,10 - 15 Deg. F. / 6 - 12,,10 - 15 Deg. F.,12-Jun,10 - 15 Deg. F. / 6 - 12,10 - 15 / semi-arid,WY.2,#cd8500,"semi-arid, cool",#3288BD,J,NA,NA
ARFR-CO932-294-11,white,6,22,16,NA,1166,1,1,0,NA,1,0,NA,1,0,NA,1,0,NA,1,1,N,1,1,NA,1,1,53.1,20231006,NA,NA,NA,NA,ARFR4-SOS-CO932-294-11,#ABDDA4,-105.2030833,39.78458333,15 - 20 Deg. F. / 3 - 6,,15 - 20 Deg. F.,6-Mar,15 - 20 Deg. F. / 3 - 6,15 - 20 / semi-humid,CO.4,#698b69,"semi-humid, warm",#ABDDA4,H,NA,NA
ARFR-CO932-314-JEFFERSON-12,white,6,22,17,NA,1167,1,1,0,NA,1,1,NA,1,1,NA,1,1,NA,1,1,N,1,1,NA,1,1,48.2,20231006,NA,NA,NA,NA,ARFR4-SOS-CO932-314-JEFFERSON-12,#FEE08B,-105.3553333,39.40902778,10 - 15 Deg. F. / 3 - 6,,10 - 15 Deg. F.,6-Mar,10 - 15 Deg. F. / 3 - 6,10 - 15 / semi-humid,CO.2,#66e566,"semi-humid, cool",#FEE08B,E,NA,NA
ARFR-NM930N-66-11,white,6,22,18,NA,1168,1,1,1,NA,1,1,NA,1,1,NA,1,1,NA,1,1,Y,1,1,NA,1,1,65.8,20231006,NA,NA,NA,NA,ARFR4-SOS-NM930N-66-11,#F46D43,-107.2045028,36.76818611,10 - 15 Deg. F. / 3 - 6,,10 - 15 Deg. F.,6-Mar,10 - 15 Deg. F. / 3 - 6,10 - 15 / semi-humid,NM.1,#66e566,"semi-humid, cool",#F46D43,C,NA,NA
ARFR-AZ930-423-NAVAJO-18,white,6,22,19,NA,1169,1,1,0,NA,1,1,NA,1,1,NA,1,1,NA,1,1,N,1,1,NA,1,1,60.8,20231006,NA,NA,NA,NA,ARFR4-SOS-AZ930-423-NAVAJO-18,#9E0142,-110.431,36.45877,15 - 20 Deg. F. / 6 - 12,SdZones downloaded 20230823,15 - 20 Deg. F.,12-Jun,15 - 20 Deg. F. / 6 - 12,15 - 20 / semi-arid,AZ.1,#ee5c42,"semi-arid, warm",#9E0142,A,NA,NA
ARFR-CO932-314-JEFFERSON-12,white,6,22,20,265,1170,1,1,0,NA,1,1,NA,1,1,NA,1,1,NA,1,1,N,1,1,NA,1,1,60.3,20231006,NA,NA,NA,NA,ARFR4-SOS-CO932-314-JEFFERSON-12,#FEE08B,-105.3553333,39.40902778,10 - 15 Deg. F. / 3 - 6,,10 - 15 Deg. F.,6-Mar,10 - 15 Deg. F. / 3 - 6,10 - 15 / semi-humid,CO.2,#66e566,"semi-humid, cool",#FEE08B,E,NA,NA
ARFR-WY050-49-FREMONT-12,white,6,22,21,NA,1171,1,1,0,NA,1,1,NA,1,1,NA,1,1,NA,1,1,N,1,1,NA,1,1,58.5,20231006,NA,NA,NA,NA,ARFR4-SOS-WY050-49-FREMONT-12,#5E4FA2,-109.34775,43.42663611,5 - 10 Deg. F. / 6 - 12,,5 - 10 Deg. F.,12-Jun,5 - 10 Deg. F. / 6 - 12,5 - 10 / semi-arid,WY.3,#ffb90f,"semi-arid, cold",#5E4FA2,K,NA,NA
ARFR-AZ930-423-NAVAJO-18,white,6,22,22,NA,1172,1,1,0,NA,1,1,NA,1,1,NA,1,1,NA,1,1,N,1,1,NA,1,1,64,20231006,NA,NA,NA,NA,ARFR4-SOS-AZ930-423-NAVAJO-18,#9E0142,-110.431,36.45877,15 - 20 Deg. F. / 6 - 12,SdZones downloaded 20230823,15 - 20 Deg. F.,12-Jun,15 - 20 Deg. F. / 6 - 12,15 - 20 / semi-arid,AZ.1,#ee5c42,"semi-arid, warm",#9E0142,A,NA,NA
ARFR-CO932-314-JEFFERSON-12,white,6,22,23,NA,1173,1,1,0,NA,1,0,NA,1,0,NA,1,0,NA,1,1,N,1,1,NA,1,1,52.2,20231006,NA,NA,NA,NA,ARFR4-SOS-CO932-314-JEFFERSON-12,#FEE08B,-105.3553333,39.40902778,10 - 15 Deg. F. / 3 - 6,,10 - 15 Deg. F.,6-Mar,10 - 15 Deg. F. / 3 - 6,10 - 15 / semi-humid,CO.2,#66e566,"semi-humid, cool",#FEE08B,E,NA,NA
ARFR-WY050-151-FREMONT-16,white,6,22,24,NA,1174,1,0,NA,1 seedling,0,NA,NA,0,NA,NA,0,NA,NA,0,NA,N,0,NA,NA,0,NA,NA,harvested?,Y,Y,Y,NA,ARFR4-SOS-WY050-151-FREMONT-16,#3288BD,-108.1704472,42.47886111,10 - 15 Deg. F. / 6 - 12,,10 - 15 Deg. F.,12-Jun,10 - 15 Deg. F. / 6 - 12,10 - 15 / semi-arid,WY.2,#cd8500,"semi-arid, cool",#3288BD,J,NA,Y
ARFR-WY050-49-FREMONT-12,white,6,22,25,266,1175,1,1,0,NA,1,0,NA,1,1,NA,1,1,NA,1,1,N,1,1,NA,1,1,48,20231006,NA,NA,NA,NA,ARFR4-SOS-WY050-49-FREMONT-12,#5E4FA2,-109.34775,43.42663611,5 - 10 Deg. F. / 6 - 12,,5 - 10 Deg. F.,12-Jun,5 - 10 Deg. F. / 6 - 12,5 - 10 / semi-arid,WY.3,#ffb90f,"semi-arid, cold",#5E4FA2,K,NA,NA
ARFR-WY040-71-10,white,6,22,26,NA,1176,1,1,0,NA,1,0,NA,1,0,NA,1,0,NA,1,1,N,1,1,NA,1,NA,NA,FL 2023?,Y,NA,NA,NA,ARFR4-SOS-WY040-71-10,#66C2A5,-109.2433156,41.13271889,5 - 10 Deg. F. / 3 - 6,,5 - 10 Deg. F.,6-Mar,5 - 10 Deg. F. / 3 - 6,5 - 10 / semi-humid,WY.1,#a5c2f1,"semi-humid, cold",#66C2A5,I,NA,NA
ARFR-CO932-294-11,white,6,22,27,NA,1177,1,1,0,NA,1,0,NA,1,0,NA,1,0,NA,1,1,N,1,1,NA,1,1,46.8,20231006,NA,NA,NA,NA,ARFR4-SOS-CO932-294-11,#ABDDA4,-105.2030833,39.78458333,15 - 20 Deg. F. / 3 - 6,,15 - 20 Deg. F.,6-Mar,15 - 20 Deg. F. / 3 - 6,15 - 20 / semi-humid,CO.4,#698b69,"semi-humid, warm",#ABDDA4,H,NA,NA
ARFR-CO932-314-JEFFERSON-12,white,6,22,28,NA,1178,1,1,0,NA,1,0,NA,1,1,NA,1,1,NA,1,1,N,1,1,NA,1,1,50.6,20231006,NA,NA,NA,NA,ARFR4-SOS-CO932-314-JEFFERSON-12,#FEE08B,-105.3553333,39.40902778,10 - 15 Deg. F. / 3 - 6,,10 - 15 Deg. F.,6-Mar,10 - 15 Deg. F. / 3 - 6,10 - 15 / semi-humid,CO.2,#66e566,"semi-humid, cool",#FEE08B,E,NA,NA
ARFR-AZ930-422-NAVAJO-18,white,6,22,29,NA,1179,1,1,1,NA,1,1,NA,1,1,NA,1,1,NA,1,1,N,1,1,NA,1,1,61.3,20231006,NA,NA,NA,NA,ARFR4-SOS-AZ930-422-NAVAJO-18,#D53E4F,-110.431,36.56805,15 - 20 Deg. F. / 6 - 12,Lats corrected 20230127,15 - 20 Deg. F.,12-Jun,15 - 20 Deg. F. / 6 - 12,15 - 20 / semi-arid,AZ.2,#ee5c42,"semi-arid, warm",#D53E4F,B,NA,NA
ARFR-WY930-44-LASANIMAS-13,white,6,22,30,267,1180,1,1,1,NA,1,1,NA,1,0,NA,1,0,NA,1,0,N,1,0,NA,1,1,67.5,20231006,Y,NA,NA,NA,ARFR4-SOS-WY930-44-LASANIMAS-13,#FDAE61,-104.6423889,37.16547222,15 - 20 Deg. F. / 3 - 6,,15 - 20 Deg. F.,6-Mar,15 - 20 Deg. F. / 3 - 6,15 - 20 / semi-humid,CO.1,#698b69,"semi-humid, warm",#FDAE61,D,NA,NA
ARFR-UT080-109-UINTAH-12,white,6,22,31,NA,1181,1,1,0,NA,1,1,NA,1,0,NA,1,0,NA,1,1,Y,1,1,NA,1,1,52.4,20231006,NA,NA,NA,NA,ARFR4-SOS-UT080-109-UINTAH-12,#aabe7f,-109.1426444,39.70802222,10 - 15 Deg. F. / 3 - 6,,10 - 15 Deg. F.,6-Mar,10 - 15 Deg. F. / 3 - 6,10 - 15 / semi-humid,UT.1,#66e566,"semi-humid, cool",#aabe7f,G,NA,NA
ARFR-WY050-151-FREMONT-16,white,6,22,32,NA,1182,1,1,1,NA,1,1,NA,1,0,NA,1,1,NA,1,1,N,1,1,NA,1,1,42.3,20231006,NA,NA,NA,NA,ARFR4-SOS-WY050-151-FREMONT-16,#3288BD,-108.1704472,42.47886111,10 - 15 Deg. F. / 6 - 12,,10 - 15 Deg. F.,12-Jun,10 - 15 Deg. F. / 6 - 12,10 - 15 / semi-arid,WY.2,#cd8500,"semi-arid, cool",#3288BD,J,NA,NA
ARFR-AZ930-422-NAVAJO-18,white,6,22,33,NA,1183,1,1,0,NA,1,0,NA,1,0,NA,1,1,NA,1,1,N,1,1,NA,1,1,45,20231006,NA,NA,NA,NA,ARFR4-SOS-AZ930-422-NAVAJO-18,#D53E4F,-110.431,36.56805,15 - 20 Deg. F. / 6 - 12,Lats corrected 20230127,15 - 20 Deg. F.,12-Jun,15 - 20 Deg. F. / 6 - 12,15 - 20 / semi-arid,AZ.2,#ee5c42,"semi-arid, warm",#D53E4F,B,NA,NA
ARFR-CO932-316-JEFFERSON-12,white,6,22,34,NA,1184,1,1,1,NA,1,1,NA,1,0,NA,1,0,NA,1,1,N,1,1,NA,1,1,41.8,20231006,NA,NA,NA,NA,ARFR4-SOS-CO932-316-JEFFERSON-12,#FFFF85,-105.358,39.66325,15 - 20 Deg. F. / 3 - 6,,15 - 20 Deg. F.,6-Mar,15 - 20 Deg. F. / 3 - 6,15 - 20 / semi-humid,CO.3,#698b69,"semi-humid, warm",#FFFF85,F,NA,NA
ARFR-CO932-314-JEFFERSON-12,white,6,22,35,268,1185,1,1,0,NA,1,1,NA,1,0,NA,1,1,NA,1,1,N,1,1,NA,1,1,45.5,20231006,NA,NA,NA,NA,ARFR4-SOS-CO932-314-JEFFERSON-12,#FEE08B,-105.3553333,39.40902778,10 - 15 Deg. F. / 3 - 6,,10 - 15 Deg. F.,6-Mar,10 - 15 Deg. F. / 3 - 6,10 - 15 / semi-humid,CO.2,#66e566,"semi-humid, cool",#FEE08B,E,NA,NA
ARFR-CO932-314-JEFFERSON-12,white,6,22,36,NA,1186,1,1,0,NA,1,1,NA,1,0,NA,1,0,NA,1,1,N,1,1,NA,1,1,42,20231006,NA,NA,NA,NA,ARFR4-SOS-CO932-314-JEFFERSON-12,#FEE08B,-105.3553333,39.40902778,10 - 15 Deg. F. / 3 - 6,,10 - 15 Deg. F.,6-Mar,10 - 15 Deg. F. / 3 - 6,10 - 15 / semi-humid,CO.2,#66e566,"semi-humid, cool",#FEE08B,E,NA,NA
ARFR-UT080-109-UINTAH-12,white,6,22,37,NA,1187,1,1,1,NA,1,1,NA,1,1,NA,1,1,NA,1,1,N,1,1,NA,1,1,55.9,dry; height measured 20231006,NA,NA,NA,NA,ARFR4-SOS-UT080-109-UINTAH-12,#aabe7f,-109.1426444,39.70802222,10 - 15 Deg. F. / 3 - 6,,10 - 15 Deg. F.,6-Mar,10 - 15 Deg. F. / 3 - 6,10 - 15 / semi-humid,UT.1,#66e566,"semi-humid, cool",#aabe7f,G,NA,NA
ARFR-UT080-109-UINTAH-12,white,6,22,38,NA,1188,1,1,0,NA,1,1,NA,1,0,NA,1,1,NA,1,1,N,1,1,NA,1,1,53.4,20231006,NA,NA,NA,NA,ARFR4-SOS-UT080-109-UINTAH-12,#aabe7f,-109.1426444,39.70802222,10 - 15 Deg. F. / 3 - 6,,10 - 15 Deg. F.,6-Mar,10 - 15 Deg. F. / 3 - 6,10 - 15 / semi-humid,UT.1,#66e566,"semi-humid, cool",#aabe7f,G,NA,Y
ARFR-CO932-314-JEFFERSON-12,white,6,22,39,NA,1189,1,1,0,NA,1,1,NA,1,0,NA,1,1,NA,1,1,N,1,1,NA,1,1,48.4,20231006,NA,NA,NA,NA,ARFR4-SOS-CO932-314-JEFFERSON-12,#FEE08B,-105.3553333,39.40902778,10 - 15 Deg. F. / 3 - 6,,10 - 15 Deg. F.,6-Mar,10 - 15 Deg. F. / 3 - 6,10 - 15 / semi-humid,CO.2,#66e566,"semi-humid, cool",#FEE08B,E,NA,NA
ARFR-WY050-49-FREMONT-12,white,6,22,40,269,1190,1,1,0,NA,1,1,NA,1,0,NA,1,0,NA,1,1,N,1,1,NA,1,1,57.6,20231006,NA,NA,NA,NA,ARFR4-SOS-WY050-49-FREMONT-12,#5E4FA2,-109.34775,43.42663611,5 - 10 Deg. F. / 6 - 12,,5 - 10 Deg. F.,12-Jun,5 - 10 Deg. F. / 6 - 12,5 - 10 / semi-arid,WY.3,#ffb90f,"semi-arid, cold",#5E4FA2,K,NA,NA
ARFR-CO932-294-11,white,6,22,41,NA,1191,1,1,0,NA,1,1,NA,1,0,NA,1,0,NA,1,1,N,1,1,NA,1,1,53,20231006,NA,NA,NA,NA,ARFR4-SOS-CO932-294-11,#ABDDA4,-105.2030833,39.78458333,15 - 20 Deg. F. / 3 - 6,,15 - 20 Deg. F.,6-Mar,15 - 20 Deg. F. / 3 - 6,15 - 20 / semi-humid,CO.4,#698b69,"semi-humid, warm",#ABDDA4,H,NA,NA
ARFR-CO932-314-JEFFERSON-12,white,6,22,42,NA,1192,0,0,NA,NA,0,NA,NA,0,NA,NA,0,NA,NA,0,NA,N,0,NA,NA,0,NA,NA,20231006,NA,NA,NA,NA,ARFR4-SOS-CO932-314-JEFFERSON-12,#FEE08B,-105.3553333,39.40902778,10 - 15 Deg. F. / 3 - 6,,10 - 15 Deg. F.,6-Mar,10 - 15 Deg. F. / 3 - 6,10 - 15 / semi-humid,CO.2,#66e566,"semi-humid, cool",#FEE08B,E,NA,NA
ARFR-CO932-314-JEFFERSON-12,white,6,22,43,NA,1193,1,0,NA,NA,0,NA,NA,0,NA,NA,0,NA,NA,0,NA,N,0,NA,NA,0,NA,NA,20231006,NA,NA,NA,NA,ARFR4-SOS-CO932-314-JEFFERSON-12,#FEE08B,-105.3553333,39.40902778,10 - 15 Deg. F. / 3 - 6,,10 - 15 Deg. F.,6-Mar,10 - 15 Deg. F. / 3 - 6,10 - 15 / semi-humid,CO.2,#66e566,"semi-humid, cool",#FEE08B,E,NA,Y
ARFR-WY040-71-10,white,6,22,44,NA,1194,1,1,1,NA,1,1,NA,1,1,NA,1,1,NA,1,1,N,1,1,NA,1,1,48,dry; height measured 20231006,NA,NA,NA,NA,ARFR4-SOS-WY040-71-10,#66C2A5,-109.2433156,41.13271889,5 - 10 Deg. F. / 3 - 6,,5 - 10 Deg. F.,6-Mar,5 - 10 Deg. F. / 3 - 6,5 - 10 / semi-humid,WY.1,#a5c2f1,"semi-humid, cold",#66C2A5,I,NA,NA
ARFR-AZ930-422-NAVAJO-18,white,6,22,45,270,1195,1,1,0,NA,1,1,NA,1,0,NA,1,0,NA,1,1,N,1,1,NA,1,1,58.5,20231006,NA,NA,NA,NA,ARFR4-SOS-AZ930-422-NAVAJO-18,#D53E4F,-110.431,36.56805,15 - 20 Deg. F. / 6 - 12,Lats corrected 20230127,15 - 20 Deg. F.,12-Jun,15 - 20 Deg. F. / 6 - 12,15 - 20 / semi-arid,AZ.2,#ee5c42,"semi-arid, warm",#D53E4F,B,NA,NA
ARFR-AZ930-423-NAVAJO-18,white,6,22,46,NA,1196,1,1,1,NA,1,1,NA,1,1,NA,1,1,NA,1,1,N,1,1,NA,1,1,52.4,20231006,NA,NA,NA,NA,ARFR4-SOS-AZ930-423-NAVAJO-18,#9E0142,-110.431,36.45877,15 - 20 Deg. F. / 6 - 12,SdZones downloaded 20230823,15 - 20 Deg. F.,12-Jun,15 - 20 Deg. F. / 6 - 12,15 - 20 / semi-arid,AZ.1,#ee5c42,"semi-arid, warm",#9E0142,A,NA,NA
ARFR-WY050-151-FREMONT-16,white,6,22,47,NA,1197,1,1,1,NA,1,1,NA,1,1,NA,1,1,NA,1,1,N,1,1,NA,1,1,55.1,20231006,NA,NA,NA,NA,ARFR4-SOS-WY050-151-FREMONT-16,#3288BD,-108.1704472,42.47886111,10 - 15 Deg. F. / 6 - 12,,10 - 15 Deg. F.,12-Jun,10 - 15 Deg. F. / 6 - 12,10 - 15 / semi-arid,WY.2,#cd8500,"semi-arid, cool",#3288BD,J,NA,NA
ARFR-UT080-109-UINTAH-12,white,6,22,48,NA,1198,1,1,1,NA,1,1,NA,1,0,NA,1,1,NA,1,1,N,1,1,NA,1,1,72.9,20231006,NA,NA,NA,NA,ARFR4-SOS-UT080-109-UINTAH-12,#aabe7f,-109.1426444,39.70802222,10 - 15 Deg. F. / 3 - 6,,10 - 15 Deg. F.,6-Mar,10 - 15 Deg. F. / 3 - 6,10 - 15 / semi-humid,UT.1,#66e566,"semi-humid, cool",#aabe7f,G,NA,NA
ARFR-CO932-316-JEFFERSON-12,white,6,22,49,NA,1199,1,1,0,NA,1,1,NA,1,0,NA,1,1,NA,1,1,N,1,1,NA,1,1,NA,same plant?,Y,Y,Y,NA,ARFR4-SOS-CO932-316-JEFFERSON-12,#FFFF85,-105.358,39.66325,15 - 20 Deg. F. / 3 - 6,,15 - 20 Deg. F.,6-Mar,15 - 20 Deg. F. / 3 - 6,15 - 20 / semi-humid,CO.3,#698b69,"semi-humid, warm",#FFFF85,F,NA,NA
ARFR-CO932-294-11,white,6,22,50,271,1200,1,1,0,NA,1,1,NA,1,1,NA,1,1,NA,1,1,N,1,1,NA,1,1,64.8,20231006,NA,NA,NA,NA,ARFR4-SOS-CO932-294-11,#ABDDA4,-105.2030833,39.78458333,15 - 20 Deg. F. / 3 - 6,,15 - 20 Deg. F.,6-Mar,15 - 20 Deg. F. / 3 - 6,15 - 20 / semi-humid,CO.4,#698b69,"semi-humid, warm",#ABDDA4,H,NA,NA
ARFR-WY930-44-LASANIMAS-13,white,6,22,51,NA,1201,1,1,1,NA,1,1,NA,1,1,NA,1,1,NA,1,1,N,1,1,NA,1,1,46.1,20231006,NA,NA,NA,NA,ARFR4-SOS-WY930-44-LASANIMAS-13,#FDAE61,-104.6423889,37.16547222,15 - 20 Deg. F. / 3 - 6,,15 - 20 Deg. F.,6-Mar,15 - 20 Deg. F. / 3 - 6,15 - 20 / semi-humid,CO.1,#698b69,"semi-humid, warm",#FDAE61,D,NA,NA
ARFR-WY050-151-FREMONT-16,white,6,22,52,NA,1202,1,1,1,NA,1,1,NA,1,0,NA,1,0,NA,1,1,N,1,1,NA,1,1,38.2,20231006,NA,NA,NA,NA,ARFR4-SOS-WY050-151-FREMONT-16,#3288BD,-108.1704472,42.47886111,10 - 15 Deg. F. / 6 - 12,,10 - 15 Deg. F.,12-Jun,10 - 15 Deg. F. / 6 - 12,10 - 15 / semi-arid,WY.2,#cd8500,"semi-arid, cool",#3288BD,J,NA,NA
ARFR-AZ930-423-NAVAJO-18,white,6,22,53,NA,1203,1,0,NA,NA,0,NA,NA,0,NA,NA,0,NA,NA,0,NA,N,0,NA,NA,0,NA,NA,NA,NA,NA,NA,NA,ARFR4-SOS-AZ930-423-NAVAJO-18,#9E0142,-110.431,36.45877,15 - 20 Deg. F. / 6 - 12,SdZones downloaded 20230823,15 - 20 Deg. F.,12-Jun,15 - 20 Deg. F. / 6 - 12,15 - 20 / semi-arid,AZ.1,#ee5c42,"semi-arid, warm",#9E0142,A,NA,NA
ARFR-NM930N-66-11,white,6,22,54,NA,1204,0,0,NA,NA,0,NA,NA,0,NA,NA,0,NA,NA,0,NA,N,0,NA,NA,0,NA,NA,NA,NA,NA,NA,NA,ARFR4-SOS-NM930N-66-11,#F46D43,-107.2045028,36.76818611,10 - 15 Deg. F. / 3 - 6,,10 - 15 Deg. F.,6-Mar,10 - 15 Deg. F. / 3 - 6,10 - 15 / semi-humid,NM.1,#66e566,"semi-humid, cool",#F46D43,C,NA,NA
ARFR-AZ930-423-NAVAJO-18,white,6,22,55,272,1205,1,1,0,NA,1,1,NA,1,1,NA,1,1,NA,1,1,N,1,1,NA,1,1,60.6,20231006,NA,NA,NA,NA,ARFR4-SOS-AZ930-423-NAVAJO-18,#9E0142,-110.431,36.45877,15 - 20 Deg. F. / 6 - 12,SdZones downloaded 20230823,15 - 20 Deg. F.,12-Jun,15 - 20 Deg. F. / 6 - 12,15 - 20 / semi-arid,AZ.1,#ee5c42,"semi-arid, warm",#9E0142,A,NA,NA
ARFR-AZ930-423-NAVAJO-18,white,6,23,1,273,1206,1,1,1,NA,1,1,NA,1,1,NA,1,1,NA,1,1,N,1,1,NA,1,1,67.8,20231006,NA,NA,NA,NA,ARFR4-SOS-AZ930-423-NAVAJO-18,#9E0142,-110.431,36.45877,15 - 20 Deg. F. / 6 - 12,SdZones downloaded 20230823,15 - 20 Deg. F.,12-Jun,15 - 20 Deg. F. / 6 - 12,15 - 20 / semi-arid,AZ.1,#ee5c42,"semi-arid, warm",#9E0142,A,NA,NA
ARFR-WY930-44-LASANIMAS-13,white,6,23,2,NA,1207,1,0,NA,NA,0,NA,NA,1,0,NA,1,1,NA,1,1,N,1,1,NA,0,NA,NA,NA,Y,Y,Y,Harvested,ARFR4-SOS-WY930-44-LASANIMAS-13,#FDAE61,-104.6423889,37.16547222,15 - 20 Deg. F. / 3 - 6,,15 - 20 Deg. F.,6-Mar,15 - 20 Deg. F. / 3 - 6,15 - 20 / semi-humid,CO.1,#698b69,"semi-humid, warm",#FDAE61,D,NA,Y
ARFR-WY050-49-FREMONT-12,white,6,23,3,NA,1208,1,1,1,NA,1,1,NA,1,1,NA,1,1,NA,1,1,N,1,1,NA,1,1,55.5,20231006,NA,NA,NA,NA,ARFR4-SOS-WY050-49-FREMONT-12,#5E4FA2,-109.34775,43.42663611,5 - 10 Deg. F. / 6 - 12,,5 - 10 Deg. F.,12-Jun,5 - 10 Deg. F. / 6 - 12,5 - 10 / semi-arid,WY.3,#ffb90f,"semi-arid, cold",#5E4FA2,K,NA,NA
ARFR-WY930-44-LASANIMAS-13,white,6,23,4,NA,1209,1,1,1,NA,1,1,NA,1,1,NA,1,1,NA,1,1,N,1,1,NA,1,1,64.5,20231006,NA,NA,NA,NA,ARFR4-SOS-WY930-44-LASANIMAS-13,#FDAE61,-104.6423889,37.16547222,15 - 20 Deg. F. / 3 - 6,,15 - 20 Deg. F.,6-Mar,15 - 20 Deg. F. / 3 - 6,15 - 20 / semi-humid,CO.1,#698b69,"semi-humid, warm",#FDAE61,D,NA,NA
ARFR-AZ930-423-NAVAJO-18,white,6,23,5,274,1210,1,1,1,NA,1,1,NA,1,1,NA,1,1,NA,1,1,N,1,1,NA,1,1,55.8,20231006,NA,NA,NA,NA,ARFR4-SOS-AZ930-423-NAVAJO-18,#9E0142,-110.431,36.45877,15 - 20 Deg. F. / 6 - 12,SdZones downloaded 20230823,15 - 20 Deg. F.,12-Jun,15 - 20 Deg. F. / 6 - 12,15 - 20 / semi-arid,AZ.1,#ee5c42,"semi-arid, warm",#9E0142,A,NA,NA
ARFR-WY930-44-LASANIMAS-13,white,6,23,6,NA,1211,1,1,1,NA,1,1,NA,1,0,NA,1,0,NA,1,1,N,1,1,NA,1,1,47.2,20231006,NA,NA,NA,NA,ARFR4-SOS-WY930-44-LASANIMAS-13,#FDAE61,-104.6423889,37.16547222,15 - 20 Deg. F. / 3 - 6,,15 - 20 Deg. F.,6-Mar,15 - 20 Deg. F. / 3 - 6,15 - 20 / semi-humid,CO.1,#698b69,"semi-humid, warm",#FDAE61,D,NA,NA
ARFR-NM930N-66-11,white,6,23,7,NA,1212,1,1,1,NA,1,1,NA,1,0,NA,1,0,NA,1,1,N,1,1,NA,1,1,76.6,20231006,NA,NA,NA,NA,ARFR4-SOS-NM930N-66-11,#F46D43,-107.2045028,36.76818611,10 - 15 Deg. F. / 3 - 6,,10 - 15 Deg. F.,6-Mar,10 - 15 Deg. F. / 3 - 6,10 - 15 / semi-humid,NM.1,#66e566,"semi-humid, cool",#F46D43,C,NA,NA
ARFR-CO932-294-11,white,6,23,8,NA,1213,1,1,1,NA,1,1,NA,1,0,NA,1,0,NA,1,1,N,1,1,NA,1,1,55,20231006,NA,NA,NA,NA,ARFR4-SOS-CO932-294-11,#ABDDA4,-105.2030833,39.78458333,15 - 20 Deg. F. / 3 - 6,,15 - 20 Deg. F.,6-Mar,15 - 20 Deg. F. / 3 - 6,15 - 20 / semi-humid,CO.4,#698b69,"semi-humid, warm",#ABDDA4,H,NA,NA
ARFR-WY040-71-10,white,6,23,9,NA,1214,1,1,1,NA,1,1,NA,1,1,NA,1,1,NA,1,1,N,1,1,NA,1,1,49,20231006,NA,NA,NA,NA,ARFR4-SOS-WY040-71-10,#66C2A5,-109.2433156,41.13271889,5 - 10 Deg. F. / 3 - 6,,5 - 10 Deg. F.,6-Mar,5 - 10 Deg. F. / 3 - 6,5 - 10 / semi-humid,WY.1,#a5c2f1,"semi-humid, cold",#66C2A5,I,NA,NA
ARFR-NM930N-66-11,white,6,23,10,275,1215,1,1,1,NA,1,1,NA,1,1,NA,1,1,NA,1,1,N,1,1,NA,1,1,70.3,20231006,NA,NA,NA,NA,ARFR4-SOS-NM930N-66-11,#F46D43,-107.2045028,36.76818611,10 - 15 Deg. F. / 3 - 6,,10 - 15 Deg. F.,6-Mar,10 - 15 Deg. F. / 3 - 6,10 - 15 / semi-humid,NM.1,#66e566,"semi-humid, cool",#F46D43,C,NA,NA
ARFR-WY040-71-10,white,6,23,11,NA,1216,1,1,1,NA,1,1,NA,1,1,NA,1,1,NA,1,1,N,1,1,NA,1,1,53,20231006,NA,NA,NA,NA,ARFR4-SOS-WY040-71-10,#66C2A5,-109.2433156,41.13271889,5 - 10 Deg. F. / 3 - 6,,5 - 10 Deg. F.,6-Mar,5 - 10 Deg. F. / 3 - 6,5 - 10 / semi-humid,WY.1,#a5c2f1,"semi-humid, cold",#66C2A5,I,NA,NA
ARFR-CO932-316-JEFFERSON-12,white,6,23,12,NA,1217,1,1,1,NA,1,1,NA,1,1,NA,1,1,NA,1,1,N,1,1,NA,1,1,59.6,20231006,NA,NA,NA,NA,ARFR4-SOS-CO932-316-JEFFERSON-12,#FFFF85,-105.358,39.66325,15 - 20 Deg. F. / 3 - 6,,15 - 20 Deg. F.,6-Mar,15 - 20 Deg. F. / 3 - 6,15 - 20 / semi-humid,CO.3,#698b69,"semi-humid, warm",#FFFF85,F,NA,Y
ARFR-UT080-109-UINTAH-12,white,6,23,13,NA,1218,1,1,0,NA,1,1,NA,1,0,NA,1,1,NA,1,1,N,1,1,NA,1,1,68.5,20231006,NA,NA,NA,NA,ARFR4-SOS-UT080-109-UINTAH-12,#aabe7f,-109.1426444,39.70802222,10 - 15 Deg. F. / 3 - 6,,10 - 15 Deg. F.,6-Mar,10 - 15 Deg. F. / 3 - 6,10 - 15 / semi-humid,UT.1,#66e566,"semi-humid, cool",#aabe7f,G,NA,NA
ARFR-CO932-314-JEFFERSON-12,white,6,23,14,NA,1219,1,0,NA,NA,1,1,NA,1,0,NA,1,1,remove phenology for this plant as seems inconsistent? ,1,1,N,1,1,NA,0,NA,NA,NA,Y,Y,Y,Harvested,ARFR4-SOS-CO932-314-JEFFERSON-12,#FEE08B,-105.3553333,39.40902778,10 - 15 Deg. F. / 3 - 6,,10 - 15 Deg. F.,6-Mar,10 - 15 Deg. F. / 3 - 6,10 - 15 / semi-humid,CO.2,#66e566,"semi-humid, cool",#FEE08B,E,NA,Y
ARFR-NM930N-66-11,white,6,23,15,276,1220,1,1,0,NA,1,1,NA,1,1,NA,1,1,NA,1,1,N,1,1,NA,1,1,77.4,20231006,NA,NA,NA,NA,ARFR4-SOS-NM930N-66-11,#F46D43,-107.2045028,36.76818611,10 - 15 Deg. F. / 3 - 6,,10 - 15 Deg. F.,6-Mar,10 - 15 Deg. F. / 3 - 6,10 - 15 / semi-humid,NM.1,#66e566,"semi-humid, cool",#F46D43,C,NA,NA
ARFR-NM930N-66-11,white,6,23,16,NA,1221,0,0,NA,NA,0,NA,NA,0,NA,NA,0,NA,NA,0,NA,N,0,NA,NA,0,NA,NA,NA,NA,NA,NA,NA,ARFR4-SOS-NM930N-66-11,#F46D43,-107.2045028,36.76818611,10 - 15 Deg. F. / 3 - 6,,10 - 15 Deg. F.,6-Mar,10 - 15 Deg. F. / 3 - 6,10 - 15 / semi-humid,NM.1,#66e566,"semi-humid, cool",#F46D43,C,NA,NA
ARFR-CO932-294-11,white,6,23,17,NA,1222,1,1,0,NA,1,1,NA,1,0,NA,1,0,NA,1,0,N,1,0,NA,1,1,75.2,20231006,Y,NA,NA,NA,ARFR4-SOS-CO932-294-11,#ABDDA4,-105.2030833,39.78458333,15 - 20 Deg. F. / 3 - 6,,15 - 20 Deg. F.,6-Mar,15 - 20 Deg. F. / 3 - 6,15 - 20 / semi-humid,CO.4,#698b69,"semi-humid, warm",#ABDDA4,H,NA,NA
ARFR-CO932-294-11,white,6,23,18,NA,1223,1,1,0,NA,1,1,NA,1,0,NA,1,0,NA,1,1,N,1,1,NA,1,1,44.5,20231006,NA,NA,NA,NA,ARFR4-SOS-CO932-294-11,#ABDDA4,-105.2030833,39.78458333,15 - 20 Deg. F. / 3 - 6,,15 - 20 Deg. F.,6-Mar,15 - 20 Deg. F. / 3 - 6,15 - 20 / semi-humid,CO.4,#698b69,"semi-humid, warm",#ABDDA4,H,NA,NA
ARFR-UT080-109-UINTAH-12,white,6,23,19,NA,1224,1,0,NA,NA,0,NA,NA,1,0,NA,1,0,NA,1,1,N,1,1,NA,0,NA,NA,recent death,Y,Y,NA,NA,ARFR4-SOS-UT080-109-UINTAH-12,#aabe7f,-109.1426444,39.70802222,10 - 15 Deg. F. / 3 - 6,,10 - 15 Deg. F.,6-Mar,10 - 15 Deg. F. / 3 - 6,10 - 15 / semi-humid,UT.1,#66e566,"semi-humid, cool",#aabe7f,G,NA,NA
ARFR-WY930-44-LASANIMAS-13,white,6,23,20,277,1225,1,1,0,NA,1,0,NA,1,0,NA,1,0,NA,1,1,N,1,1,NA,1,1,40.4,20231006,NA,NA,NA,NA,ARFR4-SOS-WY930-44-LASANIMAS-13,#FDAE61,-104.6423889,37.16547222,15 - 20 Deg. F. / 3 - 6,,15 - 20 Deg. F.,6-Mar,15 - 20 Deg. F. / 3 - 6,15 - 20 / semi-humid,CO.1,#698b69,"semi-humid, warm",#FDAE61,D,NA,NA
ARFR-NM930N-66-11,white,6,23,21,NA,1226,1,1,0,NA,1,1,NA,1,0,NA,1,0,NA,1,1,Y,1,1,NA,1,1,62.5,20231006,NA,NA,NA,NA,ARFR4-SOS-NM930N-66-11,#F46D43,-107.2045028,36.76818611,10 - 15 Deg. F. / 3 - 6,,10 - 15 Deg. F.,6-Mar,10 - 15 Deg. F. / 3 - 6,10 - 15 / semi-humid,NM.1,#66e566,"semi-humid, cool",#F46D43,C,NA,NA
ARFR-WY050-49-FREMONT-12,white,6,23,22,NA,1227,1,1,0,NA,1,1,NA,1,1,NA,1,1,NA,1,1,N,1,1,NA,1,1,48.2,20231006,NA,NA,NA,NA,ARFR4-SOS-WY050-49-FREMONT-12,#5E4FA2,-109.34775,43.42663611,5 - 10 Deg. F. / 6 - 12,,5 - 10 Deg. F.,12-Jun,5 - 10 Deg. F. / 6 - 12,5 - 10 / semi-arid,WY.3,#ffb90f,"semi-arid, cold",#5E4FA2,K,NA,NA
ARFR-WY930-44-LASANIMAS-13,white,6,23,23,NA,1228,1,1,0,NA,1,0,NA,1,0,NA,1,0,NA,1,1,N,1,1,NA,1,1,55.3,20231006,NA,NA,NA,NA,ARFR4-SOS-WY930-44-LASANIMAS-13,#FDAE61,-104.6423889,37.16547222,15 - 20 Deg. F. / 3 - 6,,15 - 20 Deg. F.,6-Mar,15 - 20 Deg. F. / 3 - 6,15 - 20 / semi-humid,CO.1,#698b69,"semi-humid, warm",#FDAE61,D,NA,NA
ARFR-CO932-294-11,white,6,23,24,NA,1229,1,1,0,NA,1,0,NA,1,0,NA,1,0,NA,1,0,N,1,0,NA,1,1,53.4,20231006,NA,NA,NA,NA,ARFR4-SOS-CO932-294-11,#ABDDA4,-105.2030833,39.78458333,15 - 20 Deg. F. / 3 - 6,,15 - 20 Deg. F.,6-Mar,15 - 20 Deg. F. / 3 - 6,15 - 20 / semi-humid,CO.4,#698b69,"semi-humid, warm",#ABDDA4,H,NA,NA
ARFR-WY050-151-FREMONT-16,white,6,23,25,278,1230,1,1,0,NA,1,0,NA,1,0,NA,1,0,NA,1,1,N,1,1,NA,1,1,48.2,20231006,NA,NA,NA,NA,ARFR4-SOS-WY050-151-FREMONT-16,#3288BD,-108.1704472,42.47886111,10 - 15 Deg. F. / 6 - 12,,10 - 15 Deg. F.,12-Jun,10 - 15 Deg. F. / 6 - 12,10 - 15 / semi-arid,WY.2,#cd8500,"semi-arid, cool",#3288BD,J,NA,NA
ARFR-WY050-151-FREMONT-16,white,6,23,26,NA,1231,1,1,0,NA,1,1,NA,1,0,NA,1,1,NA,1,1,N,1,1,NA,1,1,26,20231006,NA,NA,NA,NA,ARFR4-SOS-WY050-151-FREMONT-16,#3288BD,-108.1704472,42.47886111,10 - 15 Deg. F. / 6 - 12,,10 - 15 Deg. F.,12-Jun,10 - 15 Deg. F. / 6 - 12,10 - 15 / semi-arid,WY.2,#cd8500,"semi-arid, cool",#3288BD,J,NA,NA
ARFR-AZ930-422-NAVAJO-18,white,6,23,27,NA,1232,1,1,0,NA,1,1,NA,1,0,NA,1,1,NA,1,1,N,1,1,NA,1,1,63.6,20231006,NA,NA,NA,NA,ARFR4-SOS-AZ930-422-NAVAJO-18,#D53E4F,-110.431,36.56805,15 - 20 Deg. F. / 6 - 12,Lats corrected 20230127,15 - 20 Deg. F.,12-Jun,15 - 20 Deg. F. / 6 - 12,15 - 20 / semi-arid,AZ.2,#ee5c42,"semi-arid, warm",#D53E4F,B,NA,NA
ARFR-WY930-44-LASANIMAS-13,white,6,23,28,NA,1233,1,1,0,NA,1,0,NA,1,0,NA,1,0,NA,1,0,N,1,0,NA,1,1,45.5,20231006,NA,NA,NA,NA,ARFR4-SOS-WY930-44-LASANIMAS-13,#FDAE61,-104.6423889,37.16547222,15 - 20 Deg. F. / 3 - 6,,15 - 20 Deg. F.,6-Mar,15 - 20 Deg. F. / 3 - 6,15 - 20 / semi-humid,CO.1,#698b69,"semi-humid, warm",#FDAE61,D,NA,NA
ARFR-WY040-71-10,white,6,23,29,NA,1234,1,1,0,NA,1,1,NA,1,0,NA,1,1,NA,1,0,N,1,0,NA,1,1,43.5,20231006,Y,NA,NA,NA,ARFR4-SOS-WY040-71-10,#66C2A5,-109.2433156,41.13271889,5 - 10 Deg. F. / 3 - 6,,5 - 10 Deg. F.,6-Mar,5 - 10 Deg. F. / 3 - 6,5 - 10 / semi-humid,WY.1,#a5c2f1,"semi-humid, cold",#66C2A5,I,NA,NA
ARFR-CO932-294-11,white,6,23,30,279,1235,1,1,0,NA,1,0,NA,1,0,NA,1,0,NA,1,1,N,1,1,NA,1,1,49,20231006,NA,NA,NA,NA,ARFR4-SOS-CO932-294-11,#ABDDA4,-105.2030833,39.78458333,15 - 20 Deg. F. / 3 - 6,,15 - 20 Deg. F.,6-Mar,15 - 20 Deg. F. / 3 - 6,15 - 20 / semi-humid,CO.4,#698b69,"semi-humid, warm",#ABDDA4,H,NA,NA
ARFR-NM930N-66-11,white,6,23,31,NA,1236,1,1,0,NA,1,0,NA,1,1,NA,1,1,NA,1,1,N,1,1,NA,1,1,58.9,20231006,NA,NA,NA,NA,ARFR4-SOS-NM930N-66-11,#F46D43,-107.2045028,36.76818611,10 - 15 Deg. F. / 3 - 6,,10 - 15 Deg. F.,6-Mar,10 - 15 Deg. F. / 3 - 6,10 - 15 / semi-humid,NM.1,#66e566,"semi-humid, cool",#F46D43,C,NA,NA
ARFR-UT080-109-UINTAH-12,white,6,23,32,NA,1237,1,1,0,NA,1,0,NA,1,0,NA,1,0,NA,1,1,N,1,1,NA,1,1,68.1,20231006,NA,NA,NA,NA,ARFR4-SOS-UT080-109-UINTAH-12,#aabe7f,-109.1426444,39.70802222,10 - 15 Deg. F. / 3 - 6,,10 - 15 Deg. F.,6-Mar,10 - 15 Deg. F. / 3 - 6,10 - 15 / semi-humid,UT.1,#66e566,"semi-humid, cool",#aabe7f,G,NA,NA
ARFR-WY930-44-LASANIMAS-13,white,6,23,33,NA,1238,1,1,0,NA,1,0,NA,1,0,NA,1,1,NA,1,1,N,1,1,NA,1,1,38.4,20231006,NA,NA,NA,NA,ARFR4-SOS-WY930-44-LASANIMAS-13,#FDAE61,-104.6423889,37.16547222,15 - 20 Deg. F. / 3 - 6,,15 - 20 Deg. F.,6-Mar,15 - 20 Deg. F. / 3 - 6,15 - 20 / semi-humid,CO.1,#698b69,"semi-humid, warm",#FDAE61,D,NA,NA
ARFR-AZ930-422-NAVAJO-18,white,6,23,34,NA,1239,1,1,0,NA,1,0,NA,1,1,NA,1,1,NA,1,1,N,1,1,NA,1,1,52.5,20231006,NA,NA,NA,NA,ARFR4-SOS-AZ930-422-NAVAJO-18,#D53E4F,-110.431,36.56805,15 - 20 Deg. F. / 6 - 12,Lats corrected 20230127,15 - 20 Deg. F.,12-Jun,15 - 20 Deg. F. / 6 - 12,15 - 20 / semi-arid,AZ.2,#ee5c42,"semi-arid, warm",#D53E4F,B,NA,NA
ARFR-WY050-151-FREMONT-16,white,6,23,35,280,1240,1,1,0,NA,1,1,NA,1,0,NA,1,1,NA,1,1,N,1,1,NA,1,1,39.2,20231006,NA,NA,NA,NA,ARFR4-SOS-WY050-151-FREMONT-16,#3288BD,-108.1704472,42.47886111,10 - 15 Deg. F. / 6 - 12,,10 - 15 Deg. F.,12-Jun,10 - 15 Deg. F. / 6 - 12,10 - 15 / semi-arid,WY.2,#cd8500,"semi-arid, cool",#3288BD,J,NA,Y
ARFR-CO932-314-JEFFERSON-12,white,6,23,36,NA,1241,1,1,0,NA,1,0,NA,1,0,NA,1,0,NA,1,1,N,1,1,NA,1,1,41.4,20231006,NA,NA,NA,NA,ARFR4-SOS-CO932-314-JEFFERSON-12,#FEE08B,-105.3553333,39.40902778,10 - 15 Deg. F. / 3 - 6,,10 - 15 Deg. F.,6-Mar,10 - 15 Deg. F. / 3 - 6,10 - 15 / semi-humid,CO.2,#66e566,"semi-humid, cool",#FEE08B,E,NA,NA
ARFR-WY040-71-10,white,6,23,37,NA,1242,1,1,1,NA,1,1,NA,1,1,NA,1,1,NA,1,1,N,1,1,NA,1,1,25,20231006,NA,NA,NA,NA,ARFR4-SOS-WY040-71-10,#66C2A5,-109.2433156,41.13271889,5 - 10 Deg. F. / 3 - 6,,5 - 10 Deg. F.,6-Mar,5 - 10 Deg. F. / 3 - 6,5 - 10 / semi-humid,WY.1,#a5c2f1,"semi-humid, cold",#66C2A5,I,NA,NA
ARFR-CO932-314-JEFFERSON-12,white,6,23,38,NA,1243,1,1,0,NA,1,1,NA,1,0,NA,1,1,NA,1,1,N,1,1,NA,1,1,51.2,20231006,NA,NA,NA,NA,ARFR4-SOS-CO932-314-JEFFERSON-12,#FEE08B,-105.3553333,39.40902778,10 - 15 Deg. F. / 3 - 6,,10 - 15 Deg. F.,6-Mar,10 - 15 Deg. F. / 3 - 6,10 - 15 / semi-humid,CO.2,#66e566,"semi-humid, cool",#FEE08B,E,NA,NA
ARFR-WY050-49-FREMONT-12,white,6,23,39,NA,1244,1,1,0,NA,1,1,NA,1,0,NA,1,1,NA,1,1,N,1,1,NA,1,1,46.7,20231006,NA,NA,NA,NA,ARFR4-SOS-WY050-49-FREMONT-12,#5E4FA2,-109.34775,43.42663611,5 - 10 Deg. F. / 6 - 12,,5 - 10 Deg. F.,12-Jun,5 - 10 Deg. F. / 6 - 12,5 - 10 / semi-arid,WY.3,#ffb90f,"semi-arid, cold",#5E4FA2,K,NA,NA
ARFR-WY040-71-10,white,6,23,40,281,1245,1,1,0,NA,1,1,NA,1,1,NA,1,1,NA,1,1,N,1,1,NA,1,1,38.7,20231006,NA,NA,NA,NA,ARFR4-SOS-WY040-71-10,#66C2A5,-109.2433156,41.13271889,5 - 10 Deg. F. / 3 - 6,,5 - 10 Deg. F.,6-Mar,5 - 10 Deg. F. / 3 - 6,5 - 10 / semi-humid,WY.1,#a5c2f1,"semi-humid, cold",#66C2A5,I,NA,NA
ARFR-CO932-316-JEFFERSON-12,white,6,23,41,NA,1246,1,1,0,NA,1,1,NA,1,0,NA,1,1,NA,1,1,N,1,1,NA,1,1,48.6,20231006,NA,NA,NA,NA,ARFR4-SOS-CO932-316-JEFFERSON-12,#FFFF85,-105.358,39.66325,15 - 20 Deg. F. / 3 - 6,,15 - 20 Deg. F.,6-Mar,15 - 20 Deg. F. / 3 - 6,15 - 20 / semi-humid,CO.3,#698b69,"semi-humid, warm",#FFFF85,F,NA,NA
ARFR-WY050-49-FREMONT-12,white,6,23,42,NA,1247,1,1,0,NA,1,1,NA,1,0,NA,1,1,NA,1,1,N,1,1,NA,1,1,57.2,20231006,NA,NA,NA,NA,ARFR4-SOS-WY050-49-FREMONT-12,#5E4FA2,-109.34775,43.42663611,5 - 10 Deg. F. / 6 - 12,,5 - 10 Deg. F.,12-Jun,5 - 10 Deg. F. / 6 - 12,5 - 10 / semi-arid,WY.3,#ffb90f,"semi-arid, cold",#5E4FA2,K,NA,NA
ARFR-NM930N-66-11,white,6,23,43,NA,1248,1,1,0,NA,1,1,NA,1,0,NA,1,1,NA,1,1,N,1,1,NA,1,1,60.8,20231006,NA,NA,NA,NA,ARFR4-SOS-NM930N-66-11,#F46D43,-107.2045028,36.76818611,10 - 15 Deg. F. / 3 - 6,,10 - 15 Deg. F.,6-Mar,10 - 15 Deg. F. / 3 - 6,10 - 15 / semi-humid,NM.1,#66e566,"semi-humid, cool",#F46D43,C,NA,NA
ARFR-UT080-109-UINTAH-12,white,6,23,44,NA,1249,1,1,0,NA,1,1,NA,1,0,NA,1,1,NA,1,1,N,1,1,NA,1,1,58.5,20231006,NA,NA,NA,NA,ARFR4-SOS-UT080-109-UINTAH-12,#aabe7f,-109.1426444,39.70802222,10 - 15 Deg. F. / 3 - 6,,10 - 15 Deg. F.,6-Mar,10 - 15 Deg. F. / 3 - 6,10 - 15 / semi-humid,UT.1,#66e566,"semi-humid, cool",#aabe7f,G,NA,NA
ARFR-CO932-314-JEFFERSON-12,white,6,23,45,282,1250,1,1,0,NA,1,1,NA,1,1,NA,1,1,NA,1,1,N,1,1,NA,1,1,48.6,20231006,NA,NA,NA,NA,ARFR4-SOS-CO932-314-JEFFERSON-12,#FEE08B,-105.3553333,39.40902778,10 - 15 Deg. F. / 3 - 6,,10 - 15 Deg. F.,6-Mar,10 - 15 Deg. F. / 3 - 6,10 - 15 / semi-humid,CO.2,#66e566,"semi-humid, cool",#FEE08B,E,NA,NA
ARFR-CO932-316-JEFFERSON-12,white,6,23,46,NA,1251,1,1,0,NA,1,1,NA,1,1,NA,1,1,NA,1,1,N,1,1,NA,1,1,54.2,20231006,NA,NA,NA,NA,ARFR4-SOS-CO932-316-JEFFERSON-12,#FFFF85,-105.358,39.66325,15 - 20 Deg. F. / 3 - 6,,15 - 20 Deg. F.,6-Mar,15 - 20 Deg. F. / 3 - 6,15 - 20 / semi-humid,CO.3,#698b69,"semi-humid, warm",#FFFF85,F,NA,NA
ARFR-AZ930-423-NAVAJO-18,white,6,23,47,NA,1252,1,1,0,NA,1,1,NA,1,1,NA,1,0,NA,1,1,N,1,1,NA,1,1,53.5,20231006,NA,NA,NA,NA,ARFR4-SOS-AZ930-423-NAVAJO-18,#9E0142,-110.431,36.45877,15 - 20 Deg. F. / 6 - 12,SdZones downloaded 20230823,15 - 20 Deg. F.,12-Jun,15 - 20 Deg. F. / 6 - 12,15 - 20 / semi-arid,AZ.1,#ee5c42,"semi-arid, warm",#9E0142,A,NA,NA
ARFR-WY050-49-FREMONT-12,white,6,23,48,NA,1253,1,1,0,NA,1,1,NA,1,1,NA,1,1,NA,1,1,N,1,1,NA,1,1,55.5,20231006,NA,NA,NA,NA,ARFR4-SOS-WY050-49-FREMONT-12,#5E4FA2,-109.34775,43.42663611,5 - 10 Deg. F. / 6 - 12,,5 - 10 Deg. F.,12-Jun,5 - 10 Deg. F. / 6 - 12,5 - 10 / semi-arid,WY.3,#ffb90f,"semi-arid, cold",#5E4FA2,K,NA,NA
ARFR-WY050-49-FREMONT-12,white,6,23,49,NA,1254,1,1,0,NA,1,1,NA,1,0,NA,1,0,NA,1,1,N,1,1,NA,1,1,49,small ros; height measured 20231006,NA,NA,NA,NA,ARFR4-SOS-WY050-49-FREMONT-12,#5E4FA2,-109.34775,43.42663611,5 - 10 Deg. F. / 6 - 12,,5 - 10 Deg. F.,12-Jun,5 - 10 Deg. F. / 6 - 12,5 - 10 / semi-arid,WY.3,#ffb90f,"semi-arid, cold",#5E4FA2,K,NA,NA
ARFR-CO932-294-11,white,6,23,50,283,1255,1,1,0,NA,1,0,NA,1,0,NA,1,0,NA,1,0,N,1,0,NA,1,1,63.1,20231006,NA,NA,NA,NA,ARFR4-SOS-CO932-294-11,#ABDDA4,-105.2030833,39.78458333,15 - 20 Deg. F. / 3 - 6,,15 - 20 Deg. F.,6-Mar,15 - 20 Deg. F. / 3 - 6,15 - 20 / semi-humid,CO.4,#698b69,"semi-humid, warm",#ABDDA4,H,NA,NA
ARFR-WY930-44-LASANIMAS-13,white,6,23,51,NA,1256,1,1,0,NA,1,1,NA,1,0,NA,1,0,NA,1,1,N,1,1,NA,1,1,57.5,20231006,NA,NA,NA,NA,ARFR4-SOS-WY930-44-LASANIMAS-13,#FDAE61,-104.6423889,37.16547222,15 - 20 Deg. F. / 3 - 6,,15 - 20 Deg. F.,6-Mar,15 - 20 Deg. F. / 3 - 6,15 - 20 / semi-humid,CO.1,#698b69,"semi-humid, warm",#FDAE61,D,NA,NA
ARFR-AZ930-423-NAVAJO-18,white,6,23,52,NA,1257,1,1,1,NA,1,1,NA,1,1,NA,1,1,NA,1,1,N,1,1,NA,1,1,65,20231006,NA,NA,NA,NA,ARFR4-SOS-AZ930-423-NAVAJO-18,#9E0142,-110.431,36.45877,15 - 20 Deg. F. / 6 - 12,SdZones downloaded 20230823,15 - 20 Deg. F.,12-Jun,15 - 20 Deg. F. / 6 - 12,15 - 20 / semi-arid,AZ.1,#ee5c42,"semi-arid, warm",#9E0142,A,NA,NA
ARFR-CO932-294-11,white,6,23,53,NA,1258,1,1,0,NA,1,1,NA,1,0,NA,1,0,NA,1,1,N,1,1,NA,1,1,67.2,20231006,NA,NA,NA,NA,ARFR4-SOS-CO932-294-11,#ABDDA4,-105.2030833,39.78458333,15 - 20 Deg. F. / 3 - 6,,15 - 20 Deg. F.,6-Mar,15 - 20 Deg. F. / 3 - 6,15 - 20 / semi-humid,CO.4,#698b69,"semi-humid, warm",#ABDDA4,H,NA,NA
ARFR-AZ930-422-NAVAJO-18,white,6,23,54,NA,1259,1,1,0,NA,1,1,NA,1,0,NA,1,0,NA,1,0,N,1,0,NA,1,1,46,20231006,Y,NA,NA,NA,ARFR4-SOS-AZ930-422-NAVAJO-18,#D53E4F,-110.431,36.56805,15 - 20 Deg. F. / 6 - 12,Lats corrected 20230127,15 - 20 Deg. F.,12-Jun,15 - 20 Deg. F. / 6 - 12,15 - 20 / semi-arid,AZ.2,#ee5c42,"semi-arid, warm",#D53E4F,B,NA,NA
ARFR-WY040-71-10,white,6,23,55,284,1260,1,1,0,NA,1,1,NA,1,1,NA,1,1,NA,1,1,N,1,1,dying,1,1,34.2,20231006,NA,NA,NA,NA,ARFR4-SOS-WY040-71-10,#66C2A5,-109.2433156,41.13271889,5 - 10 Deg. F. / 3 - 6,,5 - 10 Deg. F.,6-Mar,5 - 10 Deg. F. / 3 - 6,5 - 10 / semi-humid,WY.1,#a5c2f1,"semi-humid, cold",#66C2A5,I,NA,NA
ARFR-WY050-151-FREMONT-16,white,6,24,1,273,1261,1,1,1,NA,1,1,NA,1,0,NA,1,1,NA,1,1,N,1,1,NA,1,1,44.2,20231006,NA,NA,NA,NA,ARFR4-SOS-WY050-151-FREMONT-16,#3288BD,-108.1704472,42.47886111,10 - 15 Deg. F. / 6 - 12,,10 - 15 Deg. F.,12-Jun,10 - 15 Deg. F. / 6 - 12,10 - 15 / semi-arid,WY.2,#cd8500,"semi-arid, cool",#3288BD,J,NA,NA
ARFR-WY040-71-10,white,6,24,2,NA,1262,1,0,NA,NA,0,NA,NA,0,NA,NA,0,NA,NA,0,NA,N,0,NA,NA,0,NA,NA,NA,NA,NA,NA,NA,ARFR4-SOS-WY040-71-10,#66C2A5,-109.2433156,41.13271889,5 - 10 Deg. F. / 3 - 6,,5 - 10 Deg. F.,6-Mar,5 - 10 Deg. F. / 3 - 6,5 - 10 / semi-humid,WY.1,#a5c2f1,"semi-humid, cold",#66C2A5,I,NA,Y
ARFR-WY930-44-LASANIMAS-13,white,6,24,3,NA,1263,1,1,0,NA,1,1,NA,1,0,NA,1,0,NA,1,1,N,1,1,NA,1,1,55,20231006,NA,NA,NA,NA,ARFR4-SOS-WY930-44-LASANIMAS-13,#FDAE61,-104.6423889,37.16547222,15 - 20 Deg. F. / 3 - 6,,15 - 20 Deg. F.,6-Mar,15 - 20 Deg. F. / 3 - 6,15 - 20 / semi-humid,CO.1,#698b69,"semi-humid, warm",#FDAE61,D,NA,NA
ARFR-AZ930-422-NAVAJO-18,white,6,24,4,NA,1264,1,1,0,NA,1,1,NA,1,0,NA,1,1,NA,1,1,N,1,1,NA,1,1,68.4,20231006,NA,NA,NA,NA,ARFR4-SOS-AZ930-422-NAVAJO-18,#D53E4F,-110.431,36.56805,15 - 20 Deg. F. / 6 - 12,Lats corrected 20230127,15 - 20 Deg. F.,12-Jun,15 - 20 Deg. F. / 6 - 12,15 - 20 / semi-arid,AZ.2,#ee5c42,"semi-arid, warm",#D53E4F,B,NA,NA
ARFR-UT080-109-UINTAH-12,white,6,24,5,274,1265,0,0,NA,NA,0,NA,NA,0,NA,NA,0,NA,NA,0,NA,N,0,NA,NA,0,NA,NA,NA,NA,NA,NA,NA,ARFR4-SOS-UT080-109-UINTAH-12,#aabe7f,-109.1426444,39.70802222,10 - 15 Deg. F. / 3 - 6,,10 - 15 Deg. F.,6-Mar,10 - 15 Deg. F. / 3 - 6,10 - 15 / semi-humid,UT.1,#66e566,"semi-humid, cool",#aabe7f,G,NA,NA
ARFR-AZ930-422-NAVAJO-18,white,6,24,6,NA,1266,1,1,0,NA,1,1,NA,1,1,NA,1,1,NA,1,1,N,1,1,NA,1,1,63.7,20231006,NA,NA,NA,NA,ARFR4-SOS-AZ930-422-NAVAJO-18,#D53E4F,-110.431,36.56805,15 - 20 Deg. F. / 6 - 12,Lats corrected 20230127,15 - 20 Deg. F.,12-Jun,15 - 20 Deg. F. / 6 - 12,15 - 20 / semi-arid,AZ.2,#ee5c42,"semi-arid, warm",#D53E4F,B,NA,NA
ARFR-UT080-109-UINTAH-12,white,6,24,7,NA,1267,1,1,0,NA,1,1,NA,1,1,NA,1,1,NA,1,1,N,1,1,NA,1,1,54.8,20231006,NA,NA,NA,NA,ARFR4-SOS-UT080-109-UINTAH-12,#aabe7f,-109.1426444,39.70802222,10 - 15 Deg. F. / 3 - 6,,10 - 15 Deg. F.,6-Mar,10 - 15 Deg. F. / 3 - 6,10 - 15 / semi-humid,UT.1,#66e566,"semi-humid, cool",#aabe7f,G,NA,NA
ARFR-AZ930-422-NAVAJO-18,white,6,24,8,NA,1268,1,1,0,NA,1,1,NA,1,1,NA,1,1,NA,1,1,N,1,1,NA,1,1,80.2,20231006,NA,NA,NA,NA,ARFR4-SOS-AZ930-422-NAVAJO-18,#D53E4F,-110.431,36.56805,15 - 20 Deg. F. / 6 - 12,Lats corrected 20230127,15 - 20 Deg. F.,12-Jun,15 - 20 Deg. F. / 6 - 12,15 - 20 / semi-arid,AZ.2,#ee5c42,"semi-arid, warm",#D53E4F,B,NA,NA
ARFR-CO932-316-JEFFERSON-12,white,6,24,9,NA,1269,1,0,NA,NA,1,1,NA,1,1,NA,0,0,NA,1,1,N,1,1,NA,0,NA,NA,NA,Y,Y,Y,Harvested,ARFR4-SOS-CO932-316-JEFFERSON-12,#FFFF85,-105.358,39.66325,15 - 20 Deg. F. / 3 - 6,,15 - 20 Deg. F.,6-Mar,15 - 20 Deg. F. / 3 - 6,15 - 20 / semi-humid,CO.3,#698b69,"semi-humid, warm",#FFFF85,F,NA,Y
ARFR-CO932-314-JEFFERSON-12,white,6,24,10,275,1270,1,1,0,NA,1,1,NA,1,1,NA,1,1,NA,1,1,N,1,1,NA,1,1,49.5,20231006,NA,NA,NA,NA,ARFR4-SOS-CO932-314-JEFFERSON-12,#FEE08B,-105.3553333,39.40902778,10 - 15 Deg. F. / 3 - 6,,10 - 15 Deg. F.,6-Mar,10 - 15 Deg. F. / 3 - 6,10 - 15 / semi-humid,CO.2,#66e566,"semi-humid, cool",#FEE08B,E,NA,NA
ARFR-WY050-49-FREMONT-12,white,6,24,11,NA,1271,1,1,0,NA,1,1,NA,1,1,NA,1,1,NA,1,1,N,1,1,NA,1,1,41.3,20231006,NA,NA,NA,NA,ARFR4-SOS-WY050-49-FREMONT-12,#5E4FA2,-109.34775,43.42663611,5 - 10 Deg. F. / 6 - 12,,5 - 10 Deg. F.,12-Jun,5 - 10 Deg. F. / 6 - 12,5 - 10 / semi-arid,WY.3,#ffb90f,"semi-arid, cold",#5E4FA2,K,NA,NA
ARFR-CO932-316-JEFFERSON-12,white,6,24,12,NA,1272,1,1,0,NA,1,1,NA,1,1,NA,1,1,NA,1,1,N,1,1,NA,1,1,62.7,20231006,NA,NA,NA,NA,ARFR4-SOS-CO932-316-JEFFERSON-12,#FFFF85,-105.358,39.66325,15 - 20 Deg. F. / 3 - 6,,15 - 20 Deg. F.,6-Mar,15 - 20 Deg. F. / 3 - 6,15 - 20 / semi-humid,CO.3,#698b69,"semi-humid, warm",#FFFF85,F,NA,Y
ARFR-CO932-316-JEFFERSON-12,white,6,24,13,NA,1273,1,1,0,NA,1,0,NA,1,1,NA,1,1,NA,1,1,N,1,1,NA,1,1,62.3,20231006,NA,NA,NA,NA,ARFR4-SOS-CO932-316-JEFFERSON-12,#FFFF85,-105.358,39.66325,15 - 20 Deg. F. / 3 - 6,,15 - 20 Deg. F.,6-Mar,15 - 20 Deg. F. / 3 - 6,15 - 20 / semi-humid,CO.3,#698b69,"semi-humid, warm",#FFFF85,F,NA,NA
ARFR-WY930-44-LASANIMAS-13,white,6,24,14,NA,1274,1,0,NA,NA,0,NA,NA,0,NA,NA,0,NA,NA,0,NA,N,0,NA,NA,0,NA,NA,NA,NA,NA,NA,NA,ARFR4-SOS-WY930-44-LASANIMAS-13,#FDAE61,-104.6423889,37.16547222,15 - 20 Deg. F. / 3 - 6,,15 - 20 Deg. F.,6-Mar,15 - 20 Deg. F. / 3 - 6,15 - 20 / semi-humid,CO.1,#698b69,"semi-humid, warm",#FDAE61,D,NA,NA
ARFR-CO932-314-JEFFERSON-12,white,6,24,15,276,1275,1,1,0,NA,1,1,NA,1,1,NA,1,1,NA,1,1,N,1,1,NA,1,1,49.9,20231006,NA,NA,NA,NA,ARFR4-SOS-CO932-314-JEFFERSON-12,#FEE08B,-105.3553333,39.40902778,10 - 15 Deg. F. / 3 - 6,,10 - 15 Deg. F.,6-Mar,10 - 15 Deg. F. / 3 - 6,10 - 15 / semi-humid,CO.2,#66e566,"semi-humid, cool",#FEE08B,E,NA,NA
ARFR-NM930N-66-11,white,6,24,16,NA,1276,1,1,0,NA,1,0,NA,1,0,NA,1,0,NA,1,1,N,1,1,NA,1,1,51.3,20231006,NA,NA,NA,NA,ARFR4-SOS-NM930N-66-11,#F46D43,-107.2045028,36.76818611,10 - 15 Deg. F. / 3 - 6,,10 - 15 Deg. F.,6-Mar,10 - 15 Deg. F. / 3 - 6,10 - 15 / semi-humid,NM.1,#66e566,"semi-humid, cool",#F46D43,C,NA,NA
ARFR-UT080-109-UINTAH-12,white,6,24,17,NA,1277,1,1,0,NA,1,1,NA,1,0,NA,1,1,NA,1,1,N,1,1,NA,1,1,56.7,20231006,NA,NA,NA,NA,ARFR4-SOS-UT080-109-UINTAH-12,#aabe7f,-109.1426444,39.70802222,10 - 15 Deg. F. / 3 - 6,,10 - 15 Deg. F.,6-Mar,10 - 15 Deg. F. / 3 - 6,10 - 15 / semi-humid,UT.1,#66e566,"semi-humid, cool",#aabe7f,G,NA,NA
ARFR-WY930-44-LASANIMAS-13,white,6,24,18,NA,1278,1,1,0,NA,1,0,NA,1,0,NA,1,0,NA,1,1,N,1,1,NA,1,NA,11.2,20231006,NA,NA,NA,NA,ARFR4-SOS-WY930-44-LASANIMAS-13,#FDAE61,-104.6423889,37.16547222,15 - 20 Deg. F. / 3 - 6,,15 - 20 Deg. F.,6-Mar,15 - 20 Deg. F. / 3 - 6,15 - 20 / semi-humid,CO.1,#698b69,"semi-humid, warm",#FDAE61,D,NA,NA
ARFR-CO932-294-11,white,6,24,19,NA,1279,1,1,0,NA,1,0,NA,1,0,NA,1,0,NA,1,0,N,1,0,NA,1,1,53.5,20231006,NA,NA,NA,NA,ARFR4-SOS-CO932-294-11,#ABDDA4,-105.2030833,39.78458333,15 - 20 Deg. F. / 3 - 6,,15 - 20 Deg. F.,6-Mar,15 - 20 Deg. F. / 3 - 6,15 - 20 / semi-humid,CO.4,#698b69,"semi-humid, warm",#ABDDA4,H,NA,NA
ARFR-CO932-314-JEFFERSON-12,white,6,24,20,277,1280,1,1,0,NA,1,1,NA,1,0,NA,1,1,NA,1,1,N,1,1,NA,1,1,52.9,20231006,NA,NA,NA,NA,ARFR4-SOS-CO932-314-JEFFERSON-12,#FEE08B,-105.3553333,39.40902778,10 - 15 Deg. F. / 3 - 6,,10 - 15 Deg. F.,6-Mar,10 - 15 Deg. F. / 3 - 6,10 - 15 / semi-humid,CO.2,#66e566,"semi-humid, cool",#FEE08B,E,NA,NA
ARFR-WY050-49-FREMONT-12,white,6,24,21,NA,1281,1,1,0,NA,1,0,NA,1,1,NA,1,1,NA,1,1,N,1,1,NA,1,1,48.4,20231006,NA,NA,NA,NA,ARFR4-SOS-WY050-49-FREMONT-12,#5E4FA2,-109.34775,43.42663611,5 - 10 Deg. F. / 6 - 12,,5 - 10 Deg. F.,12-Jun,5 - 10 Deg. F. / 6 - 12,5 - 10 / semi-arid,WY.3,#ffb90f,"semi-arid, cold",#5E4FA2,K,NA,NA
ARFR-UT080-109-UINTAH-12,white,6,24,22,NA,1282,1,1,0,NA,1,0,NA,1,0,NA,1,0,NA,1,1,N,1,1,NA,1,1,53.1,20231006,NA,NA,NA,NA,ARFR4-SOS-UT080-109-UINTAH-12,#aabe7f,-109.1426444,39.70802222,10 - 15 Deg. F. / 3 - 6,,10 - 15 Deg. F.,6-Mar,10 - 15 Deg. F. / 3 - 6,10 - 15 / semi-humid,UT.1,#66e566,"semi-humid, cool",#aabe7f,G,NA,NA
ARFR-AZ930-422-NAVAJO-18,white,6,24,23,NA,1283,1,1,0,NA,1,0,NA,1,0,NA,1,0,NA,1,1,N,1,1,NA,1,1,69.3,20231006,NA,NA,NA,NA,ARFR4-SOS-AZ930-422-NAVAJO-18,#D53E4F,-110.431,36.56805,15 - 20 Deg. F. / 6 - 12,Lats corrected 20230127,15 - 20 Deg. F.,12-Jun,15 - 20 Deg. F. / 6 - 12,15 - 20 / semi-arid,AZ.2,#ee5c42,"semi-arid, warm",#D53E4F,B,NA,NA
ARFR-WY930-44-LASANIMAS-13,white,6,24,24,NA,1284,1,1,0,NA,1,0,NA,1,0,NA,1,0,NA,1,1,N,1,1,NA,1,1,43.5,20231006,NA,NA,NA,NA,ARFR4-SOS-WY930-44-LASANIMAS-13,#FDAE61,-104.6423889,37.16547222,15 - 20 Deg. F. / 3 - 6,,15 - 20 Deg. F.,6-Mar,15 - 20 Deg. F. / 3 - 6,15 - 20 / semi-humid,CO.1,#698b69,"semi-humid, warm",#FDAE61,D,NA,NA
ARFR-AZ930-422-NAVAJO-18,white,6,24,25,278,1285,1,1,0,NA,1,0,NA,1,0,NA,1,0,NA,1,1,N,1,1,NA,1,1,38.4,20231006,NA,NA,NA,NA,ARFR4-SOS-AZ930-422-NAVAJO-18,#D53E4F,-110.431,36.56805,15 - 20 Deg. F. / 6 - 12,Lats corrected 20230127,15 - 20 Deg. F.,12-Jun,15 - 20 Deg. F. / 6 - 12,15 - 20 / semi-arid,AZ.2,#ee5c42,"semi-arid, warm",#D53E4F,B,NA,NA
ARFR-CO932-316-JEFFERSON-12,white,6,24,26,NA,1286,1,1,0,NA,1,0,NA,1,1,NA,1,1,NA,1,1,N,1,1,NA,1,1,51.2,20231006,NA,NA,NA,NA,ARFR4-SOS-CO932-316-JEFFERSON-12,#FFFF85,-105.358,39.66325,15 - 20 Deg. F. / 3 - 6,,15 - 20 Deg. F.,6-Mar,15 - 20 Deg. F. / 3 - 6,15 - 20 / semi-humid,CO.3,#698b69,"semi-humid, warm",#FFFF85,F,NA,NA
ARFR-CO932-316-JEFFERSON-12,white,6,24,27,NA,1287,1,1,0,NA,1,0,NA,1,0,NA,1,1,NA,1,1,N,1,1,NA,1,1,47.1,20231006,NA,NA,NA,NA,ARFR4-SOS-CO932-316-JEFFERSON-12,#FFFF85,-105.358,39.66325,15 - 20 Deg. F. / 3 - 6,,15 - 20 Deg. F.,6-Mar,15 - 20 Deg. F. / 3 - 6,15 - 20 / semi-humid,CO.3,#698b69,"semi-humid, warm",#FFFF85,F,NA,NA
ARFR-AZ930-422-NAVAJO-18,white,6,24,28,NA,1288,1,1,0,NA,1,0,NA,1,0,NA,1,0,NA,1,1,N,1,1,NA,1,1,61.2,20231006,NA,NA,NA,NA,ARFR4-SOS-AZ930-422-NAVAJO-18,#D53E4F,-110.431,36.56805,15 - 20 Deg. F. / 6 - 12,Lats corrected 20230127,15 - 20 Deg. F.,12-Jun,15 - 20 Deg. F. / 6 - 12,15 - 20 / semi-arid,AZ.2,#ee5c42,"semi-arid, warm",#D53E4F,B,NA,NA
ARFR-AZ930-423-NAVAJO-18,white,6,24,29,NA,1289,1,1,0,NA,1,1,NA,1,1,NA,1,1,NA,1,1,N,1,1,NA,1,1,51.4,20231006,NA,NA,NA,NA,ARFR4-SOS-AZ930-423-NAVAJO-18,#9E0142,-110.431,36.45877,15 - 20 Deg. F. / 6 - 12,SdZones downloaded 20230823,15 - 20 Deg. F.,12-Jun,15 - 20 Deg. F. / 6 - 12,15 - 20 / semi-arid,AZ.1,#ee5c42,"semi-arid, warm",#9E0142,A,NA,NA
ARFR-WY050-151-FREMONT-16,white,6,24,30,279,1290,1,1,0,NA,1,1,NA,1,1,NA,1,1,NA,1,1,Y,1,1,NA,1,1,35.9,20231006,NA,NA,NA,NA,ARFR4-SOS-WY050-151-FREMONT-16,#3288BD,-108.1704472,42.47886111,10 - 15 Deg. F. / 6 - 12,,10 - 15 Deg. F.,12-Jun,10 - 15 Deg. F. / 6 - 12,10 - 15 / semi-arid,WY.2,#cd8500,"semi-arid, cool",#3288BD,J,NA,NA
ARFR-WY050-49-FREMONT-12,white,6,24,31,NA,1291,1,1,0,NA,1,1,NA,1,0,NA,1,0,NA,1,1,N,1,1,NA,1,1,39.8,20231006,NA,NA,NA,NA,ARFR4-SOS-WY050-49-FREMONT-12,#5E4FA2,-109.34775,43.42663611,5 - 10 Deg. F. / 6 - 12,,5 - 10 Deg. F.,12-Jun,5 - 10 Deg. F. / 6 - 12,5 - 10 / semi-arid,WY.3,#ffb90f,"semi-arid, cold",#5E4FA2,K,NA,NA
ARFR-WY050-151-FREMONT-16,white,6,24,32,NA,1292,1,1,1,NA,1,1,NA,1,1,NA,1,1,NA,1,1,N,1,1,NA,1,1,45.9,20231006,NA,NA,NA,NA,ARFR4-SOS-WY050-151-FREMONT-16,#3288BD,-108.1704472,42.47886111,10 - 15 Deg. F. / 6 - 12,,10 - 15 Deg. F.,12-Jun,10 - 15 Deg. F. / 6 - 12,10 - 15 / semi-arid,WY.2,#cd8500,"semi-arid, cool",#3288BD,J,NA,NA
ARFR-AZ930-422-NAVAJO-18,white,6,24,33,NA,1293,1,1,0,NA,1,1,NA,1,1,NA,1,1,NA,1,1,N,1,1,NA,1,1,56.7,20231006,NA,NA,NA,NA,ARFR4-SOS-AZ930-422-NAVAJO-18,#D53E4F,-110.431,36.56805,15 - 20 Deg. F. / 6 - 12,Lats corrected 20230127,15 - 20 Deg. F.,12-Jun,15 - 20 Deg. F. / 6 - 12,15 - 20 / semi-arid,AZ.2,#ee5c42,"semi-arid, warm",#D53E4F,B,NA,NA
ARFR-WY040-71-10,white,6,24,34,NA,1294,1,1,0,NA,1,1,NA,1,1,NA,1,1,NA,1,1,N,1,1,NA,1,1,58.5,dry; height measured 20231006,NA,NA,NA,NA,ARFR4-SOS-WY040-71-10,#66C2A5,-109.2433156,41.13271889,5 - 10 Deg. F. / 3 - 6,,5 - 10 Deg. F.,6-Mar,5 - 10 Deg. F. / 3 - 6,5 - 10 / semi-humid,WY.1,#a5c2f1,"semi-humid, cold",#66C2A5,I,NA,NA
ARFR-WY050-151-FREMONT-16,white,6,24,35,280,1295,1,1,0,NA,1,0,NA,1,1,NA,1,1,NA,1,1,N,1,1,NA,1,1,38.6,20231006,NA,NA,NA,NA,ARFR4-SOS-WY050-151-FREMONT-16,#3288BD,-108.1704472,42.47886111,10 - 15 Deg. F. / 6 - 12,,10 - 15 Deg. F.,12-Jun,10 - 15 Deg. F. / 6 - 12,10 - 15 / semi-arid,WY.2,#cd8500,"semi-arid, cool",#3288BD,J,NA,Y
ARFR-WY040-71-10,white,6,24,36,NA,1296,1,1,1,NA,1,1,NA,1,1,NA,1,1,NA,1,1,N,1,1,NA,1,1,49.7,20231006,NA,NA,NA,NA,ARFR4-SOS-WY040-71-10,#66C2A5,-109.2433156,41.13271889,5 - 10 Deg. F. / 3 - 6,,5 - 10 Deg. F.,6-Mar,5 - 10 Deg. F. / 3 - 6,5 - 10 / semi-humid,WY.1,#a5c2f1,"semi-humid, cold",#66C2A5,I,NA,NA
ARFR-CO932-314-JEFFERSON-12,white,6,24,37,NA,1297,1,1,1,NA,1,1,NA,1,1,NA,1,1,NA,1,1,N,1,1,NA,1,1,52.1,20231006,NA,NA,NA,NA,ARFR4-SOS-CO932-314-JEFFERSON-12,#FEE08B,-105.3553333,39.40902778,10 - 15 Deg. F. / 3 - 6,,10 - 15 Deg. F.,6-Mar,10 - 15 Deg. F. / 3 - 6,10 - 15 / semi-humid,CO.2,#66e566,"semi-humid, cool",#FEE08B,E,NA,NA
ARFR-WY930-44-LASANIMAS-13,white,6,24,38,NA,1298,1,1,0,NA,1,1,NA,1,0,NA,1,0,NA,1,1,N,1,1,NA,1,1,61.5,20231006,NA,NA,NA,NA,ARFR4-SOS-WY930-44-LASANIMAS-13,#FDAE61,-104.6423889,37.16547222,15 - 20 Deg. F. / 3 - 6,,15 - 20 Deg. F.,6-Mar,15 - 20 Deg. F. / 3 - 6,15 - 20 / semi-humid,CO.1,#698b69,"semi-humid, warm",#FDAE61,D,NA,NA
ARFR-NM930N-66-11,white,6,24,39,NA,1299,1,1,0,NA,1,1,NA,1,1,NA,1,1,NA,1,1,N,1,1,NA,1,1,71.2,20231006,NA,NA,NA,NA,ARFR4-SOS-NM930N-66-11,#F46D43,-107.2045028,36.76818611,10 - 15 Deg. F. / 3 - 6,,10 - 15 Deg. F.,6-Mar,10 - 15 Deg. F. / 3 - 6,10 - 15 / semi-humid,NM.1,#66e566,"semi-humid, cool",#F46D43,C,NA,NA
ARFR-CO932-294-11,white,6,24,40,281,1300,1,1,0,NA,1,0,NA,1,0,NA,1,0,NA,1,1,N,1,1,NA,1,1,57.1,20231006,NA,NA,NA,NA,ARFR4-SOS-CO932-294-11,#ABDDA4,-105.2030833,39.78458333,15 - 20 Deg. F. / 3 - 6,,15 - 20 Deg. F.,6-Mar,15 - 20 Deg. F. / 3 - 6,15 - 20 / semi-humid,CO.4,#698b69,"semi-humid, warm",#ABDDA4,H,NA,NA
ARFR-CO932-294-11,white,6,24,41,NA,1301,1,1,0,NA,1,0,NA,1,0,NA,1,0,NA,1,1,N,1,1,NA,1,1,47.8,20231006,NA,NA,NA,NA,ARFR4-SOS-CO932-294-11,#ABDDA4,-105.2030833,39.78458333,15 - 20 Deg. F. / 3 - 6,,15 - 20 Deg. F.,6-Mar,15 - 20 Deg. F. / 3 - 6,15 - 20 / semi-humid,CO.4,#698b69,"semi-humid, warm",#ABDDA4,H,NA,NA
ARFR-WY040-71-10,white,6,24,42,NA,1302,1,1,0,NA,1,0,NA,1,1,NA,1,1,NA,1,1,N,1,1,NA,1,1,44.4,20231006,NA,NA,NA,NA,ARFR4-SOS-WY040-71-10,#66C2A5,-109.2433156,41.13271889,5 - 10 Deg. F. / 3 - 6,,5 - 10 Deg. F.,6-Mar,5 - 10 Deg. F. / 3 - 6,5 - 10 / semi-humid,WY.1,#a5c2f1,"semi-humid, cold",#66C2A5,I,NA,NA
ARFR-WY050-151-FREMONT-16,white,6,24,43,NA,1303,1,1,0,NA,1,1,NA,1,1,NA,1,1,NA,1,1,N,1,1,NA,1,1,41.3,20231006,NA,NA,NA,NA,ARFR4-SOS-WY050-151-FREMONT-16,#3288BD,-108.1704472,42.47886111,10 - 15 Deg. F. / 6 - 12,,10 - 15 Deg. F.,12-Jun,10 - 15 Deg. F. / 6 - 12,10 - 15 / semi-arid,WY.2,#cd8500,"semi-arid, cool",#3288BD,J,NA,NA
ARFR-CO932-316-JEFFERSON-12,white,6,24,44,NA,1304,1,1,0,NA,1,1,NA,1,0,NA,1,1,NA,1,1,N,1,1,NA,1,1,56.7,20231006,NA,NA,NA,NA,ARFR4-SOS-CO932-316-JEFFERSON-12,#FFFF85,-105.358,39.66325,15 - 20 Deg. F. / 3 - 6,,15 - 20 Deg. F.,6-Mar,15 - 20 Deg. F. / 3 - 6,15 - 20 / semi-humid,CO.3,#698b69,"semi-humid, warm",#FFFF85,F,NA,NA
ARFR-UT080-109-UINTAH-12,white,6,24,45,282,1305,1,1,0,NA,1,1,NA,1,1,NA,1,1,NA,1,1,N,1,1,NA,1,1,77,20231006,NA,NA,NA,NA,ARFR4-SOS-UT080-109-UINTAH-12,#aabe7f,-109.1426444,39.70802222,10 - 15 Deg. F. / 3 - 6,,10 - 15 Deg. F.,6-Mar,10 - 15 Deg. F. / 3 - 6,10 - 15 / semi-humid,UT.1,#66e566,"semi-humid, cool",#aabe7f,G,NA,Y
ARFR-AZ930-422-NAVAJO-18,white,6,24,46,NA,1306,1,1,0,NA,1,1,NA,1,1,NA,1,1,NA,1,1,N,1,1,NA,1,1,72.3,20231006,NA,NA,NA,NA,ARFR4-SOS-AZ930-422-NAVAJO-18,#D53E4F,-110.431,36.56805,15 - 20 Deg. F. / 6 - 12,Lats corrected 20230127,15 - 20 Deg. F.,12-Jun,15 - 20 Deg. F. / 6 - 12,15 - 20 / semi-arid,AZ.2,#ee5c42,"semi-arid, warm",#D53E4F,B,NA,NA
ARFR-CO932-316-JEFFERSON-12,white,6,24,47,NA,1307,1,1,0,NA,1,0,NA,1,1,NA,1,1,NA,1,1,N,1,1,NA,1,1,55,20231006,NA,NA,NA,NA,ARFR4-SOS-CO932-316-JEFFERSON-12,#FFFF85,-105.358,39.66325,15 - 20 Deg. F. / 3 - 6,,15 - 20 Deg. F.,6-Mar,15 - 20 Deg. F. / 3 - 6,15 - 20 / semi-humid,CO.3,#698b69,"semi-humid, warm",#FFFF85,F,NA,NA
ARFR-WY930-44-LASANIMAS-13,white,6,24,48,NA,1308,1,1,0,NA,1,1,NA,1,0,NA,1,0,NA,1,1,N,1,1,NA,1,1,55.6,20231006,NA,NA,NA,NA,ARFR4-SOS-WY930-44-LASANIMAS-13,#FDAE61,-104.6423889,37.16547222,15 - 20 Deg. F. / 3 - 6,,15 - 20 Deg. F.,6-Mar,15 - 20 Deg. F. / 3 - 6,15 - 20 / semi-humid,CO.1,#698b69,"semi-humid, warm",#FDAE61,D,NA,NA
ARFR-CO932-314-JEFFERSON-12,white,6,24,49,NA,1309,1,1,0,NA,1,1,NA,1,1,NA,1,1,NA,1,1,N,1,1,NA,1,1,44.3,20231006,NA,NA,NA,NA,ARFR4-SOS-CO932-314-JEFFERSON-12,#FEE08B,-105.3553333,39.40902778,10 - 15 Deg. F. / 3 - 6,,10 - 15 Deg. F.,6-Mar,10 - 15 Deg. F. / 3 - 6,10 - 15 / semi-humid,CO.2,#66e566,"semi-humid, cool",#FEE08B,E,NA,NA
ARFR-UT080-109-UINTAH-12,white,6,24,50,283,1310,1,1,0,NA,1,1,NA,1,1,NA,1,1,NA,1,1,N,1,1,NA,1,1,72.4,20231006,NA,NA,NA,NA,ARFR4-SOS-UT080-109-UINTAH-12,#aabe7f,-109.1426444,39.70802222,10 - 15 Deg. F. / 3 - 6,,10 - 15 Deg. F.,6-Mar,10 - 15 Deg. F. / 3 - 6,10 - 15 / semi-humid,UT.1,#66e566,"semi-humid, cool",#aabe7f,G,NA,NA
ARFR-CO932-294-11,white,6,24,51,NA,1311,1,1,0,NA,1,0,NA,1,0,NA,1,1,NA,1,1,N,1,1,NA,1,1,46.1,20231006,NA,NA,NA,NA,ARFR4-SOS-CO932-294-11,#ABDDA4,-105.2030833,39.78458333,15 - 20 Deg. F. / 3 - 6,,15 - 20 Deg. F.,6-Mar,15 - 20 Deg. F. / 3 - 6,15 - 20 / semi-humid,CO.4,#698b69,"semi-humid, warm",#ABDDA4,H,NA,NA
ARFR-AZ930-422-NAVAJO-18,white,6,24,52,NA,1312,1,1,0,NA,1,1,NA,1,0,NA,1,1,NA,1,1,N,1,1,NA,1,1,65.2,20231006,NA,NA,NA,NA,ARFR4-SOS-AZ930-422-NAVAJO-18,#D53E4F,-110.431,36.56805,15 - 20 Deg. F. / 6 - 12,Lats corrected 20230127,15 - 20 Deg. F.,12-Jun,15 - 20 Deg. F. / 6 - 12,15 - 20 / semi-arid,AZ.2,#ee5c42,"semi-arid, warm",#D53E4F,B,NA,NA
ARFR-WY040-71-10,white,6,24,53,NA,1313,1,1,1,NA,1,1,NA,1,1,NA,1,1,NA,1,1,N,1,1,NA,1,1,49.4,dry; height measured 20231006,NA,NA,NA,NA,ARFR4-SOS-WY040-71-10,#66C2A5,-109.2433156,41.13271889,5 - 10 Deg. F. / 3 - 6,,5 - 10 Deg. F.,6-Mar,5 - 10 Deg. F. / 3 - 6,5 - 10 / semi-humid,WY.1,#a5c2f1,"semi-humid, cold",#66C2A5,I,NA,NA
ARFR-WY050-151-FREMONT-16,black,7,25,1,285,1314,1,1,0,NA,1,0,NA,1,1,NA,1,1,NA,1,1,N,1,1,NA,1,1,49.4,dry; height measured 20231006,NA,NA,NA,NA,ARFR4-SOS-WY050-151-FREMONT-16,#3288BD,-108.1704472,42.47886111,10 - 15 Deg. F. / 6 - 12,,10 - 15 Deg. F.,12-Jun,10 - 15 Deg. F. / 6 - 12,10 - 15 / semi-arid,WY.2,#cd8500,"semi-arid, cool",#3288BD,J,NA,NA
ARFR-CO932-294-11,black,7,25,2,NA,1315,1,1,0,NA,1,0,NA,1,0,NA,1,0,NA,1,0,N,1,0,NA,1,1,47.8,NA,NA,NA,NA,NA,ARFR4-SOS-CO932-294-11,#ABDDA4,-105.2030833,39.78458333,15 - 20 Deg. F. / 3 - 6,,15 - 20 Deg. F.,6-Mar,15 - 20 Deg. F. / 3 - 6,15 - 20 / semi-humid,CO.4,#698b69,"semi-humid, warm",#ABDDA4,H,NA,NA
ARFR-CO932-314-JEFFERSON-12,black,7,25,3,NA,1316,0,0,NA,NA,0,NA,NA,0,NA,NA,0,NA,NA,0,NA,N,0,NA,NA,0,NA,NA,dead,NA,NA,NA,NA,ARFR4-SOS-CO932-314-JEFFERSON-12,#FEE08B,-105.3553333,39.40902778,10 - 15 Deg. F. / 3 - 6,,10 - 15 Deg. F.,6-Mar,10 - 15 Deg. F. / 3 - 6,10 - 15 / semi-humid,CO.2,#66e566,"semi-humid, cool",#FEE08B,E,NA,NA
ARFR-WY040-71-10,black,7,25,4,NA,1317,1,1,0,NA,1,1,NA,1,1,NA,1,1,NA,1,1,N,1,1,NA,1,1,46.6,dry; height measured 20231011,NA,NA,NA,NA,ARFR4-SOS-WY040-71-10,#66C2A5,-109.2433156,41.13271889,5 - 10 Deg. F. / 3 - 6,,5 - 10 Deg. F.,6-Mar,5 - 10 Deg. F. / 3 - 6,5 - 10 / semi-humid,WY.1,#a5c2f1,"semi-humid, cold",#66C2A5,I,NA,NA
ARFR-WY050-151-FREMONT-16,black,7,25,5,286,1318,1,1,0,NA,1,1,NA,1,1,NA,1,1,NA,1,1,N,1,1,NA,1,1,51.6,20231011,NA,NA,NA,NA,ARFR4-SOS-WY050-151-FREMONT-16,#3288BD,-108.1704472,42.47886111,10 - 15 Deg. F. / 6 - 12,,10 - 15 Deg. F.,12-Jun,10 - 15 Deg. F. / 6 - 12,10 - 15 / semi-arid,WY.2,#cd8500,"semi-arid, cool",#3288BD,J,NA,NA
ARFR-UT080-109-UINTAH-12,black,7,25,6,NA,1319,1,1,0,NA,1,0,NA,1,0,NA,1,1,NA,1,1,N,1,1,NA,1,1,60.4,20231011,NA,NA,NA,NA,ARFR4-SOS-UT080-109-UINTAH-12,#aabe7f,-109.1426444,39.70802222,10 - 15 Deg. F. / 3 - 6,,10 - 15 Deg. F.,6-Mar,10 - 15 Deg. F. / 3 - 6,10 - 15 / semi-humid,UT.1,#66e566,"semi-humid, cool",#aabe7f,G,NA,NA
ARFR-CO932-314-JEFFERSON-12,black,7,25,7,NA,1320,1,1,0,NA,1,0,NA,1,0,NA,1,0,NA,1,1,N,1,1,NA,1,1,55.7,20231011,NA,NA,NA,NA,ARFR4-SOS-CO932-314-JEFFERSON-12,#FEE08B,-105.3553333,39.40902778,10 - 15 Deg. F. / 3 - 6,,10 - 15 Deg. F.,6-Mar,10 - 15 Deg. F. / 3 - 6,10 - 15 / semi-humid,CO.2,#66e566,"semi-humid, cool",#FEE08B,E,NA,NA
ARFR-WY930-44-LASANIMAS-13,black,7,25,8,NA,1321,1,1,0,NA,1,0,NA,1,0,NA,1,0,NA,1,0,N,1,0,NA,1,1,57.1,20231011,NA,NA,NA,NA,ARFR4-SOS-WY930-44-LASANIMAS-13,#FDAE61,-104.6423889,37.16547222,15 - 20 Deg. F. / 3 - 6,,15 - 20 Deg. F.,6-Mar,15 - 20 Deg. F. / 3 - 6,15 - 20 / semi-humid,CO.1,#698b69,"semi-humid, warm",#FDAE61,D,NA,NA
ARFR-CO932-314-JEFFERSON-12,black,7,25,9,NA,1322,1,1,0,NA,1,0,NA,1,1,NA,1,1,NA,1,1,N,1,1,NA,1,1,59.6,20231011,NA,NA,NA,NA,ARFR4-SOS-CO932-314-JEFFERSON-12,#FEE08B,-105.3553333,39.40902778,10 - 15 Deg. F. / 3 - 6,,10 - 15 Deg. F.,6-Mar,10 - 15 Deg. F. / 3 - 6,10 - 15 / semi-humid,CO.2,#66e566,"semi-humid, cool",#FEE08B,E,NA,NA
ARFR-WY050-151-FREMONT-16,black,7,25,10,287,1323,1,1,0,NA,1,0,NA,1,1,NA,1,1,NA,1,1,N,1,1,NA,1,1,40.6,dry; height measured 20231011,NA,NA,NA,NA,ARFR4-SOS-WY050-151-FREMONT-16,#3288BD,-108.1704472,42.47886111,10 - 15 Deg. F. / 6 - 12,,10 - 15 Deg. F.,12-Jun,10 - 15 Deg. F. / 6 - 12,10 - 15 / semi-arid,WY.2,#cd8500,"semi-arid, cool",#3288BD,J,NA,NA
ARFR-WY040-71-10,black,7,25,11,NA,1324,1,1,0,NA,1,0,NA,1,1,NA,1,1,NA,1,1,N,1,1,NA,1,1,57.9,dry; height measured 20231011,NA,NA,NA,NA,ARFR4-SOS-WY040-71-10,#66C2A5,-109.2433156,41.13271889,5 - 10 Deg. F. / 3 - 6,,5 - 10 Deg. F.,6-Mar,5 - 10 Deg. F. / 3 - 6,5 - 10 / semi-humid,WY.1,#a5c2f1,"semi-humid, cold",#66C2A5,I,NA,NA
ARFR-AZ930-423-NAVAJO-18,black,7,25,12,NA,1325,1,1,0,NA,1,0,NA,1,1,NA,1,1,NA,1,1,N,1,1,NA,1,1,44,dry; height measured 20231011,NA,NA,NA,NA,ARFR4-SOS-AZ930-423-NAVAJO-18,#9E0142,-110.431,36.45877,15 - 20 Deg. F. / 6 - 12,SdZones downloaded 20230823,15 - 20 Deg. F.,12-Jun,15 - 20 Deg. F. / 6 - 12,15 - 20 / semi-arid,AZ.1,#ee5c42,"semi-arid, warm",#9E0142,A,NA,NA
ARFR-WY040-71-10,black,7,25,13,NA,1326,1,1,1,NA,1,1,NA,1,1,NA,1,1,NA,1,1,N,1,1,NA,1,1,49.9,dry; height measured 20231011,NA,NA,NA,NA,ARFR4-SOS-WY040-71-10,#66C2A5,-109.2433156,41.13271889,5 - 10 Deg. F. / 3 - 6,,5 - 10 Deg. F.,6-Mar,5 - 10 Deg. F. / 3 - 6,5 - 10 / semi-humid,WY.1,#a5c2f1,"semi-humid, cold",#66C2A5,I,NA,NA
ARFR-UT080-109-UINTAH-12,black,7,25,14,NA,1327,1,1,0,NA,1,1,NA,1,0,NA,1,1,NA,1,1,N,1,1,NA,1,1,82.5,dry; height measured 20231011,NA,NA,NA,NA,ARFR4-SOS-UT080-109-UINTAH-12,#aabe7f,-109.1426444,39.70802222,10 - 15 Deg. F. / 3 - 6,,10 - 15 Deg. F.,6-Mar,10 - 15 Deg. F. / 3 - 6,10 - 15 / semi-humid,UT.1,#66e566,"semi-humid, cool",#aabe7f,G,NA,NA
ARFR-NM930N-66-11,black,7,25,15,288,1328,1,1,0,NA,1,1,NA,1,0,NA,1,1,NA,1,1,N,1,1,NA,1,1,82.6,dry; height measured 20231011,NA,NA,NA,NA,ARFR4-SOS-NM930N-66-11,#F46D43,-107.2045028,36.76818611,10 - 15 Deg. F. / 3 - 6,,10 - 15 Deg. F.,6-Mar,10 - 15 Deg. F. / 3 - 6,10 - 15 / semi-humid,NM.1,#66e566,"semi-humid, cool",#F46D43,C,NA,NA
ARFR-CO932-314-JEFFERSON-12,black,7,25,16,NA,1329,1,1,0,NA,1,1,NA,1,1,NA,1,1,NA,1,1,Y,1,1,NA,1,1,54.9,dry; height measured 20231011,NA,NA,NA,NA,ARFR4-SOS-CO932-314-JEFFERSON-12,#FEE08B,-105.3553333,39.40902778,10 - 15 Deg. F. / 3 - 6,,10 - 15 Deg. F.,6-Mar,10 - 15 Deg. F. / 3 - 6,10 - 15 / semi-humid,CO.2,#66e566,"semi-humid, cool",#FEE08B,E,NA,NA
ARFR-WY040-71-10,black,7,25,17,NA,1330,1,1,0,NA,1,1,NA,1,1,NA,1,1,NA,1,1,N,1,1,NA,1,1,44.5,dry; height measured 20231011,NA,NA,NA,NA,ARFR4-SOS-WY040-71-10,#66C2A5,-109.2433156,41.13271889,5 - 10 Deg. F. / 3 - 6,,5 - 10 Deg. F.,6-Mar,5 - 10 Deg. F. / 3 - 6,5 - 10 / semi-humid,WY.1,#a5c2f1,"semi-humid, cold",#66C2A5,I,NA,NA
ARFR-WY050-151-FREMONT-16,black,7,25,18,NA,1331,1,1,0,NA,1,1,NA,1,1,NA,1,1,NA,1,1,N,1,1,NA,1,1,36,dry; height measured 20231011,NA,NA,NA,NA,ARFR4-SOS-WY050-151-FREMONT-16,#3288BD,-108.1704472,42.47886111,10 - 15 Deg. F. / 6 - 12,,10 - 15 Deg. F.,12-Jun,10 - 15 Deg. F. / 6 - 12,10 - 15 / semi-arid,WY.2,#cd8500,"semi-arid, cool",#3288BD,J,NA,NA
ARFR-WY050-151-FREMONT-16,black,7,25,19,NA,1332,1,1,0,NA,1,1,NA,1,1,NA,1,1,NA,1,1,N,1,1,NA,1,NA,8.1,new growth? Height measured 20231011,Y,Y,Y,NA,ARFR4-SOS-WY050-151-FREMONT-16,#3288BD,-108.1704472,42.47886111,10 - 15 Deg. F. / 6 - 12,,10 - 15 Deg. F.,12-Jun,10 - 15 Deg. F. / 6 - 12,10 - 15 / semi-arid,WY.2,#cd8500,"semi-arid, cool",#3288BD,J,NA,NA
ARFR-WY050-49-FREMONT-12,black,7,25,20,289,1333,1,1,0,NA,1,0,NA,1,0,NA,1,1,NA,1,1,N,1,1,NA,1,1,52.4,20231011,NA,NA,NA,NA,ARFR4-SOS-WY050-49-FREMONT-12,#5E4FA2,-109.34775,43.42663611,5 - 10 Deg. F. / 6 - 12,,5 - 10 Deg. F.,12-Jun,5 - 10 Deg. F. / 6 - 12,5 - 10 / semi-arid,WY.3,#ffb90f,"semi-arid, cold",#5E4FA2,K,NA,NA
ARFR-UT080-109-UINTAH-12,black,7,25,21,NA,1334,1,1,0,NA,1,0,NA,1,0,NA,1,0,NA,1,1,N,1,1,NA,1,1,57.5,20231011,NA,NA,NA,NA,ARFR4-SOS-UT080-109-UINTAH-12,#aabe7f,-109.1426444,39.70802222,10 - 15 Deg. F. / 3 - 6,,10 - 15 Deg. F.,6-Mar,10 - 15 Deg. F. / 3 - 6,10 - 15 / semi-humid,UT.1,#66e566,"semi-humid, cool",#aabe7f,G,NA,NA
ARFR-UT080-109-UINTAH-12,black,7,25,22,NA,1335,1,1,0,NA,1,0,NA,1,0,NA,1,0,NA,1,1,N,1,1,NA,1,1,99.8,20231011,NA,NA,NA,NA,ARFR4-SOS-UT080-109-UINTAH-12,#aabe7f,-109.1426444,39.70802222,10 - 15 Deg. F. / 3 - 6,,10 - 15 Deg. F.,6-Mar,10 - 15 Deg. F. / 3 - 6,10 - 15 / semi-humid,UT.1,#66e566,"semi-humid, cool",#aabe7f,G,NA,NA
ARFR-CO932-294-11,black,7,25,23,NA,1336,1,1,0,NA,1,0,NA,1,0,NA,1,0,NA,1,0,N,1,0,NA,1,1,57.2,20231011,NA,NA,NA,NA,ARFR4-SOS-CO932-294-11,#ABDDA4,-105.2030833,39.78458333,15 - 20 Deg. F. / 3 - 6,,15 - 20 Deg. F.,6-Mar,15 - 20 Deg. F. / 3 - 6,15 - 20 / semi-humid,CO.4,#698b69,"semi-humid, warm",#ABDDA4,H,NA,NA
ARFR-CO932-316-JEFFERSON-12,black,7,25,24,NA,1337,1,1,0,NA,1,0,NA,1,0,NA,1,0,NA,1,1,N,1,1,NA,1,1,59.1,20231011,NA,NA,NA,NA,ARFR4-SOS-CO932-316-JEFFERSON-12,#FFFF85,-105.358,39.66325,15 - 20 Deg. F. / 3 - 6,,15 - 20 Deg. F.,6-Mar,15 - 20 Deg. F. / 3 - 6,15 - 20 / semi-humid,CO.3,#698b69,"semi-humid, warm",#FFFF85,F,NA,NA
ARFR-NM930N-66-11,black,7,25,25,290,1338,1,0,NA,NA,0,NA,NA,0,NA,NA,0,NA,NA,0,NA,N,0,NA,NA,0,NA,NA,dead,NA,Y,NA,NA,ARFR4-SOS-NM930N-66-11,#F46D43,-107.2045028,36.76818611,10 - 15 Deg. F. / 3 - 6,,10 - 15 Deg. F.,6-Mar,10 - 15 Deg. F. / 3 - 6,10 - 15 / semi-humid,NM.1,#66e566,"semi-humid, cool",#F46D43,C,NA,Y
ARFR-AZ930-422-NAVAJO-18,black,7,25,26,NA,1339,1,1,NA,NA,1,1,NA,1,0,NA,1,1,NA,1,1,N,1,1,NA,1,1,47.1,20231011,NA,NA,NA,NA,ARFR4-SOS-AZ930-422-NAVAJO-18,#D53E4F,-110.431,36.56805,15 - 20 Deg. F. / 6 - 12,Lats corrected 20230127,15 - 20 Deg. F.,12-Jun,15 - 20 Deg. F. / 6 - 12,15 - 20 / semi-arid,AZ.2,#ee5c42,"semi-arid, warm",#D53E4F,B,NA,NA
ARFR-AZ930-422-NAVAJO-18,black,7,25,27,NA,1340,1,1,0,NA,1,0,NA,1,0,NA,1,0,NA,1,1,N,1,1,NA,1,1,45,20231011,NA,NA,NA,NA,ARFR4-SOS-AZ930-422-NAVAJO-18,#D53E4F,-110.431,36.56805,15 - 20 Deg. F. / 6 - 12,Lats corrected 20230127,15 - 20 Deg. F.,12-Jun,15 - 20 Deg. F. / 6 - 12,15 - 20 / semi-arid,AZ.2,#ee5c42,"semi-arid, warm",#D53E4F,B,NA,NA
ARFR-CO932-316-JEFFERSON-12,black,7,25,28,NA,1341,1,1,0,NA,1,0,NA,1,0,NA,1,0,NA,1,1,N,1,1,NA,1,1,62.6,20231011,NA,NA,NA,NA,ARFR4-SOS-CO932-316-JEFFERSON-12,#FFFF85,-105.358,39.66325,15 - 20 Deg. F. / 3 - 6,,15 - 20 Deg. F.,6-Mar,15 - 20 Deg. F. / 3 - 6,15 - 20 / semi-humid,CO.3,#698b69,"semi-humid, warm",#FFFF85,F,NA,NA
ARFR-CO932-316-JEFFERSON-12,black,7,25,29,NA,1342,1,1,0,NA,1,0,NA,1,0,NA,1,0,NA,1,1,N,1,1,NA,1,1,59.2,20231011,NA,NA,NA,NA,ARFR4-SOS-CO932-316-JEFFERSON-12,#FFFF85,-105.358,39.66325,15 - 20 Deg. F. / 3 - 6,,15 - 20 Deg. F.,6-Mar,15 - 20 Deg. F. / 3 - 6,15 - 20 / semi-humid,CO.3,#698b69,"semi-humid, warm",#FFFF85,F,NA,NA
ARFR-WY930-44-LASANIMAS-13,black,7,25,30,291,1343,1,1,0,NA,1,0,NA,1,0,NA,1,0,NA,1,0,N,1,0,NA,1,1,59.5,20231011,NA,NA,NA,NA,ARFR4-SOS-WY930-44-LASANIMAS-13,#FDAE61,-104.6423889,37.16547222,15 - 20 Deg. F. / 3 - 6,,15 - 20 Deg. F.,6-Mar,15 - 20 Deg. F. / 3 - 6,15 - 20 / semi-humid,CO.1,#698b69,"semi-humid, warm",#FDAE61,D,NA,NA
ARFR-CO932-316-JEFFERSON-12,black,7,25,31,NA,1344,1,1,0,NA,1,0,NA,1,0,NA,1,0,NA,1,1,N,1,1,NA,1,1,56.9,20231011,NA,NA,NA,NA,ARFR4-SOS-CO932-316-JEFFERSON-12,#FFFF85,-105.358,39.66325,15 - 20 Deg. F. / 3 - 6,,15 - 20 Deg. F.,6-Mar,15 - 20 Deg. F. / 3 - 6,15 - 20 / semi-humid,CO.3,#698b69,"semi-humid, warm",#FFFF85,F,NA,NA
ARFR-WY040-71-10,black,7,25,32,NA,1345,1,1,1,NA,1,0,NA,1,1,NA,1,1,NA,1,1,N,1,1,NA,1,1,53.1,20231011,NA,NA,NA,NA,ARFR4-SOS-WY040-71-10,#66C2A5,-109.2433156,41.13271889,5 - 10 Deg. F. / 3 - 6,,5 - 10 Deg. F.,6-Mar,5 - 10 Deg. F. / 3 - 6,5 - 10 / semi-humid,WY.1,#a5c2f1,"semi-humid, cold",#66C2A5,I,NA,NA
ARFR-UT080-109-UINTAH-12,black,7,25,33,NA,1346,1,1,0,NA,1,0,NA,1,1,NA,1,1,NA,1,1,N,1,1,NA,1,1,61,20231011,NA,NA,NA,NA,ARFR4-SOS-UT080-109-UINTAH-12,#aabe7f,-109.1426444,39.70802222,10 - 15 Deg. F. / 3 - 6,,10 - 15 Deg. F.,6-Mar,10 - 15 Deg. F. / 3 - 6,10 - 15 / semi-humid,UT.1,#66e566,"semi-humid, cool",#aabe7f,G,NA,NA
ARFR-WY050-49-FREMONT-12,black,7,25,34,NA,1347,1,1,0,NA,1,0,NA,1,0,NA,1,0,NA,1,1,N,1,1,NA,1,1,57.9,20231011,NA,NA,NA,NA,ARFR4-SOS-WY050-49-FREMONT-12,#5E4FA2,-109.34775,43.42663611,5 - 10 Deg. F. / 6 - 12,,5 - 10 Deg. F.,12-Jun,5 - 10 Deg. F. / 6 - 12,5 - 10 / semi-arid,WY.3,#ffb90f,"semi-arid, cold",#5E4FA2,K,NA,NA
ARFR-NM930N-66-11,black,7,25,35,292,1348,0,0,NA,NA,0,NA,NA,0,NA,NA,0,NA,NA,0,NA,N,0,NA,NA,0,NA,NA,dead,NA,NA,NA,NA,ARFR4-SOS-NM930N-66-11,#F46D43,-107.2045028,36.76818611,10 - 15 Deg. F. / 3 - 6,,10 - 15 Deg. F.,6-Mar,10 - 15 Deg. F. / 3 - 6,10 - 15 / semi-humid,NM.1,#66e566,"semi-humid, cool",#F46D43,C,NA,NA
ARFR-WY930-44-LASANIMAS-13,black,7,25,36,NA,1349,1,1,0,NA,1,0,NA,1,0,NA,1,0,NA,1,0,N,1,0,NA,1,1,56.5,20231011,NA,NA,NA,NA,ARFR4-SOS-WY930-44-LASANIMAS-13,#FDAE61,-104.6423889,37.16547222,15 - 20 Deg. F. / 3 - 6,,15 - 20 Deg. F.,6-Mar,15 - 20 Deg. F. / 3 - 6,15 - 20 / semi-humid,CO.1,#698b69,"semi-humid, warm",#FDAE61,D,NA,NA
ARFR-WY930-44-LASANIMAS-13,black,7,25,37,NA,1350,1,1,0,NA,1,0,NA,1,0,NA,1,0,NA,1,1,N,1,1,NA,1,1,43.2,20231011,NA,NA,NA,NA,ARFR4-SOS-WY930-44-LASANIMAS-13,#FDAE61,-104.6423889,37.16547222,15 - 20 Deg. F. / 3 - 6,,15 - 20 Deg. F.,6-Mar,15 - 20 Deg. F. / 3 - 6,15 - 20 / semi-humid,CO.1,#698b69,"semi-humid, warm",#FDAE61,D,NA,NA
ARFR-WY040-71-10,black,7,25,38,NA,1351,1,1,1,NA,1,1,NA,1,1,NA,1,1,NA,1,1,N,1,1,NA,1,1,53.5,20231011,NA,NA,NA,NA,ARFR4-SOS-WY040-71-10,#66C2A5,-109.2433156,41.13271889,5 - 10 Deg. F. / 3 - 6,,5 - 10 Deg. F.,6-Mar,5 - 10 Deg. F. / 3 - 6,5 - 10 / semi-humid,WY.1,#a5c2f1,"semi-humid, cold",#66C2A5,I,NA,NA
ARFR-AZ930-423-NAVAJO-18,black,7,25,39,NA,1352,1,1,0,NA,1,1,NA,1,0,NA,1,1,NA,1,1,N,1,1,NA,1,1,57.4,20231011,NA,NA,NA,NA,ARFR4-SOS-AZ930-423-NAVAJO-18,#9E0142,-110.431,36.45877,15 - 20 Deg. F. / 6 - 12,SdZones downloaded 20230823,15 - 20 Deg. F.,12-Jun,15 - 20 Deg. F. / 6 - 12,15 - 20 / semi-arid,AZ.1,#ee5c42,"semi-arid, warm",#9E0142,A,NA,NA
ARFR-AZ930-423-NAVAJO-18,black,7,25,40,293,1353,1,1,0,NA,1,1,NA,1,0,NA,1,0,NA,1,1,N,1,1,NA,1,1,66.9,20231011,NA,NA,NA,NA,ARFR4-SOS-AZ930-423-NAVAJO-18,#9E0142,-110.431,36.45877,15 - 20 Deg. F. / 6 - 12,SdZones downloaded 20230823,15 - 20 Deg. F.,12-Jun,15 - 20 Deg. F. / 6 - 12,15 - 20 / semi-arid,AZ.1,#ee5c42,"semi-arid, warm",#9E0142,A,NA,NA
ARFR-WY930-44-LASANIMAS-13,black,7,25,41,NA,1354,1,1,0,NA,1,0,NA,1,0,NA,1,0,NA,1,1,N,1,1,NA,1,1,65.2,20231011,NA,NA,NA,NA,ARFR4-SOS-WY930-44-LASANIMAS-13,#FDAE61,-104.6423889,37.16547222,15 - 20 Deg. F. / 3 - 6,,15 - 20 Deg. F.,6-Mar,15 - 20 Deg. F. / 3 - 6,15 - 20 / semi-humid,CO.1,#698b69,"semi-humid, warm",#FDAE61,D,NA,NA
ARFR-AZ930-422-NAVAJO-18,black,7,25,42,NA,1355,1,1,0,NA,1,1,NA,1,0,NA,1,0,NA,1,1,N,1,1,NA,1,1,71.3,20231011,NA,NA,NA,NA,ARFR4-SOS-AZ930-422-NAVAJO-18,#D53E4F,-110.431,36.56805,15 - 20 Deg. F. / 6 - 12,Lats corrected 20230127,15 - 20 Deg. F.,12-Jun,15 - 20 Deg. F. / 6 - 12,15 - 20 / semi-arid,AZ.2,#ee5c42,"semi-arid, warm",#D53E4F,B,NA,NA
ARFR-NM930N-66-11,black,7,25,43,NA,1356,1,1,0,NA,1,1,NA,1,1,NA,1,1,NA,1,1,N,1,1,NA,1,1,66.6,dry ,NA,NA,NA,NA,ARFR4-SOS-NM930N-66-11,#F46D43,-107.2045028,36.76818611,10 - 15 Deg. F. / 3 - 6,,10 - 15 Deg. F.,6-Mar,10 - 15 Deg. F. / 3 - 6,10 - 15 / semi-humid,NM.1,#66e566,"semi-humid, cool",#F46D43,C,NA,NA
ARFR-AZ930-423-NAVAJO-18,black,7,25,44,NA,1357,1,1,0,NA,1,1,NA,1,1,NA,1,1,NA,1,1,N,1,1,NA,1,1,67.7,20231011,NA,NA,NA,NA,ARFR4-SOS-AZ930-423-NAVAJO-18,#9E0142,-110.431,36.45877,15 - 20 Deg. F. / 6 - 12,SdZones downloaded 20230823,15 - 20 Deg. F.,12-Jun,15 - 20 Deg. F. / 6 - 12,15 - 20 / semi-arid,AZ.1,#ee5c42,"semi-arid, warm",#9E0142,A,NA,NA
ARFR-WY050-151-FREMONT-16,black,7,25,45,294,1358,1,1,0,NA,1,0,NA,1,1,NA,1,1,NA,1,1,N,1,1,NA,1,1,45.5,20231011,NA,NA,NA,NA,ARFR4-SOS-WY050-151-FREMONT-16,#3288BD,-108.1704472,42.47886111,10 - 15 Deg. F. / 6 - 12,,10 - 15 Deg. F.,12-Jun,10 - 15 Deg. F. / 6 - 12,10 - 15 / semi-arid,WY.2,#cd8500,"semi-arid, cool",#3288BD,J,NA,NA
ARFR-WY050-49-FREMONT-12,black,7,25,46,NA,1359,1,1,0,NA,1,0,NA,1,0,NA,1,1,NA,1,1,N,1,1,NA,1,1,49.9,20231011,NA,NA,NA,NA,ARFR4-SOS-WY050-49-FREMONT-12,#5E4FA2,-109.34775,43.42663611,5 - 10 Deg. F. / 6 - 12,,5 - 10 Deg. F.,12-Jun,5 - 10 Deg. F. / 6 - 12,5 - 10 / semi-arid,WY.3,#ffb90f,"semi-arid, cold",#5E4FA2,K,NA,NA
ARFR-WY040-71-10,black,7,25,47,NA,1360,0,0,NA,NA,0,NA,NA,0,NA,NA,0,NA,NA,0,NA,N,0,NA,NA,0,NA,NA,indistinguishable from neighbor plant,NA,Y,Y,NA,ARFR4-SOS-WY040-71-10,#66C2A5,-109.2433156,41.13271889,5 - 10 Deg. F. / 3 - 6,,5 - 10 Deg. F.,6-Mar,5 - 10 Deg. F. / 3 - 6,5 - 10 / semi-humid,WY.1,#a5c2f1,"semi-humid, cold",#66C2A5,I,NA,NA
ARFR-WY050-151-FREMONT-16,black,7,25,48,NA,1361,1,1,0,NA,1,0,NA,1,0,NA,1,0,NA,1,1,N,1,1,NA,1,NA,6.1,20231011,NA,NA,NA,NA,ARFR4-SOS-WY050-151-FREMONT-16,#3288BD,-108.1704472,42.47886111,10 - 15 Deg. F. / 6 - 12,,10 - 15 Deg. F.,12-Jun,10 - 15 Deg. F. / 6 - 12,10 - 15 / semi-arid,WY.2,#cd8500,"semi-arid, cool",#3288BD,J,NA,NA
ARFR-UT080-109-UINTAH-12,black,7,25,49,NA,1362,1,1,0,NA,1,0,NA,1,0,NA,1,0,NA,1,1,N,1,1,NA,1,1,72.8,20231011,NA,NA,NA,NA,ARFR4-SOS-UT080-109-UINTAH-12,#aabe7f,-109.1426444,39.70802222,10 - 15 Deg. F. / 3 - 6,,10 - 15 Deg. F.,6-Mar,10 - 15 Deg. F. / 3 - 6,10 - 15 / semi-humid,UT.1,#66e566,"semi-humid, cool",#aabe7f,G,NA,NA
ARFR-CO932-294-11,black,7,25,50,295,1363,1,1,0,NA,1,0,NA,1,0,NA,1,0,NA,1,1,N,1,1,NA,1,1,68.1,20231011,NA,NA,NA,NA,ARFR4-SOS-CO932-294-11,#ABDDA4,-105.2030833,39.78458333,15 - 20 Deg. F. / 3 - 6,,15 - 20 Deg. F.,6-Mar,15 - 20 Deg. F. / 3 - 6,15 - 20 / semi-humid,CO.4,#698b69,"semi-humid, warm",#ABDDA4,H,NA,NA
ARFR-CO932-316-JEFFERSON-12,black,7,25,51,NA,1364,1,1,0,NA,1,1,NA,1,1,NA,1,1,NA,1,0,N,1,0,NA,1,1,68.5,20231011,Y,NA,NA,NA,ARFR4-SOS-CO932-316-JEFFERSON-12,#FFFF85,-105.358,39.66325,15 - 20 Deg. F. / 3 - 6,,15 - 20 Deg. F.,6-Mar,15 - 20 Deg. F. / 3 - 6,15 - 20 / semi-humid,CO.3,#698b69,"semi-humid, warm",#FFFF85,F,NA,NA
ARFR-CO932-316-JEFFERSON-12,black,7,25,52,NA,1365,1,1,0,NA,1,0,NA,1,1,NA,1,1,NA,1,1,N,1,1,NA,1,1,52.7,20231011,NA,NA,NA,NA,ARFR4-SOS-CO932-316-JEFFERSON-12,#FFFF85,-105.358,39.66325,15 - 20 Deg. F. / 3 - 6,,15 - 20 Deg. F.,6-Mar,15 - 20 Deg. F. / 3 - 6,15 - 20 / semi-humid,CO.3,#698b69,"semi-humid, warm",#FFFF85,F,NA,NA
ARFR-WY040-71-10,black,7,25,53,NA,1366,1,0,NA,NA,0,NA,NA,0,NA,NA,0,NA,NA,0,NA,N,0,NA,NA,0,NA,NA,dead,NA,NA,NA,NA,ARFR4-SOS-WY040-71-10,#66C2A5,-109.2433156,41.13271889,5 - 10 Deg. F. / 3 - 6,,5 - 10 Deg. F.,6-Mar,5 - 10 Deg. F. / 3 - 6,5 - 10 / semi-humid,WY.1,#a5c2f1,"semi-humid, cold",#66C2A5,I,NA,NA
ARFR-WY050-49-FREMONT-12,black,7,25,54,NA,1367,1,1,NA,NA,1,0,NA,1,1,NA,1,1,NA,1,1,N,1,1,NA,1,1,42.9,20231011,NA,NA,NA,NA,ARFR4-SOS-WY050-49-FREMONT-12,#5E4FA2,-109.34775,43.42663611,5 - 10 Deg. F. / 6 - 12,,5 - 10 Deg. F.,12-Jun,5 - 10 Deg. F. / 6 - 12,5 - 10 / semi-arid,WY.3,#ffb90f,"semi-arid, cold",#5E4FA2,K,NA,NA
ARFR-WY930-44-LASANIMAS-13,black,7,25,55,296,1368,1,1,0,NA,1,0,NA,1,0,NA,1,1,NA,1,1,N,1,1,NA,1,1,55.7,20231011,NA,NA,NA,NA,ARFR4-SOS-WY930-44-LASANIMAS-13,#FDAE61,-104.6423889,37.16547222,15 - 20 Deg. F. / 3 - 6,,15 - 20 Deg. F.,6-Mar,15 - 20 Deg. F. / 3 - 6,15 - 20 / semi-humid,CO.1,#698b69,"semi-humid, warm",#FDAE61,D,NA,NA
ARFR-CO932-314-JEFFERSON-12,black,7,26,1,285,1369,1,1,0,NA,1,1,NA,1,1,NA,1,1,NA,1,1,N,1,1,NA,NA,NA,NA,NA,NA,NA,NA,NA,ARFR4-SOS-CO932-314-JEFFERSON-12,#FEE08B,-105.3553333,39.40902778,10 - 15 Deg. F. / 3 - 6,,10 - 15 Deg. F.,6-Mar,10 - 15 Deg. F. / 3 - 6,10 - 15 / semi-humid,CO.2,#66e566,"semi-humid, cool",#FEE08B,E,NA,NA
ARFR-UT080-109-UINTAH-12,black,7,26,2,NA,1370,1,1,0,NA,1,0,NA,1,1,NA,1,1,NA,1,1,N,1,1,NA,NA,NA,NA,NA,NA,NA,NA,NA,ARFR4-SOS-UT080-109-UINTAH-12,#aabe7f,-109.1426444,39.70802222,10 - 15 Deg. F. / 3 - 6,,10 - 15 Deg. F.,6-Mar,10 - 15 Deg. F. / 3 - 6,10 - 15 / semi-humid,UT.1,#66e566,"semi-humid, cool",#aabe7f,G,NA,NA
ARFR-WY930-44-LASANIMAS-13,black,7,26,3,NA,1371,1,1,0,NA,1,1,NA,1,0,NA,1,0,NA,1,1,N,1,1,NA,NA,NA,NA,NA,NA,NA,NA,NA,ARFR4-SOS-WY930-44-LASANIMAS-13,#FDAE61,-104.6423889,37.16547222,15 - 20 Deg. F. / 3 - 6,,15 - 20 Deg. F.,6-Mar,15 - 20 Deg. F. / 3 - 6,15 - 20 / semi-humid,CO.1,#698b69,"semi-humid, warm",#FDAE61,D,NA,NA
ARFR-WY050-49-FREMONT-12,black,7,26,4,NA,1372,1,1,0,NA,1,1,NA,1,1,NA,1,1,NA,1,1,N,1,1,NA,NA,NA,NA,NA,NA,NA,NA,NA,ARFR4-SOS-WY050-49-FREMONT-12,#5E4FA2,-109.34775,43.42663611,5 - 10 Deg. F. / 6 - 12,,5 - 10 Deg. F.,12-Jun,5 - 10 Deg. F. / 6 - 12,5 - 10 / semi-arid,WY.3,#ffb90f,"semi-arid, cold",#5E4FA2,K,NA,NA
ARFR-AZ930-422-NAVAJO-18,black,7,26,5,286,1373,1,1,0,NA,1,0,NA,1,1,NA,1,1,NA,1,1,N,1,1,NA,NA,NA,NA,NA,NA,NA,NA,NA,ARFR4-SOS-AZ930-422-NAVAJO-18,#D53E4F,-110.431,36.56805,15 - 20 Deg. F. / 6 - 12,Lats corrected 20230127,15 - 20 Deg. F.,12-Jun,15 - 20 Deg. F. / 6 - 12,15 - 20 / semi-arid,AZ.2,#ee5c42,"semi-arid, warm",#D53E4F,B,NA,NA
ARFR-CO932-316-JEFFERSON-12,black,7,26,6,NA,1374,1,1,0,NA,1,0,NA,1,0,NA,1,0,NA,1,1,Y,1,1,NA,NA,NA,NA,NA,NA,NA,NA,NA,ARFR4-SOS-CO932-316-JEFFERSON-12,#FFFF85,-105.358,39.66325,15 - 20 Deg. F. / 3 - 6,,15 - 20 Deg. F.,6-Mar,15 - 20 Deg. F. / 3 - 6,15 - 20 / semi-humid,CO.3,#698b69,"semi-humid, warm",#FFFF85,F,NA,NA
ARFR-AZ930-423-NAVAJO-18,black,7,26,7,NA,1375,1,1,0,NA,1,0,NA,1,0,NA,1,0,NA,1,1,N,1,1,NA,NA,NA,NA,NA,NA,NA,NA,NA,ARFR4-SOS-AZ930-423-NAVAJO-18,#9E0142,-110.431,36.45877,15 - 20 Deg. F. / 6 - 12,SdZones downloaded 20230823,15 - 20 Deg. F.,12-Jun,15 - 20 Deg. F. / 6 - 12,15 - 20 / semi-arid,AZ.1,#ee5c42,"semi-arid, warm",#9E0142,A,NA,NA
ARFR-WY050-151-FREMONT-16,black,7,26,8,NA,1376,1,1,0,NA,1,0,NA,1,1,NA,1,1,NA,1,1,N,1,1,NA,NA,NA,NA,NA,NA,NA,NA,NA,ARFR4-SOS-WY050-151-FREMONT-16,#3288BD,-108.1704472,42.47886111,10 - 15 Deg. F. / 6 - 12,,10 - 15 Deg. F.,12-Jun,10 - 15 Deg. F. / 6 - 12,10 - 15 / semi-arid,WY.2,#cd8500,"semi-arid, cool",#3288BD,J,NA,NA
ARFR-UT080-109-UINTAH-12,black,7,26,9,NA,1377,1,1,0,NA,1,0,NA,1,0,NA,1,0,NA,1,1,N,1,1,NA,NA,NA,NA,NA,NA,NA,NA,NA,ARFR4-SOS-UT080-109-UINTAH-12,#aabe7f,-109.1426444,39.70802222,10 - 15 Deg. F. / 3 - 6,,10 - 15 Deg. F.,6-Mar,10 - 15 Deg. F. / 3 - 6,10 - 15 / semi-humid,UT.1,#66e566,"semi-humid, cool",#aabe7f,G,NA,NA
ARFR-WY930-44-LASANIMAS-13,black,7,26,10,287,1378,1,1,0,NA,1,0,NA,1,0,NA,1,0,NA,1,1,N,1,1,NA,NA,NA,NA,NA,NA,NA,NA,NA,ARFR4-SOS-WY930-44-LASANIMAS-13,#FDAE61,-104.6423889,37.16547222,15 - 20 Deg. F. / 3 - 6,,15 - 20 Deg. F.,6-Mar,15 - 20 Deg. F. / 3 - 6,15 - 20 / semi-humid,CO.1,#698b69,"semi-humid, warm",#FDAE61,D,NA,NA
ARFR-UT080-109-UINTAH-12,black,7,26,11,NA,1379,1,1,0,NA,1,1,NA,1,1,NA,1,1,NA,1,1,N,1,1,NA,NA,NA,NA,NA,NA,NA,NA,NA,ARFR4-SOS-UT080-109-UINTAH-12,#aabe7f,-109.1426444,39.70802222,10 - 15 Deg. F. / 3 - 6,,10 - 15 Deg. F.,6-Mar,10 - 15 Deg. F. / 3 - 6,10 - 15 / semi-humid,UT.1,#66e566,"semi-humid, cool",#aabe7f,G,NA,NA
ARFR-CO932-316-JEFFERSON-12,black,7,26,12,NA,1380,1,1,0,NA,1,1,NA,1,1,NA,1,1,NA,1,1,N,1,1,NA,NA,NA,NA,NA,NA,NA,NA,NA,ARFR4-SOS-CO932-316-JEFFERSON-12,#FFFF85,-105.358,39.66325,15 - 20 Deg. F. / 3 - 6,,15 - 20 Deg. F.,6-Mar,15 - 20 Deg. F. / 3 - 6,15 - 20 / semi-humid,CO.3,#698b69,"semi-humid, warm",#FFFF85,F,NA,NA
ARFR-CO932-316-JEFFERSON-12,black,7,26,13,NA,1381,0,0,NA,NA,0,NA,NA,0,NA,NA,0,NA,NA,0,NA,N,0,NA,NA,NA,NA,NA,NA,NA,NA,NA,NA,ARFR4-SOS-CO932-316-JEFFERSON-12,#FFFF85,-105.358,39.66325,15 - 20 Deg. F. / 3 - 6,,15 - 20 Deg. F.,6-Mar,15 - 20 Deg. F. / 3 - 6,15 - 20 / semi-humid,CO.3,#698b69,"semi-humid, warm",#FFFF85,F,NA,NA
ARFR-CO932-294-11,black,7,26,14,NA,1382,1,1,0,NA,1,0,NA,1,0,NA,1,1,NA,1,1,N,1,1,NA,NA,NA,NA,NA,NA,NA,NA,NA,ARFR4-SOS-CO932-294-11,#ABDDA4,-105.2030833,39.78458333,15 - 20 Deg. F. / 3 - 6,,15 - 20 Deg. F.,6-Mar,15 - 20 Deg. F. / 3 - 6,15 - 20 / semi-humid,CO.4,#698b69,"semi-humid, warm",#ABDDA4,H,NA,NA
ARFR-CO932-316-JEFFERSON-12,black,7,26,15,288,1383,1,1,0,NA,1,1,NA,1,1,NA,1,1,NA,1,1,N,1,1,NA,NA,NA,NA,NA,NA,NA,NA,NA,ARFR4-SOS-CO932-316-JEFFERSON-12,#FFFF85,-105.358,39.66325,15 - 20 Deg. F. / 3 - 6,,15 - 20 Deg. F.,6-Mar,15 - 20 Deg. F. / 3 - 6,15 - 20 / semi-humid,CO.3,#698b69,"semi-humid, warm",#FFFF85,F,NA,NA
ARFR-WY930-44-LASANIMAS-13,black,7,26,16,NA,1384,1,1,0,NA,1,0,NA,1,0,NA,1,0,NA,1,1,N,1,1,NA,NA,NA,NA,NA,NA,NA,NA,NA,ARFR4-SOS-WY930-44-LASANIMAS-13,#FDAE61,-104.6423889,37.16547222,15 - 20 Deg. F. / 3 - 6,,15 - 20 Deg. F.,6-Mar,15 - 20 Deg. F. / 3 - 6,15 - 20 / semi-humid,CO.1,#698b69,"semi-humid, warm",#FDAE61,D,NA,NA
ARFR-WY050-151-FREMONT-16,black,7,26,17,NA,1385,1,1,0,NA,1,1,NA,1,1,NA,1,1,NA,1,1,N,1,1,NA,NA,NA,NA,NA,NA,NA,NA,NA,ARFR4-SOS-WY050-151-FREMONT-16,#3288BD,-108.1704472,42.47886111,10 - 15 Deg. F. / 6 - 12,,10 - 15 Deg. F.,12-Jun,10 - 15 Deg. F. / 6 - 12,10 - 15 / semi-arid,WY.2,#cd8500,"semi-arid, cool",#3288BD,J,NA,NA
ARFR-WY930-44-LASANIMAS-13,black,7,26,18,NA,1386,1,1,0,NA,1,0,NA,1,0,NA,1,0,NA,1,1,N,1,1,NA,NA,NA,NA,NA,NA,NA,NA,NA,ARFR4-SOS-WY930-44-LASANIMAS-13,#FDAE61,-104.6423889,37.16547222,15 - 20 Deg. F. / 3 - 6,,15 - 20 Deg. F.,6-Mar,15 - 20 Deg. F. / 3 - 6,15 - 20 / semi-humid,CO.1,#698b69,"semi-humid, warm",#FDAE61,D,NA,NA
ARFR-UT080-109-UINTAH-12,black,7,26,19,NA,1387,1,1,0,NA,1,0,NA,1,0,NA,1,1,NA,1,1,N,1,1,NA,NA,NA,NA,NA,NA,NA,NA,NA,ARFR4-SOS-UT080-109-UINTAH-12,#aabe7f,-109.1426444,39.70802222,10 - 15 Deg. F. / 3 - 6,,10 - 15 Deg. F.,6-Mar,10 - 15 Deg. F. / 3 - 6,10 - 15 / semi-humid,UT.1,#66e566,"semi-humid, cool",#aabe7f,G,NA,NA
ARFR-UT080-109-UINTAH-12,black,7,26,20,289,1388,1,1,0,NA,1,1,NA,1,1,NA,1,1,NA,1,1,N,1,1,NA,NA,NA,NA,NA,NA,NA,NA,NA,ARFR4-SOS-UT080-109-UINTAH-12,#aabe7f,-109.1426444,39.70802222,10 - 15 Deg. F. / 3 - 6,,10 - 15 Deg. F.,6-Mar,10 - 15 Deg. F. / 3 - 6,10 - 15 / semi-humid,UT.1,#66e566,"semi-humid, cool",#aabe7f,G,NA,NA
ARFR-UT080-109-UINTAH-12,black,7,26,21,NA,1389,1,1,0,NA,1,1,NA,1,1,NA,1,1,NA,1,1,N,1,1,NA,NA,NA,NA,NA,NA,NA,NA,NA,ARFR4-SOS-UT080-109-UINTAH-12,#aabe7f,-109.1426444,39.70802222,10 - 15 Deg. F. / 3 - 6,,10 - 15 Deg. F.,6-Mar,10 - 15 Deg. F. / 3 - 6,10 - 15 / semi-humid,UT.1,#66e566,"semi-humid, cool",#aabe7f,G,NA,NA
ARFR-WY040-71-10,black,7,26,22,NA,1390,1,1,1,NA,1,1,NA,1,0,NA,1,0,NA,1,1,N,1,1,NA,NA,NA,NA,NA,NA,NA,NA,NA,ARFR4-SOS-WY040-71-10,#66C2A5,-109.2433156,41.13271889,5 - 10 Deg. F. / 3 - 6,,5 - 10 Deg. F.,6-Mar,5 - 10 Deg. F. / 3 - 6,5 - 10 / semi-humid,WY.1,#a5c2f1,"semi-humid, cold",#66C2A5,I,NA,NA
ARFR-WY930-44-LASANIMAS-13,black,7,26,23,NA,1391,1,1,0,NA,1,1,NA,1,0,NA,1,1,NA,1,1,N,1,1,NA,NA,NA,NA,NA,NA,NA,NA,NA,ARFR4-SOS-WY930-44-LASANIMAS-13,#FDAE61,-104.6423889,37.16547222,15 - 20 Deg. F. / 3 - 6,,15 - 20 Deg. F.,6-Mar,15 - 20 Deg. F. / 3 - 6,15 - 20 / semi-humid,CO.1,#698b69,"semi-humid, warm",#FDAE61,D,NA,NA
ARFR-WY040-71-10,black,7,26,24,NA,1392,1,1,0,NA,1,1,NA,1,1,NA,1,1,NA,1,1,N,1,1,NA,NA,NA,NA,NA,NA,NA,NA,NA,ARFR4-SOS-WY040-71-10,#66C2A5,-109.2433156,41.13271889,5 - 10 Deg. F. / 3 - 6,,5 - 10 Deg. F.,6-Mar,5 - 10 Deg. F. / 3 - 6,5 - 10 / semi-humid,WY.1,#a5c2f1,"semi-humid, cold",#66C2A5,I,NA,NA
ARFR-AZ930-422-NAVAJO-18,black,7,26,25,290,1393,1,1,1,NA,1,1,NA,1,0,NA,1,1,NA,1,1,N,1,1,NA,NA,NA,NA,NA,NA,NA,NA,NA,ARFR4-SOS-AZ930-422-NAVAJO-18,#D53E4F,-110.431,36.56805,15 - 20 Deg. F. / 6 - 12,Lats corrected 20230127,15 - 20 Deg. F.,12-Jun,15 - 20 Deg. F. / 6 - 12,15 - 20 / semi-arid,AZ.2,#ee5c42,"semi-arid, warm",#D53E4F,B,NA,NA
ARFR-NM930N-66-11,black,7,26,26,NA,1394,1,1,0,NA,1,1,NA,1,1,NA,1,1,NA,1,1,N,1,1,NA,NA,NA,NA,NA,NA,NA,NA,NA,ARFR4-SOS-NM930N-66-11,#F46D43,-107.2045028,36.76818611,10 - 15 Deg. F. / 3 - 6,,10 - 15 Deg. F.,6-Mar,10 - 15 Deg. F. / 3 - 6,10 - 15 / semi-humid,NM.1,#66e566,"semi-humid, cool",#F46D43,C,NA,NA
ARFR-CO932-316-JEFFERSON-12,black,7,26,27,NA,1395,1,1,0,NA,1,1,NA,1,0,NA,1,1,remove phenology for this plant as seems inconsistent? ,1,1,N,1,1,NA,NA,NA,NA,NA,Y,NA,NA,NA,ARFR4-SOS-CO932-316-JEFFERSON-12,#FFFF85,-105.358,39.66325,15 - 20 Deg. F. / 3 - 6,,15 - 20 Deg. F.,6-Mar,15 - 20 Deg. F. / 3 - 6,15 - 20 / semi-humid,CO.3,#698b69,"semi-humid, warm",#FFFF85,F,NA,NA
ARFR-WY050-49-FREMONT-12,black,7,26,28,NA,1396,1,1,0,NA,1,0,NA,1,0,NA,1,0,NA,1,1,N,1,1,NA,NA,NA,NA,NA,NA,NA,NA,NA,ARFR4-SOS-WY050-49-FREMONT-12,#5E4FA2,-109.34775,43.42663611,5 - 10 Deg. F. / 6 - 12,,5 - 10 Deg. F.,12-Jun,5 - 10 Deg. F. / 6 - 12,5 - 10 / semi-arid,WY.3,#ffb90f,"semi-arid, cold",#5E4FA2,K,NA,NA
ARFR-NM930N-66-11,black,7,26,29,NA,1397,1,1,0,NA,1,0,NA,1,0,NA,1,0,NA,1,1,N,1,1,NA,NA,NA,NA,NA,NA,NA,NA,NA,ARFR4-SOS-NM930N-66-11,#F46D43,-107.2045028,36.76818611,10 - 15 Deg. F. / 3 - 6,,10 - 15 Deg. F.,6-Mar,10 - 15 Deg. F. / 3 - 6,10 - 15 / semi-humid,NM.1,#66e566,"semi-humid, cool",#F46D43,C,NA,NA
ARFR-CO932-314-JEFFERSON-12,black,7,26,30,291,1398,1,1,0,NA,1,0,NA,1,0,NA,1,0,NA,1,1,N,1,1,NA,NA,NA,NA,NA,NA,NA,NA,NA,ARFR4-SOS-CO932-314-JEFFERSON-12,#FEE08B,-105.3553333,39.40902778,10 - 15 Deg. F. / 3 - 6,,10 - 15 Deg. F.,6-Mar,10 - 15 Deg. F. / 3 - 6,10 - 15 / semi-humid,CO.2,#66e566,"semi-humid, cool",#FEE08B,E,NA,NA
ARFR-UT080-109-UINTAH-12,black,7,26,31,NA,1399,1,1,0,NA,1,0,NA,1,0,NA,1,0,NA,1,1,N,1,1,NA,NA,NA,NA,NA,NA,NA,NA,NA,ARFR4-SOS-UT080-109-UINTAH-12,#aabe7f,-109.1426444,39.70802222,10 - 15 Deg. F. / 3 - 6,,10 - 15 Deg. F.,6-Mar,10 - 15 Deg. F. / 3 - 6,10 - 15 / semi-humid,UT.1,#66e566,"semi-humid, cool",#aabe7f,G,NA,NA
ARFR-WY050-49-FREMONT-12,black,7,26,32,NA,1400,1,1,0,NA,1,0,NA,1,0,NA,1,0,NA,1,1,N,1,1,NA,NA,NA,NA,NA,NA,NA,NA,NA,ARFR4-SOS-WY050-49-FREMONT-12,#5E4FA2,-109.34775,43.42663611,5 - 10 Deg. F. / 6 - 12,,5 - 10 Deg. F.,12-Jun,5 - 10 Deg. F. / 6 - 12,5 - 10 / semi-arid,WY.3,#ffb90f,"semi-arid, cold",#5E4FA2,K,NA,NA
ARFR-CO932-294-11,black,7,26,33,NA,1401,1,1,0,NA,1,0,NA,1,0,NA,1,0,NA,1,1,N,1,1,NA,NA,NA,NA,NA,NA,NA,NA,NA,ARFR4-SOS-CO932-294-11,#ABDDA4,-105.2030833,39.78458333,15 - 20 Deg. F. / 3 - 6,,15 - 20 Deg. F.,6-Mar,15 - 20 Deg. F. / 3 - 6,15 - 20 / semi-humid,CO.4,#698b69,"semi-humid, warm",#ABDDA4,H,NA,NA
ARFR-UT080-109-UINTAH-12,black,7,26,34,NA,1402,1,1,0,NA,1,0,NA,1,0,NA,1,0,NA,1,1,N,1,1,NA,NA,NA,NA,NA,NA,NA,NA,NA,ARFR4-SOS-UT080-109-UINTAH-12,#aabe7f,-109.1426444,39.70802222,10 - 15 Deg. F. / 3 - 6,,10 - 15 Deg. F.,6-Mar,10 - 15 Deg. F. / 3 - 6,10 - 15 / semi-humid,UT.1,#66e566,"semi-humid, cool",#aabe7f,G,NA,NA
ARFR-WY050-49-FREMONT-12,black,7,26,35,292,1403,1,1,0,NA,1,0,NA,1,0,NA,1,1,NA,1,1,N,1,1,NA,NA,NA,NA,NA,NA,NA,NA,NA,ARFR4-SOS-WY050-49-FREMONT-12,#5E4FA2,-109.34775,43.42663611,5 - 10 Deg. F. / 6 - 12,,5 - 10 Deg. F.,12-Jun,5 - 10 Deg. F. / 6 - 12,5 - 10 / semi-arid,WY.3,#ffb90f,"semi-arid, cold",#5E4FA2,K,NA,NA
ARFR-UT080-109-UINTAH-12,black,7,26,36,NA,1404,1,1,0,NA,1,1,NA,1,1,NA,1,1,NA,1,1,N,1,1,NA,NA,NA,NA,NA,NA,NA,NA,NA,ARFR4-SOS-UT080-109-UINTAH-12,#aabe7f,-109.1426444,39.70802222,10 - 15 Deg. F. / 3 - 6,,10 - 15 Deg. F.,6-Mar,10 - 15 Deg. F. / 3 - 6,10 - 15 / semi-humid,UT.1,#66e566,"semi-humid, cool",#aabe7f,G,NA,NA
ARFR-CO932-314-JEFFERSON-12,black,7,26,37,NA,1405,0,0,NA,NA,0,NA,NA,0,NA,NA,0,NA,NA,0,NA,N,0,NA,NA,NA,NA,NA,NA,NA,NA,NA,NA,ARFR4-SOS-CO932-314-JEFFERSON-12,#FEE08B,-105.3553333,39.40902778,10 - 15 Deg. F. / 3 - 6,,10 - 15 Deg. F.,6-Mar,10 - 15 Deg. F. / 3 - 6,10 - 15 / semi-humid,CO.2,#66e566,"semi-humid, cool",#FEE08B,E,NA,NA
ARFR-WY050-49-FREMONT-12,black,7,26,38,NA,1406,1,1,0,NA,1,0,NA,1,0,NA,1,0,NA,1,1,N,1,1,NA,NA,NA,NA,NA,NA,NA,NA,NA,ARFR4-SOS-WY050-49-FREMONT-12,#5E4FA2,-109.34775,43.42663611,5 - 10 Deg. F. / 6 - 12,,5 - 10 Deg. F.,12-Jun,5 - 10 Deg. F. / 6 - 12,5 - 10 / semi-arid,WY.3,#ffb90f,"semi-arid, cold",#5E4FA2,K,NA,NA
ARFR-WY040-71-10,black,7,26,39,NA,1407,1,1,1,NA,1,1,NA,1,1,NA,1,1,NA,1,1,N,1,1,NA,NA,NA,NA,NA,NA,NA,NA,NA,ARFR4-SOS-WY040-71-10,#66C2A5,-109.2433156,41.13271889,5 - 10 Deg. F. / 3 - 6,,5 - 10 Deg. F.,6-Mar,5 - 10 Deg. F. / 3 - 6,5 - 10 / semi-humid,WY.1,#a5c2f1,"semi-humid, cold",#66C2A5,I,NA,NA
ARFR-WY040-71-10,black,7,26,40,293,1408,1,1,0,NA,1,0,NA,1,0,NA,1,0,NA,1,1,N,1,1,NA,NA,NA,NA,NA,NA,NA,NA,NA,ARFR4-SOS-WY040-71-10,#66C2A5,-109.2433156,41.13271889,5 - 10 Deg. F. / 3 - 6,,5 - 10 Deg. F.,6-Mar,5 - 10 Deg. F. / 3 - 6,5 - 10 / semi-humid,WY.1,#a5c2f1,"semi-humid, cold",#66C2A5,I,NA,NA
ARFR-AZ930-423-NAVAJO-18,black,7,26,41,NA,1409,1,1,0,NA,1,1,NA,1,0,NA,1,1,remove phenology for this plant as seems inconsistent? ,1,1,N,1,1,NA,NA,NA,NA,NA,Y,NA,NA,NA,ARFR4-SOS-AZ930-423-NAVAJO-18,#9E0142,-110.431,36.45877,15 - 20 Deg. F. / 6 - 12,SdZones downloaded 20230823,15 - 20 Deg. F.,12-Jun,15 - 20 Deg. F. / 6 - 12,15 - 20 / semi-arid,AZ.1,#ee5c42,"semi-arid, warm",#9E0142,A,NA,NA
ARFR-WY930-44-LASANIMAS-13,black,7,26,42,NA,1410,1,1,0,NA,1,0,NA,1,0,NA,1,0,NA,1,1,N,1,1,NA,NA,NA,NA,NA,NA,NA,NA,NA,ARFR4-SOS-WY930-44-LASANIMAS-13,#FDAE61,-104.6423889,37.16547222,15 - 20 Deg. F. / 3 - 6,,15 - 20 Deg. F.,6-Mar,15 - 20 Deg. F. / 3 - 6,15 - 20 / semi-humid,CO.1,#698b69,"semi-humid, warm",#FDAE61,D,NA,NA
ARFR-AZ930-423-NAVAJO-18,black,7,26,43,NA,1411,1,1,0,NA,1,1,NA,1,0,NA,1,1,NA,1,1,N,1,1,NA,NA,NA,NA,NA,NA,NA,NA,NA,ARFR4-SOS-AZ930-423-NAVAJO-18,#9E0142,-110.431,36.45877,15 - 20 Deg. F. / 6 - 12,SdZones downloaded 20230823,15 - 20 Deg. F.,12-Jun,15 - 20 Deg. F. / 6 - 12,15 - 20 / semi-arid,AZ.1,#ee5c42,"semi-arid, warm",#9E0142,A,NA,NA
ARFR-WY040-71-10,black,7,26,44,NA,1412,1,1,1,NA,1,1,NA,1,1,NA,1,1,NA,1,1,N,1,1,NA,NA,NA,NA,NA,NA,NA,NA,NA,ARFR4-SOS-WY040-71-10,#66C2A5,-109.2433156,41.13271889,5 - 10 Deg. F. / 3 - 6,,5 - 10 Deg. F.,6-Mar,5 - 10 Deg. F. / 3 - 6,5 - 10 / semi-humid,WY.1,#a5c2f1,"semi-humid, cold",#66C2A5,I,NA,NA
ARFR-CO932-294-11,black,7,26,45,294,1413,1,1,0,NA,1,1,NA,1,0,NA,1,1,NA,1,1,N,1,1,NA,NA,NA,NA,NA,NA,NA,NA,NA,ARFR4-SOS-CO932-294-11,#ABDDA4,-105.2030833,39.78458333,15 - 20 Deg. F. / 3 - 6,,15 - 20 Deg. F.,6-Mar,15 - 20 Deg. F. / 3 - 6,15 - 20 / semi-humid,CO.4,#698b69,"semi-humid, warm",#ABDDA4,H,NA,NA
ARFR-WY050-49-FREMONT-12,black,7,26,46,NA,1414,1,1,0,NA,1,1,NA,1,0,NA,1,1,NA,1,1,N,1,1,NA,NA,NA,NA,NA,NA,NA,NA,NA,ARFR4-SOS-WY050-49-FREMONT-12,#5E4FA2,-109.34775,43.42663611,5 - 10 Deg. F. / 6 - 12,,5 - 10 Deg. F.,12-Jun,5 - 10 Deg. F. / 6 - 12,5 - 10 / semi-arid,WY.3,#ffb90f,"semi-arid, cold",#5E4FA2,K,NA,NA
ARFR-WY930-44-LASANIMAS-13,black,7,26,47,NA,1415,1,1,0,NA,1,1,NA,1,0,NA,1,0,NA,1,1,N,1,1,NA,NA,NA,NA,NA,NA,NA,NA,NA,ARFR4-SOS-WY930-44-LASANIMAS-13,#FDAE61,-104.6423889,37.16547222,15 - 20 Deg. F. / 3 - 6,,15 - 20 Deg. F.,6-Mar,15 - 20 Deg. F. / 3 - 6,15 - 20 / semi-humid,CO.1,#698b69,"semi-humid, warm",#FDAE61,D,NA,NA
ARFR-CO932-294-11,black,7,26,48,NA,1416,1,1,0,NA,1,1,NA,1,0,NA,1,0,NA,1,1,N,1,1,NA,NA,NA,NA,NA,NA,NA,NA,NA,ARFR4-SOS-CO932-294-11,#ABDDA4,-105.2030833,39.78458333,15 - 20 Deg. F. / 3 - 6,,15 - 20 Deg. F.,6-Mar,15 - 20 Deg. F. / 3 - 6,15 - 20 / semi-humid,CO.4,#698b69,"semi-humid, warm",#ABDDA4,H,NA,Y
ARFR-NM930N-66-11,black,7,26,49,NA,1417,1,0,NA,NA,0,NA,NA,0,NA,NA,0,NA,NA,0,NA,N,0,NA,NA,NA,NA,NA,NA,NA,Y,Y,Harvested,ARFR4-SOS-NM930N-66-11,#F46D43,-107.2045028,36.76818611,10 - 15 Deg. F. / 3 - 6,,10 - 15 Deg. F.,6-Mar,10 - 15 Deg. F. / 3 - 6,10 - 15 / semi-humid,NM.1,#66e566,"semi-humid, cool",#F46D43,C,NA,Y
ARFR-AZ930-422-NAVAJO-18,black,7,26,50,295,1418,1,1,NA,NA,1,NA,NA,1,0,NA,1,0,NA,1,1,N,1,1,NA,NA,NA,NA,NA,NA,NA,NA,NA,ARFR4-SOS-AZ930-422-NAVAJO-18,#D53E4F,-110.431,36.56805,15 - 20 Deg. F. / 6 - 12,Lats corrected 20230127,15 - 20 Deg. F.,12-Jun,15 - 20 Deg. F. / 6 - 12,15 - 20 / semi-arid,AZ.2,#ee5c42,"semi-arid, warm",#D53E4F,B,NA,NA
ARFR-AZ930-423-NAVAJO-18,black,7,26,51,NA,1419,1,1,0,NA,1,0,NA,1,1,NA,1,1,NA,1,1,N,1,1,NA,NA,NA,NA,NA,NA,NA,NA,NA,ARFR4-SOS-AZ930-423-NAVAJO-18,#9E0142,-110.431,36.45877,15 - 20 Deg. F. / 6 - 12,SdZones downloaded 20230823,15 - 20 Deg. F.,12-Jun,15 - 20 Deg. F. / 6 - 12,15 - 20 / semi-arid,AZ.1,#ee5c42,"semi-arid, warm",#9E0142,A,NA,NA
ARFR-AZ930-422-NAVAJO-18,black,7,26,52,NA,1420,1,1,0,NA,1,0,NA,1,1,NA,1,1,NA,1,1,Y,1,1,NA,NA,NA,NA,NA,NA,NA,NA,NA,ARFR4-SOS-AZ930-422-NAVAJO-18,#D53E4F,-110.431,36.56805,15 - 20 Deg. F. / 6 - 12,Lats corrected 20230127,15 - 20 Deg. F.,12-Jun,15 - 20 Deg. F. / 6 - 12,15 - 20 / semi-arid,AZ.2,#ee5c42,"semi-arid, warm",#D53E4F,B,NA,NA
ARFR-AZ930-422-NAVAJO-18,black,7,26,53,NA,1421,1,1,0,NA,1,0,NA,1,1,NA,1,1,NA,1,1,N,1,1,NA,NA,NA,NA,NA,NA,NA,NA,NA,ARFR4-SOS-AZ930-422-NAVAJO-18,#D53E4F,-110.431,36.56805,15 - 20 Deg. F. / 6 - 12,Lats corrected 20230127,15 - 20 Deg. F.,12-Jun,15 - 20 Deg. F. / 6 - 12,15 - 20 / semi-arid,AZ.2,#ee5c42,"semi-arid, warm",#D53E4F,B,NA,NA
ARFR-WY050-151-FREMONT-16,black,7,26,54,NA,1422,1,1,0,NA,1,0,NA,1,1,NA,1,1,NA,1,1,N,1,1,NA,NA,NA,NA,NA,NA,NA,NA,NA,ARFR4-SOS-WY050-151-FREMONT-16,#3288BD,-108.1704472,42.47886111,10 - 15 Deg. F. / 6 - 12,,10 - 15 Deg. F.,12-Jun,10 - 15 Deg. F. / 6 - 12,10 - 15 / semi-arid,WY.2,#cd8500,"semi-arid, cool",#3288BD,J,NA,NA
ARFR-WY050-49-FREMONT-12,black,7,26,55,296,1423,1,1,0,NA,1,0,NA,1,1,NA,1,1,NA,1,1,N,1,1,NA,NA,NA,NA,NA,NA,NA,NA,NA,ARFR4-SOS-WY050-49-FREMONT-12,#5E4FA2,-109.34775,43.42663611,5 - 10 Deg. F. / 6 - 12,,5 - 10 Deg. F.,12-Jun,5 - 10 Deg. F. / 6 - 12,5 - 10 / semi-arid,WY.3,#ffb90f,"semi-arid, cold",#5E4FA2,K,NA,NA
ARFR-CO932-294-11,black,7,27,1,297,1424,1,1,0,NA,1,0,NA,1,0,NA,1,1,NA,1,1,N,1,1,NA,NA,NA,NA,NA,NA,NA,NA,NA,ARFR4-SOS-CO932-294-11,#ABDDA4,-105.2030833,39.78458333,15 - 20 Deg. F. / 3 - 6,,15 - 20 Deg. F.,6-Mar,15 - 20 Deg. F. / 3 - 6,15 - 20 / semi-humid,CO.4,#698b69,"semi-humid, warm",#ABDDA4,H,NA,NA
ARFR-WY040-71-10,black,7,27,2,NA,1425,1,1,0,NA,1,1,NA,1,1,NA,1,1,NA,1,1,N,1,1,NA,NA,NA,NA,NA,NA,NA,NA,NA,ARFR4-SOS-WY040-71-10,#66C2A5,-109.2433156,41.13271889,5 - 10 Deg. F. / 3 - 6,,5 - 10 Deg. F.,6-Mar,5 - 10 Deg. F. / 3 - 6,5 - 10 / semi-humid,WY.1,#a5c2f1,"semi-humid, cold",#66C2A5,I,NA,NA
ARFR-CO932-316-JEFFERSON-12,black,7,27,3,NA,1426,1,1,0,NA,1,0,NA,1,0,NA,1,1,NA,1,1,N,1,1,NA,NA,NA,NA,NA,NA,NA,NA,NA,ARFR4-SOS-CO932-316-JEFFERSON-12,#FFFF85,-105.358,39.66325,15 - 20 Deg. F. / 3 - 6,,15 - 20 Deg. F.,6-Mar,15 - 20 Deg. F. / 3 - 6,15 - 20 / semi-humid,CO.3,#698b69,"semi-humid, warm",#FFFF85,F,NA,NA
ARFR-AZ930-422-NAVAJO-18,black,7,27,4,NA,1427,1,1,0,NA,1,0,NA,1,0,NA,1,1,NA,1,1,N,1,1,NA,NA,NA,NA,NA,NA,NA,NA,NA,ARFR4-SOS-AZ930-422-NAVAJO-18,#D53E4F,-110.431,36.56805,15 - 20 Deg. F. / 6 - 12,Lats corrected 20230127,15 - 20 Deg. F.,12-Jun,15 - 20 Deg. F. / 6 - 12,15 - 20 / semi-arid,AZ.2,#ee5c42,"semi-arid, warm",#D53E4F,B,NA,NA
ARFR-WY050-151-FREMONT-16,black,7,27,5,298,1428,1,1,0,NA,1,0,NA,1,1,NA,1,1,NA,1,1,N,1,1,NA,NA,NA,NA,NA,NA,NA,NA,NA,ARFR4-SOS-WY050-151-FREMONT-16,#3288BD,-108.1704472,42.47886111,10 - 15 Deg. F. / 6 - 12,,10 - 15 Deg. F.,12-Jun,10 - 15 Deg. F. / 6 - 12,10 - 15 / semi-arid,WY.2,#cd8500,"semi-arid, cool",#3288BD,J,NA,NA
ARFR-WY050-151-FREMONT-16,black,7,27,6,NA,1429,1,1,0,NA,1,0,NA,1,0,NA,1,1,NA,1,1,N,1,1,NA,NA,NA,NA,NA,NA,NA,NA,NA,ARFR4-SOS-WY050-151-FREMONT-16,#3288BD,-108.1704472,42.47886111,10 - 15 Deg. F. / 6 - 12,,10 - 15 Deg. F.,12-Jun,10 - 15 Deg. F. / 6 - 12,10 - 15 / semi-arid,WY.2,#cd8500,"semi-arid, cool",#3288BD,J,NA,NA
ARFR-WY040-71-10,black,7,27,7,NA,1430,1,1,0,NA,1,1,NA,1,1,NA,1,1,NA,1,1,N,1,1,NA,NA,NA,NA,NA,NA,NA,NA,NA,ARFR4-SOS-WY040-71-10,#66C2A5,-109.2433156,41.13271889,5 - 10 Deg. F. / 3 - 6,,5 - 10 Deg. F.,6-Mar,5 - 10 Deg. F. / 3 - 6,5 - 10 / semi-humid,WY.1,#a5c2f1,"semi-humid, cold",#66C2A5,I,NA,NA
ARFR-NM930N-66-11,black,7,27,8,NA,1431,1,1,0,NA,1,1,NA,1,1,NA,1,1,NA,1,1,N,1,1,NA,NA,NA,NA,NA,NA,NA,NA,NA,ARFR4-SOS-NM930N-66-11,#F46D43,-107.2045028,36.76818611,10 - 15 Deg. F. / 3 - 6,,10 - 15 Deg. F.,6-Mar,10 - 15 Deg. F. / 3 - 6,10 - 15 / semi-humid,NM.1,#66e566,"semi-humid, cool",#F46D43,C,NA,NA
ARFR-AZ930-422-NAVAJO-18,black,7,27,9,NA,1432,1,1,0,NA,1,1,NA,1,0,NA,1,0,NA,1,1,Y,1,1,NA,NA,NA,NA,NA,NA,NA,NA,NA,ARFR4-SOS-AZ930-422-NAVAJO-18,#D53E4F,-110.431,36.56805,15 - 20 Deg. F. / 6 - 12,Lats corrected 20230127,15 - 20 Deg. F.,12-Jun,15 - 20 Deg. F. / 6 - 12,15 - 20 / semi-arid,AZ.2,#ee5c42,"semi-arid, warm",#D53E4F,B,NA,NA
ARFR-WY930-44-LASANIMAS-13,black,7,27,10,299,1433,1,1,0,NA,1,0,NA,1,0,NA,1,1,NA,1,1,N,1,1,NA,NA,NA,NA,NA,NA,NA,NA,NA,ARFR4-SOS-WY930-44-LASANIMAS-13,#FDAE61,-104.6423889,37.16547222,15 - 20 Deg. F. / 3 - 6,,15 - 20 Deg. F.,6-Mar,15 - 20 Deg. F. / 3 - 6,15 - 20 / semi-humid,CO.1,#698b69,"semi-humid, warm",#FDAE61,D,NA,NA
ARFR-AZ930-422-NAVAJO-18,black,7,27,11,NA,1434,1,1,0,NA,1,0,NA,1,1,NA,1,1,NA,1,1,N,1,1,NA,NA,NA,NA,NA,NA,NA,NA,NA,ARFR4-SOS-AZ930-422-NAVAJO-18,#D53E4F,-110.431,36.56805,15 - 20 Deg. F. / 6 - 12,Lats corrected 20230127,15 - 20 Deg. F.,12-Jun,15 - 20 Deg. F. / 6 - 12,15 - 20 / semi-arid,AZ.2,#ee5c42,"semi-arid, warm",#D53E4F,B,NA,NA
ARFR-CO932-314-JEFFERSON-12,black,7,27,12,NA,1435,1,1,0,NA,1,0,NA,1,1,NA,1,1,NA,1,1,N,1,1,NA,NA,NA,NA,NA,NA,NA,NA,NA,ARFR4-SOS-CO932-314-JEFFERSON-12,#FEE08B,-105.3553333,39.40902778,10 - 15 Deg. F. / 3 - 6,,10 - 15 Deg. F.,6-Mar,10 - 15 Deg. F. / 3 - 6,10 - 15 / semi-humid,CO.2,#66e566,"semi-humid, cool",#FEE08B,E,NA,NA
ARFR-CO932-294-11,black,7,27,13,NA,1436,1,1,0,NA,1,0,NA,1,0,NA,1,0,NA,1,0,N,1,0,NA,NA,NA,NA,NA,NA,NA,NA,NA,ARFR4-SOS-CO932-294-11,#ABDDA4,-105.2030833,39.78458333,15 - 20 Deg. F. / 3 - 6,,15 - 20 Deg. F.,6-Mar,15 - 20 Deg. F. / 3 - 6,15 - 20 / semi-humid,CO.4,#698b69,"semi-humid, warm",#ABDDA4,H,NA,NA
ARFR-NM930N-66-11,black,7,27,14,NA,1437,1,1,1,NA,1,1,NA,1,1,NA,1,1,NA,1,1,N,1,1,NA,NA,NA,NA,NA,NA,NA,NA,NA,ARFR4-SOS-NM930N-66-11,#F46D43,-107.2045028,36.76818611,10 - 15 Deg. F. / 3 - 6,,10 - 15 Deg. F.,6-Mar,10 - 15 Deg. F. / 3 - 6,10 - 15 / semi-humid,NM.1,#66e566,"semi-humid, cool",#F46D43,C,NA,NA
ARFR-AZ930-423-NAVAJO-18,black,7,27,15,300,1438,1,1,0,NA,1,1,NA,1,1,NA,1,1,NA,1,1,N,1,1,NA,NA,NA,NA,NA,NA,NA,NA,NA,ARFR4-SOS-AZ930-423-NAVAJO-18,#9E0142,-110.431,36.45877,15 - 20 Deg. F. / 6 - 12,SdZones downloaded 20230823,15 - 20 Deg. F.,12-Jun,15 - 20 Deg. F. / 6 - 12,15 - 20 / semi-arid,AZ.1,#ee5c42,"semi-arid, warm",#9E0142,A,NA,NA
ARFR-UT080-109-UINTAH-12,black,7,27,16,NA,1439,1,1,0,NA,1,0,NA,1,0,NA,1,1,NA,1,1,N,1,1,NA,NA,NA,NA,NA,NA,NA,NA,NA,ARFR4-SOS-UT080-109-UINTAH-12,#aabe7f,-109.1426444,39.70802222,10 - 15 Deg. F. / 3 - 6,,10 - 15 Deg. F.,6-Mar,10 - 15 Deg. F. / 3 - 6,10 - 15 / semi-humid,UT.1,#66e566,"semi-humid, cool",#aabe7f,G,NA,NA
ARFR-WY050-151-FREMONT-16,black,7,27,17,NA,1440,1,1,0,NA,1,0,NA,1,1,NA,1,1,NA,1,1,N,1,1,NA,NA,NA,NA,NA,NA,NA,NA,NA,ARFR4-SOS-WY050-151-FREMONT-16,#3288BD,-108.1704472,42.47886111,10 - 15 Deg. F. / 6 - 12,,10 - 15 Deg. F.,12-Jun,10 - 15 Deg. F. / 6 - 12,10 - 15 / semi-arid,WY.2,#cd8500,"semi-arid, cool",#3288BD,J,NA,Y
ARFR-CO932-314-JEFFERSON-12,black,7,27,18,NA,1441,1,1,0,NA,1,1,NA,1,0,NA,1,1,NA,1,1,N,1,1,NA,NA,NA,NA,NA,NA,NA,NA,NA,ARFR4-SOS-CO932-314-JEFFERSON-12,#FEE08B,-105.3553333,39.40902778,10 - 15 Deg. F. / 3 - 6,,10 - 15 Deg. F.,6-Mar,10 - 15 Deg. F. / 3 - 6,10 - 15 / semi-humid,CO.2,#66e566,"semi-humid, cool",#FEE08B,E,NA,NA
ARFR-AZ930-422-NAVAJO-18,black,7,27,19,NA,1442,1,1,0,NA,1,0,NA,1,0,NA,1,0,NA,1,1,N,1,1,NA,NA,NA,NA,NA,NA,NA,NA,NA,ARFR4-SOS-AZ930-422-NAVAJO-18,#D53E4F,-110.431,36.56805,15 - 20 Deg. F. / 6 - 12,Lats corrected 20230127,15 - 20 Deg. F.,12-Jun,15 - 20 Deg. F. / 6 - 12,15 - 20 / semi-arid,AZ.2,#ee5c42,"semi-arid, warm",#D53E4F,B,NA,NA
ARFR-CO932-314-JEFFERSON-12,black,7,27,20,301,1443,1,1,0,NA,1,0,NA,1,0,NA,1,0,NA,1,1,N,1,1,NA,NA,NA,NA,NA,NA,NA,NA,NA,ARFR4-SOS-CO932-314-JEFFERSON-12,#FEE08B,-105.3553333,39.40902778,10 - 15 Deg. F. / 3 - 6,,10 - 15 Deg. F.,6-Mar,10 - 15 Deg. F. / 3 - 6,10 - 15 / semi-humid,CO.2,#66e566,"semi-humid, cool",#FEE08B,E,NA,NA
ARFR-CO932-316-JEFFERSON-12,black,7,27,21,NA,1444,1,1,0,NA,1,0,NA,1,0,NA,1,0,NA,1,1,N,1,1,NA,NA,NA,NA,NA,NA,NA,NA,NA,ARFR4-SOS-CO932-316-JEFFERSON-12,#FFFF85,-105.358,39.66325,15 - 20 Deg. F. / 3 - 6,,15 - 20 Deg. F.,6-Mar,15 - 20 Deg. F. / 3 - 6,15 - 20 / semi-humid,CO.3,#698b69,"semi-humid, warm",#FFFF85,F,NA,NA
ARFR-WY930-44-LASANIMAS-13,black,7,27,22,NA,1445,1,1,0,NA,1,0,NA,1,0,NA,1,0,NA,1,1,N,1,1,NA,NA,NA,NA,NA,NA,NA,NA,NA,ARFR4-SOS-WY930-44-LASANIMAS-13,#FDAE61,-104.6423889,37.16547222,15 - 20 Deg. F. / 3 - 6,,15 - 20 Deg. F.,6-Mar,15 - 20 Deg. F. / 3 - 6,15 - 20 / semi-humid,CO.1,#698b69,"semi-humid, warm",#FDAE61,D,NA,NA
ARFR-CO932-294-11,black,7,27,23,NA,1446,1,1,0,NA,1,0,NA,1,0,NA,1,0,NA,1,1,N,1,1,NA,NA,NA,NA,NA,NA,NA,NA,NA,ARFR4-SOS-CO932-294-11,#ABDDA4,-105.2030833,39.78458333,15 - 20 Deg. F. / 3 - 6,,15 - 20 Deg. F.,6-Mar,15 - 20 Deg. F. / 3 - 6,15 - 20 / semi-humid,CO.4,#698b69,"semi-humid, warm",#ABDDA4,H,NA,NA
ARFR-NM930N-66-11,black,7,27,24,NA,1447,1,1,0,NA,1,0,NA,1,0,NA,1,0,NA,1,0,N,1,0,NA,NA,NA,NA,NA,NA,NA,NA,NA,ARFR4-SOS-NM930N-66-11,#F46D43,-107.2045028,36.76818611,10 - 15 Deg. F. / 3 - 6,,10 - 15 Deg. F.,6-Mar,10 - 15 Deg. F. / 3 - 6,10 - 15 / semi-humid,NM.1,#66e566,"semi-humid, cool",#F46D43,C,NA,NA
ARFR-CO932-316-JEFFERSON-12,black,7,27,25,302,1448,1,1,0,NA,1,0,NA,1,1,NA,1,1,NA,1,1,N,1,1,NA,NA,NA,NA,NA,NA,NA,NA,NA,ARFR4-SOS-CO932-316-JEFFERSON-12,#FFFF85,-105.358,39.66325,15 - 20 Deg. F. / 3 - 6,,15 - 20 Deg. F.,6-Mar,15 - 20 Deg. F. / 3 - 6,15 - 20 / semi-humid,CO.3,#698b69,"semi-humid, warm",#FFFF85,F,NA,Y
ARFR-AZ930-422-NAVAJO-18,black,7,27,26,NA,1449,1,1,0,NA,1,0,NA,1,0,NA,1,1,NA,1,1,N,1,1,NA,NA,NA,NA,NA,NA,NA,NA,NA,ARFR4-SOS-AZ930-422-NAVAJO-18,#D53E4F,-110.431,36.56805,15 - 20 Deg. F. / 6 - 12,Lats corrected 20230127,15 - 20 Deg. F.,12-Jun,15 - 20 Deg. F. / 6 - 12,15 - 20 / semi-arid,AZ.2,#ee5c42,"semi-arid, warm",#D53E4F,B,NA,NA
ARFR-AZ930-423-NAVAJO-18,black,7,27,27,NA,1450,1,1,0,NA,1,0,NA,1,0,NA,1,1,NA,1,1,N,1,1,NA,NA,NA,NA,NA,NA,NA,NA,NA,ARFR4-SOS-AZ930-423-NAVAJO-18,#9E0142,-110.431,36.45877,15 - 20 Deg. F. / 6 - 12,SdZones downloaded 20230823,15 - 20 Deg. F.,12-Jun,15 - 20 Deg. F. / 6 - 12,15 - 20 / semi-arid,AZ.1,#ee5c42,"semi-arid, warm",#9E0142,A,NA,NA
ARFR-NM930N-66-11,black,7,27,28,NA,1451,1,1,0,NA,1,0,NA,1,0,NA,1,1,NA,1,1,Y,1,1,NA,NA,NA,NA,NA,NA,NA,NA,NA,ARFR4-SOS-NM930N-66-11,#F46D43,-107.2045028,36.76818611,10 - 15 Deg. F. / 3 - 6,,10 - 15 Deg. F.,6-Mar,10 - 15 Deg. F. / 3 - 6,10 - 15 / semi-humid,NM.1,#66e566,"semi-humid, cool",#F46D43,C,NA,NA
ARFR-UT080-109-UINTAH-12,black,7,27,29,NA,1452,1,1,0,NA,1,0,NA,1,0,NA,1,0,NA,1,1,N,1,1,NA,NA,NA,NA,NA,NA,NA,NA,NA,ARFR4-SOS-UT080-109-UINTAH-12,#aabe7f,-109.1426444,39.70802222,10 - 15 Deg. F. / 3 - 6,,10 - 15 Deg. F.,6-Mar,10 - 15 Deg. F. / 3 - 6,10 - 15 / semi-humid,UT.1,#66e566,"semi-humid, cool",#aabe7f,G,NA,NA
ARFR-AZ930-423-NAVAJO-18,black,7,27,30,303,1453,1,1,0,NA,1,0,NA,1,0,NA,1,0,NA,1,1,N,1,1,NA,NA,NA,NA,NA,NA,NA,NA,NA,ARFR4-SOS-AZ930-423-NAVAJO-18,#9E0142,-110.431,36.45877,15 - 20 Deg. F. / 6 - 12,SdZones downloaded 20230823,15 - 20 Deg. F.,12-Jun,15 - 20 Deg. F. / 6 - 12,15 - 20 / semi-arid,AZ.1,#ee5c42,"semi-arid, warm",#9E0142,A,NA,NA
ARFR-AZ930-423-NAVAJO-18,black,7,27,31,NA,1454,1,1,0,NA,1,0,NA,1,0,NA,1,1,NA,1,1,N,1,1,NA,NA,NA,NA,NA,NA,NA,NA,NA,ARFR4-SOS-AZ930-423-NAVAJO-18,#9E0142,-110.431,36.45877,15 - 20 Deg. F. / 6 - 12,SdZones downloaded 20230823,15 - 20 Deg. F.,12-Jun,15 - 20 Deg. F. / 6 - 12,15 - 20 / semi-arid,AZ.1,#ee5c42,"semi-arid, warm",#9E0142,A,NA,NA
ARFR-CO932-316-JEFFERSON-12,black,7,27,32,NA,1455,1,1,0,NA,1,0,NA,1,0,NA,1,0,NA,1,1,N,1,1,NA,NA,NA,NA,NA,NA,NA,NA,NA,ARFR4-SOS-CO932-316-JEFFERSON-12,#FFFF85,-105.358,39.66325,15 - 20 Deg. F. / 3 - 6,,15 - 20 Deg. F.,6-Mar,15 - 20 Deg. F. / 3 - 6,15 - 20 / semi-humid,CO.3,#698b69,"semi-humid, warm",#FFFF85,F,NA,NA
ARFR-WY040-71-10,black,7,27,33,NA,1456,1,1,0,NA,1,1,NA,1,1,NA,1,1,NA,1,1,N,1,1,NA,NA,NA,NA,NA,NA,NA,NA,NA,ARFR4-SOS-WY040-71-10,#66C2A5,-109.2433156,41.13271889,5 - 10 Deg. F. / 3 - 6,,5 - 10 Deg. F.,6-Mar,5 - 10 Deg. F. / 3 - 6,5 - 10 / semi-humid,WY.1,#a5c2f1,"semi-humid, cold",#66C2A5,I,NA,NA
ARFR-WY050-151-FREMONT-16,black,7,27,34,NA,1457,1,1,0,NA,1,0,NA,1,1,NA,1,1,NA,1,1,N,1,1,NA,NA,NA,NA,NA,NA,NA,NA,NA,ARFR4-SOS-WY050-151-FREMONT-16,#3288BD,-108.1704472,42.47886111,10 - 15 Deg. F. / 6 - 12,,10 - 15 Deg. F.,12-Jun,10 - 15 Deg. F. / 6 - 12,10 - 15 / semi-arid,WY.2,#cd8500,"semi-arid, cool",#3288BD,J,NA,NA
ARFR-CO932-314-JEFFERSON-12,black,7,27,35,304,1458,1,1,0,NA,1,0,NA,1,0,NA,1,0,NA,1,1,N,1,1,NA,NA,NA,NA,NA,NA,NA,NA,NA,ARFR4-SOS-CO932-314-JEFFERSON-12,#FEE08B,-105.3553333,39.40902778,10 - 15 Deg. F. / 3 - 6,,10 - 15 Deg. F.,6-Mar,10 - 15 Deg. F. / 3 - 6,10 - 15 / semi-humid,CO.2,#66e566,"semi-humid, cool",#FEE08B,E,NA,NA
ARFR-AZ930-422-NAVAJO-18,black,7,27,36,NA,1459,1,1,0,NA,1,0,NA,1,0,NA,1,0,NA,1,1,N,1,1,NA,NA,NA,NA,NA,NA,NA,NA,NA,ARFR4-SOS-AZ930-422-NAVAJO-18,#D53E4F,-110.431,36.56805,15 - 20 Deg. F. / 6 - 12,Lats corrected 20230127,15 - 20 Deg. F.,12-Jun,15 - 20 Deg. F. / 6 - 12,15 - 20 / semi-arid,AZ.2,#ee5c42,"semi-arid, warm",#D53E4F,B,NA,NA
ARFR-CO932-294-11,black,7,27,37,NA,1460,1,1,0,NA,1,0,NA,1,0,NA,1,1,NA,1,1,N,1,1,NA,NA,NA,NA,NA,NA,NA,NA,NA,ARFR4-SOS-CO932-294-11,#ABDDA4,-105.2030833,39.78458333,15 - 20 Deg. F. / 3 - 6,,15 - 20 Deg. F.,6-Mar,15 - 20 Deg. F. / 3 - 6,15 - 20 / semi-humid,CO.4,#698b69,"semi-humid, warm",#ABDDA4,H,NA,NA
ARFR-NM930N-66-11,black,7,27,38,NA,1461,1,1,0,NA,1,0,NA,1,0,NA,1,1,NA,1,1,N,1,1,NA,NA,NA,NA,NA,NA,NA,NA,NA,ARFR4-SOS-NM930N-66-11,#F46D43,-107.2045028,36.76818611,10 - 15 Deg. F. / 3 - 6,,10 - 15 Deg. F.,6-Mar,10 - 15 Deg. F. / 3 - 6,10 - 15 / semi-humid,NM.1,#66e566,"semi-humid, cool",#F46D43,C,NA,NA
ARFR-CO932-294-11,black,7,27,39,NA,1462,1,1,0,NA,1,0,NA,1,0,NA,1,1,NA,1,1,N,1,1,NA,NA,NA,NA,NA,NA,NA,NA,NA,ARFR4-SOS-CO932-294-11,#ABDDA4,-105.2030833,39.78458333,15 - 20 Deg. F. / 3 - 6,,15 - 20 Deg. F.,6-Mar,15 - 20 Deg. F. / 3 - 6,15 - 20 / semi-humid,CO.4,#698b69,"semi-humid, warm",#ABDDA4,H,NA,NA
ARFR-WY930-44-LASANIMAS-13,black,7,27,40,305,1463,1,1,0,NA,1,0,NA,1,0,NA,1,0,NA,1,1,N,1,1,NA,NA,NA,NA,NA,NA,NA,NA,NA,ARFR4-SOS-WY930-44-LASANIMAS-13,#FDAE61,-104.6423889,37.16547222,15 - 20 Deg. F. / 3 - 6,,15 - 20 Deg. F.,6-Mar,15 - 20 Deg. F. / 3 - 6,15 - 20 / semi-humid,CO.1,#698b69,"semi-humid, warm",#FDAE61,D,NA,NA
ARFR-CO932-316-JEFFERSON-12,black,7,27,41,NA,1464,1,1,0,NA,1,0,NA,1,0,NA,1,1,NA,1,1,N,1,1,NA,NA,NA,NA,NA,NA,NA,NA,NA,ARFR4-SOS-CO932-316-JEFFERSON-12,#FFFF85,-105.358,39.66325,15 - 20 Deg. F. / 3 - 6,,15 - 20 Deg. F.,6-Mar,15 - 20 Deg. F. / 3 - 6,15 - 20 / semi-humid,CO.3,#698b69,"semi-humid, warm",#FFFF85,F,NA,NA
ARFR-CO932-294-11,black,7,27,42,NA,1465,1,1,0,NA,1,0,NA,1,0,NA,1,0,NA,1,1,N,1,1,NA,NA,NA,NA,NA,NA,NA,NA,NA,ARFR4-SOS-CO932-294-11,#ABDDA4,-105.2030833,39.78458333,15 - 20 Deg. F. / 3 - 6,,15 - 20 Deg. F.,6-Mar,15 - 20 Deg. F. / 3 - 6,15 - 20 / semi-humid,CO.4,#698b69,"semi-humid, warm",#ABDDA4,H,NA,NA
ARFR-WY040-71-10,black,7,27,43,NA,1466,1,1,1,NA,1,1,NA,1,1,NA,1,1,NA,1,0,N,1,0,NA,NA,NA,NA,NA,Y,NA,NA,NA,ARFR4-SOS-WY040-71-10,#66C2A5,-109.2433156,41.13271889,5 - 10 Deg. F. / 3 - 6,,5 - 10 Deg. F.,6-Mar,5 - 10 Deg. F. / 3 - 6,5 - 10 / semi-humid,WY.1,#a5c2f1,"semi-humid, cold",#66C2A5,I,NA,NA
ARFR-NM930N-66-11,black,7,27,44,NA,1467,1,1,0,NA,1,0,NA,1,0,NA,1,1,NA,1,1,N,1,1,NA,NA,NA,NA,NA,NA,NA,NA,NA,ARFR4-SOS-NM930N-66-11,#F46D43,-107.2045028,36.76818611,10 - 15 Deg. F. / 3 - 6,,10 - 15 Deg. F.,6-Mar,10 - 15 Deg. F. / 3 - 6,10 - 15 / semi-humid,NM.1,#66e566,"semi-humid, cool",#F46D43,C,NA,NA
ARFR-CO932-294-11,black,7,27,45,306,1468,1,1,0,NA,1,0,NA,1,0,NA,1,1,NA,1,1,Y,1,1,NA,NA,NA,NA,NA,NA,NA,NA,NA,ARFR4-SOS-CO932-294-11,#ABDDA4,-105.2030833,39.78458333,15 - 20 Deg. F. / 3 - 6,,15 - 20 Deg. F.,6-Mar,15 - 20 Deg. F. / 3 - 6,15 - 20 / semi-humid,CO.4,#698b69,"semi-humid, warm",#ABDDA4,H,NA,NA
ARFR-AZ930-423-NAVAJO-18,black,7,27,46,NA,1469,1,1,0,NA,1,0,NA,1,0,NA,1,0,NA,1,0,N,1,0,NA,NA,NA,NA,NA,NA,NA,NA,NA,ARFR4-SOS-AZ930-423-NAVAJO-18,#9E0142,-110.431,36.45877,15 - 20 Deg. F. / 6 - 12,SdZones downloaded 20230823,15 - 20 Deg. F.,12-Jun,15 - 20 Deg. F. / 6 - 12,15 - 20 / semi-arid,AZ.1,#ee5c42,"semi-arid, warm",#9E0142,A,NA,NA
ARFR-CO932-316-JEFFERSON-12,black,7,27,47,NA,1470,1,1,0,NA,1,0,NA,1,0,NA,1,0,NA,1,1,N,1,1,NA,NA,NA,NA,NA,NA,NA,NA,NA,ARFR4-SOS-CO932-316-JEFFERSON-12,#FFFF85,-105.358,39.66325,15 - 20 Deg. F. / 3 - 6,,15 - 20 Deg. F.,6-Mar,15 - 20 Deg. F. / 3 - 6,15 - 20 / semi-humid,CO.3,#698b69,"semi-humid, warm",#FFFF85,F,NA,NA
ARFR-WY040-71-10,black,7,27,48,NA,1471,1,1,0,NA,1,1,NA,1,1,NA,1,1,NA,1,1,N,1,1,NA,NA,NA,NA,NA,NA,NA,NA,NA,ARFR4-SOS-WY040-71-10,#66C2A5,-109.2433156,41.13271889,5 - 10 Deg. F. / 3 - 6,,5 - 10 Deg. F.,6-Mar,5 - 10 Deg. F. / 3 - 6,5 - 10 / semi-humid,WY.1,#a5c2f1,"semi-humid, cold",#66C2A5,I,NA,NA
ARFR-WY050-49-FREMONT-12,black,7,27,49,NA,1472,1,1,0,NA,1,0,NA,1,1,NA,1,1,NA,1,1,N,1,1,NA,NA,NA,NA,NA,NA,NA,NA,NA,ARFR4-SOS-WY050-49-FREMONT-12,#5E4FA2,-109.34775,43.42663611,5 - 10 Deg. F. / 6 - 12,,5 - 10 Deg. F.,12-Jun,5 - 10 Deg. F. / 6 - 12,5 - 10 / semi-arid,WY.3,#ffb90f,"semi-arid, cold",#5E4FA2,K,NA,NA
ARFR-AZ930-423-NAVAJO-18,black,7,27,50,307,1473,1,1,0,NA,1,0,NA,1,0,NA,1,1,NA,1,1,N,1,1,NA,NA,NA,NA,NA,NA,NA,NA,NA,ARFR4-SOS-AZ930-423-NAVAJO-18,#9E0142,-110.431,36.45877,15 - 20 Deg. F. / 6 - 12,SdZones downloaded 20230823,15 - 20 Deg. F.,12-Jun,15 - 20 Deg. F. / 6 - 12,15 - 20 / semi-arid,AZ.1,#ee5c42,"semi-arid, warm",#9E0142,A,NA,NA
ARFR-WY930-44-LASANIMAS-13,black,7,27,51,NA,1474,1,1,0,NA,1,0,NA,1,0,NA,1,1,NA,1,1,N,1,1,NA,NA,NA,NA,NA,NA,NA,NA,NA,ARFR4-SOS-WY930-44-LASANIMAS-13,#FDAE61,-104.6423889,37.16547222,15 - 20 Deg. F. / 3 - 6,,15 - 20 Deg. F.,6-Mar,15 - 20 Deg. F. / 3 - 6,15 - 20 / semi-humid,CO.1,#698b69,"semi-humid, warm",#FDAE61,D,NA,NA
ARFR-AZ930-422-NAVAJO-18,black,7,27,52,NA,1475,1,0,NA,NA,0,NA,NA,0,NA,NA,0,NA,NA,0,NA,N,0,NA,NA,NA,NA,NA,NA,NA,Y,Y,Harvested,ARFR4-SOS-AZ930-422-NAVAJO-18,#D53E4F,-110.431,36.56805,15 - 20 Deg. F. / 6 - 12,Lats corrected 20230127,15 - 20 Deg. F.,12-Jun,15 - 20 Deg. F. / 6 - 12,15 - 20 / semi-arid,AZ.2,#ee5c42,"semi-arid, warm",#D53E4F,B,NA,Y
ARFR-WY050-49-FREMONT-12,black,7,27,53,NA,1476,1,1,0,NA,1,0,NA,1,0,NA,1,1,NA,1,1,N,1,1,NA,NA,NA,NA,NA,NA,NA,NA,NA,ARFR4-SOS-WY050-49-FREMONT-12,#5E4FA2,-109.34775,43.42663611,5 - 10 Deg. F. / 6 - 12,,5 - 10 Deg. F.,12-Jun,5 - 10 Deg. F. / 6 - 12,5 - 10 / semi-arid,WY.3,#ffb90f,"semi-arid, cold",#5E4FA2,K,NA,Y
ARFR-AZ930-422-NAVAJO-18,black,7,27,54,NA,1477,1,1,0,NA,1,0,NA,1,0,NA,1,0,NA,1,1,N,1,1,NA,NA,NA,NA,NA,NA,NA,NA,NA,ARFR4-SOS-AZ930-422-NAVAJO-18,#D53E4F,-110.431,36.56805,15 - 20 Deg. F. / 6 - 12,Lats corrected 20230127,15 - 20 Deg. F.,12-Jun,15 - 20 Deg. F. / 6 - 12,15 - 20 / semi-arid,AZ.2,#ee5c42,"semi-arid, warm",#D53E4F,B,NA,NA
ARFR-WY050-49-FREMONT-12,black,7,27,55,308,1478,1,1,0,NA,1,0,NA,1,0,NA,1,0,NA,1,1,N,1,1,NA,NA,NA,NA,NA,NA,NA,NA,NA,ARFR4-SOS-WY050-49-FREMONT-12,#5E4FA2,-109.34775,43.42663611,5 - 10 Deg. F. / 6 - 12,,5 - 10 Deg. F.,12-Jun,5 - 10 Deg. F. / 6 - 12,5 - 10 / semi-arid,WY.3,#ffb90f,"semi-arid, cold",#5E4FA2,K,NA,NA
ARFR-CO932-314-JEFFERSON-12,black,7,28,1,297,1479,1,1,0,NA,1,0,NA,1,1,NA,1,1,NA,1,1,N,1,1,NA,NA,NA,NA,NA,NA,NA,NA,NA,ARFR4-SOS-CO932-314-JEFFERSON-12,#FEE08B,-105.3553333,39.40902778,10 - 15 Deg. F. / 3 - 6,,10 - 15 Deg. F.,6-Mar,10 - 15 Deg. F. / 3 - 6,10 - 15 / semi-humid,CO.2,#66e566,"semi-humid, cool",#FEE08B,E,NA,NA
ARFR-CO932-316-JEFFERSON-12,black,7,28,2,NA,1480,1,1,0,NA,1,0,NA,1,1,NA,1,1,NA,1,1,N,1,1,NA,NA,NA,NA,NA,NA,NA,NA,NA,ARFR4-SOS-CO932-316-JEFFERSON-12,#FFFF85,-105.358,39.66325,15 - 20 Deg. F. / 3 - 6,,15 - 20 Deg. F.,6-Mar,15 - 20 Deg. F. / 3 - 6,15 - 20 / semi-humid,CO.3,#698b69,"semi-humid, warm",#FFFF85,F,NA,NA
ARFR-UT080-109-UINTAH-12,black,7,28,3,NA,1481,1,1,0,NA,1,0,NA,1,0,NA,1,1,NA,1,1,N,1,1,NA,NA,NA,NA,NA,NA,NA,NA,NA,ARFR4-SOS-UT080-109-UINTAH-12,#aabe7f,-109.1426444,39.70802222,10 - 15 Deg. F. / 3 - 6,,10 - 15 Deg. F.,6-Mar,10 - 15 Deg. F. / 3 - 6,10 - 15 / semi-humid,UT.1,#66e566,"semi-humid, cool",#aabe7f,G,NA,NA
ARFR-WY050-151-FREMONT-16,black,7,28,4,NA,1482,1,1,0,NA,1,0,NA,1,0,NA,1,1,NA,1,1,N,1,1,NA,NA,NA,NA,NA,NA,NA,NA,NA,ARFR4-SOS-WY050-151-FREMONT-16,#3288BD,-108.1704472,42.47886111,10 - 15 Deg. F. / 6 - 12,,10 - 15 Deg. F.,12-Jun,10 - 15 Deg. F. / 6 - 12,10 - 15 / semi-arid,WY.2,#cd8500,"semi-arid, cool",#3288BD,J,NA,NA
ARFR-AZ930-422-NAVAJO-18,black,7,28,5,298,1483,1,1,0,NA,1,0,NA,1,0,NA,1,1,NA,1,1,N,1,1,NA,NA,NA,NA,NA,NA,NA,NA,NA,ARFR4-SOS-AZ930-422-NAVAJO-18,#D53E4F,-110.431,36.56805,15 - 20 Deg. F. / 6 - 12,Lats corrected 20230127,15 - 20 Deg. F.,12-Jun,15 - 20 Deg. F. / 6 - 12,15 - 20 / semi-arid,AZ.2,#ee5c42,"semi-arid, warm",#D53E4F,B,NA,NA
ARFR-WY930-44-LASANIMAS-13,black,7,28,6,NA,1484,1,1,0,NA,1,0,NA,1,0,NA,1,0,NA,1,1,N,1,1,NA,NA,NA,NA,NA,NA,NA,NA,NA,ARFR4-SOS-WY930-44-LASANIMAS-13,#FDAE61,-104.6423889,37.16547222,15 - 20 Deg. F. / 3 - 6,,15 - 20 Deg. F.,6-Mar,15 - 20 Deg. F. / 3 - 6,15 - 20 / semi-humid,CO.1,#698b69,"semi-humid, warm",#FDAE61,D,NA,NA
ARFR-UT080-109-UINTAH-12,black,7,28,7,NA,1485,1,1,0,NA,1,0,NA,1,1,NA,1,1,NA,1,1,N,1,1,NA,NA,NA,NA,NA,NA,NA,NA,NA,ARFR4-SOS-UT080-109-UINTAH-12,#aabe7f,-109.1426444,39.70802222,10 - 15 Deg. F. / 3 - 6,,10 - 15 Deg. F.,6-Mar,10 - 15 Deg. F. / 3 - 6,10 - 15 / semi-humid,UT.1,#66e566,"semi-humid, cool",#aabe7f,G,NA,NA
ARFR-CO932-294-11,black,7,28,8,NA,1486,1,1,1,NA,1,0,NA,1,0,NA,1,1,NA,1,1,N,1,1,NA,NA,NA,NA,NA,NA,NA,NA,NA,ARFR4-SOS-CO932-294-11,#ABDDA4,-105.2030833,39.78458333,15 - 20 Deg. F. / 3 - 6,,15 - 20 Deg. F.,6-Mar,15 - 20 Deg. F. / 3 - 6,15 - 20 / semi-humid,CO.4,#698b69,"semi-humid, warm",#ABDDA4,H,NA,NA
ARFR-AZ930-423-NAVAJO-18,black,7,28,9,NA,1487,1,1,0,NA,1,0,NA,1,0,NA,1,1,NA,1,1,N,1,1,NA,NA,NA,NA,NA,NA,NA,NA,NA,ARFR4-SOS-AZ930-423-NAVAJO-18,#9E0142,-110.431,36.45877,15 - 20 Deg. F. / 6 - 12,SdZones downloaded 20230823,15 - 20 Deg. F.,12-Jun,15 - 20 Deg. F. / 6 - 12,15 - 20 / semi-arid,AZ.1,#ee5c42,"semi-arid, warm",#9E0142,A,NA,NA
ARFR-WY040-71-10,black,7,28,10,299,1488,1,1,0,NA,1,0,NA,1,1,NA,1,1,NA,1,1,N,1,1,NA,NA,NA,NA,NA,NA,NA,NA,NA,ARFR4-SOS-WY040-71-10,#66C2A5,-109.2433156,41.13271889,5 - 10 Deg. F. / 3 - 6,,5 - 10 Deg. F.,6-Mar,5 - 10 Deg. F. / 3 - 6,5 - 10 / semi-humid,WY.1,#a5c2f1,"semi-humid, cold",#66C2A5,I,NA,NA
ARFR-WY930-44-LASANIMAS-13,black,7,28,11,NA,1489,1,1,0,NA,1,0,NA,1,1,NA,1,1,NA,1,1,N,1,1,NA,NA,NA,NA,NA,NA,NA,NA,NA,ARFR4-SOS-WY930-44-LASANIMAS-13,#FDAE61,-104.6423889,37.16547222,15 - 20 Deg. F. / 3 - 6,,15 - 20 Deg. F.,6-Mar,15 - 20 Deg. F. / 3 - 6,15 - 20 / semi-humid,CO.1,#698b69,"semi-humid, warm",#FDAE61,D,NA,NA
ARFR-NM930N-66-11,black,7,28,12,NA,1490,1,1,0,NA,1,0,NA,1,0,NA,1,1,NA,1,1,Y,1,1,NA,NA,NA,NA,NA,NA,NA,NA,NA,ARFR4-SOS-NM930N-66-11,#F46D43,-107.2045028,36.76818611,10 - 15 Deg. F. / 3 - 6,,10 - 15 Deg. F.,6-Mar,10 - 15 Deg. F. / 3 - 6,10 - 15 / semi-humid,NM.1,#66e566,"semi-humid, cool",#F46D43,C,NA,NA
ARFR-CO932-314-JEFFERSON-12,black,7,28,13,NA,1491,1,1,0,NA,1,1,NA,1,1,NA,1,1,NA,1,1,N,1,1,NA,NA,NA,NA,NA,NA,NA,NA,NA,ARFR4-SOS-CO932-314-JEFFERSON-12,#FEE08B,-105.3553333,39.40902778,10 - 15 Deg. F. / 3 - 6,,10 - 15 Deg. F.,6-Mar,10 - 15 Deg. F. / 3 - 6,10 - 15 / semi-humid,CO.2,#66e566,"semi-humid, cool",#FEE08B,E,NA,NA
ARFR-WY040-71-10,black,7,28,14,NA,1492,1,1,1,NA,1,0,NA,1,1,NA,1,1,remove phenology for this plant as seems inconsistent? ,1,1,N,1,1,NA,NA,NA,NA,NA,Y,NA,NA,NA,ARFR4-SOS-WY040-71-10,#66C2A5,-109.2433156,41.13271889,5 - 10 Deg. F. / 3 - 6,,5 - 10 Deg. F.,6-Mar,5 - 10 Deg. F. / 3 - 6,5 - 10 / semi-humid,WY.1,#a5c2f1,"semi-humid, cold",#66C2A5,I,NA,NA
ARFR-WY050-151-FREMONT-16,black,7,28,15,300,1493,0,1,0,NA,1,0,NA,1,1,NA,1,1,NA,1,1,N,1,1,NA,NA,NA,NA,NA,NA,NA,NA,NA,ARFR4-SOS-WY050-151-FREMONT-16,#3288BD,-108.1704472,42.47886111,10 - 15 Deg. F. / 6 - 12,,10 - 15 Deg. F.,12-Jun,10 - 15 Deg. F. / 6 - 12,10 - 15 / semi-arid,WY.2,#cd8500,"semi-arid, cool",#3288BD,J,NA,NA
ARFR-NM930N-66-11,black,7,28,16,NA,1494,1,1,0,NA,1,0,NA,1,0,NA,1,1,NA,1,1,N,1,1,NA,NA,NA,NA,NA,NA,NA,NA,NA,ARFR4-SOS-NM930N-66-11,#F46D43,-107.2045028,36.76818611,10 - 15 Deg. F. / 3 - 6,,10 - 15 Deg. F.,6-Mar,10 - 15 Deg. F. / 3 - 6,10 - 15 / semi-humid,NM.1,#66e566,"semi-humid, cool",#F46D43,C,NA,NA
ARFR-NM930N-66-11,black,7,28,17,NA,1495,1,1,0,NA,1,0,NA,1,0,NA,1,1,NA,1,1,N,1,1,NA,NA,NA,NA,NA,NA,NA,NA,NA,ARFR4-SOS-NM930N-66-11,#F46D43,-107.2045028,36.76818611,10 - 15 Deg. F. / 3 - 6,,10 - 15 Deg. F.,6-Mar,10 - 15 Deg. F. / 3 - 6,10 - 15 / semi-humid,NM.1,#66e566,"semi-humid, cool",#F46D43,C,NA,NA
ARFR-WY050-49-FREMONT-12,black,7,28,18,NA,1496,0,1,0,NA,1,0,NA,1,0,NA,1,1,NA,1,1,N,1,1,NA,NA,NA,NA,NA,NA,NA,NA,NA,ARFR4-SOS-WY050-49-FREMONT-12,#5E4FA2,-109.34775,43.42663611,5 - 10 Deg. F. / 6 - 12,,5 - 10 Deg. F.,12-Jun,5 - 10 Deg. F. / 6 - 12,5 - 10 / semi-arid,WY.3,#ffb90f,"semi-arid, cold",#5E4FA2,K,NA,NA
ARFR-WY050-49-FREMONT-12,black,7,28,19,NA,1497,1,1,0,NA,1,0,NA,1,0,NA,1,1,NA,1,1,N,1,1,NA,NA,NA,NA,NA,NA,NA,NA,NA,ARFR4-SOS-WY050-49-FREMONT-12,#5E4FA2,-109.34775,43.42663611,5 - 10 Deg. F. / 6 - 12,,5 - 10 Deg. F.,12-Jun,5 - 10 Deg. F. / 6 - 12,5 - 10 / semi-arid,WY.3,#ffb90f,"semi-arid, cold",#5E4FA2,K,NA,NA
ARFR-CO932-294-11,black,7,28,20,301,1498,1,1,0,NA,1,0,NA,1,0,NA,1,1,NA,1,1,N,1,1,NA,NA,NA,NA,NA,NA,NA,NA,NA,ARFR4-SOS-CO932-294-11,#ABDDA4,-105.2030833,39.78458333,15 - 20 Deg. F. / 3 - 6,,15 - 20 Deg. F.,6-Mar,15 - 20 Deg. F. / 3 - 6,15 - 20 / semi-humid,CO.4,#698b69,"semi-humid, warm",#ABDDA4,H,NA,NA
ARFR-CO932-314-JEFFERSON-12,black,7,28,21,NA,1499,1,1,0,NA,1,0,NA,1,0,NA,1,1,NA,1,1,N,1,1,NA,NA,NA,NA,NA,NA,NA,NA,NA,ARFR4-SOS-CO932-314-JEFFERSON-12,#FEE08B,-105.3553333,39.40902778,10 - 15 Deg. F. / 3 - 6,,10 - 15 Deg. F.,6-Mar,10 - 15 Deg. F. / 3 - 6,10 - 15 / semi-humid,CO.2,#66e566,"semi-humid, cool",#FEE08B,E,NA,NA
ARFR-AZ930-422-NAVAJO-18,black,7,28,22,NA,1500,1,1,0,NA,1,0,NA,1,0,NA,1,1,NA,1,1,N,1,1,NA,NA,NA,NA,NA,NA,NA,NA,NA,ARFR4-SOS-AZ930-422-NAVAJO-18,#D53E4F,-110.431,36.56805,15 - 20 Deg. F. / 6 - 12,Lats corrected 20230127,15 - 20 Deg. F.,12-Jun,15 - 20 Deg. F. / 6 - 12,15 - 20 / semi-arid,AZ.2,#ee5c42,"semi-arid, warm",#D53E4F,B,NA,NA
ARFR-WY050-49-FREMONT-12,black,7,28,23,NA,1501,1,1,0,NA,1,0,NA,1,0,NA,1,0,NA,1,1,N,1,1,NA,NA,NA,NA,NA,NA,NA,NA,NA,ARFR4-SOS-WY050-49-FREMONT-12,#5E4FA2,-109.34775,43.42663611,5 - 10 Deg. F. / 6 - 12,,5 - 10 Deg. F.,12-Jun,5 - 10 Deg. F. / 6 - 12,5 - 10 / semi-arid,WY.3,#ffb90f,"semi-arid, cold",#5E4FA2,K,NA,NA
ARFR-CO932-294-11,black,7,28,24,NA,1502,1,1,0,NA,1,0,NA,1,0,NA,1,0,NA,1,0,N,1,0,NA,NA,NA,NA,NA,NA,NA,NA,NA,ARFR4-SOS-CO932-294-11,#ABDDA4,-105.2030833,39.78458333,15 - 20 Deg. F. / 3 - 6,,15 - 20 Deg. F.,6-Mar,15 - 20 Deg. F. / 3 - 6,15 - 20 / semi-humid,CO.4,#698b69,"semi-humid, warm",#ABDDA4,H,NA,NA
ARFR-CO932-294-11,black,7,28,25,302,1503,1,1,0,NA,1,0,NA,1,0,NA,1,0,NA,1,1,N,1,1,NA,NA,NA,NA,NA,NA,NA,NA,NA,ARFR4-SOS-CO932-294-11,#ABDDA4,-105.2030833,39.78458333,15 - 20 Deg. F. / 3 - 6,,15 - 20 Deg. F.,6-Mar,15 - 20 Deg. F. / 3 - 6,15 - 20 / semi-humid,CO.4,#698b69,"semi-humid, warm",#ABDDA4,H,NA,NA
ARFR-CO932-316-JEFFERSON-12,black,7,28,26,NA,1504,0,1,0,NA,1,0,NA,1,0,NA,1,0,NA,1,1,N,1,1,NA,NA,NA,NA,NA,NA,NA,NA,NA,ARFR4-SOS-CO932-316-JEFFERSON-12,#FFFF85,-105.358,39.66325,15 - 20 Deg. F. / 3 - 6,,15 - 20 Deg. F.,6-Mar,15 - 20 Deg. F. / 3 - 6,15 - 20 / semi-humid,CO.3,#698b69,"semi-humid, warm",#FFFF85,F,NA,NA
ARFR-CO932-314-JEFFERSON-12,black,7,28,27,NA,1505,1,1,0,NA,1,1,NA,1,1,NA,1,1,NA,1,1,N,1,1,NA,NA,NA,NA,NA,NA,NA,NA,NA,ARFR4-SOS-CO932-314-JEFFERSON-12,#FEE08B,-105.3553333,39.40902778,10 - 15 Deg. F. / 3 - 6,,10 - 15 Deg. F.,6-Mar,10 - 15 Deg. F. / 3 - 6,10 - 15 / semi-humid,CO.2,#66e566,"semi-humid, cool",#FEE08B,E,NA,NA
ARFR-AZ930-423-NAVAJO-18,black,7,28,28,NA,1506,0,1,0,NA,1,0,NA,1,0,NA,1,0,NA,1,1,N,1,1,NA,NA,NA,NA,NA,NA,NA,NA,NA,ARFR4-SOS-AZ930-423-NAVAJO-18,#9E0142,-110.431,36.45877,15 - 20 Deg. F. / 6 - 12,SdZones downloaded 20230823,15 - 20 Deg. F.,12-Jun,15 - 20 Deg. F. / 6 - 12,15 - 20 / semi-arid,AZ.1,#ee5c42,"semi-arid, warm",#9E0142,A,NA,NA
ARFR-WY050-151-FREMONT-16,black,7,28,29,NA,1507,1,1,0,NA,1,0,NA,1,1,NA,1,1,NA,1,1,N,1,1,NA,NA,NA,NA,NA,NA,NA,NA,NA,ARFR4-SOS-WY050-151-FREMONT-16,#3288BD,-108.1704472,42.47886111,10 - 15 Deg. F. / 6 - 12,,10 - 15 Deg. F.,12-Jun,10 - 15 Deg. F. / 6 - 12,10 - 15 / semi-arid,WY.2,#cd8500,"semi-arid, cool",#3288BD,J,NA,NA
ARFR-AZ930-423-NAVAJO-18,black,7,28,30,303,1508,1,1,0,NA,1,0,NA,1,0,NA,1,1,NA,1,1,N,1,1,NA,NA,NA,NA,NA,NA,NA,NA,NA,ARFR4-SOS-AZ930-423-NAVAJO-18,#9E0142,-110.431,36.45877,15 - 20 Deg. F. / 6 - 12,SdZones downloaded 20230823,15 - 20 Deg. F.,12-Jun,15 - 20 Deg. F. / 6 - 12,15 - 20 / semi-arid,AZ.1,#ee5c42,"semi-arid, warm",#9E0142,A,NA,NA
ARFR-CO932-314-JEFFERSON-12,black,7,28,31,NA,1509,1,1,0,NA,1,0,NA,1,0,NA,1,1,NA,1,1,N,1,1,NA,NA,NA,NA,NA,NA,NA,NA,NA,ARFR4-SOS-CO932-314-JEFFERSON-12,#FEE08B,-105.3553333,39.40902778,10 - 15 Deg. F. / 3 - 6,,10 - 15 Deg. F.,6-Mar,10 - 15 Deg. F. / 3 - 6,10 - 15 / semi-humid,CO.2,#66e566,"semi-humid, cool",#FEE08B,E,NA,NA
ARFR-WY050-49-FREMONT-12,black,7,28,32,NA,1510,1,1,0,NA,1,1,NA,1,1,NA,1,1,NA,1,1,N,1,1,NA,NA,NA,NA,NA,NA,NA,NA,NA,ARFR4-SOS-WY050-49-FREMONT-12,#5E4FA2,-109.34775,43.42663611,5 - 10 Deg. F. / 6 - 12,,5 - 10 Deg. F.,12-Jun,5 - 10 Deg. F. / 6 - 12,5 - 10 / semi-arid,WY.3,#ffb90f,"semi-arid, cold",#5E4FA2,K,NA,NA
ARFR-UT080-109-UINTAH-12,black,7,28,33,NA,1511,1,1,1,NA,1,1,NA,1,1,NA,1,1,NA,1,1,N,1,1,NA,NA,NA,NA,NA,NA,NA,NA,NA,ARFR4-SOS-UT080-109-UINTAH-12,#aabe7f,-109.1426444,39.70802222,10 - 15 Deg. F. / 3 - 6,,10 - 15 Deg. F.,6-Mar,10 - 15 Deg. F. / 3 - 6,10 - 15 / semi-humid,UT.1,#66e566,"semi-humid, cool",#aabe7f,G,NA,NA
ARFR-NM930N-66-11,black,7,28,34,NA,1512,1,1,0,NA,1,0,NA,1,0,NA,1,1,NA,1,1,N,1,1,NA,NA,NA,NA,NA,NA,NA,NA,NA,ARFR4-SOS-NM930N-66-11,#F46D43,-107.2045028,36.76818611,10 - 15 Deg. F. / 3 - 6,,10 - 15 Deg. F.,6-Mar,10 - 15 Deg. F. / 3 - 6,10 - 15 / semi-humid,NM.1,#66e566,"semi-humid, cool",#F46D43,C,NA,NA
ARFR-CO932-316-JEFFERSON-12,black,7,28,35,304,1513,1,1,0,NA,1,0,NA,1,0,NA,1,0,NA,1,1,N,1,1,NA,NA,NA,NA,NA,NA,NA,NA,NA,ARFR4-SOS-CO932-316-JEFFERSON-12,#FFFF85,-105.358,39.66325,15 - 20 Deg. F. / 3 - 6,,15 - 20 Deg. F.,6-Mar,15 - 20 Deg. F. / 3 - 6,15 - 20 / semi-humid,CO.3,#698b69,"semi-humid, warm",#FFFF85,F,NA,NA
ARFR-WY050-151-FREMONT-16,black,7,28,36,NA,1514,1,1,0,NA,1,1,NA,1,1,NA,1,1,NA,1,1,N,1,1,NA,NA,NA,NA,NA,NA,NA,NA,NA,ARFR4-SOS-WY050-151-FREMONT-16,#3288BD,-108.1704472,42.47886111,10 - 15 Deg. F. / 6 - 12,,10 - 15 Deg. F.,12-Jun,10 - 15 Deg. F. / 6 - 12,10 - 15 / semi-arid,WY.2,#cd8500,"semi-arid, cool",#3288BD,J,NA,NA
ARFR-CO932-314-JEFFERSON-12,black,7,28,37,NA,1515,1,1,0,NA,1,1,NA,1,1,NA,1,1,NA,1,1,Y,1,1,NA,NA,NA,NA,NA,NA,NA,NA,NA,ARFR4-SOS-CO932-314-JEFFERSON-12,#FEE08B,-105.3553333,39.40902778,10 - 15 Deg. F. / 3 - 6,,10 - 15 Deg. F.,6-Mar,10 - 15 Deg. F. / 3 - 6,10 - 15 / semi-humid,CO.2,#66e566,"semi-humid, cool",#FEE08B,E,NA,NA
ARFR-CO932-314-JEFFERSON-12,black,7,28,38,NA,1516,1,1,0,NA,1,0,NA,1,0,NA,1,1,NA,1,1,N,1,1,NA,NA,NA,NA,NA,NA,NA,NA,NA,ARFR4-SOS-CO932-314-JEFFERSON-12,#FEE08B,-105.3553333,39.40902778,10 - 15 Deg. F. / 3 - 6,,10 - 15 Deg. F.,6-Mar,10 - 15 Deg. F. / 3 - 6,10 - 15 / semi-humid,CO.2,#66e566,"semi-humid, cool",#FEE08B,E,NA,NA
ARFR-NM930N-66-11,black,7,28,39,NA,1517,1,1,0,NA,1,1,NA,1,1,NA,1,1,NA,1,1,N,1,1,NA,NA,NA,NA,NA,NA,NA,NA,NA,ARFR4-SOS-NM930N-66-11,#F46D43,-107.2045028,36.76818611,10 - 15 Deg. F. / 3 - 6,,10 - 15 Deg. F.,6-Mar,10 - 15 Deg. F. / 3 - 6,10 - 15 / semi-humid,NM.1,#66e566,"semi-humid, cool",#F46D43,C,NA,NA
ARFR-WY050-151-FREMONT-16,black,7,28,40,305,1518,1,1,0,NA,1,1,NA,1,1,NA,1,1,NA,1,0,N,1,0,NA,NA,NA,NA,NA,Y,NA,NA,NA,ARFR4-SOS-WY050-151-FREMONT-16,#3288BD,-108.1704472,42.47886111,10 - 15 Deg. F. / 6 - 12,,10 - 15 Deg. F.,12-Jun,10 - 15 Deg. F. / 6 - 12,10 - 15 / semi-arid,WY.2,#cd8500,"semi-arid, cool",#3288BD,J,NA,NA
ARFR-WY050-49-FREMONT-12,black,7,28,41,NA,1519,0,1,0,NA,1,0,NA,1,0,NA,1,0,NA,0,NA,N,0,NA,NA,NA,NA,NA,NA,NA,NA,NA,NA,ARFR4-SOS-WY050-49-FREMONT-12,#5E4FA2,-109.34775,43.42663611,5 - 10 Deg. F. / 6 - 12,,5 - 10 Deg. F.,12-Jun,5 - 10 Deg. F. / 6 - 12,5 - 10 / semi-arid,WY.3,#ffb90f,"semi-arid, cold",#5E4FA2,K,NA,NA
ARFR-CO932-294-11,black,7,28,42,NA,1520,1,1,0,NA,1,0,NA,1,0,NA,1,0,NA,1,1,N,1,1,NA,NA,NA,NA,NA,NA,NA,NA,NA,ARFR4-SOS-CO932-294-11,#ABDDA4,-105.2030833,39.78458333,15 - 20 Deg. F. / 3 - 6,,15 - 20 Deg. F.,6-Mar,15 - 20 Deg. F. / 3 - 6,15 - 20 / semi-humid,CO.4,#698b69,"semi-humid, warm",#ABDDA4,H,NA,NA
ARFR-CO932-314-JEFFERSON-12,black,7,28,43,NA,1521,1,1,1,NA,1,1,NA,1,1,NA,1,1,NA,1,1,N,1,1,NA,NA,NA,NA,NA,NA,NA,NA,NA,ARFR4-SOS-CO932-314-JEFFERSON-12,#FEE08B,-105.3553333,39.40902778,10 - 15 Deg. F. / 3 - 6,,10 - 15 Deg. F.,6-Mar,10 - 15 Deg. F. / 3 - 6,10 - 15 / semi-humid,CO.2,#66e566,"semi-humid, cool",#FEE08B,E,NA,NA
ARFR-WY050-49-FREMONT-12,black,7,28,44,NA,1522,1,1,0,NA,1,0,NA,1,1,NA,1,1,NA,1,1,N,1,1,NA,NA,NA,NA,NA,NA,NA,NA,NA,ARFR4-SOS-WY050-49-FREMONT-12,#5E4FA2,-109.34775,43.42663611,5 - 10 Deg. F. / 6 - 12,,5 - 10 Deg. F.,12-Jun,5 - 10 Deg. F. / 6 - 12,5 - 10 / semi-arid,WY.3,#ffb90f,"semi-arid, cold",#5E4FA2,K,NA,NA
ARFR-AZ930-423-NAVAJO-18,black,7,28,45,306,1523,0,1,0,NA,1,0,NA,1,0,NA,1,0,NA,0,NA,N,0,NA,NA,NA,NA,NA,NA,NA,NA,NA,NA,ARFR4-SOS-AZ930-423-NAVAJO-18,#9E0142,-110.431,36.45877,15 - 20 Deg. F. / 6 - 12,SdZones downloaded 20230823,15 - 20 Deg. F.,12-Jun,15 - 20 Deg. F. / 6 - 12,15 - 20 / semi-arid,AZ.1,#ee5c42,"semi-arid, warm",#9E0142,A,NA,NA
ARFR-WY050-151-FREMONT-16,black,7,28,46,NA,1524,1,1,0,NA,1,0,NA,1,0,NA,1,1,NA,1,1,N,1,1,NA,NA,NA,NA,NA,NA,NA,NA,NA,ARFR4-SOS-WY050-151-FREMONT-16,#3288BD,-108.1704472,42.47886111,10 - 15 Deg. F. / 6 - 12,,10 - 15 Deg. F.,12-Jun,10 - 15 Deg. F. / 6 - 12,10 - 15 / semi-arid,WY.2,#cd8500,"semi-arid, cool",#3288BD,J,NA,NA
ARFR-NM930N-66-11,black,7,28,47,NA,1525,1,1,0,NA,1,0,NA,1,0,NA,1,1,NA,1,1,N,1,1,NA,NA,NA,NA,NA,NA,NA,NA,NA,ARFR4-SOS-NM930N-66-11,#F46D43,-107.2045028,36.76818611,10 - 15 Deg. F. / 3 - 6,,10 - 15 Deg. F.,6-Mar,10 - 15 Deg. F. / 3 - 6,10 - 15 / semi-humid,NM.1,#66e566,"semi-humid, cool",#F46D43,C,NA,NA
ARFR-CO932-314-JEFFERSON-12,black,7,28,48,NA,1526,1,1,0,NA,1,1,NA,1,1,NA,1,1,NA,1,1,N,1,1,NA,NA,NA,NA,NA,NA,NA,NA,NA,ARFR4-SOS-CO932-314-JEFFERSON-12,#FEE08B,-105.3553333,39.40902778,10 - 15 Deg. F. / 3 - 6,,10 - 15 Deg. F.,6-Mar,10 - 15 Deg. F. / 3 - 6,10 - 15 / semi-humid,CO.2,#66e566,"semi-humid, cool",#FEE08B,E,NA,NA
ARFR-NM930N-66-11,black,7,28,49,NA,1527,1,1,0,NA,1,0,NA,1,1,NA,1,1,NA,1,1,N,1,1,NA,NA,NA,NA,NA,NA,NA,NA,NA,ARFR4-SOS-NM930N-66-11,#F46D43,-107.2045028,36.76818611,10 - 15 Deg. F. / 3 - 6,,10 - 15 Deg. F.,6-Mar,10 - 15 Deg. F. / 3 - 6,10 - 15 / semi-humid,NM.1,#66e566,"semi-humid, cool",#F46D43,C,NA,NA
ARFR-WY930-44-LASANIMAS-13,black,7,28,50,307,1528,1,1,0,NA,1,0,NA,1,0,NA,1,0,NA,1,1,N,1,1,NA,NA,NA,NA,NA,NA,NA,NA,NA,ARFR4-SOS-WY930-44-LASANIMAS-13,#FDAE61,-104.6423889,37.16547222,15 - 20 Deg. F. / 3 - 6,,15 - 20 Deg. F.,6-Mar,15 - 20 Deg. F. / 3 - 6,15 - 20 / semi-humid,CO.1,#698b69,"semi-humid, warm",#FDAE61,D,NA,NA
ARFR-AZ930-422-NAVAJO-18,black,7,28,51,NA,1529,1,0,NA,NA,0,NA,NA,0,NA,NA,0,NA,NA,1,1,N,1,1,NA,NA,NA,NA,NA,NA,Y,NA,NA,ARFR4-SOS-AZ930-422-NAVAJO-18,#D53E4F,-110.431,36.56805,15 - 20 Deg. F. / 6 - 12,Lats corrected 20230127,15 - 20 Deg. F.,12-Jun,15 - 20 Deg. F. / 6 - 12,15 - 20 / semi-arid,AZ.2,#ee5c42,"semi-arid, warm",#D53E4F,B,NA,NA
ARFR-AZ930-422-NAVAJO-18,black,7,28,52,NA,1530,1,1,0,NA,1,0,NA,1,0,NA,1,1,NA,1,1,N,1,1,NA,NA,NA,NA,NA,NA,NA,NA,NA,ARFR4-SOS-AZ930-422-NAVAJO-18,#D53E4F,-110.431,36.56805,15 - 20 Deg. F. / 6 - 12,Lats corrected 20230127,15 - 20 Deg. F.,12-Jun,15 - 20 Deg. F. / 6 - 12,15 - 20 / semi-arid,AZ.2,#ee5c42,"semi-arid, warm",#D53E4F,B,NA,NA
ARFR-CO932-294-11,black,7,28,53,NA,1531,1,1,0,NA,1,0,NA,1,0,NA,1,0,NA,1,1,N,1,1,NA,NA,NA,NA,NA,NA,NA,NA,NA,ARFR4-SOS-CO932-294-11,#ABDDA4,-105.2030833,39.78458333,15 - 20 Deg. F. / 3 - 6,,15 - 20 Deg. F.,6-Mar,15 - 20 Deg. F. / 3 - 6,15 - 20 / semi-humid,CO.4,#698b69,"semi-humid, warm",#ABDDA4,H,NA,NA
ARFR-CO932-294-11,white,8,29,1,309,1532,1,1,0,NA,1,0,NA,1,0,NA,1,0,NA,1,1,N,1,1,NA,NA,NA,NA,NA,NA,NA,NA,NA,ARFR4-SOS-CO932-294-11,#ABDDA4,-105.2030833,39.78458333,15 - 20 Deg. F. / 3 - 6,,15 - 20 Deg. F.,6-Mar,15 - 20 Deg. F. / 3 - 6,15 - 20 / semi-humid,CO.4,#698b69,"semi-humid, warm",#ABDDA4,H,NA,NA
ARFR-WY930-44-LASANIMAS-13,white,8,29,2,NA,1533,1,1,0,NA,1,0,NA,1,0,NA,1,0,NA,1,1,N,1,1,NA,NA,NA,NA,NA,NA,NA,NA,NA,ARFR4-SOS-WY930-44-LASANIMAS-13,#FDAE61,-104.6423889,37.16547222,15 - 20 Deg. F. / 3 - 6,,15 - 20 Deg. F.,6-Mar,15 - 20 Deg. F. / 3 - 6,15 - 20 / semi-humid,CO.1,#698b69,"semi-humid, warm",#FDAE61,D,NA,NA
ARFR-CO932-314-JEFFERSON-12,white,8,29,3,NA,1534,1,1,0,NA,1,0,NA,1,1,NA,1,1,NA,1,1,N,1,1,NA,NA,NA,NA,NA,NA,NA,NA,NA,ARFR4-SOS-CO932-314-JEFFERSON-12,#FEE08B,-105.3553333,39.40902778,10 - 15 Deg. F. / 3 - 6,,10 - 15 Deg. F.,6-Mar,10 - 15 Deg. F. / 3 - 6,10 - 15 / semi-humid,CO.2,#66e566,"semi-humid, cool",#FEE08B,E,NA,NA
ARFR-WY050-151-FREMONT-16,white,8,29,4,NA,1535,1,1,0,NA,1,1,NA,1,1,NA,1,1,NA,1,1,N,1,1,NA,NA,NA,NA,NA,NA,NA,NA,NA,ARFR4-SOS-WY050-151-FREMONT-16,#3288BD,-108.1704472,42.47886111,10 - 15 Deg. F. / 6 - 12,,10 - 15 Deg. F.,12-Jun,10 - 15 Deg. F. / 6 - 12,10 - 15 / semi-arid,WY.2,#cd8500,"semi-arid, cool",#3288BD,J,NA,NA
ARFR-UT080-109-UINTAH-12,white,8,29,5,310,1536,1,1,0,NA,1,0,NA,1,0,NA,1,0,NA,1,1,N,1,1,NA,NA,NA,NA,NA,NA,NA,NA,NA,ARFR4-SOS-UT080-109-UINTAH-12,#aabe7f,-109.1426444,39.70802222,10 - 15 Deg. F. / 3 - 6,,10 - 15 Deg. F.,6-Mar,10 - 15 Deg. F. / 3 - 6,10 - 15 / semi-humid,UT.1,#66e566,"semi-humid, cool",#aabe7f,G,NA,NA
ARFR-CO932-314-JEFFERSON-12,white,8,29,6,NA,1537,1,1,0,NA,1,0,NA,1,0,NA,1,1,NA,1,1,Y,1,1,NA,NA,NA,NA,NA,NA,NA,NA,NA,ARFR4-SOS-CO932-314-JEFFERSON-12,#FEE08B,-105.3553333,39.40902778,10 - 15 Deg. F. / 3 - 6,,10 - 15 Deg. F.,6-Mar,10 - 15 Deg. F. / 3 - 6,10 - 15 / semi-humid,CO.2,#66e566,"semi-humid, cool",#FEE08B,E,NA,NA
ARFR-NM930N-66-11,white,8,29,7,NA,1538,1,1,0,NA,1,1,NA,1,1,NA,1,1,NA,1,1,N,1,1,NA,NA,NA,NA,NA,NA,NA,NA,NA,ARFR4-SOS-NM930N-66-11,#F46D43,-107.2045028,36.76818611,10 - 15 Deg. F. / 3 - 6,,10 - 15 Deg. F.,6-Mar,10 - 15 Deg. F. / 3 - 6,10 - 15 / semi-humid,NM.1,#66e566,"semi-humid, cool",#F46D43,C,NA,NA
ARFR-WY050-49-FREMONT-12,white,8,29,8,NA,1539,1,1,0,NA,1,0,NA,1,0,NA,1,0,NA,1,1,N,1,1,NA,NA,NA,NA,NA,NA,NA,NA,NA,ARFR4-SOS-WY050-49-FREMONT-12,#5E4FA2,-109.34775,43.42663611,5 - 10 Deg. F. / 6 - 12,,5 - 10 Deg. F.,12-Jun,5 - 10 Deg. F. / 6 - 12,5 - 10 / semi-arid,WY.3,#ffb90f,"semi-arid, cold",#5E4FA2,K,NA,NA
ARFR-CO932-294-11,white,8,29,9,NA,1540,0,0,NA,NA,0,NA,NA,0,NA,NA,0,NA,NA,0,NA,N,0,NA,NA,NA,NA,NA,NA,NA,NA,NA,NA,ARFR4-SOS-CO932-294-11,#ABDDA4,-105.2030833,39.78458333,15 - 20 Deg. F. / 3 - 6,,15 - 20 Deg. F.,6-Mar,15 - 20 Deg. F. / 3 - 6,15 - 20 / semi-humid,CO.4,#698b69,"semi-humid, warm",#ABDDA4,H,NA,NA
ARFR-WY930-44-LASANIMAS-13,white,8,29,10,311,1541,1,1,0,NA,1,0,NA,1,0,NA,1,0,NA,1,1,N,1,1,NA,NA,NA,NA,NA,NA,NA,NA,NA,ARFR4-SOS-WY930-44-LASANIMAS-13,#FDAE61,-104.6423889,37.16547222,15 - 20 Deg. F. / 3 - 6,,15 - 20 Deg. F.,6-Mar,15 - 20 Deg. F. / 3 - 6,15 - 20 / semi-humid,CO.1,#698b69,"semi-humid, warm",#FDAE61,D,NA,NA
ARFR-AZ930-423-NAVAJO-18,white,8,29,11,NA,1542,1,1,0,NA,1,0,NA,1,0,NA,1,1,NA,1,1,N,1,1,NA,NA,NA,NA,NA,NA,NA,NA,NA,ARFR4-SOS-AZ930-423-NAVAJO-18,#9E0142,-110.431,36.45877,15 - 20 Deg. F. / 6 - 12,SdZones downloaded 20230823,15 - 20 Deg. F.,12-Jun,15 - 20 Deg. F. / 6 - 12,15 - 20 / semi-arid,AZ.1,#ee5c42,"semi-arid, warm",#9E0142,A,NA,NA
ARFR-WY050-151-FREMONT-16,white,8,29,12,NA,1543,1,1,0,NA,1,1,NA,1,1,NA,1,1,NA,1,1,N,1,1,NA,NA,NA,NA,NA,NA,NA,NA,NA,ARFR4-SOS-WY050-151-FREMONT-16,#3288BD,-108.1704472,42.47886111,10 - 15 Deg. F. / 6 - 12,,10 - 15 Deg. F.,12-Jun,10 - 15 Deg. F. / 6 - 12,10 - 15 / semi-arid,WY.2,#cd8500,"semi-arid, cool",#3288BD,J,NA,NA
ARFR-WY050-151-FREMONT-16,white,8,29,13,NA,1544,1,1,0,NA,1,0,NA,1,1,NA,1,1,NA,1,1,N,1,1,NA,NA,NA,NA,NA,NA,NA,NA,NA,ARFR4-SOS-WY050-151-FREMONT-16,#3288BD,-108.1704472,42.47886111,10 - 15 Deg. F. / 6 - 12,,10 - 15 Deg. F.,12-Jun,10 - 15 Deg. F. / 6 - 12,10 - 15 / semi-arid,WY.2,#cd8500,"semi-arid, cool",#3288BD,J,NA,NA
ARFR-CO932-314-JEFFERSON-12,white,8,29,14,NA,1545,1,1,0,NA,1,0,NA,1,0,NA,1,1,NA,1,1,N,1,1,NA,NA,NA,NA,NA,NA,NA,NA,NA,ARFR4-SOS-CO932-314-JEFFERSON-12,#FEE08B,-105.3553333,39.40902778,10 - 15 Deg. F. / 3 - 6,,10 - 15 Deg. F.,6-Mar,10 - 15 Deg. F. / 3 - 6,10 - 15 / semi-humid,CO.2,#66e566,"semi-humid, cool",#FEE08B,E,NA,NA
ARFR-CO932-294-11,white,8,29,15,312,1546,1,1,0,NA,1,0,NA,1,0,NA,1,0,NA,1,1,N,1,1,NA,NA,NA,NA,NA,NA,NA,NA,NA,ARFR4-SOS-CO932-294-11,#ABDDA4,-105.2030833,39.78458333,15 - 20 Deg. F. / 3 - 6,,15 - 20 Deg. F.,6-Mar,15 - 20 Deg. F. / 3 - 6,15 - 20 / semi-humid,CO.4,#698b69,"semi-humid, warm",#ABDDA4,H,NA,NA
ARFR-UT080-109-UINTAH-12,white,8,29,16,NA,1547,1,0,NA,NA,0,NA,NA,0,NA,NA,0,NA,NA,0,NA,N,0,NA,NA,NA,NA,NA,NA,NA,Y,Y,Harvested,ARFR4-SOS-UT080-109-UINTAH-12,#aabe7f,-109.1426444,39.70802222,10 - 15 Deg. F. / 3 - 6,,10 - 15 Deg. F.,6-Mar,10 - 15 Deg. F. / 3 - 6,10 - 15 / semi-humid,UT.1,#66e566,"semi-humid, cool",#aabe7f,G,NA,Y
ARFR-CO932-316-JEFFERSON-12,white,8,29,17,NA,1548,1,1,0,NA,1,0,NA,1,1,NA,1,1,NA,1,1,N,1,1,NA,NA,NA,NA,NA,NA,NA,NA,NA,ARFR4-SOS-CO932-316-JEFFERSON-12,#FFFF85,-105.358,39.66325,15 - 20 Deg. F. / 3 - 6,,15 - 20 Deg. F.,6-Mar,15 - 20 Deg. F. / 3 - 6,15 - 20 / semi-humid,CO.3,#698b69,"semi-humid, warm",#FFFF85,F,NA,NA
ARFR-CO932-316-JEFFERSON-12,white,8,29,18,NA,1549,1,1,0,NA,1,1,NA,1,1,NA,1,1,NA,1,1,N,1,1,NA,NA,NA,NA,NA,NA,NA,NA,NA,ARFR4-SOS-CO932-316-JEFFERSON-12,#FFFF85,-105.358,39.66325,15 - 20 Deg. F. / 3 - 6,,15 - 20 Deg. F.,6-Mar,15 - 20 Deg. F. / 3 - 6,15 - 20 / semi-humid,CO.3,#698b69,"semi-humid, warm",#FFFF85,F,NA,NA
ARFR-NM930N-66-11,white,8,29,19,NA,1550,1,1,0,NA,1,0,NA,1,0,NA,1,1,NA,1,1,N,1,1,NA,NA,NA,NA,NA,NA,NA,NA,NA,ARFR4-SOS-NM930N-66-11,#F46D43,-107.2045028,36.76818611,10 - 15 Deg. F. / 3 - 6,,10 - 15 Deg. F.,6-Mar,10 - 15 Deg. F. / 3 - 6,10 - 15 / semi-humid,NM.1,#66e566,"semi-humid, cool",#F46D43,C,NA,NA
ARFR-CO932-294-11,white,8,29,20,313,1551,1,1,0,NA,1,0,NA,1,0,NA,1,0,NA,1,0,N,1,0,NA,NA,NA,NA,NA,NA,NA,NA,NA,ARFR4-SOS-CO932-294-11,#ABDDA4,-105.2030833,39.78458333,15 - 20 Deg. F. / 3 - 6,,15 - 20 Deg. F.,6-Mar,15 - 20 Deg. F. / 3 - 6,15 - 20 / semi-humid,CO.4,#698b69,"semi-humid, warm",#ABDDA4,H,NA,NA
ARFR-AZ930-422-NAVAJO-18,white,8,29,21,NA,1552,1,1,0,NA,1,1,NA,1,1,NA,1,1,NA,1,1,N,1,1,NA,NA,NA,NA,NA,NA,NA,NA,NA,ARFR4-SOS-AZ930-422-NAVAJO-18,#D53E4F,-110.431,36.56805,15 - 20 Deg. F. / 6 - 12,Lats corrected 20230127,15 - 20 Deg. F.,12-Jun,15 - 20 Deg. F. / 6 - 12,15 - 20 / semi-arid,AZ.2,#ee5c42,"semi-arid, warm",#D53E4F,B,NA,NA
ARFR-WY040-71-10,white,8,29,22,NA,1553,1,1,1,NA,1,1,NA,1,1,NA,1,1,NA,1,1,N,1,1,NA,NA,NA,NA,NA,NA,NA,NA,NA,ARFR4-SOS-WY040-71-10,#66C2A5,-109.2433156,41.13271889,5 - 10 Deg. F. / 3 - 6,,5 - 10 Deg. F.,6-Mar,5 - 10 Deg. F. / 3 - 6,5 - 10 / semi-humid,WY.1,#a5c2f1,"semi-humid, cold",#66C2A5,I,NA,NA
ARFR-AZ930-422-NAVAJO-18,white,8,29,23,NA,1554,1,1,0,NA,1,0,NA,1,0,NA,1,1,NA,1,1,N,1,1,NA,NA,NA,NA,NA,NA,NA,NA,NA,ARFR4-SOS-AZ930-422-NAVAJO-18,#D53E4F,-110.431,36.56805,15 - 20 Deg. F. / 6 - 12,Lats corrected 20230127,15 - 20 Deg. F.,12-Jun,15 - 20 Deg. F. / 6 - 12,15 - 20 / semi-arid,AZ.2,#ee5c42,"semi-arid, warm",#D53E4F,B,NA,NA
ARFR-CO932-294-11,white,8,29,24,NA,1555,1,1,0,NA,1,0,NA,1,0,NA,1,0,NA,1,0,N,1,0,NA,NA,NA,NA,NA,NA,NA,NA,NA,ARFR4-SOS-CO932-294-11,#ABDDA4,-105.2030833,39.78458333,15 - 20 Deg. F. / 3 - 6,,15 - 20 Deg. F.,6-Mar,15 - 20 Deg. F. / 3 - 6,15 - 20 / semi-humid,CO.4,#698b69,"semi-humid, warm",#ABDDA4,H,NA,NA
ARFR-AZ930-423-NAVAJO-18,white,8,29,25,314,1556,1,1,0,NA,1,1,NA,1,1,NA,1,1,NA,1,1,N,1,1,NA,NA,NA,NA,NA,NA,NA,NA,NA,ARFR4-SOS-AZ930-423-NAVAJO-18,#9E0142,-110.431,36.45877,15 - 20 Deg. F. / 6 - 12,SdZones downloaded 20230823,15 - 20 Deg. F.,12-Jun,15 - 20 Deg. F. / 6 - 12,15 - 20 / semi-arid,AZ.1,#ee5c42,"semi-arid, warm",#9E0142,A,NA,NA
ARFR-WY930-44-LASANIMAS-13,white,8,29,26,NA,1557,1,1,0,NA,1,0,NA,1,0,NA,1,0,NA,1,0,N,1,0,NA,NA,NA,NA,NA,NA,NA,NA,NA,ARFR4-SOS-WY930-44-LASANIMAS-13,#FDAE61,-104.6423889,37.16547222,15 - 20 Deg. F. / 3 - 6,,15 - 20 Deg. F.,6-Mar,15 - 20 Deg. F. / 3 - 6,15 - 20 / semi-humid,CO.1,#698b69,"semi-humid, warm",#FDAE61,D,NA,NA
ARFR-WY050-151-FREMONT-16,white,8,29,27,NA,1558,1,1,0,NA,1,0,NA,1,0,NA,1,1,NA,1,1,N,1,1,NA,NA,NA,NA,NA,NA,NA,NA,NA,ARFR4-SOS-WY050-151-FREMONT-16,#3288BD,-108.1704472,42.47886111,10 - 15 Deg. F. / 6 - 12,,10 - 15 Deg. F.,12-Jun,10 - 15 Deg. F. / 6 - 12,10 - 15 / semi-arid,WY.2,#cd8500,"semi-arid, cool",#3288BD,J,NA,NA
ARFR-CO932-316-JEFFERSON-12,white,8,29,28,NA,1559,1,1,0,NA,1,0,NA,1,0,NA,1,1,NA,1,1,N,1,1,NA,NA,NA,NA,NA,NA,NA,NA,NA,ARFR4-SOS-CO932-316-JEFFERSON-12,#FFFF85,-105.358,39.66325,15 - 20 Deg. F. / 3 - 6,,15 - 20 Deg. F.,6-Mar,15 - 20 Deg. F. / 3 - 6,15 - 20 / semi-humid,CO.3,#698b69,"semi-humid, warm",#FFFF85,F,NA,NA
ARFR-WY050-49-FREMONT-12,white,8,29,29,NA,1560,1,1,0,NA,1,0,NA,1,0,NA,1,1,NA,1,0,N,1,0,NA,NA,NA,NA,NA,Y,NA,NA,NA,ARFR4-SOS-WY050-49-FREMONT-12,#5E4FA2,-109.34775,43.42663611,5 - 10 Deg. F. / 6 - 12,,5 - 10 Deg. F.,12-Jun,5 - 10 Deg. F. / 6 - 12,5 - 10 / semi-arid,WY.3,#ffb90f,"semi-arid, cold",#5E4FA2,K,NA,NA
ARFR-WY050-151-FREMONT-16,white,8,29,30,315,1561,1,1,0,NA,1,0,NA,1,0,NA,1,0,NA,1,1,N,1,1,NA,NA,NA,NA,NA,NA,NA,NA,NA,ARFR4-SOS-WY050-151-FREMONT-16,#3288BD,-108.1704472,42.47886111,10 - 15 Deg. F. / 6 - 12,,10 - 15 Deg. F.,12-Jun,10 - 15 Deg. F. / 6 - 12,10 - 15 / semi-arid,WY.2,#cd8500,"semi-arid, cool",#3288BD,J,NA,NA
ARFR-CO932-314-JEFFERSON-12,white,8,29,31,NA,1562,1,1,0,NA,1,0,NA,1,0,NA,1,0,NA,1,1,N,1,1,NA,NA,NA,NA,NA,NA,NA,NA,NA,ARFR4-SOS-CO932-314-JEFFERSON-12,#FEE08B,-105.3553333,39.40902778,10 - 15 Deg. F. / 3 - 6,,10 - 15 Deg. F.,6-Mar,10 - 15 Deg. F. / 3 - 6,10 - 15 / semi-humid,CO.2,#66e566,"semi-humid, cool",#FEE08B,E,NA,NA
ARFR-AZ930-423-NAVAJO-18,white,8,29,32,NA,1563,1,1,0,NA,1,1,NA,1,1,NA,1,1,NA,1,1,N,1,1,NA,NA,NA,NA,NA,NA,NA,NA,NA,ARFR4-SOS-AZ930-423-NAVAJO-18,#9E0142,-110.431,36.45877,15 - 20 Deg. F. / 6 - 12,SdZones downloaded 20230823,15 - 20 Deg. F.,12-Jun,15 - 20 Deg. F. / 6 - 12,15 - 20 / semi-arid,AZ.1,#ee5c42,"semi-arid, warm",#9E0142,A,NA,NA
ARFR-AZ930-422-NAVAJO-18,white,8,29,33,NA,1564,1,0,NA,NA,0,NA,NA,0,NA,NA,0,NA,NA,1,1,N,1,1,NA,NA,NA,NA,NA,NA,Y,NA,NA,ARFR4-SOS-AZ930-422-NAVAJO-18,#D53E4F,-110.431,36.56805,15 - 20 Deg. F. / 6 - 12,Lats corrected 20230127,15 - 20 Deg. F.,12-Jun,15 - 20 Deg. F. / 6 - 12,15 - 20 / semi-arid,AZ.2,#ee5c42,"semi-arid, warm",#D53E4F,B,NA,NA
ARFR-CO932-294-11,white,8,29,34,NA,1565,1,1,0,NA,1,0,NA,1,0,NA,1,0,NA,1,1,N,1,1,NA,NA,NA,NA,NA,NA,NA,NA,NA,ARFR4-SOS-CO932-294-11,#ABDDA4,-105.2030833,39.78458333,15 - 20 Deg. F. / 3 - 6,,15 - 20 Deg. F.,6-Mar,15 - 20 Deg. F. / 3 - 6,15 - 20 / semi-humid,CO.4,#698b69,"semi-humid, warm",#ABDDA4,H,NA,NA
ARFR-WY930-44-LASANIMAS-13,white,8,29,35,316,1566,1,1,0,NA,1,0,NA,1,0,NA,1,0,NA,1,1,N,1,1,NA,NA,NA,NA,NA,NA,NA,NA,NA,ARFR4-SOS-WY930-44-LASANIMAS-13,#FDAE61,-104.6423889,37.16547222,15 - 20 Deg. F. / 3 - 6,,15 - 20 Deg. F.,6-Mar,15 - 20 Deg. F. / 3 - 6,15 - 20 / semi-humid,CO.1,#698b69,"semi-humid, warm",#FDAE61,D,NA,NA
ARFR-WY050-49-FREMONT-12,white,8,29,36,NA,1567,1,1,0,NA,1,0,NA,1,0,NA,1,0,NA,1,1,N,1,1,NA,NA,NA,NA,NA,NA,NA,NA,NA,ARFR4-SOS-WY050-49-FREMONT-12,#5E4FA2,-109.34775,43.42663611,5 - 10 Deg. F. / 6 - 12,,5 - 10 Deg. F.,12-Jun,5 - 10 Deg. F. / 6 - 12,5 - 10 / semi-arid,WY.3,#ffb90f,"semi-arid, cold",#5E4FA2,K,NA,NA
ARFR-CO932-316-JEFFERSON-12,white,8,29,37,NA,1568,1,1,0,NA,1,0,NA,1,0,NA,1,1,NA,1,1,N,1,1,NA,NA,NA,NA,NA,NA,NA,NA,NA,ARFR4-SOS-CO932-316-JEFFERSON-12,#FFFF85,-105.358,39.66325,15 - 20 Deg. F. / 3 - 6,,15 - 20 Deg. F.,6-Mar,15 - 20 Deg. F. / 3 - 6,15 - 20 / semi-humid,CO.3,#698b69,"semi-humid, warm",#FFFF85,F,NA,NA
ARFR-AZ930-422-NAVAJO-18,white,8,29,38,NA,1569,1,1,0,NA,1,0,NA,1,1,NA,1,1,NA,1,1,N,1,1,NA,NA,NA,NA,NA,NA,NA,NA,NA,ARFR4-SOS-AZ930-422-NAVAJO-18,#D53E4F,-110.431,36.56805,15 - 20 Deg. F. / 6 - 12,Lats corrected 20230127,15 - 20 Deg. F.,12-Jun,15 - 20 Deg. F. / 6 - 12,15 - 20 / semi-arid,AZ.2,#ee5c42,"semi-arid, warm",#D53E4F,B,NA,NA
ARFR-WY050-151-FREMONT-16,white,8,29,39,NA,1570,1,1,0,NA,1,0,NA,1,1,NA,1,1,NA,1,1,N,1,1,NA,NA,NA,NA,NA,NA,NA,NA,NA,ARFR4-SOS-WY050-151-FREMONT-16,#3288BD,-108.1704472,42.47886111,10 - 15 Deg. F. / 6 - 12,,10 - 15 Deg. F.,12-Jun,10 - 15 Deg. F. / 6 - 12,10 - 15 / semi-arid,WY.2,#cd8500,"semi-arid, cool",#3288BD,J,NA,NA
ARFR-AZ930-422-NAVAJO-18,white,8,29,40,317,1571,1,1,0,NA,1,0,NA,1,0,NA,1,0,NA,1,1,N,1,1,NA,NA,NA,NA,NA,NA,NA,NA,NA,ARFR4-SOS-AZ930-422-NAVAJO-18,#D53E4F,-110.431,36.56805,15 - 20 Deg. F. / 6 - 12,Lats corrected 20230127,15 - 20 Deg. F.,12-Jun,15 - 20 Deg. F. / 6 - 12,15 - 20 / semi-arid,AZ.2,#ee5c42,"semi-arid, warm",#D53E4F,B,NA,NA
ARFR-UT080-109-UINTAH-12,white,8,29,41,NA,1572,1,1,0,NA,1,0,NA,1,0,NA,1,0,NA,1,1,N,1,1,NA,NA,NA,NA,NA,NA,NA,NA,NA,ARFR4-SOS-UT080-109-UINTAH-12,#aabe7f,-109.1426444,39.70802222,10 - 15 Deg. F. / 3 - 6,,10 - 15 Deg. F.,6-Mar,10 - 15 Deg. F. / 3 - 6,10 - 15 / semi-humid,UT.1,#66e566,"semi-humid, cool",#aabe7f,G,NA,NA
ARFR-AZ930-422-NAVAJO-18,white,8,29,42,NA,1573,1,1,0,NA,1,0,NA,1,0,NA,1,1,NA,1,1,N,1,1,NA,NA,NA,NA,NA,NA,NA,NA,NA,ARFR4-SOS-AZ930-422-NAVAJO-18,#D53E4F,-110.431,36.56805,15 - 20 Deg. F. / 6 - 12,Lats corrected 20230127,15 - 20 Deg. F.,12-Jun,15 - 20 Deg. F. / 6 - 12,15 - 20 / semi-arid,AZ.2,#ee5c42,"semi-arid, warm",#D53E4F,B,NA,NA
ARFR-CO932-314-JEFFERSON-12,white,8,29,43,NA,1574,1,1,0,NA,1,0,NA,1,1,NA,1,1,NA,1,1,N,1,1,NA,NA,NA,NA,NA,NA,NA,NA,NA,ARFR4-SOS-CO932-314-JEFFERSON-12,#FEE08B,-105.3553333,39.40902778,10 - 15 Deg. F. / 3 - 6,,10 - 15 Deg. F.,6-Mar,10 - 15 Deg. F. / 3 - 6,10 - 15 / semi-humid,CO.2,#66e566,"semi-humid, cool",#FEE08B,E,NA,NA
ARFR-CO932-314-JEFFERSON-12,white,8,29,44,NA,1575,1,1,0,NA,1,0,NA,1,1,NA,1,1,NA,1,1,N,1,1,NA,NA,NA,NA,NA,NA,NA,NA,NA,ARFR4-SOS-CO932-314-JEFFERSON-12,#FEE08B,-105.3553333,39.40902778,10 - 15 Deg. F. / 3 - 6,,10 - 15 Deg. F.,6-Mar,10 - 15 Deg. F. / 3 - 6,10 - 15 / semi-humid,CO.2,#66e566,"semi-humid, cool",#FEE08B,E,NA,NA
ARFR-WY050-49-FREMONT-12,white,8,29,45,318,1576,1,1,0,NA,1,0,NA,1,0,NA,1,1,NA,1,1,N,1,1,NA,NA,NA,NA,NA,NA,NA,NA,NA,ARFR4-SOS-WY050-49-FREMONT-12,#5E4FA2,-109.34775,43.42663611,5 - 10 Deg. F. / 6 - 12,,5 - 10 Deg. F.,12-Jun,5 - 10 Deg. F. / 6 - 12,5 - 10 / semi-arid,WY.3,#ffb90f,"semi-arid, cold",#5E4FA2,K,NA,NA
ARFR-AZ930-422-NAVAJO-18,white,8,29,46,NA,1577,1,1,0,NA,1,0,NA,1,0,NA,1,0,NA,1,1,N,1,1,NA,NA,NA,NA,NA,NA,NA,NA,NA,ARFR4-SOS-AZ930-422-NAVAJO-18,#D53E4F,-110.431,36.56805,15 - 20 Deg. F. / 6 - 12,Lats corrected 20230127,15 - 20 Deg. F.,12-Jun,15 - 20 Deg. F. / 6 - 12,15 - 20 / semi-arid,AZ.2,#ee5c42,"semi-arid, warm",#D53E4F,B,NA,NA
ARFR-NM930N-66-11,white,8,29,47,NA,1578,1,1,0,NA,1,0,NA,1,0,NA,1,0,NA,1,1,N,1,1,NA,NA,NA,NA,NA,NA,NA,NA,NA,ARFR4-SOS-NM930N-66-11,#F46D43,-107.2045028,36.76818611,10 - 15 Deg. F. / 3 - 6,,10 - 15 Deg. F.,6-Mar,10 - 15 Deg. F. / 3 - 6,10 - 15 / semi-humid,NM.1,#66e566,"semi-humid, cool",#F46D43,C,NA,NA
ARFR-CO932-316-JEFFERSON-12,white,8,29,48,NA,1579,1,1,0,NA,1,0,NA,1,0,NA,1,1,NA,1,1,Y,1,1,NA,NA,NA,NA,NA,NA,NA,NA,NA,ARFR4-SOS-CO932-316-JEFFERSON-12,#FFFF85,-105.358,39.66325,15 - 20 Deg. F. / 3 - 6,,15 - 20 Deg. F.,6-Mar,15 - 20 Deg. F. / 3 - 6,15 - 20 / semi-humid,CO.3,#698b69,"semi-humid, warm",#FFFF85,F,NA,NA
ARFR-UT080-109-UINTAH-12,white,8,29,49,NA,1580,1,1,0,NA,1,0,NA,1,0,NA,1,1,NA,1,1,Y,1,1,NA,NA,NA,NA,NA,NA,NA,NA,NA,ARFR4-SOS-UT080-109-UINTAH-12,#aabe7f,-109.1426444,39.70802222,10 - 15 Deg. F. / 3 - 6,,10 - 15 Deg. F.,6-Mar,10 - 15 Deg. F. / 3 - 6,10 - 15 / semi-humid,UT.1,#66e566,"semi-humid, cool",#aabe7f,G,NA,NA
ARFR-CO932-294-11,white,8,29,50,319,1581,1,1,0,NA,1,0,NA,1,0,NA,1,0,NA,1,1,N,1,1,NA,NA,NA,NA,NA,NA,NA,NA,NA,ARFR4-SOS-CO932-294-11,#ABDDA4,-105.2030833,39.78458333,15 - 20 Deg. F. / 3 - 6,,15 - 20 Deg. F.,6-Mar,15 - 20 Deg. F. / 3 - 6,15 - 20 / semi-humid,CO.4,#698b69,"semi-humid, warm",#ABDDA4,H,NA,NA
ARFR-AZ930-422-NAVAJO-18,white,8,29,51,NA,1582,1,1,0,NA,1,0,NA,1,1,NA,1,1,NA,1,1,N,1,1,NA,NA,NA,NA,NA,NA,NA,NA,NA,ARFR4-SOS-AZ930-422-NAVAJO-18,#D53E4F,-110.431,36.56805,15 - 20 Deg. F. / 6 - 12,Lats corrected 20230127,15 - 20 Deg. F.,12-Jun,15 - 20 Deg. F. / 6 - 12,15 - 20 / semi-arid,AZ.2,#ee5c42,"semi-arid, warm",#D53E4F,B,NA,NA
ARFR-WY040-71-10,white,8,29,52,NA,1583,0,0,NA,NA,0,NA,NA,0,NA,NA,0,NA,NA,0,NA,N,0,NA,NA,NA,NA,NA,NA,NA,NA,NA,NA,ARFR4-SOS-WY040-71-10,#66C2A5,-109.2433156,41.13271889,5 - 10 Deg. F. / 3 - 6,,5 - 10 Deg. F.,6-Mar,5 - 10 Deg. F. / 3 - 6,5 - 10 / semi-humid,WY.1,#a5c2f1,"semi-humid, cold",#66C2A5,I,NA,NA
ARFR-UT080-109-UINTAH-12,white,8,29,53,NA,1584,1,1,0,NA,1,1,NA,1,1,NA,1,1,NA,1,1,N,1,1,NA,NA,NA,NA,NA,NA,NA,NA,NA,ARFR4-SOS-UT080-109-UINTAH-12,#aabe7f,-109.1426444,39.70802222,10 - 15 Deg. F. / 3 - 6,,10 - 15 Deg. F.,6-Mar,10 - 15 Deg. F. / 3 - 6,10 - 15 / semi-humid,UT.1,#66e566,"semi-humid, cool",#aabe7f,G,NA,NA
ARFR-WY040-71-10,white,8,29,54,NA,1585,1,1,1,NA,1,1,NA,1,1,NA,1,1,NA,1,1,N,1,1,NA,NA,NA,NA,NA,NA,NA,NA,NA,ARFR4-SOS-WY040-71-10,#66C2A5,-109.2433156,41.13271889,5 - 10 Deg. F. / 3 - 6,,5 - 10 Deg. F.,6-Mar,5 - 10 Deg. F. / 3 - 6,5 - 10 / semi-humid,WY.1,#a5c2f1,"semi-humid, cold",#66C2A5,I,NA,NA
ARFR-WY930-44-LASANIMAS-13,white,8,29,55,320,1586,1,1,0,NA,1,0,NA,0,NA,NA,0,NA,NA,1,1,N,1,1,NA,NA,NA,NA,NA,NA,Y,NA,NA,ARFR4-SOS-WY930-44-LASANIMAS-13,#FDAE61,-104.6423889,37.16547222,15 - 20 Deg. F. / 3 - 6,,15 - 20 Deg. F.,6-Mar,15 - 20 Deg. F. / 3 - 6,15 - 20 / semi-humid,CO.1,#698b69,"semi-humid, warm",#FDAE61,D,NA,NA
ARFR-CO932-314-JEFFERSON-12,white,8,30,1,309,1587,1,1,0,NA,1,0,NA,1,0,NA,1,1,NA,1,1,N,1,1,NA,NA,NA,NA,NA,NA,NA,NA,NA,ARFR4-SOS-CO932-314-JEFFERSON-12,#FEE08B,-105.3553333,39.40902778,10 - 15 Deg. F. / 3 - 6,,10 - 15 Deg. F.,6-Mar,10 - 15 Deg. F. / 3 - 6,10 - 15 / semi-humid,CO.2,#66e566,"semi-humid, cool",#FEE08B,E,NA,NA
ARFR-WY930-44-LASANIMAS-13,white,8,30,2,NA,1588,1,1,0,NA,1,0,NA,1,0,NA,1,0,NA,1,1,N,1,1,NA,NA,NA,NA,NA,NA,NA,NA,NA,ARFR4-SOS-WY930-44-LASANIMAS-13,#FDAE61,-104.6423889,37.16547222,15 - 20 Deg. F. / 3 - 6,,15 - 20 Deg. F.,6-Mar,15 - 20 Deg. F. / 3 - 6,15 - 20 / semi-humid,CO.1,#698b69,"semi-humid, warm",#FDAE61,D,NA,NA
ARFR-CO932-294-11,white,8,30,3,NA,1589,1,1,0,NA,1,0,NA,1,0,NA,1,0,NA,1,1,N,1,1,NA,NA,NA,NA,NA,NA,NA,NA,NA,ARFR4-SOS-CO932-294-11,#ABDDA4,-105.2030833,39.78458333,15 - 20 Deg. F. / 3 - 6,,15 - 20 Deg. F.,6-Mar,15 - 20 Deg. F. / 3 - 6,15 - 20 / semi-humid,CO.4,#698b69,"semi-humid, warm",#ABDDA4,H,NA,NA
ARFR-CO932-294-11,white,8,30,4,NA,1590,1,1,1,NA,1,1,NA,1,0,NA,1,0,NA,1,1,N,1,1,NA,NA,NA,NA,NA,NA,NA,NA,NA,ARFR4-SOS-CO932-294-11,#ABDDA4,-105.2030833,39.78458333,15 - 20 Deg. F. / 3 - 6,,15 - 20 Deg. F.,6-Mar,15 - 20 Deg. F. / 3 - 6,15 - 20 / semi-humid,CO.4,#698b69,"semi-humid, warm",#ABDDA4,H,NA,NA
ARFR-NM930N-66-11,white,8,30,5,310,1591,1,1,0,NA,1,1,NA,1,1,NA,1,1,NA,1,1,N,1,1,NA,NA,NA,NA,NA,NA,NA,NA,NA,ARFR4-SOS-NM930N-66-11,#F46D43,-107.2045028,36.76818611,10 - 15 Deg. F. / 3 - 6,,10 - 15 Deg. F.,6-Mar,10 - 15 Deg. F. / 3 - 6,10 - 15 / semi-humid,NM.1,#66e566,"semi-humid, cool",#F46D43,C,NA,NA
ARFR-AZ930-422-NAVAJO-18,white,8,30,6,NA,1592,1,1,0,NA,1,1,NA,1,0,NA,1,1,NA,1,1,Y,1,1,NA,NA,NA,NA,NA,NA,NA,NA,NA,ARFR4-SOS-AZ930-422-NAVAJO-18,#D53E4F,-110.431,36.56805,15 - 20 Deg. F. / 6 - 12,Lats corrected 20230127,15 - 20 Deg. F.,12-Jun,15 - 20 Deg. F. / 6 - 12,15 - 20 / semi-arid,AZ.2,#ee5c42,"semi-arid, warm",#D53E4F,B,NA,NA
ARFR-WY050-49-FREMONT-12,white,8,30,7,NA,1593,1,1,0,NA,1,0,NA,1,0,NA,1,1,NA,1,1,N,1,1,NA,NA,NA,NA,NA,NA,NA,NA,NA,ARFR4-SOS-WY050-49-FREMONT-12,#5E4FA2,-109.34775,43.42663611,5 - 10 Deg. F. / 6 - 12,,5 - 10 Deg. F.,12-Jun,5 - 10 Deg. F. / 6 - 12,5 - 10 / semi-arid,WY.3,#ffb90f,"semi-arid, cold",#5E4FA2,K,NA,NA
ARFR-WY930-44-LASANIMAS-13,white,8,30,8,NA,1594,1,1,0,NA,1,0,NA,1,0,NA,1,0,NA,1,1,N,1,1,NA,NA,NA,NA,NA,NA,NA,NA,NA,ARFR4-SOS-WY930-44-LASANIMAS-13,#FDAE61,-104.6423889,37.16547222,15 - 20 Deg. F. / 3 - 6,,15 - 20 Deg. F.,6-Mar,15 - 20 Deg. F. / 3 - 6,15 - 20 / semi-humid,CO.1,#698b69,"semi-humid, warm",#FDAE61,D,NA,NA
ARFR-AZ930-422-NAVAJO-18,white,8,30,9,NA,1595,1,1,1,NA,1,1,NA,1,1,NA,1,1,NA,1,1,Y,1,1,NA,NA,NA,NA,NA,NA,NA,NA,NA,ARFR4-SOS-AZ930-422-NAVAJO-18,#D53E4F,-110.431,36.56805,15 - 20 Deg. F. / 6 - 12,Lats corrected 20230127,15 - 20 Deg. F.,12-Jun,15 - 20 Deg. F. / 6 - 12,15 - 20 / semi-arid,AZ.2,#ee5c42,"semi-arid, warm",#D53E4F,B,NA,NA
ARFR-AZ930-422-NAVAJO-18,white,8,30,10,311,1596,1,1,0,NA,1,1,NA,1,0,NA,1,1,NA,1,1,N,1,1,NA,NA,NA,NA,NA,NA,NA,NA,NA,ARFR4-SOS-AZ930-422-NAVAJO-18,#D53E4F,-110.431,36.56805,15 - 20 Deg. F. / 6 - 12,Lats corrected 20230127,15 - 20 Deg. F.,12-Jun,15 - 20 Deg. F. / 6 - 12,15 - 20 / semi-arid,AZ.2,#ee5c42,"semi-arid, warm",#D53E4F,B,NA,NA
ARFR-UT080-109-UINTAH-12,white,8,30,11,NA,1597,1,1,0,NA,1,1,NA,1,1,NA,1,1,NA,1,1,N,1,1,NA,NA,NA,NA,NA,NA,NA,NA,NA,ARFR4-SOS-UT080-109-UINTAH-12,#aabe7f,-109.1426444,39.70802222,10 - 15 Deg. F. / 3 - 6,,10 - 15 Deg. F.,6-Mar,10 - 15 Deg. F. / 3 - 6,10 - 15 / semi-humid,UT.1,#66e566,"semi-humid, cool",#aabe7f,G,NA,NA
ARFR-WY050-151-FREMONT-16,white,8,30,12,NA,1598,1,1,0,NA,1,0,NA,1,1,NA,1,1,NA,1,1,N,1,1,NA,NA,NA,NA,NA,NA,NA,NA,NA,ARFR4-SOS-WY050-151-FREMONT-16,#3288BD,-108.1704472,42.47886111,10 - 15 Deg. F. / 6 - 12,,10 - 15 Deg. F.,12-Jun,10 - 15 Deg. F. / 6 - 12,10 - 15 / semi-arid,WY.2,#cd8500,"semi-arid, cool",#3288BD,J,NA,NA
ARFR-WY040-71-10,white,8,30,13,NA,1599,1,1,0,NA,1,1,NA,1,1,NA,1,1,NA,1,1,N,1,1,NA,NA,NA,NA,NA,NA,NA,NA,NA,ARFR4-SOS-WY040-71-10,#66C2A5,-109.2433156,41.13271889,5 - 10 Deg. F. / 3 - 6,,5 - 10 Deg. F.,6-Mar,5 - 10 Deg. F. / 3 - 6,5 - 10 / semi-humid,WY.1,#a5c2f1,"semi-humid, cold",#66C2A5,I,NA,NA
ARFR-WY050-49-FREMONT-12,white,8,30,14,NA,1600,1,1,0,NA,1,0,NA,1,0,NA,1,1,NA,1,1,N,1,1,NA,NA,NA,NA,NA,NA,NA,NA,NA,ARFR4-SOS-WY050-49-FREMONT-12,#5E4FA2,-109.34775,43.42663611,5 - 10 Deg. F. / 6 - 12,,5 - 10 Deg. F.,12-Jun,5 - 10 Deg. F. / 6 - 12,5 - 10 / semi-arid,WY.3,#ffb90f,"semi-arid, cold",#5E4FA2,K,NA,NA
ARFR-CO932-314-JEFFERSON-12,white,8,30,15,312,1601,1,1,0,NA,1,0,NA,1,0,NA,1,1,NA,1,1,N,1,1,NA,NA,NA,NA,NA,NA,NA,NA,NA,ARFR4-SOS-CO932-314-JEFFERSON-12,#FEE08B,-105.3553333,39.40902778,10 - 15 Deg. F. / 3 - 6,,10 - 15 Deg. F.,6-Mar,10 - 15 Deg. F. / 3 - 6,10 - 15 / semi-humid,CO.2,#66e566,"semi-humid, cool",#FEE08B,E,NA,NA
ARFR-NM930N-66-11,white,8,30,16,NA,1602,1,1,0,NA,1,1,NA,1,1,NA,1,1,NA,1,1,N,1,1,NA,NA,NA,NA,NA,NA,NA,NA,NA,ARFR4-SOS-NM930N-66-11,#F46D43,-107.2045028,36.76818611,10 - 15 Deg. F. / 3 - 6,,10 - 15 Deg. F.,6-Mar,10 - 15 Deg. F. / 3 - 6,10 - 15 / semi-humid,NM.1,#66e566,"semi-humid, cool",#F46D43,C,NA,NA
ARFR-AZ930-423-NAVAJO-18,white,8,30,17,NA,1603,1,1,0,NA,1,1,NA,1,1,NA,1,1,NA,1,1,N,1,1,NA,NA,NA,NA,NA,NA,NA,NA,NA,ARFR4-SOS-AZ930-423-NAVAJO-18,#9E0142,-110.431,36.45877,15 - 20 Deg. F. / 6 - 12,SdZones downloaded 20230823,15 - 20 Deg. F.,12-Jun,15 - 20 Deg. F. / 6 - 12,15 - 20 / semi-arid,AZ.1,#ee5c42,"semi-arid, warm",#9E0142,A,NA,NA
ARFR-WY050-151-FREMONT-16,white,8,30,18,NA,1604,1,1,0,NA,1,0,NA,1,0,NA,1,1,NA,1,1,N,1,1,NA,NA,NA,NA,NA,NA,NA,NA,NA,ARFR4-SOS-WY050-151-FREMONT-16,#3288BD,-108.1704472,42.47886111,10 - 15 Deg. F. / 6 - 12,,10 - 15 Deg. F.,12-Jun,10 - 15 Deg. F. / 6 - 12,10 - 15 / semi-arid,WY.2,#cd8500,"semi-arid, cool",#3288BD,J,NA,NA
ARFR-WY040-71-10,white,8,30,19,NA,1605,1,1,0,NA,1,0,NA,1,0,NA,1,0,NA,1,1,N,1,1,NA,NA,NA,NA,NA,NA,NA,NA,NA,ARFR4-SOS-WY040-71-10,#66C2A5,-109.2433156,41.13271889,5 - 10 Deg. F. / 3 - 6,,5 - 10 Deg. F.,6-Mar,5 - 10 Deg. F. / 3 - 6,5 - 10 / semi-humid,WY.1,#a5c2f1,"semi-humid, cold",#66C2A5,I,NA,NA
ARFR-NM930N-66-11,white,8,30,20,313,1606,1,1,0,NA,1,0,NA,1,1,NA,1,1,NA,1,1,N,1,1,NA,NA,NA,NA,NA,NA,NA,NA,NA,ARFR4-SOS-NM930N-66-11,#F46D43,-107.2045028,36.76818611,10 - 15 Deg. F. / 3 - 6,,10 - 15 Deg. F.,6-Mar,10 - 15 Deg. F. / 3 - 6,10 - 15 / semi-humid,NM.1,#66e566,"semi-humid, cool",#F46D43,C,NA,NA
ARFR-CO932-294-11,white,8,30,21,NA,1607,1,1,0,NA,1,0,NA,1,0,NA,1,0,NA,1,1,N,1,1,NA,NA,NA,NA,NA,NA,NA,NA,NA,ARFR4-SOS-CO932-294-11,#ABDDA4,-105.2030833,39.78458333,15 - 20 Deg. F. / 3 - 6,,15 - 20 Deg. F.,6-Mar,15 - 20 Deg. F. / 3 - 6,15 - 20 / semi-humid,CO.4,#698b69,"semi-humid, warm",#ABDDA4,H,NA,NA
ARFR-NM930N-66-11,white,8,30,22,NA,1608,1,0,NA,NA,0,NA,NA,0,NA,NA,0,NA,NA,0,NA,N,0,NA,NA,NA,NA,NA,NA,NA,NA,NA,NA,ARFR4-SOS-NM930N-66-11,#F46D43,-107.2045028,36.76818611,10 - 15 Deg. F. / 3 - 6,,10 - 15 Deg. F.,6-Mar,10 - 15 Deg. F. / 3 - 6,10 - 15 / semi-humid,NM.1,#66e566,"semi-humid, cool",#F46D43,C,NA,NA
ARFR-WY040-71-10,white,8,30,23,NA,1609,1,1,1,NA,1,1,NA,1,1,NA,1,1,NA,1,1,N,1,1,NA,NA,NA,NA,NA,NA,NA,NA,NA,ARFR4-SOS-WY040-71-10,#66C2A5,-109.2433156,41.13271889,5 - 10 Deg. F. / 3 - 6,,5 - 10 Deg. F.,6-Mar,5 - 10 Deg. F. / 3 - 6,5 - 10 / semi-humid,WY.1,#a5c2f1,"semi-humid, cold",#66C2A5,I,NA,NA
ARFR-CO932-294-11,white,8,30,24,NA,1610,1,1,0,NA,1,0,NA,1,0,NA,1,0,NA,1,1,N,1,1,NA,NA,NA,NA,NA,NA,NA,NA,NA,ARFR4-SOS-CO932-294-11,#ABDDA4,-105.2030833,39.78458333,15 - 20 Deg. F. / 3 - 6,,15 - 20 Deg. F.,6-Mar,15 - 20 Deg. F. / 3 - 6,15 - 20 / semi-humid,CO.4,#698b69,"semi-humid, warm",#ABDDA4,H,NA,Y
ARFR-AZ930-422-NAVAJO-18,white,8,30,25,314,1611,1,1,0,NA,1,0,NA,1,0,NA,1,0,NA,1,1,N,1,1,NA,NA,NA,NA,NA,NA,NA,NA,NA,ARFR4-SOS-AZ930-422-NAVAJO-18,#D53E4F,-110.431,36.56805,15 - 20 Deg. F. / 6 - 12,Lats corrected 20230127,15 - 20 Deg. F.,12-Jun,15 - 20 Deg. F. / 6 - 12,15 - 20 / semi-arid,AZ.2,#ee5c42,"semi-arid, warm",#D53E4F,B,NA,NA
ARFR-WY050-49-FREMONT-12,white,8,30,26,NA,1612,1,1,0,NA,1,0,NA,1,1,NA,1,1,NA,1,1,Y,1,1,NA,NA,NA,NA,NA,NA,NA,NA,NA,ARFR4-SOS-WY050-49-FREMONT-12,#5E4FA2,-109.34775,43.42663611,5 - 10 Deg. F. / 6 - 12,,5 - 10 Deg. F.,12-Jun,5 - 10 Deg. F. / 6 - 12,5 - 10 / semi-arid,WY.3,#ffb90f,"semi-arid, cold",#5E4FA2,K,NA,NA
ARFR-UT080-109-UINTAH-12,white,8,30,27,NA,1613,0,0,NA,NA,0,NA,NA,0,NA,NA,0,NA,NA,0,NA,N,0,NA,NA,NA,NA,NA,NA,NA,NA,NA,NA,ARFR4-SOS-UT080-109-UINTAH-12,#aabe7f,-109.1426444,39.70802222,10 - 15 Deg. F. / 3 - 6,,10 - 15 Deg. F.,6-Mar,10 - 15 Deg. F. / 3 - 6,10 - 15 / semi-humid,UT.1,#66e566,"semi-humid, cool",#aabe7f,G,NA,NA
ARFR-AZ930-423-NAVAJO-18,white,8,30,28,NA,1614,1,1,0,NA,1,1,NA,1,1,NA,1,1,NA,1,1,N,1,1,NA,NA,NA,NA,NA,NA,NA,NA,NA,ARFR4-SOS-AZ930-423-NAVAJO-18,#9E0142,-110.431,36.45877,15 - 20 Deg. F. / 6 - 12,SdZones downloaded 20230823,15 - 20 Deg. F.,12-Jun,15 - 20 Deg. F. / 6 - 12,15 - 20 / semi-arid,AZ.1,#ee5c42,"semi-arid, warm",#9E0142,A,NA,NA
ARFR-CO932-316-JEFFERSON-12,white,8,30,29,NA,1615,1,1,0,NA,1,0,NA,1,0,NA,1,1,NA,1,1,N,1,1,NA,NA,NA,NA,NA,NA,NA,NA,NA,ARFR4-SOS-CO932-316-JEFFERSON-12,#FFFF85,-105.358,39.66325,15 - 20 Deg. F. / 3 - 6,,15 - 20 Deg. F.,6-Mar,15 - 20 Deg. F. / 3 - 6,15 - 20 / semi-humid,CO.3,#698b69,"semi-humid, warm",#FFFF85,F,NA,NA
ARFR-UT080-109-UINTAH-12,white,8,30,30,315,1616,0,1,0,NA,1,0,NA,0,NA,NA,0,NA,NA,0,NA,N,0,NA,NA,NA,NA,NA,NA,NA,NA,NA,NA,ARFR4-SOS-UT080-109-UINTAH-12,#aabe7f,-109.1426444,39.70802222,10 - 15 Deg. F. / 3 - 6,,10 - 15 Deg. F.,6-Mar,10 - 15 Deg. F. / 3 - 6,10 - 15 / semi-humid,UT.1,#66e566,"semi-humid, cool",#aabe7f,G,NA,NA
ARFR-WY050-151-FREMONT-16,white,8,30,31,NA,1617,1,1,0,NA,1,0,NA,1,0,NA,1,1,NA,1,1,N,1,1,NA,NA,NA,NA,NA,NA,NA,NA,NA,ARFR4-SOS-WY050-151-FREMONT-16,#3288BD,-108.1704472,42.47886111,10 - 15 Deg. F. / 6 - 12,,10 - 15 Deg. F.,12-Jun,10 - 15 Deg. F. / 6 - 12,10 - 15 / semi-arid,WY.2,#cd8500,"semi-arid, cool",#3288BD,J,NA,NA
ARFR-CO932-294-11,white,8,30,32,NA,1618,1,1,0,NA,1,1,NA,1,0,NA,1,1,NA,1,1,N,1,1,NA,NA,NA,NA,NA,NA,NA,NA,NA,ARFR4-SOS-CO932-294-11,#ABDDA4,-105.2030833,39.78458333,15 - 20 Deg. F. / 3 - 6,,15 - 20 Deg. F.,6-Mar,15 - 20 Deg. F. / 3 - 6,15 - 20 / semi-humid,CO.4,#698b69,"semi-humid, warm",#ABDDA4,H,NA,NA
ARFR-AZ930-422-NAVAJO-18,white,8,30,33,NA,1619,1,1,0,NA,1,1,NA,1,0,NA,1,1,NA,1,1,Y,1,1,NA,NA,NA,NA,NA,NA,NA,NA,NA,ARFR4-SOS-AZ930-422-NAVAJO-18,#D53E4F,-110.431,36.56805,15 - 20 Deg. F. / 6 - 12,Lats corrected 20230127,15 - 20 Deg. F.,12-Jun,15 - 20 Deg. F. / 6 - 12,15 - 20 / semi-arid,AZ.2,#ee5c42,"semi-arid, warm",#D53E4F,B,NA,NA
ARFR-NM930N-66-11,white,8,30,34,NA,1620,1,1,0,NA,1,1,NA,1,0,NA,1,1,NA,1,1,N,1,1,NA,NA,NA,NA,NA,NA,NA,NA,NA,ARFR4-SOS-NM930N-66-11,#F46D43,-107.2045028,36.76818611,10 - 15 Deg. F. / 3 - 6,,10 - 15 Deg. F.,6-Mar,10 - 15 Deg. F. / 3 - 6,10 - 15 / semi-humid,NM.1,#66e566,"semi-humid, cool",#F46D43,C,NA,NA
ARFR-WY050-49-FREMONT-12,white,8,30,35,316,1621,1,1,1,NA,1,1,NA,1,1,NA,1,1,NA,1,1,N,1,1,NA,NA,NA,NA,NA,NA,NA,NA,NA,ARFR4-SOS-WY050-49-FREMONT-12,#5E4FA2,-109.34775,43.42663611,5 - 10 Deg. F. / 6 - 12,,5 - 10 Deg. F.,12-Jun,5 - 10 Deg. F. / 6 - 12,5 - 10 / semi-arid,WY.3,#ffb90f,"semi-arid, cold",#5E4FA2,K,NA,NA
ARFR-WY050-49-FREMONT-12,white,8,30,36,NA,1622,1,1,0,NA,1,1,NA,1,0,NA,1,1,NA,1,1,N,1,1,NA,NA,NA,NA,NA,NA,NA,NA,NA,ARFR4-SOS-WY050-49-FREMONT-12,#5E4FA2,-109.34775,43.42663611,5 - 10 Deg. F. / 6 - 12,,5 - 10 Deg. F.,12-Jun,5 - 10 Deg. F. / 6 - 12,5 - 10 / semi-arid,WY.3,#ffb90f,"semi-arid, cold",#5E4FA2,K,NA,NA
ARFR-WY040-71-10,white,8,30,37,NA,1623,1,1,1,NA,1,1,NA,1,1,NA,1,1,NA,1,1,N,1,1,NA,NA,NA,NA,NA,NA,NA,NA,NA,ARFR4-SOS-WY040-71-10,#66C2A5,-109.2433156,41.13271889,5 - 10 Deg. F. / 3 - 6,,5 - 10 Deg. F.,6-Mar,5 - 10 Deg. F. / 3 - 6,5 - 10 / semi-humid,WY.1,#a5c2f1,"semi-humid, cold",#66C2A5,I,NA,NA
ARFR-NM930N-66-11,white,8,30,38,NA,1624,1,1,0,NA,1,0,NA,1,1,NA,1,1,NA,1,1,N,1,1,NA,NA,NA,NA,NA,NA,NA,NA,NA,ARFR4-SOS-NM930N-66-11,#F46D43,-107.2045028,36.76818611,10 - 15 Deg. F. / 3 - 6,,10 - 15 Deg. F.,6-Mar,10 - 15 Deg. F. / 3 - 6,10 - 15 / semi-humid,NM.1,#66e566,"semi-humid, cool",#F46D43,C,NA,NA
ARFR-WY050-49-FREMONT-12,white,8,30,39,NA,1625,1,1,0,NA,1,0,NA,1,0,NA,1,1,NA,1,1,N,1,1,NA,NA,NA,NA,NA,NA,NA,NA,NA,ARFR4-SOS-WY050-49-FREMONT-12,#5E4FA2,-109.34775,43.42663611,5 - 10 Deg. F. / 6 - 12,,5 - 10 Deg. F.,12-Jun,5 - 10 Deg. F. / 6 - 12,5 - 10 / semi-arid,WY.3,#ffb90f,"semi-arid, cold",#5E4FA2,K,NA,NA
ARFR-WY050-49-FREMONT-12,white,8,30,40,317,1626,1,1,0,NA,1,0,NA,1,1,NA,1,1,NA,1,1,N,1,1,NA,NA,NA,NA,NA,NA,NA,NA,NA,ARFR4-SOS-WY050-49-FREMONT-12,#5E4FA2,-109.34775,43.42663611,5 - 10 Deg. F. / 6 - 12,,5 - 10 Deg. F.,12-Jun,5 - 10 Deg. F. / 6 - 12,5 - 10 / semi-arid,WY.3,#ffb90f,"semi-arid, cold",#5E4FA2,K,NA,NA
ARFR-WY050-49-FREMONT-12,white,8,30,41,NA,1627,1,1,0,NA,1,0,NA,1,0,NA,1,1,NA,1,1,N,1,1,NA,NA,NA,NA,NA,NA,NA,NA,NA,ARFR4-SOS-WY050-49-FREMONT-12,#5E4FA2,-109.34775,43.42663611,5 - 10 Deg. F. / 6 - 12,,5 - 10 Deg. F.,12-Jun,5 - 10 Deg. F. / 6 - 12,5 - 10 / semi-arid,WY.3,#ffb90f,"semi-arid, cold",#5E4FA2,K,NA,NA
ARFR-AZ930-423-NAVAJO-18,white,8,30,42,NA,1628,1,1,0,NA,1,0,NA,1,0,NA,1,1,NA,1,1,N,1,1,NA,NA,NA,NA,NA,NA,NA,NA,NA,ARFR4-SOS-AZ930-423-NAVAJO-18,#9E0142,-110.431,36.45877,15 - 20 Deg. F. / 6 - 12,SdZones downloaded 20230823,15 - 20 Deg. F.,12-Jun,15 - 20 Deg. F. / 6 - 12,15 - 20 / semi-arid,AZ.1,#ee5c42,"semi-arid, warm",#9E0142,A,NA,NA
ARFR-NM930N-66-11,white,8,30,43,NA,1629,1,1,1,NA,1,1,NA,1,0,NA,1,1,NA,1,1,N,1,1,NA,NA,NA,NA,NA,NA,NA,NA,NA,ARFR4-SOS-NM930N-66-11,#F46D43,-107.2045028,36.76818611,10 - 15 Deg. F. / 3 - 6,,10 - 15 Deg. F.,6-Mar,10 - 15 Deg. F. / 3 - 6,10 - 15 / semi-humid,NM.1,#66e566,"semi-humid, cool",#F46D43,C,NA,NA
ARFR-WY050-151-FREMONT-16,white,8,30,44,NA,1630,1,1,0,NA,1,0,NA,1,0,NA,1,1,NA,1,1,N,1,1,NA,NA,NA,NA,NA,NA,NA,NA,NA,ARFR4-SOS-WY050-151-FREMONT-16,#3288BD,-108.1704472,42.47886111,10 - 15 Deg. F. / 6 - 12,,10 - 15 Deg. F.,12-Jun,10 - 15 Deg. F. / 6 - 12,10 - 15 / semi-arid,WY.2,#cd8500,"semi-arid, cool",#3288BD,J,NA,NA
ARFR-CO932-316-JEFFERSON-12,white,8,30,45,318,1631,1,1,1,NA,1,1,NA,1,1,NA,1,1,NA,1,1,N,1,1,NA,NA,NA,NA,NA,NA,NA,NA,NA,ARFR4-SOS-CO932-316-JEFFERSON-12,#FFFF85,-105.358,39.66325,15 - 20 Deg. F. / 3 - 6,,15 - 20 Deg. F.,6-Mar,15 - 20 Deg. F. / 3 - 6,15 - 20 / semi-humid,CO.3,#698b69,"semi-humid, warm",#FFFF85,F,NA,NA
ARFR-WY930-44-LASANIMAS-13,white,8,30,46,NA,1632,1,1,0,NA,1,0,NA,1,0,NA,1,1,NA,1,1,Y,1,1,NA,NA,NA,NA,NA,NA,NA,NA,NA,ARFR4-SOS-WY930-44-LASANIMAS-13,#FDAE61,-104.6423889,37.16547222,15 - 20 Deg. F. / 3 - 6,,15 - 20 Deg. F.,6-Mar,15 - 20 Deg. F. / 3 - 6,15 - 20 / semi-humid,CO.1,#698b69,"semi-humid, warm",#FDAE61,D,NA,NA
ARFR-NM930N-66-11,white,8,30,47,NA,1633,1,1,0,NA,1,0,NA,1,1,NA,1,1,NA,1,1,N,1,1,NA,NA,NA,NA,NA,NA,NA,NA,NA,ARFR4-SOS-NM930N-66-11,#F46D43,-107.2045028,36.76818611,10 - 15 Deg. F. / 3 - 6,,10 - 15 Deg. F.,6-Mar,10 - 15 Deg. F. / 3 - 6,10 - 15 / semi-humid,NM.1,#66e566,"semi-humid, cool",#F46D43,C,NA,NA
ARFR-AZ930-422-NAVAJO-18,white,8,30,48,NA,1634,1,1,0,NA,1,0,NA,1,1,NA,1,1,NA,1,0,N,1,0,NA,NA,NA,NA,NA,Y,NA,NA,NA,ARFR4-SOS-AZ930-422-NAVAJO-18,#D53E4F,-110.431,36.56805,15 - 20 Deg. F. / 6 - 12,Lats corrected 20230127,15 - 20 Deg. F.,12-Jun,15 - 20 Deg. F. / 6 - 12,15 - 20 / semi-arid,AZ.2,#ee5c42,"semi-arid, warm",#D53E4F,B,NA,NA
ARFR-CO932-316-JEFFERSON-12,white,8,30,49,NA,1635,1,1,0,NA,1,1,NA,1,0,NA,1,1,NA,1,1,N,1,1,NA,NA,NA,NA,NA,NA,NA,NA,NA,ARFR4-SOS-CO932-316-JEFFERSON-12,#FFFF85,-105.358,39.66325,15 - 20 Deg. F. / 3 - 6,,15 - 20 Deg. F.,6-Mar,15 - 20 Deg. F. / 3 - 6,15 - 20 / semi-humid,CO.3,#698b69,"semi-humid, warm",#FFFF85,F,NA,Y
ARFR-WY050-151-FREMONT-16,white,8,30,50,319,1636,1,1,1,NA,1,1,NA,1,1,NA,1,1,NA,1,1,N,1,1,NA,NA,NA,NA,NA,NA,NA,NA,NA,ARFR4-SOS-WY050-151-FREMONT-16,#3288BD,-108.1704472,42.47886111,10 - 15 Deg. F. / 6 - 12,,10 - 15 Deg. F.,12-Jun,10 - 15 Deg. F. / 6 - 12,10 - 15 / semi-arid,WY.2,#cd8500,"semi-arid, cool",#3288BD,J,NA,NA
ARFR-CO932-314-JEFFERSON-12,white,8,30,51,NA,1637,1,0,NA,NA,0,NA,NA,0,NA,NA,0,NA,NA,0,NA,N,0,NA,NA,NA,NA,NA,NA,NA,Y,Y,Harvested,ARFR4-SOS-CO932-314-JEFFERSON-12,#FEE08B,-105.3553333,39.40902778,10 - 15 Deg. F. / 3 - 6,,10 - 15 Deg. F.,6-Mar,10 - 15 Deg. F. / 3 - 6,10 - 15 / semi-humid,CO.2,#66e566,"semi-humid, cool",#FEE08B,E,NA,Y
ARFR-UT080-109-UINTAH-12,white,8,30,52,NA,1638,1,1,0,NA,1,0,NA,1,1,NA,1,1,NA,1,1,N,1,1,NA,NA,NA,NA,NA,NA,NA,NA,NA,ARFR4-SOS-UT080-109-UINTAH-12,#aabe7f,-109.1426444,39.70802222,10 - 15 Deg. F. / 3 - 6,,10 - 15 Deg. F.,6-Mar,10 - 15 Deg. F. / 3 - 6,10 - 15 / semi-humid,UT.1,#66e566,"semi-humid, cool",#aabe7f,G,NA,NA
ARFR-WY930-44-LASANIMAS-13,white,8,30,53,NA,1639,1,1,0,NA,1,0,NA,1,0,NA,1,0,NA,1,1,N,1,1,NA,NA,NA,NA,NA,NA,NA,NA,NA,ARFR4-SOS-WY930-44-LASANIMAS-13,#FDAE61,-104.6423889,37.16547222,15 - 20 Deg. F. / 3 - 6,,15 - 20 Deg. F.,6-Mar,15 - 20 Deg. F. / 3 - 6,15 - 20 / semi-humid,CO.1,#698b69,"semi-humid, warm",#FDAE61,D,NA,NA
ARFR-WY040-71-10,white,8,30,54,NA,1640,1,1,1,NA,1,0,NA,1,1,NA,1,1,NA,1,1,N,1,1,NA,NA,NA,NA,NA,NA,NA,NA,NA,ARFR4-SOS-WY040-71-10,#66C2A5,-109.2433156,41.13271889,5 - 10 Deg. F. / 3 - 6,,5 - 10 Deg. F.,6-Mar,5 - 10 Deg. F. / 3 - 6,5 - 10 / semi-humid,WY.1,#a5c2f1,"semi-humid, cold",#66C2A5,I,NA,NA
ARFR-WY050-49-FREMONT-12,white,8,30,55,320,1641,1,1,0,NA,1,0,NA,1,0,NA,1,1,NA,1,1,Y,1,1,NA,NA,NA,NA,NA,NA,NA,NA,NA,ARFR4-SOS-WY050-49-FREMONT-12,#5E4FA2,-109.34775,43.42663611,5 - 10 Deg. F. / 6 - 12,,5 - 10 Deg. F.,12-Jun,5 - 10 Deg. F. / 6 - 12,5 - 10 / semi-arid,WY.3,#ffb90f,"semi-arid, cold",#5E4FA2,K,NA,NA
ARFR-WY040-71-10,white,8,31,1,321,1642,1,1,0,NA,1,0,NA,1,0,NA,1,1,NA,1,1,N,1,1,NA,NA,NA,NA,NA,NA,NA,NA,NA,ARFR4-SOS-WY040-71-10,#66C2A5,-109.2433156,41.13271889,5 - 10 Deg. F. / 3 - 6,,5 - 10 Deg. F.,6-Mar,5 - 10 Deg. F. / 3 - 6,5 - 10 / semi-humid,WY.1,#a5c2f1,"semi-humid, cold",#66C2A5,I,NA,NA
ARFR-WY040-71-10,white,8,31,2,NA,1643,1,1,0,NA,1,0,NA,1,0,NA,1,1,NA,1,1,N,1,1,NA,NA,NA,NA,NA,NA,NA,NA,NA,ARFR4-SOS-WY040-71-10,#66C2A5,-109.2433156,41.13271889,5 - 10 Deg. F. / 3 - 6,,5 - 10 Deg. F.,6-Mar,5 - 10 Deg. F. / 3 - 6,5 - 10 / semi-humid,WY.1,#a5c2f1,"semi-humid, cold",#66C2A5,I,NA,Y
ARFR-CO932-316-JEFFERSON-12,white,8,31,3,NA,1644,1,1,0,NA,1,0,NA,1,0,NA,1,1,NA,1,1,N,1,1,NA,NA,NA,NA,NA,NA,NA,NA,NA,ARFR4-SOS-CO932-316-JEFFERSON-12,#FFFF85,-105.358,39.66325,15 - 20 Deg. F. / 3 - 6,,15 - 20 Deg. F.,6-Mar,15 - 20 Deg. F. / 3 - 6,15 - 20 / semi-humid,CO.3,#698b69,"semi-humid, warm",#FFFF85,F,NA,NA
ARFR-WY930-44-LASANIMAS-13,white,8,31,4,NA,1645,0,0,NA,NA,0,NA,NA,0,NA,NA,0,NA,NA,0,NA,N,0,NA,NA,NA,NA,NA,NA,NA,NA,NA,NA,ARFR4-SOS-WY930-44-LASANIMAS-13,#FDAE61,-104.6423889,37.16547222,15 - 20 Deg. F. / 3 - 6,,15 - 20 Deg. F.,6-Mar,15 - 20 Deg. F. / 3 - 6,15 - 20 / semi-humid,CO.1,#698b69,"semi-humid, warm",#FDAE61,D,NA,NA
ARFR-CO932-314-JEFFERSON-12,white,8,31,5,322,1646,1,1,0,NA,1,0,NA,1,0,NA,1,0,NA,1,0,N,1,0,dying,NA,NA,NA,NA,NA,NA,NA,NA,ARFR4-SOS-CO932-314-JEFFERSON-12,#FEE08B,-105.3553333,39.40902778,10 - 15 Deg. F. / 3 - 6,,10 - 15 Deg. F.,6-Mar,10 - 15 Deg. F. / 3 - 6,10 - 15 / semi-humid,CO.2,#66e566,"semi-humid, cool",#FEE08B,E,NA,NA
ARFR-AZ930-423-NAVAJO-18,white,8,31,6,NA,1647,1,1,0,NA,1,1,NA,1,1,NA,1,1,NA,1,1,N,1,1,NA,NA,NA,NA,NA,NA,NA,NA,NA,ARFR4-SOS-AZ930-423-NAVAJO-18,#9E0142,-110.431,36.45877,15 - 20 Deg. F. / 6 - 12,SdZones downloaded 20230823,15 - 20 Deg. F.,12-Jun,15 - 20 Deg. F. / 6 - 12,15 - 20 / semi-arid,AZ.1,#ee5c42,"semi-arid, warm",#9E0142,A,NA,NA
ARFR-CO932-294-11,white,8,31,7,NA,1648,1,1,0,NA,1,0,NA,1,0,NA,1,0,NA,1,0,N,1,0,NA,NA,NA,NA,NA,NA,NA,NA,NA,ARFR4-SOS-CO932-294-11,#ABDDA4,-105.2030833,39.78458333,15 - 20 Deg. F. / 3 - 6,,15 - 20 Deg. F.,6-Mar,15 - 20 Deg. F. / 3 - 6,15 - 20 / semi-humid,CO.4,#698b69,"semi-humid, warm",#ABDDA4,H,NA,NA
ARFR-WY050-49-FREMONT-12,white,8,31,8,NA,1649,1,1,0,NA,1,0,NA,1,0,NA,1,1,NA,1,1,N,1,1,NA,NA,NA,NA,NA,NA,NA,NA,NA,ARFR4-SOS-WY050-49-FREMONT-12,#5E4FA2,-109.34775,43.42663611,5 - 10 Deg. F. / 6 - 12,,5 - 10 Deg. F.,12-Jun,5 - 10 Deg. F. / 6 - 12,5 - 10 / semi-arid,WY.3,#ffb90f,"semi-arid, cold",#5E4FA2,K,NA,NA
ARFR-NM930N-66-11,white,8,31,9,NA,1650,1,1,0,NA,1,1,NA,1,1,NA,1,1,NA,1,1,N,1,1,NA,NA,NA,NA,NA,NA,NA,NA,NA,ARFR4-SOS-NM930N-66-11,#F46D43,-107.2045028,36.76818611,10 - 15 Deg. F. / 3 - 6,,10 - 15 Deg. F.,6-Mar,10 - 15 Deg. F. / 3 - 6,10 - 15 / semi-humid,NM.1,#66e566,"semi-humid, cool",#F46D43,C,NA,NA
ARFR-CO932-316-JEFFERSON-12,white,8,31,10,323,1651,1,1,0,NA,1,0,NA,1,0,NA,1,1,NA,1,1,N,1,1,NA,NA,NA,NA,NA,NA,NA,NA,NA,ARFR4-SOS-CO932-316-JEFFERSON-12,#FFFF85,-105.358,39.66325,15 - 20 Deg. F. / 3 - 6,,15 - 20 Deg. F.,6-Mar,15 - 20 Deg. F. / 3 - 6,15 - 20 / semi-humid,CO.3,#698b69,"semi-humid, warm",#FFFF85,F,NA,NA
ARFR-CO932-316-JEFFERSON-12,white,8,31,11,NA,1652,1,1,1,NA,1,1,NA,1,1,NA,1,1,NA,1,1,N,1,1,NA,NA,NA,NA,NA,NA,NA,NA,NA,ARFR4-SOS-CO932-316-JEFFERSON-12,#FFFF85,-105.358,39.66325,15 - 20 Deg. F. / 3 - 6,,15 - 20 Deg. F.,6-Mar,15 - 20 Deg. F. / 3 - 6,15 - 20 / semi-humid,CO.3,#698b69,"semi-humid, warm",#FFFF85,F,NA,NA
ARFR-WY040-71-10,white,8,31,12,NA,1653,1,1,0,NA,1,0,NA,1,0,NA,1,0,NA,1,1,N,1,1,NA,NA,NA,NA,NA,NA,NA,NA,NA,ARFR4-SOS-WY040-71-10,#66C2A5,-109.2433156,41.13271889,5 - 10 Deg. F. / 3 - 6,,5 - 10 Deg. F.,6-Mar,5 - 10 Deg. F. / 3 - 6,5 - 10 / semi-humid,WY.1,#a5c2f1,"semi-humid, cold",#66C2A5,I,NA,NA
ARFR-WY050-151-FREMONT-16,white,8,31,13,NA,1654,1,1,0,NA,1,0,NA,1,0,NA,1,0,NA,1,1,Y,1,1,NA,NA,NA,NA,NA,NA,NA,NA,NA,ARFR4-SOS-WY050-151-FREMONT-16,#3288BD,-108.1704472,42.47886111,10 - 15 Deg. F. / 6 - 12,,10 - 15 Deg. F.,12-Jun,10 - 15 Deg. F. / 6 - 12,10 - 15 / semi-arid,WY.2,#cd8500,"semi-arid, cool",#3288BD,J,NA,NA
ARFR-NM930N-66-11,white,8,31,14,NA,1655,1,1,0,NA,1,0,NA,1,0,NA,1,1,NA,1,1,N,1,1,NA,NA,NA,NA,NA,NA,NA,NA,NA,ARFR4-SOS-NM930N-66-11,#F46D43,-107.2045028,36.76818611,10 - 15 Deg. F. / 3 - 6,,10 - 15 Deg. F.,6-Mar,10 - 15 Deg. F. / 3 - 6,10 - 15 / semi-humid,NM.1,#66e566,"semi-humid, cool",#F46D43,C,NA,NA
ARFR-AZ930-423-NAVAJO-18,white,8,31,15,324,1656,1,1,0,NA,1,0,NA,1,0,NA,1,0,NA,1,1,N,1,1,NA,NA,NA,NA,NA,NA,NA,NA,NA,ARFR4-SOS-AZ930-423-NAVAJO-18,#9E0142,-110.431,36.45877,15 - 20 Deg. F. / 6 - 12,SdZones downloaded 20230823,15 - 20 Deg. F.,12-Jun,15 - 20 Deg. F. / 6 - 12,15 - 20 / semi-arid,AZ.1,#ee5c42,"semi-arid, warm",#9E0142,A,NA,NA
ARFR-WY930-44-LASANIMAS-13,white,8,31,16,NA,1657,1,1,0,NA,1,0,NA,1,0,NA,1,0,NA,1,1,N,1,1,NA,NA,NA,NA,NA,NA,NA,NA,NA,ARFR4-SOS-WY930-44-LASANIMAS-13,#FDAE61,-104.6423889,37.16547222,15 - 20 Deg. F. / 3 - 6,,15 - 20 Deg. F.,6-Mar,15 - 20 Deg. F. / 3 - 6,15 - 20 / semi-humid,CO.1,#698b69,"semi-humid, warm",#FDAE61,D,NA,NA
ARFR-WY050-49-FREMONT-12,white,8,31,17,NA,1658,1,1,0,NA,1,0,NA,1,0,NA,1,0,NA,1,0,N,1,0,NA,NA,NA,NA,NA,NA,NA,NA,NA,ARFR4-SOS-WY050-49-FREMONT-12,#5E4FA2,-109.34775,43.42663611,5 - 10 Deg. F. / 6 - 12,,5 - 10 Deg. F.,12-Jun,5 - 10 Deg. F. / 6 - 12,5 - 10 / semi-arid,WY.3,#ffb90f,"semi-arid, cold",#5E4FA2,K,NA,NA
ARFR-UT080-109-UINTAH-12,white,8,31,18,NA,1659,0,0,NA,NA,0,NA,NA,0,NA,NA,0,NA,NA,0,NA,N,0,NA,NA,NA,NA,NA,NA,NA,NA,NA,NA,ARFR4-SOS-UT080-109-UINTAH-12,#aabe7f,-109.1426444,39.70802222,10 - 15 Deg. F. / 3 - 6,,10 - 15 Deg. F.,6-Mar,10 - 15 Deg. F. / 3 - 6,10 - 15 / semi-humid,UT.1,#66e566,"semi-humid, cool",#aabe7f,G,NA,NA
ARFR-CO932-294-11,white,8,31,19,NA,1660,1,1,0,NA,1,0,NA,1,0,NA,1,0,NA,1,0,N,1,0,NA,NA,NA,NA,NA,NA,NA,NA,NA,ARFR4-SOS-CO932-294-11,#ABDDA4,-105.2030833,39.78458333,15 - 20 Deg. F. / 3 - 6,,15 - 20 Deg. F.,6-Mar,15 - 20 Deg. F. / 3 - 6,15 - 20 / semi-humid,CO.4,#698b69,"semi-humid, warm",#ABDDA4,H,NA,NA
ARFR-WY050-49-FREMONT-12,white,8,31,20,325,1661,1,1,0,NA,1,1,NA,1,1,NA,1,1,NA,1,1,N,1,1,NA,NA,NA,NA,NA,NA,NA,NA,NA,ARFR4-SOS-WY050-49-FREMONT-12,#5E4FA2,-109.34775,43.42663611,5 - 10 Deg. F. / 6 - 12,,5 - 10 Deg. F.,12-Jun,5 - 10 Deg. F. / 6 - 12,5 - 10 / semi-arid,WY.3,#ffb90f,"semi-arid, cold",#5E4FA2,K,NA,NA
ARFR-CO932-316-JEFFERSON-12,white,8,31,21,NA,1662,1,1,0,NA,1,0,NA,1,0,NA,1,0,NA,1,1,N,1,1,NA,NA,NA,NA,NA,NA,NA,NA,NA,ARFR4-SOS-CO932-316-JEFFERSON-12,#FFFF85,-105.358,39.66325,15 - 20 Deg. F. / 3 - 6,,15 - 20 Deg. F.,6-Mar,15 - 20 Deg. F. / 3 - 6,15 - 20 / semi-humid,CO.3,#698b69,"semi-humid, warm",#FFFF85,F,NA,NA
ARFR-CO932-294-11,white,8,31,22,NA,1663,1,1,0,NA,1,0,NA,1,0,NA,1,0,NA,1,0,N,1,0,NA,NA,NA,NA,NA,NA,NA,NA,NA,ARFR4-SOS-CO932-294-11,#ABDDA4,-105.2030833,39.78458333,15 - 20 Deg. F. / 3 - 6,,15 - 20 Deg. F.,6-Mar,15 - 20 Deg. F. / 3 - 6,15 - 20 / semi-humid,CO.4,#698b69,"semi-humid, warm",#ABDDA4,H,NA,NA
ARFR-WY040-71-10,white,8,31,23,NA,1664,1,1,1,NA,1,1,NA,1,1,NA,1,1,NA,1,1,N,1,1,NA,NA,NA,NA,NA,NA,NA,NA,NA,ARFR4-SOS-WY040-71-10,#66C2A5,-109.2433156,41.13271889,5 - 10 Deg. F. / 3 - 6,,5 - 10 Deg. F.,6-Mar,5 - 10 Deg. F. / 3 - 6,5 - 10 / semi-humid,WY.1,#a5c2f1,"semi-humid, cold",#66C2A5,I,NA,NA
ARFR-NM930N-66-11,white,8,31,24,NA,1665,1,1,0,NA,1,1,NA,1,1,NA,1,1,NA,1,1,N,1,1,NA,NA,NA,NA,NA,NA,NA,NA,NA,ARFR4-SOS-NM930N-66-11,#F46D43,-107.2045028,36.76818611,10 - 15 Deg. F. / 3 - 6,,10 - 15 Deg. F.,6-Mar,10 - 15 Deg. F. / 3 - 6,10 - 15 / semi-humid,NM.1,#66e566,"semi-humid, cool",#F46D43,C,NA,NA
ARFR-WY050-151-FREMONT-16,white,8,31,25,326,1666,1,1,0,NA,1,0,NA,1,0,NA,1,0,NA,1,1,Y,1,1,NA,NA,NA,NA,NA,NA,NA,NA,NA,ARFR4-SOS-WY050-151-FREMONT-16,#3288BD,-108.1704472,42.47886111,10 - 15 Deg. F. / 6 - 12,,10 - 15 Deg. F.,12-Jun,10 - 15 Deg. F. / 6 - 12,10 - 15 / semi-arid,WY.2,#cd8500,"semi-arid, cool",#3288BD,J,NA,NA
ARFR-WY050-49-FREMONT-12,white,8,31,26,NA,1667,1,1,0,NA,1,0,NA,1,0,NA,1,0,NA,1,1,N,1,1,NA,NA,NA,NA,NA,NA,NA,NA,NA,ARFR4-SOS-WY050-49-FREMONT-12,#5E4FA2,-109.34775,43.42663611,5 - 10 Deg. F. / 6 - 12,,5 - 10 Deg. F.,12-Jun,5 - 10 Deg. F. / 6 - 12,5 - 10 / semi-arid,WY.3,#ffb90f,"semi-arid, cold",#5E4FA2,K,NA,NA
ARFR-WY050-151-FREMONT-16,white,8,31,27,NA,1668,1,1,0,NA,1,0,NA,1,0,NA,1,0,NA,1,1,N,1,1,NA,NA,NA,NA,NA,NA,NA,NA,NA,ARFR4-SOS-WY050-151-FREMONT-16,#3288BD,-108.1704472,42.47886111,10 - 15 Deg. F. / 6 - 12,,10 - 15 Deg. F.,12-Jun,10 - 15 Deg. F. / 6 - 12,10 - 15 / semi-arid,WY.2,#cd8500,"semi-arid, cool",#3288BD,J,NA,NA
ARFR-AZ930-423-NAVAJO-18,white,8,31,28,NA,1669,1,1,0,NA,1,0,NA,1,0,NA,1,1,NA,1,1,N,1,1,NA,NA,NA,NA,NA,NA,NA,NA,NA,ARFR4-SOS-AZ930-423-NAVAJO-18,#9E0142,-110.431,36.45877,15 - 20 Deg. F. / 6 - 12,SdZones downloaded 20230823,15 - 20 Deg. F.,12-Jun,15 - 20 Deg. F. / 6 - 12,15 - 20 / semi-arid,AZ.1,#ee5c42,"semi-arid, warm",#9E0142,A,NA,NA
ARFR-CO932-314-JEFFERSON-12,white,8,31,29,NA,1670,1,1,0,NA,1,0,NA,1,0,NA,1,1,NA,1,1,N,1,1,NA,NA,NA,NA,NA,NA,NA,NA,NA,ARFR4-SOS-CO932-314-JEFFERSON-12,#FEE08B,-105.3553333,39.40902778,10 - 15 Deg. F. / 3 - 6,,10 - 15 Deg. F.,6-Mar,10 - 15 Deg. F. / 3 - 6,10 - 15 / semi-humid,CO.2,#66e566,"semi-humid, cool",#FEE08B,E,NA,NA
ARFR-CO932-316-JEFFERSON-12,white,8,31,30,327,1671,1,1,0,NA,1,0,NA,1,0,NA,1,0,NA,1,1,N,1,1,NA,NA,NA,NA,NA,NA,NA,NA,NA,ARFR4-SOS-CO932-316-JEFFERSON-12,#FFFF85,-105.358,39.66325,15 - 20 Deg. F. / 3 - 6,,15 - 20 Deg. F.,6-Mar,15 - 20 Deg. F. / 3 - 6,15 - 20 / semi-humid,CO.3,#698b69,"semi-humid, warm",#FFFF85,F,NA,NA
ARFR-AZ930-423-NAVAJO-18,white,8,31,31,NA,1672,1,1,0,NA,1,0,NA,1,0,NA,1,0,NA,1,1,N,1,1,NA,NA,NA,NA,NA,NA,NA,NA,NA,ARFR4-SOS-AZ930-423-NAVAJO-18,#9E0142,-110.431,36.45877,15 - 20 Deg. F. / 6 - 12,SdZones downloaded 20230823,15 - 20 Deg. F.,12-Jun,15 - 20 Deg. F. / 6 - 12,15 - 20 / semi-arid,AZ.1,#ee5c42,"semi-arid, warm",#9E0142,A,NA,NA
ARFR-WY050-49-FREMONT-12,white,8,31,32,NA,1673,1,1,0,NA,1,0,NA,1,1,NA,1,1,NA,1,1,N,1,1,NA,NA,NA,NA,NA,NA,NA,NA,NA,ARFR4-SOS-WY050-49-FREMONT-12,#5E4FA2,-109.34775,43.42663611,5 - 10 Deg. F. / 6 - 12,,5 - 10 Deg. F.,12-Jun,5 - 10 Deg. F. / 6 - 12,5 - 10 / semi-arid,WY.3,#ffb90f,"semi-arid, cold",#5E4FA2,K,NA,NA
ARFR-AZ930-422-NAVAJO-18,white,8,31,33,NA,1674,1,1,0,NA,1,0,NA,1,1,NA,1,1,NA,1,1,N,1,1,NA,NA,NA,NA,NA,NA,NA,NA,NA,ARFR4-SOS-AZ930-422-NAVAJO-18,#D53E4F,-110.431,36.56805,15 - 20 Deg. F. / 6 - 12,Lats corrected 20230127,15 - 20 Deg. F.,12-Jun,15 - 20 Deg. F. / 6 - 12,15 - 20 / semi-arid,AZ.2,#ee5c42,"semi-arid, warm",#D53E4F,B,NA,NA
ARFR-AZ930-422-NAVAJO-18,white,8,31,34,NA,1675,1,1,0,NA,1,0,NA,1,1,NA,1,1,NA,1,1,N,1,1,NA,NA,NA,NA,NA,NA,NA,NA,NA,ARFR4-SOS-AZ930-422-NAVAJO-18,#D53E4F,-110.431,36.56805,15 - 20 Deg. F. / 6 - 12,Lats corrected 20230127,15 - 20 Deg. F.,12-Jun,15 - 20 Deg. F. / 6 - 12,15 - 20 / semi-arid,AZ.2,#ee5c42,"semi-arid, warm",#D53E4F,B,NA,NA
ARFR-UT080-109-UINTAH-12,white,8,31,35,328,1676,1,1,0,NA,1,0,NA,1,0,NA,1,0,NA,1,1,N,1,1,NA,NA,NA,NA,NA,NA,NA,NA,NA,ARFR4-SOS-UT080-109-UINTAH-12,#aabe7f,-109.1426444,39.70802222,10 - 15 Deg. F. / 3 - 6,,10 - 15 Deg. F.,6-Mar,10 - 15 Deg. F. / 3 - 6,10 - 15 / semi-humid,UT.1,#66e566,"semi-humid, cool",#aabe7f,G,NA,NA
ARFR-NM930N-66-11,white,8,31,36,NA,1677,1,0,NA,NA,0,NA,NA,0,NA,NA,0,NA,NA,0,NA,N,0,NA,NA,NA,NA,NA,NA,NA,Y,Y,Harvested,ARFR4-SOS-NM930N-66-11,#F46D43,-107.2045028,36.76818611,10 - 15 Deg. F. / 3 - 6,,10 - 15 Deg. F.,6-Mar,10 - 15 Deg. F. / 3 - 6,10 - 15 / semi-humid,NM.1,#66e566,"semi-humid, cool",#F46D43,C,NA,Y
ARFR-CO932-314-JEFFERSON-12,white,8,31,37,NA,1678,1,1,0,NA,1,0,NA,1,0,NA,1,1,NA,1,1,N,1,1,NA,NA,NA,NA,NA,NA,NA,NA,NA,ARFR4-SOS-CO932-314-JEFFERSON-12,#FEE08B,-105.3553333,39.40902778,10 - 15 Deg. F. / 3 - 6,,10 - 15 Deg. F.,6-Mar,10 - 15 Deg. F. / 3 - 6,10 - 15 / semi-humid,CO.2,#66e566,"semi-humid, cool",#FEE08B,E,NA,NA
ARFR-UT080-109-UINTAH-12,white,8,31,38,NA,1679,1,1,0,NA,1,0,NA,1,0,NA,1,1,NA,1,1,N,1,1,NA,NA,NA,NA,NA,NA,NA,NA,NA,ARFR4-SOS-UT080-109-UINTAH-12,#aabe7f,-109.1426444,39.70802222,10 - 15 Deg. F. / 3 - 6,,10 - 15 Deg. F.,6-Mar,10 - 15 Deg. F. / 3 - 6,10 - 15 / semi-humid,UT.1,#66e566,"semi-humid, cool",#aabe7f,G,NA,NA
ARFR-NM930N-66-11,white,8,31,39,NA,1680,1,1,0,NA,1,0,NA,1,1,NA,1,1,NA,1,1,N,1,1,NA,NA,NA,NA,NA,NA,NA,NA,NA,ARFR4-SOS-NM930N-66-11,#F46D43,-107.2045028,36.76818611,10 - 15 Deg. F. / 3 - 6,,10 - 15 Deg. F.,6-Mar,10 - 15 Deg. F. / 3 - 6,10 - 15 / semi-humid,NM.1,#66e566,"semi-humid, cool",#F46D43,C,NA,NA
ARFR-WY040-71-10,white,8,31,40,329,1681,1,1,1,NA,1,1,NA,1,1,NA,1,1,NA,1,1,N,1,1,NA,NA,NA,NA,NA,NA,NA,NA,NA,ARFR4-SOS-WY040-71-10,#66C2A5,-109.2433156,41.13271889,5 - 10 Deg. F. / 3 - 6,,5 - 10 Deg. F.,6-Mar,5 - 10 Deg. F. / 3 - 6,5 - 10 / semi-humid,WY.1,#a5c2f1,"semi-humid, cold",#66C2A5,I,NA,NA
ARFR-AZ930-423-NAVAJO-18,white,8,31,41,NA,1682,1,1,0,NA,1,1,NA,1,0,NA,1,1,remove phenology for this plant as seems inconsistent? ,1,1,N,1,1,NA,NA,NA,NA,NA,Y,NA,NA,NA,ARFR4-SOS-AZ930-423-NAVAJO-18,#9E0142,-110.431,36.45877,15 - 20 Deg. F. / 6 - 12,SdZones downloaded 20230823,15 - 20 Deg. F.,12-Jun,15 - 20 Deg. F. / 6 - 12,15 - 20 / semi-arid,AZ.1,#ee5c42,"semi-arid, warm",#9E0142,A,NA,NA
ARFR-CO932-316-JEFFERSON-12,white,8,31,42,NA,1683,1,1,0,NA,1,1,NA,1,0,NA,1,1,NA,1,1,N,1,1,NA,NA,NA,NA,NA,NA,NA,NA,NA,ARFR4-SOS-CO932-316-JEFFERSON-12,#FFFF85,-105.358,39.66325,15 - 20 Deg. F. / 3 - 6,,15 - 20 Deg. F.,6-Mar,15 - 20 Deg. F. / 3 - 6,15 - 20 / semi-humid,CO.3,#698b69,"semi-humid, warm",#FFFF85,F,NA,NA
ARFR-CO932-316-JEFFERSON-12,white,8,31,43,NA,1684,1,1,0,NA,1,1,NA,1,1,NA,1,1,NA,1,1,N,1,1,NA,NA,NA,NA,NA,NA,NA,NA,NA,ARFR4-SOS-CO932-316-JEFFERSON-12,#FFFF85,-105.358,39.66325,15 - 20 Deg. F. / 3 - 6,,15 - 20 Deg. F.,6-Mar,15 - 20 Deg. F. / 3 - 6,15 - 20 / semi-humid,CO.3,#698b69,"semi-humid, warm",#FFFF85,F,NA,NA
ARFR-UT080-109-UINTAH-12,white,8,31,44,NA,1685,1,1,0,NA,1,1,NA,1,1,NA,1,1,NA,1,1,N,1,1,NA,NA,NA,NA,NA,NA,NA,NA,NA,ARFR4-SOS-UT080-109-UINTAH-12,#aabe7f,-109.1426444,39.70802222,10 - 15 Deg. F. / 3 - 6,,10 - 15 Deg. F.,6-Mar,10 - 15 Deg. F. / 3 - 6,10 - 15 / semi-humid,UT.1,#66e566,"semi-humid, cool",#aabe7f,G,NA,NA
ARFR-AZ930-423-NAVAJO-18,white,8,31,45,330,1686,1,1,0,NA,1,0,NA,1,0,NA,1,1,NA,1,1,N,1,1,NA,NA,NA,NA,NA,NA,NA,NA,NA,ARFR4-SOS-AZ930-423-NAVAJO-18,#9E0142,-110.431,36.45877,15 - 20 Deg. F. / 6 - 12,SdZones downloaded 20230823,15 - 20 Deg. F.,12-Jun,15 - 20 Deg. F. / 6 - 12,15 - 20 / semi-arid,AZ.1,#ee5c42,"semi-arid, warm",#9E0142,A,NA,NA
ARFR-WY040-71-10,white,8,31,46,NA,1687,1,1,1,NA,1,1,NA,1,1,NA,1,1,NA,1,1,N,1,1,NA,NA,NA,NA,NA,NA,NA,NA,NA,ARFR4-SOS-WY040-71-10,#66C2A5,-109.2433156,41.13271889,5 - 10 Deg. F. / 3 - 6,,5 - 10 Deg. F.,6-Mar,5 - 10 Deg. F. / 3 - 6,5 - 10 / semi-humid,WY.1,#a5c2f1,"semi-humid, cold",#66C2A5,I,NA,NA
ARFR-WY050-49-FREMONT-12,white,8,31,47,NA,1688,1,1,0,NA,1,0,NA,1,1,NA,1,1,NA,1,1,N,1,1,NA,NA,NA,NA,NA,NA,NA,NA,NA,ARFR4-SOS-WY050-49-FREMONT-12,#5E4FA2,-109.34775,43.42663611,5 - 10 Deg. F. / 6 - 12,,5 - 10 Deg. F.,12-Jun,5 - 10 Deg. F. / 6 - 12,5 - 10 / semi-arid,WY.3,#ffb90f,"semi-arid, cold",#5E4FA2,K,NA,NA
ARFR-CO932-294-11,white,8,31,48,NA,1689,1,1,0,NA,1,0,NA,1,0,NA,1,0,NA,1,1,N,1,1,NA,NA,NA,NA,NA,NA,NA,NA,NA,ARFR4-SOS-CO932-294-11,#ABDDA4,-105.2030833,39.78458333,15 - 20 Deg. F. / 3 - 6,,15 - 20 Deg. F.,6-Mar,15 - 20 Deg. F. / 3 - 6,15 - 20 / semi-humid,CO.4,#698b69,"semi-humid, warm",#ABDDA4,H,NA,NA
ARFR-WY930-44-LASANIMAS-13,white,8,31,49,NA,1690,1,1,0,NA,1,0,NA,1,0,NA,1,0,NA,1,0,N,1,0,NA,NA,NA,NA,NA,NA,NA,NA,NA,ARFR4-SOS-WY930-44-LASANIMAS-13,#FDAE61,-104.6423889,37.16547222,15 - 20 Deg. F. / 3 - 6,,15 - 20 Deg. F.,6-Mar,15 - 20 Deg. F. / 3 - 6,15 - 20 / semi-humid,CO.1,#698b69,"semi-humid, warm",#FDAE61,D,NA,NA
ARFR-CO932-314-JEFFERSON-12,white,8,31,50,331,1691,1,1,0,NA,1,1,NA,1,1,NA,1,1,NA,1,1,N,1,0,NA,NA,NA,NA,NA,NA,NA,NA,NA,ARFR4-SOS-CO932-314-JEFFERSON-12,#FEE08B,-105.3553333,39.40902778,10 - 15 Deg. F. / 3 - 6,,10 - 15 Deg. F.,6-Mar,10 - 15 Deg. F. / 3 - 6,10 - 15 / semi-humid,CO.2,#66e566,"semi-humid, cool",#FEE08B,E,NA,NA
ARFR-CO932-314-JEFFERSON-12,white,8,31,51,NA,1692,1,1,0,NA,1,1,NA,1,1,NA,1,1,NA,1,1,N,1,1,NA,NA,NA,NA,NA,NA,NA,NA,NA,ARFR4-SOS-CO932-314-JEFFERSON-12,#FEE08B,-105.3553333,39.40902778,10 - 15 Deg. F. / 3 - 6,,10 - 15 Deg. F.,6-Mar,10 - 15 Deg. F. / 3 - 6,10 - 15 / semi-humid,CO.2,#66e566,"semi-humid, cool",#FEE08B,E,NA,NA
ARFR-WY930-44-LASANIMAS-13,white,8,31,52,NA,1693,1,1,0,NA,1,0,NA,1,0,NA,1,0,NA,1,0,N,1,0,NA,NA,NA,NA,NA,NA,NA,NA,NA,ARFR4-SOS-WY930-44-LASANIMAS-13,#FDAE61,-104.6423889,37.16547222,15 - 20 Deg. F. / 3 - 6,,15 - 20 Deg. F.,6-Mar,15 - 20 Deg. F. / 3 - 6,15 - 20 / semi-humid,CO.1,#698b69,"semi-humid, warm",#FDAE61,D,NA,NA
ARFR-AZ930-422-NAVAJO-18,white,8,31,53,NA,1694,1,1,0,NA,1,1,NA,1,0,NA,1,1,NA,1,1,N,1,0,NA,NA,NA,NA,NA,NA,NA,NA,NA,ARFR4-SOS-AZ930-422-NAVAJO-18,#D53E4F,-110.431,36.56805,15 - 20 Deg. F. / 6 - 12,Lats corrected 20230127,15 - 20 Deg. F.,12-Jun,15 - 20 Deg. F. / 6 - 12,15 - 20 / semi-arid,AZ.2,#ee5c42,"semi-arid, warm",#D53E4F,B,NA,NA
ARFR-AZ930-423-NAVAJO-18,white,8,31,54,NA,1695,1,1,0,NA,1,0,NA,1,0,NA,1,1,NA,1,1,N,1,1,NA,NA,NA,NA,NA,NA,NA,NA,NA,ARFR4-SOS-AZ930-423-NAVAJO-18,#9E0142,-110.431,36.45877,15 - 20 Deg. F. / 6 - 12,SdZones downloaded 20230823,15 - 20 Deg. F.,12-Jun,15 - 20 Deg. F. / 6 - 12,15 - 20 / semi-arid,AZ.1,#ee5c42,"semi-arid, warm",#9E0142,A,NA,NA
ARFR-NM930N-66-11,white,8,31,55,332,1696,1,1,0,NA,1,1,NA,1,0,NA,1,1,NA,1,1,N,1,1,NA,NA,NA,NA,NA,NA,NA,NA,NA,ARFR4-SOS-NM930N-66-11,#F46D43,-107.2045028,36.76818611,10 - 15 Deg. F. / 3 - 6,,10 - 15 Deg. F.,6-Mar,10 - 15 Deg. F. / 3 - 6,10 - 15 / semi-humid,NM.1,#66e566,"semi-humid, cool",#F46D43,C,NA,NA
ARFR-NM930N-66-11,white,8,32,1,321,1697,1,1,0,NA,1,0,NA,1,1,NA,1,1,NA,1,1,N,1,1,NA,NA,NA,NA,NA,NA,NA,NA,NA,ARFR4-SOS-NM930N-66-11,#F46D43,-107.2045028,36.76818611,10 - 15 Deg. F. / 3 - 6,,10 - 15 Deg. F.,6-Mar,10 - 15 Deg. F. / 3 - 6,10 - 15 / semi-humid,NM.1,#66e566,"semi-humid, cool",#F46D43,C,NA,NA
ARFR-AZ930-423-NAVAJO-18,white,8,32,2,NA,1698,1,1,0,NA,1,0,NA,1,1,NA,1,1,NA,1,1,N,1,1,NA,NA,NA,NA,NA,NA,NA,NA,NA,ARFR4-SOS-AZ930-423-NAVAJO-18,#9E0142,-110.431,36.45877,15 - 20 Deg. F. / 6 - 12,SdZones downloaded 20230823,15 - 20 Deg. F.,12-Jun,15 - 20 Deg. F. / 6 - 12,15 - 20 / semi-arid,AZ.1,#ee5c42,"semi-arid, warm",#9E0142,A,NA,NA
ARFR-WY050-151-FREMONT-16,white,8,32,3,NA,1699,1,1,0,NA,1,0,NA,1,1,NA,1,1,NA,1,1,N,1,1,NA,NA,NA,NA,NA,NA,NA,NA,NA,ARFR4-SOS-WY050-151-FREMONT-16,#3288BD,-108.1704472,42.47886111,10 - 15 Deg. F. / 6 - 12,,10 - 15 Deg. F.,12-Jun,10 - 15 Deg. F. / 6 - 12,10 - 15 / semi-arid,WY.2,#cd8500,"semi-arid, cool",#3288BD,J,NA,NA
ARFR-UT080-109-UINTAH-12,white,8,32,4,NA,1700,1,1,0,NA,1,0,NA,1,1,NA,1,1,NA,1,1,N,1,1,NA,NA,NA,NA,NA,NA,NA,NA,NA,ARFR4-SOS-UT080-109-UINTAH-12,#aabe7f,-109.1426444,39.70802222,10 - 15 Deg. F. / 3 - 6,,10 - 15 Deg. F.,6-Mar,10 - 15 Deg. F. / 3 - 6,10 - 15 / semi-humid,UT.1,#66e566,"semi-humid, cool",#aabe7f,G,NA,NA
ARFR-CO932-294-11,white,8,32,5,322,1701,1,1,0,NA,1,0,NA,1,1,NA,1,1,NA,1,1,N,1,1,NA,NA,NA,NA,NA,NA,NA,NA,NA,ARFR4-SOS-CO932-294-11,#ABDDA4,-105.2030833,39.78458333,15 - 20 Deg. F. / 3 - 6,,15 - 20 Deg. F.,6-Mar,15 - 20 Deg. F. / 3 - 6,15 - 20 / semi-humid,CO.4,#698b69,"semi-humid, warm",#ABDDA4,H,NA,NA
ARFR-WY050-151-FREMONT-16,white,8,32,6,NA,1702,1,1,0,NA,1,0,NA,1,0,NA,1,0,NA,1,1,N,1,1,NA,NA,NA,NA,NA,NA,NA,NA,NA,ARFR4-SOS-WY050-151-FREMONT-16,#3288BD,-108.1704472,42.47886111,10 - 15 Deg. F. / 6 - 12,,10 - 15 Deg. F.,12-Jun,10 - 15 Deg. F. / 6 - 12,10 - 15 / semi-arid,WY.2,#cd8500,"semi-arid, cool",#3288BD,J,NA,Y
ARFR-CO932-316-JEFFERSON-12,white,8,32,7,NA,1703,1,1,0,NA,1,0,NA,1,1,NA,1,1,NA,1,1,N,1,1,NA,NA,NA,NA,NA,NA,NA,NA,NA,ARFR4-SOS-CO932-316-JEFFERSON-12,#FFFF85,-105.358,39.66325,15 - 20 Deg. F. / 3 - 6,,15 - 20 Deg. F.,6-Mar,15 - 20 Deg. F. / 3 - 6,15 - 20 / semi-humid,CO.3,#698b69,"semi-humid, warm",#FFFF85,F,NA,NA
ARFR-UT080-109-UINTAH-12,white,8,32,8,NA,1704,1,1,0,NA,1,0,NA,1,1,NA,1,1,NA,1,1,N,1,1,NA,NA,NA,NA,NA,NA,NA,NA,NA,ARFR4-SOS-UT080-109-UINTAH-12,#aabe7f,-109.1426444,39.70802222,10 - 15 Deg. F. / 3 - 6,,10 - 15 Deg. F.,6-Mar,10 - 15 Deg. F. / 3 - 6,10 - 15 / semi-humid,UT.1,#66e566,"semi-humid, cool",#aabe7f,G,NA,NA
ARFR-WY050-151-FREMONT-16,white,8,32,9,NA,1705,1,1,0,NA,1,0,NA,1,0,NA,1,1,NA,1,1,N,1,1,NA,NA,NA,NA,NA,NA,NA,NA,NA,ARFR4-SOS-WY050-151-FREMONT-16,#3288BD,-108.1704472,42.47886111,10 - 15 Deg. F. / 6 - 12,,10 - 15 Deg. F.,12-Jun,10 - 15 Deg. F. / 6 - 12,10 - 15 / semi-arid,WY.2,#cd8500,"semi-arid, cool",#3288BD,J,NA,NA
ARFR-CO932-316-JEFFERSON-12,white,8,32,10,323,1706,1,1,0,NA,1,0,NA,1,1,NA,1,1,NA,1,1,N,1,1,NA,NA,NA,NA,NA,NA,NA,NA,NA,ARFR4-SOS-CO932-316-JEFFERSON-12,#FFFF85,-105.358,39.66325,15 - 20 Deg. F. / 3 - 6,,15 - 20 Deg. F.,6-Mar,15 - 20 Deg. F. / 3 - 6,15 - 20 / semi-humid,CO.3,#698b69,"semi-humid, warm",#FFFF85,F,NA,NA
ARFR-WY040-71-10,white,8,32,11,NA,1707,1,1,1,NA,1,1,NA,1,0,NA,1,1,remove phenology for this plant as seems inconsistent? ,1,1,N,1,1,NA,NA,NA,NA,NA,Y,NA,NA,NA,ARFR4-SOS-WY040-71-10,#66C2A5,-109.2433156,41.13271889,5 - 10 Deg. F. / 3 - 6,,5 - 10 Deg. F.,6-Mar,5 - 10 Deg. F. / 3 - 6,5 - 10 / semi-humid,WY.1,#a5c2f1,"semi-humid, cold",#66C2A5,I,NA,NA
ARFR-CO932-294-11,white,8,32,12,NA,1708,1,1,1,NA,1,1,NA,1,1,NA,1,1,NA,1,1,N,1,1,NA,NA,NA,NA,NA,NA,NA,NA,NA,ARFR4-SOS-CO932-294-11,#ABDDA4,-105.2030833,39.78458333,15 - 20 Deg. F. / 3 - 6,,15 - 20 Deg. F.,6-Mar,15 - 20 Deg. F. / 3 - 6,15 - 20 / semi-humid,CO.4,#698b69,"semi-humid, warm",#ABDDA4,H,NA,NA
ARFR-WY040-71-10,white,8,32,13,NA,1709,1,1,1,NA,1,1,NA,1,1,NA,1,1,NA,1,1,N,1,1,NA,NA,NA,NA,NA,NA,NA,NA,NA,ARFR4-SOS-WY040-71-10,#66C2A5,-109.2433156,41.13271889,5 - 10 Deg. F. / 3 - 6,,5 - 10 Deg. F.,6-Mar,5 - 10 Deg. F. / 3 - 6,5 - 10 / semi-humid,WY.1,#a5c2f1,"semi-humid, cold",#66C2A5,I,NA,NA
ARFR-AZ930-422-NAVAJO-18,white,8,32,14,NA,1710,1,1,0,NA,1,1,NA,1,1,NA,1,1,NA,1,1,N,1,1,NA,NA,NA,NA,NA,NA,NA,NA,NA,ARFR4-SOS-AZ930-422-NAVAJO-18,#D53E4F,-110.431,36.56805,15 - 20 Deg. F. / 6 - 12,Lats corrected 20230127,15 - 20 Deg. F.,12-Jun,15 - 20 Deg. F. / 6 - 12,15 - 20 / semi-arid,AZ.2,#ee5c42,"semi-arid, warm",#D53E4F,B,NA,NA
ARFR-CO932-316-JEFFERSON-12,white,8,32,15,324,1711,1,1,0,NA,1,1,NA,1,1,NA,1,1,NA,1,1,N,1,1,NA,NA,NA,NA,NA,NA,NA,NA,NA,ARFR4-SOS-CO932-316-JEFFERSON-12,#FFFF85,-105.358,39.66325,15 - 20 Deg. F. / 3 - 6,,15 - 20 Deg. F.,6-Mar,15 - 20 Deg. F. / 3 - 6,15 - 20 / semi-humid,CO.3,#698b69,"semi-humid, warm",#FFFF85,F,NA,NA
ARFR-CO932-314-JEFFERSON-12,white,8,32,16,NA,1712,1,1,0,NA,1,1,NA,1,1,NA,1,1,NA,1,1,N,1,1,NA,NA,NA,NA,NA,NA,NA,NA,NA,ARFR4-SOS-CO932-314-JEFFERSON-12,#FEE08B,-105.3553333,39.40902778,10 - 15 Deg. F. / 3 - 6,,10 - 15 Deg. F.,6-Mar,10 - 15 Deg. F. / 3 - 6,10 - 15 / semi-humid,CO.2,#66e566,"semi-humid, cool",#FEE08B,E,NA,NA
ARFR-WY050-151-FREMONT-16,white,8,32,17,NA,1713,1,1,0,NA,1,1,NA,1,1,NA,1,1,NA,1,1,N,1,1,NA,NA,NA,NA,NA,NA,NA,NA,NA,ARFR4-SOS-WY050-151-FREMONT-16,#3288BD,-108.1704472,42.47886111,10 - 15 Deg. F. / 6 - 12,,10 - 15 Deg. F.,12-Jun,10 - 15 Deg. F. / 6 - 12,10 - 15 / semi-arid,WY.2,#cd8500,"semi-arid, cool",#3288BD,J,NA,NA
ARFR-WY050-151-FREMONT-16,white,8,32,18,NA,1714,1,1,0,NA,1,0,NA,1,0,NA,1,1,NA,1,1,N,1,1,NA,NA,NA,NA,NA,NA,NA,NA,NA,ARFR4-SOS-WY050-151-FREMONT-16,#3288BD,-108.1704472,42.47886111,10 - 15 Deg. F. / 6 - 12,,10 - 15 Deg. F.,12-Jun,10 - 15 Deg. F. / 6 - 12,10 - 15 / semi-arid,WY.2,#cd8500,"semi-arid, cool",#3288BD,J,NA,NA
ARFR-CO932-314-JEFFERSON-12,white,8,32,19,NA,1715,1,1,0,NA,1,0,NA,1,0,NA,1,1,NA,1,1,N,1,1,NA,NA,NA,NA,NA,NA,NA,NA,NA,ARFR4-SOS-CO932-314-JEFFERSON-12,#FEE08B,-105.3553333,39.40902778,10 - 15 Deg. F. / 3 - 6,,10 - 15 Deg. F.,6-Mar,10 - 15 Deg. F. / 3 - 6,10 - 15 / semi-humid,CO.2,#66e566,"semi-humid, cool",#FEE08B,E,NA,NA
ARFR-CO932-294-11,white,8,32,20,325,1716,1,1,0,NA,1,0,NA,1,0,NA,1,1,NA,1,1,N,1,1,NA,NA,NA,NA,NA,NA,NA,NA,NA,ARFR4-SOS-CO932-294-11,#ABDDA4,-105.2030833,39.78458333,15 - 20 Deg. F. / 3 - 6,,15 - 20 Deg. F.,6-Mar,15 - 20 Deg. F. / 3 - 6,15 - 20 / semi-humid,CO.4,#698b69,"semi-humid, warm",#ABDDA4,H,NA,NA
ARFR-WY040-71-10,white,8,32,21,NA,1717,1,1,0,NA,1,0,NA,1,0,NA,1,0,NA,1,1,N,1,1,NA,NA,NA,NA,NA,NA,NA,NA,NA,ARFR4-SOS-WY040-71-10,#66C2A5,-109.2433156,41.13271889,5 - 10 Deg. F. / 3 - 6,,5 - 10 Deg. F.,6-Mar,5 - 10 Deg. F. / 3 - 6,5 - 10 / semi-humid,WY.1,#a5c2f1,"semi-humid, cold",#66C2A5,I,NA,NA
ARFR-AZ930-423-NAVAJO-18,white,8,32,22,NA,1718,1,1,0,NA,1,1,NA,1,1,NA,1,1,NA,1,1,N,1,1,NA,NA,NA,NA,NA,NA,NA,NA,NA,ARFR4-SOS-AZ930-423-NAVAJO-18,#9E0142,-110.431,36.45877,15 - 20 Deg. F. / 6 - 12,SdZones downloaded 20230823,15 - 20 Deg. F.,12-Jun,15 - 20 Deg. F. / 6 - 12,15 - 20 / semi-arid,AZ.1,#ee5c42,"semi-arid, warm",#9E0142,A,NA,NA
ARFR-UT080-109-UINTAH-12,white,8,32,23,NA,1719,1,1,0,NA,1,1,NA,1,1,NA,1,1,NA,1,1,N,1,1,NA,NA,NA,NA,NA,NA,NA,NA,NA,ARFR4-SOS-UT080-109-UINTAH-12,#aabe7f,-109.1426444,39.70802222,10 - 15 Deg. F. / 3 - 6,,10 - 15 Deg. F.,6-Mar,10 - 15 Deg. F. / 3 - 6,10 - 15 / semi-humid,UT.1,#66e566,"semi-humid, cool",#aabe7f,G,NA,NA
ARFR-WY930-44-LASANIMAS-13,white,8,32,24,NA,1720,1,1,0,NA,1,1,NA,1,0,NA,1,1,NA,1,1,N,1,1,NA,NA,NA,NA,NA,NA,NA,NA,NA,ARFR4-SOS-WY930-44-LASANIMAS-13,#FDAE61,-104.6423889,37.16547222,15 - 20 Deg. F. / 3 - 6,,15 - 20 Deg. F.,6-Mar,15 - 20 Deg. F. / 3 - 6,15 - 20 / semi-humid,CO.1,#698b69,"semi-humid, warm",#FDAE61,D,NA,NA
ARFR-CO932-316-JEFFERSON-12,white,8,32,25,326,1721,1,1,0,NA,1,0,NA,1,0,NA,1,0,NA,1,1,N,1,1,NA,NA,NA,NA,NA,NA,NA,NA,NA,ARFR4-SOS-CO932-316-JEFFERSON-12,#FFFF85,-105.358,39.66325,15 - 20 Deg. F. / 3 - 6,,15 - 20 Deg. F.,6-Mar,15 - 20 Deg. F. / 3 - 6,15 - 20 / semi-humid,CO.3,#698b69,"semi-humid, warm",#FFFF85,F,NA,NA
ARFR-WY930-44-LASANIMAS-13,white,8,32,26,NA,1722,1,1,0,NA,1,0,NA,1,0,NA,1,0,NA,1,1,N,1,1,NA,NA,NA,NA,NA,NA,NA,NA,NA,ARFR4-SOS-WY930-44-LASANIMAS-13,#FDAE61,-104.6423889,37.16547222,15 - 20 Deg. F. / 3 - 6,,15 - 20 Deg. F.,6-Mar,15 - 20 Deg. F. / 3 - 6,15 - 20 / semi-humid,CO.1,#698b69,"semi-humid, warm",#FDAE61,D,NA,NA
ARFR-CO932-314-JEFFERSON-12,white,8,32,27,NA,1723,0,0,NA,NA,0,NA,NA,0,NA,NA,0,NA,NA,0,NA,N,0,NA,NA,NA,NA,NA,NA,NA,NA,NA,NA,ARFR4-SOS-CO932-314-JEFFERSON-12,#FEE08B,-105.3553333,39.40902778,10 - 15 Deg. F. / 3 - 6,,10 - 15 Deg. F.,6-Mar,10 - 15 Deg. F. / 3 - 6,10 - 15 / semi-humid,CO.2,#66e566,"semi-humid, cool",#FEE08B,E,NA,NA
ARFR-AZ930-422-NAVAJO-18,white,8,32,28,NA,1724,1,1,0,NA,1,0,NA,1,0,NA,1,1,NA,1,1,N,1,1,NA,NA,NA,NA,NA,NA,NA,NA,NA,ARFR4-SOS-AZ930-422-NAVAJO-18,#D53E4F,-110.431,36.56805,15 - 20 Deg. F. / 6 - 12,Lats corrected 20230127,15 - 20 Deg. F.,12-Jun,15 - 20 Deg. F. / 6 - 12,15 - 20 / semi-arid,AZ.2,#ee5c42,"semi-arid, warm",#D53E4F,B,NA,NA
ARFR-WY050-49-FREMONT-12,white,8,32,29,NA,1725,1,1,0,NA,1,1,NA,1,1,NA,1,1,NA,1,1,N,1,1,NA,NA,NA,NA,NA,NA,NA,NA,NA,ARFR4-SOS-WY050-49-FREMONT-12,#5E4FA2,-109.34775,43.42663611,5 - 10 Deg. F. / 6 - 12,,5 - 10 Deg. F.,12-Jun,5 - 10 Deg. F. / 6 - 12,5 - 10 / semi-arid,WY.3,#ffb90f,"semi-arid, cold",#5E4FA2,K,NA,NA
ARFR-NM930N-66-11,white,8,32,30,327,1726,1,1,0,NA,1,0,NA,1,0,NA,1,1,NA,1,1,N,1,1,NA,NA,NA,NA,NA,NA,NA,NA,NA,ARFR4-SOS-NM930N-66-11,#F46D43,-107.2045028,36.76818611,10 - 15 Deg. F. / 3 - 6,,10 - 15 Deg. F.,6-Mar,10 - 15 Deg. F. / 3 - 6,10 - 15 / semi-humid,NM.1,#66e566,"semi-humid, cool",#F46D43,C,NA,NA
ARFR-AZ930-423-NAVAJO-18,white,8,32,31,NA,1727,1,1,0,NA,1,0,NA,1,0,NA,1,1,NA,1,1,N,1,1,NA,NA,NA,NA,NA,NA,NA,NA,NA,ARFR4-SOS-AZ930-423-NAVAJO-18,#9E0142,-110.431,36.45877,15 - 20 Deg. F. / 6 - 12,SdZones downloaded 20230823,15 - 20 Deg. F.,12-Jun,15 - 20 Deg. F. / 6 - 12,15 - 20 / semi-arid,AZ.1,#ee5c42,"semi-arid, warm",#9E0142,A,NA,NA
ARFR-WY040-71-10,white,8,32,32,NA,1728,1,1,0,NA,1,0,NA,1,1,NA,1,1,NA,1,1,N,1,1,NA,NA,NA,NA,NA,NA,NA,NA,NA,ARFR4-SOS-WY040-71-10,#66C2A5,-109.2433156,41.13271889,5 - 10 Deg. F. / 3 - 6,,5 - 10 Deg. F.,6-Mar,5 - 10 Deg. F. / 3 - 6,5 - 10 / semi-humid,WY.1,#a5c2f1,"semi-humid, cold",#66C2A5,I,NA,NA
ARFR-UT080-109-UINTAH-12,white,8,32,33,NA,1729,1,1,0,NA,1,0,NA,1,1,NA,1,1,NA,1,1,N,1,1,NA,NA,NA,NA,NA,NA,NA,NA,NA,ARFR4-SOS-UT080-109-UINTAH-12,#aabe7f,-109.1426444,39.70802222,10 - 15 Deg. F. / 3 - 6,,10 - 15 Deg. F.,6-Mar,10 - 15 Deg. F. / 3 - 6,10 - 15 / semi-humid,UT.1,#66e566,"semi-humid, cool",#aabe7f,G,NA,Y
ARFR-CO932-314-JEFFERSON-12,white,8,32,34,NA,1730,1,1,0,NA,1,0,NA,1,0,NA,1,0,NA,1,1,N,1,1,NA,NA,NA,NA,NA,NA,NA,NA,NA,ARFR4-SOS-CO932-314-JEFFERSON-12,#FEE08B,-105.3553333,39.40902778,10 - 15 Deg. F. / 3 - 6,,10 - 15 Deg. F.,6-Mar,10 - 15 Deg. F. / 3 - 6,10 - 15 / semi-humid,CO.2,#66e566,"semi-humid, cool",#FEE08B,E,NA,NA
ARFR-UT080-109-UINTAH-12,white,8,32,35,328,1731,1,1,0,NA,1,0,NA,1,0,NA,1,1,NA,1,1,Y,1,1,NA,NA,NA,NA,NA,NA,NA,NA,NA,ARFR4-SOS-UT080-109-UINTAH-12,#aabe7f,-109.1426444,39.70802222,10 - 15 Deg. F. / 3 - 6,,10 - 15 Deg. F.,6-Mar,10 - 15 Deg. F. / 3 - 6,10 - 15 / semi-humid,UT.1,#66e566,"semi-humid, cool",#aabe7f,G,NA,NA
ARFR-WY930-44-LASANIMAS-13,white,8,32,36,NA,1732,1,1,0,NA,1,0,NA,1,0,NA,1,0,NA,1,1,N,1,1,NA,NA,NA,NA,NA,NA,NA,NA,NA,ARFR4-SOS-WY930-44-LASANIMAS-13,#FDAE61,-104.6423889,37.16547222,15 - 20 Deg. F. / 3 - 6,,15 - 20 Deg. F.,6-Mar,15 - 20 Deg. F. / 3 - 6,15 - 20 / semi-humid,CO.1,#698b69,"semi-humid, warm",#FDAE61,D,NA,NA
ARFR-WY050-151-FREMONT-16,white,8,32,37,NA,1733,1,1,0,NA,1,1,NA,1,1,NA,1,1,NA,1,1,N,1,1,NA,NA,NA,NA,NA,NA,NA,NA,NA,ARFR4-SOS-WY050-151-FREMONT-16,#3288BD,-108.1704472,42.47886111,10 - 15 Deg. F. / 6 - 12,,10 - 15 Deg. F.,12-Jun,10 - 15 Deg. F. / 6 - 12,10 - 15 / semi-arid,WY.2,#cd8500,"semi-arid, cool",#3288BD,J,NA,NA
ARFR-WY930-44-LASANIMAS-13,white,8,32,38,NA,1734,1,1,0,NA,1,1,NA,1,0,NA,1,1,remove phenology for this plant as seems inconsistent? ,1,1,N,1,1,NA,NA,NA,NA,NA,Y,NA,NA,NA,ARFR4-SOS-WY930-44-LASANIMAS-13,#FDAE61,-104.6423889,37.16547222,15 - 20 Deg. F. / 3 - 6,,15 - 20 Deg. F.,6-Mar,15 - 20 Deg. F. / 3 - 6,15 - 20 / semi-humid,CO.1,#698b69,"semi-humid, warm",#FDAE61,D,NA,NA
ARFR-WY930-44-LASANIMAS-13,white,8,32,39,NA,1735,1,1,0,NA,1,1,NA,1,0,NA,1,1,NA,1,1,N,1,1,NA,NA,NA,NA,NA,NA,NA,NA,NA,ARFR4-SOS-WY930-44-LASANIMAS-13,#FDAE61,-104.6423889,37.16547222,15 - 20 Deg. F. / 3 - 6,,15 - 20 Deg. F.,6-Mar,15 - 20 Deg. F. / 3 - 6,15 - 20 / semi-humid,CO.1,#698b69,"semi-humid, warm",#FDAE61,D,NA,NA
ARFR-WY040-71-10,white,8,32,40,329,1736,1,1,1,NA,1,1,NA,1,1,NA,1,1,NA,1,1,N,1,1,NA,NA,NA,NA,NA,NA,NA,NA,NA,ARFR4-SOS-WY040-71-10,#66C2A5,-109.2433156,41.13271889,5 - 10 Deg. F. / 3 - 6,,5 - 10 Deg. F.,6-Mar,5 - 10 Deg. F. / 3 - 6,5 - 10 / semi-humid,WY.1,#a5c2f1,"semi-humid, cold",#66C2A5,I,NA,NA
ARFR-CO932-314-JEFFERSON-12,white,8,32,41,NA,1737,0,0,NA,NA,0,NA,NA,0,NA,NA,0,NA,NA,0,NA,N,0,NA,NA,NA,NA,NA,NA,NA,NA,NA,NA,ARFR4-SOS-CO932-314-JEFFERSON-12,#FEE08B,-105.3553333,39.40902778,10 - 15 Deg. F. / 3 - 6,,10 - 15 Deg. F.,6-Mar,10 - 15 Deg. F. / 3 - 6,10 - 15 / semi-humid,CO.2,#66e566,"semi-humid, cool",#FEE08B,E,NA,NA
ARFR-CO932-294-11,white,8,32,42,NA,1738,1,1,0,NA,1,0,NA,1,0,NA,1,0,NA,1,1,N,1,1,NA,NA,NA,NA,NA,NA,NA,NA,NA,ARFR4-SOS-CO932-294-11,#ABDDA4,-105.2030833,39.78458333,15 - 20 Deg. F. / 3 - 6,,15 - 20 Deg. F.,6-Mar,15 - 20 Deg. F. / 3 - 6,15 - 20 / semi-humid,CO.4,#698b69,"semi-humid, warm",#ABDDA4,H,NA,NA
ARFR-AZ930-423-NAVAJO-18,white,8,32,43,NA,1739,1,1,0,NA,1,1,NA,1,0,NA,1,1,NA,1,1,N,1,1,NA,NA,NA,NA,NA,NA,NA,NA,NA,ARFR4-SOS-AZ930-423-NAVAJO-18,#9E0142,-110.431,36.45877,15 - 20 Deg. F. / 6 - 12,SdZones downloaded 20230823,15 - 20 Deg. F.,12-Jun,15 - 20 Deg. F. / 6 - 12,15 - 20 / semi-arid,AZ.1,#ee5c42,"semi-arid, warm",#9E0142,A,NA,NA
ARFR-WY930-44-LASANIMAS-13,white,8,32,44,NA,1740,1,1,0,NA,1,NA,NA,1,0,NA,1,1,NA,1,1,N,1,1,NA,NA,NA,NA,NA,NA,NA,NA,NA,ARFR4-SOS-WY930-44-LASANIMAS-13,#FDAE61,-104.6423889,37.16547222,15 - 20 Deg. F. / 3 - 6,,15 - 20 Deg. F.,6-Mar,15 - 20 Deg. F. / 3 - 6,15 - 20 / semi-humid,CO.1,#698b69,"semi-humid, warm",#FDAE61,D,NA,NA
ARFR-UT080-109-UINTAH-12,white,8,32,45,330,1741,1,1,0,NA,1,0,NA,1,0,NA,1,1,NA,1,1,N,1,1,NA,NA,NA,NA,NA,NA,NA,NA,NA,ARFR4-SOS-UT080-109-UINTAH-12,#aabe7f,-109.1426444,39.70802222,10 - 15 Deg. F. / 3 - 6,,10 - 15 Deg. F.,6-Mar,10 - 15 Deg. F. / 3 - 6,10 - 15 / semi-humid,UT.1,#66e566,"semi-humid, cool",#aabe7f,G,NA,NA
ARFR-CO932-316-JEFFERSON-12,white,8,32,46,NA,1742,1,1,0,NA,1,1,NA,1,0,NA,1,1,NA,1,1,N,1,1,NA,NA,NA,NA,NA,NA,NA,NA,NA,ARFR4-SOS-CO932-316-JEFFERSON-12,#FFFF85,-105.358,39.66325,15 - 20 Deg. F. / 3 - 6,,15 - 20 Deg. F.,6-Mar,15 - 20 Deg. F. / 3 - 6,15 - 20 / semi-humid,CO.3,#698b69,"semi-humid, warm",#FFFF85,F,NA,NA
ARFR-WY930-44-LASANIMAS-13,white,8,32,47,NA,1743,1,1,0,NA,1,0,NA,1,0,NA,1,1,NA,1,1,N,1,1,NA,NA,NA,NA,NA,NA,NA,NA,NA,ARFR4-SOS-WY930-44-LASANIMAS-13,#FDAE61,-104.6423889,37.16547222,15 - 20 Deg. F. / 3 - 6,,15 - 20 Deg. F.,6-Mar,15 - 20 Deg. F. / 3 - 6,15 - 20 / semi-humid,CO.1,#698b69,"semi-humid, warm",#FDAE61,D,NA,NA
ARFR-AZ930-423-NAVAJO-18,white,8,32,48,NA,1744,1,1,0,NA,1,0,NA,1,0,NA,1,1,NA,1,1,N,1,1,NA,NA,NA,NA,NA,NA,NA,NA,NA,ARFR4-SOS-AZ930-423-NAVAJO-18,#9E0142,-110.431,36.45877,15 - 20 Deg. F. / 6 - 12,SdZones downloaded 20230823,15 - 20 Deg. F.,12-Jun,15 - 20 Deg. F. / 6 - 12,15 - 20 / semi-arid,AZ.1,#ee5c42,"semi-arid, warm",#9E0142,A,NA,NA
ARFR-AZ930-423-NAVAJO-18,white,8,32,49,NA,1745,1,1,0,NA,1,0,NA,1,1,NA,1,1,NA,1,1,N,1,1,NA,NA,NA,NA,NA,NA,NA,NA,NA,ARFR4-SOS-AZ930-423-NAVAJO-18,#9E0142,-110.431,36.45877,15 - 20 Deg. F. / 6 - 12,SdZones downloaded 20230823,15 - 20 Deg. F.,12-Jun,15 - 20 Deg. F. / 6 - 12,15 - 20 / semi-arid,AZ.1,#ee5c42,"semi-arid, warm",#9E0142,A,NA,NA
ARFR-WY040-71-10,white,8,32,50,331,1746,1,1,1,NA,1,1,NA,1,1,NA,1,1,NA,1,1,N,1,1,NA,NA,NA,NA,NA,NA,NA,NA,NA,ARFR4-SOS-WY040-71-10,#66C2A5,-109.2433156,41.13271889,5 - 10 Deg. F. / 3 - 6,,5 - 10 Deg. F.,6-Mar,5 - 10 Deg. F. / 3 - 6,5 - 10 / semi-humid,WY.1,#a5c2f1,"semi-humid, cold",#66C2A5,I,NA,NA
ARFR-CO932-314-JEFFERSON-12,white,8,32,51,NA,1747,1,1,0,NA,1,1,NA,1,1,NA,1,1,NA,1,1,N,1,1,NA,NA,NA,NA,NA,NA,NA,NA,NA,ARFR4-SOS-CO932-314-JEFFERSON-12,#FEE08B,-105.3553333,39.40902778,10 - 15 Deg. F. / 3 - 6,,10 - 15 Deg. F.,6-Mar,10 - 15 Deg. F. / 3 - 6,10 - 15 / semi-humid,CO.2,#66e566,"semi-humid, cool",#FEE08B,E,NA,NA
ARFR-NM930N-66-11,white,8,32,52,NA,1748,1,1,0,NA,1,0,NA,1,1,NA,1,1,NA,1,1,N,1,1,NA,NA,NA,NA,NA,NA,NA,NA,NA,ARFR4-SOS-NM930N-66-11,#F46D43,-107.2045028,36.76818611,10 - 15 Deg. F. / 3 - 6,,10 - 15 Deg. F.,6-Mar,10 - 15 Deg. F. / 3 - 6,10 - 15 / semi-humid,NM.1,#66e566,"semi-humid, cool",#F46D43,C,NA,NA
ARFR-UT080-109-UINTAH-12,white,8,32,53,NA,1749,1,1,0,NA,1,0,NA,1,1,NA,1,1,NA,1,1,N,1,1,NA,NA,NA,NA,NA,NA,NA,NA,NA,ARFR4-SOS-UT080-109-UINTAH-12,#aabe7f,-109.1426444,39.70802222,10 - 15 Deg. F. / 3 - 6,,10 - 15 Deg. F.,6-Mar,10 - 15 Deg. F. / 3 - 6,10 - 15 / semi-humid,UT.1,#66e566,"semi-humid, cool",#aabe7f,G,NA,NA
ARFR-WY050-151-FREMONT-16,black,9,33,1,333,1750,0,0,NA,NA,0,NA,NA,0,NA,NA,0,NA,NA,0,NA,N,0,NA,NA,NA,NA,NA,NA,NA,NA,NA,NA,ARFR4-SOS-WY050-151-FREMONT-16,#3288BD,-108.1704472,42.47886111,10 - 15 Deg. F. / 6 - 12,,10 - 15 Deg. F.,12-Jun,10 - 15 Deg. F. / 6 - 12,10 - 15 / semi-arid,WY.2,#cd8500,"semi-arid, cool",#3288BD,J,NA,NA
ARFR-WY040-71-10,black,9,33,2,NA,1751,1,1,1,NA,1,1,NA,1,1,NA,1,1,NA,1,1,N,1,1,NA,NA,NA,NA,NA,NA,NA,NA,NA,ARFR4-SOS-WY040-71-10,#66C2A5,-109.2433156,41.13271889,5 - 10 Deg. F. / 3 - 6,,5 - 10 Deg. F.,6-Mar,5 - 10 Deg. F. / 3 - 6,5 - 10 / semi-humid,WY.1,#a5c2f1,"semi-humid, cold",#66C2A5,I,NA,NA
ARFR-CO932-294-11,black,9,33,3,NA,1752,1,1,0,NA,1,0,NA,1,0,NA,1,1,NA,1,1,N,1,1,NA,NA,NA,NA,NA,NA,NA,NA,NA,ARFR4-SOS-CO932-294-11,#ABDDA4,-105.2030833,39.78458333,15 - 20 Deg. F. / 3 - 6,,15 - 20 Deg. F.,6-Mar,15 - 20 Deg. F. / 3 - 6,15 - 20 / semi-humid,CO.4,#698b69,"semi-humid, warm",#ABDDA4,H,NA,NA
ARFR-UT080-109-UINTAH-12,black,9,33,4,NA,1753,1,1,0,NA,1,0,NA,1,0,NA,1,0,NA,1,1,N,1,1,NA,NA,NA,NA,NA,NA,NA,NA,NA,ARFR4-SOS-UT080-109-UINTAH-12,#aabe7f,-109.1426444,39.70802222,10 - 15 Deg. F. / 3 - 6,,10 - 15 Deg. F.,6-Mar,10 - 15 Deg. F. / 3 - 6,10 - 15 / semi-humid,UT.1,#66e566,"semi-humid, cool",#aabe7f,G,NA,NA
ARFR-WY930-44-LASANIMAS-13,black,9,33,5,334,1754,1,1,0,NA,1,0,NA,1,0,NA,1,0,NA,1,1,N,1,1,NA,NA,NA,NA,NA,NA,NA,NA,NA,ARFR4-SOS-WY930-44-LASANIMAS-13,#FDAE61,-104.6423889,37.16547222,15 - 20 Deg. F. / 3 - 6,,15 - 20 Deg. F.,6-Mar,15 - 20 Deg. F. / 3 - 6,15 - 20 / semi-humid,CO.1,#698b69,"semi-humid, warm",#FDAE61,D,NA,NA
ARFR-WY050-151-FREMONT-16,black,9,33,6,NA,1755,1,1,0,NA,1,0,NA,1,0,NA,1,1,NA,1,1,N,1,1,NA,NA,NA,NA,NA,NA,NA,NA,NA,ARFR4-SOS-WY050-151-FREMONT-16,#3288BD,-108.1704472,42.47886111,10 - 15 Deg. F. / 6 - 12,,10 - 15 Deg. F.,12-Jun,10 - 15 Deg. F. / 6 - 12,10 - 15 / semi-arid,WY.2,#cd8500,"semi-arid, cool",#3288BD,J,NA,NA
ARFR-CO932-316-JEFFERSON-12,black,9,33,7,NA,1756,1,1,0,NA,1,0,NA,1,0,NA,1,1,NA,1,1,N,1,1,NA,NA,NA,NA,NA,NA,NA,NA,NA,ARFR4-SOS-CO932-316-JEFFERSON-12,#FFFF85,-105.358,39.66325,15 - 20 Deg. F. / 3 - 6,,15 - 20 Deg. F.,6-Mar,15 - 20 Deg. F. / 3 - 6,15 - 20 / semi-humid,CO.3,#698b69,"semi-humid, warm",#FFFF85,F,NA,NA
ARFR-WY040-71-10,black,9,33,8,NA,1757,1,1,0,NA,1,0,NA,1,0,NA,1,1,NA,1,1,N,1,1,NA,NA,NA,NA,NA,NA,NA,NA,NA,ARFR4-SOS-WY040-71-10,#66C2A5,-109.2433156,41.13271889,5 - 10 Deg. F. / 3 - 6,,5 - 10 Deg. F.,6-Mar,5 - 10 Deg. F. / 3 - 6,5 - 10 / semi-humid,WY.1,#a5c2f1,"semi-humid, cold",#66C2A5,I,NA,Y
ARFR-CO932-294-11,black,9,33,9,NA,1758,1,1,0,NA,1,0,NA,1,0,NA,1,0,NA,1,0,N,1,0,NA,NA,NA,NA,NA,NA,NA,NA,NA,ARFR4-SOS-CO932-294-11,#ABDDA4,-105.2030833,39.78458333,15 - 20 Deg. F. / 3 - 6,,15 - 20 Deg. F.,6-Mar,15 - 20 Deg. F. / 3 - 6,15 - 20 / semi-humid,CO.4,#698b69,"semi-humid, warm",#ABDDA4,H,NA,NA
ARFR-AZ930-422-NAVAJO-18,black,9,33,10,335,1759,1,0,NA,NA,0,NA,NA,0,NA,NA,0,NA,NA,0,NA,N,0,NA,NA,NA,NA,NA,NA,NA,Y,Y,Harvested,ARFR4-SOS-AZ930-422-NAVAJO-18,#D53E4F,-110.431,36.56805,15 - 20 Deg. F. / 6 - 12,Lats corrected 20230127,15 - 20 Deg. F.,12-Jun,15 - 20 Deg. F. / 6 - 12,15 - 20 / semi-arid,AZ.2,#ee5c42,"semi-arid, warm",#D53E4F,B,NA,Y
ARFR-WY040-71-10,black,9,33,11,NA,1760,1,1,1,NA,1,1,NA,1,1,NA,1,1,NA,1,1,N,1,1,NA,NA,NA,NA,NA,NA,NA,NA,NA,ARFR4-SOS-WY040-71-10,#66C2A5,-109.2433156,41.13271889,5 - 10 Deg. F. / 3 - 6,,5 - 10 Deg. F.,6-Mar,5 - 10 Deg. F. / 3 - 6,5 - 10 / semi-humid,WY.1,#a5c2f1,"semi-humid, cold",#66C2A5,I,NA,NA
ARFR-WY050-49-FREMONT-12,black,9,33,12,NA,1761,1,1,1,NA,1,1,NA,1,1,NA,1,1,NA,1,1,N,1,1,NA,NA,NA,NA,NA,NA,NA,NA,NA,ARFR4-SOS-WY050-49-FREMONT-12,#5E4FA2,-109.34775,43.42663611,5 - 10 Deg. F. / 6 - 12,,5 - 10 Deg. F.,12-Jun,5 - 10 Deg. F. / 6 - 12,5 - 10 / semi-arid,WY.3,#ffb90f,"semi-arid, cold",#5E4FA2,K,NA,NA
ARFR-NM930N-66-11,black,9,33,13,NA,1762,1,1,0,NA,1,0,NA,1,0,NA,1,0,NA,1,1,N,1,1,NA,NA,NA,NA,NA,NA,NA,NA,NA,ARFR4-SOS-NM930N-66-11,#F46D43,-107.2045028,36.76818611,10 - 15 Deg. F. / 3 - 6,,10 - 15 Deg. F.,6-Mar,10 - 15 Deg. F. / 3 - 6,10 - 15 / semi-humid,NM.1,#66e566,"semi-humid, cool",#F46D43,C,NA,NA
ARFR-CO932-316-JEFFERSON-12,black,9,33,14,NA,1763,1,1,0,NA,1,0,NA,1,0,NA,1,0,NA,1,1,N,1,1,NA,NA,NA,NA,NA,NA,NA,NA,NA,ARFR4-SOS-CO932-316-JEFFERSON-12,#FFFF85,-105.358,39.66325,15 - 20 Deg. F. / 3 - 6,,15 - 20 Deg. F.,6-Mar,15 - 20 Deg. F. / 3 - 6,15 - 20 / semi-humid,CO.3,#698b69,"semi-humid, warm",#FFFF85,F,NA,NA
ARFR-NM930N-66-11,black,9,33,15,336,1764,1,1,0,NA,1,0,NA,1,1,NA,1,1,NA,1,1,N,1,1,NA,NA,NA,NA,NA,NA,NA,NA,NA,ARFR4-SOS-NM930N-66-11,#F46D43,-107.2045028,36.76818611,10 - 15 Deg. F. / 3 - 6,,10 - 15 Deg. F.,6-Mar,10 - 15 Deg. F. / 3 - 6,10 - 15 / semi-humid,NM.1,#66e566,"semi-humid, cool",#F46D43,C,NA,NA
ARFR-WY930-44-LASANIMAS-13,black,9,33,16,NA,1765,1,1,0,NA,1,0,NA,1,0,NA,1,0,NA,1,1,N,1,1,NA,NA,NA,NA,NA,NA,NA,NA,NA,ARFR4-SOS-WY930-44-LASANIMAS-13,#FDAE61,-104.6423889,37.16547222,15 - 20 Deg. F. / 3 - 6,,15 - 20 Deg. F.,6-Mar,15 - 20 Deg. F. / 3 - 6,15 - 20 / semi-humid,CO.1,#698b69,"semi-humid, warm",#FDAE61,D,NA,NA
ARFR-AZ930-423-NAVAJO-18,black,9,33,17,NA,1766,1,1,0,NA,1,0,NA,1,0,NA,1,0,NA,1,1,N,1,1,NA,NA,NA,NA,NA,NA,NA,NA,NA,ARFR4-SOS-AZ930-423-NAVAJO-18,#9E0142,-110.431,36.45877,15 - 20 Deg. F. / 6 - 12,SdZones downloaded 20230823,15 - 20 Deg. F.,12-Jun,15 - 20 Deg. F. / 6 - 12,15 - 20 / semi-arid,AZ.1,#ee5c42,"semi-arid, warm",#9E0142,A,NA,NA
ARFR-WY050-151-FREMONT-16,black,9,33,18,NA,1767,1,1,0,NA,1,0,NA,1,0,NA,1,0,NA,1,1,N,1,1,NA,NA,NA,NA,NA,NA,NA,NA,NA,ARFR4-SOS-WY050-151-FREMONT-16,#3288BD,-108.1704472,42.47886111,10 - 15 Deg. F. / 6 - 12,,10 - 15 Deg. F.,12-Jun,10 - 15 Deg. F. / 6 - 12,10 - 15 / semi-arid,WY.2,#cd8500,"semi-arid, cool",#3288BD,J,NA,NA
ARFR-CO932-294-11,black,9,33,19,NA,1768,1,1,0,NA,1,0,NA,1,0,NA,1,0,NA,1,0,N,1,0,NA,NA,NA,NA,NA,NA,NA,NA,NA,ARFR4-SOS-CO932-294-11,#ABDDA4,-105.2030833,39.78458333,15 - 20 Deg. F. / 3 - 6,,15 - 20 Deg. F.,6-Mar,15 - 20 Deg. F. / 3 - 6,15 - 20 / semi-humid,CO.4,#698b69,"semi-humid, warm",#ABDDA4,H,NA,NA
ARFR-WY930-44-LASANIMAS-13,black,9,33,20,337,1769,1,1,0,NA,1,0,NA,1,0,NA,1,0,NA,1,0,N,1,0,NA,NA,NA,NA,NA,NA,NA,NA,NA,ARFR4-SOS-WY930-44-LASANIMAS-13,#FDAE61,-104.6423889,37.16547222,15 - 20 Deg. F. / 3 - 6,,15 - 20 Deg. F.,6-Mar,15 - 20 Deg. F. / 3 - 6,15 - 20 / semi-humid,CO.1,#698b69,"semi-humid, warm",#FDAE61,D,NA,NA
ARFR-WY930-44-LASANIMAS-13,black,9,33,21,NA,1770,1,1,0,NA,1,0,NA,1,0,NA,1,0,NA,1,0,N,1,0,NA,NA,NA,NA,NA,NA,NA,NA,NA,ARFR4-SOS-WY930-44-LASANIMAS-13,#FDAE61,-104.6423889,37.16547222,15 - 20 Deg. F. / 3 - 6,,15 - 20 Deg. F.,6-Mar,15 - 20 Deg. F. / 3 - 6,15 - 20 / semi-humid,CO.1,#698b69,"semi-humid, warm",#FDAE61,D,NA,NA
ARFR-AZ930-422-NAVAJO-18,black,9,33,22,NA,1771,1,1,0,NA,1,0,NA,1,0,NA,1,0,NA,1,1,N,1,1,NA,NA,NA,NA,NA,NA,NA,NA,NA,ARFR4-SOS-AZ930-422-NAVAJO-18,#D53E4F,-110.431,36.56805,15 - 20 Deg. F. / 6 - 12,Lats corrected 20230127,15 - 20 Deg. F.,12-Jun,15 - 20 Deg. F. / 6 - 12,15 - 20 / semi-arid,AZ.2,#ee5c42,"semi-arid, warm",#D53E4F,B,NA,NA
ARFR-NM930N-66-11,black,9,33,23,NA,1772,1,1,0,NA,1,0,NA,1,0,NA,1,1,NA,1,1,N,1,1,NA,NA,NA,NA,NA,NA,NA,NA,NA,ARFR4-SOS-NM930N-66-11,#F46D43,-107.2045028,36.76818611,10 - 15 Deg. F. / 3 - 6,,10 - 15 Deg. F.,6-Mar,10 - 15 Deg. F. / 3 - 6,10 - 15 / semi-humid,NM.1,#66e566,"semi-humid, cool",#F46D43,C,NA,NA
ARFR-UT080-109-UINTAH-12,black,9,33,24,NA,1773,1,1,0,NA,1,0,NA,1,0,NA,1,0,NA,1,1,N,1,1,NA,NA,NA,NA,NA,NA,NA,NA,NA,ARFR4-SOS-UT080-109-UINTAH-12,#aabe7f,-109.1426444,39.70802222,10 - 15 Deg. F. / 3 - 6,,10 - 15 Deg. F.,6-Mar,10 - 15 Deg. F. / 3 - 6,10 - 15 / semi-humid,UT.1,#66e566,"semi-humid, cool",#aabe7f,G,NA,NA
ARFR-CO932-314-JEFFERSON-12,black,9,33,25,338,1774,1,1,0,NA,1,0,NA,1,0,NA,1,0,NA,1,1,N,1,1,NA,NA,NA,NA,NA,NA,NA,NA,NA,ARFR4-SOS-CO932-314-JEFFERSON-12,#FEE08B,-105.3553333,39.40902778,10 - 15 Deg. F. / 3 - 6,,10 - 15 Deg. F.,6-Mar,10 - 15 Deg. F. / 3 - 6,10 - 15 / semi-humid,CO.2,#66e566,"semi-humid, cool",#FEE08B,E,NA,NA
ARFR-CO932-294-11,black,9,33,26,NA,1775,1,1,0,NA,1,0,NA,1,0,NA,1,0,NA,1,0,N,1,0,dying,NA,NA,NA,NA,NA,NA,NA,NA,ARFR4-SOS-CO932-294-11,#ABDDA4,-105.2030833,39.78458333,15 - 20 Deg. F. / 3 - 6,,15 - 20 Deg. F.,6-Mar,15 - 20 Deg. F. / 3 - 6,15 - 20 / semi-humid,CO.4,#698b69,"semi-humid, warm",#ABDDA4,H,NA,NA
ARFR-UT080-109-UINTAH-12,black,9,33,27,NA,1776,1,1,0,NA,1,0,NA,1,0,NA,1,0,NA,1,1,N,1,1,NA,NA,NA,NA,NA,NA,NA,NA,NA,ARFR4-SOS-UT080-109-UINTAH-12,#aabe7f,-109.1426444,39.70802222,10 - 15 Deg. F. / 3 - 6,,10 - 15 Deg. F.,6-Mar,10 - 15 Deg. F. / 3 - 6,10 - 15 / semi-humid,UT.1,#66e566,"semi-humid, cool",#aabe7f,G,NA,NA
ARFR-WY930-44-LASANIMAS-13,black,9,33,28,NA,1777,1,1,0,NA,1,0,NA,1,0,NA,1,0,NA,1,1,N,1,1,NA,NA,NA,NA,NA,NA,NA,NA,NA,ARFR4-SOS-WY930-44-LASANIMAS-13,#FDAE61,-104.6423889,37.16547222,15 - 20 Deg. F. / 3 - 6,,15 - 20 Deg. F.,6-Mar,15 - 20 Deg. F. / 3 - 6,15 - 20 / semi-humid,CO.1,#698b69,"semi-humid, warm",#FDAE61,D,NA,NA
ARFR-WY050-151-FREMONT-16,black,9,33,29,NA,1778,1,1,0,NA,1,0,NA,1,0,NA,1,1,NA,1,1,N,1,1,NA,NA,NA,NA,NA,NA,NA,NA,NA,ARFR4-SOS-WY050-151-FREMONT-16,#3288BD,-108.1704472,42.47886111,10 - 15 Deg. F. / 6 - 12,,10 - 15 Deg. F.,12-Jun,10 - 15 Deg. F. / 6 - 12,10 - 15 / semi-arid,WY.2,#cd8500,"semi-arid, cool",#3288BD,J,NA,NA
ARFR-NM930N-66-11,black,9,33,30,339,1779,1,1,0,NA,1,0,NA,1,0,NA,1,1,NA,1,1,N,1,1,NA,NA,NA,NA,NA,NA,NA,NA,NA,ARFR4-SOS-NM930N-66-11,#F46D43,-107.2045028,36.76818611,10 - 15 Deg. F. / 3 - 6,,10 - 15 Deg. F.,6-Mar,10 - 15 Deg. F. / 3 - 6,10 - 15 / semi-humid,NM.1,#66e566,"semi-humid, cool",#F46D43,C,NA,NA
ARFR-WY050-49-FREMONT-12,black,9,33,31,NA,1780,1,1,0,NA,1,1,NA,1,1,NA,1,1,NA,1,1,N,1,1,NA,NA,NA,NA,NA,NA,NA,NA,NA,ARFR4-SOS-WY050-49-FREMONT-12,#5E4FA2,-109.34775,43.42663611,5 - 10 Deg. F. / 6 - 12,,5 - 10 Deg. F.,12-Jun,5 - 10 Deg. F. / 6 - 12,5 - 10 / semi-arid,WY.3,#ffb90f,"semi-arid, cold",#5E4FA2,K,NA,NA
ARFR-UT080-109-UINTAH-12,black,9,33,32,NA,1781,1,1,0,NA,1,1,NA,1,1,NA,1,1,NA,1,1,N,1,1,NA,NA,NA,NA,NA,NA,NA,NA,NA,ARFR4-SOS-UT080-109-UINTAH-12,#aabe7f,-109.1426444,39.70802222,10 - 15 Deg. F. / 3 - 6,,10 - 15 Deg. F.,6-Mar,10 - 15 Deg. F. / 3 - 6,10 - 15 / semi-humid,UT.1,#66e566,"semi-humid, cool",#aabe7f,G,NA,NA
ARFR-WY050-151-FREMONT-16,black,9,33,33,NA,1782,1,1,0,NA,1,0,NA,1,0,NA,1,0,NA,1,1,N,1,1,NA,NA,NA,NA,NA,NA,NA,NA,NA,ARFR4-SOS-WY050-151-FREMONT-16,#3288BD,-108.1704472,42.47886111,10 - 15 Deg. F. / 6 - 12,,10 - 15 Deg. F.,12-Jun,10 - 15 Deg. F. / 6 - 12,10 - 15 / semi-arid,WY.2,#cd8500,"semi-arid, cool",#3288BD,J,NA,NA
ARFR-CO932-316-JEFFERSON-12,black,9,33,34,NA,1783,1,1,0,NA,1,0,NA,1,0,NA,1,1,NA,1,1,N,1,1,NA,NA,NA,NA,NA,NA,NA,NA,NA,ARFR4-SOS-CO932-316-JEFFERSON-12,#FFFF85,-105.358,39.66325,15 - 20 Deg. F. / 3 - 6,,15 - 20 Deg. F.,6-Mar,15 - 20 Deg. F. / 3 - 6,15 - 20 / semi-humid,CO.3,#698b69,"semi-humid, warm",#FFFF85,F,NA,NA
ARFR-AZ930-422-NAVAJO-18,black,9,33,35,340,1784,1,1,0,NA,1,1,NA,1,1,NA,1,1,NA,1,1,N,1,1,NA,NA,NA,NA,NA,NA,NA,NA,NA,ARFR4-SOS-AZ930-422-NAVAJO-18,#D53E4F,-110.431,36.56805,15 - 20 Deg. F. / 6 - 12,Lats corrected 20230127,15 - 20 Deg. F.,12-Jun,15 - 20 Deg. F. / 6 - 12,15 - 20 / semi-arid,AZ.2,#ee5c42,"semi-arid, warm",#D53E4F,B,NA,NA
ARFR-WY050-49-FREMONT-12,black,9,33,36,NA,1785,1,1,0,NA,1,1,NA,1,0,NA,1,1,NA,1,1,N,1,1,NA,NA,NA,NA,NA,NA,NA,NA,NA,ARFR4-SOS-WY050-49-FREMONT-12,#5E4FA2,-109.34775,43.42663611,5 - 10 Deg. F. / 6 - 12,,5 - 10 Deg. F.,12-Jun,5 - 10 Deg. F. / 6 - 12,5 - 10 / semi-arid,WY.3,#ffb90f,"semi-arid, cold",#5E4FA2,K,NA,NA
ARFR-CO932-316-JEFFERSON-12,black,9,33,37,NA,1786,1,1,0,NA,1,1,NA,1,1,NA,1,1,NA,1,1,N,1,1,NA,NA,NA,NA,NA,NA,NA,NA,NA,ARFR4-SOS-CO932-316-JEFFERSON-12,#FFFF85,-105.358,39.66325,15 - 20 Deg. F. / 3 - 6,,15 - 20 Deg. F.,6-Mar,15 - 20 Deg. F. / 3 - 6,15 - 20 / semi-humid,CO.3,#698b69,"semi-humid, warm",#FFFF85,F,NA,NA
ARFR-WY050-49-FREMONT-12,black,9,33,38,NA,1787,1,1,1,NA,1,1,NA,1,1,NA,1,1,NA,1,1,N,1,1,NA,NA,NA,NA,NA,NA,NA,NA,NA,ARFR4-SOS-WY050-49-FREMONT-12,#5E4FA2,-109.34775,43.42663611,5 - 10 Deg. F. / 6 - 12,,5 - 10 Deg. F.,12-Jun,5 - 10 Deg. F. / 6 - 12,5 - 10 / semi-arid,WY.3,#ffb90f,"semi-arid, cold",#5E4FA2,K,NA,NA
ARFR-AZ930-423-NAVAJO-18,black,9,33,39,NA,1788,1,0,NA,NA,0,NA,NA,0,NA,NA,0,NA,NA,0,NA,N,0,NA,NA,NA,NA,NA,NA,NA,Y,Y,Harvested,ARFR4-SOS-AZ930-423-NAVAJO-18,#9E0142,-110.431,36.45877,15 - 20 Deg. F. / 6 - 12,SdZones downloaded 20230823,15 - 20 Deg. F.,12-Jun,15 - 20 Deg. F. / 6 - 12,15 - 20 / semi-arid,AZ.1,#ee5c42,"semi-arid, warm",#9E0142,A,NA,Y
ARFR-AZ930-423-NAVAJO-18,black,9,33,40,341,1789,0,0,NA,NA,0,NA,NA,0,NA,NA,0,NA,NA,0,NA,N,0,NA,NA,NA,NA,NA,NA,NA,NA,NA,NA,ARFR4-SOS-AZ930-423-NAVAJO-18,#9E0142,-110.431,36.45877,15 - 20 Deg. F. / 6 - 12,SdZones downloaded 20230823,15 - 20 Deg. F.,12-Jun,15 - 20 Deg. F. / 6 - 12,15 - 20 / semi-arid,AZ.1,#ee5c42,"semi-arid, warm",#9E0142,A,NA,NA
ARFR-WY040-71-10,black,9,33,41,NA,1790,1,1,0,NA,1,1,NA,1,0,NA,1,1,NA,1,1,N,1,1,NA,NA,NA,NA,NA,NA,NA,NA,NA,ARFR4-SOS-WY040-71-10,#66C2A5,-109.2433156,41.13271889,5 - 10 Deg. F. / 3 - 6,,5 - 10 Deg. F.,6-Mar,5 - 10 Deg. F. / 3 - 6,5 - 10 / semi-humid,WY.1,#a5c2f1,"semi-humid, cold",#66C2A5,I,NA,NA
ARFR-WY050-49-FREMONT-12,black,9,33,42,NA,1791,1,1,0,NA,1,0,NA,1,1,NA,1,1,NA,1,1,N,1,1,NA,NA,NA,NA,NA,NA,NA,NA,NA,ARFR4-SOS-WY050-49-FREMONT-12,#5E4FA2,-109.34775,43.42663611,5 - 10 Deg. F. / 6 - 12,,5 - 10 Deg. F.,12-Jun,5 - 10 Deg. F. / 6 - 12,5 - 10 / semi-arid,WY.3,#ffb90f,"semi-arid, cold",#5E4FA2,K,NA,NA
ARFR-CO932-294-11,black,9,33,43,NA,1792,1,1,0,NA,1,0,NA,1,0,NA,1,1,NA,1,1,N,1,1,NA,NA,NA,NA,NA,NA,NA,NA,NA,ARFR4-SOS-CO932-294-11,#ABDDA4,-105.2030833,39.78458333,15 - 20 Deg. F. / 3 - 6,,15 - 20 Deg. F.,6-Mar,15 - 20 Deg. F. / 3 - 6,15 - 20 / semi-humid,CO.4,#698b69,"semi-humid, warm",#ABDDA4,H,NA,NA
ARFR-AZ930-422-NAVAJO-18,black,9,33,44,NA,1793,1,1,0,NA,1,1,NA,1,0,NA,1,1,remove phenology for this plant as seems inconsistent? ,1,1,N,1,1,NA,NA,NA,NA,NA,Y,NA,NA,NA,ARFR4-SOS-AZ930-422-NAVAJO-18,#D53E4F,-110.431,36.56805,15 - 20 Deg. F. / 6 - 12,Lats corrected 20230127,15 - 20 Deg. F.,12-Jun,15 - 20 Deg. F. / 6 - 12,15 - 20 / semi-arid,AZ.2,#ee5c42,"semi-arid, warm",#D53E4F,B,NA,NA
ARFR-NM930N-66-11,black,9,33,45,342,1794,1,1,0,NA,1,0,NA,1,1,NA,1,1,NA,1,1,N,1,1,NA,NA,NA,NA,NA,NA,NA,NA,NA,ARFR4-SOS-NM930N-66-11,#F46D43,-107.2045028,36.76818611,10 - 15 Deg. F. / 3 - 6,,10 - 15 Deg. F.,6-Mar,10 - 15 Deg. F. / 3 - 6,10 - 15 / semi-humid,NM.1,#66e566,"semi-humid, cool",#F46D43,C,NA,Y
ARFR-WY050-49-FREMONT-12,black,9,33,46,NA,1795,1,1,0,NA,1,1,NA,1,0,NA,1,1,NA,1,1,N,1,1,NA,NA,NA,NA,NA,NA,NA,NA,NA,ARFR4-SOS-WY050-49-FREMONT-12,#5E4FA2,-109.34775,43.42663611,5 - 10 Deg. F. / 6 - 12,,5 - 10 Deg. F.,12-Jun,5 - 10 Deg. F. / 6 - 12,5 - 10 / semi-arid,WY.3,#ffb90f,"semi-arid, cold",#5E4FA2,K,NA,NA
ARFR-UT080-109-UINTAH-12,black,9,33,47,NA,1796,1,1,1,NA,1,1,NA,1,1,NA,1,1,NA,1,1,N,1,1,NA,NA,NA,NA,NA,NA,NA,NA,NA,ARFR4-SOS-UT080-109-UINTAH-12,#aabe7f,-109.1426444,39.70802222,10 - 15 Deg. F. / 3 - 6,,10 - 15 Deg. F.,6-Mar,10 - 15 Deg. F. / 3 - 6,10 - 15 / semi-humid,UT.1,#66e566,"semi-humid, cool",#aabe7f,G,NA,NA
ARFR-AZ930-422-NAVAJO-18,black,9,33,48,NA,1797,1,1,0,NA,1,0,NA,1,0,NA,1,0,NA,1,1,N,1,1,NA,NA,NA,NA,NA,NA,NA,NA,NA,ARFR4-SOS-AZ930-422-NAVAJO-18,#D53E4F,-110.431,36.56805,15 - 20 Deg. F. / 6 - 12,Lats corrected 20230127,15 - 20 Deg. F.,12-Jun,15 - 20 Deg. F. / 6 - 12,15 - 20 / semi-arid,AZ.2,#ee5c42,"semi-arid, warm",#D53E4F,B,NA,NA
ARFR-WY930-44-LASANIMAS-13,black,9,33,49,NA,1798,1,1,0,NA,1,0,NA,1,0,NA,1,0,NA,1,1,N,1,1,NA,NA,NA,NA,NA,NA,NA,NA,NA,ARFR4-SOS-WY930-44-LASANIMAS-13,#FDAE61,-104.6423889,37.16547222,15 - 20 Deg. F. / 3 - 6,,15 - 20 Deg. F.,6-Mar,15 - 20 Deg. F. / 3 - 6,15 - 20 / semi-humid,CO.1,#698b69,"semi-humid, warm",#FDAE61,D,NA,NA
ARFR-AZ930-423-NAVAJO-18,black,9,33,50,343,1799,1,1,1,NA,1,1,NA,1,1,NA,1,1,NA,1,1,N,1,1,NA,NA,NA,NA,NA,NA,NA,NA,NA,ARFR4-SOS-AZ930-423-NAVAJO-18,#9E0142,-110.431,36.45877,15 - 20 Deg. F. / 6 - 12,SdZones downloaded 20230823,15 - 20 Deg. F.,12-Jun,15 - 20 Deg. F. / 6 - 12,15 - 20 / semi-arid,AZ.1,#ee5c42,"semi-arid, warm",#9E0142,A,NA,NA
ARFR-CO932-314-JEFFERSON-12,black,9,33,51,NA,1800,1,1,0,NA,1,0,NA,1,1,NA,1,1,NA,1,1,N,1,1,NA,NA,NA,NA,NA,NA,NA,NA,NA,ARFR4-SOS-CO932-314-JEFFERSON-12,#FEE08B,-105.3553333,39.40902778,10 - 15 Deg. F. / 3 - 6,,10 - 15 Deg. F.,6-Mar,10 - 15 Deg. F. / 3 - 6,10 - 15 / semi-humid,CO.2,#66e566,"semi-humid, cool",#FEE08B,E,NA,NA
ARFR-CO932-314-JEFFERSON-12,black,9,33,52,NA,1801,1,1,0,NA,1,0,NA,1,1,NA,1,1,NA,1,1,N,1,1,NA,NA,NA,NA,NA,NA,NA,NA,NA,ARFR4-SOS-CO932-314-JEFFERSON-12,#FEE08B,-105.3553333,39.40902778,10 - 15 Deg. F. / 3 - 6,,10 - 15 Deg. F.,6-Mar,10 - 15 Deg. F. / 3 - 6,10 - 15 / semi-humid,CO.2,#66e566,"semi-humid, cool",#FEE08B,E,NA,NA
ARFR-UT080-109-UINTAH-12,black,9,33,53,NA,1802,1,1,0,NA,1,0,NA,1,1,NA,1,1,NA,1,1,N,1,1,NA,NA,NA,NA,NA,NA,NA,NA,NA,ARFR4-SOS-UT080-109-UINTAH-12,#aabe7f,-109.1426444,39.70802222,10 - 15 Deg. F. / 3 - 6,,10 - 15 Deg. F.,6-Mar,10 - 15 Deg. F. / 3 - 6,10 - 15 / semi-humid,UT.1,#66e566,"semi-humid, cool",#aabe7f,G,NA,NA
ARFR-CO932-314-JEFFERSON-12,black,9,33,54,NA,1803,0,0,NA,NA,0,NA,NA,0,NA,NA,0,NA,NA,0,NA,N,0,NA,NA,NA,NA,NA,NA,NA,NA,NA,NA,ARFR4-SOS-CO932-314-JEFFERSON-12,#FEE08B,-105.3553333,39.40902778,10 - 15 Deg. F. / 3 - 6,,10 - 15 Deg. F.,6-Mar,10 - 15 Deg. F. / 3 - 6,10 - 15 / semi-humid,CO.2,#66e566,"semi-humid, cool",#FEE08B,E,NA,NA
ARFR-NM930N-66-11,black,9,33,55,344,1804,1,1,1,NA,1,1,NA,1,1,NA,1,1,NA,1,1,N,1,1,NA,NA,NA,NA,NA,NA,NA,NA,NA,ARFR4-SOS-NM930N-66-11,#F46D43,-107.2045028,36.76818611,10 - 15 Deg. F. / 3 - 6,,10 - 15 Deg. F.,6-Mar,10 - 15 Deg. F. / 3 - 6,10 - 15 / semi-humid,NM.1,#66e566,"semi-humid, cool",#F46D43,C,NA,NA
ARFR-AZ930-422-NAVAJO-18,black,9,34,1,333,1805,1,1,0,NA,1,0,NA,1,1,NA,1,1,NA,1,1,N,1,1,NA,NA,NA,NA,NA,NA,NA,NA,NA,ARFR4-SOS-AZ930-422-NAVAJO-18,#D53E4F,-110.431,36.56805,15 - 20 Deg. F. / 6 - 12,Lats corrected 20230127,15 - 20 Deg. F.,12-Jun,15 - 20 Deg. F. / 6 - 12,15 - 20 / semi-arid,AZ.2,#ee5c42,"semi-arid, warm",#D53E4F,B,NA,NA
ARFR-UT080-109-UINTAH-12,black,9,34,2,NA,1806,1,1,0,NA,1,0,NA,1,1,NA,1,1,NA,1,1,N,1,1,NA,NA,NA,NA,NA,NA,NA,NA,NA,ARFR4-SOS-UT080-109-UINTAH-12,#aabe7f,-109.1426444,39.70802222,10 - 15 Deg. F. / 3 - 6,,10 - 15 Deg. F.,6-Mar,10 - 15 Deg. F. / 3 - 6,10 - 15 / semi-humid,UT.1,#66e566,"semi-humid, cool",#aabe7f,G,NA,NA
ARFR-AZ930-422-NAVAJO-18,black,9,34,3,NA,1807,1,1,0,NA,1,0,NA,1,1,NA,1,1,NA,1,1,N,1,1,NA,NA,NA,NA,NA,NA,NA,NA,NA,ARFR4-SOS-AZ930-422-NAVAJO-18,#D53E4F,-110.431,36.56805,15 - 20 Deg. F. / 6 - 12,Lats corrected 20230127,15 - 20 Deg. F.,12-Jun,15 - 20 Deg. F. / 6 - 12,15 - 20 / semi-arid,AZ.2,#ee5c42,"semi-arid, warm",#D53E4F,B,NA,NA
ARFR-NM930N-66-11,black,9,34,4,NA,1808,1,1,1,NA,1,0,NA,1,1,NA,1,1,NA,1,1,N,1,1,NA,NA,NA,NA,NA,NA,NA,NA,NA,ARFR4-SOS-NM930N-66-11,#F46D43,-107.2045028,36.76818611,10 - 15 Deg. F. / 3 - 6,,10 - 15 Deg. F.,6-Mar,10 - 15 Deg. F. / 3 - 6,10 - 15 / semi-humid,NM.1,#66e566,"semi-humid, cool",#F46D43,C,NA,NA
ARFR-WY050-49-FREMONT-12,black,9,34,5,334,1809,1,1,0,NA,1,0,NA,1,1,NA,1,1,NA,1,1,Y,1,1,NA,NA,NA,NA,NA,NA,NA,NA,NA,ARFR4-SOS-WY050-49-FREMONT-12,#5E4FA2,-109.34775,43.42663611,5 - 10 Deg. F. / 6 - 12,,5 - 10 Deg. F.,12-Jun,5 - 10 Deg. F. / 6 - 12,5 - 10 / semi-arid,WY.3,#ffb90f,"semi-arid, cold",#5E4FA2,K,NA,NA
ARFR-WY040-71-10,black,9,34,6,NA,1810,1,1,1,NA,1,0,NA,1,1,NA,1,1,remove phenology for this plant as seems inconsistent? ,1,1,N,1,1,NA,NA,NA,NA,NA,Y,NA,NA,NA,ARFR4-SOS-WY040-71-10,#66C2A5,-109.2433156,41.13271889,5 - 10 Deg. F. / 3 - 6,,5 - 10 Deg. F.,6-Mar,5 - 10 Deg. F. / 3 - 6,5 - 10 / semi-humid,WY.1,#a5c2f1,"semi-humid, cold",#66C2A5,I,NA,NA
ARFR-AZ930-422-NAVAJO-18,black,9,34,7,NA,1811,0,0,NA,NA,0,NA,NA,0,NA,NA,0,NA,NA,0,NA,N,0,NA,NA,NA,NA,NA,NA,NA,NA,NA,NA,ARFR4-SOS-AZ930-422-NAVAJO-18,#D53E4F,-110.431,36.56805,15 - 20 Deg. F. / 6 - 12,Lats corrected 20230127,15 - 20 Deg. F.,12-Jun,15 - 20 Deg. F. / 6 - 12,15 - 20 / semi-arid,AZ.2,#ee5c42,"semi-arid, warm",#D53E4F,B,NA,NA
ARFR-UT080-109-UINTAH-12,black,9,34,8,NA,1812,1,1,0,NA,1,0,NA,1,1,NA,1,1,NA,1,1,N,1,1,NA,NA,NA,NA,NA,NA,NA,NA,NA,ARFR4-SOS-UT080-109-UINTAH-12,#aabe7f,-109.1426444,39.70802222,10 - 15 Deg. F. / 3 - 6,,10 - 15 Deg. F.,6-Mar,10 - 15 Deg. F. / 3 - 6,10 - 15 / semi-humid,UT.1,#66e566,"semi-humid, cool",#aabe7f,G,NA,NA
ARFR-AZ930-423-NAVAJO-18,black,9,34,9,NA,1813,1,1,0,NA,1,0,NA,1,1,NA,1,1,NA,1,1,N,1,1,NA,NA,NA,NA,NA,NA,NA,NA,NA,ARFR4-SOS-AZ930-423-NAVAJO-18,#9E0142,-110.431,36.45877,15 - 20 Deg. F. / 6 - 12,SdZones downloaded 20230823,15 - 20 Deg. F.,12-Jun,15 - 20 Deg. F. / 6 - 12,15 - 20 / semi-arid,AZ.1,#ee5c42,"semi-arid, warm",#9E0142,A,NA,NA
ARFR-CO932-316-JEFFERSON-12,black,9,34,10,335,1814,1,1,0,NA,1,1,NA,1,1,NA,1,1,NA,1,1,N,1,1,NA,NA,NA,NA,NA,NA,NA,NA,NA,ARFR4-SOS-CO932-316-JEFFERSON-12,#FFFF85,-105.358,39.66325,15 - 20 Deg. F. / 3 - 6,,15 - 20 Deg. F.,6-Mar,15 - 20 Deg. F. / 3 - 6,15 - 20 / semi-humid,CO.3,#698b69,"semi-humid, warm",#FFFF85,F,NA,NA
ARFR-NM930N-66-11,black,9,34,11,NA,1815,1,1,0,NA,1,1,NA,1,1,NA,1,1,NA,1,1,N,1,1,NA,NA,NA,NA,NA,NA,NA,NA,NA,ARFR4-SOS-NM930N-66-11,#F46D43,-107.2045028,36.76818611,10 - 15 Deg. F. / 3 - 6,,10 - 15 Deg. F.,6-Mar,10 - 15 Deg. F. / 3 - 6,10 - 15 / semi-humid,NM.1,#66e566,"semi-humid, cool",#F46D43,C,NA,NA
ARFR-WY050-49-FREMONT-12,black,9,34,12,NA,1816,1,1,0,NA,1,0,NA,1,0,NA,1,1,NA,1,1,N,1,1,NA,NA,NA,NA,NA,NA,NA,NA,NA,ARFR4-SOS-WY050-49-FREMONT-12,#5E4FA2,-109.34775,43.42663611,5 - 10 Deg. F. / 6 - 12,,5 - 10 Deg. F.,12-Jun,5 - 10 Deg. F. / 6 - 12,5 - 10 / semi-arid,WY.3,#ffb90f,"semi-arid, cold",#5E4FA2,K,NA,NA
ARFR-NM930N-66-11,black,9,34,13,NA,1817,1,1,0,NA,1,1,NA,1,1,NA,1,1,NA,1,1,N,1,1,NA,NA,NA,NA,NA,NA,NA,NA,NA,ARFR4-SOS-NM930N-66-11,#F46D43,-107.2045028,36.76818611,10 - 15 Deg. F. / 3 - 6,,10 - 15 Deg. F.,6-Mar,10 - 15 Deg. F. / 3 - 6,10 - 15 / semi-humid,NM.1,#66e566,"semi-humid, cool",#F46D43,C,NA,NA
ARFR-NM930N-66-11,black,9,34,14,NA,1818,1,1,0,NA,1,1,NA,1,1,NA,1,1,NA,1,1,N,1,1,NA,NA,NA,NA,NA,NA,NA,NA,NA,ARFR4-SOS-NM930N-66-11,#F46D43,-107.2045028,36.76818611,10 - 15 Deg. F. / 3 - 6,,10 - 15 Deg. F.,6-Mar,10 - 15 Deg. F. / 3 - 6,10 - 15 / semi-humid,NM.1,#66e566,"semi-humid, cool",#F46D43,C,NA,NA
ARFR-WY040-71-10,black,9,34,15,336,1819,1,1,0,NA,1,0,NA,1,1,NA,1,1,NA,1,1,N,1,1,NA,NA,NA,NA,NA,NA,NA,NA,NA,ARFR4-SOS-WY040-71-10,#66C2A5,-109.2433156,41.13271889,5 - 10 Deg. F. / 3 - 6,,5 - 10 Deg. F.,6-Mar,5 - 10 Deg. F. / 3 - 6,5 - 10 / semi-humid,WY.1,#a5c2f1,"semi-humid, cold",#66C2A5,I,NA,NA
ARFR-AZ930-422-NAVAJO-18,black,9,34,16,NA,1820,1,1,0,NA,1,1,NA,1,1,NA,1,1,NA,1,1,N,1,1,NA,NA,NA,NA,NA,NA,NA,NA,NA,ARFR4-SOS-AZ930-422-NAVAJO-18,#D53E4F,-110.431,36.56805,15 - 20 Deg. F. / 6 - 12,Lats corrected 20230127,15 - 20 Deg. F.,12-Jun,15 - 20 Deg. F. / 6 - 12,15 - 20 / semi-arid,AZ.2,#ee5c42,"semi-arid, warm",#D53E4F,B,NA,NA
ARFR-AZ930-423-NAVAJO-18,black,9,34,17,NA,1821,1,1,0,NA,1,0,NA,1,NA,NA,1,1,NA,1,1,Y,1,1,NA,NA,NA,NA,NA,NA,NA,NA,NA,ARFR4-SOS-AZ930-423-NAVAJO-18,#9E0142,-110.431,36.45877,15 - 20 Deg. F. / 6 - 12,SdZones downloaded 20230823,15 - 20 Deg. F.,12-Jun,15 - 20 Deg. F. / 6 - 12,15 - 20 / semi-arid,AZ.1,#ee5c42,"semi-arid, warm",#9E0142,A,NA,NA
ARFR-AZ930-423-NAVAJO-18,black,9,34,18,NA,1822,0,0,NA,NA,0,NA,NA,0,NA,NA,0,NA,NA,0,NA,N,0,NA,NA,NA,NA,NA,NA,NA,NA,NA,NA,ARFR4-SOS-AZ930-423-NAVAJO-18,#9E0142,-110.431,36.45877,15 - 20 Deg. F. / 6 - 12,SdZones downloaded 20230823,15 - 20 Deg. F.,12-Jun,15 - 20 Deg. F. / 6 - 12,15 - 20 / semi-arid,AZ.1,#ee5c42,"semi-arid, warm",#9E0142,A,NA,NA
ARFR-WY930-44-LASANIMAS-13,black,9,34,19,NA,1823,1,1,0,NA,1,0,NA,1,0,NA,1,0,NA,1,0,N,1,0,NA,NA,NA,NA,NA,NA,NA,NA,NA,ARFR4-SOS-WY930-44-LASANIMAS-13,#FDAE61,-104.6423889,37.16547222,15 - 20 Deg. F. / 3 - 6,,15 - 20 Deg. F.,6-Mar,15 - 20 Deg. F. / 3 - 6,15 - 20 / semi-humid,CO.1,#698b69,"semi-humid, warm",#FDAE61,D,NA,NA
ARFR-CO932-316-JEFFERSON-12,black,9,34,20,337,1824,1,1,0,NA,1,0,NA,1,0,NA,1,0,NA,1,1,N,1,1,NA,NA,NA,NA,NA,NA,NA,NA,NA,ARFR4-SOS-CO932-316-JEFFERSON-12,#FFFF85,-105.358,39.66325,15 - 20 Deg. F. / 3 - 6,,15 - 20 Deg. F.,6-Mar,15 - 20 Deg. F. / 3 - 6,15 - 20 / semi-humid,CO.3,#698b69,"semi-humid, warm",#FFFF85,F,NA,NA
ARFR-CO932-294-11,black,9,34,21,NA,1825,1,1,0,NA,1,0,NA,1,0,NA,1,0,NA,1,0,N,1,0,NA,NA,NA,NA,NA,NA,NA,NA,NA,ARFR4-SOS-CO932-294-11,#ABDDA4,-105.2030833,39.78458333,15 - 20 Deg. F. / 3 - 6,,15 - 20 Deg. F.,6-Mar,15 - 20 Deg. F. / 3 - 6,15 - 20 / semi-humid,CO.4,#698b69,"semi-humid, warm",#ABDDA4,H,NA,NA
ARFR-CO932-314-JEFFERSON-12,black,9,34,22,NA,1826,1,1,0,NA,1,0,NA,1,0,NA,1,0,NA,1,1,N,1,1,NA,NA,NA,NA,NA,NA,NA,NA,NA,ARFR4-SOS-CO932-314-JEFFERSON-12,#FEE08B,-105.3553333,39.40902778,10 - 15 Deg. F. / 3 - 6,,10 - 15 Deg. F.,6-Mar,10 - 15 Deg. F. / 3 - 6,10 - 15 / semi-humid,CO.2,#66e566,"semi-humid, cool",#FEE08B,E,NA,NA
ARFR-UT080-109-UINTAH-12,black,9,34,23,NA,1827,1,1,0,NA,1,0,NA,1,0,NA,1,1,NA,1,1,N,1,1,NA,NA,NA,NA,NA,NA,NA,NA,NA,ARFR4-SOS-UT080-109-UINTAH-12,#aabe7f,-109.1426444,39.70802222,10 - 15 Deg. F. / 3 - 6,,10 - 15 Deg. F.,6-Mar,10 - 15 Deg. F. / 3 - 6,10 - 15 / semi-humid,UT.1,#66e566,"semi-humid, cool",#aabe7f,G,NA,NA
ARFR-CO932-314-JEFFERSON-12,black,9,34,24,NA,1828,1,0,NA,NA,0,NA,NA,0,NA,NA,0,NA,NA,0,NA,N,0,NA,NA,NA,NA,NA,NA,NA,Y,Y,Harvested,ARFR4-SOS-CO932-314-JEFFERSON-12,#FEE08B,-105.3553333,39.40902778,10 - 15 Deg. F. / 3 - 6,,10 - 15 Deg. F.,6-Mar,10 - 15 Deg. F. / 3 - 6,10 - 15 / semi-humid,CO.2,#66e566,"semi-humid, cool",#FEE08B,E,NA,Y
ARFR-NM930N-66-11,black,9,34,25,338,1829,1,1,0,NA,1,1,NA,1,0,NA,1,1,NA,1,1,N,1,1,NA,NA,NA,NA,NA,NA,NA,NA,NA,ARFR4-SOS-NM930N-66-11,#F46D43,-107.2045028,36.76818611,10 - 15 Deg. F. / 3 - 6,,10 - 15 Deg. F.,6-Mar,10 - 15 Deg. F. / 3 - 6,10 - 15 / semi-humid,NM.1,#66e566,"semi-humid, cool",#F46D43,C,NA,NA
ARFR-CO932-316-JEFFERSON-12,black,9,34,26,NA,1830,1,1,0,NA,1,0,NA,1,0,NA,1,1,NA,1,1,N,1,1,NA,NA,NA,NA,NA,NA,NA,NA,NA,ARFR4-SOS-CO932-316-JEFFERSON-12,#FFFF85,-105.358,39.66325,15 - 20 Deg. F. / 3 - 6,,15 - 20 Deg. F.,6-Mar,15 - 20 Deg. F. / 3 - 6,15 - 20 / semi-humid,CO.3,#698b69,"semi-humid, warm",#FFFF85,F,NA,NA
ARFR-WY050-151-FREMONT-16,black,9,34,27,NA,1831,1,1,0,NA,1,0,NA,1,0,NA,1,1,NA,1,1,N,1,1,NA,NA,NA,NA,NA,NA,NA,NA,NA,ARFR4-SOS-WY050-151-FREMONT-16,#3288BD,-108.1704472,42.47886111,10 - 15 Deg. F. / 6 - 12,,10 - 15 Deg. F.,12-Jun,10 - 15 Deg. F. / 6 - 12,10 - 15 / semi-arid,WY.2,#cd8500,"semi-arid, cool",#3288BD,J,NA,Y
ARFR-CO932-316-JEFFERSON-12,black,9,34,28,NA,1832,1,1,0,NA,1,1,NA,1,0,NA,1,1,NA,1,1,N,1,1,NA,NA,NA,NA,NA,NA,NA,NA,NA,ARFR4-SOS-CO932-316-JEFFERSON-12,#FFFF85,-105.358,39.66325,15 - 20 Deg. F. / 3 - 6,,15 - 20 Deg. F.,6-Mar,15 - 20 Deg. F. / 3 - 6,15 - 20 / semi-humid,CO.3,#698b69,"semi-humid, warm",#FFFF85,F,NA,NA
ARFR-AZ930-422-NAVAJO-18,black,9,34,29,NA,1833,1,1,0,NA,1,0,NA,1,0,NA,1,1,NA,1,1,N,1,1,NA,NA,NA,NA,NA,NA,NA,NA,NA,ARFR4-SOS-AZ930-422-NAVAJO-18,#D53E4F,-110.431,36.56805,15 - 20 Deg. F. / 6 - 12,Lats corrected 20230127,15 - 20 Deg. F.,12-Jun,15 - 20 Deg. F. / 6 - 12,15 - 20 / semi-arid,AZ.2,#ee5c42,"semi-arid, warm",#D53E4F,B,NA,NA
ARFR-WY050-49-FREMONT-12,black,9,34,30,339,1834,1,1,0,NA,1,1,NA,1,0,NA,1,1,NA,1,1,N,1,1,NA,NA,NA,NA,NA,NA,NA,NA,NA,ARFR4-SOS-WY050-49-FREMONT-12,#5E4FA2,-109.34775,43.42663611,5 - 10 Deg. F. / 6 - 12,,5 - 10 Deg. F.,12-Jun,5 - 10 Deg. F. / 6 - 12,5 - 10 / semi-arid,WY.3,#ffb90f,"semi-arid, cold",#5E4FA2,K,NA,NA
ARFR-WY040-71-10,black,9,34,31,NA,1835,1,1,1,NA,1,1,NA,1,1,NA,1,1,NA,1,1,N,1,1,NA,NA,NA,NA,NA,NA,NA,NA,NA,ARFR4-SOS-WY040-71-10,#66C2A5,-109.2433156,41.13271889,5 - 10 Deg. F. / 3 - 6,,5 - 10 Deg. F.,6-Mar,5 - 10 Deg. F. / 3 - 6,5 - 10 / semi-humid,WY.1,#a5c2f1,"semi-humid, cold",#66C2A5,I,NA,NA
ARFR-AZ930-422-NAVAJO-18,black,9,34,32,NA,1836,1,1,0,NA,1,0,NA,1,NA,dying,1,1,NA,1,1,N,1,1,NA,NA,NA,NA,NA,NA,NA,NA,NA,ARFR4-SOS-AZ930-422-NAVAJO-18,#D53E4F,-110.431,36.56805,15 - 20 Deg. F. / 6 - 12,Lats corrected 20230127,15 - 20 Deg. F.,12-Jun,15 - 20 Deg. F. / 6 - 12,15 - 20 / semi-arid,AZ.2,#ee5c42,"semi-arid, warm",#D53E4F,B,NA,NA
ARFR-UT080-109-UINTAH-12,black,9,34,33,NA,1837,1,1,0,NA,1,1,NA,1,0,dying,1,1,remove phenology for this plant as seems inconsistent? ,1,1,N,1,1,NA,NA,NA,NA,NA,Y,NA,NA,NA,ARFR4-SOS-UT080-109-UINTAH-12,#aabe7f,-109.1426444,39.70802222,10 - 15 Deg. F. / 3 - 6,,10 - 15 Deg. F.,6-Mar,10 - 15 Deg. F. / 3 - 6,10 - 15 / semi-humid,UT.1,#66e566,"semi-humid, cool",#aabe7f,G,NA,NA
ARFR-CO932-314-JEFFERSON-12,black,9,34,34,NA,1838,1,1,0,NA,1,1,NA,1,0,NA,1,1,NA,1,1,N,1,1,NA,NA,NA,NA,NA,NA,NA,NA,NA,ARFR4-SOS-CO932-314-JEFFERSON-12,#FEE08B,-105.3553333,39.40902778,10 - 15 Deg. F. / 3 - 6,,10 - 15 Deg. F.,6-Mar,10 - 15 Deg. F. / 3 - 6,10 - 15 / semi-humid,CO.2,#66e566,"semi-humid, cool",#FEE08B,E,NA,NA
ARFR-AZ930-423-NAVAJO-18,black,9,34,35,340,1839,0,0,NA,NA,0,NA,NA,0,NA,NA,0,NA,NA,0,NA,N,0,NA,NA,NA,NA,NA,NA,NA,NA,NA,NA,ARFR4-SOS-AZ930-423-NAVAJO-18,#9E0142,-110.431,36.45877,15 - 20 Deg. F. / 6 - 12,SdZones downloaded 20230823,15 - 20 Deg. F.,12-Jun,15 - 20 Deg. F. / 6 - 12,15 - 20 / semi-arid,AZ.1,#ee5c42,"semi-arid, warm",#9E0142,A,NA,NA
ARFR-AZ930-422-NAVAJO-18,black,9,34,36,NA,1840,1,1,0,NA,1,0,NA,1,0,NA,1,0,NA,1,1,N,1,1,NA,NA,NA,NA,NA,NA,NA,NA,NA,ARFR4-SOS-AZ930-422-NAVAJO-18,#D53E4F,-110.431,36.56805,15 - 20 Deg. F. / 6 - 12,Lats corrected 20230127,15 - 20 Deg. F.,12-Jun,15 - 20 Deg. F. / 6 - 12,15 - 20 / semi-arid,AZ.2,#ee5c42,"semi-arid, warm",#D53E4F,B,NA,NA
ARFR-AZ930-423-NAVAJO-18,black,9,34,37,NA,1841,0,0,NA,NA,0,NA,NA,0,NA,NA,0,NA,NA,0,NA,N,0,NA,NA,NA,NA,NA,NA,NA,NA,NA,NA,ARFR4-SOS-AZ930-423-NAVAJO-18,#9E0142,-110.431,36.45877,15 - 20 Deg. F. / 6 - 12,SdZones downloaded 20230823,15 - 20 Deg. F.,12-Jun,15 - 20 Deg. F. / 6 - 12,15 - 20 / semi-arid,AZ.1,#ee5c42,"semi-arid, warm",#9E0142,A,NA,NA
ARFR-CO932-294-11,black,9,34,38,NA,1842,1,1,0,NA,1,0,NA,1,0,NA,1,0,NA,1,1,N,1,1,NA,NA,NA,NA,NA,NA,NA,NA,NA,ARFR4-SOS-CO932-294-11,#ABDDA4,-105.2030833,39.78458333,15 - 20 Deg. F. / 3 - 6,,15 - 20 Deg. F.,6-Mar,15 - 20 Deg. F. / 3 - 6,15 - 20 / semi-humid,CO.4,#698b69,"semi-humid, warm",#ABDDA4,H,NA,NA
ARFR-AZ930-423-NAVAJO-18,black,9,34,39,NA,1843,1,1,0,NA,1,0,NA,1,0,NA,1,1,NA,1,1,N,1,1,NA,NA,NA,NA,NA,NA,NA,NA,NA,ARFR4-SOS-AZ930-423-NAVAJO-18,#9E0142,-110.431,36.45877,15 - 20 Deg. F. / 6 - 12,SdZones downloaded 20230823,15 - 20 Deg. F.,12-Jun,15 - 20 Deg. F. / 6 - 12,15 - 20 / semi-arid,AZ.1,#ee5c42,"semi-arid, warm",#9E0142,A,NA,NA
ARFR-CO932-294-11,black,9,34,40,341,1844,1,1,0,NA,1,0,NA,1,1,NA,1,1,NA,1,1,N,1,1,NA,NA,NA,NA,NA,NA,NA,NA,NA,ARFR4-SOS-CO932-294-11,#ABDDA4,-105.2030833,39.78458333,15 - 20 Deg. F. / 3 - 6,,15 - 20 Deg. F.,6-Mar,15 - 20 Deg. F. / 3 - 6,15 - 20 / semi-humid,CO.4,#698b69,"semi-humid, warm",#ABDDA4,H,NA,NA
ARFR-AZ930-422-NAVAJO-18,black,9,34,41,NA,1845,1,1,NA,NA,1,NA,NA,1,NA,NA,1,NA,NA,1,NA,N,1,NA,NA,NA,NA,NA,NA,NA,NA,NA,NA,ARFR4-SOS-AZ930-422-NAVAJO-18,#D53E4F,-110.431,36.56805,15 - 20 Deg. F. / 6 - 12,Lats corrected 20230127,15 - 20 Deg. F.,12-Jun,15 - 20 Deg. F. / 6 - 12,15 - 20 / semi-arid,AZ.2,#ee5c42,"semi-arid, warm",#D53E4F,B,NA,NA
ARFR-CO932-294-11,black,9,34,42,NA,1846,1,1,0,NA,1,0,NA,1,1,NA,1,1,NA,1,1,N,1,1,NA,NA,NA,NA,NA,NA,NA,NA,NA,ARFR4-SOS-CO932-294-11,#ABDDA4,-105.2030833,39.78458333,15 - 20 Deg. F. / 3 - 6,,15 - 20 Deg. F.,6-Mar,15 - 20 Deg. F. / 3 - 6,15 - 20 / semi-humid,CO.4,#698b69,"semi-humid, warm",#ABDDA4,H,NA,NA
ARFR-WY050-151-FREMONT-16,black,9,34,43,NA,1847,1,1,0,NA,1,0,NA,1,0,NA,1,0,NA,1,1,N,1,1,NA,NA,NA,NA,NA,NA,NA,NA,NA,ARFR4-SOS-WY050-151-FREMONT-16,#3288BD,-108.1704472,42.47886111,10 - 15 Deg. F. / 6 - 12,,10 - 15 Deg. F.,12-Jun,10 - 15 Deg. F. / 6 - 12,10 - 15 / semi-arid,WY.2,#cd8500,"semi-arid, cool",#3288BD,J,NA,NA
ARFR-WY040-71-10,black,9,34,44,NA,1848,1,1,1,NA,1,1,NA,1,1,NA,1,1,NA,1,1,N,1,1,NA,NA,NA,NA,NA,NA,NA,NA,NA,ARFR4-SOS-WY040-71-10,#66C2A5,-109.2433156,41.13271889,5 - 10 Deg. F. / 3 - 6,,5 - 10 Deg. F.,6-Mar,5 - 10 Deg. F. / 3 - 6,5 - 10 / semi-humid,WY.1,#a5c2f1,"semi-humid, cold",#66C2A5,I,NA,Y
ARFR-WY040-71-10,black,9,34,45,342,1849,1,1,1,NA,1,1,NA,1,1,NA,1,1,NA,1,1,N,1,1,NA,NA,NA,NA,NA,NA,NA,NA,NA,ARFR4-SOS-WY040-71-10,#66C2A5,-109.2433156,41.13271889,5 - 10 Deg. F. / 3 - 6,,5 - 10 Deg. F.,6-Mar,5 - 10 Deg. F. / 3 - 6,5 - 10 / semi-humid,WY.1,#a5c2f1,"semi-humid, cold",#66C2A5,I,NA,NA
ARFR-CO932-294-11,black,9,34,46,NA,1850,1,1,0,NA,1,1,NA,1,0,NA,1,0,NA,1,1,N,1,1,NA,NA,NA,NA,NA,NA,NA,NA,NA,ARFR4-SOS-CO932-294-11,#ABDDA4,-105.2030833,39.78458333,15 - 20 Deg. F. / 3 - 6,,15 - 20 Deg. F.,6-Mar,15 - 20 Deg. F. / 3 - 6,15 - 20 / semi-humid,CO.4,#698b69,"semi-humid, warm",#ABDDA4,H,NA,NA
ARFR-CO932-294-11,black,9,34,47,NA,1851,1,1,0,NA,1,1,NA,1,0,NA,1,0,NA,1,1,N,1,1,NA,NA,NA,NA,NA,NA,NA,NA,NA,ARFR4-SOS-CO932-294-11,#ABDDA4,-105.2030833,39.78458333,15 - 20 Deg. F. / 3 - 6,,15 - 20 Deg. F.,6-Mar,15 - 20 Deg. F. / 3 - 6,15 - 20 / semi-humid,CO.4,#698b69,"semi-humid, warm",#ABDDA4,H,NA,NA
ARFR-WY050-49-FREMONT-12,black,9,34,48,NA,1852,1,1,0,NA,1,0,NA,1,0,NA,1,1,NA,1,1,N,1,1,NA,NA,NA,NA,NA,NA,NA,NA,NA,ARFR4-SOS-WY050-49-FREMONT-12,#5E4FA2,-109.34775,43.42663611,5 - 10 Deg. F. / 6 - 12,,5 - 10 Deg. F.,12-Jun,5 - 10 Deg. F. / 6 - 12,5 - 10 / semi-arid,WY.3,#ffb90f,"semi-arid, cold",#5E4FA2,K,NA,NA
ARFR-WY050-49-FREMONT-12,black,9,34,49,NA,1853,1,1,0,NA,1,1,NA,1,1,NA,1,1,NA,1,1,N,1,1,NA,NA,NA,NA,NA,NA,NA,NA,NA,ARFR4-SOS-WY050-49-FREMONT-12,#5E4FA2,-109.34775,43.42663611,5 - 10 Deg. F. / 6 - 12,,5 - 10 Deg. F.,12-Jun,5 - 10 Deg. F. / 6 - 12,5 - 10 / semi-arid,WY.3,#ffb90f,"semi-arid, cold",#5E4FA2,K,NA,Y
ARFR-CO932-314-JEFFERSON-12,black,9,34,50,343,1854,1,1,0,NA,1,1,NA,1,0,NA,1,0,NA,1,1,N,1,1,NA,NA,NA,NA,NA,NA,NA,NA,NA,ARFR4-SOS-CO932-314-JEFFERSON-12,#FEE08B,-105.3553333,39.40902778,10 - 15 Deg. F. / 3 - 6,,10 - 15 Deg. F.,6-Mar,10 - 15 Deg. F. / 3 - 6,10 - 15 / semi-humid,CO.2,#66e566,"semi-humid, cool",#FEE08B,E,NA,NA
ARFR-NM930N-66-11,black,9,34,51,NA,1855,1,1,0,NA,1,1,NA,1,1,NA,1,1,NA,1,1,N,1,1,NA,NA,NA,NA,NA,NA,NA,NA,NA,ARFR4-SOS-NM930N-66-11,#F46D43,-107.2045028,36.76818611,10 - 15 Deg. F. / 3 - 6,,10 - 15 Deg. F.,6-Mar,10 - 15 Deg. F. / 3 - 6,10 - 15 / semi-humid,NM.1,#66e566,"semi-humid, cool",#F46D43,C,NA,NA
ARFR-WY040-71-10,black,9,34,52,NA,1856,1,1,0,NA,1,0,NA,1,0,NA,1,1,NA,1,1,N,1,1,NA,NA,NA,NA,NA,NA,NA,NA,NA,ARFR4-SOS-WY040-71-10,#66C2A5,-109.2433156,41.13271889,5 - 10 Deg. F. / 3 - 6,,5 - 10 Deg. F.,6-Mar,5 - 10 Deg. F. / 3 - 6,5 - 10 / semi-humid,WY.1,#a5c2f1,"semi-humid, cold",#66C2A5,I,NA,NA
ARFR-UT080-109-UINTAH-12,black,9,34,53,NA,1857,1,1,0,NA,1,0,NA,1,0,NA,1,0,NA,1,1,N,1,1,NA,NA,NA,NA,NA,NA,NA,NA,NA,ARFR4-SOS-UT080-109-UINTAH-12,#aabe7f,-109.1426444,39.70802222,10 - 15 Deg. F. / 3 - 6,,10 - 15 Deg. F.,6-Mar,10 - 15 Deg. F. / 3 - 6,10 - 15 / semi-humid,UT.1,#66e566,"semi-humid, cool",#aabe7f,G,NA,NA
ARFR-WY040-71-10,black,9,34,54,NA,1858,1,1,1,NA,1,1,NA,1,1,NA,1,1,NA,1,1,N,1,1,NA,NA,NA,NA,NA,NA,NA,NA,NA,ARFR4-SOS-WY040-71-10,#66C2A5,-109.2433156,41.13271889,5 - 10 Deg. F. / 3 - 6,,5 - 10 Deg. F.,6-Mar,5 - 10 Deg. F. / 3 - 6,5 - 10 / semi-humid,WY.1,#a5c2f1,"semi-humid, cold",#66C2A5,I,NA,NA
ARFR-AZ930-423-NAVAJO-18,black,9,34,55,344,1859,1,1,0,NA,1,1,NA,1,1,NA,1,1,NA,1,1,N,1,1,NA,NA,NA,NA,NA,NA,NA,NA,NA,ARFR4-SOS-AZ930-423-NAVAJO-18,#9E0142,-110.431,36.45877,15 - 20 Deg. F. / 6 - 12,SdZones downloaded 20230823,15 - 20 Deg. F.,12-Jun,15 - 20 Deg. F. / 6 - 12,15 - 20 / semi-arid,AZ.1,#ee5c42,"semi-arid, warm",#9E0142,A,NA,NA
ARFR-CO932-314-JEFFERSON-12,black,9,35,1,345,1860,1,1,0,NA,1,0,NA,1,1,NA,1,1,NA,1,1,N,1,1,NA,NA,NA,NA,NA,NA,NA,NA,NA,ARFR4-SOS-CO932-314-JEFFERSON-12,#FEE08B,-105.3553333,39.40902778,10 - 15 Deg. F. / 3 - 6,,10 - 15 Deg. F.,6-Mar,10 - 15 Deg. F. / 3 - 6,10 - 15 / semi-humid,CO.2,#66e566,"semi-humid, cool",#FEE08B,E,NA,NA
ARFR-WY040-71-10,black,9,35,2,NA,1861,1,0,NA,NA,0,NA,NA,0,NA,NA,0,NA,NA,0,NA,N,0,NA,NA,NA,NA,NA,NA,NA,Y,Y,Harvested,ARFR4-SOS-WY040-71-10,#66C2A5,-109.2433156,41.13271889,5 - 10 Deg. F. / 3 - 6,,5 - 10 Deg. F.,6-Mar,5 - 10 Deg. F. / 3 - 6,5 - 10 / semi-humid,WY.1,#a5c2f1,"semi-humid, cold",#66C2A5,I,NA,Y
ARFR-UT080-109-UINTAH-12,black,9,35,3,NA,1862,1,1,0,NA,1,0,NA,1,1,NA,1,1,NA,1,1,N,1,1,NA,NA,NA,NA,NA,NA,NA,NA,NA,ARFR4-SOS-UT080-109-UINTAH-12,#aabe7f,-109.1426444,39.70802222,10 - 15 Deg. F. / 3 - 6,,10 - 15 Deg. F.,6-Mar,10 - 15 Deg. F. / 3 - 6,10 - 15 / semi-humid,UT.1,#66e566,"semi-humid, cool",#aabe7f,G,NA,NA
ARFR-CO932-314-JEFFERSON-12,black,9,35,4,NA,1863,0,0,NA,NA,0,NA,NA,0,NA,NA,0,NA,NA,0,NA,N,0,NA,NA,NA,NA,NA,NA,NA,NA,NA,NA,ARFR4-SOS-CO932-314-JEFFERSON-12,#FEE08B,-105.3553333,39.40902778,10 - 15 Deg. F. / 3 - 6,,10 - 15 Deg. F.,6-Mar,10 - 15 Deg. F. / 3 - 6,10 - 15 / semi-humid,CO.2,#66e566,"semi-humid, cool",#FEE08B,E,NA,NA
ARFR-AZ930-422-NAVAJO-18,black,9,35,5,346,1864,1,1,0,NA,1,1,NA,1,1,NA,1,1,NA,1,1,N,1,1,NA,NA,NA,NA,NA,NA,NA,NA,NA,ARFR4-SOS-AZ930-422-NAVAJO-18,#D53E4F,-110.431,36.56805,15 - 20 Deg. F. / 6 - 12,Lats corrected 20230127,15 - 20 Deg. F.,12-Jun,15 - 20 Deg. F. / 6 - 12,15 - 20 / semi-arid,AZ.2,#ee5c42,"semi-arid, warm",#D53E4F,B,NA,NA
ARFR-CO932-294-11,black,9,35,6,NA,1865,1,1,0,NA,1,1,NA,1,0,NA,1,0,NA,1,1,N,1,1,NA,NA,NA,NA,NA,NA,NA,NA,NA,ARFR4-SOS-CO932-294-11,#ABDDA4,-105.2030833,39.78458333,15 - 20 Deg. F. / 3 - 6,,15 - 20 Deg. F.,6-Mar,15 - 20 Deg. F. / 3 - 6,15 - 20 / semi-humid,CO.4,#698b69,"semi-humid, warm",#ABDDA4,H,NA,NA
ARFR-UT080-109-UINTAH-12,black,9,35,7,NA,1866,1,1,0,NA,1,1,NA,1,1,NA,1,1,NA,1,1,N,1,1,NA,NA,NA,NA,NA,NA,NA,NA,NA,ARFR4-SOS-UT080-109-UINTAH-12,#aabe7f,-109.1426444,39.70802222,10 - 15 Deg. F. / 3 - 6,,10 - 15 Deg. F.,6-Mar,10 - 15 Deg. F. / 3 - 6,10 - 15 / semi-humid,UT.1,#66e566,"semi-humid, cool",#aabe7f,G,NA,NA
ARFR-CO932-314-JEFFERSON-12,black,9,35,8,NA,1867,1,1,0,NA,1,1,NA,1,0,NA,1,1,NA,1,1,N,1,1,NA,NA,NA,NA,NA,NA,NA,NA,NA,ARFR4-SOS-CO932-314-JEFFERSON-12,#FEE08B,-105.3553333,39.40902778,10 - 15 Deg. F. / 3 - 6,,10 - 15 Deg. F.,6-Mar,10 - 15 Deg. F. / 3 - 6,10 - 15 / semi-humid,CO.2,#66e566,"semi-humid, cool",#FEE08B,E,NA,NA
ARFR-AZ930-423-NAVAJO-18,black,9,35,9,NA,1868,1,1,0,NA,1,1,NA,1,0,NA,1,0,NA,1,1,N,1,1,NA,NA,NA,NA,NA,NA,NA,NA,NA,ARFR4-SOS-AZ930-423-NAVAJO-18,#9E0142,-110.431,36.45877,15 - 20 Deg. F. / 6 - 12,SdZones downloaded 20230823,15 - 20 Deg. F.,12-Jun,15 - 20 Deg. F. / 6 - 12,15 - 20 / semi-arid,AZ.1,#ee5c42,"semi-arid, warm",#9E0142,A,NA,NA
ARFR-UT080-109-UINTAH-12,black,9,35,10,347,1869,1,1,0,NA,1,1,NA,1,1,NA,1,1,NA,1,1,N,1,1,NA,NA,NA,NA,NA,NA,NA,NA,NA,ARFR4-SOS-UT080-109-UINTAH-12,#aabe7f,-109.1426444,39.70802222,10 - 15 Deg. F. / 3 - 6,,10 - 15 Deg. F.,6-Mar,10 - 15 Deg. F. / 3 - 6,10 - 15 / semi-humid,UT.1,#66e566,"semi-humid, cool",#aabe7f,G,NA,NA
ARFR-NM930N-66-11,black,9,35,11,NA,1870,1,1,0,NA,1,1,NA,1,1,NA,1,1,NA,1,1,N,1,1,NA,NA,NA,NA,NA,NA,NA,NA,NA,ARFR4-SOS-NM930N-66-11,#F46D43,-107.2045028,36.76818611,10 - 15 Deg. F. / 3 - 6,,10 - 15 Deg. F.,6-Mar,10 - 15 Deg. F. / 3 - 6,10 - 15 / semi-humid,NM.1,#66e566,"semi-humid, cool",#F46D43,C,NA,NA
ARFR-AZ930-423-NAVAJO-18,black,9,35,12,NA,1871,1,1,0,NA,1,1,NA,1,0,NA,1,1,NA,1,1,N,1,1,NA,NA,NA,NA,NA,NA,NA,NA,NA,ARFR4-SOS-AZ930-423-NAVAJO-18,#9E0142,-110.431,36.45877,15 - 20 Deg. F. / 6 - 12,SdZones downloaded 20230823,15 - 20 Deg. F.,12-Jun,15 - 20 Deg. F. / 6 - 12,15 - 20 / semi-arid,AZ.1,#ee5c42,"semi-arid, warm",#9E0142,A,NA,NA
ARFR-WY050-151-FREMONT-16,black,9,35,13,NA,1872,1,1,0,NA,1,1,NA,1,0,NA,1,1,NA,1,1,N,1,1,NA,NA,NA,NA,NA,NA,NA,NA,NA,ARFR4-SOS-WY050-151-FREMONT-16,#3288BD,-108.1704472,42.47886111,10 - 15 Deg. F. / 6 - 12,,10 - 15 Deg. F.,12-Jun,10 - 15 Deg. F. / 6 - 12,10 - 15 / semi-arid,WY.2,#cd8500,"semi-arid, cool",#3288BD,J,NA,NA
ARFR-AZ930-422-NAVAJO-18,black,9,35,14,NA,1873,1,1,0,NA,1,0,NA,1,0,NA,1,1,NA,1,1,N,1,1,NA,NA,NA,NA,NA,NA,NA,NA,NA,ARFR4-SOS-AZ930-422-NAVAJO-18,#D53E4F,-110.431,36.56805,15 - 20 Deg. F. / 6 - 12,Lats corrected 20230127,15 - 20 Deg. F.,12-Jun,15 - 20 Deg. F. / 6 - 12,15 - 20 / semi-arid,AZ.2,#ee5c42,"semi-arid, warm",#D53E4F,B,NA,Y
ARFR-UT080-109-UINTAH-12,black,9,35,15,348,1874,1,1,0,NA,1,1,NA,1,0,NA,1,1,NA,1,1,N,1,1,NA,NA,NA,NA,NA,NA,NA,NA,NA,ARFR4-SOS-UT080-109-UINTAH-12,#aabe7f,-109.1426444,39.70802222,10 - 15 Deg. F. / 3 - 6,,10 - 15 Deg. F.,6-Mar,10 - 15 Deg. F. / 3 - 6,10 - 15 / semi-humid,UT.1,#66e566,"semi-humid, cool",#aabe7f,G,NA,NA
ARFR-WY040-71-10,black,9,35,16,NA,1875,1,1,0,NA,1,1,NA,1,1,NA,1,1,NA,1,1,N,1,1,NA,NA,NA,NA,NA,NA,NA,NA,NA,ARFR4-SOS-WY040-71-10,#66C2A5,-109.2433156,41.13271889,5 - 10 Deg. F. / 3 - 6,,5 - 10 Deg. F.,6-Mar,5 - 10 Deg. F. / 3 - 6,5 - 10 / semi-humid,WY.1,#a5c2f1,"semi-humid, cold",#66C2A5,I,NA,NA
ARFR-CO932-316-JEFFERSON-12,black,9,35,17,NA,1876,1,1,0,NA,1,1,NA,1,1,NA,1,1,NA,1,1,N,1,1,NA,NA,NA,NA,NA,NA,NA,NA,NA,ARFR4-SOS-CO932-316-JEFFERSON-12,#FFFF85,-105.358,39.66325,15 - 20 Deg. F. / 3 - 6,,15 - 20 Deg. F.,6-Mar,15 - 20 Deg. F. / 3 - 6,15 - 20 / semi-humid,CO.3,#698b69,"semi-humid, warm",#FFFF85,F,NA,NA
ARFR-WY050-151-FREMONT-16,black,9,35,18,NA,1877,1,1,0,NA,1,1,NA,1,1,NA,1,1,NA,1,1,N,1,1,NA,NA,NA,NA,NA,NA,NA,NA,NA,ARFR4-SOS-WY050-151-FREMONT-16,#3288BD,-108.1704472,42.47886111,10 - 15 Deg. F. / 6 - 12,,10 - 15 Deg. F.,12-Jun,10 - 15 Deg. F. / 6 - 12,10 - 15 / semi-arid,WY.2,#cd8500,"semi-arid, cool",#3288BD,J,NA,NA
ARFR-CO932-316-JEFFERSON-12,black,9,35,19,NA,1878,1,1,0,NA,1,1,NA,1,0,NA,1,0,NA,1,1,N,1,1,NA,NA,NA,NA,NA,NA,NA,NA,NA,ARFR4-SOS-CO932-316-JEFFERSON-12,#FFFF85,-105.358,39.66325,15 - 20 Deg. F. / 3 - 6,,15 - 20 Deg. F.,6-Mar,15 - 20 Deg. F. / 3 - 6,15 - 20 / semi-humid,CO.3,#698b69,"semi-humid, warm",#FFFF85,F,NA,NA
ARFR-WY930-44-LASANIMAS-13,black,9,35,20,349,1879,1,1,0,NA,1,0,NA,1,0,NA,1,0,NA,1,1,N,1,1,NA,NA,NA,NA,NA,NA,NA,NA,NA,ARFR4-SOS-WY930-44-LASANIMAS-13,#FDAE61,-104.6423889,37.16547222,15 - 20 Deg. F. / 3 - 6,,15 - 20 Deg. F.,6-Mar,15 - 20 Deg. F. / 3 - 6,15 - 20 / semi-humid,CO.1,#698b69,"semi-humid, warm",#FDAE61,D,NA,NA
ARFR-UT080-109-UINTAH-12,black,9,35,21,NA,1880,1,1,0,NA,1,1,NA,1,0,NA,1,1,NA,1,1,N,1,1,NA,NA,NA,NA,NA,NA,NA,NA,NA,ARFR4-SOS-UT080-109-UINTAH-12,#aabe7f,-109.1426444,39.70802222,10 - 15 Deg. F. / 3 - 6,,10 - 15 Deg. F.,6-Mar,10 - 15 Deg. F. / 3 - 6,10 - 15 / semi-humid,UT.1,#66e566,"semi-humid, cool",#aabe7f,G,NA,NA
ARFR-WY050-151-FREMONT-16,black,9,35,22,NA,1881,1,1,0,NA,1,0,NA,1,0,NA,1,0,NA,1,1,N,1,1,NA,NA,NA,NA,NA,NA,NA,NA,NA,ARFR4-SOS-WY050-151-FREMONT-16,#3288BD,-108.1704472,42.47886111,10 - 15 Deg. F. / 6 - 12,,10 - 15 Deg. F.,12-Jun,10 - 15 Deg. F. / 6 - 12,10 - 15 / semi-arid,WY.2,#cd8500,"semi-arid, cool",#3288BD,J,NA,NA
ARFR-WY930-44-LASANIMAS-13,black,9,35,23,NA,1882,1,1,0,NA,1,0,NA,1,0,NA,1,0,NA,1,0,N,1,0,NA,NA,NA,NA,NA,NA,NA,NA,NA,ARFR4-SOS-WY930-44-LASANIMAS-13,#FDAE61,-104.6423889,37.16547222,15 - 20 Deg. F. / 3 - 6,,15 - 20 Deg. F.,6-Mar,15 - 20 Deg. F. / 3 - 6,15 - 20 / semi-humid,CO.1,#698b69,"semi-humid, warm",#FDAE61,D,NA,NA
ARFR-CO932-294-11,black,9,35,24,NA,1883,1,1,0,NA,1,0,NA,1,0,NA,1,0,NA,1,1,N,1,1,NA,NA,NA,NA,NA,NA,NA,NA,NA,ARFR4-SOS-CO932-294-11,#ABDDA4,-105.2030833,39.78458333,15 - 20 Deg. F. / 3 - 6,,15 - 20 Deg. F.,6-Mar,15 - 20 Deg. F. / 3 - 6,15 - 20 / semi-humid,CO.4,#698b69,"semi-humid, warm",#ABDDA4,H,NA,NA
ARFR-WY040-71-10,black,9,35,25,350,1884,1,1,1,NA,1,1,NA,1,1,NA,1,1,NA,1,1,N,1,1,NA,NA,NA,NA,NA,NA,NA,NA,NA,ARFR4-SOS-WY040-71-10,#66C2A5,-109.2433156,41.13271889,5 - 10 Deg. F. / 3 - 6,,5 - 10 Deg. F.,6-Mar,5 - 10 Deg. F. / 3 - 6,5 - 10 / semi-humid,WY.1,#a5c2f1,"semi-humid, cold",#66C2A5,I,NA,NA
ARFR-WY040-71-10,black,9,35,26,NA,1885,1,1,1,NA,1,1,NA,1,0,NA,1,1,NA,1,1,N,1,1,NA,NA,NA,NA,NA,NA,NA,NA,NA,ARFR4-SOS-WY040-71-10,#66C2A5,-109.2433156,41.13271889,5 - 10 Deg. F. / 3 - 6,,5 - 10 Deg. F.,6-Mar,5 - 10 Deg. F. / 3 - 6,5 - 10 / semi-humid,WY.1,#a5c2f1,"semi-humid, cold",#66C2A5,I,NA,NA
ARFR-CO932-316-JEFFERSON-12,black,9,35,27,NA,1886,1,1,0,NA,1,0,NA,1,0,NA,1,1,NA,1,1,N,1,1,NA,NA,NA,NA,NA,NA,NA,NA,NA,ARFR4-SOS-CO932-316-JEFFERSON-12,#FFFF85,-105.358,39.66325,15 - 20 Deg. F. / 3 - 6,,15 - 20 Deg. F.,6-Mar,15 - 20 Deg. F. / 3 - 6,15 - 20 / semi-humid,CO.3,#698b69,"semi-humid, warm",#FFFF85,F,NA,NA
ARFR-CO932-294-11,black,9,35,28,NA,1887,1,1,0,NA,1,0,NA,1,0,NA,1,1,NA,1,1,N,1,1,NA,NA,NA,NA,NA,NA,NA,NA,NA,ARFR4-SOS-CO932-294-11,#ABDDA4,-105.2030833,39.78458333,15 - 20 Deg. F. / 3 - 6,,15 - 20 Deg. F.,6-Mar,15 - 20 Deg. F. / 3 - 6,15 - 20 / semi-humid,CO.4,#698b69,"semi-humid, warm",#ABDDA4,H,NA,NA
ARFR-AZ930-423-NAVAJO-18,black,9,35,29,NA,1888,1,1,0,NA,1,0,NA,1,0,NA,1,0,NA,1,1,N,1,1,NA,NA,NA,NA,NA,NA,NA,NA,NA,ARFR4-SOS-AZ930-423-NAVAJO-18,#9E0142,-110.431,36.45877,15 - 20 Deg. F. / 6 - 12,SdZones downloaded 20230823,15 - 20 Deg. F.,12-Jun,15 - 20 Deg. F. / 6 - 12,15 - 20 / semi-arid,AZ.1,#ee5c42,"semi-arid, warm",#9E0142,A,NA,NA
ARFR-AZ930-423-NAVAJO-18,black,9,35,30,351,1889,1,1,0,NA,1,0,NA,1,0,NA,1,0,NA,1,1,N,1,1,NA,NA,NA,NA,NA,NA,NA,NA,NA,ARFR4-SOS-AZ930-423-NAVAJO-18,#9E0142,-110.431,36.45877,15 - 20 Deg. F. / 6 - 12,SdZones downloaded 20230823,15 - 20 Deg. F.,12-Jun,15 - 20 Deg. F. / 6 - 12,15 - 20 / semi-arid,AZ.1,#ee5c42,"semi-arid, warm",#9E0142,A,NA,NA
ARFR-CO932-316-JEFFERSON-12,black,9,35,31,NA,1890,1,1,0,NA,1,0,NA,1,0,NA,1,1,NA,1,1,N,1,1,NA,NA,NA,NA,NA,NA,NA,NA,NA,ARFR4-SOS-CO932-316-JEFFERSON-12,#FFFF85,-105.358,39.66325,15 - 20 Deg. F. / 3 - 6,,15 - 20 Deg. F.,6-Mar,15 - 20 Deg. F. / 3 - 6,15 - 20 / semi-humid,CO.3,#698b69,"semi-humid, warm",#FFFF85,F,NA,NA
ARFR-NM930N-66-11,black,9,35,32,NA,1891,0,1,0,NA,1,0,NA,1,0,NA,1,0,NA,1,1,N,1,1,NA,NA,NA,NA,NA,NA,NA,NA,NA,ARFR4-SOS-NM930N-66-11,#F46D43,-107.2045028,36.76818611,10 - 15 Deg. F. / 3 - 6,,10 - 15 Deg. F.,6-Mar,10 - 15 Deg. F. / 3 - 6,10 - 15 / semi-humid,NM.1,#66e566,"semi-humid, cool",#F46D43,C,NA,NA
ARFR-CO932-316-JEFFERSON-12,black,9,35,33,NA,1892,1,1,0,NA,1,0,NA,1,0,NA,1,0,NA,1,1,N,1,1,NA,NA,NA,NA,NA,NA,NA,NA,NA,ARFR4-SOS-CO932-316-JEFFERSON-12,#FFFF85,-105.358,39.66325,15 - 20 Deg. F. / 3 - 6,,15 - 20 Deg. F.,6-Mar,15 - 20 Deg. F. / 3 - 6,15 - 20 / semi-humid,CO.3,#698b69,"semi-humid, warm",#FFFF85,F,NA,NA
ARFR-AZ930-422-NAVAJO-18,black,9,35,34,NA,1893,1,1,0,NA,1,0,NA,1,0,NA,1,1,NA,1,1,N,1,1,NA,NA,NA,NA,NA,NA,NA,NA,NA,ARFR4-SOS-AZ930-422-NAVAJO-18,#D53E4F,-110.431,36.56805,15 - 20 Deg. F. / 6 - 12,Lats corrected 20230127,15 - 20 Deg. F.,12-Jun,15 - 20 Deg. F. / 6 - 12,15 - 20 / semi-arid,AZ.2,#ee5c42,"semi-arid, warm",#D53E4F,B,NA,NA
ARFR-UT080-109-UINTAH-12,black,9,35,35,352,1894,1,1,0,NA,1,0,NA,1,1,NA,1,1,NA,1,1,N,1,1,NA,NA,NA,NA,NA,NA,NA,NA,NA,ARFR4-SOS-UT080-109-UINTAH-12,#aabe7f,-109.1426444,39.70802222,10 - 15 Deg. F. / 3 - 6,,10 - 15 Deg. F.,6-Mar,10 - 15 Deg. F. / 3 - 6,10 - 15 / semi-humid,UT.1,#66e566,"semi-humid, cool",#aabe7f,G,NA,NA
ARFR-NM930N-66-11,black,9,35,36,NA,1895,1,1,1,NA,1,1,NA,1,1,NA,1,1,NA,1,1,N,1,1,NA,NA,NA,NA,NA,NA,NA,NA,NA,ARFR4-SOS-NM930N-66-11,#F46D43,-107.2045028,36.76818611,10 - 15 Deg. F. / 3 - 6,,10 - 15 Deg. F.,6-Mar,10 - 15 Deg. F. / 3 - 6,10 - 15 / semi-humid,NM.1,#66e566,"semi-humid, cool",#F46D43,C,NA,NA
ARFR-NM930N-66-11,black,9,35,37,NA,1896,1,1,0,NA,1,1,NA,1,0,NA,1,1,NA,1,1,N,1,1,NA,NA,NA,NA,NA,NA,NA,NA,NA,ARFR4-SOS-NM930N-66-11,#F46D43,-107.2045028,36.76818611,10 - 15 Deg. F. / 3 - 6,,10 - 15 Deg. F.,6-Mar,10 - 15 Deg. F. / 3 - 6,10 - 15 / semi-humid,NM.1,#66e566,"semi-humid, cool",#F46D43,C,NA,NA
ARFR-WY050-151-FREMONT-16,black,9,35,38,NA,1897,1,1,0,NA,1,1,NA,1,0,NA,1,0,NA,1,1,N,1,1,NA,NA,NA,NA,NA,NA,NA,NA,NA,ARFR4-SOS-WY050-151-FREMONT-16,#3288BD,-108.1704472,42.47886111,10 - 15 Deg. F. / 6 - 12,,10 - 15 Deg. F.,12-Jun,10 - 15 Deg. F. / 6 - 12,10 - 15 / semi-arid,WY.2,#cd8500,"semi-arid, cool",#3288BD,J,NA,NA
ARFR-CO932-316-JEFFERSON-12,black,9,35,39,NA,1898,1,1,0,NA,1,0,NA,1,1,NA,1,1,NA,1,1,N,1,1,NA,NA,NA,NA,NA,NA,NA,NA,NA,ARFR4-SOS-CO932-316-JEFFERSON-12,#FFFF85,-105.358,39.66325,15 - 20 Deg. F. / 3 - 6,,15 - 20 Deg. F.,6-Mar,15 - 20 Deg. F. / 3 - 6,15 - 20 / semi-humid,CO.3,#698b69,"semi-humid, warm",#FFFF85,F,NA,NA
ARFR-CO932-316-JEFFERSON-12,black,9,35,40,353,1899,1,1,0,NA,1,0,NA,1,0,NA,1,1,NA,1,1,N,1,1,NA,NA,NA,NA,NA,NA,NA,NA,NA,ARFR4-SOS-CO932-316-JEFFERSON-12,#FFFF85,-105.358,39.66325,15 - 20 Deg. F. / 3 - 6,,15 - 20 Deg. F.,6-Mar,15 - 20 Deg. F. / 3 - 6,15 - 20 / semi-humid,CO.3,#698b69,"semi-humid, warm",#FFFF85,F,NA,NA
ARFR-NM930N-66-11,black,9,35,41,NA,1900,1,1,0,NA,1,0,NA,1,1,NA,1,1,NA,1,1,N,1,1,NA,NA,NA,NA,NA,NA,NA,NA,NA,ARFR4-SOS-NM930N-66-11,#F46D43,-107.2045028,36.76818611,10 - 15 Deg. F. / 3 - 6,,10 - 15 Deg. F.,6-Mar,10 - 15 Deg. F. / 3 - 6,10 - 15 / semi-humid,NM.1,#66e566,"semi-humid, cool",#F46D43,C,NA,NA
ARFR-WY040-71-10,black,9,35,42,NA,1901,1,1,1,NA,1,1,NA,1,1,NA,1,1,NA,1,1,N,1,1,NA,NA,NA,NA,NA,NA,NA,NA,NA,ARFR4-SOS-WY040-71-10,#66C2A5,-109.2433156,41.13271889,5 - 10 Deg. F. / 3 - 6,,5 - 10 Deg. F.,6-Mar,5 - 10 Deg. F. / 3 - 6,5 - 10 / semi-humid,WY.1,#a5c2f1,"semi-humid, cold",#66C2A5,I,NA,NA
ARFR-CO932-294-11,black,9,35,43,NA,1902,1,1,0,NA,1,1,NA,1,1,NA,1,1,NA,1,0,N,1,0,NA,NA,NA,NA,NA,Y,NA,NA,NA,ARFR4-SOS-CO932-294-11,#ABDDA4,-105.2030833,39.78458333,15 - 20 Deg. F. / 3 - 6,,15 - 20 Deg. F.,6-Mar,15 - 20 Deg. F. / 3 - 6,15 - 20 / semi-humid,CO.4,#698b69,"semi-humid, warm",#ABDDA4,H,NA,NA
ARFR-CO932-314-JEFFERSON-12,black,9,35,44,NA,1903,0,0,NA,NA,0,NA,NA,0,NA,NA,0,NA,NA,0,NA,N,0,NA,NA,NA,NA,NA,NA,NA,NA,NA,NA,ARFR4-SOS-CO932-314-JEFFERSON-12,#FEE08B,-105.3553333,39.40902778,10 - 15 Deg. F. / 3 - 6,,10 - 15 Deg. F.,6-Mar,10 - 15 Deg. F. / 3 - 6,10 - 15 / semi-humid,CO.2,#66e566,"semi-humid, cool",#FEE08B,E,NA,NA
ARFR-CO932-314-JEFFERSON-12,black,9,35,45,354,1904,1,1,0,NA,1,1,NA,1,1,NA,1,1,NA,1,1,N,1,1,NA,NA,NA,NA,NA,NA,NA,NA,NA,ARFR4-SOS-CO932-314-JEFFERSON-12,#FEE08B,-105.3553333,39.40902778,10 - 15 Deg. F. / 3 - 6,,10 - 15 Deg. F.,6-Mar,10 - 15 Deg. F. / 3 - 6,10 - 15 / semi-humid,CO.2,#66e566,"semi-humid, cool",#FEE08B,E,NA,NA
ARFR-AZ930-423-NAVAJO-18,black,9,35,46,NA,1905,0,0,NA,NA,0,NA,NA,0,NA,NA,0,NA,NA,0,NA,N,0,NA,NA,NA,NA,NA,NA,NA,NA,NA,NA,ARFR4-SOS-AZ930-423-NAVAJO-18,#9E0142,-110.431,36.45877,15 - 20 Deg. F. / 6 - 12,SdZones downloaded 20230823,15 - 20 Deg. F.,12-Jun,15 - 20 Deg. F. / 6 - 12,15 - 20 / semi-arid,AZ.1,#ee5c42,"semi-arid, warm",#9E0142,A,NA,NA
ARFR-CO932-316-JEFFERSON-12,black,9,35,47,NA,1906,1,1,0,NA,1,1,NA,1,1,NA,1,1,NA,1,1,N,1,1,NA,NA,NA,NA,NA,NA,NA,NA,NA,ARFR4-SOS-CO932-316-JEFFERSON-12,#FFFF85,-105.358,39.66325,15 - 20 Deg. F. / 3 - 6,,15 - 20 Deg. F.,6-Mar,15 - 20 Deg. F. / 3 - 6,15 - 20 / semi-humid,CO.3,#698b69,"semi-humid, warm",#FFFF85,F,NA,NA
ARFR-WY050-49-FREMONT-12,black,9,35,48,NA,1907,1,1,0,NA,1,1,NA,1,1,NA,1,1,NA,1,1,N,1,1,NA,NA,NA,NA,NA,NA,NA,NA,NA,ARFR4-SOS-WY050-49-FREMONT-12,#5E4FA2,-109.34775,43.42663611,5 - 10 Deg. F. / 6 - 12,,5 - 10 Deg. F.,12-Jun,5 - 10 Deg. F. / 6 - 12,5 - 10 / semi-arid,WY.3,#ffb90f,"semi-arid, cold",#5E4FA2,K,NA,NA
ARFR-CO932-314-JEFFERSON-12,black,9,35,49,NA,1908,1,1,0,NA,1,1,NA,1,1,NA,1,1,NA,1,1,N,1,1,NA,NA,NA,NA,NA,NA,NA,NA,NA,ARFR4-SOS-CO932-314-JEFFERSON-12,#FEE08B,-105.3553333,39.40902778,10 - 15 Deg. F. / 3 - 6,,10 - 15 Deg. F.,6-Mar,10 - 15 Deg. F. / 3 - 6,10 - 15 / semi-humid,CO.2,#66e566,"semi-humid, cool",#FEE08B,E,NA,NA
ARFR-WY930-44-LASANIMAS-13,black,9,35,50,355,1909,1,1,0,NA,1,1,NA,1,1,NA,1,1,NA,1,0,N,1,0,NA,NA,NA,NA,NA,Y,NA,NA,NA,ARFR4-SOS-WY930-44-LASANIMAS-13,#FDAE61,-104.6423889,37.16547222,15 - 20 Deg. F. / 3 - 6,,15 - 20 Deg. F.,6-Mar,15 - 20 Deg. F. / 3 - 6,15 - 20 / semi-humid,CO.1,#698b69,"semi-humid, warm",#FDAE61,D,NA,NA
ARFR-CO932-314-JEFFERSON-12,black,9,35,51,NA,1910,0,0,NA,NA,0,NA,NA,0,NA,NA,0,NA,NA,0,NA,N,0,NA,NA,NA,NA,NA,NA,NA,NA,NA,NA,ARFR4-SOS-CO932-314-JEFFERSON-12,#FEE08B,-105.3553333,39.40902778,10 - 15 Deg. F. / 3 - 6,,10 - 15 Deg. F.,6-Mar,10 - 15 Deg. F. / 3 - 6,10 - 15 / semi-humid,CO.2,#66e566,"semi-humid, cool",#FEE08B,E,NA,NA
ARFR-WY930-44-LASANIMAS-13,black,9,35,52,NA,1911,1,1,0,NA,1,0,NA,1,0,NA,1,0,NA,1,1,N,1,1,NA,NA,NA,NA,NA,NA,NA,NA,NA,ARFR4-SOS-WY930-44-LASANIMAS-13,#FDAE61,-104.6423889,37.16547222,15 - 20 Deg. F. / 3 - 6,,15 - 20 Deg. F.,6-Mar,15 - 20 Deg. F. / 3 - 6,15 - 20 / semi-humid,CO.1,#698b69,"semi-humid, warm",#FDAE61,D,NA,NA
ARFR-AZ930-422-NAVAJO-18,black,9,35,53,NA,1912,1,1,0,NA,1,0,NA,1,0,NA,1,0,NA,1,1,N,1,1,NA,NA,NA,NA,NA,NA,NA,NA,NA,ARFR4-SOS-AZ930-422-NAVAJO-18,#D53E4F,-110.431,36.56805,15 - 20 Deg. F. / 6 - 12,Lats corrected 20230127,15 - 20 Deg. F.,12-Jun,15 - 20 Deg. F. / 6 - 12,15 - 20 / semi-arid,AZ.2,#ee5c42,"semi-arid, warm",#D53E4F,B,NA,NA
ARFR-WY050-49-FREMONT-12,black,9,35,54,NA,1913,1,1,0,NA,1,0,NA,1,0,NA,1,0,NA,1,1,N,1,1,NA,NA,NA,NA,NA,NA,NA,NA,NA,ARFR4-SOS-WY050-49-FREMONT-12,#5E4FA2,-109.34775,43.42663611,5 - 10 Deg. F. / 6 - 12,,5 - 10 Deg. F.,12-Jun,5 - 10 Deg. F. / 6 - 12,5 - 10 / semi-arid,WY.3,#ffb90f,"semi-arid, cold",#5E4FA2,K,NA,NA
ARFR-CO932-294-11,black,9,35,55,356,1914,1,1,0,NA,1,0,NA,1,0,NA,1,0,NA,1,1,N,1,1,NA,NA,NA,NA,NA,NA,NA,NA,NA,ARFR4-SOS-CO932-294-11,#ABDDA4,-105.2030833,39.78458333,15 - 20 Deg. F. / 3 - 6,,15 - 20 Deg. F.,6-Mar,15 - 20 Deg. F. / 3 - 6,15 - 20 / semi-humid,CO.4,#698b69,"semi-humid, warm",#ABDDA4,H,NA,NA
ARFR-WY050-151-FREMONT-16,black,9,36,1,345,1915,1,1,0,NA,1,1,NA,1,1,NA,1,1,NA,1,1,N,1,1,NA,NA,NA,NA,NA,NA,NA,NA,NA,ARFR4-SOS-WY050-151-FREMONT-16,#3288BD,-108.1704472,42.47886111,10 - 15 Deg. F. / 6 - 12,,10 - 15 Deg. F.,12-Jun,10 - 15 Deg. F. / 6 - 12,10 - 15 / semi-arid,WY.2,#cd8500,"semi-arid, cool",#3288BD,J,NA,NA
ARFR-WY930-44-LASANIMAS-13,black,9,36,2,NA,1916,1,1,0,NA,1,0,NA,1,1,NA,1,1,NA,1,1,N,1,1,NA,NA,NA,NA,NA,NA,NA,NA,NA,ARFR4-SOS-WY930-44-LASANIMAS-13,#FDAE61,-104.6423889,37.16547222,15 - 20 Deg. F. / 3 - 6,,15 - 20 Deg. F.,6-Mar,15 - 20 Deg. F. / 3 - 6,15 - 20 / semi-humid,CO.1,#698b69,"semi-humid, warm",#FDAE61,D,NA,Y
ARFR-WY050-49-FREMONT-12,black,9,36,3,NA,1917,1,1,0,NA,1,0,NA,1,1,NA,1,1,NA,1,1,N,1,1,NA,NA,NA,NA,NA,NA,NA,NA,NA,ARFR4-SOS-WY050-49-FREMONT-12,#5E4FA2,-109.34775,43.42663611,5 - 10 Deg. F. / 6 - 12,,5 - 10 Deg. F.,12-Jun,5 - 10 Deg. F. / 6 - 12,5 - 10 / semi-arid,WY.3,#ffb90f,"semi-arid, cold",#5E4FA2,K,NA,NA
ARFR-WY930-44-LASANIMAS-13,black,9,36,4,NA,1918,1,1,0,NA,1,0,NA,1,0,NA,1,1,NA,1,1,N,1,1,NA,NA,NA,NA,NA,NA,NA,NA,NA,ARFR4-SOS-WY930-44-LASANIMAS-13,#FDAE61,-104.6423889,37.16547222,15 - 20 Deg. F. / 3 - 6,,15 - 20 Deg. F.,6-Mar,15 - 20 Deg. F. / 3 - 6,15 - 20 / semi-humid,CO.1,#698b69,"semi-humid, warm",#FDAE61,D,NA,Y
ARFR-WY930-44-LASANIMAS-13,black,9,36,5,346,1919,1,1,0,NA,1,0,NA,1,1,NA,1,0,NA,1,1,N,1,1,NA,NA,NA,NA,NA,NA,NA,NA,NA,ARFR4-SOS-WY930-44-LASANIMAS-13,#FDAE61,-104.6423889,37.16547222,15 - 20 Deg. F. / 3 - 6,,15 - 20 Deg. F.,6-Mar,15 - 20 Deg. F. / 3 - 6,15 - 20 / semi-humid,CO.1,#698b69,"semi-humid, warm",#FDAE61,D,NA,NA
ARFR-WY050-151-FREMONT-16,black,9,36,6,NA,1920,1,1,1,NA,1,1,NA,1,1,NA,1,1,NA,1,1,N,1,1,NA,NA,NA,NA,NA,NA,NA,NA,NA,ARFR4-SOS-WY050-151-FREMONT-16,#3288BD,-108.1704472,42.47886111,10 - 15 Deg. F. / 6 - 12,,10 - 15 Deg. F.,12-Jun,10 - 15 Deg. F. / 6 - 12,10 - 15 / semi-arid,WY.2,#cd8500,"semi-arid, cool",#3288BD,J,NA,NA
ARFR-CO932-314-JEFFERSON-12,black,9,36,7,NA,1921,1,1,0,NA,1,0,NA,1,0,NA,1,1,NA,1,1,N,1,1,NA,NA,NA,NA,NA,NA,NA,NA,NA,ARFR4-SOS-CO932-314-JEFFERSON-12,#FEE08B,-105.3553333,39.40902778,10 - 15 Deg. F. / 3 - 6,,10 - 15 Deg. F.,6-Mar,10 - 15 Deg. F. / 3 - 6,10 - 15 / semi-humid,CO.2,#66e566,"semi-humid, cool",#FEE08B,E,NA,NA
ARFR-CO932-314-JEFFERSON-12,black,9,36,8,NA,1922,1,1,0,NA,1,0,NA,1,0,NA,1,0,NA,1,1,N,1,1,NA,NA,NA,NA,NA,NA,NA,NA,NA,ARFR4-SOS-CO932-314-JEFFERSON-12,#FEE08B,-105.3553333,39.40902778,10 - 15 Deg. F. / 3 - 6,,10 - 15 Deg. F.,6-Mar,10 - 15 Deg. F. / 3 - 6,10 - 15 / semi-humid,CO.2,#66e566,"semi-humid, cool",#FEE08B,E,NA,NA
ARFR-WY930-44-LASANIMAS-13,black,9,36,9,NA,1923,1,1,0,NA,1,0,NA,1,0,NA,1,0,NA,1,1,N,1,1,NA,NA,NA,NA,NA,NA,NA,NA,NA,ARFR4-SOS-WY930-44-LASANIMAS-13,#FDAE61,-104.6423889,37.16547222,15 - 20 Deg. F. / 3 - 6,,15 - 20 Deg. F.,6-Mar,15 - 20 Deg. F. / 3 - 6,15 - 20 / semi-humid,CO.1,#698b69,"semi-humid, warm",#FDAE61,D,NA,NA
ARFR-WY040-71-10,black,9,36,10,347,1924,1,1,0,NA,1,1,NA,1,1,NA,1,1,NA,1,1,N,1,1,NA,NA,NA,NA,NA,NA,NA,NA,NA,ARFR4-SOS-WY040-71-10,#66C2A5,-109.2433156,41.13271889,5 - 10 Deg. F. / 3 - 6,,5 - 10 Deg. F.,6-Mar,5 - 10 Deg. F. / 3 - 6,5 - 10 / semi-humid,WY.1,#a5c2f1,"semi-humid, cold",#66C2A5,I,NA,NA
ARFR-WY930-44-LASANIMAS-13,black,9,36,11,NA,1925,1,1,0,NA,1,1,NA,1,0,NA,1,1,NA,1,1,N,1,1,NA,NA,NA,NA,NA,NA,NA,NA,NA,ARFR4-SOS-WY930-44-LASANIMAS-13,#FDAE61,-104.6423889,37.16547222,15 - 20 Deg. F. / 3 - 6,,15 - 20 Deg. F.,6-Mar,15 - 20 Deg. F. / 3 - 6,15 - 20 / semi-humid,CO.1,#698b69,"semi-humid, warm",#FDAE61,D,NA,NA
ARFR-NM930N-66-11,black,9,36,12,NA,1926,1,1,0,NA,1,1,NA,1,0,NA,1,1,NA,1,1,N,1,1,NA,NA,NA,NA,NA,NA,NA,NA,NA,ARFR4-SOS-NM930N-66-11,#F46D43,-107.2045028,36.76818611,10 - 15 Deg. F. / 3 - 6,,10 - 15 Deg. F.,6-Mar,10 - 15 Deg. F. / 3 - 6,10 - 15 / semi-humid,NM.1,#66e566,"semi-humid, cool",#F46D43,C,NA,NA
ARFR-WY930-44-LASANIMAS-13,black,9,36,13,NA,1927,1,1,0,NA,1,0,NA,1,0,NA,1,1,NA,1,1,N,1,1,NA,NA,NA,NA,NA,NA,NA,NA,NA,ARFR4-SOS-WY930-44-LASANIMAS-13,#FDAE61,-104.6423889,37.16547222,15 - 20 Deg. F. / 3 - 6,,15 - 20 Deg. F.,6-Mar,15 - 20 Deg. F. / 3 - 6,15 - 20 / semi-humid,CO.1,#698b69,"semi-humid, warm",#FDAE61,D,NA,NA
ARFR-WY050-151-FREMONT-16,black,9,36,14,NA,1928,1,1,0,NA,1,1,NA,1,1,NA,1,1,NA,1,1,N,1,1,NA,NA,NA,NA,NA,NA,NA,NA,NA,ARFR4-SOS-WY050-151-FREMONT-16,#3288BD,-108.1704472,42.47886111,10 - 15 Deg. F. / 6 - 12,,10 - 15 Deg. F.,12-Jun,10 - 15 Deg. F. / 6 - 12,10 - 15 / semi-arid,WY.2,#cd8500,"semi-arid, cool",#3288BD,J,NA,NA
ARFR-WY050-151-FREMONT-16,black,9,36,15,348,1929,1,1,0,NA,1,1,NA,1,0,NA,1,1,NA,1,1,N,1,1,NA,NA,NA,NA,NA,NA,NA,NA,NA,ARFR4-SOS-WY050-151-FREMONT-16,#3288BD,-108.1704472,42.47886111,10 - 15 Deg. F. / 6 - 12,,10 - 15 Deg. F.,12-Jun,10 - 15 Deg. F. / 6 - 12,10 - 15 / semi-arid,WY.2,#cd8500,"semi-arid, cool",#3288BD,J,NA,Y
ARFR-WY050-49-FREMONT-12,black,9,36,16,NA,1930,1,1,0,NA,1,1,NA,1,1,NA,1,1,NA,1,1,N,1,1,NA,NA,NA,NA,NA,NA,NA,NA,NA,ARFR4-SOS-WY050-49-FREMONT-12,#5E4FA2,-109.34775,43.42663611,5 - 10 Deg. F. / 6 - 12,,5 - 10 Deg. F.,12-Jun,5 - 10 Deg. F. / 6 - 12,5 - 10 / semi-arid,WY.3,#ffb90f,"semi-arid, cold",#5E4FA2,K,NA,NA
ARFR-CO932-294-11,black,9,36,17,NA,1931,1,1,0,NA,1,1,NA,1,1,NA,1,1,NA,1,1,N,1,1,NA,NA,NA,NA,NA,NA,NA,NA,NA,ARFR4-SOS-CO932-294-11,#ABDDA4,-105.2030833,39.78458333,15 - 20 Deg. F. / 3 - 6,,15 - 20 Deg. F.,6-Mar,15 - 20 Deg. F. / 3 - 6,15 - 20 / semi-humid,CO.4,#698b69,"semi-humid, warm",#ABDDA4,H,NA,NA
ARFR-WY040-71-10,black,9,36,18,NA,1932,1,1,0,NA,1,1,NA,1,1,NA,1,1,NA,1,1,N,1,1,NA,NA,NA,NA,NA,NA,NA,NA,NA,ARFR4-SOS-WY040-71-10,#66C2A5,-109.2433156,41.13271889,5 - 10 Deg. F. / 3 - 6,,5 - 10 Deg. F.,6-Mar,5 - 10 Deg. F. / 3 - 6,5 - 10 / semi-humid,WY.1,#a5c2f1,"semi-humid, cold",#66C2A5,I,NA,NA
ARFR-CO932-294-11,black,9,36,19,NA,1933,1,1,0,NA,1,0,NA,1,0,NA,1,0,NA,1,1,N,1,1,NA,NA,NA,NA,NA,NA,NA,NA,NA,ARFR4-SOS-CO932-294-11,#ABDDA4,-105.2030833,39.78458333,15 - 20 Deg. F. / 3 - 6,,15 - 20 Deg. F.,6-Mar,15 - 20 Deg. F. / 3 - 6,15 - 20 / semi-humid,CO.4,#698b69,"semi-humid, warm",#ABDDA4,H,NA,NA
ARFR-UT080-109-UINTAH-12,black,9,36,20,349,1934,1,1,0,NA,1,0,NA,1,0,NA,1,1,NA,1,1,N,1,1,NA,NA,NA,NA,NA,NA,NA,NA,NA,ARFR4-SOS-UT080-109-UINTAH-12,#aabe7f,-109.1426444,39.70802222,10 - 15 Deg. F. / 3 - 6,,10 - 15 Deg. F.,6-Mar,10 - 15 Deg. F. / 3 - 6,10 - 15 / semi-humid,UT.1,#66e566,"semi-humid, cool",#aabe7f,G,NA,NA
ARFR-NM930N-66-11,black,9,36,21,NA,1935,1,1,0,NA,1,0,NA,1,1,NA,1,1,NA,1,1,N,1,1,NA,NA,NA,NA,NA,NA,NA,NA,NA,ARFR4-SOS-NM930N-66-11,#F46D43,-107.2045028,36.76818611,10 - 15 Deg. F. / 3 - 6,,10 - 15 Deg. F.,6-Mar,10 - 15 Deg. F. / 3 - 6,10 - 15 / semi-humid,NM.1,#66e566,"semi-humid, cool",#F46D43,C,NA,NA
ARFR-WY050-151-FREMONT-16,black,9,36,22,NA,1936,1,1,0,NA,1,0,NA,1,1,NA,1,1,NA,1,1,N,1,1,NA,NA,NA,NA,NA,NA,NA,NA,NA,ARFR4-SOS-WY050-151-FREMONT-16,#3288BD,-108.1704472,42.47886111,10 - 15 Deg. F. / 6 - 12,,10 - 15 Deg. F.,12-Jun,10 - 15 Deg. F. / 6 - 12,10 - 15 / semi-arid,WY.2,#cd8500,"semi-arid, cool",#3288BD,J,NA,NA
ARFR-WY040-71-10,black,9,36,23,NA,1937,1,1,0,NA,1,1,NA,1,1,NA,1,1,NA,1,1,N,1,1,NA,NA,NA,NA,NA,NA,NA,NA,NA,ARFR4-SOS-WY040-71-10,#66C2A5,-109.2433156,41.13271889,5 - 10 Deg. F. / 3 - 6,,5 - 10 Deg. F.,6-Mar,5 - 10 Deg. F. / 3 - 6,5 - 10 / semi-humid,WY.1,#a5c2f1,"semi-humid, cold",#66C2A5,I,NA,NA
ARFR-UT080-109-UINTAH-12,black,9,36,24,NA,1938,1,1,0,NA,1,1,NA,1,1,NA,1,1,NA,1,1,N,1,1,NA,NA,NA,NA,NA,NA,NA,NA,NA,ARFR4-SOS-UT080-109-UINTAH-12,#aabe7f,-109.1426444,39.70802222,10 - 15 Deg. F. / 3 - 6,,10 - 15 Deg. F.,6-Mar,10 - 15 Deg. F. / 3 - 6,10 - 15 / semi-humid,UT.1,#66e566,"semi-humid, cool",#aabe7f,G,NA,NA
ARFR-AZ930-423-NAVAJO-18,black,9,36,25,350,1939,1,1,0,NA,1,1,NA,1,1,NA,1,1,NA,1,1,N,1,1,NA,NA,NA,NA,NA,NA,NA,NA,NA,ARFR4-SOS-AZ930-423-NAVAJO-18,#9E0142,-110.431,36.45877,15 - 20 Deg. F. / 6 - 12,SdZones downloaded 20230823,15 - 20 Deg. F.,12-Jun,15 - 20 Deg. F. / 6 - 12,15 - 20 / semi-arid,AZ.1,#ee5c42,"semi-arid, warm",#9E0142,A,NA,NA
ARFR-CO932-316-JEFFERSON-12,black,9,36,26,NA,1940,1,1,0,NA,1,1,NA,1,0,NA,1,0,NA,1,1,N,1,1,NA,NA,NA,NA,NA,NA,NA,NA,NA,ARFR4-SOS-CO932-316-JEFFERSON-12,#FFFF85,-105.358,39.66325,15 - 20 Deg. F. / 3 - 6,,15 - 20 Deg. F.,6-Mar,15 - 20 Deg. F. / 3 - 6,15 - 20 / semi-humid,CO.3,#698b69,"semi-humid, warm",#FFFF85,F,NA,NA
ARFR-WY050-151-FREMONT-16,black,9,36,27,NA,1941,1,1,0,NA,1,0,NA,1,0,NA,1,1,NA,1,1,N,1,1,NA,NA,NA,NA,NA,NA,NA,NA,NA,ARFR4-SOS-WY050-151-FREMONT-16,#3288BD,-108.1704472,42.47886111,10 - 15 Deg. F. / 6 - 12,,10 - 15 Deg. F.,12-Jun,10 - 15 Deg. F. / 6 - 12,10 - 15 / semi-arid,WY.2,#cd8500,"semi-arid, cool",#3288BD,J,NA,NA
ARFR-WY040-71-10,black,9,36,28,NA,1942,1,1,0,NA,1,0,NA,1,0,NA,1,0,NA,1,1,N,1,1,NA,NA,NA,NA,NA,NA,NA,NA,NA,ARFR4-SOS-WY040-71-10,#66C2A5,-109.2433156,41.13271889,5 - 10 Deg. F. / 3 - 6,,5 - 10 Deg. F.,6-Mar,5 - 10 Deg. F. / 3 - 6,5 - 10 / semi-humid,WY.1,#a5c2f1,"semi-humid, cold",#66C2A5,I,NA,NA
ARFR-CO932-314-JEFFERSON-12,black,9,36,29,NA,1943,1,1,0,NA,1,0,NA,1,1,NA,1,1,NA,1,1,N,1,1,NA,NA,NA,NA,NA,NA,NA,NA,NA,ARFR4-SOS-CO932-314-JEFFERSON-12,#FEE08B,-105.3553333,39.40902778,10 - 15 Deg. F. / 3 - 6,,10 - 15 Deg. F.,6-Mar,10 - 15 Deg. F. / 3 - 6,10 - 15 / semi-humid,CO.2,#66e566,"semi-humid, cool",#FEE08B,E,NA,Y
ARFR-CO932-316-JEFFERSON-12,black,9,36,30,351,1944,1,1,0,NA,1,1,NA,1,1,NA,1,1,NA,1,1,N,1,1,NA,NA,NA,NA,NA,NA,NA,NA,NA,ARFR4-SOS-CO932-316-JEFFERSON-12,#FFFF85,-105.358,39.66325,15 - 20 Deg. F. / 3 - 6,,15 - 20 Deg. F.,6-Mar,15 - 20 Deg. F. / 3 - 6,15 - 20 / semi-humid,CO.3,#698b69,"semi-humid, warm",#FFFF85,F,NA,NA
ARFR-WY050-49-FREMONT-12,black,9,36,31,NA,1945,1,1,0,NA,1,1,NA,1,1,NA,1,1,NA,1,1,N,1,1,NA,NA,NA,NA,NA,NA,NA,NA,NA,ARFR4-SOS-WY050-49-FREMONT-12,#5E4FA2,-109.34775,43.42663611,5 - 10 Deg. F. / 6 - 12,,5 - 10 Deg. F.,12-Jun,5 - 10 Deg. F. / 6 - 12,5 - 10 / semi-arid,WY.3,#ffb90f,"semi-arid, cold",#5E4FA2,K,NA,NA
ARFR-UT080-109-UINTAH-12,black,9,36,32,NA,1946,1,1,0,NA,1,1,NA,1,1,NA,1,1,NA,1,1,N,1,1,NA,NA,NA,NA,NA,NA,NA,NA,NA,ARFR4-SOS-UT080-109-UINTAH-12,#aabe7f,-109.1426444,39.70802222,10 - 15 Deg. F. / 3 - 6,,10 - 15 Deg. F.,6-Mar,10 - 15 Deg. F. / 3 - 6,10 - 15 / semi-humid,UT.1,#66e566,"semi-humid, cool",#aabe7f,G,NA,NA
ARFR-WY050-151-FREMONT-16,black,9,36,33,NA,1947,1,1,0,NA,1,0,NA,1,0,NA,1,1,NA,1,1,N,1,1,NA,NA,NA,NA,NA,NA,NA,NA,NA,ARFR4-SOS-WY050-151-FREMONT-16,#3288BD,-108.1704472,42.47886111,10 - 15 Deg. F. / 6 - 12,,10 - 15 Deg. F.,12-Jun,10 - 15 Deg. F. / 6 - 12,10 - 15 / semi-arid,WY.2,#cd8500,"semi-arid, cool",#3288BD,J,NA,NA
ARFR-AZ930-422-NAVAJO-18,black,9,36,34,NA,1948,1,1,0,NA,1,1,NA,1,1,NA,1,1,NA,1,1,N,1,1,NA,NA,NA,NA,NA,NA,NA,NA,NA,ARFR4-SOS-AZ930-422-NAVAJO-18,#D53E4F,-110.431,36.56805,15 - 20 Deg. F. / 6 - 12,Lats corrected 20230127,15 - 20 Deg. F.,12-Jun,15 - 20 Deg. F. / 6 - 12,15 - 20 / semi-arid,AZ.2,#ee5c42,"semi-arid, warm",#D53E4F,B,NA,NA
ARFR-CO932-314-JEFFERSON-12,black,9,36,35,352,1949,1,1,0,NA,1,1,NA,1,1,NA,1,1,NA,1,1,N,1,1,NA,NA,NA,NA,NA,NA,NA,NA,NA,ARFR4-SOS-CO932-314-JEFFERSON-12,#FEE08B,-105.3553333,39.40902778,10 - 15 Deg. F. / 3 - 6,,10 - 15 Deg. F.,6-Mar,10 - 15 Deg. F. / 3 - 6,10 - 15 / semi-humid,CO.2,#66e566,"semi-humid, cool",#FEE08B,E,NA,NA
ARFR-WY050-49-FREMONT-12,black,9,36,36,NA,1950,1,1,0,NA,1,1,NA,1,1,NA,1,1,NA,1,1,N,1,1,NA,NA,NA,NA,NA,NA,NA,NA,NA,ARFR4-SOS-WY050-49-FREMONT-12,#5E4FA2,-109.34775,43.42663611,5 - 10 Deg. F. / 6 - 12,,5 - 10 Deg. F.,12-Jun,5 - 10 Deg. F. / 6 - 12,5 - 10 / semi-arid,WY.3,#ffb90f,"semi-arid, cold",#5E4FA2,K,NA,Y
ARFR-WY050-49-FREMONT-12,black,9,36,37,NA,1951,1,0,NA,NA,0,NA,NA,0,NA,NA,0,NA,NA,0,NA,N,0,NA,NA,NA,NA,NA,NA,NA,NA,NA,NA,ARFR4-SOS-WY050-49-FREMONT-12,#5E4FA2,-109.34775,43.42663611,5 - 10 Deg. F. / 6 - 12,,5 - 10 Deg. F.,12-Jun,5 - 10 Deg. F. / 6 - 12,5 - 10 / semi-arid,WY.3,#ffb90f,"semi-arid, cold",#5E4FA2,K,NA,NA
ARFR-AZ930-422-NAVAJO-18,black,9,36,38,NA,1952,1,1,0,NA,1,1,NA,1,1,NA,1,1,NA,1,1,N,1,1,NA,NA,NA,NA,NA,NA,NA,NA,NA,ARFR4-SOS-AZ930-422-NAVAJO-18,#D53E4F,-110.431,36.56805,15 - 20 Deg. F. / 6 - 12,Lats corrected 20230127,15 - 20 Deg. F.,12-Jun,15 - 20 Deg. F. / 6 - 12,15 - 20 / semi-arid,AZ.2,#ee5c42,"semi-arid, warm",#D53E4F,B,NA,NA
ARFR-WY050-49-FREMONT-12,black,9,36,39,NA,1953,1,1,0,NA,1,1,NA,1,0,NA,1,0,NA,1,1,N,1,1,NA,NA,NA,NA,NA,NA,NA,NA,NA,ARFR4-SOS-WY050-49-FREMONT-12,#5E4FA2,-109.34775,43.42663611,5 - 10 Deg. F. / 6 - 12,,5 - 10 Deg. F.,12-Jun,5 - 10 Deg. F. / 6 - 12,5 - 10 / semi-arid,WY.3,#ffb90f,"semi-arid, cold",#5E4FA2,K,NA,NA
ARFR-WY050-49-FREMONT-12,black,9,36,40,353,1954,1,1,0,NA,1,0,NA,1,0,NA,1,1,NA,1,1,N,1,1,NA,NA,NA,NA,NA,NA,NA,NA,NA,ARFR4-SOS-WY050-49-FREMONT-12,#5E4FA2,-109.34775,43.42663611,5 - 10 Deg. F. / 6 - 12,,5 - 10 Deg. F.,12-Jun,5 - 10 Deg. F. / 6 - 12,5 - 10 / semi-arid,WY.3,#ffb90f,"semi-arid, cold",#5E4FA2,K,NA,NA
ARFR-CO932-316-JEFFERSON-12,black,9,36,41,NA,1955,1,1,0,NA,1,0,NA,1,1,NA,1,1,NA,1,1,N,1,1,NA,NA,NA,NA,NA,NA,NA,NA,NA,ARFR4-SOS-CO932-316-JEFFERSON-12,#FFFF85,-105.358,39.66325,15 - 20 Deg. F. / 3 - 6,,15 - 20 Deg. F.,6-Mar,15 - 20 Deg. F. / 3 - 6,15 - 20 / semi-humid,CO.3,#698b69,"semi-humid, warm",#FFFF85,F,NA,NA
ARFR-WY930-44-LASANIMAS-13,black,9,36,42,NA,1956,1,1,0,NA,1,0,NA,1,0,NA,1,1,NA,1,1,N,1,1,NA,NA,NA,NA,NA,NA,NA,NA,NA,ARFR4-SOS-WY930-44-LASANIMAS-13,#FDAE61,-104.6423889,37.16547222,15 - 20 Deg. F. / 3 - 6,,15 - 20 Deg. F.,6-Mar,15 - 20 Deg. F. / 3 - 6,15 - 20 / semi-humid,CO.1,#698b69,"semi-humid, warm",#FDAE61,D,NA,NA
ARFR-WY930-44-LASANIMAS-13,black,9,36,43,NA,1957,1,1,0,NA,1,0,NA,1,0,NA,1,1,NA,1,1,N,1,1,NA,NA,NA,NA,NA,NA,NA,NA,NA,ARFR4-SOS-WY930-44-LASANIMAS-13,#FDAE61,-104.6423889,37.16547222,15 - 20 Deg. F. / 3 - 6,,15 - 20 Deg. F.,6-Mar,15 - 20 Deg. F. / 3 - 6,15 - 20 / semi-humid,CO.1,#698b69,"semi-humid, warm",#FDAE61,D,NA,NA
ARFR-WY050-151-FREMONT-16,black,9,36,44,NA,1958,1,1,0,NA,1,0,NA,1,0,NA,1,1,NA,1,1,Y,1,1,NA,NA,NA,NA,NA,NA,NA,NA,NA,ARFR4-SOS-WY050-151-FREMONT-16,#3288BD,-108.1704472,42.47886111,10 - 15 Deg. F. / 6 - 12,,10 - 15 Deg. F.,12-Jun,10 - 15 Deg. F. / 6 - 12,10 - 15 / semi-arid,WY.2,#cd8500,"semi-arid, cool",#3288BD,J,NA,NA
ARFR-CO932-294-11,black,9,36,45,354,1959,1,1,0,NA,1,0,NA,1,0,NA,1,0,NA,1,1,N,1,1,NA,NA,NA,NA,NA,NA,NA,NA,NA,ARFR4-SOS-CO932-294-11,#ABDDA4,-105.2030833,39.78458333,15 - 20 Deg. F. / 3 - 6,,15 - 20 Deg. F.,6-Mar,15 - 20 Deg. F. / 3 - 6,15 - 20 / semi-humid,CO.4,#698b69,"semi-humid, warm",#ABDDA4,H,NA,NA
ARFR-CO932-316-JEFFERSON-12,black,9,36,46,NA,1960,1,1,0,NA,1,0,NA,1,1,NA,1,1,NA,1,1,N,1,1,NA,NA,NA,NA,NA,NA,NA,NA,NA,ARFR4-SOS-CO932-316-JEFFERSON-12,#FFFF85,-105.358,39.66325,15 - 20 Deg. F. / 3 - 6,,15 - 20 Deg. F.,6-Mar,15 - 20 Deg. F. / 3 - 6,15 - 20 / semi-humid,CO.3,#698b69,"semi-humid, warm",#FFFF85,F,NA,NA
ARFR-NM930N-66-11,black,9,36,47,NA,1961,1,1,0,NA,1,1,NA,1,1,NA,1,1,NA,1,1,N,1,1,NA,NA,NA,NA,NA,NA,NA,NA,NA,ARFR4-SOS-NM930N-66-11,#F46D43,-107.2045028,36.76818611,10 - 15 Deg. F. / 3 - 6,,10 - 15 Deg. F.,6-Mar,10 - 15 Deg. F. / 3 - 6,10 - 15 / semi-humid,NM.1,#66e566,"semi-humid, cool",#F46D43,C,NA,NA
ARFR-WY930-44-LASANIMAS-13,black,9,36,48,NA,1962,1,1,0,NA,1,1,NA,1,0,NA,1,0,NA,1,1,N,1,1,NA,NA,NA,NA,NA,NA,NA,NA,NA,ARFR4-SOS-WY930-44-LASANIMAS-13,#FDAE61,-104.6423889,37.16547222,15 - 20 Deg. F. / 3 - 6,,15 - 20 Deg. F.,6-Mar,15 - 20 Deg. F. / 3 - 6,15 - 20 / semi-humid,CO.1,#698b69,"semi-humid, warm",#FDAE61,D,NA,NA
ARFR-CO932-294-11,black,9,36,49,NA,1963,1,1,0,NA,1,0,NA,1,0,NA,1,0,NA,1,1,N,1,1,NA,NA,NA,NA,NA,NA,NA,NA,NA,ARFR4-SOS-CO932-294-11,#ABDDA4,-105.2030833,39.78458333,15 - 20 Deg. F. / 3 - 6,,15 - 20 Deg. F.,6-Mar,15 - 20 Deg. F. / 3 - 6,15 - 20 / semi-humid,CO.4,#698b69,"semi-humid, warm",#ABDDA4,H,NA,NA
ARFR-WY050-151-FREMONT-16,black,9,36,50,355,1964,1,1,0,NA,1,0,NA,1,0,NA,1,1,NA,1,1,N,1,1,NA,NA,NA,NA,NA,NA,NA,NA,NA,ARFR4-SOS-WY050-151-FREMONT-16,#3288BD,-108.1704472,42.47886111,10 - 15 Deg. F. / 6 - 12,,10 - 15 Deg. F.,12-Jun,10 - 15 Deg. F. / 6 - 12,10 - 15 / semi-arid,WY.2,#cd8500,"semi-arid, cool",#3288BD,J,NA,NA
ARFR-AZ930-423-NAVAJO-18,black,9,36,51,NA,1965,1,1,0,NA,1,0,NA,1,0,NA,1,1,NA,1,1,N,1,1,NA,NA,NA,NA,NA,NA,NA,NA,NA,ARFR4-SOS-AZ930-423-NAVAJO-18,#9E0142,-110.431,36.45877,15 - 20 Deg. F. / 6 - 12,SdZones downloaded 20230823,15 - 20 Deg. F.,12-Jun,15 - 20 Deg. F. / 6 - 12,15 - 20 / semi-arid,AZ.1,#ee5c42,"semi-arid, warm",#9E0142,A,NA,NA
ARFR-CO932-314-JEFFERSON-12,black,9,36,52,NA,1966,1,1,0,NA,1,1,NA,1,0,NA,1,1,NA,1,1,Y,1,1,NA,NA,NA,NA,NA,NA,NA,NA,NA,ARFR4-SOS-CO932-314-JEFFERSON-12,#FEE08B,-105.3553333,39.40902778,10 - 15 Deg. F. / 3 - 6,,10 - 15 Deg. F.,6-Mar,10 - 15 Deg. F. / 3 - 6,10 - 15 / semi-humid,CO.2,#66e566,"semi-humid, cool",#FEE08B,E,NA,NA
ARFR-AZ930-422-NAVAJO-18,black,9,36,53,NA,1967,1,1,0,NA,1,0,NA,1,0,NA,1,1,NA,1,1,N,1,1,NA,NA,NA,NA,NA,NA,NA,NA,NA,ARFR4-SOS-AZ930-422-NAVAJO-18,#D53E4F,-110.431,36.56805,15 - 20 Deg. F. / 6 - 12,Lats corrected 20230127,15 - 20 Deg. F.,12-Jun,15 - 20 Deg. F. / 6 - 12,15 - 20 / semi-arid,AZ.2,#ee5c42,"semi-arid, warm",#D53E4F,B,NA,NA
ARFR-UT080-109-UINTAH-12,white,10,37,1,357,1968,1,1,0,NA,1,0,NA,1,1,NA,1,1,NA,1,1,N,1,1,NA,NA,NA,NA,NA,NA,NA,NA,NA,ARFR4-SOS-UT080-109-UINTAH-12,#aabe7f,-109.1426444,39.70802222,10 - 15 Deg. F. / 3 - 6,,10 - 15 Deg. F.,6-Mar,10 - 15 Deg. F. / 3 - 6,10 - 15 / semi-humid,UT.1,#66e566,"semi-humid, cool",#aabe7f,G,NA,NA
ARFR-NM930N-66-11,white,10,37,2,NA,1969,1,1,1,NA,1,1,NA,1,1,NA,1,1,NA,1,1,N,1,1,NA,NA,NA,NA,NA,NA,NA,NA,NA,ARFR4-SOS-NM930N-66-11,#F46D43,-107.2045028,36.76818611,10 - 15 Deg. F. / 3 - 6,,10 - 15 Deg. F.,6-Mar,10 - 15 Deg. F. / 3 - 6,10 - 15 / semi-humid,NM.1,#66e566,"semi-humid, cool",#F46D43,C,NA,NA
ARFR-WY050-49-FREMONT-12,white,10,37,3,NA,1970,1,1,0,NA,1,1,NA,1,1,NA,1,1,NA,1,1,N,1,1,NA,NA,NA,NA,NA,NA,NA,NA,NA,ARFR4-SOS-WY050-49-FREMONT-12,#5E4FA2,-109.34775,43.42663611,5 - 10 Deg. F. / 6 - 12,,5 - 10 Deg. F.,12-Jun,5 - 10 Deg. F. / 6 - 12,5 - 10 / semi-arid,WY.3,#ffb90f,"semi-arid, cold",#5E4FA2,K,NA,NA
ARFR-CO932-314-JEFFERSON-12,white,10,37,4,NA,1971,1,1,0,NA,1,0,NA,1,0,NA,1,0,NA,1,0,N,1,0,NA,NA,NA,NA,NA,NA,NA,NA,NA,ARFR4-SOS-CO932-314-JEFFERSON-12,#FEE08B,-105.3553333,39.40902778,10 - 15 Deg. F. / 3 - 6,,10 - 15 Deg. F.,6-Mar,10 - 15 Deg. F. / 3 - 6,10 - 15 / semi-humid,CO.2,#66e566,"semi-humid, cool",#FEE08B,E,NA,NA
ARFR-CO932-294-11,white,10,37,5,358,1972,1,1,0,NA,1,0,NA,1,0,NA,1,0,NA,1,1,N,1,1,NA,NA,NA,NA,NA,NA,NA,NA,NA,ARFR4-SOS-CO932-294-11,#ABDDA4,-105.2030833,39.78458333,15 - 20 Deg. F. / 3 - 6,,15 - 20 Deg. F.,6-Mar,15 - 20 Deg. F. / 3 - 6,15 - 20 / semi-humid,CO.4,#698b69,"semi-humid, warm",#ABDDA4,H,NA,NA
ARFR-WY930-44-LASANIMAS-13,white,10,37,6,NA,1973,1,1,0,NA,1,0,NA,1,0,NA,1,0,NA,1,1,N,1,1,NA,NA,NA,NA,NA,NA,NA,NA,NA,ARFR4-SOS-WY930-44-LASANIMAS-13,#FDAE61,-104.6423889,37.16547222,15 - 20 Deg. F. / 3 - 6,,15 - 20 Deg. F.,6-Mar,15 - 20 Deg. F. / 3 - 6,15 - 20 / semi-humid,CO.1,#698b69,"semi-humid, warm",#FDAE61,D,NA,Y
ARFR-CO932-316-JEFFERSON-12,white,10,37,7,NA,1974,1,1,1,NA,1,1,NA,1,1,NA,1,1,NA,1,1,N,1,1,NA,NA,NA,NA,NA,NA,NA,NA,NA,ARFR4-SOS-CO932-316-JEFFERSON-12,#FFFF85,-105.358,39.66325,15 - 20 Deg. F. / 3 - 6,,15 - 20 Deg. F.,6-Mar,15 - 20 Deg. F. / 3 - 6,15 - 20 / semi-humid,CO.3,#698b69,"semi-humid, warm",#FFFF85,F,NA,NA
ARFR-UT080-109-UINTAH-12,white,10,37,8,NA,1975,1,1,0,NA,1,0,NA,1,0,NA,1,1,NA,1,1,N,1,1,NA,NA,NA,NA,NA,NA,NA,NA,NA,ARFR4-SOS-UT080-109-UINTAH-12,#aabe7f,-109.1426444,39.70802222,10 - 15 Deg. F. / 3 - 6,,10 - 15 Deg. F.,6-Mar,10 - 15 Deg. F. / 3 - 6,10 - 15 / semi-humid,UT.1,#66e566,"semi-humid, cool",#aabe7f,G,NA,NA
ARFR-WY040-71-10,white,10,37,9,NA,1976,1,1,0,NA,1,1,NA,1,1,NA,1,1,NA,1,1,N,1,1,NA,NA,NA,NA,NA,NA,NA,NA,NA,ARFR4-SOS-WY040-71-10,#66C2A5,-109.2433156,41.13271889,5 - 10 Deg. F. / 3 - 6,,5 - 10 Deg. F.,6-Mar,5 - 10 Deg. F. / 3 - 6,5 - 10 / semi-humid,WY.1,#a5c2f1,"semi-humid, cold",#66C2A5,I,NA,NA
ARFR-AZ930-422-NAVAJO-18,white,10,37,10,359,1977,0,0,NA,NA,0,NA,NA,0,NA,NA,0,NA,NA,0,NA,N,0,NA,NA,NA,NA,NA,NA,NA,NA,NA,NA,ARFR4-SOS-AZ930-422-NAVAJO-18,#D53E4F,-110.431,36.56805,15 - 20 Deg. F. / 6 - 12,Lats corrected 20230127,15 - 20 Deg. F.,12-Jun,15 - 20 Deg. F. / 6 - 12,15 - 20 / semi-arid,AZ.2,#ee5c42,"semi-arid, warm",#D53E4F,B,NA,NA
ARFR-AZ930-423-NAVAJO-18,white,10,37,11,NA,1978,1,1,0,NA,1,1,NA,1,0,NA,1,1,NA,1,1,Y,1,1,NA,NA,NA,NA,NA,NA,NA,NA,NA,ARFR4-SOS-AZ930-423-NAVAJO-18,#9E0142,-110.431,36.45877,15 - 20 Deg. F. / 6 - 12,SdZones downloaded 20230823,15 - 20 Deg. F.,12-Jun,15 - 20 Deg. F. / 6 - 12,15 - 20 / semi-arid,AZ.1,#ee5c42,"semi-arid, warm",#9E0142,A,NA,NA
ARFR-CO932-316-JEFFERSON-12,white,10,37,12,NA,1979,1,1,0,NA,1,1,NA,1,0,NA,1,0,NA,1,1,N,1,1,NA,NA,NA,NA,NA,NA,NA,NA,NA,ARFR4-SOS-CO932-316-JEFFERSON-12,#FFFF85,-105.358,39.66325,15 - 20 Deg. F. / 3 - 6,,15 - 20 Deg. F.,6-Mar,15 - 20 Deg. F. / 3 - 6,15 - 20 / semi-humid,CO.3,#698b69,"semi-humid, warm",#FFFF85,F,NA,NA
ARFR-AZ930-422-NAVAJO-18,white,10,37,13,NA,1980,1,1,0,NA,1,0,NA,1,0,NA,1,0,NA,1,1,N,1,1,NA,NA,NA,NA,NA,NA,NA,NA,NA,ARFR4-SOS-AZ930-422-NAVAJO-18,#D53E4F,-110.431,36.56805,15 - 20 Deg. F. / 6 - 12,Lats corrected 20230127,15 - 20 Deg. F.,12-Jun,15 - 20 Deg. F. / 6 - 12,15 - 20 / semi-arid,AZ.2,#ee5c42,"semi-arid, warm",#D53E4F,B,NA,NA
ARFR-WY040-71-10,white,10,37,14,NA,1981,1,1,0,NA,1,0,NA,1,0,NA,1,0,NA,1,1,N,1,1,NA,NA,NA,NA,NA,NA,NA,NA,NA,ARFR4-SOS-WY040-71-10,#66C2A5,-109.2433156,41.13271889,5 - 10 Deg. F. / 3 - 6,,5 - 10 Deg. F.,6-Mar,5 - 10 Deg. F. / 3 - 6,5 - 10 / semi-humid,WY.1,#a5c2f1,"semi-humid, cold",#66C2A5,I,NA,NA
ARFR-NM930N-66-11,white,10,37,15,360,1982,1,1,0,NA,1,0,NA,1,0,NA,1,1,NA,1,1,N,1,1,NA,NA,NA,NA,NA,NA,NA,NA,NA,ARFR4-SOS-NM930N-66-11,#F46D43,-107.2045028,36.76818611,10 - 15 Deg. F. / 3 - 6,,10 - 15 Deg. F.,6-Mar,10 - 15 Deg. F. / 3 - 6,10 - 15 / semi-humid,NM.1,#66e566,"semi-humid, cool",#F46D43,C,NA,NA
ARFR-NM930N-66-11,white,10,37,16,NA,1983,1,1,0,NA,1,0,NA,1,0,NA,1,1,NA,1,1,N,1,1,NA,NA,NA,NA,NA,NA,NA,NA,NA,ARFR4-SOS-NM930N-66-11,#F46D43,-107.2045028,36.76818611,10 - 15 Deg. F. / 3 - 6,,10 - 15 Deg. F.,6-Mar,10 - 15 Deg. F. / 3 - 6,10 - 15 / semi-humid,NM.1,#66e566,"semi-humid, cool",#F46D43,C,NA,NA
ARFR-UT080-109-UINTAH-12,white,10,37,17,NA,1984,1,1,0,NA,1,0,NA,1,0,NA,1,1,NA,1,1,N,1,1,NA,NA,NA,NA,NA,NA,NA,NA,NA,ARFR4-SOS-UT080-109-UINTAH-12,#aabe7f,-109.1426444,39.70802222,10 - 15 Deg. F. / 3 - 6,,10 - 15 Deg. F.,6-Mar,10 - 15 Deg. F. / 3 - 6,10 - 15 / semi-humid,UT.1,#66e566,"semi-humid, cool",#aabe7f,G,NA,NA
ARFR-CO932-314-JEFFERSON-12,white,10,37,18,NA,1985,1,1,0,NA,1,0,NA,1,0,NA,1,1,NA,1,1,N,1,1,NA,NA,NA,NA,NA,NA,NA,NA,NA,ARFR4-SOS-CO932-314-JEFFERSON-12,#FEE08B,-105.3553333,39.40902778,10 - 15 Deg. F. / 3 - 6,,10 - 15 Deg. F.,6-Mar,10 - 15 Deg. F. / 3 - 6,10 - 15 / semi-humid,CO.2,#66e566,"semi-humid, cool",#FEE08B,E,NA,NA
ARFR-CO932-316-JEFFERSON-12,white,10,37,19,NA,1986,1,1,0,NA,1,0,NA,1,0,NA,1,1,NA,1,1,N,1,1,NA,NA,NA,NA,NA,NA,NA,NA,NA,ARFR4-SOS-CO932-316-JEFFERSON-12,#FFFF85,-105.358,39.66325,15 - 20 Deg. F. / 3 - 6,,15 - 20 Deg. F.,6-Mar,15 - 20 Deg. F. / 3 - 6,15 - 20 / semi-humid,CO.3,#698b69,"semi-humid, warm",#FFFF85,F,NA,NA
ARFR-CO932-294-11,white,10,37,20,361,1987,1,1,0,NA,1,0,NA,1,0,NA,1,0,NA,1,1,N,1,1,NA,NA,NA,NA,NA,NA,NA,NA,NA,ARFR4-SOS-CO932-294-11,#ABDDA4,-105.2030833,39.78458333,15 - 20 Deg. F. / 3 - 6,,15 - 20 Deg. F.,6-Mar,15 - 20 Deg. F. / 3 - 6,15 - 20 / semi-humid,CO.4,#698b69,"semi-humid, warm",#ABDDA4,H,NA,NA
ARFR-WY050-49-FREMONT-12,white,10,37,21,NA,1988,1,1,0,NA,1,0,NA,1,0,NA,1,0,NA,1,1,N,1,1,NA,NA,NA,NA,NA,NA,NA,NA,NA,ARFR4-SOS-WY050-49-FREMONT-12,#5E4FA2,-109.34775,43.42663611,5 - 10 Deg. F. / 6 - 12,,5 - 10 Deg. F.,12-Jun,5 - 10 Deg. F. / 6 - 12,5 - 10 / semi-arid,WY.3,#ffb90f,"semi-arid, cold",#5E4FA2,K,NA,NA
ARFR-AZ930-422-NAVAJO-18,white,10,37,22,NA,1989,1,1,1,NA,1,1,NA,1,1,NA,1,1,NA,1,1,N,1,1,NA,NA,NA,NA,NA,NA,NA,NA,NA,ARFR4-SOS-AZ930-422-NAVAJO-18,#D53E4F,-110.431,36.56805,15 - 20 Deg. F. / 6 - 12,Lats corrected 20230127,15 - 20 Deg. F.,12-Jun,15 - 20 Deg. F. / 6 - 12,15 - 20 / semi-arid,AZ.2,#ee5c42,"semi-arid, warm",#D53E4F,B,NA,NA
ARFR-CO932-314-JEFFERSON-12,white,10,37,23,NA,1990,1,1,0,NA,1,0,NA,1,0,NA,1,1,NA,1,1,N,1,1,NA,NA,NA,NA,NA,NA,NA,NA,NA,ARFR4-SOS-CO932-314-JEFFERSON-12,#FEE08B,-105.3553333,39.40902778,10 - 15 Deg. F. / 3 - 6,,10 - 15 Deg. F.,6-Mar,10 - 15 Deg. F. / 3 - 6,10 - 15 / semi-humid,CO.2,#66e566,"semi-humid, cool",#FEE08B,E,NA,Y
ARFR-CO932-316-JEFFERSON-12,white,10,37,24,NA,1991,1,1,0,NA,1,0,NA,1,0,NA,1,0,NA,1,1,Y,1,1,NA,NA,NA,NA,NA,NA,NA,NA,NA,ARFR4-SOS-CO932-316-JEFFERSON-12,#FFFF85,-105.358,39.66325,15 - 20 Deg. F. / 3 - 6,,15 - 20 Deg. F.,6-Mar,15 - 20 Deg. F. / 3 - 6,15 - 20 / semi-humid,CO.3,#698b69,"semi-humid, warm",#FFFF85,F,NA,NA
ARFR-CO932-314-JEFFERSON-12,white,10,37,25,362,1992,1,1,0,NA,1,0,NA,1,0,NA,1,0,NA,1,1,N,1,1,NA,NA,NA,NA,NA,NA,NA,NA,NA,ARFR4-SOS-CO932-314-JEFFERSON-12,#FEE08B,-105.3553333,39.40902778,10 - 15 Deg. F. / 3 - 6,,10 - 15 Deg. F.,6-Mar,10 - 15 Deg. F. / 3 - 6,10 - 15 / semi-humid,CO.2,#66e566,"semi-humid, cool",#FEE08B,E,NA,NA
ARFR-AZ930-422-NAVAJO-18,white,10,37,26,NA,1993,1,1,0,NA,1,0,NA,1,1,NA,1,1,NA,1,1,N,1,1,NA,NA,NA,NA,NA,NA,NA,NA,NA,ARFR4-SOS-AZ930-422-NAVAJO-18,#D53E4F,-110.431,36.56805,15 - 20 Deg. F. / 6 - 12,Lats corrected 20230127,15 - 20 Deg. F.,12-Jun,15 - 20 Deg. F. / 6 - 12,15 - 20 / semi-arid,AZ.2,#ee5c42,"semi-arid, warm",#D53E4F,B,NA,NA
ARFR-CO932-316-JEFFERSON-12,white,10,37,27,NA,1994,1,1,0,NA,1,0,NA,1,0,NA,1,0,NA,1,1,N,1,1,NA,NA,NA,NA,NA,NA,NA,NA,NA,ARFR4-SOS-CO932-316-JEFFERSON-12,#FFFF85,-105.358,39.66325,15 - 20 Deg. F. / 3 - 6,,15 - 20 Deg. F.,6-Mar,15 - 20 Deg. F. / 3 - 6,15 - 20 / semi-humid,CO.3,#698b69,"semi-humid, warm",#FFFF85,F,NA,NA
ARFR-CO932-314-JEFFERSON-12,white,10,37,28,NA,1995,1,1,0,NA,1,0,NA,1,0,NA,1,0,NA,1,1,Y,1,1,NA,NA,NA,NA,NA,NA,NA,NA,NA,ARFR4-SOS-CO932-314-JEFFERSON-12,#FEE08B,-105.3553333,39.40902778,10 - 15 Deg. F. / 3 - 6,,10 - 15 Deg. F.,6-Mar,10 - 15 Deg. F. / 3 - 6,10 - 15 / semi-humid,CO.2,#66e566,"semi-humid, cool",#FEE08B,E,NA,NA
ARFR-UT080-109-UINTAH-12,white,10,37,29,NA,1996,1,1,0,NA,1,0,NA,1,0,NA,1,0,NA,1,1,N,1,1,NA,NA,NA,NA,NA,NA,NA,NA,NA,ARFR4-SOS-UT080-109-UINTAH-12,#aabe7f,-109.1426444,39.70802222,10 - 15 Deg. F. / 3 - 6,,10 - 15 Deg. F.,6-Mar,10 - 15 Deg. F. / 3 - 6,10 - 15 / semi-humid,UT.1,#66e566,"semi-humid, cool",#aabe7f,G,NA,NA
ARFR-WY930-44-LASANIMAS-13,white,10,37,30,363,1997,1,1,0,NA,1,0,NA,1,0,NA,1,0,NA,1,1,N,1,1,NA,NA,NA,NA,NA,NA,NA,NA,NA,ARFR4-SOS-WY930-44-LASANIMAS-13,#FDAE61,-104.6423889,37.16547222,15 - 20 Deg. F. / 3 - 6,,15 - 20 Deg. F.,6-Mar,15 - 20 Deg. F. / 3 - 6,15 - 20 / semi-humid,CO.1,#698b69,"semi-humid, warm",#FDAE61,D,NA,NA
ARFR-UT080-109-UINTAH-12,white,10,37,31,NA,1998,1,1,0,NA,1,0,NA,1,0,NA,1,1,NA,1,1,N,1,1,NA,NA,NA,NA,NA,NA,NA,NA,NA,ARFR4-SOS-UT080-109-UINTAH-12,#aabe7f,-109.1426444,39.70802222,10 - 15 Deg. F. / 3 - 6,,10 - 15 Deg. F.,6-Mar,10 - 15 Deg. F. / 3 - 6,10 - 15 / semi-humid,UT.1,#66e566,"semi-humid, cool",#aabe7f,G,NA,NA
ARFR-CO932-294-11,white,10,37,32,NA,1999,1,1,0,NA,1,0,NA,1,0,NA,1,0,NA,1,1,N,1,1,NA,NA,NA,NA,NA,NA,NA,NA,NA,ARFR4-SOS-CO932-294-11,#ABDDA4,-105.2030833,39.78458333,15 - 20 Deg. F. / 3 - 6,,15 - 20 Deg. F.,6-Mar,15 - 20 Deg. F. / 3 - 6,15 - 20 / semi-humid,CO.4,#698b69,"semi-humid, warm",#ABDDA4,H,NA,NA
ARFR-WY050-49-FREMONT-12,white,10,37,33,NA,2000,1,1,0,NA,1,1,NA,1,0,NA,1,0,NA,1,1,N,1,1,NA,NA,NA,NA,NA,NA,NA,NA,NA,ARFR4-SOS-WY050-49-FREMONT-12,#5E4FA2,-109.34775,43.42663611,5 - 10 Deg. F. / 6 - 12,,5 - 10 Deg. F.,12-Jun,5 - 10 Deg. F. / 6 - 12,5 - 10 / semi-arid,WY.3,#ffb90f,"semi-arid, cold",#5E4FA2,K,NA,NA
ARFR-WY050-49-FREMONT-12,white,10,37,34,NA,2001,1,1,0,NA,1,0,NA,1,0,NA,1,0,NA,1,1,N,1,1,NA,NA,NA,NA,NA,NA,NA,NA,NA,ARFR4-SOS-WY050-49-FREMONT-12,#5E4FA2,-109.34775,43.42663611,5 - 10 Deg. F. / 6 - 12,,5 - 10 Deg. F.,12-Jun,5 - 10 Deg. F. / 6 - 12,5 - 10 / semi-arid,WY.3,#ffb90f,"semi-arid, cold",#5E4FA2,K,NA,NA
ARFR-CO932-294-11,white,10,37,35,364,2002,1,1,0,NA,1,0,NA,1,0,NA,1,0,NA,1,1,N,1,1,NA,NA,NA,NA,NA,NA,NA,NA,NA,ARFR4-SOS-CO932-294-11,#ABDDA4,-105.2030833,39.78458333,15 - 20 Deg. F. / 3 - 6,,15 - 20 Deg. F.,6-Mar,15 - 20 Deg. F. / 3 - 6,15 - 20 / semi-humid,CO.4,#698b69,"semi-humid, warm",#ABDDA4,H,NA,NA
ARFR-NM930N-66-11,white,10,37,36,NA,2003,1,1,0,NA,1,0,NA,1,1,NA,1,1,NA,1,1,N,1,1,NA,NA,NA,NA,NA,NA,NA,NA,NA,ARFR4-SOS-NM930N-66-11,#F46D43,-107.2045028,36.76818611,10 - 15 Deg. F. / 3 - 6,,10 - 15 Deg. F.,6-Mar,10 - 15 Deg. F. / 3 - 6,10 - 15 / semi-humid,NM.1,#66e566,"semi-humid, cool",#F46D43,C,NA,NA
ARFR-CO932-314-JEFFERSON-12,white,10,37,37,NA,2004,1,1,0,NA,1,0,NA,1,0,NA,1,1,NA,1,1,N,1,1,NA,NA,NA,NA,NA,NA,NA,NA,NA,ARFR4-SOS-CO932-314-JEFFERSON-12,#FEE08B,-105.3553333,39.40902778,10 - 15 Deg. F. / 3 - 6,,10 - 15 Deg. F.,6-Mar,10 - 15 Deg. F. / 3 - 6,10 - 15 / semi-humid,CO.2,#66e566,"semi-humid, cool",#FEE08B,E,NA,NA
ARFR-UT080-109-UINTAH-12,white,10,37,38,NA,2005,1,1,0,NA,1,0,NA,1,0,NA,1,1,NA,1,1,N,1,1,NA,NA,NA,NA,NA,NA,NA,NA,NA,ARFR4-SOS-UT080-109-UINTAH-12,#aabe7f,-109.1426444,39.70802222,10 - 15 Deg. F. / 3 - 6,,10 - 15 Deg. F.,6-Mar,10 - 15 Deg. F. / 3 - 6,10 - 15 / semi-humid,UT.1,#66e566,"semi-humid, cool",#aabe7f,G,NA,NA
ARFR-NM930N-66-11,white,10,37,39,NA,2006,1,1,0,NA,1,1,NA,1,1,NA,1,1,NA,1,1,N,1,1,NA,NA,NA,NA,NA,NA,NA,NA,NA,ARFR4-SOS-NM930N-66-11,#F46D43,-107.2045028,36.76818611,10 - 15 Deg. F. / 3 - 6,,10 - 15 Deg. F.,6-Mar,10 - 15 Deg. F. / 3 - 6,10 - 15 / semi-humid,NM.1,#66e566,"semi-humid, cool",#F46D43,C,NA,NA
ARFR-CO932-294-11,white,10,37,40,365,2007,1,1,0,NA,1,0,NA,1,0,NA,1,0,NA,1,1,N,1,1,NA,NA,NA,NA,NA,NA,NA,NA,NA,ARFR4-SOS-CO932-294-11,#ABDDA4,-105.2030833,39.78458333,15 - 20 Deg. F. / 3 - 6,,15 - 20 Deg. F.,6-Mar,15 - 20 Deg. F. / 3 - 6,15 - 20 / semi-humid,CO.4,#698b69,"semi-humid, warm",#ABDDA4,H,NA,NA
ARFR-AZ930-423-NAVAJO-18,white,10,37,41,NA,2008,1,1,0,NA,1,0,NA,1,0,NA,1,1,NA,1,1,N,1,1,NA,NA,NA,NA,NA,NA,NA,NA,NA,ARFR4-SOS-AZ930-423-NAVAJO-18,#9E0142,-110.431,36.45877,15 - 20 Deg. F. / 6 - 12,SdZones downloaded 20230823,15 - 20 Deg. F.,12-Jun,15 - 20 Deg. F. / 6 - 12,15 - 20 / semi-arid,AZ.1,#ee5c42,"semi-arid, warm",#9E0142,A,NA,NA
ARFR-WY050-49-FREMONT-12,white,10,37,42,NA,2009,1,1,0,NA,1,0,NA,1,0,NA,1,1,NA,1,1,Y,1,1,NA,NA,NA,NA,NA,NA,NA,NA,NA,ARFR4-SOS-WY050-49-FREMONT-12,#5E4FA2,-109.34775,43.42663611,5 - 10 Deg. F. / 6 - 12,,5 - 10 Deg. F.,12-Jun,5 - 10 Deg. F. / 6 - 12,5 - 10 / semi-arid,WY.3,#ffb90f,"semi-arid, cold",#5E4FA2,K,NA,NA
ARFR-AZ930-422-NAVAJO-18,white,10,37,43,NA,2010,1,1,0,NA,1,1,NA,1,1,NA,1,1,NA,1,1,N,1,1,NA,NA,NA,NA,NA,NA,NA,NA,NA,ARFR4-SOS-AZ930-422-NAVAJO-18,#D53E4F,-110.431,36.56805,15 - 20 Deg. F. / 6 - 12,Lats corrected 20230127,15 - 20 Deg. F.,12-Jun,15 - 20 Deg. F. / 6 - 12,15 - 20 / semi-arid,AZ.2,#ee5c42,"semi-arid, warm",#D53E4F,B,NA,NA
ARFR-WY050-151-FREMONT-16,white,10,37,44,NA,2011,1,1,0,NA,1,1,NA,1,1,NA,1,1,NA,1,1,N,1,1,NA,NA,NA,NA,NA,NA,NA,NA,NA,ARFR4-SOS-WY050-151-FREMONT-16,#3288BD,-108.1704472,42.47886111,10 - 15 Deg. F. / 6 - 12,,10 - 15 Deg. F.,12-Jun,10 - 15 Deg. F. / 6 - 12,10 - 15 / semi-arid,WY.2,#cd8500,"semi-arid, cool",#3288BD,J,NA,NA
ARFR-NM930N-66-11,white,10,37,45,366,2012,1,1,0,NA,1,0,NA,1,1,NA,1,1,NA,1,1,N,1,1,NA,NA,NA,NA,NA,NA,NA,NA,NA,ARFR4-SOS-NM930N-66-11,#F46D43,-107.2045028,36.76818611,10 - 15 Deg. F. / 3 - 6,,10 - 15 Deg. F.,6-Mar,10 - 15 Deg. F. / 3 - 6,10 - 15 / semi-humid,NM.1,#66e566,"semi-humid, cool",#F46D43,C,NA,NA
ARFR-CO932-316-JEFFERSON-12,white,10,37,46,NA,2013,1,1,0,NA,1,0,NA,1,0,NA,1,0,NA,1,1,N,1,1,NA,NA,NA,NA,NA,NA,NA,NA,NA,ARFR4-SOS-CO932-316-JEFFERSON-12,#FFFF85,-105.358,39.66325,15 - 20 Deg. F. / 3 - 6,,15 - 20 Deg. F.,6-Mar,15 - 20 Deg. F. / 3 - 6,15 - 20 / semi-humid,CO.3,#698b69,"semi-humid, warm",#FFFF85,F,NA,NA
ARFR-WY930-44-LASANIMAS-13,white,10,37,47,NA,2014,1,1,0,NA,1,0,NA,1,0,NA,1,0,NA,1,1,N,1,1,NA,NA,NA,NA,NA,NA,NA,NA,NA,ARFR4-SOS-WY930-44-LASANIMAS-13,#FDAE61,-104.6423889,37.16547222,15 - 20 Deg. F. / 3 - 6,,15 - 20 Deg. F.,6-Mar,15 - 20 Deg. F. / 3 - 6,15 - 20 / semi-humid,CO.1,#698b69,"semi-humid, warm",#FDAE61,D,NA,NA
ARFR-CO932-316-JEFFERSON-12,white,10,37,48,NA,2015,1,1,0,NA,1,0,NA,1,0,NA,1,0,NA,1,1,N,1,1,NA,NA,NA,NA,NA,NA,NA,NA,NA,ARFR4-SOS-CO932-316-JEFFERSON-12,#FFFF85,-105.358,39.66325,15 - 20 Deg. F. / 3 - 6,,15 - 20 Deg. F.,6-Mar,15 - 20 Deg. F. / 3 - 6,15 - 20 / semi-humid,CO.3,#698b69,"semi-humid, warm",#FFFF85,F,NA,NA
ARFR-WY050-49-FREMONT-12,white,10,37,49,NA,2016,1,1,1,NA,1,1,NA,1,1,NA,1,1,NA,1,1,N,1,1,NA,NA,NA,NA,NA,NA,NA,NA,NA,ARFR4-SOS-WY050-49-FREMONT-12,#5E4FA2,-109.34775,43.42663611,5 - 10 Deg. F. / 6 - 12,,5 - 10 Deg. F.,12-Jun,5 - 10 Deg. F. / 6 - 12,5 - 10 / semi-arid,WY.3,#ffb90f,"semi-arid, cold",#5E4FA2,K,NA,NA
ARFR-WY040-71-10,white,10,37,50,367,2017,1,1,0,NA,1,1,NA,1,1,NA,1,1,NA,1,1,N,1,1,NA,NA,NA,NA,NA,NA,NA,NA,NA,ARFR4-SOS-WY040-71-10,#66C2A5,-109.2433156,41.13271889,5 - 10 Deg. F. / 3 - 6,,5 - 10 Deg. F.,6-Mar,5 - 10 Deg. F. / 3 - 6,5 - 10 / semi-humid,WY.1,#a5c2f1,"semi-humid, cold",#66C2A5,I,NA,NA
ARFR-CO932-294-11,white,10,37,51,NA,2018,1,1,0,NA,1,0,NA,1,1,NA,1,1,NA,1,1,N,1,1,NA,NA,NA,NA,NA,NA,NA,NA,NA,ARFR4-SOS-CO932-294-11,#ABDDA4,-105.2030833,39.78458333,15 - 20 Deg. F. / 3 - 6,,15 - 20 Deg. F.,6-Mar,15 - 20 Deg. F. / 3 - 6,15 - 20 / semi-humid,CO.4,#698b69,"semi-humid, warm",#ABDDA4,H,NA,NA
ARFR-UT080-109-UINTAH-12,white,10,37,52,NA,2019,1,1,0,NA,1,0,NA,1,1,NA,1,1,NA,1,1,Y,1,1,NA,NA,NA,NA,NA,NA,NA,NA,NA,ARFR4-SOS-UT080-109-UINTAH-12,#aabe7f,-109.1426444,39.70802222,10 - 15 Deg. F. / 3 - 6,,10 - 15 Deg. F.,6-Mar,10 - 15 Deg. F. / 3 - 6,10 - 15 / semi-humid,UT.1,#66e566,"semi-humid, cool",#aabe7f,G,NA,NA
ARFR-NM930N-66-11,white,10,37,53,NA,2020,1,1,0,NA,1,0,NA,1,1,NA,1,1,NA,1,1,N,1,1,NA,NA,NA,NA,NA,NA,NA,NA,NA,ARFR4-SOS-NM930N-66-11,#F46D43,-107.2045028,36.76818611,10 - 15 Deg. F. / 3 - 6,,10 - 15 Deg. F.,6-Mar,10 - 15 Deg. F. / 3 - 6,10 - 15 / semi-humid,NM.1,#66e566,"semi-humid, cool",#F46D43,C,NA,NA
ARFR-WY930-44-LASANIMAS-13,white,10,37,54,NA,2021,1,1,1,NA,1,1,NA,1,1,NA,1,1,NA,1,1,N,1,1,NA,NA,NA,NA,NA,NA,NA,NA,NA,ARFR4-SOS-WY930-44-LASANIMAS-13,#FDAE61,-104.6423889,37.16547222,15 - 20 Deg. F. / 3 - 6,,15 - 20 Deg. F.,6-Mar,15 - 20 Deg. F. / 3 - 6,15 - 20 / semi-humid,CO.1,#698b69,"semi-humid, warm",#FDAE61,D,NA,NA
ARFR-WY040-71-10,white,10,37,55,368,2022,1,1,1,NA,1,1,NA,1,1,NA,1,1,NA,1,1,N,1,1,NA,NA,NA,NA,NA,NA,NA,NA,NA,ARFR4-SOS-WY040-71-10,#66C2A5,-109.2433156,41.13271889,5 - 10 Deg. F. / 3 - 6,,5 - 10 Deg. F.,6-Mar,5 - 10 Deg. F. / 3 - 6,5 - 10 / semi-humid,WY.1,#a5c2f1,"semi-humid, cold",#66C2A5,I,NA,NA
ARFR-WY040-71-10,white,10,38,1,357,2023,1,1,1,NA,1,1,NA,1,1,NA,1,1,NA,1,1,N,1,1,NA,NA,NA,NA,NA,NA,NA,NA,NA,ARFR4-SOS-WY040-71-10,#66C2A5,-109.2433156,41.13271889,5 - 10 Deg. F. / 3 - 6,,5 - 10 Deg. F.,6-Mar,5 - 10 Deg. F. / 3 - 6,5 - 10 / semi-humid,WY.1,#a5c2f1,"semi-humid, cold",#66C2A5,I,NA,NA
ARFR-WY050-151-FREMONT-16,white,10,38,2,NA,2024,1,1,0,NA,1,0,NA,1,0,NA,1,1,NA,1,1,N,1,1,NA,NA,NA,NA,NA,NA,NA,NA,NA,ARFR4-SOS-WY050-151-FREMONT-16,#3288BD,-108.1704472,42.47886111,10 - 15 Deg. F. / 6 - 12,,10 - 15 Deg. F.,12-Jun,10 - 15 Deg. F. / 6 - 12,10 - 15 / semi-arid,WY.2,#cd8500,"semi-arid, cool",#3288BD,J,NA,NA
ARFR-CO932-294-11,white,10,38,3,NA,2025,1,1,0,NA,1,NA,NA,1,NA,NA,1,NA,NA,1,NA,N,1,NA,NA,NA,NA,NA,NA,NA,NA,NA,NA,ARFR4-SOS-CO932-294-11,#ABDDA4,-105.2030833,39.78458333,15 - 20 Deg. F. / 3 - 6,,15 - 20 Deg. F.,6-Mar,15 - 20 Deg. F. / 3 - 6,15 - 20 / semi-humid,CO.4,#698b69,"semi-humid, warm",#ABDDA4,H,NA,NA
ARFR-WY930-44-LASANIMAS-13,white,10,38,4,NA,2026,1,1,0,NA,1,0,NA,1,0,NA,1,0,NA,1,1,N,1,1,NA,NA,NA,NA,NA,NA,NA,NA,NA,ARFR4-SOS-WY930-44-LASANIMAS-13,#FDAE61,-104.6423889,37.16547222,15 - 20 Deg. F. / 3 - 6,,15 - 20 Deg. F.,6-Mar,15 - 20 Deg. F. / 3 - 6,15 - 20 / semi-humid,CO.1,#698b69,"semi-humid, warm",#FDAE61,D,NA,Y
ARFR-CO932-294-11,white,10,38,5,358,2027,1,1,0,NA,1,0,NA,1,1,NA,1,1,NA,1,1,N,1,1,NA,NA,NA,NA,NA,NA,NA,NA,NA,ARFR4-SOS-CO932-294-11,#ABDDA4,-105.2030833,39.78458333,15 - 20 Deg. F. / 3 - 6,,15 - 20 Deg. F.,6-Mar,15 - 20 Deg. F. / 3 - 6,15 - 20 / semi-humid,CO.4,#698b69,"semi-humid, warm",#ABDDA4,H,NA,NA
ARFR-WY040-71-10,white,10,38,6,NA,2028,1,1,1,NA,1,1,NA,1,1,NA,1,1,NA,1,1,N,1,1,NA,NA,NA,NA,NA,NA,NA,NA,NA,ARFR4-SOS-WY040-71-10,#66C2A5,-109.2433156,41.13271889,5 - 10 Deg. F. / 3 - 6,,5 - 10 Deg. F.,6-Mar,5 - 10 Deg. F. / 3 - 6,5 - 10 / semi-humid,WY.1,#a5c2f1,"semi-humid, cold",#66C2A5,I,NA,NA
ARFR-CO932-316-JEFFERSON-12,white,10,38,7,NA,2029,1,1,0,NA,1,1,NA,1,1,NA,1,1,NA,1,1,N,1,1,NA,NA,NA,NA,NA,NA,NA,NA,NA,ARFR4-SOS-CO932-316-JEFFERSON-12,#FFFF85,-105.358,39.66325,15 - 20 Deg. F. / 3 - 6,,15 - 20 Deg. F.,6-Mar,15 - 20 Deg. F. / 3 - 6,15 - 20 / semi-humid,CO.3,#698b69,"semi-humid, warm",#FFFF85,F,NA,Y
ARFR-NM930N-66-11,white,10,38,8,NA,2030,1,1,0,NA,1,1,NA,1,0,NA,1,1,NA,1,1,N,1,1,NA,NA,NA,NA,NA,NA,NA,NA,NA,ARFR4-SOS-NM930N-66-11,#F46D43,-107.2045028,36.76818611,10 - 15 Deg. F. / 3 - 6,,10 - 15 Deg. F.,6-Mar,10 - 15 Deg. F. / 3 - 6,10 - 15 / semi-humid,NM.1,#66e566,"semi-humid, cool",#F46D43,C,NA,NA
ARFR-AZ930-423-NAVAJO-18,white,10,38,9,NA,2031,0,0,NA,NA,0,NA,NA,0,NA,NA,0,NA,NA,0,NA,N,0,NA,NA,NA,NA,NA,NA,NA,NA,NA,NA,ARFR4-SOS-AZ930-423-NAVAJO-18,#9E0142,-110.431,36.45877,15 - 20 Deg. F. / 6 - 12,SdZones downloaded 20230823,15 - 20 Deg. F.,12-Jun,15 - 20 Deg. F. / 6 - 12,15 - 20 / semi-arid,AZ.1,#ee5c42,"semi-arid, warm",#9E0142,A,NA,NA
ARFR-WY930-44-LASANIMAS-13,white,10,38,10,359,2032,1,1,0,NA,1,0,NA,1,0,NA,1,0,NA,1,0,N,1,0,NA,NA,NA,NA,NA,NA,NA,NA,NA,ARFR4-SOS-WY930-44-LASANIMAS-13,#FDAE61,-104.6423889,37.16547222,15 - 20 Deg. F. / 3 - 6,,15 - 20 Deg. F.,6-Mar,15 - 20 Deg. F. / 3 - 6,15 - 20 / semi-humid,CO.1,#698b69,"semi-humid, warm",#FDAE61,D,NA,NA
ARFR-NM930N-66-11,white,10,38,11,NA,2033,1,1,0,NA,1,1,NA,1,1,NA,1,1,NA,1,1,N,1,0,NA,NA,NA,NA,NA,NA,NA,NA,NA,ARFR4-SOS-NM930N-66-11,#F46D43,-107.2045028,36.76818611,10 - 15 Deg. F. / 3 - 6,,10 - 15 Deg. F.,6-Mar,10 - 15 Deg. F. / 3 - 6,10 - 15 / semi-humid,NM.1,#66e566,"semi-humid, cool",#F46D43,C,NA,NA
ARFR-CO932-316-JEFFERSON-12,white,10,38,12,NA,2034,1,1,0,NA,1,0,NA,1,0,NA,1,1,NA,1,1,N,1,1,NA,NA,NA,NA,NA,NA,NA,NA,NA,ARFR4-SOS-CO932-316-JEFFERSON-12,#FFFF85,-105.358,39.66325,15 - 20 Deg. F. / 3 - 6,,15 - 20 Deg. F.,6-Mar,15 - 20 Deg. F. / 3 - 6,15 - 20 / semi-humid,CO.3,#698b69,"semi-humid, warm",#FFFF85,F,NA,NA
ARFR-UT080-109-UINTAH-12,white,10,38,13,NA,2035,1,1,0,NA,1,0,NA,1,1,NA,1,1,NA,1,1,N,1,1,NA,NA,NA,NA,NA,NA,NA,NA,NA,ARFR4-SOS-UT080-109-UINTAH-12,#aabe7f,-109.1426444,39.70802222,10 - 15 Deg. F. / 3 - 6,,10 - 15 Deg. F.,6-Mar,10 - 15 Deg. F. / 3 - 6,10 - 15 / semi-humid,UT.1,#66e566,"semi-humid, cool",#aabe7f,G,NA,NA
ARFR-CO932-314-JEFFERSON-12,white,10,38,14,NA,2036,1,1,0,NA,1,1,NA,1,1,NA,1,1,NA,1,1,N,1,1,NA,NA,NA,NA,NA,NA,NA,NA,NA,ARFR4-SOS-CO932-314-JEFFERSON-12,#FEE08B,-105.3553333,39.40902778,10 - 15 Deg. F. / 3 - 6,,10 - 15 Deg. F.,6-Mar,10 - 15 Deg. F. / 3 - 6,10 - 15 / semi-humid,CO.2,#66e566,"semi-humid, cool",#FEE08B,E,NA,NA
ARFR-UT080-109-UINTAH-12,white,10,38,15,360,2037,1,1,0,NA,1,0,NA,1,0,NA,1,0,NA,1,1,N,1,1,NA,NA,NA,NA,NA,NA,NA,NA,NA,ARFR4-SOS-UT080-109-UINTAH-12,#aabe7f,-109.1426444,39.70802222,10 - 15 Deg. F. / 3 - 6,,10 - 15 Deg. F.,6-Mar,10 - 15 Deg. F. / 3 - 6,10 - 15 / semi-humid,UT.1,#66e566,"semi-humid, cool",#aabe7f,G,NA,NA
ARFR-CO932-294-11,white,10,38,16,NA,2038,1,1,0,NA,1,0,NA,1,0,NA,1,0,NA,1,1,N,1,1,NA,NA,NA,NA,NA,NA,NA,NA,NA,ARFR4-SOS-CO932-294-11,#ABDDA4,-105.2030833,39.78458333,15 - 20 Deg. F. / 3 - 6,,15 - 20 Deg. F.,6-Mar,15 - 20 Deg. F. / 3 - 6,15 - 20 / semi-humid,CO.4,#698b69,"semi-humid, warm",#ABDDA4,H,NA,NA
ARFR-CO932-316-JEFFERSON-12,white,10,38,17,NA,2039,1,1,0,NA,1,0,NA,1,0,NA,1,1,NA,1,1,N,1,1,NA,NA,NA,NA,NA,NA,NA,NA,NA,ARFR4-SOS-CO932-316-JEFFERSON-12,#FFFF85,-105.358,39.66325,15 - 20 Deg. F. / 3 - 6,,15 - 20 Deg. F.,6-Mar,15 - 20 Deg. F. / 3 - 6,15 - 20 / semi-humid,CO.3,#698b69,"semi-humid, warm",#FFFF85,F,NA,NA
ARFR-AZ930-423-NAVAJO-18,white,10,38,18,NA,2040,1,1,0,NA,1,0,NA,1,0,NA,1,1,NA,1,1,N,1,1,NA,NA,NA,NA,NA,NA,NA,NA,NA,ARFR4-SOS-AZ930-423-NAVAJO-18,#9E0142,-110.431,36.45877,15 - 20 Deg. F. / 6 - 12,SdZones downloaded 20230823,15 - 20 Deg. F.,12-Jun,15 - 20 Deg. F. / 6 - 12,15 - 20 / semi-arid,AZ.1,#ee5c42,"semi-arid, warm",#9E0142,A,NA,NA
ARFR-AZ930-423-NAVAJO-18,white,10,38,19,NA,2041,1,1,0,NA,1,0,NA,1,1,NA,1,1,NA,1,1,N,1,1,NA,NA,NA,NA,NA,NA,NA,NA,NA,ARFR4-SOS-AZ930-423-NAVAJO-18,#9E0142,-110.431,36.45877,15 - 20 Deg. F. / 6 - 12,SdZones downloaded 20230823,15 - 20 Deg. F.,12-Jun,15 - 20 Deg. F. / 6 - 12,15 - 20 / semi-arid,AZ.1,#ee5c42,"semi-arid, warm",#9E0142,A,NA,NA
ARFR-AZ930-422-NAVAJO-18,white,10,38,20,361,2042,1,1,0,NA,1,0,NA,1,1,NA,1,1,NA,1,1,N,1,1,NA,NA,NA,NA,NA,NA,NA,NA,NA,ARFR4-SOS-AZ930-422-NAVAJO-18,#D53E4F,-110.431,36.56805,15 - 20 Deg. F. / 6 - 12,Lats corrected 20230127,15 - 20 Deg. F.,12-Jun,15 - 20 Deg. F. / 6 - 12,15 - 20 / semi-arid,AZ.2,#ee5c42,"semi-arid, warm",#D53E4F,B,NA,NA
ARFR-AZ930-422-NAVAJO-18,white,10,38,21,NA,2043,1,1,0,NA,1,1,NA,1,1,NA,1,1,NA,1,1,N,1,1,NA,NA,NA,NA,NA,NA,NA,NA,NA,ARFR4-SOS-AZ930-422-NAVAJO-18,#D53E4F,-110.431,36.56805,15 - 20 Deg. F. / 6 - 12,Lats corrected 20230127,15 - 20 Deg. F.,12-Jun,15 - 20 Deg. F. / 6 - 12,15 - 20 / semi-arid,AZ.2,#ee5c42,"semi-arid, warm",#D53E4F,B,NA,NA
ARFR-UT080-109-UINTAH-12,white,10,38,22,NA,2044,1,1,0,NA,1,0,NA,1,1,NA,1,1,NA,1,1,N,1,1,NA,NA,NA,NA,NA,NA,NA,NA,NA,ARFR4-SOS-UT080-109-UINTAH-12,#aabe7f,-109.1426444,39.70802222,10 - 15 Deg. F. / 3 - 6,,10 - 15 Deg. F.,6-Mar,10 - 15 Deg. F. / 3 - 6,10 - 15 / semi-humid,UT.1,#66e566,"semi-humid, cool",#aabe7f,G,NA,NA
ARFR-WY930-44-LASANIMAS-13,white,10,38,23,NA,2045,1,1,0,NA,1,0,NA,1,0,NA,1,0,NA,1,1,N,1,1,NA,NA,NA,NA,NA,NA,NA,NA,NA,ARFR4-SOS-WY930-44-LASANIMAS-13,#FDAE61,-104.6423889,37.16547222,15 - 20 Deg. F. / 3 - 6,,15 - 20 Deg. F.,6-Mar,15 - 20 Deg. F. / 3 - 6,15 - 20 / semi-humid,CO.1,#698b69,"semi-humid, warm",#FDAE61,D,NA,NA
ARFR-WY040-71-10,white,10,38,24,NA,2046,1,1,0,NA,1,1,NA,1,1,NA,1,1,NA,1,1,N,1,1,NA,NA,NA,NA,NA,NA,NA,NA,NA,ARFR4-SOS-WY040-71-10,#66C2A5,-109.2433156,41.13271889,5 - 10 Deg. F. / 3 - 6,,5 - 10 Deg. F.,6-Mar,5 - 10 Deg. F. / 3 - 6,5 - 10 / semi-humid,WY.1,#a5c2f1,"semi-humid, cold",#66C2A5,I,NA,NA
ARFR-CO932-316-JEFFERSON-12,white,10,38,25,362,2047,1,1,0,NA,1,1,NA,1,0,NA,1,0,NA,1,1,N,1,1,NA,NA,NA,NA,NA,NA,NA,NA,NA,ARFR4-SOS-CO932-316-JEFFERSON-12,#FFFF85,-105.358,39.66325,15 - 20 Deg. F. / 3 - 6,,15 - 20 Deg. F.,6-Mar,15 - 20 Deg. F. / 3 - 6,15 - 20 / semi-humid,CO.3,#698b69,"semi-humid, warm",#FFFF85,F,NA,NA
ARFR-WY050-49-FREMONT-12,white,10,38,26,NA,2048,1,1,0,NA,1,1,NA,1,0,NA,1,1,NA,1,1,Y,1,1,NA,NA,NA,NA,NA,NA,NA,NA,NA,ARFR4-SOS-WY050-49-FREMONT-12,#5E4FA2,-109.34775,43.42663611,5 - 10 Deg. F. / 6 - 12,,5 - 10 Deg. F.,12-Jun,5 - 10 Deg. F. / 6 - 12,5 - 10 / semi-arid,WY.3,#ffb90f,"semi-arid, cold",#5E4FA2,K,NA,NA
ARFR-UT080-109-UINTAH-12,white,10,38,27,NA,2049,1,1,0,NA,1,1,NA,1,0,NA,1,1,NA,1,1,N,1,1,NA,NA,NA,NA,NA,NA,NA,NA,NA,ARFR4-SOS-UT080-109-UINTAH-12,#aabe7f,-109.1426444,39.70802222,10 - 15 Deg. F. / 3 - 6,,10 - 15 Deg. F.,6-Mar,10 - 15 Deg. F. / 3 - 6,10 - 15 / semi-humid,UT.1,#66e566,"semi-humid, cool",#aabe7f,G,NA,NA
ARFR-WY050-151-FREMONT-16,white,10,38,28,NA,2050,1,1,0,NA,1,0,NA,1,0,NA,1,1,NA,1,1,N,1,1,NA,NA,NA,NA,NA,NA,NA,NA,NA,ARFR4-SOS-WY050-151-FREMONT-16,#3288BD,-108.1704472,42.47886111,10 - 15 Deg. F. / 6 - 12,,10 - 15 Deg. F.,12-Jun,10 - 15 Deg. F. / 6 - 12,10 - 15 / semi-arid,WY.2,#cd8500,"semi-arid, cool",#3288BD,J,NA,NA
ARFR-AZ930-423-NAVAJO-18,white,10,38,29,NA,2051,1,1,0,NA,1,1,NA,1,0,NA,1,0,NA,1,1,N,1,1,NA,NA,NA,NA,NA,NA,NA,NA,NA,ARFR4-SOS-AZ930-423-NAVAJO-18,#9E0142,-110.431,36.45877,15 - 20 Deg. F. / 6 - 12,SdZones downloaded 20230823,15 - 20 Deg. F.,12-Jun,15 - 20 Deg. F. / 6 - 12,15 - 20 / semi-arid,AZ.1,#ee5c42,"semi-arid, warm",#9E0142,A,NA,NA
ARFR-WY040-71-10,white,10,38,30,363,2052,1,1,1,NA,1,1,NA,1,1,NA,1,1,NA,1,1,N,1,1,NA,NA,NA,NA,NA,NA,NA,NA,NA,ARFR4-SOS-WY040-71-10,#66C2A5,-109.2433156,41.13271889,5 - 10 Deg. F. / 3 - 6,,5 - 10 Deg. F.,6-Mar,5 - 10 Deg. F. / 3 - 6,5 - 10 / semi-humid,WY.1,#a5c2f1,"semi-humid, cold",#66C2A5,I,NA,NA
ARFR-WY040-71-10,white,10,38,31,NA,2053,1,1,1,NA,1,1,NA,1,1,NA,1,1,NA,1,1,N,1,1,NA,NA,NA,NA,NA,NA,NA,NA,NA,ARFR4-SOS-WY040-71-10,#66C2A5,-109.2433156,41.13271889,5 - 10 Deg. F. / 3 - 6,,5 - 10 Deg. F.,6-Mar,5 - 10 Deg. F. / 3 - 6,5 - 10 / semi-humid,WY.1,#a5c2f1,"semi-humid, cold",#66C2A5,I,NA,NA
ARFR-WY050-151-FREMONT-16,white,10,38,32,NA,2054,1,1,1,NA,1,0,NA,1,1,NA,1,1,NA,1,1,N,1,1,NA,NA,NA,NA,NA,NA,NA,NA,NA,ARFR4-SOS-WY050-151-FREMONT-16,#3288BD,-108.1704472,42.47886111,10 - 15 Deg. F. / 6 - 12,,10 - 15 Deg. F.,12-Jun,10 - 15 Deg. F. / 6 - 12,10 - 15 / semi-arid,WY.2,#cd8500,"semi-arid, cool",#3288BD,J,NA,NA
ARFR-AZ930-423-NAVAJO-18,white,10,38,33,NA,2055,0,0,NA,NA,0,NA,NA,0,NA,NA,0,NA,NA,0,NA,N,0,NA,NA,NA,NA,NA,NA,NA,NA,NA,NA,ARFR4-SOS-AZ930-423-NAVAJO-18,#9E0142,-110.431,36.45877,15 - 20 Deg. F. / 6 - 12,SdZones downloaded 20230823,15 - 20 Deg. F.,12-Jun,15 - 20 Deg. F. / 6 - 12,15 - 20 / semi-arid,AZ.1,#ee5c42,"semi-arid, warm",#9E0142,A,Y,NA
ARFR-WY040-71-10,white,10,38,34,NA,2056,1,1,0,NA,1,1,NA,1,1,NA,1,1,NA,1,1,N,1,1,NA,NA,NA,NA,NA,NA,NA,NA,NA,ARFR4-SOS-WY040-71-10,#66C2A5,-109.2433156,41.13271889,5 - 10 Deg. F. / 3 - 6,,5 - 10 Deg. F.,6-Mar,5 - 10 Deg. F. / 3 - 6,5 - 10 / semi-humid,WY.1,#a5c2f1,"semi-humid, cold",#66C2A5,I,NA,NA
ARFR-CO932-316-JEFFERSON-12,white,10,38,35,364,2057,1,1,0,NA,1,0,NA,1,1,NA,1,1,NA,1,1,N,1,1,NA,NA,NA,NA,NA,NA,NA,NA,NA,ARFR4-SOS-CO932-316-JEFFERSON-12,#FFFF85,-105.358,39.66325,15 - 20 Deg. F. / 3 - 6,,15 - 20 Deg. F.,6-Mar,15 - 20 Deg. F. / 3 - 6,15 - 20 / semi-humid,CO.3,#698b69,"semi-humid, warm",#FFFF85,F,NA,NA
ARFR-WY040-71-10,white,10,38,36,NA,2058,1,1,1,NA,1,1,NA,1,1,NA,1,1,NA,1,1,Y,1,1,NA,NA,NA,NA,NA,NA,NA,NA,NA,ARFR4-SOS-WY040-71-10,#66C2A5,-109.2433156,41.13271889,5 - 10 Deg. F. / 3 - 6,,5 - 10 Deg. F.,6-Mar,5 - 10 Deg. F. / 3 - 6,5 - 10 / semi-humid,WY.1,#a5c2f1,"semi-humid, cold",#66C2A5,I,NA,NA
ARFR-WY050-151-FREMONT-16,white,10,38,37,NA,2059,1,1,0,NA,1,0,NA,1,0,NA,1,0,NA,1,1,N,1,1,NA,NA,NA,NA,NA,NA,NA,NA,NA,ARFR4-SOS-WY050-151-FREMONT-16,#3288BD,-108.1704472,42.47886111,10 - 15 Deg. F. / 6 - 12,,10 - 15 Deg. F.,12-Jun,10 - 15 Deg. F. / 6 - 12,10 - 15 / semi-arid,WY.2,#cd8500,"semi-arid, cool",#3288BD,J,NA,NA
ARFR-UT080-109-UINTAH-12,white,10,38,38,NA,2060,1,1,0,NA,1,0,NA,1,0,NA,1,1,NA,1,1,N,1,1,NA,NA,NA,NA,NA,NA,NA,NA,NA,ARFR4-SOS-UT080-109-UINTAH-12,#aabe7f,-109.1426444,39.70802222,10 - 15 Deg. F. / 3 - 6,,10 - 15 Deg. F.,6-Mar,10 - 15 Deg. F. / 3 - 6,10 - 15 / semi-humid,UT.1,#66e566,"semi-humid, cool",#aabe7f,G,NA,NA
ARFR-NM930N-66-11,white,10,38,39,NA,2061,1,1,0,NA,1,0,NA,1,1,NA,1,1,NA,1,1,N,1,1,NA,NA,NA,NA,NA,NA,NA,NA,NA,ARFR4-SOS-NM930N-66-11,#F46D43,-107.2045028,36.76818611,10 - 15 Deg. F. / 3 - 6,,10 - 15 Deg. F.,6-Mar,10 - 15 Deg. F. / 3 - 6,10 - 15 / semi-humid,NM.1,#66e566,"semi-humid, cool",#F46D43,C,NA,NA
ARFR-WY040-71-10,white,10,38,40,365,2062,1,1,1,NA,1,1,NA,1,1,NA,1,1,NA,1,1,N,1,1,NA,NA,NA,NA,NA,NA,NA,NA,NA,ARFR4-SOS-WY040-71-10,#66C2A5,-109.2433156,41.13271889,5 - 10 Deg. F. / 3 - 6,,5 - 10 Deg. F.,6-Mar,5 - 10 Deg. F. / 3 - 6,5 - 10 / semi-humid,WY.1,#a5c2f1,"semi-humid, cold",#66C2A5,I,NA,NA
ARFR-CO932-316-JEFFERSON-12,white,10,38,41,NA,2063,1,1,0,NA,1,0,NA,1,1,NA,1,1,NA,1,1,N,1,1,NA,NA,NA,NA,NA,NA,NA,NA,NA,ARFR4-SOS-CO932-316-JEFFERSON-12,#FFFF85,-105.358,39.66325,15 - 20 Deg. F. / 3 - 6,,15 - 20 Deg. F.,6-Mar,15 - 20 Deg. F. / 3 - 6,15 - 20 / semi-humid,CO.3,#698b69,"semi-humid, warm",#FFFF85,F,NA,NA
ARFR-WY050-49-FREMONT-12,white,10,38,42,NA,2064,1,1,0,NA,1,0,NA,1,0,NA,1,1,NA,1,1,N,1,1,NA,NA,NA,NA,NA,NA,NA,NA,NA,ARFR4-SOS-WY050-49-FREMONT-12,#5E4FA2,-109.34775,43.42663611,5 - 10 Deg. F. / 6 - 12,,5 - 10 Deg. F.,12-Jun,5 - 10 Deg. F. / 6 - 12,5 - 10 / semi-arid,WY.3,#ffb90f,"semi-arid, cold",#5E4FA2,K,NA,NA
ARFR-CO932-294-11,white,10,38,43,NA,2065,1,1,0,NA,1,0,NA,1,0,NA,1,0,NA,1,1,N,1,1,NA,NA,NA,NA,NA,NA,NA,NA,NA,ARFR4-SOS-CO932-294-11,#ABDDA4,-105.2030833,39.78458333,15 - 20 Deg. F. / 3 - 6,,15 - 20 Deg. F.,6-Mar,15 - 20 Deg. F. / 3 - 6,15 - 20 / semi-humid,CO.4,#698b69,"semi-humid, warm",#ABDDA4,H,NA,NA
ARFR-WY050-49-FREMONT-12,white,10,38,44,NA,2066,1,1,0,NA,1,0,NA,1,1,NA,1,1,NA,1,1,N,1,1,NA,NA,NA,NA,NA,NA,NA,NA,NA,ARFR4-SOS-WY050-49-FREMONT-12,#5E4FA2,-109.34775,43.42663611,5 - 10 Deg. F. / 6 - 12,,5 - 10 Deg. F.,12-Jun,5 - 10 Deg. F. / 6 - 12,5 - 10 / semi-arid,WY.3,#ffb90f,"semi-arid, cold",#5E4FA2,K,NA,NA
ARFR-WY050-151-FREMONT-16,white,10,38,45,366,2067,1,1,0,NA,1,1,NA,1,1,NA,1,1,NA,1,1,N,1,1,NA,NA,NA,NA,NA,NA,NA,NA,NA,ARFR4-SOS-WY050-151-FREMONT-16,#3288BD,-108.1704472,42.47886111,10 - 15 Deg. F. / 6 - 12,,10 - 15 Deg. F.,12-Jun,10 - 15 Deg. F. / 6 - 12,10 - 15 / semi-arid,WY.2,#cd8500,"semi-arid, cool",#3288BD,J,NA,NA
ARFR-AZ930-423-NAVAJO-18,white,10,38,46,NA,2068,1,1,0,NA,1,0,NA,1,0,NA,1,1,NA,1,1,N,1,1,NA,NA,NA,NA,NA,NA,NA,NA,NA,ARFR4-SOS-AZ930-423-NAVAJO-18,#9E0142,-110.431,36.45877,15 - 20 Deg. F. / 6 - 12,SdZones downloaded 20230823,15 - 20 Deg. F.,12-Jun,15 - 20 Deg. F. / 6 - 12,15 - 20 / semi-arid,AZ.1,#ee5c42,"semi-arid, warm",#9E0142,A,NA,NA
ARFR-WY930-44-LASANIMAS-13,white,10,38,47,NA,2069,1,1,0,NA,1,0,NA,1,0,NA,1,1,NA,1,1,N,1,1,NA,NA,NA,NA,NA,NA,NA,NA,NA,ARFR4-SOS-WY930-44-LASANIMAS-13,#FDAE61,-104.6423889,37.16547222,15 - 20 Deg. F. / 3 - 6,,15 - 20 Deg. F.,6-Mar,15 - 20 Deg. F. / 3 - 6,15 - 20 / semi-humid,CO.1,#698b69,"semi-humid, warm",#FDAE61,D,NA,NA
ARFR-WY040-71-10,white,10,38,48,NA,2070,1,1,0,NA,1,0,NA,1,0,NA,1,0,NA,1,1,Y,1,1,NA,NA,NA,NA,NA,NA,NA,NA,NA,ARFR4-SOS-WY040-71-10,#66C2A5,-109.2433156,41.13271889,5 - 10 Deg. F. / 3 - 6,,5 - 10 Deg. F.,6-Mar,5 - 10 Deg. F. / 3 - 6,5 - 10 / semi-humid,WY.1,#a5c2f1,"semi-humid, cold",#66C2A5,I,NA,NA
ARFR-AZ930-422-NAVAJO-18,white,10,38,49,NA,2071,1,1,0,NA,1,0,NA,1,0,NA,1,1,NA,1,1,N,1,1,NA,NA,NA,NA,NA,NA,NA,NA,NA,ARFR4-SOS-AZ930-422-NAVAJO-18,#D53E4F,-110.431,36.56805,15 - 20 Deg. F. / 6 - 12,Lats corrected 20230127,15 - 20 Deg. F.,12-Jun,15 - 20 Deg. F. / 6 - 12,15 - 20 / semi-arid,AZ.2,#ee5c42,"semi-arid, warm",#D53E4F,B,NA,NA
ARFR-WY050-151-FREMONT-16,white,10,38,50,367,2072,1,1,1,NA,1,1,NA,1,1,NA,1,1,NA,1,1,N,1,1,NA,NA,NA,NA,NA,NA,NA,NA,NA,ARFR4-SOS-WY050-151-FREMONT-16,#3288BD,-108.1704472,42.47886111,10 - 15 Deg. F. / 6 - 12,,10 - 15 Deg. F.,12-Jun,10 - 15 Deg. F. / 6 - 12,10 - 15 / semi-arid,WY.2,#cd8500,"semi-arid, cool",#3288BD,J,NA,NA
ARFR-WY050-151-FREMONT-16,white,10,38,51,NA,2073,1,1,0,NA,1,0,NA,1,0,NA,1,0,NA,1,1,N,1,1,NA,NA,NA,NA,NA,NA,NA,NA,NA,ARFR4-SOS-WY050-151-FREMONT-16,#3288BD,-108.1704472,42.47886111,10 - 15 Deg. F. / 6 - 12,,10 - 15 Deg. F.,12-Jun,10 - 15 Deg. F. / 6 - 12,10 - 15 / semi-arid,WY.2,#cd8500,"semi-arid, cool",#3288BD,J,NA,NA
ARFR-WY050-151-FREMONT-16,white,10,38,52,NA,2074,1,1,0,NA,1,1,NA,1,0,NA,1,1,NA,1,1,N,1,1,NA,NA,NA,NA,NA,NA,NA,NA,NA,ARFR4-SOS-WY050-151-FREMONT-16,#3288BD,-108.1704472,42.47886111,10 - 15 Deg. F. / 6 - 12,,10 - 15 Deg. F.,12-Jun,10 - 15 Deg. F. / 6 - 12,10 - 15 / semi-arid,WY.2,#cd8500,"semi-arid, cool",#3288BD,J,NA,NA
ARFR-AZ930-423-NAVAJO-18,white,10,38,53,NA,2075,1,1,0,NA,1,0,NA,1,0,NA,1,1,NA,1,1,N,1,1,NA,NA,NA,NA,NA,NA,NA,NA,NA,ARFR4-SOS-AZ930-423-NAVAJO-18,#9E0142,-110.431,36.45877,15 - 20 Deg. F. / 6 - 12,SdZones downloaded 20230823,15 - 20 Deg. F.,12-Jun,15 - 20 Deg. F. / 6 - 12,15 - 20 / semi-arid,AZ.1,#ee5c42,"semi-arid, warm",#9E0142,A,NA,NA
ARFR-NM930N-66-11,white,10,38,54,NA,2076,0,0,NA,NA,0,NA,NA,0,NA,NA,0,NA,NA,0,NA,N,0,NA,NA,NA,NA,NA,NA,NA,NA,NA,NA,ARFR4-SOS-NM930N-66-11,#F46D43,-107.2045028,36.76818611,10 - 15 Deg. F. / 3 - 6,,10 - 15 Deg. F.,6-Mar,10 - 15 Deg. F. / 3 - 6,10 - 15 / semi-humid,NM.1,#66e566,"semi-humid, cool",#F46D43,C,NA,NA
ARFR-CO932-314-JEFFERSON-12,white,10,38,55,368,2077,1,1,0,NA,1,0,NA,1,0,NA,1,1,NA,1,1,N,1,1,NA,NA,NA,NA,NA,NA,NA,NA,NA,ARFR4-SOS-CO932-314-JEFFERSON-12,#FEE08B,-105.3553333,39.40902778,10 - 15 Deg. F. / 3 - 6,,10 - 15 Deg. F.,6-Mar,10 - 15 Deg. F. / 3 - 6,10 - 15 / semi-humid,CO.2,#66e566,"semi-humid, cool",#FEE08B,E,NA,NA
ARFR-NM930N-66-11,white,10,39,1,369,2078,1,1,1,NA,1,1,NA,1,1,NA,1,1,NA,1,1,N,1,1,NA,NA,NA,NA,NA,NA,NA,NA,NA,ARFR4-SOS-NM930N-66-11,#F46D43,-107.2045028,36.76818611,10 - 15 Deg. F. / 3 - 6,,10 - 15 Deg. F.,6-Mar,10 - 15 Deg. F. / 3 - 6,10 - 15 / semi-humid,NM.1,#66e566,"semi-humid, cool",#F46D43,C,NA,NA
ARFR-AZ930-423-NAVAJO-18,white,10,39,2,NA,2079,1,1,1,NA,1,1,NA,1,1,NA,1,1,NA,1,1,N,1,1,NA,NA,NA,NA,NA,NA,NA,NA,NA,ARFR4-SOS-AZ930-423-NAVAJO-18,#9E0142,-110.431,36.45877,15 - 20 Deg. F. / 6 - 12,SdZones downloaded 20230823,15 - 20 Deg. F.,12-Jun,15 - 20 Deg. F. / 6 - 12,15 - 20 / semi-arid,AZ.1,#ee5c42,"semi-arid, warm",#9E0142,A,NA,NA
ARFR-WY930-44-LASANIMAS-13,white,10,39,3,NA,2080,1,1,0,NA,1,0,NA,1,1,NA,1,1,NA,1,1,N,1,1,NA,NA,NA,NA,NA,NA,NA,NA,NA,ARFR4-SOS-WY930-44-LASANIMAS-13,#FDAE61,-104.6423889,37.16547222,15 - 20 Deg. F. / 3 - 6,,15 - 20 Deg. F.,6-Mar,15 - 20 Deg. F. / 3 - 6,15 - 20 / semi-humid,CO.1,#698b69,"semi-humid, warm",#FDAE61,D,NA,NA
ARFR-CO932-314-JEFFERSON-12,white,10,39,4,NA,2081,1,1,0,NA,1,1,NA,1,1,NA,1,1,NA,1,1,N,1,1,NA,NA,NA,NA,NA,NA,NA,NA,NA,ARFR4-SOS-CO932-314-JEFFERSON-12,#FEE08B,-105.3553333,39.40902778,10 - 15 Deg. F. / 3 - 6,,10 - 15 Deg. F.,6-Mar,10 - 15 Deg. F. / 3 - 6,10 - 15 / semi-humid,CO.2,#66e566,"semi-humid, cool",#FEE08B,E,NA,NA
ARFR-AZ930-422-NAVAJO-18,white,10,39,5,370,2082,1,1,0,NA,1,1,NA,1,1,NA,1,1,NA,1,1,N,1,1,NA,NA,NA,NA,NA,NA,NA,NA,NA,ARFR4-SOS-AZ930-422-NAVAJO-18,#D53E4F,-110.431,36.56805,15 - 20 Deg. F. / 6 - 12,Lats corrected 20230127,15 - 20 Deg. F.,12-Jun,15 - 20 Deg. F. / 6 - 12,15 - 20 / semi-arid,AZ.2,#ee5c42,"semi-arid, warm",#D53E4F,B,NA,NA
ARFR-CO932-314-JEFFERSON-12,white,10,39,6,NA,2083,1,1,0,NA,1,0,NA,1,1,NA,1,1,NA,1,1,N,1,1,NA,NA,NA,NA,NA,NA,NA,NA,NA,ARFR4-SOS-CO932-314-JEFFERSON-12,#FEE08B,-105.3553333,39.40902778,10 - 15 Deg. F. / 3 - 6,,10 - 15 Deg. F.,6-Mar,10 - 15 Deg. F. / 3 - 6,10 - 15 / semi-humid,CO.2,#66e566,"semi-humid, cool",#FEE08B,E,NA,NA
ARFR-CO932-314-JEFFERSON-12,white,10,39,7,NA,2084,1,1,0,NA,1,0,NA,1,1,NA,1,1,NA,1,1,N,1,1,NA,NA,NA,NA,NA,NA,NA,NA,NA,ARFR4-SOS-CO932-314-JEFFERSON-12,#FEE08B,-105.3553333,39.40902778,10 - 15 Deg. F. / 3 - 6,,10 - 15 Deg. F.,6-Mar,10 - 15 Deg. F. / 3 - 6,10 - 15 / semi-humid,CO.2,#66e566,"semi-humid, cool",#FEE08B,E,NA,NA
ARFR-WY930-44-LASANIMAS-13,white,10,39,8,NA,2085,1,1,0,NA,1,0,NA,1,0,NA,1,0,NA,1,1,N,1,1,NA,NA,NA,NA,NA,NA,NA,NA,NA,ARFR4-SOS-WY930-44-LASANIMAS-13,#FDAE61,-104.6423889,37.16547222,15 - 20 Deg. F. / 3 - 6,,15 - 20 Deg. F.,6-Mar,15 - 20 Deg. F. / 3 - 6,15 - 20 / semi-humid,CO.1,#698b69,"semi-humid, warm",#FDAE61,D,NA,Y
ARFR-WY050-151-FREMONT-16,white,10,39,9,NA,2086,1,1,0,NA,1,0,NA,1,0,NA,1,1,NA,1,1,N,1,1,NA,NA,NA,NA,NA,NA,NA,NA,NA,ARFR4-SOS-WY050-151-FREMONT-16,#3288BD,-108.1704472,42.47886111,10 - 15 Deg. F. / 6 - 12,,10 - 15 Deg. F.,12-Jun,10 - 15 Deg. F. / 6 - 12,10 - 15 / semi-arid,WY.2,#cd8500,"semi-arid, cool",#3288BD,J,NA,NA
ARFR-CO932-294-11,white,10,39,10,371,2087,1,1,0,NA,1,0,NA,1,0,NA,1,1,NA,1,1,N,1,1,NA,NA,NA,NA,NA,NA,NA,NA,NA,ARFR4-SOS-CO932-294-11,#ABDDA4,-105.2030833,39.78458333,15 - 20 Deg. F. / 3 - 6,,15 - 20 Deg. F.,6-Mar,15 - 20 Deg. F. / 3 - 6,15 - 20 / semi-humid,CO.4,#698b69,"semi-humid, warm",#ABDDA4,H,NA,NA
ARFR-NM930N-66-11,white,10,39,11,NA,2088,1,1,0,NA,1,1,NA,1,1,NA,1,1,NA,1,1,N,1,1,NA,NA,NA,NA,NA,NA,NA,NA,NA,ARFR4-SOS-NM930N-66-11,#F46D43,-107.2045028,36.76818611,10 - 15 Deg. F. / 3 - 6,,10 - 15 Deg. F.,6-Mar,10 - 15 Deg. F. / 3 - 6,10 - 15 / semi-humid,NM.1,#66e566,"semi-humid, cool",#F46D43,C,NA,NA
ARFR-UT080-109-UINTAH-12,white,10,39,12,NA,2089,1,1,0,NA,1,0,NA,1,1,NA,1,1,NA,1,1,N,1,1,NA,NA,NA,NA,NA,NA,NA,NA,NA,ARFR4-SOS-UT080-109-UINTAH-12,#aabe7f,-109.1426444,39.70802222,10 - 15 Deg. F. / 3 - 6,,10 - 15 Deg. F.,6-Mar,10 - 15 Deg. F. / 3 - 6,10 - 15 / semi-humid,UT.1,#66e566,"semi-humid, cool",#aabe7f,G,NA,NA
ARFR-AZ930-422-NAVAJO-18,white,10,39,13,NA,2090,0,0,NA,NA,0,NA,NA,0,NA,NA,0,NA,NA,0,NA,N,0,NA,NA,NA,NA,NA,NA,NA,NA,NA,NA,ARFR4-SOS-AZ930-422-NAVAJO-18,#D53E4F,-110.431,36.56805,15 - 20 Deg. F. / 6 - 12,Lats corrected 20230127,15 - 20 Deg. F.,12-Jun,15 - 20 Deg. F. / 6 - 12,15 - 20 / semi-arid,AZ.2,#ee5c42,"semi-arid, warm",#D53E4F,B,NA,NA
ARFR-AZ930-422-NAVAJO-18,white,10,39,14,NA,2091,1,1,0,NA,1,0,NA,1,1,NA,1,1,NA,1,1,N,1,1,NA,NA,NA,NA,NA,NA,NA,NA,NA,ARFR4-SOS-AZ930-422-NAVAJO-18,#D53E4F,-110.431,36.56805,15 - 20 Deg. F. / 6 - 12,Lats corrected 20230127,15 - 20 Deg. F.,12-Jun,15 - 20 Deg. F. / 6 - 12,15 - 20 / semi-arid,AZ.2,#ee5c42,"semi-arid, warm",#D53E4F,B,NA,NA
ARFR-WY050-49-FREMONT-12,white,10,39,15,372,2092,1,1,0,NA,1,0,NA,1,1,NA,1,1,NA,1,1,N,1,1,NA,NA,NA,NA,NA,NA,NA,NA,NA,ARFR4-SOS-WY050-49-FREMONT-12,#5E4FA2,-109.34775,43.42663611,5 - 10 Deg. F. / 6 - 12,,5 - 10 Deg. F.,12-Jun,5 - 10 Deg. F. / 6 - 12,5 - 10 / semi-arid,WY.3,#ffb90f,"semi-arid, cold",#5E4FA2,K,NA,NA
ARFR-AZ930-422-NAVAJO-18,white,10,39,16,NA,2093,1,1,0,NA,1,0,NA,1,0,NA,1,1,NA,1,1,N,1,1,NA,NA,NA,NA,NA,NA,NA,NA,NA,ARFR4-SOS-AZ930-422-NAVAJO-18,#D53E4F,-110.431,36.56805,15 - 20 Deg. F. / 6 - 12,Lats corrected 20230127,15 - 20 Deg. F.,12-Jun,15 - 20 Deg. F. / 6 - 12,15 - 20 / semi-arid,AZ.2,#ee5c42,"semi-arid, warm",#D53E4F,B,NA,NA
ARFR-WY050-151-FREMONT-16,white,10,39,17,NA,2094,1,1,0,NA,1,1,NA,1,1,NA,1,1,NA,1,1,N,1,1,NA,NA,NA,NA,NA,NA,NA,NA,NA,ARFR4-SOS-WY050-151-FREMONT-16,#3288BD,-108.1704472,42.47886111,10 - 15 Deg. F. / 6 - 12,,10 - 15 Deg. F.,12-Jun,10 - 15 Deg. F. / 6 - 12,10 - 15 / semi-arid,WY.2,#cd8500,"semi-arid, cool",#3288BD,J,NA,NA
ARFR-WY050-49-FREMONT-12,white,10,39,18,NA,2095,1,1,0,NA,1,0,NA,1,0,NA,1,1,NA,1,1,N,1,1,NA,NA,NA,NA,NA,NA,NA,NA,NA,ARFR4-SOS-WY050-49-FREMONT-12,#5E4FA2,-109.34775,43.42663611,5 - 10 Deg. F. / 6 - 12,,5 - 10 Deg. F.,12-Jun,5 - 10 Deg. F. / 6 - 12,5 - 10 / semi-arid,WY.3,#ffb90f,"semi-arid, cold",#5E4FA2,K,NA,NA
ARFR-AZ930-423-NAVAJO-18,white,10,39,19,NA,2096,1,1,0,NA,1,1,NA,1,0,NA,1,1,remove phenology for this plant as seems inconsistent? ,1,1,N,1,1,NA,NA,NA,NA,NA,Y,NA,NA,NA,ARFR4-SOS-AZ930-423-NAVAJO-18,#9E0142,-110.431,36.45877,15 - 20 Deg. F. / 6 - 12,SdZones downloaded 20230823,15 - 20 Deg. F.,12-Jun,15 - 20 Deg. F. / 6 - 12,15 - 20 / semi-arid,AZ.1,#ee5c42,"semi-arid, warm",#9E0142,A,NA,NA
ARFR-CO932-294-11,white,10,39,20,373,2097,1,1,0,NA,1,0,NA,1,0,NA,1,0,NA,1,0,N,1,0,NA,NA,NA,NA,NA,NA,NA,NA,NA,ARFR4-SOS-CO932-294-11,#ABDDA4,-105.2030833,39.78458333,15 - 20 Deg. F. / 3 - 6,,15 - 20 Deg. F.,6-Mar,15 - 20 Deg. F. / 3 - 6,15 - 20 / semi-humid,CO.4,#698b69,"semi-humid, warm",#ABDDA4,H,NA,NA
ARFR-WY050-49-FREMONT-12,white,10,39,21,NA,2098,1,1,0,NA,1,0,NA,1,0,NA,1,0,NA,1,1,N,1,1,NA,NA,NA,NA,NA,NA,NA,NA,NA,ARFR4-SOS-WY050-49-FREMONT-12,#5E4FA2,-109.34775,43.42663611,5 - 10 Deg. F. / 6 - 12,,5 - 10 Deg. F.,12-Jun,5 - 10 Deg. F. / 6 - 12,5 - 10 / semi-arid,WY.3,#ffb90f,"semi-arid, cold",#5E4FA2,K,NA,NA
ARFR-WY050-49-FREMONT-12,white,10,39,22,NA,2099,1,1,0,NA,1,0,NA,1,1,NA,1,1,NA,1,1,N,1,1,NA,NA,NA,NA,NA,NA,NA,NA,NA,ARFR4-SOS-WY050-49-FREMONT-12,#5E4FA2,-109.34775,43.42663611,5 - 10 Deg. F. / 6 - 12,,5 - 10 Deg. F.,12-Jun,5 - 10 Deg. F. / 6 - 12,5 - 10 / semi-arid,WY.3,#ffb90f,"semi-arid, cold",#5E4FA2,K,NA,NA
ARFR-NM930N-66-11,white,10,39,23,NA,2100,1,1,0,NA,1,1,NA,1,1,NA,1,1,NA,1,1,N,1,1,NA,NA,NA,NA,NA,NA,NA,NA,NA,ARFR4-SOS-NM930N-66-11,#F46D43,-107.2045028,36.76818611,10 - 15 Deg. F. / 3 - 6,,10 - 15 Deg. F.,6-Mar,10 - 15 Deg. F. / 3 - 6,10 - 15 / semi-humid,NM.1,#66e566,"semi-humid, cool",#F46D43,C,NA,NA
ARFR-CO932-294-11,white,10,39,24,NA,2101,1,1,0,NA,1,1,NA,1,1,NA,1,1,NA,1,0,N,1,0,NA,NA,NA,NA,NA,Y,NA,NA,NA,ARFR4-SOS-CO932-294-11,#ABDDA4,-105.2030833,39.78458333,15 - 20 Deg. F. / 3 - 6,,15 - 20 Deg. F.,6-Mar,15 - 20 Deg. F. / 3 - 6,15 - 20 / semi-humid,CO.4,#698b69,"semi-humid, warm",#ABDDA4,H,NA,Y
ARFR-WY050-49-FREMONT-12,white,10,39,25,374,2102,1,1,1,NA,1,1,NA,1,1,NA,1,1,NA,1,1,N,1,1,NA,NA,NA,NA,NA,NA,NA,NA,NA,ARFR4-SOS-WY050-49-FREMONT-12,#5E4FA2,-109.34775,43.42663611,5 - 10 Deg. F. / 6 - 12,,5 - 10 Deg. F.,12-Jun,5 - 10 Deg. F. / 6 - 12,5 - 10 / semi-arid,WY.3,#ffb90f,"semi-arid, cold",#5E4FA2,K,NA,NA
ARFR-AZ930-423-NAVAJO-18,white,10,39,26,NA,2103,1,1,0,NA,1,1,NA,1,1,NA,1,1,NA,1,1,N,1,1,NA,NA,NA,NA,NA,NA,NA,NA,NA,ARFR4-SOS-AZ930-423-NAVAJO-18,#9E0142,-110.431,36.45877,15 - 20 Deg. F. / 6 - 12,SdZones downloaded 20230823,15 - 20 Deg. F.,12-Jun,15 - 20 Deg. F. / 6 - 12,15 - 20 / semi-arid,AZ.1,#ee5c42,"semi-arid, warm",#9E0142,A,NA,NA
ARFR-NM930N-66-11,white,10,39,27,NA,2104,1,1,0,NA,1,0,NA,1,1,NA,1,1,NA,1,1,N,1,1,NA,NA,NA,NA,NA,NA,NA,NA,NA,ARFR4-SOS-NM930N-66-11,#F46D43,-107.2045028,36.76818611,10 - 15 Deg. F. / 3 - 6,,10 - 15 Deg. F.,6-Mar,10 - 15 Deg. F. / 3 - 6,10 - 15 / semi-humid,NM.1,#66e566,"semi-humid, cool",#F46D43,C,NA,NA
ARFR-CO932-314-JEFFERSON-12,white,10,39,28,NA,2105,1,1,0,NA,1,0,NA,1,0,NA,1,0,NA,1,1,N,1,1,NA,NA,NA,NA,NA,NA,NA,NA,NA,ARFR4-SOS-CO932-314-JEFFERSON-12,#FEE08B,-105.3553333,39.40902778,10 - 15 Deg. F. / 3 - 6,,10 - 15 Deg. F.,6-Mar,10 - 15 Deg. F. / 3 - 6,10 - 15 / semi-humid,CO.2,#66e566,"semi-humid, cool",#FEE08B,E,NA,NA
ARFR-WY930-44-LASANIMAS-13,white,10,39,29,NA,2106,1,1,0,NA,1,0,NA,1,0,NA,1,0,NA,1,0,N,1,0,NA,NA,NA,NA,NA,NA,NA,NA,NA,ARFR4-SOS-WY930-44-LASANIMAS-13,#FDAE61,-104.6423889,37.16547222,15 - 20 Deg. F. / 3 - 6,,15 - 20 Deg. F.,6-Mar,15 - 20 Deg. F. / 3 - 6,15 - 20 / semi-humid,CO.1,#698b69,"semi-humid, warm",#FDAE61,D,NA,NA
ARFR-CO932-314-JEFFERSON-12,white,10,39,30,375,2107,1,1,0,NA,1,0,NA,1,1,NA,1,1,NA,1,1,N,1,1,NA,NA,NA,NA,NA,NA,NA,NA,NA,ARFR4-SOS-CO932-314-JEFFERSON-12,#FEE08B,-105.3553333,39.40902778,10 - 15 Deg. F. / 3 - 6,,10 - 15 Deg. F.,6-Mar,10 - 15 Deg. F. / 3 - 6,10 - 15 / semi-humid,CO.2,#66e566,"semi-humid, cool",#FEE08B,E,NA,NA
ARFR-UT080-109-UINTAH-12,white,10,39,31,NA,2108,1,1,0,NA,1,0,NA,1,1,NA,1,1,NA,1,1,N,1,1,NA,NA,NA,NA,NA,NA,NA,NA,NA,ARFR4-SOS-UT080-109-UINTAH-12,#aabe7f,-109.1426444,39.70802222,10 - 15 Deg. F. / 3 - 6,,10 - 15 Deg. F.,6-Mar,10 - 15 Deg. F. / 3 - 6,10 - 15 / semi-humid,UT.1,#66e566,"semi-humid, cool",#aabe7f,G,NA,NA
ARFR-CO932-314-JEFFERSON-12,white,10,39,32,NA,2109,1,1,0,NA,1,0,NA,1,0,NA,1,0,NA,1,1,N,1,1,NA,NA,NA,NA,NA,NA,NA,NA,NA,ARFR4-SOS-CO932-314-JEFFERSON-12,#FEE08B,-105.3553333,39.40902778,10 - 15 Deg. F. / 3 - 6,,10 - 15 Deg. F.,6-Mar,10 - 15 Deg. F. / 3 - 6,10 - 15 / semi-humid,CO.2,#66e566,"semi-humid, cool",#FEE08B,E,NA,NA
ARFR-WY930-44-LASANIMAS-13,white,10,39,33,NA,2110,1,1,0,NA,1,0,NA,1,0,NA,1,0,NA,1,0,N,1,0,NA,NA,NA,NA,NA,NA,NA,NA,NA,ARFR4-SOS-WY930-44-LASANIMAS-13,#FDAE61,-104.6423889,37.16547222,15 - 20 Deg. F. / 3 - 6,,15 - 20 Deg. F.,6-Mar,15 - 20 Deg. F. / 3 - 6,15 - 20 / semi-humid,CO.1,#698b69,"semi-humid, warm",#FDAE61,D,NA,NA
ARFR-CO932-294-11,white,10,39,34,NA,2111,1,1,0,NA,1,0,NA,1,0,NA,1,0,NA,1,1,N,1,1,NA,NA,NA,NA,NA,NA,NA,NA,NA,ARFR4-SOS-CO932-294-11,#ABDDA4,-105.2030833,39.78458333,15 - 20 Deg. F. / 3 - 6,,15 - 20 Deg. F.,6-Mar,15 - 20 Deg. F. / 3 - 6,15 - 20 / semi-humid,CO.4,#698b69,"semi-humid, warm",#ABDDA4,H,NA,NA
ARFR-AZ930-423-NAVAJO-18,white,10,39,35,376,2112,1,0,NA,NA,0,NA,NA,0,NA,NA,0,NA,NA,0,NA,N,0,NA,NA,NA,NA,NA,NA,NA,NA,NA,NA,ARFR4-SOS-AZ930-423-NAVAJO-18,#9E0142,-110.431,36.45877,15 - 20 Deg. F. / 6 - 12,SdZones downloaded 20230823,15 - 20 Deg. F.,12-Jun,15 - 20 Deg. F. / 6 - 12,15 - 20 / semi-arid,AZ.1,#ee5c42,"semi-arid, warm",#9E0142,A,NA,NA
ARFR-UT080-109-UINTAH-12,white,10,39,36,NA,2113,1,1,0,NA,1,1,NA,1,1,NA,1,1,NA,1,1,Y,1,1,NA,NA,NA,NA,NA,NA,NA,NA,NA,ARFR4-SOS-UT080-109-UINTAH-12,#aabe7f,-109.1426444,39.70802222,10 - 15 Deg. F. / 3 - 6,,10 - 15 Deg. F.,6-Mar,10 - 15 Deg. F. / 3 - 6,10 - 15 / semi-humid,UT.1,#66e566,"semi-humid, cool",#aabe7f,G,NA,NA
ARFR-AZ930-423-NAVAJO-18,white,10,39,37,NA,2114,1,1,0,NA,1,0,NA,1,0,NA,1,1,NA,1,1,N,1,1,NA,NA,NA,NA,NA,NA,NA,NA,NA,ARFR4-SOS-AZ930-423-NAVAJO-18,#9E0142,-110.431,36.45877,15 - 20 Deg. F. / 6 - 12,SdZones downloaded 20230823,15 - 20 Deg. F.,12-Jun,15 - 20 Deg. F. / 6 - 12,15 - 20 / semi-arid,AZ.1,#ee5c42,"semi-arid, warm",#9E0142,A,NA,NA
ARFR-CO932-316-JEFFERSON-12,white,10,39,38,NA,2115,1,1,0,NA,1,0,NA,1,0,NA,1,1,NA,1,1,N,1,1,NA,NA,NA,NA,NA,NA,NA,NA,NA,ARFR4-SOS-CO932-316-JEFFERSON-12,#FFFF85,-105.358,39.66325,15 - 20 Deg. F. / 3 - 6,,15 - 20 Deg. F.,6-Mar,15 - 20 Deg. F. / 3 - 6,15 - 20 / semi-humid,CO.3,#698b69,"semi-humid, warm",#FFFF85,F,NA,NA
ARFR-CO932-314-JEFFERSON-12,white,10,39,39,NA,2116,1,1,0,NA,1,0,NA,1,1,NA,1,1,NA,1,1,N,1,1,NA,NA,NA,NA,NA,NA,NA,NA,NA,ARFR4-SOS-CO932-314-JEFFERSON-12,#FEE08B,-105.3553333,39.40902778,10 - 15 Deg. F. / 3 - 6,,10 - 15 Deg. F.,6-Mar,10 - 15 Deg. F. / 3 - 6,10 - 15 / semi-humid,CO.2,#66e566,"semi-humid, cool",#FEE08B,E,NA,NA
ARFR-WY050-151-FREMONT-16,white,10,39,40,377,2117,1,1,0,NA,1,0,NA,1,1,NA,1,1,NA,1,1,N,1,1,NA,NA,NA,NA,NA,NA,NA,NA,NA,ARFR4-SOS-WY050-151-FREMONT-16,#3288BD,-108.1704472,42.47886111,10 - 15 Deg. F. / 6 - 12,,10 - 15 Deg. F.,12-Jun,10 - 15 Deg. F. / 6 - 12,10 - 15 / semi-arid,WY.2,#cd8500,"semi-arid, cool",#3288BD,J,NA,Y
ARFR-WY050-151-FREMONT-16,white,10,39,41,NA,2118,1,1,0,NA,1,1,NA,1,1,NA,1,1,NA,1,1,N,1,1,NA,NA,NA,NA,NA,NA,NA,NA,NA,ARFR4-SOS-WY050-151-FREMONT-16,#3288BD,-108.1704472,42.47886111,10 - 15 Deg. F. / 6 - 12,,10 - 15 Deg. F.,12-Jun,10 - 15 Deg. F. / 6 - 12,10 - 15 / semi-arid,WY.2,#cd8500,"semi-arid, cool",#3288BD,J,NA,NA
ARFR-WY050-151-FREMONT-16,white,10,39,42,NA,2119,1,1,0,NA,1,0,NA,1,1,NA,1,1,NA,1,1,N,1,1,NA,NA,NA,NA,NA,NA,NA,NA,NA,ARFR4-SOS-WY050-151-FREMONT-16,#3288BD,-108.1704472,42.47886111,10 - 15 Deg. F. / 6 - 12,,10 - 15 Deg. F.,12-Jun,10 - 15 Deg. F. / 6 - 12,10 - 15 / semi-arid,WY.2,#cd8500,"semi-arid, cool",#3288BD,J,NA,NA
ARFR-WY050-151-FREMONT-16,white,10,39,43,NA,2120,1,1,0,NA,1,0,NA,1,1,NA,1,1,NA,1,1,N,1,1,NA,NA,NA,NA,NA,NA,NA,NA,NA,ARFR4-SOS-WY050-151-FREMONT-16,#3288BD,-108.1704472,42.47886111,10 - 15 Deg. F. / 6 - 12,,10 - 15 Deg. F.,12-Jun,10 - 15 Deg. F. / 6 - 12,10 - 15 / semi-arid,WY.2,#cd8500,"semi-arid, cool",#3288BD,J,NA,NA
ARFR-WY930-44-LASANIMAS-13,white,10,39,44,NA,2121,1,1,0,NA,1,0,NA,1,1,NA,1,1,NA,1,1,N,1,1,NA,NA,NA,NA,NA,NA,NA,NA,NA,ARFR4-SOS-WY930-44-LASANIMAS-13,#FDAE61,-104.6423889,37.16547222,15 - 20 Deg. F. / 3 - 6,,15 - 20 Deg. F.,6-Mar,15 - 20 Deg. F. / 3 - 6,15 - 20 / semi-humid,CO.1,#698b69,"semi-humid, warm",#FDAE61,D,NA,NA
ARFR-CO932-316-JEFFERSON-12,white,10,39,45,378,2122,1,1,0,NA,1,1,NA,1,1,NA,1,1,NA,1,1,N,1,1,NA,NA,NA,NA,NA,NA,NA,NA,NA,ARFR4-SOS-CO932-316-JEFFERSON-12,#FFFF85,-105.358,39.66325,15 - 20 Deg. F. / 3 - 6,,15 - 20 Deg. F.,6-Mar,15 - 20 Deg. F. / 3 - 6,15 - 20 / semi-humid,CO.3,#698b69,"semi-humid, warm",#FFFF85,F,NA,NA
ARFR-WY930-44-LASANIMAS-13,white,10,39,46,NA,2123,1,1,0,NA,1,0,NA,1,1,NA,1,1,NA,1,1,N,1,1,NA,NA,NA,NA,NA,NA,NA,NA,NA,ARFR4-SOS-WY930-44-LASANIMAS-13,#FDAE61,-104.6423889,37.16547222,15 - 20 Deg. F. / 3 - 6,,15 - 20 Deg. F.,6-Mar,15 - 20 Deg. F. / 3 - 6,15 - 20 / semi-humid,CO.1,#698b69,"semi-humid, warm",#FDAE61,D,NA,NA
ARFR-CO932-294-11,white,10,39,47,NA,2124,1,1,0,NA,1,0,NA,1,1,NA,1,1,NA,1,1,N,1,1,NA,NA,NA,NA,NA,NA,NA,NA,NA,ARFR4-SOS-CO932-294-11,#ABDDA4,-105.2030833,39.78458333,15 - 20 Deg. F. / 3 - 6,,15 - 20 Deg. F.,6-Mar,15 - 20 Deg. F. / 3 - 6,15 - 20 / semi-humid,CO.4,#698b69,"semi-humid, warm",#ABDDA4,H,NA,NA
ARFR-CO932-314-JEFFERSON-12,white,10,39,48,NA,2125,1,1,0,NA,1,0,NA,1,1,NA,1,1,NA,1,1,N,1,1,NA,NA,NA,NA,NA,NA,NA,NA,NA,ARFR4-SOS-CO932-314-JEFFERSON-12,#FEE08B,-105.3553333,39.40902778,10 - 15 Deg. F. / 3 - 6,,10 - 15 Deg. F.,6-Mar,10 - 15 Deg. F. / 3 - 6,10 - 15 / semi-humid,CO.2,#66e566,"semi-humid, cool",#FEE08B,E,NA,NA
ARFR-NM930N-66-11,white,10,39,49,NA,2126,1,1,0,NA,1,0,NA,1,1,NA,1,1,NA,1,1,N,1,1,NA,NA,NA,NA,NA,NA,NA,NA,NA,ARFR4-SOS-NM930N-66-11,#F46D43,-107.2045028,36.76818611,10 - 15 Deg. F. / 3 - 6,,10 - 15 Deg. F.,6-Mar,10 - 15 Deg. F. / 3 - 6,10 - 15 / semi-humid,NM.1,#66e566,"semi-humid, cool",#F46D43,C,NA,NA
ARFR-WY040-71-10,white,10,39,50,379,2127,1,1,0,NA,1,1,NA,1,1,NA,1,1,NA,1,1,N,1,1,NA,NA,NA,NA,NA,NA,NA,NA,NA,ARFR4-SOS-WY040-71-10,#66C2A5,-109.2433156,41.13271889,5 - 10 Deg. F. / 3 - 6,,5 - 10 Deg. F.,6-Mar,5 - 10 Deg. F. / 3 - 6,5 - 10 / semi-humid,WY.1,#a5c2f1,"semi-humid, cold",#66C2A5,I,NA,NA
ARFR-WY050-151-FREMONT-16,white,10,39,51,NA,2128,1,1,0,NA,1,0,NA,1,1,NA,1,1,NA,1,1,N,1,1,NA,NA,NA,NA,NA,NA,NA,NA,NA,ARFR4-SOS-WY050-151-FREMONT-16,#3288BD,-108.1704472,42.47886111,10 - 15 Deg. F. / 6 - 12,,10 - 15 Deg. F.,12-Jun,10 - 15 Deg. F. / 6 - 12,10 - 15 / semi-arid,WY.2,#cd8500,"semi-arid, cool",#3288BD,J,NA,NA
ARFR-WY050-49-FREMONT-12,white,10,39,52,NA,2129,0,0,NA,NA,0,NA,NA,0,NA,NA,0,NA,NA,0,NA,N,0,NA,NA,NA,NA,NA,NA,NA,NA,NA,NA,ARFR4-SOS-WY050-49-FREMONT-12,#5E4FA2,-109.34775,43.42663611,5 - 10 Deg. F. / 6 - 12,,5 - 10 Deg. F.,12-Jun,5 - 10 Deg. F. / 6 - 12,5 - 10 / semi-arid,WY.3,#ffb90f,"semi-arid, cold",#5E4FA2,K,NA,NA
ARFR-WY050-49-FREMONT-12,white,10,39,53,NA,2130,1,1,0,NA,1,0,NA,1,1,NA,1,1,NA,1,0,N,1,1,NA,NA,NA,NA,NA,NA,NA,NA,NA,ARFR4-SOS-WY050-49-FREMONT-12,#5E4FA2,-109.34775,43.42663611,5 - 10 Deg. F. / 6 - 12,,5 - 10 Deg. F.,12-Jun,5 - 10 Deg. F. / 6 - 12,5 - 10 / semi-arid,WY.3,#ffb90f,"semi-arid, cold",#5E4FA2,K,NA,NA
ARFR-CO932-294-11,white,10,39,54,NA,2131,1,1,0,NA,1,0,NA,1,0,NA,1,0,NA,1,1,N,1,1,NA,NA,NA,NA,NA,NA,NA,NA,NA,ARFR4-SOS-CO932-294-11,#ABDDA4,-105.2030833,39.78458333,15 - 20 Deg. F. / 3 - 6,,15 - 20 Deg. F.,6-Mar,15 - 20 Deg. F. / 3 - 6,15 - 20 / semi-humid,CO.4,#698b69,"semi-humid, warm",#ABDDA4,H,NA,NA
ARFR-AZ930-423-NAVAJO-18,white,10,39,55,380,2132,1,1,1,NA,1,1,NA,1,1,NA,1,1,NA,1,1,N,1,1,NA,NA,NA,NA,NA,NA,NA,NA,NA,ARFR4-SOS-AZ930-423-NAVAJO-18,#9E0142,-110.431,36.45877,15 - 20 Deg. F. / 6 - 12,SdZones downloaded 20230823,15 - 20 Deg. F.,12-Jun,15 - 20 Deg. F. / 6 - 12,15 - 20 / semi-arid,AZ.1,#ee5c42,"semi-arid, warm",#9E0142,A,NA,NA
ARFR-WY040-71-10,white,10,40,1,369,2133,1,1,0,NA,1,1,NA,1,1,NA,1,1,NA,1,1,N,1,1,NA,NA,NA,NA,NA,NA,NA,NA,NA,ARFR4-SOS-WY040-71-10,#66C2A5,-109.2433156,41.13271889,5 - 10 Deg. F. / 3 - 6,,5 - 10 Deg. F.,6-Mar,5 - 10 Deg. F. / 3 - 6,5 - 10 / semi-humid,WY.1,#a5c2f1,"semi-humid, cold",#66C2A5,I,NA,NA
ARFR-NM930N-66-11,white,10,40,2,NA,2134,1,1,0,NA,1,1,NA,1,1,NA,1,1,NA,1,1,N,1,1,NA,NA,NA,NA,NA,NA,NA,NA,NA,ARFR4-SOS-NM930N-66-11,#F46D43,-107.2045028,36.76818611,10 - 15 Deg. F. / 3 - 6,,10 - 15 Deg. F.,6-Mar,10 - 15 Deg. F. / 3 - 6,10 - 15 / semi-humid,NM.1,#66e566,"semi-humid, cool",#F46D43,C,NA,NA
ARFR-UT080-109-UINTAH-12,white,10,40,3,NA,2135,1,1,0,NA,1,1,NA,1,1,NA,1,1,NA,1,1,N,1,1,NA,NA,NA,NA,NA,NA,NA,NA,NA,ARFR4-SOS-UT080-109-UINTAH-12,#aabe7f,-109.1426444,39.70802222,10 - 15 Deg. F. / 3 - 6,,10 - 15 Deg. F.,6-Mar,10 - 15 Deg. F. / 3 - 6,10 - 15 / semi-humid,UT.1,#66e566,"semi-humid, cool",#aabe7f,G,NA,NA
ARFR-AZ930-422-NAVAJO-18,white,10,40,4,NA,2136,1,1,0,NA,1,1,NA,1,1,NA,1,1,NA,1,0,N,1,0,weed whacked,NA,NA,NA,NA,Y,NA,NA,NA,ARFR4-SOS-AZ930-422-NAVAJO-18,#D53E4F,-110.431,36.56805,15 - 20 Deg. F. / 6 - 12,Lats corrected 20230127,15 - 20 Deg. F.,12-Jun,15 - 20 Deg. F. / 6 - 12,15 - 20 / semi-arid,AZ.2,#ee5c42,"semi-arid, warm",#D53E4F,B,NA,NA
ARFR-WY930-44-LASANIMAS-13,white,10,40,5,370,2137,1,1,0,NA,1,0,NA,1,0,NA,1,0,NA,1,1,N,1,1,NA,NA,NA,NA,NA,NA,NA,NA,NA,ARFR4-SOS-WY930-44-LASANIMAS-13,#FDAE61,-104.6423889,37.16547222,15 - 20 Deg. F. / 3 - 6,,15 - 20 Deg. F.,6-Mar,15 - 20 Deg. F. / 3 - 6,15 - 20 / semi-humid,CO.1,#698b69,"semi-humid, warm",#FDAE61,D,NA,NA
ARFR-WY050-151-FREMONT-16,white,10,40,6,NA,2138,1,1,0,NA,1,0,NA,1,1,NA,1,1,NA,1,1,Y,1,1,NA,NA,NA,NA,NA,NA,NA,NA,NA,ARFR4-SOS-WY050-151-FREMONT-16,#3288BD,-108.1704472,42.47886111,10 - 15 Deg. F. / 6 - 12,,10 - 15 Deg. F.,12-Jun,10 - 15 Deg. F. / 6 - 12,10 - 15 / semi-arid,WY.2,#cd8500,"semi-arid, cool",#3288BD,J,NA,NA
ARFR-CO932-314-JEFFERSON-12,white,10,40,7,NA,2139,1,1,0,NA,1,0,NA,1,1,NA,1,1,NA,1,1,N,1,1,NA,NA,NA,NA,NA,NA,NA,NA,NA,ARFR4-SOS-CO932-314-JEFFERSON-12,#FEE08B,-105.3553333,39.40902778,10 - 15 Deg. F. / 3 - 6,,10 - 15 Deg. F.,6-Mar,10 - 15 Deg. F. / 3 - 6,10 - 15 / semi-humid,CO.2,#66e566,"semi-humid, cool",#FEE08B,E,NA,NA
ARFR-AZ930-423-NAVAJO-18,white,10,40,8,NA,2140,1,1,0,NA,1,0,NA,1,0,NA,1,0,NA,1,1,N,1,1,NA,NA,NA,NA,NA,NA,NA,NA,NA,ARFR4-SOS-AZ930-423-NAVAJO-18,#9E0142,-110.431,36.45877,15 - 20 Deg. F. / 6 - 12,SdZones downloaded 20230823,15 - 20 Deg. F.,12-Jun,15 - 20 Deg. F. / 6 - 12,15 - 20 / semi-arid,AZ.1,#ee5c42,"semi-arid, warm",#9E0142,A,NA,NA
ARFR-WY040-71-10,white,10,40,9,NA,2141,1,0,NA,NA,0,NA,NA,0,NA,NA,0,NA,NA,NA,NA,N,NA,NA,NA,NA,NA,NA,NA,NA,Y,Y,Harvested,ARFR4-SOS-WY040-71-10,#66C2A5,-109.2433156,41.13271889,5 - 10 Deg. F. / 3 - 6,,5 - 10 Deg. F.,6-Mar,5 - 10 Deg. F. / 3 - 6,5 - 10 / semi-humid,WY.1,#a5c2f1,"semi-humid, cold",#66C2A5,I,NA,Y
ARFR-CO932-294-11,white,10,40,10,371,2142,1,1,0,NA,1,0,NA,1,0,NA,1,0,NA,1,1,N,1,1,NA,NA,NA,NA,NA,NA,NA,NA,NA,ARFR4-SOS-CO932-294-11,#ABDDA4,-105.2030833,39.78458333,15 - 20 Deg. F. / 3 - 6,,15 - 20 Deg. F.,6-Mar,15 - 20 Deg. F. / 3 - 6,15 - 20 / semi-humid,CO.4,#698b69,"semi-humid, warm",#ABDDA4,H,NA,NA
ARFR-WY050-151-FREMONT-16,white,10,40,11,NA,2143,1,1,0,NA,1,0,NA,1,0,NA,1,0,NA,1,1,N,1,1,NA,NA,NA,NA,NA,NA,NA,NA,NA,ARFR4-SOS-WY050-151-FREMONT-16,#3288BD,-108.1704472,42.47886111,10 - 15 Deg. F. / 6 - 12,,10 - 15 Deg. F.,12-Jun,10 - 15 Deg. F. / 6 - 12,10 - 15 / semi-arid,WY.2,#cd8500,"semi-arid, cool",#3288BD,J,NA,NA
ARFR-CO932-314-JEFFERSON-12,white,10,40,12,NA,2144,1,1,0,NA,1,0,NA,1,1,NA,1,1,NA,1,1,N,1,1,NA,NA,NA,NA,NA,NA,NA,NA,NA,ARFR4-SOS-CO932-314-JEFFERSON-12,#FEE08B,-105.3553333,39.40902778,10 - 15 Deg. F. / 3 - 6,,10 - 15 Deg. F.,6-Mar,10 - 15 Deg. F. / 3 - 6,10 - 15 / semi-humid,CO.2,#66e566,"semi-humid, cool",#FEE08B,E,NA,NA
ARFR-CO932-316-JEFFERSON-12,white,10,40,13,NA,2145,1,1,0,NA,1,1,NA,1,1,NA,1,1,NA,1,1,N,1,1,NA,NA,NA,NA,NA,NA,NA,NA,NA,ARFR4-SOS-CO932-316-JEFFERSON-12,#FFFF85,-105.358,39.66325,15 - 20 Deg. F. / 3 - 6,,15 - 20 Deg. F.,6-Mar,15 - 20 Deg. F. / 3 - 6,15 - 20 / semi-humid,CO.3,#698b69,"semi-humid, warm",#FFFF85,F,NA,NA
ARFR-WY040-71-10,white,10,40,14,NA,2146,1,1,1,NA,1,1,NA,1,1,NA,1,1,NA,1,1,Y,1,1,NA,NA,NA,NA,NA,NA,NA,NA,NA,ARFR4-SOS-WY040-71-10,#66C2A5,-109.2433156,41.13271889,5 - 10 Deg. F. / 3 - 6,,5 - 10 Deg. F.,6-Mar,5 - 10 Deg. F. / 3 - 6,5 - 10 / semi-humid,WY.1,#a5c2f1,"semi-humid, cold",#66C2A5,I,NA,NA
ARFR-UT080-109-UINTAH-12,white,10,40,15,372,2147,1,1,0,NA,1,1,NA,1,1,NA,1,1,NA,1,1,N,1,1,NA,NA,NA,NA,NA,NA,NA,NA,NA,ARFR4-SOS-UT080-109-UINTAH-12,#aabe7f,-109.1426444,39.70802222,10 - 15 Deg. F. / 3 - 6,,10 - 15 Deg. F.,6-Mar,10 - 15 Deg. F. / 3 - 6,10 - 15 / semi-humid,UT.1,#66e566,"semi-humid, cool",#aabe7f,G,NA,NA
ARFR-AZ930-422-NAVAJO-18,white,10,40,16,NA,2148,1,1,0,NA,1,0,NA,1,1,NA,1,1,NA,1,1,N,1,1,NA,NA,NA,NA,NA,NA,NA,NA,NA,ARFR4-SOS-AZ930-422-NAVAJO-18,#D53E4F,-110.431,36.56805,15 - 20 Deg. F. / 6 - 12,Lats corrected 20230127,15 - 20 Deg. F.,12-Jun,15 - 20 Deg. F. / 6 - 12,15 - 20 / semi-arid,AZ.2,#ee5c42,"semi-arid, warm",#D53E4F,B,NA,NA
ARFR-AZ930-422-NAVAJO-18,white,10,40,17,NA,2149,0,0,NA,NA,0,NA,NA,0,NA,NA,0,NA,NA,0,NA,N,0,NA,NA,NA,NA,NA,NA,NA,NA,NA,NA,ARFR4-SOS-AZ930-422-NAVAJO-18,#D53E4F,-110.431,36.56805,15 - 20 Deg. F. / 6 - 12,Lats corrected 20230127,15 - 20 Deg. F.,12-Jun,15 - 20 Deg. F. / 6 - 12,15 - 20 / semi-arid,AZ.2,#ee5c42,"semi-arid, warm",#D53E4F,B,NA,NA
ARFR-WY930-44-LASANIMAS-13,white,10,40,18,NA,2150,1,1,0,NA,1,0,NA,1,0,NA,1,0,NA,1,1,N,1,1,NA,NA,NA,NA,NA,NA,NA,NA,NA,ARFR4-SOS-WY930-44-LASANIMAS-13,#FDAE61,-104.6423889,37.16547222,15 - 20 Deg. F. / 3 - 6,,15 - 20 Deg. F.,6-Mar,15 - 20 Deg. F. / 3 - 6,15 - 20 / semi-humid,CO.1,#698b69,"semi-humid, warm",#FDAE61,D,NA,NA
ARFR-NM930N-66-11,white,10,40,19,NA,2151,1,1,0,NA,1,0,NA,1,1,NA,1,1,NA,1,1,N,1,1,NA,NA,NA,NA,NA,NA,NA,NA,NA,ARFR4-SOS-NM930N-66-11,#F46D43,-107.2045028,36.76818611,10 - 15 Deg. F. / 3 - 6,,10 - 15 Deg. F.,6-Mar,10 - 15 Deg. F. / 3 - 6,10 - 15 / semi-humid,NM.1,#66e566,"semi-humid, cool",#F46D43,C,NA,NA
ARFR-WY050-49-FREMONT-12,white,10,40,20,373,2152,1,1,0,NA,1,0,NA,1,1,NA,1,1,NA,1,1,N,1,1,NA,NA,NA,NA,NA,NA,NA,NA,NA,ARFR4-SOS-WY050-49-FREMONT-12,#5E4FA2,-109.34775,43.42663611,5 - 10 Deg. F. / 6 - 12,,5 - 10 Deg. F.,12-Jun,5 - 10 Deg. F. / 6 - 12,5 - 10 / semi-arid,WY.3,#ffb90f,"semi-arid, cold",#5E4FA2,K,NA,NA
ARFR-UT080-109-UINTAH-12,white,10,40,21,NA,2153,1,1,0,NA,1,1,NA,1,1,NA,1,1,NA,1,1,N,1,1,NA,NA,NA,NA,NA,NA,NA,NA,NA,ARFR4-SOS-UT080-109-UINTAH-12,#aabe7f,-109.1426444,39.70802222,10 - 15 Deg. F. / 3 - 6,,10 - 15 Deg. F.,6-Mar,10 - 15 Deg. F. / 3 - 6,10 - 15 / semi-humid,UT.1,#66e566,"semi-humid, cool",#aabe7f,G,NA,NA
ARFR-UT080-109-UINTAH-12,white,10,40,22,NA,2154,1,1,0,NA,1,1,NA,1,1,NA,1,1,NA,1,1,N,1,1,NA,NA,NA,NA,NA,NA,NA,NA,NA,ARFR4-SOS-UT080-109-UINTAH-12,#aabe7f,-109.1426444,39.70802222,10 - 15 Deg. F. / 3 - 6,,10 - 15 Deg. F.,6-Mar,10 - 15 Deg. F. / 3 - 6,10 - 15 / semi-humid,UT.1,#66e566,"semi-humid, cool",#aabe7f,G,NA,NA
ARFR-WY040-71-10,white,10,40,23,NA,2155,1,1,1,NA,1,1,NA,1,1,NA,1,1,NA,1,1,N,1,1,NA,NA,NA,NA,NA,NA,NA,NA,NA,ARFR4-SOS-WY040-71-10,#66C2A5,-109.2433156,41.13271889,5 - 10 Deg. F. / 3 - 6,,5 - 10 Deg. F.,6-Mar,5 - 10 Deg. F. / 3 - 6,5 - 10 / semi-humid,WY.1,#a5c2f1,"semi-humid, cold",#66C2A5,I,NA,NA
ARFR-NM930N-66-11,white,10,40,24,NA,2156,1,1,0,NA,1,1,NA,1,1,NA,1,1,NA,1,1,N,1,1,NA,NA,NA,NA,NA,NA,NA,NA,NA,ARFR4-SOS-NM930N-66-11,#F46D43,-107.2045028,36.76818611,10 - 15 Deg. F. / 3 - 6,,10 - 15 Deg. F.,6-Mar,10 - 15 Deg. F. / 3 - 6,10 - 15 / semi-humid,NM.1,#66e566,"semi-humid, cool",#F46D43,C,NA,NA
ARFR-AZ930-422-NAVAJO-18,white,10,40,25,374,2157,1,1,1,NA,1,1,NA,1,1,NA,1,1,NA,1,1,N,1,1,NA,NA,NA,NA,NA,NA,NA,NA,NA,ARFR4-SOS-AZ930-422-NAVAJO-18,#D53E4F,-110.431,36.56805,15 - 20 Deg. F. / 6 - 12,Lats corrected 20230127,15 - 20 Deg. F.,12-Jun,15 - 20 Deg. F. / 6 - 12,15 - 20 / semi-arid,AZ.2,#ee5c42,"semi-arid, warm",#D53E4F,B,NA,NA
ARFR-AZ930-422-NAVAJO-18,white,10,40,26,NA,2158,1,1,1,NA,1,1,NA,1,1,NA,1,1,NA,1,1,N,1,1,NA,NA,NA,NA,NA,NA,NA,NA,NA,ARFR4-SOS-AZ930-422-NAVAJO-18,#D53E4F,-110.431,36.56805,15 - 20 Deg. F. / 6 - 12,Lats corrected 20230127,15 - 20 Deg. F.,12-Jun,15 - 20 Deg. F. / 6 - 12,15 - 20 / semi-arid,AZ.2,#ee5c42,"semi-arid, warm",#D53E4F,B,NA,NA
ARFR-NM930N-66-11,white,10,40,27,NA,2159,1,1,1,NA,1,0,NA,1,1,NA,1,1,NA,1,1,N,1,1,NA,NA,NA,NA,NA,NA,NA,NA,NA,ARFR4-SOS-NM930N-66-11,#F46D43,-107.2045028,36.76818611,10 - 15 Deg. F. / 3 - 6,,10 - 15 Deg. F.,6-Mar,10 - 15 Deg. F. / 3 - 6,10 - 15 / semi-humid,NM.1,#66e566,"semi-humid, cool",#F46D43,C,NA,NA
ARFR-WY930-44-LASANIMAS-13,white,10,40,28,NA,2160,1,1,0,NA,1,0,NA,1,1,NA,1,1,NA,1,1,N,1,1,NA,NA,NA,NA,NA,NA,NA,NA,NA,ARFR4-SOS-WY930-44-LASANIMAS-13,#FDAE61,-104.6423889,37.16547222,15 - 20 Deg. F. / 3 - 6,,15 - 20 Deg. F.,6-Mar,15 - 20 Deg. F. / 3 - 6,15 - 20 / semi-humid,CO.1,#698b69,"semi-humid, warm",#FDAE61,D,NA,NA
ARFR-WY050-49-FREMONT-12,white,10,40,29,NA,2161,1,1,0,NA,1,0,NA,1,1,NA,1,1,NA,1,1,N,1,1,NA,NA,NA,NA,NA,NA,NA,NA,NA,ARFR4-SOS-WY050-49-FREMONT-12,#5E4FA2,-109.34775,43.42663611,5 - 10 Deg. F. / 6 - 12,,5 - 10 Deg. F.,12-Jun,5 - 10 Deg. F. / 6 - 12,5 - 10 / semi-arid,WY.3,#ffb90f,"semi-arid, cold",#5E4FA2,K,NA,NA
ARFR-AZ930-422-NAVAJO-18,white,10,40,30,375,2162,1,1,0,NA,1,0,NA,1,1,NA,1,1,NA,1,1,N,1,1,NA,NA,NA,NA,NA,NA,NA,NA,NA,ARFR4-SOS-AZ930-422-NAVAJO-18,#D53E4F,-110.431,36.56805,15 - 20 Deg. F. / 6 - 12,Lats corrected 20230127,15 - 20 Deg. F.,12-Jun,15 - 20 Deg. F. / 6 - 12,15 - 20 / semi-arid,AZ.2,#ee5c42,"semi-arid, warm",#D53E4F,B,NA,NA
ARFR-AZ930-422-NAVAJO-18,white,10,40,31,NA,2163,1,0,NA,NA,0,NA,NA,0,NA,NA,0,NA,NA,NA,NA,N,NA,NA,NA,NA,NA,NA,NA,NA,Y,Y,Harvested,ARFR4-SOS-AZ930-422-NAVAJO-18,#D53E4F,-110.431,36.56805,15 - 20 Deg. F. / 6 - 12,Lats corrected 20230127,15 - 20 Deg. F.,12-Jun,15 - 20 Deg. F. / 6 - 12,15 - 20 / semi-arid,AZ.2,#ee5c42,"semi-arid, warm",#D53E4F,B,NA,Y
ARFR-CO932-316-JEFFERSON-12,white,10,40,32,NA,2164,1,1,0,NA,1,1,NA,1,1,NA,1,1,NA,1,1,N,1,1,NA,NA,NA,NA,NA,NA,NA,NA,NA,ARFR4-SOS-CO932-316-JEFFERSON-12,#FFFF85,-105.358,39.66325,15 - 20 Deg. F. / 3 - 6,,15 - 20 Deg. F.,6-Mar,15 - 20 Deg. F. / 3 - 6,15 - 20 / semi-humid,CO.3,#698b69,"semi-humid, warm",#FFFF85,F,NA,NA
ARFR-WY040-71-10,white,10,40,33,NA,2165,1,1,1,NA,1,0,NA,1,1,NA,1,1,NA,1,1,N,1,1,NA,NA,NA,NA,NA,NA,NA,NA,NA,ARFR4-SOS-WY040-71-10,#66C2A5,-109.2433156,41.13271889,5 - 10 Deg. F. / 3 - 6,,5 - 10 Deg. F.,6-Mar,5 - 10 Deg. F. / 3 - 6,5 - 10 / semi-humid,WY.1,#a5c2f1,"semi-humid, cold",#66C2A5,I,NA,NA
ARFR-WY930-44-LASANIMAS-13,white,10,40,34,NA,2166,1,1,0,NA,1,0,NA,1,1,NA,1,1,NA,1,1,N,1,1,NA,NA,NA,NA,NA,NA,NA,NA,NA,ARFR4-SOS-WY930-44-LASANIMAS-13,#FDAE61,-104.6423889,37.16547222,15 - 20 Deg. F. / 3 - 6,,15 - 20 Deg. F.,6-Mar,15 - 20 Deg. F. / 3 - 6,15 - 20 / semi-humid,CO.1,#698b69,"semi-humid, warm",#FDAE61,D,NA,NA
ARFR-CO932-316-JEFFERSON-12,white,10,40,35,376,2167,1,1,0,NA,1,1,NA,1,1,NA,1,1,NA,1,1,N,1,1,NA,NA,NA,NA,NA,NA,NA,NA,NA,ARFR4-SOS-CO932-316-JEFFERSON-12,#FFFF85,-105.358,39.66325,15 - 20 Deg. F. / 3 - 6,,15 - 20 Deg. F.,6-Mar,15 - 20 Deg. F. / 3 - 6,15 - 20 / semi-humid,CO.3,#698b69,"semi-humid, warm",#FFFF85,F,NA,NA
ARFR-AZ930-422-NAVAJO-18,white,10,40,36,NA,2168,1,1,0,NA,1,0,NA,1,1,NA,1,1,NA,1,1,N,1,1,NA,NA,NA,NA,NA,NA,NA,NA,NA,ARFR4-SOS-AZ930-422-NAVAJO-18,#D53E4F,-110.431,36.56805,15 - 20 Deg. F. / 6 - 12,Lats corrected 20230127,15 - 20 Deg. F.,12-Jun,15 - 20 Deg. F. / 6 - 12,15 - 20 / semi-arid,AZ.2,#ee5c42,"semi-arid, warm",#D53E4F,B,NA,NA
ARFR-WY050-151-FREMONT-16,white,10,40,37,NA,2169,1,1,0,NA,1,0,NA,1,1,NA,1,1,NA,1,1,N,1,1,NA,NA,NA,NA,NA,NA,NA,NA,NA,ARFR4-SOS-WY050-151-FREMONT-16,#3288BD,-108.1704472,42.47886111,10 - 15 Deg. F. / 6 - 12,,10 - 15 Deg. F.,12-Jun,10 - 15 Deg. F. / 6 - 12,10 - 15 / semi-arid,WY.2,#cd8500,"semi-arid, cool",#3288BD,J,NA,NA
ARFR-UT080-109-UINTAH-12,white,10,40,38,NA,2170,0,0,NA,NA,0,NA,NA,0,NA,NA,0,NA,NA,0,NA,N,0,NA,NA,NA,NA,NA,NA,NA,NA,NA,NA,ARFR4-SOS-UT080-109-UINTAH-12,#aabe7f,-109.1426444,39.70802222,10 - 15 Deg. F. / 3 - 6,,10 - 15 Deg. F.,6-Mar,10 - 15 Deg. F. / 3 - 6,10 - 15 / semi-humid,UT.1,#66e566,"semi-humid, cool",#aabe7f,G,NA,NA
ARFR-CO932-294-11,white,10,40,39,NA,2171,1,1,0,NA,1,0,NA,1,0,NA,1,0,NA,1,1,N,1,1,NA,NA,NA,NA,NA,NA,NA,NA,NA,ARFR4-SOS-CO932-294-11,#ABDDA4,-105.2030833,39.78458333,15 - 20 Deg. F. / 3 - 6,,15 - 20 Deg. F.,6-Mar,15 - 20 Deg. F. / 3 - 6,15 - 20 / semi-humid,CO.4,#698b69,"semi-humid, warm",#ABDDA4,H,NA,NA
ARFR-WY050-49-FREMONT-12,white,10,40,40,377,2172,1,1,0,NA,1,0,NA,1,1,NA,1,1,NA,1,1,N,1,1,NA,NA,NA,NA,NA,NA,NA,NA,NA,ARFR4-SOS-WY050-49-FREMONT-12,#5E4FA2,-109.34775,43.42663611,5 - 10 Deg. F. / 6 - 12,,5 - 10 Deg. F.,12-Jun,5 - 10 Deg. F. / 6 - 12,5 - 10 / semi-arid,WY.3,#ffb90f,"semi-arid, cold",#5E4FA2,K,NA,NA
ARFR-CO932-314-JEFFERSON-12,white,10,40,41,NA,2173,1,0,NA,NA,0,NA,NA,0,NA,NA,0,NA,NA,NA,NA,N,NA,NA,NA,NA,NA,NA,NA,NA,Y,Y,Harvested,ARFR4-SOS-CO932-314-JEFFERSON-12,#FEE08B,-105.3553333,39.40902778,10 - 15 Deg. F. / 3 - 6,,10 - 15 Deg. F.,6-Mar,10 - 15 Deg. F. / 3 - 6,10 - 15 / semi-humid,CO.2,#66e566,"semi-humid, cool",#FEE08B,E,NA,Y
ARFR-WY050-49-FREMONT-12,white,10,40,42,NA,2174,1,1,0,NA,1,0,NA,1,1,NA,1,1,NA,1,1,N,1,1,NA,NA,NA,NA,NA,NA,NA,NA,NA,ARFR4-SOS-WY050-49-FREMONT-12,#5E4FA2,-109.34775,43.42663611,5 - 10 Deg. F. / 6 - 12,,5 - 10 Deg. F.,12-Jun,5 - 10 Deg. F. / 6 - 12,5 - 10 / semi-arid,WY.3,#ffb90f,"semi-arid, cold",#5E4FA2,K,NA,NA
ARFR-CO932-316-JEFFERSON-12,white,10,40,43,NA,2175,1,1,0,NA,1,0,NA,1,0,NA,1,1,NA,1,1,N,1,1,NA,NA,NA,NA,NA,NA,NA,NA,NA,ARFR4-SOS-CO932-316-JEFFERSON-12,#FFFF85,-105.358,39.66325,15 - 20 Deg. F. / 3 - 6,,15 - 20 Deg. F.,6-Mar,15 - 20 Deg. F. / 3 - 6,15 - 20 / semi-humid,CO.3,#698b69,"semi-humid, warm",#FFFF85,F,NA,NA
ARFR-CO932-294-11,white,10,40,44,NA,2176,1,1,0,NA,1,0,NA,1,0,NA,1,0,NA,1,1,N,1,1,NA,NA,NA,NA,NA,NA,NA,NA,NA,ARFR4-SOS-CO932-294-11,#ABDDA4,-105.2030833,39.78458333,15 - 20 Deg. F. / 3 - 6,,15 - 20 Deg. F.,6-Mar,15 - 20 Deg. F. / 3 - 6,15 - 20 / semi-humid,CO.4,#698b69,"semi-humid, warm",#ABDDA4,H,NA,NA
ARFR-CO932-294-11,white,10,40,45,378,2177,1,1,0,NA,1,1,NA,1,0,NA,1,0,remove phenology for this plant as seems inconsistent? ,1,1,N,1,1,NA,NA,NA,NA,NA,Y,NA,NA,NA,ARFR4-SOS-CO932-294-11,#ABDDA4,-105.2030833,39.78458333,15 - 20 Deg. F. / 3 - 6,,15 - 20 Deg. F.,6-Mar,15 - 20 Deg. F. / 3 - 6,15 - 20 / semi-humid,CO.4,#698b69,"semi-humid, warm",#ABDDA4,H,NA,NA
ARFR-WY930-44-LASANIMAS-13,white,10,40,46,NA,2178,1,1,0,NA,1,0,NA,1,0,NA,1,0,NA,1,1,N,1,1,NA,NA,NA,NA,NA,NA,NA,NA,NA,ARFR4-SOS-WY930-44-LASANIMAS-13,#FDAE61,-104.6423889,37.16547222,15 - 20 Deg. F. / 3 - 6,,15 - 20 Deg. F.,6-Mar,15 - 20 Deg. F. / 3 - 6,15 - 20 / semi-humid,CO.1,#698b69,"semi-humid, warm",#FDAE61,D,NA,NA
ARFR-WY040-71-10,white,10,40,47,NA,2179,1,1,0,NA,1,0,NA,1,1,NA,1,1,NA,1,1,N,1,1,NA,NA,NA,NA,NA,NA,NA,NA,NA,ARFR4-SOS-WY040-71-10,#66C2A5,-109.2433156,41.13271889,5 - 10 Deg. F. / 3 - 6,,5 - 10 Deg. F.,6-Mar,5 - 10 Deg. F. / 3 - 6,5 - 10 / semi-humid,WY.1,#a5c2f1,"semi-humid, cold",#66C2A5,I,NA,NA
ARFR-CO932-316-JEFFERSON-12,white,10,40,48,NA,2180,1,1,0,NA,1,1,NA,1,0,NA,1,0,NA,1,1,N,1,1,NA,NA,NA,NA,NA,NA,NA,NA,NA,ARFR4-SOS-CO932-316-JEFFERSON-12,#FFFF85,-105.358,39.66325,15 - 20 Deg. F. / 3 - 6,,15 - 20 Deg. F.,6-Mar,15 - 20 Deg. F. / 3 - 6,15 - 20 / semi-humid,CO.3,#698b69,"semi-humid, warm",#FFFF85,F,NA,NA
ARFR-WY930-44-LASANIMAS-13,white,10,40,49,NA,2181,1,1,0,NA,1,0,NA,1,0,NA,1,0,NA,1,1,N,1,1,NA,NA,NA,NA,NA,NA,NA,NA,NA,ARFR4-SOS-WY930-44-LASANIMAS-13,#FDAE61,-104.6423889,37.16547222,15 - 20 Deg. F. / 3 - 6,,15 - 20 Deg. F.,6-Mar,15 - 20 Deg. F. / 3 - 6,15 - 20 / semi-humid,CO.1,#698b69,"semi-humid, warm",#FDAE61,D,NA,NA
ARFR-CO932-314-JEFFERSON-12,white,10,40,50,379,2182,1,1,0,NA,1,0,NA,1,0,NA,1,1,NA,1,1,N,1,1,NA,NA,NA,NA,NA,NA,NA,NA,NA,ARFR4-SOS-CO932-314-JEFFERSON-12,#FEE08B,-105.3553333,39.40902778,10 - 15 Deg. F. / 3 - 6,,10 - 15 Deg. F.,6-Mar,10 - 15 Deg. F. / 3 - 6,10 - 15 / semi-humid,CO.2,#66e566,"semi-humid, cool",#FEE08B,E,NA,NA
ARFR-WY050-151-FREMONT-16,white,10,40,51,NA,2183,1,1,0,NA,1,0,NA,1,0,NA,1,1,NA,1,1,N,1,1,NA,NA,NA,NA,NA,NA,NA,NA,NA,ARFR4-SOS-WY050-151-FREMONT-16,#3288BD,-108.1704472,42.47886111,10 - 15 Deg. F. / 6 - 12,,10 - 15 Deg. F.,12-Jun,10 - 15 Deg. F. / 6 - 12,10 - 15 / semi-arid,WY.2,#cd8500,"semi-arid, cool",#3288BD,J,NA,NA
